round,test_accuracy,train_objective,mfg,hfr_tau,downlink_bytes,uplink_bytes,cumulative_serialized_bytes,single_device_elapsed_seconds
0,0.5040207454231663,0.5942771852868369,0.044890640709942996,0.22,1800000,18000000,19800000,0.65
1,0.5110699574674049,0.5881215109091923,0.04605133988779403,0.2192678875319951,1800000,18000000,39600000,1.3
2,0.5166241293996521,0.5860015515903804,0.04417447515047661,0.21853821137610757,1800000,18000000,59400000,1.9500000000000002
3,0.5229580637768692,0.5790281446046832,0.04490176995436015,0.21781096342481698,1800000,18000000,79200000,2.6
4,0.5254707999258185,0.5754283199649621,0.04408969640764981,0.21708613559758305,1800000,18000000,99000000,3.25
5,0.5328508748921402,0.5687411229422689,0.04369413907447794,0.21636371984075584,1800000,18000000,118800000,3.9000000000000004
6,0.5380066126691329,0.5574177588271372,0.04370636762877795,0.21564370812748615,1800000,18000000,138600000,4.55
7,0.5430341822603533,0.5553747400554374,0.04338427768424326,0.21492609245763647,1800000,18000000,158400000,5.2
8,0.5479588663384671,0.549569118367313,0.043576234142056434,0.2142108648576919,1800000,18000000,178200000,5.8500000000000005
9,0.5544193213708687,0.5444089371411291,0.0438947476679385,0.21349801738067178,1800000,18000000,198000000,6.5
10,0.5580163143355741,0.5454993631444089,0.04390127310127357,0.2127875421060413,1800000,18000000,217800000,7.15
11,0.558691697231624,0.542269686383704,0.042524973260563176,0.21207943113962338,1800000,18000000,237600000,7.800000000000001
12,0.5659006555341728,0.5291019331744732,0.04283167548544523,0.2113736766135111,1800000,18000000,257400000,8.450000000000001
13,0.5761167175195762,0.5242602656372884,0.04342429618001691,0.2106702706859803,1800000,18000000,277200000,9.1
14,0.5786918287933294,0.5174287750712453,0.043219212307908955,0.20996920554140228,1800000,18000000,297000000,9.75
15,0.5819096638544944,0.5214391132149666,0.04198863727245436,0.20927047339015709,1800000,18000000,316800000,10.4
16,0.58405481327959,0.5130056543148875,0.042892036715946824,0.208574066468547,1800000,18000000,336600000,11.05
17,0.5887923239506379,0.5130764530441059,0.04129208507951405,0.2078799770387102,1800000,18000000,356400000,11.700000000000001
18,0.5939726723937411,0.5054753783823843,0.042492481530847975,0.20718819738853472,1800000,18000000,376200000,12.35
19,0.5982919181293735,0.5027739460165616,0.041841465839808474,0.2064987198315729,1800000,18000000,396000000,13.0
20,0.6020150909887708,0.5034920959490087,0.04093116820808764,0.2058115367069559,1800000,18000000,415800000,13.65
21,0.6055658095806238,0.4982222130152498,0.04224105358535064,0.2051266403793086,1800000,18000000,435600000,14.3
22,0.6107450041243141,0.49039099913849366,0.03965156868426507,0.20444402323866478,1800000,18000000,455400000,14.950000000000001
23,0.6144255535308842,0.4879122747449679,0.04162538071544919,0.20376367770038248,1800000,18000000,475200000,15.600000000000001
24,0.617033378806499,0.4857903021850943,0.041419282722907264,0.20308559620505987,1800000,18000000,495000000,16.25
25,0.6199753890698505,0.48485894896985837,0.04088572573601439,0.20240977121845113,1800000,18000000,514800000,16.900000000000002
26,0.6200513815595113,0.47674798234858773,0.04154193698523886,0.20173619523138275,1800000,18000000,534600000,17.55
27,0.6293235698031399,0.4666588988795258,0.04101056215508333,0.2010648607596702,1800000,18000000,554400000,18.2
28,0.632980013506526,0.46273510492980696,0.041748071000429994,0.20039576034403467,1800000,18000000,574200000,18.85
29,0.6342503953901468,0.4637575143709004,0.03893710825473378,0.19972888655002022,1800000,18000000,594000000,19.5
30,0.6373173278671236,0.46214653473392364,0.03996104051993377,0.1990642319679111,1800000,18000000,613800000,20.150000000000002
31,0.6449939890971331,0.4517218436270792,0.041760757570524665,0.19840178921264964,1800000,18000000,633600000,20.8
32,0.6453962795546129,0.452599059899614,0.037873258161594335,0.19774155092375395,1800000,18000000,653400000,21.45
33,0.6458613930683461,0.45498112051111156,0.03881852386349515,0.1970835097652362,1800000,18000000,673200000,22.1
34,0.6530393147885337,0.44892393329383673,0.03928117122905317,0.19642765842552126,1800000,18000000,693000000,22.75
35,0.654797042198016,0.43934243659501404,0.039635648350008046,0.19577398961736522,1800000,18000000,712800000,23.400000000000002
36,0.6575389995761236,0.43956633768939807,0.03971135984432768,0.19512249607777465,1800000,18000000,732600000,24.05
37,0.6618741128817893,0.44252741087651043,0.03752504025146896,0.1944731705679257,1800000,18000000,752400000,24.7
38,0.6625115614972376,0.434602268516267,0.03915536695678934,0.1938260058730838,1800000,18000000,772200000,25.35
39,0.6626681992810308,0.43641728877731956,0.039194423533486206,0.1931809948025235,1800000,18000000,792000000,26.0
40,0.6685113384470689,0.4281762657648125,0.039167161039727005,0.19253813018944846,1800000,18000000,811800000,26.650000000000002
41,0.6741475928627333,0.4296154905056612,0.03867796865887583,0.19189740489091192,1800000,18000000,831600000,27.3
42,0.6789450198914062,0.42392717031777005,0.03930344530688874,0.1912588117877373,1800000,18000000,851400000,27.95
43,0.6817563694483817,0.4167393775273962,0.03873536541233488,0.1906223437844391,1800000,18000000,871200000,28.6
44,0.6805694745034833,0.42294509683398607,0.03611213908333474,0.1899879938091441,1800000,18000000,891000000,29.25
45,0.6826287782260658,0.41374759476316186,0.03638503210281375,0.18935575481351272,1800000,18000000,910800000,29.900000000000002
46,0.6895681054696791,0.4098498495029877,0.03876623757026064,0.1887256197726607,1800000,18000000,930600000,30.55
47,0.6895390537220351,0.41269578898465087,0.03622222667583474,0.1880975816850811,1800000,18000000,950400000,31.200000000000003
48,0.689796876540187,0.40651954093094855,0.038126405201673354,0.1874716335725665,1800000,18000000,970200000,31.85
49,0.6934814597686929,0.4098008283484068,0.0373367853616778,0.18684776848013143,1800000,18000000,990000000,32.5
50,0.6968032364267145,0.40571615908248143,0.03744738504587053,0.1862259794759351,1800000,18000000,1009800000,33.15
51,0.6985044937467283,0.4019023697764825,0.03682527718470272,0.18560625965120442,1800000,18000000,1029600000,33.800000000000004
52,0.7009690375695352,0.3940975724506867,0.03662352235359656,0.18498860212015716,1800000,18000000,1049400000,34.45
53,0.7049237425067574,0.39188360361319763,0.03525398422202915,0.18437300001992551,1800000,18000000,1069200000,35.1
54,0.7088328446431801,0.39325880833635857,0.03633249409666692,0.18375944651047985,1800000,18000000,1089000000,35.75
55,0.7120841951498048,0.38338307671447697,0.035663963589430865,0.1831479347745526,1800000,18000000,1108800000,36.4
56,0.7097069429979558,0.3863701109125158,0.036048217990346104,0.18253845801756263,1800000,18000000,1128600000,37.050000000000004
57,0.714025055247402,0.38520883764296066,0.034788595103305835,0.1819310094675397,1800000,18000000,1148400000,37.7
58,0.7160313109346207,0.3831283001680651,0.035155073146263066,0.18132558237504928,1800000,18000000,1168200000,38.35
59,0.7171998979784429,0.3873134977855065,0.03432963905638743,0.18072217001311738,1800000,18000000,1188000000,39.0
60,0.7192728696118144,0.37915553430082133,0.0337690816418506,0.18012076567715601,1800000,18000000,1207800000,39.65
61,0.7206063995494878,0.3786161713743775,0.03563818257072904,0.1795213626848886,1800000,18000000,1227600000,40.300000000000004
62,0.7222298753612308,0.38079355666804976,0.035420959118570336,0.17892395437627573,1800000,18000000,1247400000,40.95
63,0.7269757137577249,0.3671041073033833,0.03675180787071618,0.17832853411344116,1800000,18000000,1267200000,41.6
64,0.7276927635574311,0.37538432025853774,0.03505532201071202,0.17773509528059805,1800000,18000000,1287000000,42.25
65,0.729306253095913,0.36695755618647735,0.03554525259846493,0.17714363128397553,1800000,18000000,1306800000,42.9
66,0.7320904786279047,0.36710233273186754,0.03376902310595619,0.17655413555174526,1800000,18000000,1326600000,43.550000000000004
67,0.7345151278973514,0.35745824854467173,0.03422259016182926,0.17596660153394866,1800000,18000000,1346400000,44.2
68,0.7359470110542159,0.36116568416106015,0.034740931323043414,0.1753810227024239,1800000,18000000,1366200000,44.85
69,0.7362215968754069,0.3601185186854878,0.03521528483386317,0.17479739255073348,1800000,18000000,1386000000,45.5
70,0.7390365094699256,0.3648304671788418,0.03352209355273314,0.17421570459409197,1800000,18000000,1405800000,46.15
71,0.7412405861355583,0.3630761538492068,0.034283623372286846,0.17363595236929383,1800000,18000000,1425600000,46.800000000000004
72,0.7447425141188511,0.3567143618479846,0.03384668419279105,0.17305812943464177,1800000,18000000,1445400000,47.45
73,0.743962748321882,0.35669718126458677,0.034717433361818005,0.17248222936987492,1800000,18000000,1465200000,48.1
74,0.7466135263786579,0.35460789967287054,0.03407552142912453,0.1719082457760978,1800000,18000000,1485000000,48.75
75,0.747070612975553,0.3531031031847541,0.03490981189292416,0.17133617227570908,1800000,18000000,1504800000,49.4
76,0.7491457742965479,0.35133952098201826,0.03421191872161245,0.17076600251233054,1800000,18000000,1524600000,50.050000000000004
77,0.7492132022429984,0.35278542633697285,0.03407362166816575,0.17019773015073678,1800000,18000000,1544400000,50.7
78,0.7496611610367802,0.35172623576911444,0.0336015964466613,0.16963134887678458,1800000,18000000,1564200000,51.35
79,0.7509418313762575,0.3432266681120478,0.032261755470670915,0.16906685239734287,1800000,18000000,1584000000,52.0
80,0.7554867336191116,0.3487912765077204,0.03305258924381649,0.16850423444022272,1800000,18000000,1603800000,52.65
81,0.7542968215119856,0.3478504056940727,0.03367597743096262,0.1679434887541077,1800000,18000000,1623600000,53.300000000000004
82,0.7595072772569096,0.3427752017960562,0.03156854595143024,0.16738460910848446,1800000,18000000,1643400000,53.95
83,0.7599096457393334,0.3401392485058493,0.0330402831963354,0.16682758929357333,1800000,18000000,1663200000,54.6
84,0.7610680154134744,0.336518756482321,0.03444158204820596,0.1662724231202596,1800000,18000000,1683000000,55.25
85,0.7625757931119251,0.33441991049701897,0.029770972371819332,0.1657191044200245,1800000,18000000,1702800000,55.9
86,0.7625137956558997,0.3407882851735044,0.032325667644769504,0.16516762704487678,1800000,18000000,1722600000,56.550000000000004
87,0.7653087854352916,0.3349280146471849,0.03134412091507825,0.16461798486728435,1800000,18000000,1742400000,57.2
88,0.7660189449255282,0.3330324530871247,0.03184106814267631,0.16407017178010627,1800000,18000000,1762200000,57.85
89,0.7698391207211577,0.3337417839756494,0.030742211606609365,0.16352418169652483,1800000,18000000,1782000000,58.5
90,0.7715997158772309,0.3265164349900905,0.032463283071066724,0.16298000854997793,1800000,18000000,1801800000,59.15
91,0.7699330880172006,0.3289275748190432,0.03336229159894123,0.16243764629409166,1800000,18000000,1821600000,59.800000000000004
92,0.7718327840451827,0.3246779770833273,0.03091719773423451,0.16189708890261317,1800000,18000000,1841400000,60.45
93,0.7721983630577623,0.3231968343999706,0.03219195694233465,0.16135833036934363,1800000,18000000,1861200000,61.1
94,0.7752697019279658,0.3254823039750519,0.030289800497900206,0.1608213647080716,1800000,18000000,1881000000,61.75
95,0.7743594906714797,0.3241029110610594,0.031023253262677318,0.16028618595250646,1800000,18000000,1900800000,62.400000000000006
96,0.775001660385573,0.3205970742436236,0.03131554125475379,0.159752788156212,1800000,18000000,1920600000,63.050000000000004
97,0.7769551359171928,0.3206875229881671,0.030638571247309225,0.15922116539254064,1800000,18000000,1940400000,63.7
98,0.7763082721489543,0.3279981412700205,0.03204752201350168,0.15869131175456724,1800000,18000000,1960200000,64.35000000000001
99,0.780181612243915,0.3206815997604207,0.02873989588695557,0.15816322135502375,1800000,18000000,1980000000,65.0
100,0.7812942447553253,0.31814362522557804,0.02891606744370309,0.15763688832623365,1800000,18000000,1999800000,65.65
101,0.7803759984534647,0.3229023142038727,0.028652486742095366,0.1571123068200467,1800000,18000000,2019600000,66.3
102,0.7838097400607543,0.30873474119717503,0.028109505748910336,0.15658947100777412,1800000,18000000,2039400000,66.95
103,0.7864127207537893,0.3146518499071893,0.03160735245682926,0.1560683750801238,1800000,18000000,2059200000,67.60000000000001
104,0.7842141338827388,0.31631280630244224,0.029158915561780734,0.1555490132471355,1800000,18000000,2079000000,68.25
105,0.7834959040814289,0.31427894906302534,0.028775864878292198,0.15503137973811695,1800000,18000000,2098800000,68.9
106,0.7864628086484785,0.31111094079763724,0.02942136309789187,0.15451546880157935,1800000,18000000,2118600000,69.55
107,0.789364854396933,0.3076333573425637,0.028506206048597372,0.15400127470517364,1800000,18000000,2138400000,70.2
108,0.789520399506867,0.31056482070984703,0.0283931671059851,0.15348879173562682,1800000,18000000,2158200000,70.85000000000001
109,0.7892206909370271,0.3134435926368569,0.03047201248203439,0.1529780141986784,1800000,18000000,2178000000,71.5
110,0.7901168509363405,0.3146699449323776,0.028906992770940245,0.15246893641901713,1800000,18000000,2197800000,72.15
111,0.7947248638392604,0.30739853646208676,0.028706030514972027,0.15196155274021803,1800000,18000000,2217600000,72.8
112,0.7924271650081559,0.311841475529783,0.02955828043891054,0.1514558575246794,1800000,18000000,2237400000,73.45
113,0.7910770912932478,0.3078064517369863,0.03071911149195046,0.1509518451535604,1800000,18000000,2257200000,74.10000000000001
114,0.7950864260469136,0.3105771183563987,0.028886014615867414,0.15044951002671828,1800000,18000000,2277000000,74.75
115,0.7957885399303808,0.30623947964623616,0.02943709268154327,0.14994884656264654,1800000,18000000,2296800000,75.4
116,0.7998634806274834,0.29652333000809844,0.02785059472110614,0.14944984919841262,1800000,18000000,2316600000,76.05
117,0.7952322029428261,0.30755061451115356,0.02716299412622513,0.14895251238959623,1800000,18000000,2336400000,76.7
118,0.7967893569839324,0.301683521185977,0.02797003474394493,0.1484568306102277,1800000,18000000,2356200000,77.35000000000001
119,0.7985538838446274,0.2979036223464367,0.027505086854836113,0.14796279835272666,1800000,18000000,2376000000,78.0
120,0.7987829361497274,0.3006559901688165,0.02787063788194728,0.14747041012784065,1800000,18000000,2395800000,78.65
121,0.7978217425020125,0.3011043912807486,0.027618700209256893,0.14697966046458436,1800000,18000000,2415600000,79.3
122,0.8027458588150388,0.298298014884456,0.02808612898597768,0.14649054391017868,1800000,18000000,2435400000,79.95
123,0.8034229496559185,0.299262803847925,0.02514028193085983,0.14600305502999028,1800000,18000000,2455200000,80.60000000000001
124,0.804652151126081,0.2966527058390766,0.02858439799299026,0.14551718840747094,1800000,18000000,2475000000,81.25
125,0.8031109421777216,0.29928216262081914,0.027205034233273438,0.14503293864409764,1800000,18000000,2494800000,81.9
126,0.8052774840659044,0.29199392250370226,0.0270624426577143,0.1445503003593125,1800000,18000000,2514600000,82.55
127,0.8034309619511526,0.2980094261002875,0.02668984006665344,0.14406926819046292,1800000,18000000,2534400000,83.2
128,0.8085019603790194,0.28932847445791504,0.027370082768797762,0.14358983679274215,1800000,18000000,2554200000,83.85000000000001
129,0.807991293146875,0.2951023279827408,0.02840149183947916,0.14311200083912964,1800000,18000000,2574000000,84.5
130,0.8058030177641174,0.2970707328392704,0.026431204143131083,0.14263575502033213,1800000,18000000,2593800000,85.15
131,0.8071400106260357,0.2920265477715665,0.027761688326421893,0.14216109404472455,1800000,18000000,2613600000,85.8
132,0.8087409103007721,0.2890849322376345,0.026865194806859376,0.14168801263829112,1800000,18000000,2633400000,86.45
133,0.8084084146646658,0.29060094418831156,0.025959943316621305,0.14121650554456688,1800000,18000000,2653200000,87.10000000000001
134,0.8075627030496153,0.29102751574672775,0.026507185477622052,0.14074656752457937,1800000,18000000,2673000000,87.75
135,0.8086671387672577,0.29330508316962056,0.025489635720259536,0.14027819335679012,1800000,18000000,2692800000,88.4
136,0.8094735761897828,0.29145757447113474,0.02626731529071234,0.13981137783703693,1800000,18000000,2712600000,89.05
137,0.8119804868659433,0.2919263820048513,0.026293553667169626,0.13934611577847586,1800000,18000000,2732400000,89.7
138,0.8137205698713988,0.28348370031537373,0.025713804862878997,0.13888240201152371,1800000,18000000,2752200000,90.35000000000001
139,0.8128940057008354,0.29122826700144877,0.027435126954577164,0.13842023138380052,1800000,18000000,2772000000,91.0
140,0.8135803099628912,0.2888250040620033,0.025435908437151284,0.13795959876007233,1800000,18000000,2791800000,91.65
141,0.8108431195367624,0.2880391873783645,0.024887717993034603,0.13750049902219416,1800000,18000000,2811600000,92.3
142,0.8117333575654769,0.28857655536480054,0.02638496341311565,0.13704292706905308,1800000,18000000,2831400000,92.95
143,0.8137080820660998,0.28376621779854067,0.026957825460192292,0.13658687781651155,1800000,18000000,2851200000,93.60000000000001
144,0.8153153924400165,0.2884615217303146,0.02520167052903956,0.13613234619735098,1800000,18000000,2871000000,94.25
145,0.8149573504670361,0.27957583482147136,0.02465412198896668,0.1356793271612154,1800000,18000000,2890800000,94.9
146,0.8166371116996622,0.2799118153439309,0.026313052208890988,0.1352278156745552,1800000,18000000,2910600000,95.55
147,0.8167765940274611,0.28103652283484853,0.02607674777489058,0.13477780672057155,1800000,18000000,2930400000,96.2
148,0.8174146638729142,0.2797441719230495,0.024345444187167213,0.13432929529916027,1800000,18000000,2950200000,96.85000000000001
149,0.8173937711499538,0.28369196212500003,0.025308989092023018,0.13388227642685652,1800000,18000000,2970000000,97.5
150,0.8179819867712754,0.28343110012365325,0.024409206158030054,0.13343674513677936,1800000,18000000,2989800000,98.15
151,0.8188809049121407,0.28127624564031645,0.024875266934865723,0.1329926964785765,1800000,18000000,3009600000,98.8
152,0.8178865541054146,0.2797930785170885,0.02440907555367814,0.13255012551836945,1800000,18000000,3029400000,99.45
153,0.8176184436407604,0.28188758062963626,0.02352533970770244,0.1321090273386985,1800000,18000000,3049200000,100.10000000000001
154,0.8207635839412735,0.2853321548636219,0.02414965648649561,0.13166939703846825,1800000,18000000,3069000000,100.75
155,0.8199971333659418,0.27532568473835095,0.023628051987899225,0.13123122973289303,1800000,18000000,3088800000,101.4
156,0.8214223858719837,0.2776878523585681,0.024598982872411215,0.13079452055344276,1800000,18000000,3108600000,102.05
157,0.8248644852684144,0.2758628990642409,0.024878996746947112,0.13035926464778871,1800000,18000000,3128400000,102.7
158,0.8222862706695405,0.278425621592774,0.022867313465710914,0.12992545717974963,1800000,18000000,3148200000,103.35000000000001
159,0.8187695358533589,0.2792576340340198,0.022064553951720543,0.12949309332923814,1800000,18000000,3168000000,104.0
160,0.8234939838731405,0.2804997514162662,0.0220103873166169,0.129062168292207,1800000,18000000,3187800000,104.65
161,0.8244512783879377,0.2777516621866363,0.02340133359769289,0.1286326772805958,1800000,18000000,3207600000,105.3
162,0.821048164559854,0.2806330624840597,0.02399875908410313,0.12820461552227772,1800000,18000000,3227400000,105.95
163,0.8257065693813872,0.26970912756357196,0.023611413585291143,0.12777797826100667,1800000,18000000,3247200000,106.60000000000001
164,0.8249163134222993,0.2751426206729807,0.023514345022739934,0.12735276075636423,1800000,18000000,3267000000,107.25
165,0.8224755743527179,0.2745982216388693,0.02516027284071499,0.12692895828370707,1800000,18000000,3286800000,107.9
166,0.8224128020551293,0.2786724243638353,0.022354840040321355,0.12650656613411448,1800000,18000000,3306600000,108.55
167,0.823563109269093,0.27687996754800115,0.025619922091014026,0.12608557961433597,1800000,18000000,3326400000,109.2
168,0.8249321513969563,0.2722661085617624,0.022927629032056446,0.12566599404673928,1800000,18000000,3346200000,109.85000000000001
169,0.8245745009900465,0.2760956105812453,0.023739318775963292,0.12524780476925818,1800000,18000000,3366000000,110.5
170,0.8263895291649009,0.26988565220600447,0.022834696351790657,0.12483100713534084,1800000,18000000,3385800000,111.15
171,0.827213442320691,0.2734212359608851,0.020162825519195408,0.12441559651389816,1800000,18000000,3405600000,111.8
172,0.8262510291263624,0.2714784175028499,0.023088754334254273,0.12400156828925231,1800000,18000000,3425400000,112.45
173,0.8264668943136579,0.2738261002933056,0.023054008031532965,0.12358891786108542,1800000,18000000,3445200000,113.10000000000001
174,0.8272675116560015,0.27212874736925174,0.021616001389813063,0.12317764064438845,1800000,18000000,3465000000,113.75
175,0.8267940469965437,0.27207139967386246,0.0227606457701162,0.12276773206941036,1800000,18000000,3484800000,114.4
176,0.8269308031373489,0.2684444577510829,0.022717678722294538,0.1223591875816072,1800000,18000000,3504600000,115.05
177,0.8282021730963158,0.277015273308559,0.020802158963918432,0.12195200264159156,1800000,18000000,3524400000,115.7
178,0.8280714245926689,0.27087823907647735,0.023749245649344258,0.12154617272508213,1800000,18000000,3544200000,116.35000000000001
179,0.8278429953504317,0.2701610321779369,0.02297355014150229,0.12114169332285347,1800000,18000000,3564000000,117.0
180,0.8301520915040579,0.27396190419467037,0.023212245481659587,0.12073855994068583,1800000,18000000,3583800000,117.65
181,0.8297355906527983,0.26865420361779546,0.022641810409219938,0.12033676809931522,1800000,18000000,3603600000,118.3
182,0.8274413063543238,0.2695439016533738,0.022483959184183548,0.11993631333438377,1800000,18000000,3623400000,118.95
183,0.8303224604830618,0.2680626790970491,0.021509255192928338,0.11953719119638996,1800000,18000000,3643200000,119.60000000000001
184,0.8319467006975348,0.26780872061754457,0.020682971335643535,0.11913939725063923,1800000,18000000,3663000000,120.25
185,0.828008962682506,0.272454712674117,0.0217299688397122,0.11874292707719478,1800000,18000000,3682800000,120.9
186,0.8302017039012544,0.2712545695423675,0.021897914261921458,0.11834777627082839,1800000,18000000,3702600000,121.55
187,0.831411883904068,0.2686638055754707,0.021782377394794567,0.11795394044097147,1800000,18000000,3722400000,122.2
188,0.8318858513997153,0.2688428999886682,0.0211227187020086,0.11756141521166627,1800000,18000000,3742200000,122.85000000000001
189,0.8290534390725613,0.27617042964595334,0.022131788961301815,0.11717019622151738,1800000,18000000,3762000000,123.5
190,0.8339166139097162,0.2624504873783743,0.021494703249889332,0.11678027912364307,1800000,18000000,3781800000,124.15
191,0.8306880868695935,0.2700153806635889,0.021471662212386222,0.11639165958562711,1800000,18000000,3801600000,124.80000000000001
192,0.8331409756346781,0.2612178630127358,0.02179244150560506,0.11600433328947068,1800000,18000000,3821400000,125.45
193,0.8306443441511162,0.26957353095559267,0.01869223238652672,0.11561829593154425,1800000,18000000,3841200000,126.10000000000001
194,0.8323814538711088,0.2716907819833715,0.020107443408352382,0.11523354322253988,1800000,18000000,3861000000,126.75
195,0.8315763911760846,0.26709259947919534,0.021287582750506105,0.11485007088742354,1800000,18000000,3880800000,127.4
196,0.8337677597250998,0.2706454986522449,0.02040658629249337,0.11446787466538752,1800000,18000000,3900600000,128.05
197,0.8336254622581276,0.2672462357492107,0.020693242723676456,0.11408695030980319,1800000,18000000,3920400000,128.70000000000002
198,0.8343001768722642,0.2593944268993419,0.020411396586510918,0.11370729358817382,1800000,18000000,3940200000,129.35
199,0.8328074794600374,0.2694719184115637,0.01929429969272125,0.1133289002820875,1800000,18000000,3960000000,130.0
200,0.8347432458878632,0.26503166138080725,0.020845963668627558,0.11295176618717025,1800000,18000000,3979800000,130.65
201,0.8312615797462298,0.2660069886765482,0.019377233445059393,0.11257588711303934,1800000,18000000,3999600000,131.3
202,0.8304003046374319,0.2681242427923787,0.019096925723921014,0.11220125888325679,1800000,18000000,4019400000,131.95000000000002
203,0.8304769554206237,0.2735108249941419,0.020742095778438278,0.11182787733528282,1800000,18000000,4039200000,132.6
204,0.8312414235215346,0.26756251947463366,0.01827370477413389,0.1114557383204297,1800000,18000000,4059000000,133.25
205,0.8310911178630962,0.26440610392911035,0.020266145341029714,0.11108483770381573,1800000,18000000,4078800000,133.9
206,0.832138029931515,0.2677625981586456,0.019514997963505813,0.11071517136431909,1800000,18000000,4098600000,134.55
207,0.8312552924129583,0.2695774553825928,0.018819256320518833,0.11034673519453223,1800000,18000000,4118400000,135.20000000000002
208,0.8323044901943678,0.26718557299474877,0.01848193952469852,0.10997952510071608,1800000,18000000,4138200000,135.85
209,0.8320541448154835,0.26479021779395606,0.018435957710003188,0.10961353700275477,1800000,18000000,4158000000,136.5
210,0.8338039787354318,0.26901714273281935,0.01940357808006368,0.1092487668341101,1800000,18000000,4177800000,137.15
211,0.8310957439735612,0.26954895698339526,0.019442887099643077,0.10888521054177641,1800000,18000000,4197600000,137.8
212,0.8338162646636984,0.2670548048853879,0.020454497330979753,0.10852286408623565,1800000,18000000,4217400000,138.45000000000002
213,0.8327838598585109,0.2667755163563671,0.01815345838458114,0.10816172344141232,1800000,18000000,4237200000,139.1
214,0.8335404979606991,0.2654454061974503,0.018399601473394235,0.1078017845946289,1800000,18000000,4257000000,139.75
215,0.834467459931079,0.2634778800301777,0.018348815179325254,0.10744304354656116,1800000,18000000,4276800000,140.4
216,0.8329700605222423,0.26763407126277095,0.018241096309395945,0.10708549631119377,1800000,18000000,4296600000,141.05
217,0.8331731307767413,0.2655777792599551,0.019598171604596076,0.10672913891577596,1800000,18000000,4316400000,141.70000000000002
218,0.8300930009827319,0.27197557581156684,0.019716330909633706,0.1063739674007775,1800000,18000000,4336200000,142.35
219,0.831923497343201,0.2682286153768301,0.01849203935325724,0.10601997781984454,1800000,18000000,4356000000,143.0
220,0.8360694700423666,0.2623095355482403,0.019274634585073086,0.10566716623975587,1800000,18000000,4375800000,143.65
221,0.8308087187949149,0.2658318723719852,0.0181085819320184,0.10531552874037918,1800000,18000000,4395600000,144.3
222,0.8307945297755159,0.2686308665977052,0.01795446886375123,0.10496506141462757,1800000,18000000,4415400000,144.95000000000002
223,0.8332140998939157,0.2632645869503194,0.018279031598010823,0.10461576036841601,1800000,18000000,4435200000,145.6
224,0.8352463158359386,0.26590752633144377,0.018741594059478155,0.10426762172061814,1800000,18000000,4455000000,146.25
225,0.8304410851921991,0.26609710843709605,0.01922135577784792,0.10392064160302324,1800000,18000000,4474800000,146.9
226,0.8335631735218696,0.2655796085720732,0.019069980458830023,0.10357481616029306,1800000,18000000,4494600000,147.55
227,0.8323114678939983,0.2634738372895287,0.01872670193230132,0.10323014154991914,1800000,18000000,4514400000,148.20000000000002
228,0.8347666067021166,0.2616490264861339,0.017148213482782785,0.10288661394218003,1800000,18000000,4534200000,148.85
229,0.8333516365772269,0.2632013330975522,0.01774524079793674,0.10254422952009878,1800000,18000000,4554000000,149.5
230,0.8321849593565804,0.269910718314655,0.017949026449764635,0.10220298447940052,1800000,18000000,4573800000,150.15
231,0.8319317996465729,0.2664175448964974,0.016928010721826793,0.10186287502847018,1800000,18000000,4593600000,150.8
232,0.8324191035703786,0.26869693665555583,0.017692565738387296,0.10152389738831034,1800000,18000000,4613400000,151.45000000000002
233,0.8327786225279248,0.26481357689674717,0.018644017065411488,0.1011860477924993,1800000,18000000,4633200000,152.1
234,0.8327775282035825,0.2661471260199122,0.016475217722343928,0.10084932248714917,1800000,18000000,4653000000,152.75
235,0.831235152784384,0.26969608459671723,0.018838257016165826,0.10051371773086425,1800000,18000000,4672800000,153.4
236,0.8345061848411061,0.2647379900294936,0.018157888670630968,0.1001792297946993,1800000,18000000,4692600000,154.05
237,0.8333900881871168,0.27112640799843807,0.017353158015270646,0.09984585496211829,1800000,18000000,4712400000,154.70000000000002
238,0.8314981807203689,0.2698490375493244,0.017842664295601846,0.09951358952895295,1800000,18000000,4732200000,155.35
239,0.8314338329520539,0.27390560373063483,0.01713780125556089,0.09918242980336175,1800000,18000000,4752000000,156.0
240,0.8353803336252414,0.26336339949077087,0.01660616438744573,0.09885237210578875,1800000,18000000,4771800000,156.65
241,0.832816734921515,0.2674218587706221,0.017417695732140505,0.09852341276892282,1800000,18000000,4791600000,157.3
242,0.8340829614206554,0.2719980879409866,0.01656512299051201,0.09819554813765684,1800000,18000000,4811400000,157.95000000000002
243,0.8290720215968685,0.275784996400146,0.015580034020458041,0.09786877456904704,1800000,18000000,4831200000,158.6
244,0.8325247250052424,0.2652891299542324,0.018208885945412454,0.09754308843227269,1800000,18000000,4851000000,159.25
245,0.8327727760859918,0.26422348998810563,0.017761468591343487,0.09721848610859557,1800000,18000000,4870800000,159.9
246,0.8336837078922176,0.2659242062324574,0.015719191774678353,0.09689496399131985,1800000,18000000,4890600000,160.55
247,0.832865475083079,0.2685299570034059,0.01860183106384741,0.09657251848575199,1800000,18000000,4910400000,161.20000000000002
248,0.8314997410241971,0.2706744633928477,0.01453812687436518,0.09625114600916085,1800000,18000000,4930200000,161.85
249,0.8331630231129615,0.2679408109814483,0.017790767309075254,0.09593084299073784,1800000,18000000,4950000000,162.5
250,0.8319606728681362,0.26934676491741794,0.016838014093908144,0.0956116058715572,1800000,18000000,4969800000,163.15
251,0.8317612806337109,0.2721721019097872,0.014043454519120147,0.0952934311045366,1800000,18000000,4989600000,163.8
252,0.8330660880178867,0.2679724865956289,0.0160320841015364,0.09497631515439754,1800000,18000000,5009400000,164.45000000000002
253,0.8317797898275949,0.2713601802583892,0.015393837952995884,0.0946602544976262,1800000,18000000,5029200000,165.1
254,0.8318229619859139,0.2693160054629918,0.015602206486851995,0.09434524562243425,1800000,18000000,5049000000,165.75
255,0.8325456746492499,0.2628931461053989,0.014066394747554577,0.09403128502871988,1800000,18000000,5068800000,166.4
256,0.8334782127771972,0.2709112767591535,0.014654506158958762,0.09371836922802874,1800000,18000000,5088600000,167.05
257,0.8329029531687331,0.2711900244526879,0.01653418988000084,0.09340649474351545,1800000,18000000,5108400000,167.70000000000002
258,0.833623000045978,0.2722931317805271,0.016934165174382215,0.09309565810990474,1800000,18000000,5128200000,168.35
259,0.8327075681206316,0.2637287766303795,0.016788056709748027,0.09278585587345302,1800000,18000000,5148000000,169.0
260,0.833135828723456,0.2588397775709792,0.01409805423889669,0.09247708459191002,1800000,18000000,5167800000,169.65
261,0.8328744332654678,0.2710006002502396,0.015612645582993422,0.09216934083448058,1800000,18000000,5187600000,170.3
262,0.8332639174335502,0.26593694335350954,0.015392845982154046,0.09186262118178642,1800000,18000000,5207400000,170.95000000000002
263,0.8342565424405265,0.2667415077990139,0.015794820079013856,0.09155692222582827,1800000,18000000,5227200000,171.6
264,0.8307028065172593,0.26996403777835526,0.016339477364918746,0.0912522405699479,1800000,18000000,5247000000,172.25
265,0.8314973692156107,0.26577922947202254,0.01745359859612632,0.09094857282879044,1800000,18000000,5266800000,172.9
266,0.8317832598313918,0.26197334238474357,0.016264818331023938,0.09064591562826678,1800000,18000000,5286600000,173.55
267,0.831397633035304,0.268788518255571,0.015227752812195162,0.090344265605516,1800000,18000000,5306400000,174.20000000000002
268,0.8308875750594514,0.2670307369068151,0.01602812843236312,0.0900436194088681,1800000,18000000,5326200000,174.85
269,0.8331186203967076,0.2601670292748504,0.016026804359263354,0.08974397369780665,1800000,18000000,5346000000,175.5
270,0.8315276330113398,0.2645805479138726,0.015534096164122817,0.08944532514293181,1800000,18000000,5365800000,176.15
271,0.8324255221686838,0.26520828069459274,0.014984121865715317,0.08914767042592323,1800000,18000000,5385600000,176.8
272,0.8336786039874732,0.2669692689931132,0.014663368986610605,0.08885100623950319,1800000,18000000,5405400000,177.45000000000002
273,0.8333318199265335,0.2668997285899713,0.014307768112893303,0.08855532928739991,1800000,18000000,5425200000,178.1
274,0.8338984353319108,0.26917244511331184,0.015481533193595385,0.08826063628431091,1800000,18000000,5445000000,178.75
275,0.8332106169747183,0.26212193022951474,0.015484502880538742,0.08796692395586642,1800000,18000000,5464800000,179.4
276,0.8351387422954745,0.26522876243932986,0.013283358170378257,0.08767418903859311,1800000,18000000,5484600000,180.05
277,0.8327910668244143,0.2740543336880478,0.01262178409590287,0.0873824282798778,1800000,18000000,5504400000,180.70000000000002
278,0.8318284935318417,0.26873689558940606,0.013760668122694905,0.08709163843793126,1800000,18000000,5524200000,181.35
279,0.8351645006054496,0.2640085018992763,0.01567956861043897,0.08680181628175224,1800000,18000000,5544000000,182.0
280,0.8306456302094721,0.26828051419234084,0.01522067245416084,0.08651295859109161,1800000,18000000,5563800000,182.65
281,0.8311523262097704,0.27026676052658405,0.01614971111697711,0.0862250621564165,1800000,18000000,5583600000,183.3
282,0.8335480964905617,0.26522383952916806,0.013911646718586116,0.08593812377887465,1800000,18000000,5603400000,183.95000000000002
283,0.8320765441522956,0.2745323624584366,0.013340146210137502,0.08565214027025891,1800000,18000000,5623200000,184.6
284,0.8331163504590506,0.27030923600860096,0.014647231541724676,0.08536710845297184,1800000,18000000,5643000000,185.25
285,0.8340046771005828,0.26644575043846536,0.014222313594785286,0.08508302515999028,1800000,18000000,5662800000,185.9
286,0.8309295968775224,0.2751988727144852,0.014777420033929576,0.08479988723483026,1800000,18000000,5682600000,186.55
287,0.830112117166134,0.2727856501807713,0.01415473847617016,0.08451769153151197,1800000,18000000,5702400000,187.20000000000002
288,0.8333145910322342,0.2614953667515226,0.015674484588742578,0.08423643491452465,1800000,18000000,5722200000,187.85
289,0.8294492948212451,0.27531313392984674,0.013703452580836434,0.08395611425879189,1800000,18000000,5742000000,188.5
290,0.831963323952853,0.26963436851486683,0.01407299589375289,0.08367672644963688,1800000,18000000,5761800000,189.15
291,0.8319755967737205,0.2759898048001691,0.015026203740442109,0.08339826838274775,1800000,18000000,5781600000,189.8
292,0.8325806434541152,0.2682221691372141,0.014498032883170024,0.08312073696414307,1800000,18000000,5801400000,190.45000000000002
293,0.8344066426769069,0.25954537630693075,0.01568503735750882,0.08284412911013761,1800000,18000000,5821200000,191.1
294,0.8301899270249592,0.2699767502146062,0.01270852607487388,0.0825684417473079,1800000,18000000,5841000000,191.75
295,0.8315677320796699,0.26398904693351455,0.01286664674582944,0.08229367181245818,1800000,18000000,5860800000,192.4
296,0.8325560965393011,0.2658020299683099,0.014161998163015967,0.08201981625258635,1800000,18000000,5880600000,193.05
297,0.8306878846533005,0.27112412003536396,0.01487231362267878,0.08174687202485005,1800000,18000000,5900400000,193.70000000000002
298,0.8322212831845777,0.26835668922170014,0.013618643792558298,0.08147483609653282,1800000,18000000,5920200000,194.35
299,0.8307781977873684,0.2664270204131934,0.01319279892532214,0.08120370544501043,1800000,18000000,5940000000,195.0
300,0.8313448902083027,0.2633476558813745,0.013270567732459613,0.08093347705771732,1800000,18000000,5959800000,195.65
301,0.8309941799554139,0.26878749244422245,0.01394476074333823,0.08066414793211302,1800000,18000000,5979600000,196.3
302,0.8323516926082257,0.26677940379365117,0.013298615050953377,0.080395715075649,1800000,18000000,5999400000,196.95000000000002
303,0.8324509802604824,0.2639299372145392,0.01469145841170556,0.08012817550573513,1800000,18000000,6019200000,197.6
304,0.8325081980620045,0.2676900664158069,0.013272466119767604,0.0798615262497068,1800000,18000000,6039000000,198.25
305,0.8339032479635415,0.26277982068041383,0.014045967968399842,0.07959576434479178,1800000,18000000,6058800000,198.9
306,0.8304303759586181,0.2667279923450001,0.014291913619107128,0.07933088683807722,1800000,18000000,6078600000,199.55
307,0.8331984882258041,0.26369244102616113,0.01337222646316043,0.07906689078647704,1800000,18000000,6098400000,200.20000000000002
308,0.8317803006068506,0.2641380559944585,0.013382934002826363,0.07880377325669904,1800000,18000000,6118200000,200.85
309,0.8327782080509618,0.26751978741924964,0.011915494836391004,0.07854153132521242,1800000,18000000,6138000000,201.5
310,0.8327304060078756,0.26873573895460034,0.012168129906584368,0.07828016207821521,1800000,18000000,6157800000,202.15
311,0.830987549629088,0.2698219806568151,0.012000674738304786,0.07801966261160202,1800000,18000000,6177600000,202.8
312,0.8344222778319503,0.26596420925508707,0.01234710572575648,0.07776003003093164,1800000,18000000,6197400000,203.45000000000002
313,0.8315683964020073,0.271703183934884,0.011973456271819708,0.07750126145139492,1800000,18000000,6217200000,204.1
314,0.8325248576635979,0.26580712134842255,0.013055803490849154,0.07724335399778277,1800000,18000000,6237000000,204.75
315,0.8325119221611658,0.26300962008184514,0.012981880579860182,0.07698630480445418,1800000,18000000,6256800000,205.4
316,0.8293374927498927,0.27403822948493634,0.01297568696851322,0.07673011101530436,1800000,18000000,6276600000,206.05
317,0.8307760594849953,0.2692690512925198,0.013894064199449297,0.07647476978373298,1800000,18000000,6296400000,206.70000000000002
318,0.8332872235391732,0.26596820171459234,0.01388321709831826,0.07622027827261263,1800000,18000000,6316200000,207.35
319,0.8309588854254306,0.27181602118325643,0.01313173090113752,0.07596663365425728,1800000,18000000,6336000000,208.0
320,0.8320065711818819,0.27361076750329383,0.01318775001373484,0.07571383311039072,1800000,18000000,6355800000,208.65
321,0.8319275419629775,0.2690934738102565,0.010973455064049549,0.07546187383211546,1800000,18000000,6375600000,209.3
322,0.8350608283672337,0.2693006168551305,0.012221121192431931,0.07521075301988138,1800000,18000000,6395400000,209.95000000000002
323,0.8335143325154523,0.26787347327565714,0.012785803949612025,0.07496046788345459,1800000,18000000,6415200000,210.6
324,0.8334467734918345,0.26545118135059265,0.014858986292223667,0.0747110156418866,1800000,18000000,6435000000,211.25
325,0.8300995988864573,0.27460423833551595,0.010793826508252656,0.07446239352348329,1800000,18000000,6454800000,211.9
326,0.833821686043651,0.2705166229627337,0.011468824758966897,0.07421459876577408,1800000,18000000,6474600000,212.55
327,0.8339837393357084,0.2649419838159607,0.010570896601077203,0.07396762861548134,1800000,18000000,6494400000,213.20000000000002
328,0.8330388377465212,0.26541694464986637,0.011072784996365152,0.07372148032848977,1800000,18000000,6514200000,213.85
329,0.832107204393127,0.26522352258272935,0.01259220781080281,0.07347615116981583,1800000,18000000,6534000000,214.5
330,0.8320171595295976,0.2725748149606193,0.011498396816640758,0.07323163841357751,1800000,18000000,6553800000,215.15
331,0.829214389605949,0.27366897998872486,0.011996883641443636,0.07298793934296385,1800000,18000000,6573600000,215.8
332,0.8312409945622816,0.2692914801807722,0.013252888633776104,0.0727450512502049,1800000,18000000,6593400000,216.45000000000002
333,0.8333906687534379,0.2626769793865886,0.01308968068681823,0.0725029714365416,1800000,18000000,6613200000,217.1
334,0.8330346490789341,0.2690968439099544,0.01145625659139549,0.07226169721219572,1800000,18000000,6633000000,217.75
335,0.8321803123295034,0.2720638974819886,0.011294054571275542,0.07202122589634008,1800000,18000000,6652800000,218.4
336,0.8303014403496879,0.27053273093795577,0.011522340594487182,0.07178155481706869,1800000,18000000,6672600000,219.05
337,0.8352703908512894,0.2644694459619749,0.011032664032160383,0.0715426813113671,1800000,18000000,6692400000,219.70000000000002
338,0.8347154978106649,0.2622626758694071,0.011896053471647685,0.07130460272508277,1800000,18000000,6712200000,220.35
339,0.8314346440278474,0.26801664056635605,0.010923848859334891,0.07106731641289565,1800000,18000000,6732000000,221.0
340,0.8330959940852164,0.2700114911171391,0.011717921185300762,0.0708308197382887,1800000,18000000,6751800000,221.65
341,0.8351733648447024,0.26468995704222903,0.011390120311355605,0.07059511007351867,1800000,18000000,6771600000,222.3
342,0.8337064240709416,0.2645596349188032,0.01154815086692525,0.07036018479958688,1800000,18000000,6791400000,222.95000000000002
343,0.834074462547898,0.26471280460235175,0.01179712878792577,0.07012604130621002,1800000,18000000,6811200000,223.6
344,0.8344256958338463,0.2684281653187742,0.01076922951449455,0.06989267699179139,1800000,18000000,6831000000,224.25
345,0.8310853551828064,0.2704701195529467,0.009944864201761066,0.06966008926339172,1800000,18000000,6850800000,224.9
346,0.8321691119186607,0.26797614298295336,0.010967002443618515,0.06942827553670051,1800000,18000000,6870600000,225.55
347,0.8329747183126452,0.27216358071596886,0.010521472691019055,0.06919723323600736,1800000,18000000,6890400000,226.20000000000002
348,0.8348004473010443,0.2695828014851878,0.009862454472680448,0.06896695979417317,1800000,18000000,6910200000,226.85
349,0.8313087487679339,0.26855469107318874,0.01172122133251097,0.06873745265260178,1800000,18000000,6930000000,227.5
350,0.8318039396692006,0.26614496240599494,0.010901406801380919,0.06850870926121148,1800000,18000000,6949800000,228.15
351,0.8335320629062717,0.263498707748589,0.009299468463886715,0.06828072707840671,1800000,18000000,6969600000,228.8
352,0.8316429952131151,0.26953685029552943,0.011835846957698572,0.06805350357104971,1800000,18000000,6989400000,229.45000000000002
353,0.8340085460361966,0.2636660312540818,0.011648923454778871,0.06782703621443252,1800000,18000000,7009200000,230.1
354,0.8332298664593538,0.26718265611086717,0.011474975255516152,0.06760132249224887,1800000,18000000,7029000000,230.75
355,0.8321576457119652,0.2675193162682287,0.011402175218806165,0.06737635989656618,1800000,18000000,7048800000,231.4
356,0.8354751186842224,0.26764696559134604,0.011490827478738908,0.06715214592779772,1800000,18000000,7068600000,232.05
357,0.8310258833356274,0.2686679301827904,0.010608462685054608,0.0669286780946749,1800000,18000000,7088400000,232.70000000000002
358,0.8288502598852558,0.26993779774959037,0.009132325666397453,0.06670595391421945,1800000,18000000,7108200000,233.35
359,0.8299707030633311,0.2729641913261745,0.010334294317808865,0.066483970911716,1800000,18000000,7128000000,234.0
360,0.8295332828082949,0.2704665207026382,0.01231067955883442,0.06626272662068447,1800000,18000000,7147800000,234.65
361,0.8310375600275435,0.2683433824748656,0.011020438449432755,0.06604221858285264,1800000,18000000,7167600000,235.3
362,0.8310944483346869,0.2715302703894245,0.009502403198862511,0.06582244434812895,1800000,18000000,7187400000,235.95000000000002
363,0.8317873712104137,0.27037685054323035,0.010358297690287514,0.06560340147457523,1800000,18000000,7207200000,236.6
364,0.8348594300379734,0.2722001907636786,0.012276882681540192,0.06538508752837947,1800000,18000000,7227000000,237.25
365,0.8311538758112409,0.26740595844367226,0.009737868330572717,0.06516750008382895,1800000,18000000,7246800000,237.9
366,0.8322389618556998,0.26931937108649534,0.008525885709816477,0.06495063672328313,1800000,18000000,7266600000,238.55
367,0.833650252969318,0.26653542371384603,0.009880383055419342,0.0647344950371469,1800000,18000000,7286400000,239.20000000000002
368,0.8333622501079483,0.27080657269422825,0.01057617845144613,0.06451907262384375,1800000,18000000,7306200000,239.85
369,0.8339127870807823,0.259978698033529,0.007979467720137712,0.06430436708978908,1800000,18000000,7326000000,240.5
370,0.8313995631680372,0.27113388375936287,0.010323513065971986,0.06409037604936363,1800000,18000000,7345800000,241.15
371,0.832416638364401,0.267159337669152,0.010222807534610696,0.063877097124887,1800000,18000000,7365600000,241.8
372,0.8312165506375292,0.26554362196984477,0.011076977082275535,0.06366452794659114,1800000,18000000,7385400000,242.45000000000002
373,0.8328986676363027,0.2661459404447963,0.009231435036735763,0.06345266615259412,1800000,18000000,7405200000,243.1
374,0.8313822562886953,0.26936700018066795,0.011313583366836648,0.06324150938887384,1800000,18000000,7425000000,243.75
375,0.8336023008082635,0.270982223859713,0.010022433908828787,0.06303105530924182,1800000,18000000,7444800000,244.4
376,0.832394333386545,0.26356713890955247,0.008693091925318348,0.06282130157531728,1800000,18000000,7464600000,245.05
377,0.833971377322454,0.2651250061010999,0.01077053699249496,0.06261224585650099,1800000,18000000,7484400000,245.70000000000002
378,0.8323387992555027,0.2699513245968151,0.009846564794951785,0.06240388582994949,1800000,18000000,7504200000,246.35
379,0.8306259359352677,0.2686943741738971,0.01120652600467595,0.06219621918054922,1800000,18000000,7524000000,247.0
380,0.8317928171909372,0.26168728328985474,0.009712164933544236,0.061989243600890837,1800000,18000000,7543800000,247.65
381,0.8290223375634487,0.26992194940028597,0.010406484531028196,0.06178295679124355,1800000,18000000,7563600000,248.3
382,0.8319336044135306,0.2731402135170186,0.011371911036838963,0.06157735645952957,1800000,18000000,7583400000,248.95000000000002
383,0.8322852317911429,0.2654727537868429,0.009863506392765538,0.061372440321298655,1800000,18000000,7603200000,249.60000000000002
384,0.8332060509626724,0.26829617767022435,0.01027728701117315,0.06116820609970271,1800000,18000000,7623000000,250.25
385,0.8339439143262604,0.2683833220093871,0.010661025953455727,0.0609646515254705,1800000,18000000,7642800000,250.9
386,0.8332046627298046,0.2678430387318687,0.008284873665276506,0.060761774336882464,1800000,18000000,7662600000,251.55
387,0.8336497631667692,0.2637414115820754,0.008641057877969972,0.06055957227974552,1800000,18000000,7682400000,252.20000000000002
388,0.8346043156905395,0.26495150267164874,0.010619362847012627,0.06035804310736805,1800000,18000000,7702200000,252.85000000000002
389,0.8351808549016545,0.2628242193566802,0.009581297373709555,0.060157184580534956,1800000,18000000,7722000000,253.5
390,0.8337353851585819,0.26945129748481117,0.01095423654983209,0.05995699446748277,1800000,18000000,7741800000,254.15
391,0.8334762649854417,0.2706101545573965,0.009692086565656564,0.05975747054387485,1800000,18000000,7761600000,254.8
392,0.8333531518782118,0.26927590431177,0.009526444931381524,0.05955861059277665,1800000,18000000,7781400000,255.45000000000002
393,0.8323782454051587,0.26979835100526506,0.008869053361904917,0.0593604124046311,1800000,18000000,7801200000,256.1
394,0.8352304505906161,0.26204937232927483,0.010581436810599728,0.0591628737772341,1800000,18000000,7821000000,256.75
395,0.8328400412570944,0.264822153392857,0.008133527325228603,0.05896599251570996,1800000,18000000,7840800000,257.40000000000003
396,0.8308327711583343,0.2726572474452596,0.008605674937228126,0.058769766432487075,1800000,18000000,7860600000,258.05
397,0.8324556788204562,0.26475918620022587,0.00919112291718598,0.05857419334727365,1800000,18000000,7880400000,258.7
398,0.8338774941765971,0.2662233895527487,0.009747861612931986,0.05837927108703333,1800000,18000000,7900200000,259.35
399,0.8331141743889854,0.26865461775945465,0.010209272002988113,0.05818499748596127,1800000,18000000,7920000000,260.0
400,0.8332214738388501,0.269965544786762,0.009665532649503152,0.05799137038545989,1800000,18000000,7939800000,260.65000000000003
401,0.8301487517344531,0.2761634554739193,0.009230452625735013,0.05779838763411496,1800000,18000000,7959600000,261.3
402,0.8333220138511557,0.27110977632655386,0.008847893913838757,0.05760604708767172,1800000,18000000,7979400000,261.95
403,0.8309318008098648,0.27023993835868354,0.009899936781671706,0.057414346609011,1800000,18000000,7999200000,262.6
404,0.8345357735718185,0.2647927117785382,0.008770497834191567,0.05722328406812549,1800000,18000000,8019000000,263.25
405,0.8347237694695545,0.2676265519945606,0.009070092955781336,0.05703285734209613,1800000,18000000,8038800000,263.90000000000003
406,0.8317698012061004,0.2683160297578539,0.00852931207813284,0.05684306431506844,1800000,18000000,8058600000,264.55
407,0.8333859679304736,0.2653498730477102,0.009474010999185196,0.05665390287822906,1800000,18000000,8078400000,265.2
408,0.8332369539051915,0.2660166152231216,0.011590734541572462,0.056465370929782294,1800000,18000000,8098200000,265.85
409,0.8315838891079556,0.2689318449285849,0.00932937746804804,0.05627746637492678,1800000,18000000,8118000000,266.5
410,0.8323520249907718,0.2653962470795014,0.008666428873554875,0.05609018712583219,1800000,18000000,8137800000,267.15000000000003
411,0.8312279793548873,0.26830052227284246,0.01050171210689961,0.05590353110161606,1800000,18000000,8157600000,267.8
412,0.8305370077071952,0.2691026784255488,0.008017699070698126,0.05571749622832065,1800000,18000000,8177400000,268.45
413,0.8303110838585974,0.27178317512805866,0.009948237717126789,0.05553208043888989,1800000,18000000,8197200000,269.1
414,0.8319924594709505,0.2644903968978963,0.007705601787562294,0.05534728167314643,1800000,18000000,8217000000,269.75
415,0.8320376136963108,0.2688173092211208,0.008958166050992623,0.05516309787776877,1800000,18000000,8236800000,270.40000000000003
416,0.8311884842676501,0.26985819440403114,0.010286966804858301,0.05497952700626836,1800000,18000000,8256600000,271.05
417,0.8314297484956207,0.269372941470811,0.008645352964475439,0.054796567018967006,1800000,18000000,8276400000,271.7
418,0.8319475963775841,0.26768990075165816,0.008163570436697852,0.05461421588297405,1800000,18000000,8296200000,272.35
419,0.8322155700116068,0.2722560615645206,0.008010114156390618,0.05443247157216389,1800000,18000000,8316000000,273.0
420,0.8326466623362598,0.2686787234508596,0.008281940528021557,0.05425133206715343,1800000,18000000,8335800000,273.65000000000003
421,0.8342351498339882,0.26066335925773976,0.006346304203845448,0.05407079535527962,1800000,18000000,8355600000,274.3
422,0.8343874146930017,0.26055371610357264,0.00938811488375841,0.05389085943057717,1800000,18000000,8375400000,274.95
423,0.834047336540295,0.26402798480361683,0.00885742169944553,0.05371152229375616,1800000,18000000,8395200000,275.6
424,0.8342292263995922,0.26682548012710317,0.009133005563959977,0.053532781952179885,1800000,18000000,8415000000,276.25
425,0.8328563664406818,0.26190227012300044,0.009234474032414739,0.05335463641984271,1800000,18000000,8434800000,276.90000000000003
426,0.8306803625976246,0.2666850336809811,0.008748601495689535,0.05317708371734802,1800000,18000000,8454600000,277.55
427,0.8343943311259937,0.2656891112258439,0.009072725438671238,0.05300012187188616,1800000,18000000,8474400000,278.2
428,0.8329969845390975,0.2659592839158411,0.010206286124763066,0.05282374891721258,1800000,18000000,8494200000,278.85
429,0.8320231247972173,0.27250821731889696,0.007719983565523294,0.052647962893626,1800000,18000000,8514000000,279.5
430,0.829965669622268,0.27057159102970607,0.0094310064887346,0.05247276184794653,1800000,18000000,8533800000,280.15000000000003
431,0.8337943123953254,0.2695620258286695,0.007944139962926814,0.05229814383349411,1800000,18000000,8553600000,280.8
432,0.8308150527859917,0.27051302581620246,0.00848530771528264,0.05212410691006679,1800000,18000000,8573400000,281.45
433,0.8340382507597321,0.2680991293365448,0.008995463364278283,0.051950649143919156,1800000,18000000,8593200000,282.1
434,0.8329226016001018,0.26282911329416775,0.010298936887598812,0.05177776860774092,1800000,18000000,8613000000,282.75
435,0.8340469801520648,0.2660145037777052,0.00806419940867375,0.051605463380635486,1800000,18000000,8632800000,283.40000000000003
436,0.8313722510567285,0.2703041019760244,0.007159923533201103,0.05143373154809852,1800000,18000000,8652600000,284.05
437,0.8327953149645175,0.2652959836886879,0.009719271654576684,0.051262571201996794,1800000,18000000,8672400000,284.7
438,0.8336461313809359,0.26004339737982235,0.00833620669301218,0.05109198044054694,1800000,18000000,8692200000,285.35
439,0.8302155660142004,0.27308409671662925,0.008479472746509264,0.05092195736829428,1800000,18000000,8712000000,286.0
440,0.8343159338781522,0.2663787222208037,0.009676783615869457,0.05075250009609183,1800000,18000000,8731800000,286.65000000000003
441,0.8330517979416635,0.2609424519186515,0.008485231324533245,0.05058360674107924,1800000,18000000,8751600000,287.3
442,0.8335870234792643,0.26683639059827596,0.007336141403527263,0.05041527542666197,1800000,18000000,8771400000,287.95
443,0.8326681194535949,0.27402561375209084,0.010987301988101668,0.05024750428249035,1800000,18000000,8791200000,288.6
444,0.830344712481266,0.26898621881179263,0.006331939381536341,0.050080291444438804,1800000,18000000,8811000000,289.25
445,0.8326628066889871,0.2683236421961526,0.008793489900631037,0.0499136350545852,1800000,18000000,8830800000,289.90000000000003
446,0.832921383492342,0.2688667485110749,0.007751062604037684,0.04974753326119018,1800000,18000000,8850600000,290.55
447,0.8329457126028996,0.26073382617423,0.007185988747785687,0.04958198421867652,1800000,18000000,8870400000,291.2
448,0.8328284350765579,0.269279455464301,0.00780480785023996,0.04941698608760872,1800000,18000000,8890200000,291.85
449,0.830687125894451,0.2696164440314169,0.006123453773272809,0.04925253703467255,1800000,18000000,8910000000,292.5
450,0.8333750840724304,0.2691501893105746,0.007488489626064563,0.04908863523265456,1800000,18000000,8929800000,293.15000000000003
451,0.8331446589841556,0.2736606828436206,0.008048793703893272,0.04892527886042197,1800000,18000000,8949600000,293.8
452,0.8298746849024282,0.2668414875762192,0.007479859385893365,0.048762466102902295,1800000,18000000,8969400000,294.45
453,0.8339604519647322,0.2639190250828293,0.0069579052778252935,0.0486001951510632,1800000,18000000,8989200000,295.1
454,0.8329023673934675,0.26665228540747615,0.006622374803088533,0.04843846420189246,1800000,18000000,9009000000,295.75
455,0.8309188684354065,0.2706980120896874,0.00540061078673497,0.04827727145837786,1800000,18000000,9028800000,296.40000000000003
456,0.8360517312091649,0.2707446211840975,0.008102756906285025,0.04811661512948724,1800000,18000000,9048600000,297.05
457,0.8308817345509538,0.2695556021171577,0.007065272299932696,0.047956493430148656,1800000,18000000,9068400000,297.7
458,0.8317990676579056,0.26116153135215225,0.006644173043572419,0.047796904581230454,1800000,18000000,9088200000,298.35
459,0.8299079298686401,0.26708935620828655,0.006204843141184331,0.04763784680952156,1800000,18000000,9108000000,299.0
460,0.8333849270978996,0.26344599245272055,0.007625176315741779,0.04747931834771174,1800000,18000000,9127800000,299.65000000000003
461,0.8306388354398129,0.26479030710251783,0.006968779639708537,0.04732131743437206,1800000,18000000,9147600000,300.3
462,0.8331026321977528,0.26637860506865985,0.006415188740421485,0.047163842313935146,1800000,18000000,9167400000,300.95
463,0.832237439714758,0.2641532747513976,0.007531879164348733,0.04700689123667585,1800000,18000000,9187200000,301.6
464,0.8332958953544821,0.26565912775213857,0.008263895862708566,0.04685046245869167,1800000,18000000,9207000000,302.25
465,0.8326538638946278,0.27246994028470845,0.005228917535379386,0.04669455424188347,1800000,18000000,9226800000,302.90000000000003
466,0.8327323109064628,0.26276033063261267,0.006918463522031037,0.04653916485393615,1800000,18000000,9246600000,303.55
467,0.8338036593631571,0.2634652777610844,0.005440838689210979,0.046384292568299325,1800000,18000000,9266400000,304.2
468,0.8329127662093169,0.26238923039151363,0.006225794714267733,0.04622993566416824,1800000,18000000,9286200000,304.85
469,0.8340893450811898,0.2650728743492338,0.007616493059936607,0.046076092426464606,1800000,18000000,9306000000,305.5
470,0.8298238135732589,0.26820102547106783,0.007839268930662712,0.04592276114581752,1800000,18000000,9325800000,306.15000000000003
471,0.8332755282369617,0.2659166438631016,0.005489571481834989,0.0457699401185445,1800000,18000000,9345600000,306.8
472,0.8307746590808187,0.27203885664569183,0.0072169734902288035,0.04561762764663259,1800000,18000000,9365400000,307.45
473,0.8328327344307696,0.263388462528871,0.007665227415241843,0.045465822037719386,1800000,18000000,9385200000,308.1
474,0.8330228259287941,0.26482013073023,0.005823702934374115,0.045314521605074355,1800000,18000000,9405000000,308.75
475,0.830878758081226,0.265367084414105,0.007357467954994984,0.04516372466758004,1800000,18000000,9424800000,309.40000000000003
476,0.8348817821780221,0.2727100535487842,0.007867018114716644,0.04501342954971334,1800000,18000000,9444600000,310.05
477,0.8326805183731018,0.26734094931014357,0.005600157863400522,0.04486363458152695,1800000,18000000,9464400000,310.7
478,0.833009392434401,0.2670296209334893,0.005737888290847586,0.044714338098630825,1800000,18000000,9484200000,311.35
479,0.8315392570711408,0.2688056395781294,0.0075850344317258175,0.04456553844217358,1800000,18000000,9504000000,312.0
480,0.8325114513177307,0.27244076667347106,0.007118848428031363,0.04441723395882419,1800000,18000000,9523800000,312.65000000000003
481,0.8347365970348531,0.2616093531265781,0.0077286777414259065,0.04426942300075353,1800000,18000000,9543600000,313.3
482,0.831318813410161,0.2689369261182464,0.006449424550478643,0.04412210392561611,1800000,18000000,9563400000,313.95
483,0.8331883040488904,0.2612541788208735,0.006953636068683236,0.04397527509653179,1800000,18000000,9583200000,314.6
484,0.834328183035052,0.26843929754544094,0.00543846638032771,0.043828934882067634,1800000,18000000,9603000000,315.25
485,0.8316740351444784,0.267257796019616,0.0067891582123358225,0.043683081656219744,1800000,18000000,9622800000,315.90000000000003
486,0.8356569883786711,0.2664461069212054,0.0063962209291536475,0.043537713798395224,1800000,18000000,9642600000,316.55
487,0.8323936002610856,0.2653582549113379,0.009254734283762039,0.04339282969339417,1800000,18000000,9662400000,317.2
488,0.8307958375839767,0.2616366946108714,0.00536424979765515,0.04324842773139169,1800000,18000000,9682200000,317.85
489,0.8335990132803061,0.26551448339786754,0.007064306608508458,0.04310450630792006,1800000,18000000,9702000000,318.5
490,0.8323390082125867,0.27005967257109253,0.007414887443152844,0.04296106382385086,1800000,18000000,9721800000,319.15000000000003
491,0.8330940668181342,0.26774227780422627,0.006013030613180324,0.042818098685377254,1800000,18000000,9741600000,319.8
492,0.8309889164530179,0.2700937529727311,0.006129552819874852,0.04267560930399622,1800000,18000000,9761400000,320.45
493,0.8340645598768547,0.2669865795878386,0.0056593942318728,0.04253359409649095,1800000,18000000,9781200000,321.1
494,0.8329292554706805,0.26859585051692775,0.006865583545517478,0.04239205148491322,1800000,18000000,9801000000,321.75
495,0.8321749731390647,0.2728261287876199,0.007172968533539872,0.04225097989656591,1800000,18000000,9820800000,322.40000000000003
496,0.8356076605224756,0.26909108424976735,0.00518305025300643,0.042110377763985456,1800000,18000000,9840600000,323.05
497,0.8344775779327464,0.26340283488835836,0.006253141564208484,0.041970243524924504,1800000,18000000,9860400000,323.7
498,0.8342233898415179,0.26679339756961734,0.0056475564382996914,0.04183057562233452,1800000,18000000,9880200000,324.35
499,0.8339461653798497,0.2679585754665195,0.004830713449269549,0.04169137250434846,1800000,18000000,9900000000,325.0
500,0.8352048106736978,0.26481458080021214,0.00619834939208957,0.041552632624263605,1800000,18000000,9919800000,325.65000000000003
501,0.8333384053744893,0.2662405315094874,0.007222224533165253,0.0414143544405243,1800000,18000000,9939600000,326.3
502,0.8298163353462731,0.2747347771541577,0.006361141199965856,0.04127653641670483,1800000,18000000,9959400000,326.95
503,0.8324177956195122,0.26910677191291543,0.00747081746205755,0.04113917702149243,1800000,18000000,9979200000,327.6
504,0.8335105859319087,0.262838218200284,0.006885318714702297,0.04100227472867019,1800000,18000000,9999000000,328.25
505,0.8321133276693539,0.2683843746573595,0.005946413009693274,0.0408658280171001,1800000,18000000,10018800000,328.90000000000003
506,0.8318856044691024,0.26431070214777835,0.00493098632905189,0.04072983537070618,1800000,18000000,10038600000,329.55
507,0.8330280486527907,0.26742827702977434,0.0060921556217946975,0.04059429527845764,1800000,18000000,10058400000,330.2
508,0.8310238129290335,0.2689761663617754,0.005075279431765689,0.04045920623435205,1800000,18000000,10078200000,330.85
509,0.8323849263811337,0.2701924824710597,0.004833134699932781,0.040324566737398634,1800000,18000000,10098000000,331.5
510,0.8334554632320417,0.272426980141495,0.0055467008797756255,0.040190375291601625,1800000,18000000,10117800000,332.15000000000003
511,0.8321830915060425,0.2667443078372948,0.00510005581334627,0.04005663040594355,1800000,18000000,10137600000,332.8
512,0.8347223078877775,0.26635863436576923,0.007885839215550996,0.03992333059436875,1800000,18000000,10157400000,333.45
513,0.8320978471020012,0.27160133590869306,0.0068544594652423935,0.03979047437576686,1800000,18000000,10177200000,334.1
514,0.8305614429098541,0.26952178151945205,0.005034420489806964,0.039658060273956276,1800000,18000000,10197000000,334.75
515,0.8298773104302356,0.2707720584912842,0.0052802321975038684,0.039526086817667866,1800000,18000000,10216800000,335.40000000000003
516,0.8302672312614398,0.26906048612152506,0.006138377641863767,0.03939455254052851,1800000,18000000,10236600000,336.05
517,0.8308956795171087,0.26588041412863145,0.005081873768466755,0.039263455981044894,1800000,18000000,10256400000,336.7
518,0.8312929914275222,0.2712325814856409,0.0055511820953167805,0.039132795682587256,1800000,18000000,10276200000,337.35
519,0.8326793458600563,0.2743282022112168,0.007856438602079591,0.03900257019337312,1800000,18000000,10296000000,338.0
520,0.8304829298145557,0.2743158517748683,0.006520757019982769,0.03887277806645128,1800000,18000000,10315800000,338.65000000000003
521,0.8313574924452304,0.2623575723782611,0.006975299037350614,0.03874341785968567,1800000,18000000,10335600000,339.3
522,0.8308814917239452,0.27264921570760065,0.005090634831345042,0.03861448813573931,1800000,18000000,10355400000,339.95
523,0.8327203634416043,0.26639047224316204,0.004977026266181953,0.0384859874620584,1800000,18000000,10375200000,340.6
524,0.8317546946750404,0.27150849574559743,0.006701626503097219,0.03835791441085635,1800000,18000000,10395000000,341.25
525,0.832124923829576,0.26973407012061756,0.004458724090072794,0.03823026755909793,1800000,18000000,10414800000,341.90000000000003
526,0.8333425445000446,0.27042802495516066,0.0046275846248498825,0.038103045488483485,1800000,18000000,10434600000,342.55
527,0.8317835164316671,0.2661533368587824,0.006838825948025683,0.03797624678543314,1800000,18000000,10454400000,343.2
528,0.8309131573000034,0.26734659614339373,0.0066594182757440026,0.03784987004107112,1800000,18000000,10474200000,343.85
529,0.8341898915272928,0.26691294576751035,0.006391988161342624,0.03772391385121006,1800000,18000000,10494000000,344.5
530,0.8338495667147218,0.2702607051942779,0.004903902263958138,0.03759837681633546,1800000,18000000,10513800000,345.15000000000003
531,0.8312126886802949,0.2714471674840735,0.005574623686790176,0.037473257541590074,1800000,18000000,10533600000,345.8
532,0.8315151679293412,0.26385136736950676,0.006374482527866793,0.03734855463675846,1800000,18000000,10553400000,346.45
533,0.8329010471400335,0.26882929044995374,0.00671169998853414,0.037224266716251495,1800000,18000000,10573200000,347.1
534,0.8339901777795459,0.26811233793457523,0.0035278361170413284,0.037100392399091006,1800000,18000000,10593000000,347.75
535,0.8310499026534898,0.27145496247533624,0.005095144369402933,0.03697693030889443,1800000,18000000,10612800000,348.40000000000003
536,0.8341938398706803,0.26488650382598494,0.004405112919247641,0.03685387907385949,1800000,18000000,10632600000,349.05
537,0.8357070588659428,0.26823096809440083,0.00269070773324171,0.036731237326748954,1800000,18000000,10652400000,349.7
538,0.831633192725496,0.27132761135358135,0.006238293948258144,0.036609003704875506,1800000,18000000,10672200000,350.35
539,0.835327102654527,0.26307998432082347,0.004447025483510542,0.036487176850086525,1800000,18000000,10692000000,351.0
540,0.8345689900062268,0.2678869714602459,0.004279132745015147,0.036365755408749034,1800000,18000000,10711800000,351.65000000000003
541,0.833782019742436,0.26297070097966313,0.004910526747865716,0.036244738031734676,1800000,18000000,10731600000,352.3
542,0.8324244914157275,0.26875911467947833,0.004623718379754532,0.03612412337440466,1800000,18000000,10751400000,352.95
543,0.8333854532893795,0.26279205071888834,0.005733232030125294,0.03600391009659489,1800000,18000000,10771200000,353.6
544,0.8333490792804386,0.26359453781774356,0.006516619980397517,0.035884096862601064,1800000,18000000,10791000000,354.25
545,0.8338710006711532,0.26439519488378715,0.00489727321007265,0.03576468234116376,1800000,18000000,10810800000,354.90000000000003
546,0.8334355105559677,0.2651298203820371,0.006551367546951879,0.035645665205453765,1800000,18000000,10830600000,355.55
547,0.8307306650159249,0.2684975518383633,0.004958146391698227,0.035527044133057226,1800000,18000000,10850400000,356.2
548,0.8339869989380306,0.2646424083617908,0.005185987437070471,0.035408817805960995,1800000,18000000,10870200000,356.85
549,0.8329926912301102,0.266405020139251,0.0044455459631184,0.035290984910538004,1800000,18000000,10890000000,357.5
550,0.8320578301661128,0.2701175449768891,0.007069032633237174,0.03517354413753266,1800000,18000000,10909800000,358.15000000000003
551,0.8322994713748071,0.2694302965328629,0.0030650119127427124,0.03505649418204626,1800000,18000000,10929600000,358.8
552,0.8321753780478156,0.2736896842158014,0.0060787290832305515,0.03493983374352255,1800000,18000000,10949400000,359.45
553,0.8323917598129404,0.2633129524563781,0.004379547721166608,0.03482356152573324,1800000,18000000,10969200000,360.1
554,0.8301074688479895,0.2713442994600604,0.004594646319314608,0.03470767623676358,1800000,18000000,10989000000,360.75
555,0.8318698323341566,0.2668088754096311,0.003872985499627053,0.034592176588998075,1800000,18000000,11008800000,361.40000000000003
556,0.8287705642911614,0.27255430657533436,0.004908045977658988,0.03447706129910612,1800000,18000000,11028600000,362.05
557,0.8327941175760921,0.27285585279466434,0.00432722519133728,0.03436232908802773,1800000,18000000,11048400000,362.7
558,0.8332869860034025,0.26408426040737154,0.0055395359960593695,0.034247978680959405,1800000,18000000,11068200000,363.35
559,0.8301945633032964,0.26720764215640547,0.003734062038787187,0.03413400880733988,1800000,18000000,11088000000,364.0
560,0.8343192890238961,0.2676825692381817,0.004161194494300522,0.03402041820083606,1800000,18000000,11107800000,364.65000000000003
561,0.8347571239766947,0.26421763956064187,0.005359983076251892,0.03390720559932891,1800000,18000000,11127600000,365.3
562,0.8308178011389343,0.26510760826225516,0.004816516870073814,0.033794369744899494,1800000,18000000,11147400000,365.95
563,0.8335309487407427,0.26478066874334094,0.004343447220247798,0.033681909383814906,1800000,18000000,11167200000,366.6
564,0.8352417250730566,0.2663585423687415,0.005418307637249527,0.033569823266514455,1800000,18000000,11187000000,367.25
565,0.8334083963333273,0.2648366987104112,0.0045105867807675205,0.03345811014759566,1800000,18000000,11206800000,367.90000000000003
566,0.833759530290523,0.2627065118047327,0.00430770110582226,0.03334676878580049,1800000,18000000,11226600000,368.55
567,0.8334853248340311,0.27028935708985036,0.004439568310750518,0.03323579794400159,1800000,18000000,11246400000,369.2
568,0.8329175818411679,0.2675015977248589,0.005321502599299152,0.03312519638918843,1800000,18000000,11266200000,369.85
569,0.8332350873043353,0.2641314103617671,0.0050205978222352746,0.03301496289245373,1800000,18000000,11286000000,370.5
570,0.8359002519508549,0.2637875478869681,0.0053287209191846124,0.03290509622897971,1800000,18000000,11305800000,371.15000000000003
571,0.8325409008955358,0.267638369402815,0.003624007541909465,0.03279559517802455,1800000,18000000,11325600000,371.8
572,0.8321389881990214,0.2677147359812515,0.005774953377022171,0.032686458522908766,1800000,18000000,11345400000,372.45
573,0.8345128131998225,0.26295822389389256,0.004996029036214966,0.03257768505100174,1800000,18000000,11365200000,373.1
574,0.8322567181972083,0.2687401900463003,0.00576071587351379,0.03246927355370822,1800000,18000000,11385000000,373.75
575,0.8328340588753012,0.2682378858744834,0.006284930643613025,0.03236122282645489,1800000,18000000,11404800000,374.40000000000003
576,0.8349049700628148,0.2637539298357262,0.004853512001778044,0.03225353166867703,1800000,18000000,11424600000,375.05
577,0.8353309532140393,0.2604451449576778,0.0029830351197191202,0.03214619888380508,1800000,18000000,11444400000,375.7
578,0.8323889991122384,0.26635997951707,0.005656183479627871,0.032039223279251454,1800000,18000000,11464200000,376.35
579,0.831228888697677,0.2695538120128703,0.004964864856172019,0.03193260366639722,1800000,18000000,11484000000,377.0
580,0.8312119577891649,0.2697273018732425,0.00482761597992756,0.031826338860578916,1800000,18000000,11503800000,377.65000000000003
581,0.8292782418293468,0.26590463905386985,0.0042071778754465775,0.03172042768107538,1800000,18000000,11523600000,378.3
582,0.8350351619065884,0.26427562295233525,0.0051910540962796905,0.031614868951094645,1800000,18000000,11543400000,378.95
583,0.8329186412887174,0.26916215902557117,0.0028369022717330047,0.03150966149776084,1800000,18000000,11563200000,379.6
584,0.8323769990188924,0.26395246675655126,0.005794173881053598,0.03140480415210119,1800000,18000000,11583000000,380.25
585,0.8317030369324132,0.27044306213045693,0.004611892325859008,0.03130029574903299,1800000,18000000,11602800000,380.90000000000003
586,0.8324276868633752,0.2719022405228546,0.004556474574629127,0.031196135127350685,1800000,18000000,11622600000,381.55
587,0.8312701899534756,0.2707989594021639,0.005127698492018362,0.03109232112971296,1800000,18000000,11642400000,382.2
588,0.8336120096537811,0.2646262366809064,0.0037436128796149285,0.0309888526026299,1800000,18000000,11662200000,382.85
589,0.832423849017814,0.2665123262257723,0.004320647663017232,0.030885728396450124,1800000,18000000,11682000000,383.5
590,0.8281736864634714,0.27198817385985197,0.004186413629132876,0.03078294736534807,1800000,18000000,11701800000,384.15000000000003
591,0.8323631558878601,0.2675395496377313,0.005311695548035417,0.030680508367311208,1800000,18000000,11721600000,384.8
592,0.8300714197307019,0.2700101158184956,0.003673084217491307,0.030578410264127404,1800000,18000000,11741400000,385.45
593,0.8314137773267544,0.26219657401152685,0.005914599369508226,0.030476651921372246,1800000,18000000,11761200000,386.1
594,0.8321647387820676,0.2646980587240159,0.005698444583823209,0.03037523220839642,1800000,18000000,11781000000,386.75
595,0.8327029986500039,0.26737740998172543,0.003839330787101491,0.030274149998313186,1800000,18000000,11800800000,387.40000000000003
596,0.8321225371666131,0.26906544081746897,0.0026872624625456196,0.030173404167985855,1800000,18000000,11820600000,388.05
597,0.8318196706484332,0.2674043626741728,0.0045750785082031955,0.030072993598015248,1800000,18000000,11840400000,388.7
598,0.8339669230001412,0.2638388916051635,0.00448691635018997,0.029972917172727348,1800000,18000000,11860200000,389.35
599,0.8332785279861142,0.2703445879882278,0.004170390727043962,0.02987317378016085,1800000,18000000,11880000000,390.0
600,0.8309530981767357,0.27087926598078094,0.0025746067159416568,0.029773762312054794,1800000,18000000,11899800000,390.65000000000003
601,0.8321761383577524,0.27421804491755347,0.0033778725861026504,0.029674681663836296,1800000,18000000,11919600000,391.3
602,0.8337358654025675,0.26335676516840134,0.004884312160811942,0.029575930734608246,1800000,18000000,11939400000,391.95
603,0.8324984004439034,0.26883078783736186,0.005259786764776224,0.029477508427137096,1800000,18000000,11959200000,392.6
604,0.832872347190096,0.2689732197605007,0.004742612908602567,0.029379413647840618,1800000,18000000,11979000000,393.25
605,0.8314507971435301,0.27076819198203056,0.003616338290270543,0.02928164530677581,1800000,18000000,11998800000,393.90000000000003
606,0.8306678117555181,0.2656019315353491,0.0031744359793617945,0.02918420231762678,1800000,18000000,12018600000,394.55
607,0.8347218097937477,0.2611194918654159,0.004839986593924791,0.029087083597692635,1800000,18000000,12038400000,395.2
608,0.8327991246441617,0.26168844685539083,0.004590220723447132,0.028990288067875493,1800000,18000000,12058200000,395.85
609,0.8319388378828767,0.2692285344318675,0.005337728702372674,0.028893814652668486,1800000,18000000,12078000000,396.5
610,0.835064299838232,0.26530644646870233,0.004372457857877213,0.028797662280143754,1800000,18000000,12097800000,397.15000000000003
611,0.8322859861072864,0.26911266131909,0.0048175674332548,0.028701829881940626,1800000,18000000,12117600000,397.8
612,0.8342667122526782,0.2683360144402494,0.004760303080231868,0.0286063163932537,1800000,18000000,12137400000,398.45
613,0.8326585146505138,0.2648055735014393,0.0031931652657201702,0.028511120752821004,1800000,18000000,12157200000,399.1
614,0.8315456355235458,0.26399835626281243,0.0037640359166874987,0.028416241902912216,1800000,18000000,12177000000,399.75
615,0.8340046596096018,0.25941169091836214,0.0048735676308493655,0.02832167878931693,1800000,18000000,12196800000,400.40000000000003
616,0.8316800358320691,0.2623166355286795,0.002813663767683451,0.028227430361332895,1800000,18000000,12216600000,401.05
617,0.8330984222597915,0.262653388914347,0.00416857063801166,0.028133495571754392,1800000,18000000,12236400000,401.7
618,0.8342823243505072,0.2711192619654927,0.004008864456217067,0.028039873376860563,1800000,18000000,12256200000,402.35
619,0.8334985844884596,0.2685903460415854,0.0022709200107191374,0.027946562736403842,1800000,18000000,12276000000,403.0
620,0.832494008610374,0.2647274074047341,0.002564677522737194,0.027853562613598382,1800000,18000000,12295800000,403.65000000000003
621,0.833150407840595,0.2684622463215794,0.003799963499406337,0.02776087197510853,1800000,18000000,12315600000,404.3
622,0.829069709620962,0.2720877981877396,0.004677003081766313,0.027668489791037327,1800000,18000000,12335400000,404.95
623,0.8307726203370457,0.27103551674232157,0.004425664565580561,0.027576415034915123,1800000,18000000,12355200000,405.6
624,0.8350762500597873,0.2652788478044941,0.004644930200496642,0.027484646683688132,1800000,18000000,12375000000,406.25
625,0.8329370007690509,0.2682192804293794,0.00437348157675067,0.02739318371770705,1800000,18000000,12394800000,406.90000000000003
626,0.8308070875588786,0.26888479767504586,0.004272261042538963,0.027302025120715785,1800000,18000000,12414600000,407.55
627,0.8317296987137806,0.2692023887435384,0.0017747954037781945,0.027211169879840062,1800000,18000000,12434400000,408.2
628,0.8342088517979418,0.265027615234231,0.001305736132024307,0.02712061698557629,1800000,18000000,12454200000,408.85
629,0.8320960386842343,0.27612985682220914,0.002410824930369401,0.027030365431780265,1800000,18000000,12474000000,409.5
630,0.8303587232483521,0.26732421484916796,0.0020825456549206237,0.02694041421565602,1800000,18000000,12493800000,410.15000000000003
631,0.834657994492644,0.26734683138771426,0.003083619166165027,0.026850762337744662,1800000,18000000,12513600000,410.8
632,0.832913503677904,0.2679530802680509,0.003989203586754934,0.026761408801913317,1800000,18000000,12533400000,411.45
633,0.8308576391690398,0.2729236828724326,0.004302783720037672,0.02667235261534397,1800000,18000000,12553200000,412.1
634,0.8327763559720897,0.26671768368235477,0.0022450779321947266,0.02658359278852253,1800000,18000000,12573000000,412.75
635,0.8339428393361844,0.26684228789914305,0.004441853978767585,0.026495128335227797,1800000,18000000,12592800000,413.40000000000003
636,0.8317260053665463,0.2740106149808756,0.003627776838929751,0.02640695827252048,1800000,18000000,12612600000,414.05
637,0.8337491231838435,0.2661558464884972,0.0033167844707019355,0.02631908162073231,1800000,18000000,12632400000,414.7
638,0.8334943887022124,0.263339827771967,0.0037478499866977883,0.026231497403455158,1800000,18000000,12652200000,415.35
639,0.8311239429684183,0.2664097439662187,0.003592041864989446,0.026144204647530124,1800000,18000000,12672000000,416.0
640,0.8322931630607436,0.2695902098088005,0.00256149738367079,0.026057202383036816,1800000,18000000,12691800000,416.65000000000003
641,0.8325511279811176,0.27006998108918107,0.003700780614224987,0.025970489643282507,1800000,18000000,12711600000,417.3
642,0.8332385012028897,0.27047171959804084,0.0029486506316378455,0.025884065464791422,1800000,18000000,12731400000,417.95
643,0.8337547665065923,0.2685319351181564,0.003274242480429102,0.025797928887294017,1800000,18000000,12751200000,418.6
644,0.8304242984987178,0.27379602934915975,0.0015642433494531863,0.02571207895371634,1800000,18000000,12771000000,419.25
645,0.831556638857477,0.2643773406330897,0.0030458220376235207,0.025626514710169333,1800000,18000000,12790800000,419.90000000000003
646,0.8330129085778524,0.2678212820562489,0.002829037471403591,0.025541235205938307,1800000,18000000,12810600000,420.55
647,0.8321558862455276,0.26939971009322117,0.0018275422397561135,0.02545623949347234,1800000,18000000,12830400000,421.2
648,0.8305561580649695,0.26913672910511227,0.0022843195985686373,0.025371526628373754,1800000,18000000,12850200000,421.85
649,0.8322745164503783,0.2672283305960377,0.004129896861528662,0.025287095669387614,1800000,18000000,12870000000,422.5
650,0.8330107633211165,0.2649313077327894,0.0026241725294504255,0.025202945678391302,1800000,18000000,12889800000,423.15000000000003
651,0.8326028275333798,0.2689146792845105,0.003371126789044745,0.02511907572038403,1800000,18000000,12909600000,423.8
652,0.831285047721919,0.2628888630148578,0.004276988525999945,0.02503548486347652,1800000,18000000,12929400000,424.45
653,0.8308534445617531,0.2678502491339154,0.002687064187229425,0.024952172178880617,1800000,18000000,12949200000,425.1
654,0.8329757159769648,0.2655558091592545,0.003913761722524225,0.024869136740898967,1800000,18000000,12969000000,425.75
655,0.8329159177117671,0.2658181367154441,0.003881680707157399,0.024786377626914748,1800000,18000000,12988800000,426.40000000000003
656,0.8364444257329924,0.2637962034942554,0.0022870686540278832,0.024703893917381377,1800000,18000000,13008600000,427.05
657,0.8340729569335482,0.26396386431013824,0.0015284415352694767,0.024621684695812353,1800000,18000000,13028400000,427.7
658,0.8338508803186016,0.2661091101412125,0.003668306794651874,0.02453974904877104,1800000,18000000,13048200000,428.35
659,0.8347665223211191,0.2650534746648945,0.0027166707906111864,0.02445808606586051,1800000,18000000,13068000000,429.0
660,0.8353532058155709,0.267162195372521,0.00036330423682674274,0.024376694839713452,1800000,18000000,13087800000,429.65000000000003
661,0.833409574941044,0.2687609512012183,0.0057767759090291745,0.024295574465982076,1800000,18000000,13107600000,430.3
662,0.8323644529504227,0.2652835353144848,0.004294276607280736,0.024214724043328046,1800000,18000000,13127400000,430.95
663,0.8327146278599357,0.27117663344096843,0.0038580388534211673,0.02413414267341251,1800000,18000000,13147200000,431.6
664,0.8302703531853225,0.26462428974498625,0.0011981301272150384,0.02405382946088608,1800000,18000000,13167000000,432.25
665,0.8296748046475515,0.2741791156279882,0.0020907793251304947,0.02397378351337891,1800000,18000000,13186800000,432.90000000000003
666,0.832450917459828,0.2663116413756633,0.0031595447214086535,0.02389400394149075,1800000,18000000,13206600000,433.55
667,0.8304836854273658,0.2726371841341695,0.0045419992233748955,0.023814489858781113,1800000,18000000,13226400000,434.2
668,0.8299818303502957,0.2705950364428007,0.0024522749632658594,0.02373524038175934,1800000,18000000,13246200000,434.85
669,0.832208230876552,0.26893572321283793,0.002804843477014074,0.02365625462987489,1800000,18000000,13266000000,435.5
670,0.8326892918450585,0.27194923337578486,0.0033096477399617817,0.023577531725507483,1800000,18000000,13285800000,436.15000000000003
671,0.8328132976582514,0.26439187475520964,0.004319434161878833,0.023499070793957372,1800000,18000000,13305600000,436.8
672,0.834349249437595,0.26823172424364183,0.0014252989277446044,0.023420870963435616,1800000,18000000,13325400000,437.45
673,0.8304549932864661,0.2663291402204855,0.0027870521401535515,0.02334293136505442,1800000,18000000,13345200000,438.1
674,0.832128266731551,0.266735430072772,0.0030388703305252542,0.02326525113281743,1800000,18000000,13365000000,438.75
675,0.8343699174539387,0.2601266775718581,0.003128936894288033,0.023187829403610152,1800000,18000000,13384800000,439.40000000000003
676,0.8307429422521521,0.2675973429642238,0.0033496984102778763,0.023110665317190367,1800000,18000000,13404600000,440.05
677,0.8309828590141667,0.26708654738723425,0.003512546952740098,0.023033758016178532,1800000,18000000,13424400000,440.7
678,0.834335985171225,0.2667166451126928,0.0036383833335506635,0.022957106646048307,1800000,18000000,13444200000,441.35
679,0.8330846901856712,0.2629429826377173,0.0022231435912320784,0.022880710355116993,1800000,18000000,13464000000,442.0
680,0.8298964372810783,0.27351191253415624,0.0017486611296042129,0.02280456829453613,1800000,18000000,13483800000,442.65000000000003
681,0.8334158582691835,0.2660121940158185,0.0026271557306161123,0.022728679618282042,1800000,18000000,13503600000,443.3
682,0.8309144186046719,0.26703513106094146,0.002903786841774939,0.02265304348314644,1800000,18000000,13523400000,443.95
683,0.8330184793331394,0.26353888386595137,0.002772947076129762,0.02257765904872704,1800000,18000000,13543200000,444.6
684,0.8341817107216722,0.27098173355317445,0.0036439756051270954,0.022502525477418246,1800000,18000000,13563000000,445.25
685,0.8322519657200445,0.2684456439365946,0.004189553492188497,0.02242764193440181,1800000,18000000,13582800000,445.90000000000003
686,0.8349841264207587,0.2632593004845414,0.0010307487496577221,0.02235300758763761,1800000,18000000,13602600000,446.55
687,0.8329207868613149,0.2664838022398376,0.00317491459769578,0.02227862160785435,1800000,18000000,13622400000,447.2
688,0.8331944987800904,0.26462850054137704,0.0029551298374624483,0.02220448316854038,1800000,18000000,13642200000,447.85
689,0.8302035167898341,0.27148197241242666,0.002685155799721132,0.0221305914459345,1800000,18000000,13662000000,448.5
690,0.8317740085495857,0.2686157814958084,0.004791257412635566,0.022056945619016825,1800000,18000000,13681800000,449.15000000000003
691,0.8307557125654991,0.2696596340506179,0.0028463063285651853,0.02198354486949961,1800000,18000000,13701600000,449.8
692,0.8286880674717537,0.2681848765124256,0.0022187790834907696,0.02191038838181822,1800000,18000000,13721400000,450.45
693,0.8353237719315484,0.2666711582809023,0.0010858074477394283,0.021837475343122043,1800000,18000000,13741200000,451.1
694,0.8352200516886494,0.2638071917630592,0.0038764183818367926,0.021764804943265458,1800000,18000000,13761000000,451.75
695,0.8323976343959406,0.2667589994900322,0.003123451359527979,0.021692376374798823,1800000,18000000,13780800000,452.40000000000003
696,0.8332274283390351,0.26557271678708205,0.00435345610003424,0.02162018883295954,1800000,18000000,13800600000,453.05
697,0.834959616344384,0.2651435865317741,0.0022114098655037166,0.021548241515663043,1800000,18000000,13820400000,453.7
698,0.829926895929673,0.2628007209569705,0.002411986680002561,0.021476533623493964,1800000,18000000,13840200000,454.35
699,0.8339130579994338,0.2688908654909102,0.0028441215172934835,0.021405064359697207,1800000,18000000,13860000000,455.0
700,0.8329538809140781,0.26665188184485333,0.0017469063448762102,0.021333832930169112,1800000,18000000,13879800000,455.65000000000003
701,0.8331798697657317,0.26661431659128726,0.0026249014166083782,0.021262838543448622,1800000,18000000,13899600000,456.3
702,0.8299799425416218,0.2749786018419535,0.002361050304209387,0.02119208041070847,1800000,18000000,13919400000,456.95
703,0.833837615622144,0.2625717506926243,0.0035968943183759938,0.02112155774574646,1800000,18000000,13939200000,457.6
704,0.8343579981272717,0.2658924390089298,0.003484520058145084,0.021051269764976704,1800000,18000000,13959000000,458.25
705,0.8294196082494049,0.26266793577461567,0.003006133630097517,0.020981215687420916,1800000,18000000,13978800000,458.90000000000003
706,0.8324238121243254,0.26551468840869036,0.0023692371756213904,0.02091139473469973,1800000,18000000,13998600000,459.55
707,0.8332556815167164,0.2599627266138756,0.0027165302473922074,0.020841806131024078,1800000,18000000,14018400000,460.2
708,0.8318437076930663,0.270476932964691,0.002756200644347123,0.020772449103186517,1800000,18000000,14038200000,460.85
709,0.8330723846121099,0.2722731195208407,0.001910574020420574,0.0207033228805527,1800000,18000000,14058000000,461.5
710,0.8326104070121675,0.2681228632744512,0.0031024886151460817,0.020634426695052777,1800000,18000000,14077800000,462.15000000000003
711,0.8306161563403979,0.2671396378390147,0.003315742846929447,0.020565759781172862,1800000,18000000,14097600000,462.8
712,0.8322929101029853,0.2675424908386799,0.0013889810679250626,0.020497321375946544,1800000,18000000,14117400000,463.45
713,0.830003481030323,0.2693453218777729,0.0008176130193520612,0.0204291107189464,1800000,18000000,14137200000,464.1
714,0.8324731905094785,0.27148794369155643,0.0014824727962996307,0.020361127052275524,1800000,18000000,14157000000,464.75
715,0.8307186847378203,0.27020496634027813,0.003535787886355413,0.020293369620559148,1800000,18000000,14176800000,465.40000000000003
716,0.8346279353184255,0.26207645155333226,0.0010873931685297098,0.020225837670936227,1800000,18000000,14196600000,466.05
717,0.8316884528739925,0.27052428819320246,0.0032283145206092605,0.020158530453051063,1800000,18000000,14216400000,466.7
718,0.831431858217742,0.2696294990833499,0.0010318914958833173,0.020091447219045,1800000,18000000,14236200000,467.35
719,0.8314850114120185,0.2694988225033867,0.0,0.020024587223548076,1800000,18000000,14256000000,468.0
720,0.8314994562560093,0.2690370845507069,0.0019072631696052033,0.019957949723670754,1800000,18000000,14275800000,468.65000000000003
721,0.8317892646492652,0.264146227979858,0.002247199825495802,0.01989153397899569,1800000,18000000,14295600000,469.3
722,0.8321172233525326,0.2665864602990534,0.0017714945581763504,0.01982533925156948,1800000,18000000,14315400000,469.95
723,0.831158651347206,0.2699201311838861,0.00167413262593454,0.019759364805894478,1800000,18000000,14335200000,470.6
724,0.831051706178236,0.26962335949818106,0.0014163594553437677,0.019693609908920603,1800000,18000000,14355000000,471.25
725,0.8326524603000196,0.26235634954283604,0.003073024582874154,0.019628073830037226,1800000,18000000,14374800000,471.90000000000003
726,0.8339501262519433,0.26991248125467054,0.0032954734113636486,0.019562755841064997,1800000,18000000,14394600000,472.55
727,0.8334084217683986,0.26436050188077215,0.002071691152582612,0.019497655216247817,1800000,18000000,14414400000,473.2
728,0.8329322744912155,0.26540310577619486,0.0023263767072357854,0.019432771232244746,1800000,18000000,14434200000,473.85
729,0.8326774358406972,0.26820849751996884,0.002893693829933891,0.019368103168121962,1800000,18000000,14454000000,474.5
730,0.8303714456392294,0.2702889074110886,0.0028695414278201766,0.019303650305344755,1800000,18000000,14473800000,475.15000000000003
731,0.832010100754196,0.2683277515564528,0.004001928979253931,0.01923941192776953,1800000,18000000,14493600000,475.8
732,0.8312315283221056,0.2670806151139841,0.0033368452941141768,0.019175387321635887,1800000,18000000,14513400000,476.45
733,0.8333730164369453,0.2678031198742743,0.0040703218622470585,0.019111575775558647,1800000,18000000,14533200000,477.1
734,0.8326144427116694,0.2680527645307605,0.0030459905128208745,0.01904797658051998,1800000,18000000,14553000000,477.75
735,0.8313673607397707,0.26342200945489785,0.002363685935852053,0.01898458902986151,1800000,18000000,14572800000,478.40000000000003
736,0.8322482163730961,0.2652463852670955,0.002920000567563185,0.01892141241927647,1800000,18000000,14592600000,479.05
737,0.8312658850676146,0.26305719938291167,0.002502483368200368,0.01885844604680186,1800000,18000000,14612400000,479.7
738,0.8322426045119897,0.2676309535505767,0.0019763149749264207,0.018795689212810673,1800000,18000000,14632200000,480.35
739,0.8309090878089611,0.2705766828139086,0.003510037336800644,0.018733141220004107,1800000,18000000,14652000000,481.0
740,0.8301172088805594,0.27066264235413456,0.0032391951179964436,0.01867080137340383,1800000,18000000,14671800000,481.65000000000003
741,0.8321193236332335,0.26800765082230055,0.0016551742649971689,0.01860866898034423,1800000,18000000,14691600000,482.3
742,0.8335632822122958,0.26737839579032086,0.0019307150519392603,0.01854674335046476,1800000,18000000,14711400000,482.95
743,0.8330882389647725,0.2667052189469426,0.002669970996776557,0.018485023795702205,1800000,18000000,14731200000,483.6
744,0.8331837654097064,0.26419980189403747,0.003408308008722995,0.01842350963028311,1800000,18000000,14751000000,484.25
745,0.8306729035275682,0.27241548641210767,0.0006653927268030833,0.018362200170716117,1800000,18000000,14770800000,484.90000000000003
746,0.8342638143943951,0.2641542791249928,0.0015288859159983642,0.018301094735784378,1800000,18000000,14790600000,485.55
747,0.8289727467068827,0.2716677492221436,0.003271115168468555,0.018240192646537985,1800000,18000000,14810400000,486.2
748,0.8319325224721785,0.2709606915976219,0.0030299136067033295,0.018179493226286442,1800000,18000000,14830200000,486.85
749,0.8295852107144167,0.26570017108576705,0.003318896011142522,0.018118995800591103,1800000,18000000,14850000000,487.5
750,0.8336440357235797,0.26065386010401237,0.002122497878074173,0.018058699697257735,1800000,18000000,14869800000,488.15000000000003
751,0.8313786582622558,0.2714500069895678,0.0013758872067441256,0.017998604246329014,1800000,18000000,14889600000,488.8
752,0.8325794024230921,0.2699363277149727,0.002759108130016826,0.01793870878007709,1800000,18000000,14909400000,489.45
753,0.8331755232043326,0.26460773446354635,0.0005916715657055876,0.017879012632996176,1800000,18000000,14929200000,490.1
754,0.8328762072699171,0.2698613965411469,0.002767631580592833,0.017819515141795115,1800000,18000000,14949000000,490.75
755,0.8332141961468503,0.2646550393323486,0.0015010842637405047,0.017760215645390067,1800000,18000000,14968800000,491.40000000000003
756,0.8356160300611422,0.2681301262694074,0.0017143170682684388,0.017701113484897137,1800000,18000000,14988600000,492.05
757,0.8298302926789336,0.2700315023067051,0.0017161573388336877,0.017642208003625034,1800000,18000000,15008400000,492.7
758,0.8309550569006469,0.26560277455454234,0.0011955478436735392,0.017583498547067807,1800000,18000000,15028200000,493.35
759,0.8322172074252715,0.2710737805281836,0.002546462353705004,0.017524984462897568,1800000,18000000,15048000000,494.0
760,0.834005486357265,0.27182094790348815,0.0025557470234883286,0.01746666510095721,1800000,18000000,15067800000,494.65000000000003
761,0.8322810240200845,0.26298254462996445,0.001665416504544633,0.017408539813253226,1800000,18000000,15087600000,495.3
762,0.8296716780729271,0.26918878351241016,0.002350544525876285,0.017350607953948487,1800000,18000000,15107400000,495.95
763,0.832442611481023,0.26583291825846056,0.0035349148514823934,0.017292868879355078,1800000,18000000,15127200000,496.6
764,0.8312211625913214,0.2682360587266214,0.0019322211023220248,0.017235321947927124,1800000,18000000,15147000000,497.25
765,0.8327237679722252,0.2686367716061942,0.0008087912052554328,0.017177966520253697,1800000,18000000,15166800000,497.90000000000003
766,0.8344044265061856,0.26401925979502955,0.0031887961304281663,0.01712080195905166,1800000,18000000,15186600000,498.55
767,0.8313215619182042,0.26982864654679034,0.0018041073667274497,0.017063827629158642,1800000,18000000,15206400000,499.20000000000005
768,0.8333060168425575,0.26601853249355806,0.0024647008266371027,0.017007042897525942,1800000,18000000,15226200000,499.85
769,0.8310844427881555,0.26865368318902744,0.0031936987984695344,0.016950447133211522,1800000,18000000,15246000000,500.5
770,0.8334928474546054,0.2651553626381056,0.0014965084934031468,0.01689403970737297,1800000,18000000,15265800000,501.15000000000003
771,0.8328430172758292,0.2678602369119101,0.0016406089428444288,0.016837819993260533,1800000,18000000,15285600000,501.8
772,0.8306069999635034,0.2687746611503617,0.0016547516817478282,0.016781787366210135,1800000,18000000,15305400000,502.45000000000005
773,0.8324434288365004,0.27380059363085263,0.004195955711303538,0.016725941203636456,1800000,18000000,15325200000,503.1
774,0.8302691765994836,0.275474190714036,0.0013085074451640003,0.016670280885026006,1800000,18000000,15345000000,503.75
775,0.8325335317534844,0.26320252769600044,0.0010756154855389903,0.01661480579193023,1800000,18000000,15364800000,504.40000000000003
776,0.8321418594927058,0.2689860561803014,0.002709710711545489,0.016559515307958635,1800000,18000000,15384600000,505.05
777,0.8330010853796709,0.26243881770354865,0.003200373203804668,0.016504408818771934,1800000,18000000,15404400000,505.70000000000005
778,0.835512606511843,0.2656480561865399,0.0037895922124683854,0.01644948571207524,1800000,18000000,15424200000,506.35
779,0.8315133569223052,0.269189250012427,0.002549074835898399,0.016394745377611247,1800000,18000000,15444000000,507.0
780,0.8318322169220715,0.2640551196033172,0.002295775806368979,0.016340187207153453,1800000,18000000,15463800000,507.65000000000003
781,0.8334805224523996,0.26702097791861185,0.0016416878408584213,0.016285810594499402,1800000,18000000,15483600000,508.3
782,0.8319550647177613,0.2686851182051917,0.0010790281733604515,0.016231614935463958,1800000,18000000,15503400000,508.95000000000005
783,0.8332096401935497,0.26072905868933144,0.0023889560477288923,0.01617759962787256,1800000,18000000,15523200000,509.6
784,0.8344106760903627,0.26886168315691733,0.00045630351135577557,0.016123764071554577,1800000,18000000,15543000000,510.25
785,0.8312898660045182,0.2714676662378871,0.001662132052785936,0.016070107668336605,1800000,18000000,15562800000,510.90000000000003
786,0.8303747087315722,0.26819527140913896,0.001344715473222236,0.01601662982203583,1800000,18000000,15582600000,511.55
787,0.8331495376225984,0.26180767574026553,0.001655480132861603,0.015963329938453414,1800000,18000000,15602400000,512.2
788,0.831831807223489,0.27324197813217865,0.0024585231384398848,0.015910207425367886,1800000,18000000,15622200000,512.85
789,0.8298825094481262,0.2710924449078512,0.0013803086921023496,0.015857261692528542,1800000,18000000,15642000000,513.5
790,0.8310647452155163,0.26609596865325824,0.002692039535270859,0.015804492151648922,1800000,18000000,15661800000,514.15
791,0.8298040157897263,0.2690564629554118,0.001112631884951014,0.015751898216400252,1800000,18000000,15681600000,514.8000000000001
792,0.8307162833805073,0.2699139134098855,0.0013766284905042045,0.015699479302404933,1800000,18000000,15701400000,515.45
793,0.8303080755859198,0.268268658640566,0.0029001305925749126,0.015647234827230044,1800000,18000000,15721200000,516.1
794,0.8347191431958155,0.2679538634656286,0.0,0.015595164210380888,1800000,18000000,15741000000,516.75
795,0.8297200025862044,0.27143025970431467,0.0006159386259569099,0.015543266873294511,1800000,18000000,15760800000,517.4
796,0.831751074570954,0.2662640030831086,0.0019149961409993782,0.015491542239333302,1800000,18000000,15780600000,518.0500000000001
797,0.8331766536321686,0.27216410743792385,0.0027665172515884537,0.01543998973377857,1800000,18000000,15800400000,518.7
798,0.8337084014128485,0.2661754304845576,0.0018622738602845604,0.015388608783824179,1800000,18000000,15820200000,519.35
799,0.8354951785914662,0.26668909906196847,0.002982294578226874,0.015337398818570146,1800000,18000000,15840000000,520.0
800,0.8333569675989619,0.2686251927846645,0.0016982618393626405,0.01528635926901634,1800000,18000000,15859800000,520.65
801,0.832130233678172,0.26840695850462787,0.0033448259378752003,0.01523548956805612,1800000,18000000,15879600000,521.3000000000001
802,0.8338246570084559,0.2669024440536826,0.0007132397822676635,0.01518478915047006,1800000,18000000,15899400000,521.95
803,0.8306497416607365,0.2644349422599538,0.001243493865686313,0.015134257452919677,1800000,18000000,15919200000,522.6
804,0.8341696261613616,0.26618034893613474,0.0033174118572122523,0.01508389391394114,1800000,18000000,15939000000,523.25
805,0.8317849697229793,0.26912329081702985,0.0010636980258716482,0.015033697973939058,1800000,18000000,15958800000,523.9
806,0.8321404768873589,0.2687384317092324,0.0019266104371900078,0.014983669075180239,1800000,18000000,15978600000,524.5500000000001
807,0.8343702443657856,0.2657512329874829,0.0018317594264426673,0.014933806661787518,1800000,18000000,15998400000,525.2
808,0.8324243439035115,0.2673197796530282,0.0010408575059255062,0.014884110179733566,1800000,18000000,16018200000,525.85
809,0.8312869490081275,0.2696459845661264,0.0016621985373273611,0.01483457907683474,1800000,18000000,16038000000,526.5
810,0.8345323185854906,0.2650086274609988,0.0016811381193947994,0.014785212802744946,1800000,18000000,16057800000,527.15
811,0.8292098133266225,0.2656810028840502,0.0,0.014736010808949521,1800000,18000000,16077600000,527.8000000000001
812,0.8315137922217118,0.2653799161827337,0.0015915091779298816,0.014686972548759124,1800000,18000000,16097400000,528.45
813,0.8300299787642407,0.27120093743851076,0.002321768144639266,0.014638097477303708,1800000,18000000,16117200000,529.1
814,0.8319532600309172,0.2668361223011621,0.001639052408338127,0.014589385051526413,1800000,18000000,16137000000,529.75
815,0.8324392729219661,0.2726374294203437,0.0017801299430613327,0.014540834730177563,1800000,18000000,16156800000,530.4
816,0.8340342864507946,0.2628362332391632,0.0019141248380753243,0.014492445973808648,1800000,18000000,16176600000,531.0500000000001
817,0.8344921544997741,0.2662388610639202,0.00047412838970956636,0.014444218244766325,1800000,18000000,16196400000,531.7
818,0.8321771304979068,0.26378433083749425,0.0021778778737223856,0.01439615100718643,1800000,18000000,16216200000,532.35
819,0.8336555540686789,0.26547241464626264,0.0024134798868062513,0.014348243726988055,1800000,18000000,16236000000,533.0
820,0.8355598739968824,0.2618276775443104,0.0032787587914283552,0.014300495871867599,1800000,18000000,16255800000,533.65
821,0.832827814936292,0.26600724687194943,0.0023103773900969675,0.01425290691129284,1800000,18000000,16275600000,534.3000000000001
822,0.8353754014834954,0.2681175320001258,0.0027009147293826185,0.014205476316497063,1800000,18000000,16295400000,534.95
823,0.8336215472773195,0.2664284206957196,0.003254837705408723,0.014158203560473181,1800000,18000000,16315200000,535.6
824,0.8314601671577802,0.2683146957015687,0.001797810144206759,0.014111088117967848,1800000,18000000,16335000000,536.25
825,0.8316248332888901,0.2706323159997403,0.0016976691508092275,0.014064129465475665,1800000,18000000,16354800000,536.9
826,0.8322152643091164,0.26949067172508195,0.0006752851968965011,0.01401732708123335,1800000,18000000,16374600000,537.5500000000001
827,0.8320797266973083,0.27234556395516923,0.0020704290492879595,0.013970680445213924,1800000,18000000,16394400000,538.2
828,0.8359483496542379,0.2593922848479127,0.0016847114937136663,0.013924189039120962,1800000,18000000,16414200000,538.85
829,0.8325270384729458,0.2644290117642045,0.00137355777194251,0.01387785234638279,1800000,18000000,16434000000,539.5
830,0.8317949211385797,0.2732893348303711,0.0015361108623099288,0.013831669852146802,1800000,18000000,16453800000,540.15
831,0.8325794873643523,0.2614149588017858,0.001837238585381103,0.013785641043273693,1800000,18000000,16473600000,540.8000000000001
832,0.831008474322082,0.2708923222373767,0.002729913773910275,0.01373976540833178,1800000,18000000,16493400000,541.45
833,0.8317650638704864,0.2722718322820936,0.0,0.013694042437591319,1800000,18000000,16513200000,542.1
834,0.8338960220262108,0.26385714629102797,0.0031050086124548484,0.01364847162301883,1800000,18000000,16533000000,542.75
835,0.8298434752832227,0.2653026155381896,0.0018463758128024366,0.013603052458271453,1800000,18000000,16552800000,543.4
836,0.8313541929378221,0.2688900380585079,0.0006597551572678802,0.013557784438691338,1800000,18000000,16572600000,544.0500000000001
837,0.8367644561493176,0.25965028043673843,3.113291645706227e-05,0.013512667061300028,1800000,18000000,16592400000,544.7
838,0.829617376854335,0.26703542565200505,0.0012926556482734952,0.013467699824792862,1800000,18000000,16612200000,545.35
839,0.8293468411634339,0.27520067358084993,0.0008878310620316638,0.013422882229533415,1800000,18000000,16632000000,546.0
840,0.8334981672694677,0.27386058516814377,0.0013821572625389597,0.013378213777547955,1800000,18000000,16651800000,546.65
841,0.8333478091958245,0.2647151364155034,0.000411894745133493,0.013333693972519876,1800000,18000000,16671600000,547.3000000000001
842,0.8312955794144237,0.2715074321791792,0.002192543705015827,0.013289322319784223,1800000,18000000,16691400000,547.95
843,0.8340882758863848,0.26529368448736085,0.002393005944855203,0.01324509832632218,1800000,18000000,16711200000,548.6
844,0.8323472439863258,0.2684433589043266,0.0023194687223568105,0.013201021500755583,1800000,18000000,16731000000,549.25
845,0.830357677823408,0.26958407201487306,0.0013520141910479911,0.013157091353341475,1800000,18000000,16750800000,549.9
846,0.8312933229384171,0.26858615648051304,0.0012673284935788374,0.013113307395966662,1800000,18000000,16770600000,550.5500000000001
847,0.8319681153326404,0.26824609374959607,0.0016429944176667376,0.01306966914214226,1800000,18000000,16790400000,551.2
848,0.8332371438046351,0.2663521825157847,0.0018968564202573397,0.013026176106998346,1800000,18000000,16810200000,551.85
849,0.8335828120754395,0.26962315284323085,0.002411983553036909,0.012982827807278526,1800000,18000000,16830000000,552.5
850,0.8336305261360194,0.26387174430586596,0.0006543743534137972,0.012939623761334574,1800000,18000000,16849800000,553.15
851,0.8322222043470135,0.26708531219930587,0.0027782558358874342,0.012896563489121101,1800000,18000000,16869600000,553.8000000000001
852,0.8308492124733216,0.26927240479161807,0.0011475876394230838,0.012853646512190182,1800000,18000000,16889400000,554.45
853,0.8337973373343424,0.26689525371074646,0.0007682207604726997,0.012810872353686081,1800000,18000000,16909200000,555.1
854,0.831569502428259,0.2688182591820198,0.0008898585274983023,0.012768240538339934,1800000,18000000,16929000000,555.75
855,0.8307743768028707,0.26687405272659387,0.0008057761292426549,0.01272575059246446,1800000,18000000,16948800000,556.4
856,0.8334732959255569,0.26375502766030107,0.0009905532284183382,0.012683402043948716,1800000,18000000,16968600000,557.0500000000001
857,0.8341889409084648,0.2674276530699708,0.00010973181358264663,0.012641194422252843,1800000,18000000,16988400000,557.7
858,0.8322595460311681,0.26603446752759347,0.001647800099398553,0.012599127258402818,1800000,18000000,17008200000,558.35
859,0.8313927647240278,0.2684038585407532,0.0023573574672581844,0.012557200084985287,1800000,18000000,17028000000,559.0
860,0.831192252917561,0.2674219432185906,0.0017487550126526787,0.012515412436142334,1800000,18000000,17047800000,559.65
861,0.8339246660723493,0.26729283101289314,0.0028043249351190035,0.012473763847566318,1800000,18000000,17067600000,560.3000000000001
862,0.8325907927279298,0.26792476913929447,0.0019795345921628216,0.01243225385649472,1800000,18000000,17087400000,560.95
863,0.831419697875927,0.26656589017145943,0.0009365872053075625,0.012390882001704991,1800000,18000000,17107200000,561.6
864,0.8323134587963588,0.2708267083657495,0.0019164445334236883,0.01234964782350942,1800000,18000000,17127000000,562.25
865,0.8306822719335315,0.2641699640834646,0.001353360652375354,0.012308550863750054,1800000,18000000,17146800000,562.9
866,0.8332024367560952,0.2655158938173113,0.0012846737866878575,0.012267590665793582,1800000,18000000,17166600000,563.5500000000001
867,0.832561217697318,0.26712960327863555,0.00018229940910421678,0.012226766774526273,1800000,18000000,17186400000,564.2
868,0.8328567139109012,0.2722086164798008,0.0012647172650003596,0.012186078736348917,1800000,18000000,17206200000,564.85
869,0.8331809552924434,0.26556445675207513,0.0,0.012145526099171784,1800000,18000000,17226000000,565.5
870,0.8312904292735737,0.26868614547674274,0.0014484366822143005,0.01210510841240959,1800000,18000000,17245800000,566.15
871,0.8339306988344588,0.2648608182796381,0.000653077584820266,0.01206482522697652,1800000,18000000,17265600000,566.8000000000001
872,0.832768045888414,0.26672259727137193,0.0003453461668802345,0.012024676095281203,1800000,18000000,17285400000,567.45
873,0.8338434425523548,0.2634866831250919,0.0007367397829055876,0.011984660571221769,1800000,18000000,17305200000,568.1
874,0.831758682299844,0.2708950289042102,0.0018675958917274689,0.011944778210180869,1800000,18000000,17325000000,568.75
875,0.8348309855894407,0.2670099920591196,0.002204055835877852,0.011905028569020754,1800000,18000000,17344800000,569.4
876,0.8331663961829633,0.2644765155557988,0.0025488477911498972,0.011865411206078324,1800000,18000000,17364600000,570.0500000000001
877,0.8302634527077699,0.2739583938218868,0.0027743866348072114,0.011825925681160258,1800000,18000000,17384400000,570.7
878,0.8324253328631425,0.26581723817961156,1.6458869245467283e-05,0.01178657155553809,1800000,18000000,17404200000,571.35
879,0.8304517871405109,0.269247831027288,0.0013116113303782348,0.01174734839194336,1800000,18000000,17424000000,572.0
880,0.832108049108396,0.2659580110411971,0.0007945689678672129,0.011708255754562732,1800000,18000000,17443800000,572.65
881,0.8312816706957014,0.2671293057250163,0.0029805643785307755,0.011669293209033163,1800000,18000000,17463600000,573.3000000000001
882,0.8335503452792911,0.2690427496808757,0.0017504351859773722,0.011630460322437081,1800000,18000000,17483400000,573.95
883,0.8311503381146597,0.2664450699802428,0.001383610226610466,0.01159175666329757,1800000,18000000,17503200000,574.6
884,0.831896490736377,0.2670440973477807,0.0011189824292455368,0.011553181801573576,1800000,18000000,17523000000,575.25
885,0.8330003381567842,0.2688225899155509,0.002691794489060112,0.011514735308655124,1800000,18000000,17542800000,575.9
886,0.8353723414894284,0.26440336884549753,0.0010848453749786483,0.011476416757358571,1800000,18000000,17562600000,576.5500000000001
887,0.8307228659525504,0.2675643578734037,0.00022285672002820504,0.011438225721921835,1800000,18000000,17582400000,577.2
888,0.8340553611709635,0.26069350716793416,0.001775519558964271,0.011400161777999683,1800000,18000000,17602200000,577.85
889,0.8307677346860544,0.2711914112235587,0.00048163855054088464,0.01136222450265902,1800000,18000000,17622000000,578.5
890,0.8286884187574779,0.2735474150481622,0.002429321097062436,0.011324413474374167,1800000,18000000,17641800000,579.15
891,0.8339365940195479,0.26386491868795936,0.001191384942606276,0.011286728273022203,1800000,18000000,17661600000,579.8000000000001
892,0.8330087247268299,0.26448543457865786,0.0002541832396129916,0.011249168479878289,1800000,18000000,17681400000,580.45
893,0.8322671942295232,0.2700589296897222,0.0005302985326983939,0.011211733677610984,1800000,18000000,17701200000,581.1
894,0.830313257872813,0.27023302398140275,0.0016576427239674341,0.01117442345027767,1800000,18000000,17721000000,581.75
895,0.8328436397417337,0.26873461993295794,0.0006867642153166176,0.011137237383319877,1800000,18000000,17740800000,582.4
896,0.8300319438238528,0.26325437663638573,0.0009203272263496414,0.011100175063558702,1800000,18000000,17760600000,583.0500000000001
897,0.8327728473472662,0.2713079255878488,0.0016257350760525357,0.01106323607919021,1800000,18000000,17780400000,583.7
898,0.8343114540531696,0.2631241790472365,0.0006375739854185384,0.011026420019780866,1800000,18000000,17800200000,584.35
899,0.8297687556319658,0.2726159155115108,0.0,0.010989726476262956,1800000,18000000,17820000000,585.0
900,0.831565662530337,0.266498939187499,0.0010966371216189902,0.010953155040930068,1800000,18000000,17839800000,585.65
901,0.8315825735629838,0.2674037694241243,0.0,0.010916705307432543,1800000,18000000,17859600000,586.3000000000001
902,0.8315381858507024,0.2749863278208953,0.0004922089805020558,0.010880376870772968,1800000,18000000,17879400000,586.95
903,0.8313368754859451,0.2683410866857598,0.0013515578749244978,0.010844169327301678,1800000,18000000,17899200000,587.6
904,0.8341875534562615,0.2654778637703953,0.0005948165815367624,0.010808082274712251,1800000,18000000,17919000000,588.25
905,0.832083017873863,0.2641628036587496,0.0,0.010772115312037072,1800000,18000000,17938800000,588.9
906,0.8318185342670519,0.27039630500477346,0.0016406933808565118,0.010736268039642852,1800000,18000000,17958600000,589.5500000000001
907,0.8336706386361699,0.2642852065290668,0.0014231292585856663,0.010700540059226191,1800000,18000000,17978400000,590.2
908,0.8339492783679398,0.263084616952712,0.0006910379140454807,0.010664930973809168,1800000,18000000,17998200000,590.85
909,0.8312216824197123,0.2747722559424662,0.0032326495248733295,0.010629440387734914,1800000,18000000,18018000000,591.5
910,0.832671177618126,0.27055759831834436,0.0017896821143486583,0.010594067906663207,1800000,18000000,18037800000,592.15
911,0.8313274505824287,0.27260423185949806,0.0011242258513843298,0.010558813137566122,1800000,18000000,18057600000,592.8000000000001
912,0.8328918964490352,0.2664592303390586,0.0,0.01052367568872364,1800000,18000000,18077400000,593.45
913,0.8313940611930151,0.2703163268583175,0.002150884580596003,0.010488655169719302,1800000,18000000,18097200000,594.1
914,0.8332400946041001,0.2624907526919248,0.0018376571396411467,0.010453751191435868,1800000,18000000,18117000000,594.75
915,0.8337353585780656,0.26760223774324904,0.0010442907742474852,0.010418963366051004,1800000,18000000,18136800000,595.4
916,0.8307427807588916,0.27325379665854876,0.0008153707493828919,0.01038429130703295,1800000,18000000,18156600000,596.0500000000001
917,0.833506497937209,0.2657120522935279,0.002944475417045102,0.010349734629136251,1800000,18000000,18176400000,596.7
918,0.8330887766651484,0.26935999937802707,0.0017875981630175158,0.010315292948397467,1800000,18000000,18196200000,597.35
919,0.8322765235069872,0.2669424967668831,0.0,0.0102809658821309,1800000,18000000,18216000000,598.0
920,0.8328328087168257,0.2707447373734328,0.0,0.010246753048924351,1800000,18000000,18235800000,598.65
921,0.8322568456255379,0.2715322568623612,0.0007597785947726506,0.010212654068634879,1800000,18000000,18255600000,599.3000000000001
922,0.831873493591287,0.2659659593927637,0.0023551794788785893,0.010178668562384568,1800000,18000000,18275400000,599.95
923,0.8319166886424632,0.26820224130642123,0.0016538728481724982,0.010144796152556337,1800000,18000000,18295200000,600.6
924,0.8326808564936701,0.26065149758476125,0.0020025292381172398,0.010111036462789725,1800000,18000000,18315000000,601.25
925,0.8338979368758768,0.2646825790553982,0.0,0.010077389117976725,1800000,18000000,18334800000,601.9
926,0.833446100119171,0.2705733284528072,0.0017492860058619926,0.010043853744257604,1800000,18000000,18354600000,602.5500000000001
927,0.8314519561118152,0.26878817919755793,0.0017880723533853947,0.010010429969016745,1800000,18000000,18374400000,603.2
928,0.833828137646129,0.2706923161022302,0.0001680760537502874,0.009977117420878534,1800000,18000000,18394200000,603.85
929,0.8306309009858657,0.27217476813292657,0.00018715594244364075,0.009943915729703197,1800000,18000000,18414000000,604.5
930,0.8336550366904356,0.26307146236144396,0.0013627503647574207,0.009910824526582717,1800000,18000000,18433800000,605.15
931,0.830312122373422,0.2665555109834364,0.0009078867605676511,0.009877843443836716,1800000,18000000,18453600000,605.8000000000001
932,0.8313493944472318,0.2653430744772304,0.0,0.009844972115008389,1800000,18000000,18473400000,606.45
933,0.8312021125816753,0.2622943692064739,0.0013263838722341753,0.009812210174860397,1800000,18000000,18493200000,607.1
934,0.8344982699422648,0.2641943627192194,0.0006302417702571663,0.009779557259370852,1800000,18000000,18513000000,607.75
935,0.832316311837138,0.2669381842446623,0.0,0.00974701300572925,1800000,18000000,18532800000,608.4
936,0.8335950724515859,0.26702023964781646,0.0016185001713014831,0.009714577052332429,1800000,18000000,18552600000,609.0500000000001
937,0.8310613104229481,0.2700120073022317,0.00038997310003786824,0.00968224903878058,1800000,18000000,18572400000,609.7
938,0.8328012461553882,0.2686998316025771,0.0017324062211817467,0.009650028605873223,1800000,18000000,18592200000,610.35
939,0.8351367978664871,0.2646994859043726,0.0011847931456145503,0.009617915395605208,1800000,18000000,18612000000,611.0
940,0.8283263513189155,0.2657544821449118,0.0004954674407701969,0.009585909051162758,1800000,18000000,18631800000,611.65
941,0.8343366070510314,0.269868316906426,0.0,0.009554009216919498,1800000,18000000,18651600000,612.3000000000001
942,0.8327980992114139,0.27108276051152375,0.0016719742486260868,0.009522215538432497,1800000,18000000,18671400000,612.95
943,0.833938785231728,0.2615542154495138,0.0005919134771668099,0.009490527662438332,1800000,18000000,18691200000,613.6
944,0.8316345620905837,0.26254209095111897,0.0,0.00945894523684917,1800000,18000000,18711000000,614.25
945,0.832982911160319,0.2618454514807104,0.001553784999374226,0.009427467910748841,1800000,18000000,18730800000,614.9
946,0.8303826818533095,0.2705160946181094,0.0025466553933769643,0.009396095334388952,1800000,18000000,18750600000,615.5500000000001
947,0.829401326101468,0.26680403038798767,0.0004979357985026298,0.009364827159185005,1800000,18000000,18770400000,616.2
948,0.8339314537653135,0.2642214844667211,0.0007566672499615955,0.009333663037712504,1800000,18000000,18790200000,616.85
949,0.8327451919776454,0.2639678418060928,0.00069516286702443,0.009302602623703115,1800000,18000000,18810000000,617.5
950,0.8334981684180269,0.2697282076086994,0.0,0.009271645572040809,1800000,18000000,18829800000,618.15
951,0.8308878849105921,0.2740270695330499,0.0010612676430156087,0.00924079153875802,1800000,18000000,18849600000,618.8000000000001
952,0.8336999925057729,0.2613165889260524,0.0004955301790168473,0.009210040181031845,1800000,18000000,18869400000,619.45
953,0.8330528496784362,0.26692660909611654,0.0,0.009179391157180212,1800000,18000000,18889200000,620.1
954,0.8313557173154884,0.26666811455593187,0.0007416191637132218,0.009148844126658095,1800000,18000000,18909000000,620.75
955,0.8288127107721367,0.2686526425743741,0.00016102783494125177,0.009118398750053738,1800000,18000000,18928800000,621.4
956,0.8323171348757161,0.2626486910150772,0.0009117138097416277,0.009088054689084853,1800000,18000000,18948600000,622.0500000000001
957,0.830804836558092,0.26775783705739,0.0013573369690785917,0.009057811606594903,1800000,18000000,18968400000,622.7
958,0.8348598395331848,0.2629976995892184,0.00045707753773267443,0.009027669166549323,1800000,18000000,18988200000,623.35
959,0.8311468561102415,0.26424243014270776,0.0007447045495267219,0.008997627034031805,1800000,18000000,19008000000,624.0
960,0.8330819612658644,0.27097023085518823,0.00250408388260752,0.008967684875240566,1800000,18000000,19027800000,624.65
961,0.8285109154253333,0.27213749428464556,0.0,0.00893784235748465,1800000,18000000,19047600000,625.3000000000001
962,0.8333538698546067,0.2678695349150273,0.0033356979727964748,0.008908099149180209,1800000,18000000,19067400000,625.95
963,0.8312513514410127,0.2688977696717075,0.000928947142810959,0.008878454919846852,1800000,18000000,19087200000,626.6
964,0.8327252890926847,0.265571577214352,0.002197705715292795,0.008848909340103947,1800000,18000000,19107000000,627.25
965,0.8320490770276605,0.26494866945258366,0.0,0.00881946208166697,1800000,18000000,19126800000,627.9
966,0.8323101746542323,0.26743691824783544,0.00046238844440825357,0.008790112817343857,1800000,18000000,19146600000,628.5500000000001
967,0.834073226815908,0.26357112629992624,0.0005000078229987935,0.008760861221031375,1800000,18000000,19166400000,629.2
968,0.8298731263924711,0.27183946511927715,0.00035572438502445825,0.008731706967711477,1800000,18000000,19186200000,629.85
969,0.8324441504914362,0.26922594016433277,0.00026143373318647436,0.008702649733447719,1800000,18000000,19206000000,630.5
970,0.8330503978565621,0.27268280362556657,0.0021374011161498303,0.008673689195381645,1800000,18000000,19225800000,631.15
971,0.831984280946327,0.2704021915171488,0.0027818934266105023,0.0086448250317292,1800000,18000000,19245600000,631.8000000000001
972,0.8325469421911315,0.2704944190010965,0.002732792797963497,0.008616056921777155,1800000,18000000,19265400000,632.45
973,0.8306302499699346,0.2671135429436594,0.0012815043561572438,0.008587384545879555,1800000,18000000,19285200000,633.1
974,0.8305218835277357,0.2712794706605665,0.0014685707615912016,0.00855880758545414,1800000,18000000,19305000000,633.75
975,0.8325952697497068,0.26036195977572607,0.0015909152708558822,0.008530325722978842,1800000,18000000,19324800000,634.4
976,0.8318595183299515,0.26591460137138057,0.0007132297032717167,0.008501938641988227,1800000,18000000,19344600000,635.0500000000001
977,0.831663828557851,0.2669303821538075,0.00010346948420815395,0.00847364602706999,1800000,18000000,19364400000,635.7
978,0.831884104849921,0.26171080495063076,0.00027424474712943643,0.008445447563861456,1800000,18000000,19384200000,636.35
979,0.8339856105889111,0.27079976337139855,0.0,0.008417342939046071,1800000,18000000,19404000000,637.0
980,0.8333026208767087,0.26542000007408867,0.0001258915727204296,0.008389331840349944,1800000,18000000,19423800000,637.65
981,0.8337257281829745,0.2691876570832008,0.001099731298441414,0.008361413956538348,1800000,18000000,19443600000,638.3000000000001
982,0.8329343699702796,0.2694944422540643,6.22208010511759e-06,0.008333588977412296,1800000,18000000,19463400000,638.95
983,0.8307158618038691,0.2693800760539456,0.0005773742403973128,0.008305856593805061,1800000,18000000,19483200000,639.6
984,0.8304361544001935,0.2658415180196526,0.0021251663820234545,0.008278216497578768,1800000,18000000,19503000000,640.25
985,0.8331760589788882,0.2727080758752479,0.0010377877699644952,0.008250668381620944,1800000,18000000,19522800000,640.9
986,0.8312782566694967,0.2667046898167378,0.0005677426352783577,0.008223211939841133,1800000,18000000,19542600000,641.5500000000001
987,0.8314557019245395,0.2653003838951846,0.0004848680661323538,0.008195846867167478,1800000,18000000,19562400000,642.2
988,0.831974874463968,0.2734093266771956,0.0013678423720486623,0.008168572859543331,1800000,18000000,19582200000,642.85
989,0.8319026594217652,0.2715758041966172,0.00017423717688051842,0.008141389613923886,1800000,18000000,19602000000,643.5
990,0.8311452696300657,0.2679763056426784,0.0012236771868913174,0.008114296828272803,1800000,18000000,19621800000,644.15
991,0.8347859677803385,0.2658836912650451,0.0005510355248670105,0.008087294201558844,1800000,18000000,19641600000,644.8000000000001
992,0.831701901436272,0.27014349061431914,0.0031656941840191755,0.00806038143375255,1800000,18000000,19661400000,645.45
993,0.83594537512015,0.2646268880159942,0.0,0.008033558225822888,1800000,18000000,19681200000,646.1
994,0.8338396621460045,0.26637975331719765,0.0012597450610649032,0.008006824279733942,1800000,18000000,19701000000,646.75
995,0.8328571012834446,0.26858883061945044,0.0006759429688139697,0.00798017929844159,1800000,18000000,19720800000,647.4
996,0.8329550914275913,0.26884463802998326,0.0011484929966896513,0.007953622985890214,1800000,18000000,19740600000,648.0500000000001
997,0.8341209876507409,0.2692972234941738,0.0008884971878236829,0.007927155047009393,1800000,18000000,19760400000,648.7
998,0.8333019049918081,0.2651015867236637,0.0015993467949868686,0.007900775187710651,1800000,18000000,19780200000,649.35
999,0.8354911549134678,0.26017275780433013,0.0,0.007874483114884165,1800000,18000000,19800000000,650.0
