round,test_accuracy,train_objective,mfg,hfr_tau,downlink_bytes,uplink_bytes,cumulative_serialized_bytes,single_device_elapsed_seconds
0,0.5073606741185733,0.5944700862901948,0.030649768766369736,0.22,1800000,9000000,10800000,0.6000000000000001
1,0.5113821296509079,0.5884415694804276,0.030716586926429583,0.2192678875319951,1800000,9000000,21600000,1.2000000000000002
2,0.5162968656535566,0.5853094670852874,0.029813161190854448,0.21853821137610757,1800000,9000000,32400000,1.8000000000000003
3,0.5208164164891602,0.5851367020965343,0.027768314135133556,0.21781096342481698,1800000,9000000,43200000,2.4000000000000004
4,0.5289986637202447,0.5683852846814997,0.029181550434907003,0.21708613559758305,1800000,9000000,54000000,3.0000000000000004
5,0.5314702008413722,0.5714563066927391,0.02830340253663187,0.21636371984075584,1800000,9000000,64800000,3.6000000000000005
6,0.5385026528197107,0.5624897194363611,0.029418644882085083,0.21564370812748615,1800000,9000000,75600000,4.200000000000001
7,0.5433776373242285,0.566189825792564,0.02826184267353732,0.21492609245763647,1800000,9000000,86400000,4.800000000000001
8,0.5462659971434468,0.5560888467391186,0.028425558589737897,0.2142108648576919,1800000,9000000,97200000,5.4
9,0.5505367482100382,0.5521333421080695,0.026837280472922498,0.21349801738067178,1800000,9000000,108000000,6.000000000000001
10,0.5567437654903665,0.5431847053721606,0.030002715365205664,0.2127875421060413,1800000,9000000,118800000,6.600000000000001
11,0.5592764852590953,0.5402736552953848,0.028011134796003215,0.21207943113962338,1800000,9000000,129600000,7.200000000000001
12,0.5657489542766331,0.5291873366651706,0.029467309733182224,0.2113736766135111,1800000,9000000,140400000,7.800000000000001
13,0.5694849515042534,0.5330294963835149,0.027123947517316796,0.2106702706859803,1800000,9000000,151200000,8.400000000000002
14,0.5779652106577541,0.524436629116657,0.030127251816838844,0.20996920554140228,1800000,9000000,162000000,9.000000000000002
15,0.5772950045423564,0.5235749467694668,0.02790872618585424,0.20927047339015709,1800000,9000000,172800000,9.600000000000001
16,0.5860862732942475,0.5140899113483139,0.02881456096271103,0.208574066468547,1800000,9000000,183600000,10.200000000000001
17,0.5866474820770995,0.5107974194829824,0.027716024740262905,0.2078799770387102,1800000,9000000,194400000,10.8
18,0.5932061261459977,0.5011356033114905,0.02891843548191499,0.20718819738853472,1800000,9000000,205200000,11.400000000000002
19,0.5958693500926752,0.5026816569385287,0.027418869964812524,0.2064987198315729,1800000,9000000,216000000,12.000000000000002
20,0.5987677507622022,0.5005368814429346,0.026453488384770633,0.2058115367069559,1800000,9000000,226800000,12.600000000000001
21,0.6009212647072891,0.4946767008230365,0.027771618729122902,0.2051266403793086,1800000,9000000,237600000,13.200000000000003
22,0.6049665092831552,0.49862112943080134,0.027186589270032906,0.20444402323866478,1800000,9000000,248400000,13.800000000000002
23,0.6115493118228787,0.488207773551286,0.02768275197603649,0.20376367770038248,1800000,9000000,259200000,14.400000000000002
24,0.6160270380153424,0.4795156445302862,0.028134098536716515,0.20308559620505987,1800000,9000000,270000000,15.000000000000002
25,0.6180549648038409,0.4825210929806509,0.026158777367862086,0.20240977121845113,1800000,9000000,280800000,15.600000000000001
26,0.6236027864901496,0.47047743185261487,0.026689632623194636,0.20173619523138275,1800000,9000000,291600000,16.200000000000003
27,0.6250853964461223,0.47538447550162033,0.028003936287543253,0.2010648607596702,1800000,9000000,302400000,16.800000000000004
28,0.6274550277661002,0.4773376652269135,0.02667594785910104,0.20039576034403467,1800000,9000000,313200000,17.400000000000002
29,0.6307799976997107,0.46979880103388144,0.02765114494247563,0.19972888655002022,1800000,9000000,324000000,18.000000000000004
30,0.637230245607157,0.46260828490306544,0.02577027788163574,0.1990642319679111,1800000,9000000,334800000,18.6
31,0.6410298797773528,0.4560650944797538,0.026339103593181108,0.19840178921264964,1800000,9000000,345600000,19.200000000000003
32,0.640604699065776,0.45927047960312245,0.026201748044747394,0.19774155092375395,1800000,9000000,356400000,19.800000000000004
33,0.646323487544207,0.4512248430778733,0.026733227636967186,0.1970835097652362,1800000,9000000,367200000,20.400000000000002
34,0.6478833417048321,0.45219046447881395,0.026434770308513277,0.19642765842552126,1800000,9000000,378000000,21.000000000000004
35,0.6534238079077189,0.4512292974697818,0.02487288884753712,0.19577398961736522,1800000,9000000,388800000,21.6
36,0.6539318452163124,0.4458660721795248,0.026758058916735696,0.19512249607777465,1800000,9000000,399600000,22.200000000000003
37,0.6553631466265264,0.44077119899347056,0.027022051670613157,0.1944731705679257,1800000,9000000,410400000,22.800000000000004
38,0.6628188662117087,0.43393328205441045,0.026430755442028442,0.1938260058730838,1800000,9000000,421200000,23.400000000000002
39,0.6663386666411178,0.434196056562913,0.026104977280787138,0.1931809948025235,1800000,9000000,432000000,24.000000000000004
40,0.6645975160907519,0.43683584766964684,0.024597481433644864,0.19253813018944846,1800000,9000000,442800000,24.600000000000005
41,0.6713464379003734,0.4304276528289066,0.02287901661571404,0.19189740489091192,1800000,9000000,453600000,25.200000000000003
42,0.668786884251501,0.4288104850362416,0.02549257575897867,0.1912588117877373,1800000,9000000,464400000,25.800000000000004
43,0.6750010856481375,0.4253861781583537,0.024279750034002047,0.1906223437844391,1800000,9000000,475200000,26.400000000000006
44,0.6751997988458988,0.42963178798546897,0.02324924324385244,0.1899879938091441,1800000,9000000,486000000,27.000000000000004
45,0.6802852736275535,0.4223848785278819,0.024263845733141103,0.18935575481351272,1800000,9000000,496800000,27.600000000000005
46,0.6832023785983252,0.41516157243485,0.024386915258720256,0.1887256197726607,1800000,9000000,507600000,28.200000000000003
47,0.6852260917520429,0.4192892607421655,0.02637838901473266,0.1880975816850811,1800000,9000000,518400000,28.800000000000004
48,0.6881233933260555,0.41623757641292625,0.025708369140029868,0.1874716335725665,1800000,9000000,529200000,29.400000000000006
49,0.6903105307961043,0.4074360942377363,0.026087117631410257,0.18684776848013143,1800000,9000000,540000000,30.000000000000004
50,0.6887147012071287,0.41479062163423625,0.02263394785344698,0.1862259794759351,1800000,9000000,550800000,30.600000000000005
51,0.6939826034696015,0.4013791670213719,0.02497721947944838,0.18560625965120442,1800000,9000000,561600000,31.200000000000003
52,0.6919305086632214,0.4113219435901622,0.023573685120703788,0.18498860212015716,1800000,9000000,572400000,31.800000000000004
53,0.7017046344361278,0.4079146222771844,0.025299726683513688,0.18437300001992551,1800000,9000000,583200000,32.400000000000006
54,0.70232584071896,0.3988833933743125,0.024869932442351902,0.18375944651047985,1800000,9000000,594000000,33.00000000000001
55,0.7057217875533673,0.39705691427843187,0.02484199407199558,0.1831479347745526,1800000,9000000,604800000,33.60000000000001
56,0.7066578425091727,0.3899847210559206,0.024571362089734594,0.18253845801756263,1800000,9000000,615600000,34.2
57,0.7082546959105392,0.3907826597824718,0.02514608968025219,0.1819310094675397,1800000,9000000,626400000,34.800000000000004
58,0.7089355639580849,0.3896109351097419,0.02402779380129511,0.18132558237504928,1800000,9000000,637200000,35.400000000000006
59,0.710486966983873,0.39176922488761606,0.02363389276253117,0.18072217001311738,1800000,9000000,648000000,36.00000000000001
60,0.7130135809213783,0.38938291772230693,0.02262402033616097,0.18012076567715601,1800000,9000000,658800000,36.60000000000001
61,0.7175548237202433,0.38050070192774443,0.021772305742968793,0.1795213626848886,1800000,9000000,669600000,37.2
62,0.7187250758533874,0.3778720220069916,0.021655982847978917,0.17892395437627573,1800000,9000000,680400000,37.800000000000004
63,0.7194329050762324,0.37568105920015726,0.024473168171148488,0.17832853411344116,1800000,9000000,691200000,38.400000000000006
64,0.7219126635976435,0.37961289660155356,0.02454248499845577,0.17773509528059805,1800000,9000000,702000000,39.00000000000001
65,0.7238380714305709,0.3766613644856085,0.023592442035751865,0.17714363128397553,1800000,9000000,712800000,39.60000000000001
66,0.7235237238350477,0.3773659224534709,0.024257680185223854,0.17655413555174526,1800000,9000000,723600000,40.2
67,0.7269843922685204,0.3695927325557193,0.022500895888143812,0.17596660153394866,1800000,9000000,734400000,40.800000000000004
68,0.7286811497965676,0.37110002463733405,0.02230863299197779,0.1753810227024239,1800000,9000000,745200000,41.400000000000006
69,0.7295389812934121,0.3685782849537453,0.02297525563646228,0.17479739255073348,1800000,9000000,756000000,42.00000000000001
70,0.7330923059922484,0.3657424406767988,0.02207824669900631,0.17421570459409197,1800000,9000000,766800000,42.60000000000001
71,0.7326306595187001,0.36873161937102916,0.022484862331763444,0.17363595236929383,1800000,9000000,777600000,43.2
72,0.7350911705865718,0.3621740090605223,0.024046227106687315,0.17305812943464177,1800000,9000000,788400000,43.800000000000004
73,0.736020714057685,0.3682286759559796,0.021741028853407823,0.17248222936987492,1800000,9000000,799200000,44.400000000000006
74,0.7410514348104958,0.35810544453193954,0.022840960291125624,0.1719082457760978,1800000,9000000,810000000,45.00000000000001
75,0.7389427444163523,0.3594616716800746,0.020886750656933635,0.17133617227570908,1800000,9000000,820800000,45.60000000000001
76,0.7390647115271453,0.36541490407571725,0.02216024158244877,0.17076600251233054,1800000,9000000,831600000,46.20000000000001
77,0.7420122527314412,0.35133283714437785,0.022569353935043415,0.17019773015073678,1800000,9000000,842400000,46.800000000000004
78,0.743836763956069,0.35290886926287074,0.023182494417473547,0.16963134887678458,1800000,9000000,853200000,47.400000000000006
79,0.743846015249978,0.3535960575374671,0.022016278481774954,0.16906685239734287,1800000,9000000,864000000,48.00000000000001
80,0.7451838591371924,0.3523540288450954,0.021477480455644682,0.16850423444022272,1800000,9000000,874800000,48.60000000000001
81,0.7494493971431817,0.35150259614129015,0.020921392711745018,0.1679434887541077,1800000,9000000,885600000,49.20000000000001
82,0.7512723418371153,0.3480846227895665,0.020966158032555877,0.16738460910848446,1800000,9000000,896400000,49.800000000000004
83,0.7514917779163915,0.34405212953930786,0.02193735333908478,0.16682758929357333,1800000,9000000,907200000,50.400000000000006
84,0.7533187231051129,0.34269952579999624,0.019642109825552728,0.1662724231202596,1800000,9000000,918000000,51.00000000000001
85,0.7572994477729519,0.34295129144688347,0.023577391938571345,0.1657191044200245,1800000,9000000,928800000,51.60000000000001
86,0.7550836592231072,0.3445969311719078,0.021612299171789806,0.16516762704487678,1800000,9000000,939600000,52.20000000000001
87,0.7554525097262791,0.34799493123463837,0.019980749385106626,0.16461798486728435,1800000,9000000,950400000,52.80000000000001
88,0.7563833103621623,0.34497743338058234,0.020123826028148203,0.16407017178010627,1800000,9000000,961200000,53.400000000000006
89,0.7588081649062107,0.3450957094935676,0.019494782089964066,0.16352418169652483,1800000,9000000,972000000,54.00000000000001
90,0.7575688168294372,0.3451270270399035,0.020032204107567314,0.16298000854997793,1800000,9000000,982800000,54.60000000000001
91,0.760964684569206,0.3398210893493813,0.021862383608653335,0.16243764629409166,1800000,9000000,993600000,55.20000000000001
92,0.7621863798037902,0.33932242571394705,0.020940947217073937,0.16189708890261317,1800000,9000000,1004400000,55.80000000000001
93,0.7614814625308998,0.3421367327670688,0.020835059870851415,0.16135833036934363,1800000,9000000,1015200000,56.400000000000006
94,0.7666953168405091,0.33581131625008603,0.0200747163435626,0.1608213647080716,1800000,9000000,1026000000,57.00000000000001
95,0.7657821430891523,0.3340953272840399,0.021377194443233563,0.16028618595250646,1800000,9000000,1036800000,57.60000000000001
96,0.7674165375181684,0.3327976610306866,0.019891515258209324,0.159752788156212,1800000,9000000,1047600000,58.20000000000001
97,0.7665085638305649,0.3358998715397827,0.018994467698627917,0.15922116539254064,1800000,9000000,1058400000,58.80000000000001
98,0.7684000912952643,0.3308635437816426,0.017534455632315447,0.15869131175456724,1800000,9000000,1069200000,59.400000000000006
99,0.7675305045574845,0.33336008233728354,0.021033527843963104,0.15816322135502375,1800000,9000000,1080000000,60.00000000000001
100,0.7686692114249821,0.33257160523834794,0.020481209071058198,0.15763688832623365,1800000,9000000,1090800000,60.60000000000001
101,0.77196648720387,0.3280352834270444,0.019626872356579443,0.1571123068200467,1800000,9000000,1101600000,61.20000000000001
102,0.7718433787985332,0.3255994172826348,0.019637557797030497,0.15658947100777412,1800000,9000000,1112400000,61.80000000000001
103,0.7763329930604519,0.31994656956256823,0.021759123695738656,0.1560683750801238,1800000,9000000,1123200000,62.400000000000006
104,0.7770927407543906,0.3227404451158763,0.018901470424854107,0.1555490132471355,1800000,9000000,1134000000,63.00000000000001
105,0.7774483303903728,0.32309601394783105,0.0189609446355935,0.15503137973811695,1800000,9000000,1144800000,63.60000000000001
106,0.777579733158031,0.31966022639671937,0.018727247477053958,0.15451546880157935,1800000,9000000,1155600000,64.2
107,0.7776020995190983,0.32499181330375204,0.019888198429390675,0.15400127470517364,1800000,9000000,1166400000,64.80000000000001
108,0.7774918997452974,0.3284740368630098,0.019935676427830503,0.15348879173562682,1800000,9000000,1177200000,65.4
109,0.779265883492906,0.31846672332777254,0.01787667107159565,0.1529780141986784,1800000,9000000,1188000000,66.00000000000001
110,0.7796053494732011,0.3209503042636058,0.018172664888625085,0.15246893641901713,1800000,9000000,1198800000,66.60000000000001
111,0.7818389625515024,0.3189781070953969,0.01873188560446426,0.15196155274021803,1800000,9000000,1209600000,67.20000000000002
112,0.7821794231191925,0.3200736922378603,0.019977476868987987,0.1514558575246794,1800000,9000000,1220400000,67.80000000000001
113,0.7855858668437466,0.31518519775112186,0.01959790635782435,0.1509518451535604,1800000,9000000,1231200000,68.4
114,0.7838818286934743,0.30948390099301964,0.017423824654912958,0.15044951002671828,1800000,9000000,1242000000,69.00000000000001
115,0.7831190281281547,0.3148571424107033,0.019506927576117106,0.14994884656264654,1800000,9000000,1252800000,69.60000000000001
116,0.7833966808275087,0.316381776945347,0.020535921115625598,0.14944984919841262,1800000,9000000,1263600000,70.20000000000002
117,0.7835868645086539,0.3161586119637425,0.019128329723153745,0.14895251238959623,1800000,9000000,1274400000,70.80000000000001
118,0.7856292707621043,0.31213218685490457,0.019525051218834834,0.1484568306102277,1800000,9000000,1285200000,71.4
119,0.7864238270638955,0.3167626687766244,0.01800224768703132,0.14796279835272666,1800000,9000000,1296000000,72.00000000000001
120,0.7878125833723523,0.3142933023083589,0.017936910936002467,0.14747041012784065,1800000,9000000,1306800000,72.60000000000001
121,0.7877864728548589,0.3143500522157936,0.019633884862281004,0.14697966046458436,1800000,9000000,1317600000,73.20000000000002
122,0.7871366797158053,0.3083338433685128,0.017768709731625348,0.14649054391017868,1800000,9000000,1328400000,73.80000000000001
123,0.7925908277689552,0.3082613019403918,0.019070458870028336,0.14600305502999028,1800000,9000000,1339200000,74.4
124,0.7922069338595058,0.3084967752826087,0.019788489195294422,0.14551718840747094,1800000,9000000,1350000000,75.00000000000001
125,0.7919936007238885,0.31160126959193524,0.01794499278957544,0.14503293864409764,1800000,9000000,1360800000,75.60000000000001
126,0.793338958441371,0.30894613950814437,0.018049644764209925,0.1445503003593125,1800000,9000000,1371600000,76.20000000000002
127,0.7933626834105841,0.3110556998819498,0.016937157598128406,0.14406926819046292,1800000,9000000,1382400000,76.80000000000001
128,0.7933119102797584,0.30422273208023143,0.019272083838871155,0.14358983679274215,1800000,9000000,1393200000,77.4
129,0.7905742317257206,0.3107154940398982,0.016908871099113716,0.14311200083912964,1800000,9000000,1404000000,78.00000000000001
130,0.7955154226535509,0.30205586421313546,0.01641617136601546,0.14263575502033213,1800000,9000000,1414800000,78.60000000000001
131,0.7990753465802267,0.3038443662994628,0.015516027398857508,0.14216109404472455,1800000,9000000,1425600000,79.20000000000002
132,0.7943249845217469,0.3070649751587308,0.016991249831252556,0.14168801263829112,1800000,9000000,1436400000,79.80000000000001
133,0.7959913504531638,0.30381407887678025,0.015860263121479045,0.14121650554456688,1800000,9000000,1447200000,80.4
134,0.7975185311841223,0.2996486157135994,0.018721740555124558,0.14074656752457937,1800000,9000000,1458000000,81.00000000000001
135,0.7964914833185366,0.3022368997460641,0.01743347615308086,0.14027819335679012,1800000,9000000,1468800000,81.60000000000001
136,0.7989493284617026,0.2970344894745405,0.01641288710954612,0.13981137783703693,1800000,9000000,1479600000,82.20000000000002
137,0.799427733201913,0.3003039696490869,0.01758571806789431,0.13934611577847586,1800000,9000000,1490400000,82.80000000000001
138,0.8009415638494662,0.2941246070863847,0.01756573066443423,0.13888240201152371,1800000,9000000,1501200000,83.4
139,0.8008655497394764,0.30037880297630143,0.016851841621951684,0.13842023138380052,1800000,9000000,1512000000,84.00000000000001
140,0.8000168254920785,0.30114308040262777,0.016534261412981296,0.13795959876007233,1800000,9000000,1522800000,84.60000000000001
141,0.7980006820192941,0.30056575975074246,0.01724513040064894,0.13750049902219416,1800000,9000000,1533600000,85.20000000000002
142,0.8029109019267191,0.2982503967214484,0.017187184020668655,0.13704292706905308,1800000,9000000,1544400000,85.80000000000001
143,0.8012506389269128,0.29530865397740963,0.017402053069285918,0.13658687781651155,1800000,9000000,1555200000,86.4
144,0.8021753764840804,0.2990801356967001,0.017568574956808795,0.13613234619735098,1800000,9000000,1566000000,87.00000000000001
145,0.8054456233594144,0.28752836341662885,0.01773843876587367,0.1356793271612154,1800000,9000000,1576800000,87.60000000000001
146,0.8042597092617289,0.29632861407893635,0.017827588796749044,0.1352278156745552,1800000,9000000,1587600000,88.20000000000002
147,0.8063314577347422,0.2925956542991476,0.016602857001998834,0.13477780672057155,1800000,9000000,1598400000,88.80000000000001
148,0.8032101568757946,0.29664638258800674,0.016847725089568673,0.13432929529916027,1800000,9000000,1609200000,89.40000000000002
149,0.8052161438617853,0.2937700716590956,0.015857461889854107,0.13388227642685652,1800000,9000000,1620000000,90.00000000000001
150,0.8033816789903591,0.2950542125955174,0.017203733310177834,0.13343674513677936,1800000,9000000,1630800000,90.60000000000001
151,0.8059511689844728,0.299776950895192,0.01721920436203696,0.1329926964785765,1800000,9000000,1641600000,91.20000000000002
152,0.8060991174430219,0.2876968915327799,0.01552238756820404,0.13255012551836945,1800000,9000000,1652400000,91.80000000000001
153,0.805564885908658,0.2985205152382775,0.014990916729801004,0.1321090273386985,1800000,9000000,1663200000,92.40000000000002
154,0.8051013516079627,0.2889275273922359,0.016427011267075638,0.13166939703846825,1800000,9000000,1674000000,93.00000000000001
155,0.8068789308067573,0.28942729316122895,0.016934384153813542,0.13123122973289303,1800000,9000000,1684800000,93.60000000000001
156,0.8075194688036156,0.2971598746227605,0.01610026212664299,0.13079452055344276,1800000,9000000,1695600000,94.20000000000002
157,0.8083417724843325,0.29715327225353516,0.015129265945831373,0.13035926464778871,1800000,9000000,1706400000,94.80000000000001
158,0.807231394374432,0.2950428332743821,0.015294275098080443,0.12992545717974963,1800000,9000000,1717200000,95.40000000000002
159,0.807662072563315,0.29232641236158174,0.01451101956580986,0.12949309332923814,1800000,9000000,1728000000,96.00000000000001
160,0.8081832846097801,0.290787603546859,0.015220255856358358,0.129062168292207,1800000,9000000,1738800000,96.60000000000001
161,0.8084980971787575,0.289546469702327,0.01662115876417844,0.1286326772805958,1800000,9000000,1749600000,97.20000000000002
162,0.8136535844182475,0.28338371335864226,0.015822310064714663,0.12820461552227772,1800000,9000000,1760400000,97.80000000000001
163,0.8089213611789253,0.28395041724906944,0.015776461239489507,0.12777797826100667,1800000,9000000,1771200000,98.40000000000002
164,0.8102165025811184,0.286221500908296,0.016625272853408455,0.12735276075636423,1800000,9000000,1782000000,99.00000000000001
165,0.8113729429664474,0.29190615278316717,0.016054920930549794,0.12692895828370707,1800000,9000000,1792800000,99.60000000000001
166,0.8103114642906928,0.2802202523097316,0.014082275895964145,0.12650656613411448,1800000,9000000,1803600000,100.20000000000002
167,0.8105288692223673,0.28996027189888823,0.01543349907736455,0.12608557961433597,1800000,9000000,1814400000,100.80000000000001
168,0.8087681170265705,0.29419668332282994,0.013062555016227304,0.12566599404673928,1800000,9000000,1825200000,101.40000000000002
169,0.8118044940440184,0.2917973423161362,0.014249737149831096,0.12524780476925818,1800000,9000000,1836000000,102.00000000000001
170,0.8116547257028623,0.2858388177579855,0.015119176995829542,0.12483100713534084,1800000,9000000,1846800000,102.60000000000001
171,0.8119208245605091,0.2840919039001778,0.01644478270443583,0.12441559651389816,1800000,9000000,1857600000,103.20000000000002
172,0.810504833901973,0.2888998844873453,0.014192469629904895,0.12400156828925231,1800000,9000000,1868400000,103.80000000000001
173,0.8123872290425324,0.28659605973979224,0.013830773783655107,0.12358891786108542,1800000,9000000,1879200000,104.40000000000002
174,0.8124630473319079,0.2879813828709652,0.015028302381062226,0.12317764064438845,1800000,9000000,1890000000,105.00000000000001
175,0.8104538765394567,0.28811464614122795,0.012822393266072558,0.12276773206941036,1800000,9000000,1900800000,105.60000000000002
176,0.8173576023921294,0.28270749515573906,0.015218491447352876,0.1223591875816072,1800000,9000000,1911600000,106.20000000000002
177,0.8102756381095003,0.2892776247507682,0.01605308148489996,0.12195200264159156,1800000,9000000,1922400000,106.80000000000001
178,0.8160558633483955,0.2833821839705322,0.013830165798034961,0.12154617272508213,1800000,9000000,1933200000,107.40000000000002
179,0.8140218209567464,0.2866085611154647,0.014495896880237483,0.12114169332285347,1800000,9000000,1944000000,108.00000000000001
180,0.8159234079594313,0.28439809078272243,0.01608860544084473,0.12073855994068583,1800000,9000000,1954800000,108.60000000000002
181,0.8148682358812027,0.2829808058986264,0.015186984644323099,0.12033676809931522,1800000,9000000,1965600000,109.20000000000002
182,0.8125928316283441,0.28692092369711136,0.013894884535444709,0.11993631333438377,1800000,9000000,1976400000,109.80000000000001
183,0.8150969156328016,0.28597578525027106,0.014763876700766163,0.11953719119638996,1800000,9000000,1987200000,110.40000000000002
184,0.817018675282159,0.2867501958921395,0.013937301169094075,0.11913939725063923,1800000,9000000,1998000000,111.00000000000001
185,0.8146593008855019,0.2851239194447111,0.01423627752938979,0.11874292707719478,1800000,9000000,2008800000,111.60000000000002
186,0.8163119098436761,0.28447087394473114,0.013715818085855327,0.11834777627082839,1800000,9000000,2019600000,112.20000000000002
187,0.8161493994572364,0.28234027290528796,0.014407793729735796,0.11795394044097147,1800000,9000000,2030400000,112.80000000000001
188,0.8167236186338552,0.27908243290836693,0.0125927462426374,0.11756141521166627,1800000,9000000,2041200000,113.40000000000002
189,0.8160805213257623,0.2834424579222653,0.014005800280644267,0.11717019622151738,1800000,9000000,2052000000,114.00000000000001
190,0.8154061771050042,0.2815788702344667,0.013696042834960613,0.11678027912364307,1800000,9000000,2062800000,114.60000000000002
191,0.8155793589736582,0.28533789742253207,0.014637017667164381,0.11639165958562711,1800000,9000000,2073600000,115.20000000000002
192,0.8136950192813549,0.28854420994108826,0.01291941849635318,0.11600433328947068,1800000,9000000,2084400000,115.80000000000001
193,0.8163156235902012,0.2802382421585977,0.014201390683625456,0.11561829593154425,1800000,9000000,2095200000,116.40000000000002
194,0.8170099163169595,0.28530112423876336,0.016624443112941232,0.11523354322253988,1800000,9000000,2106000000,117.00000000000001
195,0.8180617983709251,0.28087299519390413,0.012880801862879005,0.11485007088742354,1800000,9000000,2116800000,117.60000000000002
196,0.8170888137723029,0.2843890939565909,0.012273677604779765,0.11446787466538752,1800000,9000000,2127600000,118.20000000000002
197,0.8178057679824804,0.2807631370933141,0.01284311387225335,0.11408695030980319,1800000,9000000,2138400000,118.80000000000001
198,0.8167405795994097,0.2816480921740745,0.014376422778689994,0.11370729358817382,1800000,9000000,2149200000,119.40000000000002
199,0.81402750570591,0.28878977754857554,0.013801292626024718,0.1133289002820875,1800000,9000000,2160000000,120.00000000000001
200,0.8196566353517555,0.28005433518046013,0.01443355038527871,0.11295176618717025,1800000,9000000,2170800000,120.60000000000002
201,0.8152183043922956,0.28655144489121676,0.011787708765738874,0.11257588711303934,1800000,9000000,2181600000,121.20000000000002
202,0.8148591941636102,0.2867365985626613,0.013064082293987941,0.11220125888325679,1800000,9000000,2192400000,121.80000000000001
203,0.815872279656353,0.2880573825550561,0.014405988457487716,0.11182787733528282,1800000,9000000,2203200000,122.40000000000002
204,0.8188881295087723,0.27936790695241753,0.012263725568219364,0.1114557383204297,1800000,9000000,2214000000,123.00000000000001
205,0.8148842676123182,0.28494280793408244,0.013465813725082952,0.11108483770381573,1800000,9000000,2224800000,123.60000000000002
206,0.8172758165697539,0.2803208594514648,0.01334677894742073,0.11071517136431909,1800000,9000000,2235600000,124.20000000000002
207,0.814065838620045,0.2866209224176253,0.011786996312097241,0.11034673519453223,1800000,9000000,2246400000,124.80000000000001
208,0.8167008204757603,0.2845593486610079,0.01140530105990031,0.10997952510071608,1800000,9000000,2257200000,125.40000000000002
209,0.8145552976660514,0.28408348770168224,0.013287535529437351,0.10961353700275477,1800000,9000000,2268000000,126.00000000000001
210,0.8175928438414558,0.2849043193344104,0.012996191804787316,0.1092487668341101,1800000,9000000,2278800000,126.60000000000002
211,0.8166778151683679,0.2822253794274445,0.012439024292339687,0.10888521054177641,1800000,9000000,2289600000,127.20000000000002
212,0.816249216048872,0.2853087562447177,0.011896083642228814,0.10852286408623565,1800000,9000000,2300400000,127.80000000000003
213,0.8170445543904039,0.28465425253679677,0.014668207332675263,0.10816172344141232,1800000,9000000,2311200000,128.4
214,0.8176923715249869,0.2830886662896436,0.01143850997559197,0.1078017845946289,1800000,9000000,2322000000,129.00000000000003
215,0.8170298820529758,0.28539197432134533,0.013693586464417883,0.10744304354656116,1800000,9000000,2332800000,129.60000000000002
216,0.8164064498810526,0.2836728798295657,0.011709681258051108,0.10708549631119377,1800000,9000000,2343600000,130.20000000000002
217,0.8162013345348932,0.2823937399539617,0.012726702670213221,0.10672913891577596,1800000,9000000,2354400000,130.8
218,0.8183404178039863,0.28131635531025473,0.012736277873525608,0.1063739674007775,1800000,9000000,2365200000,131.4
219,0.8153552741708863,0.28724703725192446,0.013119751811423873,0.10601997781984454,1800000,9000000,2376000000,132.00000000000003
220,0.8174499542277385,0.2766039495638205,0.012092891764745501,0.10566716623975587,1800000,9000000,2386800000,132.60000000000002
221,0.8131500188710509,0.2839271417362717,0.011051168741124759,0.10531552874037918,1800000,9000000,2397600000,133.20000000000002
222,0.8174708015216534,0.27787625410244704,0.013160343704477011,0.10496506141462757,1800000,9000000,2408400000,133.8
223,0.8168809210294348,0.2811336369455409,0.014058515527954283,0.10461576036841601,1800000,9000000,2419200000,134.40000000000003
224,0.8184591684438193,0.28126041699021326,0.010256095108014559,0.10426762172061814,1800000,9000000,2430000000,135.00000000000003
225,0.8154786899326889,0.28538623975532296,0.01350337783418517,0.10392064160302324,1800000,9000000,2440800000,135.60000000000002
226,0.8144997395642358,0.288576772672172,0.010091461734199331,0.10357481616029306,1800000,9000000,2451600000,136.20000000000002
227,0.8173040688478915,0.2783699214760724,0.012632883270071716,0.10323014154991914,1800000,9000000,2462400000,136.8
228,0.8170618778304232,0.28281644414110124,0.012693833675849274,0.10288661394218003,1800000,9000000,2473200000,137.40000000000003
229,0.8155296351992094,0.28227180511671557,0.012065470156195432,0.10254422952009878,1800000,9000000,2484000000,138.00000000000003
230,0.8151089479722884,0.2846472970516657,0.013645435560132405,0.10220298447940052,1800000,9000000,2494800000,138.60000000000002
231,0.8128831859091672,0.28222175522667325,0.011063748540353104,0.10186287502847018,1800000,9000000,2505600000,139.20000000000002
232,0.8172387894024922,0.2836465642560949,0.01258485404727884,0.10152389738831034,1800000,9000000,2516400000,139.8
233,0.8162520654352394,0.28370143216472365,0.010692277150263,0.1011860477924993,1800000,9000000,2527200000,140.40000000000003
234,0.8143162052118804,0.2902954384966544,0.012829611076255226,0.10084932248714917,1800000,9000000,2538000000,141.00000000000003
235,0.8171634707991681,0.28039228898712537,0.0126445563780243,0.10051371773086425,1800000,9000000,2548800000,141.60000000000002
236,0.8162233091872898,0.28411079901856584,0.012652390050734954,0.1001792297946993,1800000,9000000,2559600000,142.20000000000002
237,0.819008267193352,0.2726968375736404,0.009984499535248149,0.09984585496211829,1800000,9000000,2570400000,142.8
238,0.8186743375096769,0.27979734462565525,0.010199716791776812,0.09951358952895295,1800000,9000000,2581200000,143.40000000000003
239,0.8156137212427181,0.28549201301304616,0.0120319432900739,0.09918242980336175,1800000,9000000,2592000000,144.00000000000003
240,0.8145455473601073,0.2821214575191011,0.010908701583066834,0.09885237210578875,1800000,9000000,2602800000,144.60000000000002
241,0.8171318422578936,0.2850655274374742,0.01323506296119039,0.09852341276892282,1800000,9000000,2613600000,145.20000000000002
242,0.8145502660909512,0.27983211656796575,0.011979319178270042,0.09819554813765684,1800000,9000000,2624400000,145.8
243,0.8172919981415293,0.27956822017156135,0.011170189824150044,0.09786877456904704,1800000,9000000,2635200000,146.40000000000003
244,0.8166025021438292,0.27914210584652477,0.010916968565233966,0.09754308843227269,1800000,9000000,2646000000,147.00000000000003
245,0.8153680061303227,0.2851266923291483,0.01059786083162003,0.09721848610859557,1800000,9000000,2656800000,147.60000000000002
246,0.8157030277981978,0.28442010995752004,0.011075649918540747,0.09689496399131985,1800000,9000000,2667600000,148.20000000000002
247,0.8170780195465576,0.28761942943954677,0.01022791341824024,0.09657251848575199,1800000,9000000,2678400000,148.8
248,0.8160777809840625,0.28660754573855873,0.010262454248299755,0.09625114600916085,1800000,9000000,2689200000,149.40000000000003
249,0.8180672396696091,0.28853445618995766,0.010790710642127442,0.09593084299073784,1800000,9000000,2700000000,150.00000000000003
250,0.8162706901356412,0.28023621411797983,0.009978128104255586,0.0956116058715572,1800000,9000000,2710800000,150.60000000000002
251,0.817841196336479,0.2806082878167173,0.011943931393586677,0.0952934311045366,1800000,9000000,2721600000,151.20000000000002
252,0.8127190127509965,0.28763306433446706,0.009941485747575174,0.09497631515439754,1800000,9000000,2732400000,151.8
253,0.8139077711910174,0.2849627780712155,0.008969345341927506,0.0946602544976262,1800000,9000000,2743200000,152.40000000000003
254,0.8170341884239837,0.2850674351904088,0.010009757788266507,0.09434524562243425,1800000,9000000,2754000000,153.00000000000003
255,0.8146370813012441,0.29048446747190043,0.010930047026804049,0.09403128502871988,1800000,9000000,2764800000,153.60000000000002
256,0.8166547703242601,0.28289074167962336,0.009968441409488804,0.09371836922802874,1800000,9000000,2775600000,154.20000000000002
257,0.8146100634509404,0.28474798942629836,0.009819852961181525,0.09340649474351545,1800000,9000000,2786400000,154.8
258,0.8145566150808811,0.28492713332953223,0.009358111966326087,0.09309565810990474,1800000,9000000,2797200000,155.40000000000003
259,0.8163020035818943,0.28666324665641624,0.011685255829199383,0.09278585587345302,1800000,9000000,2808000000,156.00000000000003
260,0.8148873321477259,0.2896088649041927,0.01026744458508987,0.09247708459191002,1800000,9000000,2818800000,156.60000000000002
261,0.816629163884904,0.2837851844998341,0.010995341012945041,0.09216934083448058,1800000,9000000,2829600000,157.20000000000002
262,0.8147086969426911,0.2839660219221749,0.01057719329233412,0.09186262118178642,1800000,9000000,2840400000,157.8
263,0.8180757124864715,0.2808231158523769,0.010789634554753092,0.09155692222582827,1800000,9000000,2851200000,158.40000000000003
264,0.8169331781988963,0.2794977088606238,0.011353484365029295,0.0912522405699479,1800000,9000000,2862000000,159.00000000000003
265,0.818951109467979,0.2775631212955304,0.01030173474071407,0.09094857282879044,1800000,9000000,2872800000,159.60000000000002
266,0.8151917518850544,0.28773809847675935,0.011368702391212323,0.09064591562826678,1800000,9000000,2883600000,160.20000000000002
267,0.815593122500329,0.2855333685235188,0.010595820612869403,0.090344265605516,1800000,9000000,2894400000,160.8
268,0.8151353422170284,0.2894886323999548,0.01073008148986295,0.0900436194088681,1800000,9000000,2905200000,161.40000000000003
269,0.816506848525076,0.27632118571382974,0.010738382528970252,0.08974397369780665,1800000,9000000,2916000000,162.00000000000003
270,0.8156370752881722,0.28492472019573917,0.011523083724048746,0.08944532514293181,1800000,9000000,2926800000,162.60000000000002
271,0.8183844115890246,0.281780284406587,0.010360595482797497,0.08914767042592323,1800000,9000000,2937600000,163.20000000000002
272,0.8190724612844149,0.27840890351103703,0.011840827774911132,0.08885100623950319,1800000,9000000,2948400000,163.8
273,0.8176347857022204,0.2750935908693112,0.009199075140912408,0.08855532928739991,1800000,9000000,2959200000,164.40000000000003
274,0.8181778693484246,0.2792101009575518,0.010516702224959602,0.08826063628431091,1800000,9000000,2970000000,165.00000000000003
275,0.8149397185979546,0.28648208317740104,0.009040173800296605,0.08796692395586642,1800000,9000000,2980800000,165.60000000000002
276,0.8158947015405011,0.2883167326166556,0.008602474125959094,0.08767418903859311,1800000,9000000,2991600000,166.20000000000002
277,0.814030848227918,0.2825600755373424,0.00990362178416173,0.0873824282798778,1800000,9000000,3002400000,166.8
278,0.8158911805305865,0.2803273036329419,0.012278077354267178,0.08709163843793126,1800000,9000000,3013200000,167.40000000000003
279,0.8154005091142653,0.28143229196835556,0.009367091281993672,0.08680181628175224,1800000,9000000,3024000000,168.00000000000003
280,0.8152396571379427,0.2882323491036651,0.009289741571350308,0.08651295859109161,1800000,9000000,3034800000,168.60000000000002
281,0.8144416862281191,0.2806371466937184,0.010580122506715988,0.0862250621564165,1800000,9000000,3045600000,169.20000000000002
282,0.8176893554691187,0.2806083940320358,0.008557979248552151,0.08593812377887465,1800000,9000000,3056400000,169.8
283,0.8148842301839192,0.28354221204040825,0.010202864321882315,0.08565214027025891,1800000,9000000,3067200000,170.40000000000003
284,0.8169383909116086,0.28591295021886315,0.011822634357243515,0.08536710845297184,1800000,9000000,3078000000,171.00000000000003
285,0.817927961752592,0.28075940008239775,0.008888293132693759,0.08508302515999028,1800000,9000000,3088800000,171.60000000000002
286,0.8159017964086354,0.28945073368638,0.00828117298675542,0.08479988723483026,1800000,9000000,3099600000,172.20000000000002
287,0.8141269802070276,0.28524760194120086,0.009586237958819842,0.08451769153151197,1800000,9000000,3110400000,172.8
288,0.8171625146570618,0.2829360600667701,0.01135676690928053,0.08423643491452465,1800000,9000000,3121200000,173.40000000000003
289,0.8150859376153936,0.2873019966091772,0.009316411457671073,0.08395611425879189,1800000,9000000,3132000000,174.00000000000003
290,0.8152076877671736,0.2847312458006057,0.008803871013538092,0.08367672644963688,1800000,9000000,3142800000,174.60000000000002
291,0.81405293076697,0.2865798196089295,0.010674452519164067,0.08339826838274775,1800000,9000000,3153600000,175.20000000000002
292,0.813460617051455,0.2831257249374684,0.008236005239085747,0.08312073696414307,1800000,9000000,3164400000,175.80000000000004
293,0.8149599844935824,0.2868133515229327,0.00860414680564482,0.08284412911013761,1800000,9000000,3175200000,176.40000000000003
294,0.8156769832169776,0.28205868231024733,0.008905898805871771,0.0825684417473079,1800000,9000000,3186000000,177.00000000000003
295,0.8147792123219774,0.28449661931228704,0.010520250792747425,0.08229367181245818,1800000,9000000,3196800000,177.60000000000002
296,0.8175355987794903,0.2756492054279556,0.009548081178105702,0.08201981625258635,1800000,9000000,3207600000,178.20000000000002
297,0.8169169451581489,0.28111550985606554,0.00870908823868845,0.08174687202485005,1800000,9000000,3218400000,178.80000000000004
298,0.8148065148584378,0.28926734155974726,0.010876897028713507,0.08147483609653282,1800000,9000000,3229200000,179.40000000000003
299,0.8152228839847189,0.2831225051916284,0.00915349395303078,0.08120370544501043,1800000,9000000,3240000000,180.00000000000003
300,0.8164141763220559,0.28725722270852366,0.007740628858851619,0.08093347705771732,1800000,9000000,3250800000,180.60000000000002
301,0.8176058504299948,0.2873802401866881,0.011162617196108851,0.08066414793211302,1800000,9000000,3261600000,181.20000000000002
302,0.8158467943847438,0.28522010688547855,0.009002365689097696,0.080395715075649,1800000,9000000,3272400000,181.80000000000004
303,0.8143700367893608,0.28411213554649634,0.00877235007879308,0.08012817550573513,1800000,9000000,3283200000,182.40000000000003
304,0.8177124219354013,0.2759884447208171,0.009402976442803714,0.0798615262497068,1800000,9000000,3294000000,183.00000000000003
305,0.8174006057132808,0.2827915832850682,0.007021672699600936,0.07959576434479178,1800000,9000000,3304800000,183.60000000000002
306,0.8158195496461855,0.2824553202109354,0.008489772726777783,0.07933088683807722,1800000,9000000,3315600000,184.20000000000002
307,0.815717173644365,0.28513472272094387,0.007993206268195514,0.07906689078647704,1800000,9000000,3326400000,184.80000000000004
308,0.8141882606227426,0.28635381894266415,0.008920651336562236,0.07880377325669904,1800000,9000000,3337200000,185.40000000000003
309,0.814210890357816,0.28716624186897205,0.00791061966315281,0.07854153132521242,1800000,9000000,3348000000,186.00000000000003
310,0.816853014974301,0.2861387317869707,0.007602958233666155,0.07828016207821521,1800000,9000000,3358800000,186.60000000000002
311,0.8160168069322362,0.29035954929007424,0.007822769727133643,0.07801966261160202,1800000,9000000,3369600000,187.20000000000002
312,0.8121329226824271,0.2867674479895356,0.009551254827448162,0.07776003003093164,1800000,9000000,3380400000,187.80000000000004
313,0.8166606653828278,0.28189049974853475,0.009498602356214858,0.07750126145139492,1800000,9000000,3391200000,188.40000000000003
314,0.8184813683359988,0.2777220514881475,0.007848278643053687,0.07724335399778277,1800000,9000000,3402000000,189.00000000000003
315,0.8139910360283464,0.28873957746235657,0.007985131319256253,0.07698630480445418,1800000,9000000,3412800000,189.60000000000002
316,0.8174022798963987,0.2759871616386442,0.008364047931018926,0.07673011101530436,1800000,9000000,3423600000,190.20000000000002
317,0.8164221874057739,0.2859012046459572,0.007974773115425021,0.07647476978373298,1800000,9000000,3434400000,190.80000000000004
318,0.813957221802098,0.28779788658136274,0.00832721033086337,0.07622027827261263,1800000,9000000,3445200000,191.40000000000003
319,0.814807121890752,0.28720392392923266,0.009173368074947934,0.07596663365425728,1800000,9000000,3456000000,192.00000000000003
320,0.8163746299969943,0.2832756601506785,0.008450936396366205,0.07571383311039072,1800000,9000000,3466800000,192.60000000000002
321,0.8165437834322414,0.2864957595304891,0.010533663526402387,0.07546187383211546,1800000,9000000,3477600000,193.20000000000002
322,0.8186223608894764,0.28253138400308864,0.006601419593562023,0.07521075301988138,1800000,9000000,3488400000,193.80000000000004
323,0.816168554266764,0.2881569795800995,0.011129062787241007,0.07496046788345459,1800000,9000000,3499200000,194.40000000000003
324,0.8172515754339289,0.2810098939061407,0.009002696575348731,0.0747110156418866,1800000,9000000,3510000000,195.00000000000003
325,0.8129773007868217,0.2884686457632002,0.008067687690864623,0.07446239352348329,1800000,9000000,3520800000,195.60000000000002
326,0.8166191555290304,0.2844369956438769,0.008791920928486477,0.07421459876577408,1800000,9000000,3531600000,196.20000000000002
327,0.8168432030731689,0.28206153117398924,0.008542995043924582,0.07396762861548134,1800000,9000000,3542400000,196.80000000000004
328,0.8175487136379044,0.28625311609943505,0.008252819552913045,0.07372148032848977,1800000,9000000,3553200000,197.40000000000003
329,0.8170476762232983,0.28480489659583585,0.008834009731377282,0.07347615116981583,1800000,9000000,3564000000,198.00000000000003
330,0.8155818674097772,0.2792133855760911,0.009205939500086495,0.07323163841357751,1800000,9000000,3574800000,198.60000000000002
331,0.8144005381500425,0.2836192782316149,0.008849041327457778,0.07298793934296385,1800000,9000000,3585600000,199.20000000000002
332,0.8160971189807055,0.28092279318416946,0.00773891993947972,0.0727450512502049,1800000,9000000,3596400000,199.80000000000004
333,0.8168795045560878,0.2829992695031316,0.008553846029716358,0.0725029714365416,1800000,9000000,3607200000,200.40000000000003
334,0.8175211343202079,0.28556928326054865,0.006762337763471292,0.07226169721219572,1800000,9000000,3618000000,201.00000000000003
335,0.8182581677464511,0.2819779463397696,0.005440525103310188,0.07202122589634008,1800000,9000000,3628800000,201.60000000000002
336,0.8154122559359069,0.2824598625961985,0.0068739358492724174,0.07178155481706869,1800000,9000000,3639600000,202.20000000000002
337,0.8144510821883477,0.28574722651550644,0.006899430986715465,0.0715426813113671,1800000,9000000,3650400000,202.80000000000004
338,0.8180689576243456,0.2799355035004522,0.00773150289422145,0.07130460272508277,1800000,9000000,3661200000,203.40000000000003
339,0.8180438614236784,0.2850576663657444,0.007805923569991594,0.07106731641289565,1800000,9000000,3672000000,204.00000000000003
340,0.8139921575938395,0.2844683858150758,0.007379753210188867,0.0708308197382887,1800000,9000000,3682800000,204.60000000000002
341,0.818146792230157,0.28023278895017734,0.007165718976867859,0.07059511007351867,1800000,9000000,3693600000,205.20000000000002
342,0.8150656112370934,0.2830691822321048,0.004933435151045121,0.07036018479958688,1800000,9000000,3704400000,205.80000000000004
343,0.8175393823700128,0.28289121427421443,0.006381032125327659,0.07012604130621002,1800000,9000000,3715200000,206.40000000000003
344,0.8158541861102572,0.2874050814592533,0.008546690948672497,0.06989267699179139,1800000,9000000,3726000000,207.00000000000003
345,0.8163844270134032,0.2875823517793525,0.0069667687473890854,0.06966008926339172,1800000,9000000,3736800000,207.60000000000002
346,0.8161876554847682,0.28375699250117586,0.006651937663704019,0.06942827553670051,1800000,9000000,3747600000,208.20000000000002
347,0.8151538258326605,0.28756132734945966,0.007312064223188839,0.06919723323600736,1800000,9000000,3758400000,208.80000000000004
348,0.819061180268384,0.2799585349451408,0.005920176798695114,0.06896695979417317,1800000,9000000,3769200000,209.40000000000003
349,0.8180881750828152,0.2792891895130731,0.005613207992642079,0.06873745265260178,1800000,9000000,3780000000,210.00000000000003
350,0.8149805471298944,0.27929016280059393,0.007171826485215523,0.06850870926121148,1800000,9000000,3790800000,210.60000000000002
351,0.816093664035271,0.28419214620959504,0.006887514414176054,0.06828072707840671,1800000,9000000,3801600000,211.20000000000005
352,0.8178777022484675,0.2813333405180344,0.008936197374132383,0.06805350357104971,1800000,9000000,3812400000,211.80000000000004
353,0.8169571310319241,0.2878969634070275,0.008804643175402806,0.06782703621443252,1800000,9000000,3823200000,212.40000000000003
354,0.8164185908488913,0.28874568879440415,0.008148571946527709,0.06760132249224887,1800000,9000000,3834000000,213.00000000000003
355,0.8159617976441341,0.2821311760843795,0.007748399878284023,0.06737635989656618,1800000,9000000,3844800000,213.60000000000002
356,0.8135683885560865,0.2831523971525755,0.006571019200400872,0.06715214592779772,1800000,9000000,3855600000,214.20000000000005
357,0.8185557253830192,0.2848575970963294,0.0071153674464853114,0.0669286780946749,1800000,9000000,3866400000,214.80000000000004
358,0.8134756259793527,0.28089676878551395,0.006534080011456408,0.06670595391421945,1800000,9000000,3877200000,215.40000000000003
359,0.8179316636527144,0.28483963769652565,0.006576859258992937,0.066483970911716,1800000,9000000,3888000000,216.00000000000003
360,0.8152557079491702,0.28307806096754295,0.007828569150140692,0.06626272662068447,1800000,9000000,3898800000,216.60000000000002
361,0.8153718632374891,0.2860821385034942,0.007847236708437438,0.06604221858285264,1800000,9000000,3909600000,217.20000000000005
362,0.8154693330249593,0.2879562182602835,0.006984231447150827,0.06582244434812895,1800000,9000000,3920400000,217.80000000000004
363,0.8165263738540194,0.28052882562014336,0.005382965911589342,0.06560340147457523,1800000,9000000,3931200000,218.40000000000003
364,0.8143390135496482,0.2877214899424307,0.006080455222844154,0.06538508752837947,1800000,9000000,3942000000,219.00000000000003
365,0.8156245742700997,0.2828454570240084,0.0057309682881510424,0.06516750008382895,1800000,9000000,3952800000,219.60000000000002
366,0.8172843672986302,0.2848273560689729,0.007738606194613677,0.06495063672328313,1800000,9000000,3963600000,220.20000000000005
367,0.8148797267535659,0.290425157679518,0.0053185654364346704,0.0647344950371469,1800000,9000000,3974400000,220.80000000000004
368,0.8152349180028384,0.28461496047562224,0.006637171735440576,0.06451907262384375,1800000,9000000,3985200000,221.40000000000003
369,0.8162141569188858,0.281989385485699,0.007102971334137206,0.06430436708978908,1800000,9000000,3996000000,222.00000000000003
370,0.8180404761934674,0.27966617156737916,0.0071635058084360236,0.06409037604936363,1800000,9000000,4006800000,222.60000000000002
371,0.8165283489881334,0.28178533551793294,0.006920196105928178,0.063877097124887,1800000,9000000,4017600000,223.20000000000005
372,0.8126595492015548,0.28340639581110577,0.00733177620532338,0.06366452794659114,1800000,9000000,4028400000,223.80000000000004
373,0.8160565695386829,0.2807571457355904,0.00601626420799254,0.06345266615259412,1800000,9000000,4039200000,224.40000000000003
374,0.8182019328792877,0.280290852911351,0.004627566637020216,0.06324150938887384,1800000,9000000,4050000000,225.00000000000003
375,0.8166444290618944,0.28483354021383184,0.006816929935802193,0.06303105530924182,1800000,9000000,4060800000,225.60000000000002
376,0.8156070537470888,0.283255112941889,0.00607796041034214,0.06282130157531728,1800000,9000000,4071600000,226.20000000000005
377,0.8156615244483081,0.2888391967988273,0.006148437378667661,0.06261224585650099,1800000,9000000,4082400000,226.80000000000004
378,0.815730186421556,0.28241993741235233,0.008041117662245842,0.06240388582994949,1800000,9000000,4093200000,227.40000000000003
379,0.8164578032324035,0.28856833492402684,0.007010740458345713,0.06219621918054922,1800000,9000000,4104000000,228.00000000000003
380,0.8175959108080693,0.285041067414003,0.005930799882347383,0.061989243600890837,1800000,9000000,4114800000,228.60000000000002
381,0.8169671512573974,0.2747804123518253,0.00619634135108122,0.06178295679124355,1800000,9000000,4125600000,229.20000000000005
382,0.8186176833655586,0.2841719201734855,0.006366369798982855,0.06157735645952957,1800000,9000000,4136400000,229.80000000000004
383,0.8165035990719538,0.2831808943010322,0.007238154837525007,0.061372440321298655,1800000,9000000,4147200000,230.40000000000003
384,0.8164939278403989,0.2760053457475963,0.004243811306552402,0.06116820609970271,1800000,9000000,4158000000,231.00000000000003
385,0.8167358422139315,0.2848691849533886,0.007553886261325474,0.0609646515254705,1800000,9000000,4168800000,231.60000000000002
386,0.8151381538044469,0.2822733889628411,0.005304122925290042,0.060761774336882464,1800000,9000000,4179600000,232.20000000000005
387,0.814210278194397,0.2836380122172792,0.006646294327485725,0.06055957227974552,1800000,9000000,4190400000,232.80000000000004
388,0.8169678463827518,0.28343219506747275,0.00465455939277189,0.06035804310736805,1800000,9000000,4201200000,233.40000000000003
389,0.8173896138320812,0.2800391030241043,0.007260293186946236,0.060157184580534956,1800000,9000000,4212000000,234.00000000000003
390,0.8164558254181006,0.28359136459391937,0.006657407800947198,0.05995699446748277,1800000,9000000,4222800000,234.60000000000002
391,0.8181206452747378,0.2790488768963144,0.004956003882581276,0.05975747054387485,1800000,9000000,4233600000,235.20000000000005
392,0.8120308685774887,0.289371210306024,0.004364886717393612,0.05955861059277665,1800000,9000000,4244400000,235.80000000000004
393,0.8163415402186097,0.2855056347721118,0.006104162316367719,0.0593604124046311,1800000,9000000,4255200000,236.40000000000003
394,0.8152947585387762,0.2879291661228841,0.00669420175264408,0.0591628737772341,1800000,9000000,4266000000,237.00000000000003
395,0.816026522451672,0.2871975524156909,0.005106483303130618,0.05896599251570996,1800000,9000000,4276800000,237.60000000000002
396,0.816758397291091,0.2839944509859852,0.0064389584793267465,0.058769766432487075,1800000,9000000,4287600000,238.20000000000005
397,0.8166686959987255,0.2828316055322978,0.004777924645449056,0.05857419334727365,1800000,9000000,4298400000,238.80000000000004
398,0.8163612497040539,0.2819661110831644,0.006724520675444674,0.05837927108703333,1800000,9000000,4309200000,239.40000000000003
399,0.8132657658507347,0.2830568244671943,0.006262422187050927,0.05818499748596127,1800000,9000000,4320000000,240.00000000000003
400,0.8169543737007947,0.28283209618588734,0.006549015481307693,0.05799137038545989,1800000,9000000,4330800000,240.60000000000002
401,0.8170532668604856,0.2847229662711589,0.005042728934842819,0.05779838763411496,1800000,9000000,4341600000,241.20000000000005
402,0.8158060461840899,0.28409066639972314,0.005553637844234369,0.05760604708767172,1800000,9000000,4352400000,241.80000000000004
403,0.8177782399083563,0.28173534461570154,0.007030539139945628,0.057414346609011,1800000,9000000,4363200000,242.40000000000003
404,0.8187902903027534,0.2753019061228105,0.007684967861839278,0.05722328406812549,1800000,9000000,4374000000,243.00000000000003
405,0.8166107286052944,0.2845249262110274,0.008468952696592163,0.05703285734209613,1800000,9000000,4384800000,243.60000000000002
406,0.8158594137608763,0.2791849273982127,0.006141130138472574,0.05684306431506844,1800000,9000000,4395600000,244.20000000000005
407,0.8173068280240041,0.2792223061122167,0.0038042243187126627,0.05665390287822906,1800000,9000000,4406400000,244.80000000000004
408,0.8169147628941543,0.28460330723060834,0.006056392385045725,0.056465370929782294,1800000,9000000,4417200000,245.40000000000003
409,0.8157705568750413,0.2848808293549163,0.0058692116011143805,0.05627746637492678,1800000,9000000,4428000000,246.00000000000003
410,0.8162345379422576,0.27607934239163284,0.006467669865176676,0.05609018712583219,1800000,9000000,4438800000,246.60000000000002
411,0.8179836520983121,0.2833074019933564,0.0038680529615098295,0.05590353110161606,1800000,9000000,4449600000,247.20000000000005
412,0.8157537080334218,0.2798972706014283,0.00681695788533641,0.05571749622832065,1800000,9000000,4460400000,247.80000000000004
413,0.8133300621031737,0.28399965972456553,0.004543601138265991,0.05553208043888989,1800000,9000000,4471200000,248.40000000000003
414,0.8161688071555155,0.2839603487980359,0.006436011348210078,0.05534728167314643,1800000,9000000,4482000000,249.00000000000003
415,0.8153267120892821,0.2840136392887763,0.006484230319381982,0.05516309787776877,1800000,9000000,4492800000,249.60000000000002
416,0.8157411221815111,0.2835066323513291,0.0054252952332068,0.05497952700626836,1800000,9000000,4503600000,250.20000000000005
417,0.8144563271299491,0.28543950352364317,0.006610055836047075,0.054796567018967006,1800000,9000000,4514400000,250.80000000000004
418,0.8169487644739677,0.2836115561055936,0.005113624229814897,0.05461421588297405,1800000,9000000,4525200000,251.40000000000003
419,0.8155546324332642,0.2919361177188295,0.005632833620330316,0.05443247157216389,1800000,9000000,4536000000,252.00000000000003
420,0.8152787894613678,0.28351394890526915,0.006666804334019568,0.05425133206715343,1800000,9000000,4546800000,252.60000000000005
421,0.8160895660259335,0.28372994063294876,0.004749293389712906,0.05407079535527962,1800000,9000000,4557600000,253.20000000000005
422,0.817183091448248,0.2834333149904091,0.004079631305367067,0.05389085943057717,1800000,9000000,4568400000,253.80000000000004
423,0.8162038321214313,0.2874974920918124,0.005509008709013902,0.05371152229375616,1800000,9000000,4579200000,254.40000000000003
424,0.8171600769661277,0.2844605295122615,0.004979894336795993,0.053532781952179885,1800000,9000000,4590000000,255.00000000000003
425,0.8144089048960852,0.28881110076921757,0.005193453377486229,0.05335463641984271,1800000,9000000,4600800000,255.60000000000005
426,0.8168810197880498,0.2848444819926176,0.005764129257971626,0.05317708371734802,1800000,9000000,4611600000,256.20000000000005
427,0.8163735013765687,0.2830472973386871,0.006001089536545477,0.05300012187188616,1800000,9000000,4622400000,256.8
428,0.8164102150521342,0.2814512038593088,0.006020229835502571,0.05282374891721258,1800000,9000000,4633200000,257.40000000000003
429,0.8155894305418644,0.27979184358543185,0.0049033915629012,0.052647962893626,1800000,9000000,4644000000,258.00000000000006
430,0.8151421704627647,0.27793055625469415,0.004445632484759113,0.05247276184794653,1800000,9000000,4654800000,258.6
431,0.8126734594018757,0.29083921927539685,0.005203607893724252,0.05229814383349411,1800000,9000000,4665600000,259.20000000000005
432,0.8171480216296646,0.2789279342194019,0.004698134993693533,0.05212410691006679,1800000,9000000,4676400000,259.8
433,0.8130578694114721,0.284898210517662,0.004836371748116956,0.051950649143919156,1800000,9000000,4687200000,260.40000000000003
434,0.8154774724306233,0.2852934513813682,0.005334302197033351,0.05177776860774092,1800000,9000000,4698000000,261.00000000000006
435,0.8168115881411296,0.28433843298245026,0.005915809828837815,0.051605463380635486,1800000,9000000,4708800000,261.6
436,0.8173323039368815,0.28026243241408594,0.004355382023496207,0.05143373154809852,1800000,9000000,4719600000,262.20000000000005
437,0.8169584197035311,0.2785834530754604,0.005692576620578574,0.051262571201996794,1800000,9000000,4730400000,262.8
438,0.8181690459151029,0.28242663630147563,0.0047634895361154134,0.05109198044054694,1800000,9000000,4741200000,263.40000000000003
439,0.8160959619425383,0.2850245650964091,0.004057622467227409,0.05092195736829428,1800000,9000000,4752000000,264.00000000000006
440,0.817425708647443,0.28374822347004386,0.00519777203320943,0.05075250009609183,1800000,9000000,4762800000,264.6
441,0.8174707710389675,0.28151225952834674,0.004004455838184268,0.05058360674107924,1800000,9000000,4773600000,265.20000000000005
442,0.8185050611352055,0.2815922242304355,0.005181427193925094,0.05041527542666197,1800000,9000000,4784400000,265.8
443,0.8154788175487238,0.285318328788494,0.004693350106455451,0.05024750428249035,1800000,9000000,4795200000,266.40000000000003
444,0.8134526729571139,0.2957456596142966,0.004390693296584946,0.050080291444438804,1800000,9000000,4806000000,267.00000000000006
445,0.8158751401941959,0.28013972131185483,0.004506651858339801,0.0499136350545852,1800000,9000000,4816800000,267.6
446,0.8170659266096837,0.28378235419245756,0.004768403341959868,0.04974753326119018,1800000,9000000,4827600000,268.20000000000005
447,0.8179898229426606,0.2804132533029139,0.003287708124895373,0.04958198421867652,1800000,9000000,4838400000,268.80000000000007
448,0.8147079633884212,0.284671605157384,0.005375874582370463,0.04941698608760872,1800000,9000000,4849200000,269.40000000000003
449,0.8176610592234447,0.2777584231567305,0.005475354571790811,0.04925253703467255,1800000,9000000,4860000000,270.00000000000006
450,0.8168928744439874,0.2841545703492644,0.00537764506921316,0.04908863523265456,1800000,9000000,4870800000,270.6
451,0.8173553044258802,0.2849121333242275,0.0053621571637392906,0.04892527886042197,1800000,9000000,4881600000,271.20000000000005
452,0.8144268340774767,0.2838989279154414,0.006111706569904663,0.048762466102902295,1800000,9000000,4892400000,271.80000000000007
453,0.8158177866631369,0.28460209678498816,0.005607257672107616,0.0486001951510632,1800000,9000000,4903200000,272.40000000000003
454,0.8166344728319015,0.27472593250900457,0.0071994916361911715,0.04843846420189246,1800000,9000000,4914000000,273.00000000000006
455,0.8161815337835241,0.2841168693960911,0.0055931164217115515,0.04827727145837786,1800000,9000000,4924800000,273.6
456,0.815181783310075,0.27923131586875544,0.00609521575847312,0.04811661512948724,1800000,9000000,4935600000,274.20000000000005
457,0.8179375527641954,0.283769336167585,0.005946358587103422,0.047956493430148656,1800000,9000000,4946400000,274.80000000000007
458,0.8145337202490153,0.28764710859720505,0.004894494500359633,0.047796904581230454,1800000,9000000,4957200000,275.40000000000003
459,0.8150753617137594,0.2862999300159324,0.005752004137095744,0.04763784680952156,1800000,9000000,4968000000,276.00000000000006
460,0.8141853346261537,0.27927222346290026,0.004975348133524903,0.04747931834771174,1800000,9000000,4978800000,276.6
461,0.8145000878949482,0.2838431226708067,0.0050679537140849015,0.04732131743437206,1800000,9000000,4989600000,277.20000000000005
462,0.8169888462417967,0.28276667882065104,0.0021466625935286448,0.047163842313935146,1800000,9000000,5000400000,277.80000000000007
463,0.814140299301472,0.2880994597198464,0.005914244235946104,0.04700689123667585,1800000,9000000,5011200000,278.40000000000003
464,0.8166531316115614,0.28322093371250334,0.0061733793112372926,0.04685046245869167,1800000,9000000,5022000000,279.00000000000006
465,0.8175996316755768,0.28459563946009925,0.004225566633444899,0.04669455424188347,1800000,9000000,5032800000,279.6
466,0.8171716459333371,0.28528723402372125,0.004855524102313636,0.04653916485393615,1800000,9000000,5043600000,280.20000000000005
467,0.8164624891191326,0.2889521246431051,0.003925863267545497,0.046384292568299325,1800000,9000000,5054400000,280.80000000000007
468,0.8165340549504256,0.2843417783361084,0.004223708116771415,0.04622993566416824,1800000,9000000,5065200000,281.40000000000003
469,0.8199585596054159,0.27394683743803877,0.00397336324008811,0.046076092426464606,1800000,9000000,5076000000,282.00000000000006
470,0.8159882674789718,0.278809164917126,0.004292181842005559,0.04592276114581752,1800000,9000000,5086800000,282.6
471,0.8180491249550027,0.2854493860632451,0.004224967469133905,0.0457699401185445,1800000,9000000,5097600000,283.20000000000005
472,0.8157646050371234,0.27963194195739244,0.005651368374327454,0.04561762764663259,1800000,9000000,5108400000,283.80000000000007
473,0.8164579048189001,0.28353936723533946,0.00430293886018257,0.045465822037719386,1800000,9000000,5119200000,284.40000000000003
474,0.8135853092285028,0.2893915079355555,0.0023526369236902714,0.045314521605074355,1800000,9000000,5130000000,285.00000000000006
475,0.8165335050208423,0.2883803871640425,0.004777070511782509,0.04516372466758004,1800000,9000000,5140800000,285.6
476,0.8145422008995488,0.28172264939172453,0.0035244237933093536,0.04501342954971334,1800000,9000000,5151600000,286.20000000000005
477,0.8185691809863904,0.27761446586651845,0.004333224888310023,0.04486363458152695,1800000,9000000,5162400000,286.80000000000007
478,0.8165285943862657,0.2820290022005253,0.005184507553006534,0.044714338098630825,1800000,9000000,5173200000,287.40000000000003
479,0.8156335816711545,0.28452252991000504,0.005825145591589681,0.04456553844217358,1800000,9000000,5184000000,288.00000000000006
480,0.8168225349671342,0.28124891697353477,0.005536258102961909,0.04441723395882419,1800000,9000000,5194800000,288.6
481,0.8161069258462358,0.28503356468091573,0.005569673842645646,0.04426942300075353,1800000,9000000,5205600000,289.20000000000005
482,0.8143016100740715,0.2817828339890255,0.005557766618498664,0.04412210392561611,1800000,9000000,5216400000,289.80000000000007
483,0.8152304920669358,0.2838027646291914,0.0037532821158927547,0.04397527509653179,1800000,9000000,5227200000,290.40000000000003
484,0.8153795259084121,0.2837700721830737,0.004478430231638836,0.043828934882067634,1800000,9000000,5238000000,291.00000000000006
485,0.8158086832510266,0.2846557759525678,0.0047766535522094315,0.043683081656219744,1800000,9000000,5248800000,291.6
486,0.817728831497573,0.2851592272419935,0.00530843702494321,0.043537713798395224,1800000,9000000,5259600000,292.20000000000005
487,0.8154798389995562,0.2862780166924967,0.00467689899930855,0.04339282969339417,1800000,9000000,5270400000,292.80000000000007
488,0.8164086000112252,0.2829021144208433,0.003937347372296099,0.04324842773139169,1800000,9000000,5281200000,293.40000000000003
489,0.8164913753839896,0.2830113231391967,0.005012917903840731,0.04310450630792006,1800000,9000000,5292000000,294.00000000000006
490,0.818010333003773,0.2827583326193932,0.0037606675706936613,0.04296106382385086,1800000,9000000,5302800000,294.6
491,0.8149919158894025,0.28758736664810763,0.0035709235050989815,0.042818098685377254,1800000,9000000,5313600000,295.20000000000005
492,0.8160511416132514,0.2874193750507603,0.003754103107386776,0.04267560930399622,1800000,9000000,5324400000,295.80000000000007
493,0.8168248795792328,0.28580260194874285,0.003831455859392485,0.04253359409649095,1800000,9000000,5335200000,296.40000000000003
494,0.8159008208430294,0.2839871898943226,0.003167501666519204,0.04239205148491322,1800000,9000000,5346000000,297.00000000000006
495,0.8175170659622087,0.2862366259788065,0.003183183697811762,0.04225097989656591,1800000,9000000,5356800000,297.6
496,0.8152291847821949,0.2908486713834076,0.005328034961872627,0.042110377763985456,1800000,9000000,5367600000,298.20000000000005
497,0.8141062584645403,0.2891213426181228,0.0036122604645929457,0.041970243524924504,1800000,9000000,5378400000,298.80000000000007
498,0.8171429057315942,0.28344486346073505,0.001918582467916124,0.04183057562233452,1800000,9000000,5389200000,299.40000000000003
499,0.8162561200576858,0.2855265701717589,0.004292095078492865,0.04169137250434846,1800000,9000000,5400000000,300.00000000000006
500,0.8139210499436519,0.2883785225870347,0.003132214080446158,0.041552632624263605,1800000,9000000,5410800000,300.6
501,0.8172352992860437,0.28353478761553885,0.0047984827062958904,0.0414143544405243,1800000,9000000,5421600000,301.20000000000005
502,0.8141114287180662,0.28454685155309684,0.005378984444417445,0.04127653641670483,1800000,9000000,5432400000,301.80000000000007
503,0.8166570148463436,0.2924539342266516,0.005201429716724413,0.04113917702149243,1800000,9000000,5443200000,302.40000000000003
504,0.8146647507669653,0.2835555361719869,0.0039559559085236475,0.04100227472867019,1800000,9000000,5454000000,303.00000000000006
505,0.8175393735388603,0.28084919195749203,0.0023413962939060353,0.0408658280171001,1800000,9000000,5464800000,303.6
506,0.8177346250260492,0.2788437393901034,0.004738280588633251,0.04072983537070618,1800000,9000000,5475600000,304.20000000000005
507,0.8169103035516495,0.2820158528619831,0.004302420827781744,0.04059429527845764,1800000,9000000,5486400000,304.80000000000007
508,0.8154934361001575,0.2801804018358358,0.003892946648987598,0.04045920623435205,1800000,9000000,5497200000,305.40000000000003
509,0.8148192181220718,0.281002966311232,0.0045001681759564306,0.040324566737398634,1800000,9000000,5508000000,306.00000000000006
510,0.8154408346981742,0.2879743741095829,0.004489916843267331,0.040190375291601625,1800000,9000000,5518800000,306.6
511,0.8149781442799359,0.28777063477765835,0.0029817699425425674,0.04005663040594355,1800000,9000000,5529600000,307.20000000000005
512,0.8164270204237786,0.28153982999182425,0.0032891162650741422,0.03992333059436875,1800000,9000000,5540400000,307.80000000000007
513,0.8168604956107478,0.27826200937486023,0.004066381259759865,0.03979047437576686,1800000,9000000,5551200000,308.40000000000003
514,0.813780148455696,0.2912408171414644,0.0022510036633828314,0.039658060273956276,1800000,9000000,5562000000,309.00000000000006
515,0.8134697931043365,0.28881280772870893,0.002869437053756612,0.039526086817667866,1800000,9000000,5572800000,309.6
516,0.8179715115536823,0.28263145278165175,0.0033973027700136185,0.03939455254052851,1800000,9000000,5583600000,310.20000000000005
517,0.81552312665352,0.28288922358605295,0.0045635230564124735,0.039263455981044894,1800000,9000000,5594400000,310.80000000000007
518,0.8135228793950534,0.2841602458223374,0.003253151534766204,0.039132795682587256,1800000,9000000,5605200000,311.40000000000003
519,0.8180282182081485,0.2745859915459463,0.003557501783132751,0.03900257019337312,1800000,9000000,5616000000,312.00000000000006
520,0.8160569155663862,0.28552149814799055,0.00495842923548275,0.03887277806645128,1800000,9000000,5626800000,312.6
521,0.8143145027102936,0.28780568976488374,0.005339051026140089,0.03874341785968567,1800000,9000000,5637600000,313.20000000000005
522,0.8152196915103161,0.2869449329280731,0.0040083441421635314,0.03861448813573931,1800000,9000000,5648400000,313.80000000000007
523,0.8172436325631083,0.28351643976227997,0.00406387042118715,0.0384859874620584,1800000,9000000,5659200000,314.40000000000003
524,0.8171486158671117,0.28152752106961915,0.0034630860062801255,0.03835791441085635,1800000,9000000,5670000000,315.00000000000006
525,0.816721858381986,0.28378553985300164,0.0034534377020968236,0.03823026755909793,1800000,9000000,5680800000,315.6
526,0.8149215657988853,0.2872876217674747,0.0028516638376974105,0.038103045488483485,1800000,9000000,5691600000,316.20000000000005
527,0.8160336502940888,0.2856859721097308,0.0046303445642562405,0.03797624678543314,1800000,9000000,5702400000,316.80000000000007
528,0.8161361976566054,0.2830771708312913,0.001435382641484937,0.03784987004107112,1800000,9000000,5713200000,317.40000000000003
529,0.8153107360748271,0.28046849457949236,0.003465659032548671,0.03772391385121006,1800000,9000000,5724000000,318.00000000000006
530,0.8157032443557831,0.2828837816357533,0.0019862846409803604,0.03759837681633546,1800000,9000000,5734800000,318.6
531,0.8187591587639655,0.2801177235068242,0.003509135957018437,0.037473257541590074,1800000,9000000,5745600000,319.20000000000005
532,0.8170692798949974,0.28145548555006505,0.0011598903123447011,0.03734855463675846,1800000,9000000,5756400000,319.80000000000007
533,0.8152405748919398,0.2833272995491158,0.0035008015315113046,0.037224266716251495,1800000,9000000,5767200000,320.40000000000003
534,0.8149158521338667,0.28504765540697335,0.004145519834624236,0.037100392399091006,1800000,9000000,5778000000,321.00000000000006
535,0.8166413500637597,0.28641796603552,0.005690440870980966,0.03697693030889443,1800000,9000000,5788800000,321.6
536,0.8158942315060385,0.28554346729620106,0.004202499210729342,0.03685387907385949,1800000,9000000,5799600000,322.20000000000005
537,0.8155750410873088,0.2880541511248655,0.003969039905019281,0.036731237326748954,1800000,9000000,5810400000,322.80000000000007
538,0.8169949795691688,0.2784521708830724,0.005413554817233843,0.036609003704875506,1800000,9000000,5821200000,323.40000000000003
539,0.816913563444847,0.2773354378033479,0.0019402100904382753,0.036487176850086525,1800000,9000000,5832000000,324.00000000000006
540,0.8161930187781677,0.2811006730718115,0.0022357407574561568,0.036365755408749034,1800000,9000000,5842800000,324.6
541,0.8163564296982156,0.2900384728064994,0.002820717786633704,0.036244738031734676,1800000,9000000,5853600000,325.20000000000005
542,0.8170757796004914,0.2842179783837608,0.004274591960693108,0.03612412337440466,1800000,9000000,5864400000,325.80000000000007
543,0.8163615680452867,0.28470804708252506,0.0030449489508100162,0.03600391009659489,1800000,9000000,5875200000,326.40000000000003
544,0.8165307482574194,0.2831020434293605,0.004948947996988492,0.035884096862601064,1800000,9000000,5886000000,327.00000000000006
545,0.816913651098233,0.2886136441085271,0.0031537200278394617,0.03576468234116376,1800000,9000000,5896800000,327.6
546,0.8151332258732253,0.28179637004923525,0.0028519982500658523,0.035645665205453765,1800000,9000000,5907600000,328.20000000000005
547,0.8167477137404957,0.2829081157498848,0.00409046468182646,0.035527044133057226,1800000,9000000,5918400000,328.80000000000007
548,0.8171836056813135,0.2817598172957325,0.002024740901120905,0.035408817805960995,1800000,9000000,5929200000,329.40000000000003
549,0.8177482935739809,0.28537555345750865,0.004832513650910039,0.035290984910538004,1800000,9000000,5940000000,330.00000000000006
550,0.815034426673255,0.283198150300183,0.004142599614904406,0.03517354413753266,1800000,9000000,5950800000,330.6
551,0.8159591191078422,0.2834643755419649,0.0040363963689460415,0.03505649418204626,1800000,9000000,5961600000,331.20000000000005
552,0.8163446869809113,0.28151709647564405,0.0036040197685873725,0.03493983374352255,1800000,9000000,5972400000,331.80000000000007
553,0.814299216101964,0.28909223097863535,0.00464717640422249,0.03482356152573324,1800000,9000000,5983200000,332.40000000000003
554,0.8170053136083621,0.27839313225448575,0.0028520017691367958,0.03470767623676358,1800000,9000000,5994000000,333.00000000000006
555,0.8167486332503299,0.2856463517895352,0.002144214383474413,0.034592176588998075,1800000,9000000,6004800000,333.6
556,0.8127305428146273,0.29150069381577703,0.0030830838806982317,0.03447706129910612,1800000,9000000,6015600000,334.20000000000005
557,0.8163260561851075,0.2831247641875969,0.0023324173089570932,0.03436232908802773,1800000,9000000,6026400000,334.80000000000007
558,0.817444481912134,0.2823089250475419,0.002729777969690369,0.034247978680959405,1800000,9000000,6037200000,335.40000000000003
559,0.8192903773747542,0.27784739838633515,0.005072786830599434,0.03413400880733988,1800000,9000000,6048000000,336.00000000000006
560,0.8163316745913703,0.2879691223223716,0.004080868206153178,0.03402041820083606,1800000,9000000,6058800000,336.6
561,0.8145348481418043,0.28612446114001017,0.0048559832285423295,0.03390720559932891,1800000,9000000,6069600000,337.20000000000005
562,0.8134947072947306,0.2874097354954023,0.00325644679702243,0.033794369744899494,1800000,9000000,6080400000,337.80000000000007
563,0.8176229856733648,0.2855570208892025,0.0023915192223262936,0.033681909383814906,1800000,9000000,6091200000,338.40000000000003
564,0.8180731537651489,0.283404987319807,0.0011965249212875352,0.033569823266514455,1800000,9000000,6102000000,339.00000000000006
565,0.8165831997952995,0.2830615898984199,0.003863124278766379,0.03345811014759566,1800000,9000000,6112800000,339.6
566,0.8147047887168629,0.283234700283273,0.002974911401451443,0.03334676878580049,1800000,9000000,6123600000,340.20000000000005
567,0.8130163090055611,0.2827336668588521,0.0027729859139981553,0.03323579794400159,1800000,9000000,6134400000,340.80000000000007
568,0.8128736595992289,0.29043969170882744,0.0013687060743324904,0.03312519638918843,1800000,9000000,6145200000,341.40000000000003
569,0.8163781974773845,0.2876311794601965,0.002565389616421011,0.03301496289245373,1800000,9000000,6156000000,342.00000000000006
570,0.8167216480058087,0.28369486217656714,0.003809030975865558,0.03290509622897971,1800000,9000000,6166800000,342.6
571,0.81706656279644,0.2886758752412579,0.003372962274000944,0.03279559517802455,1800000,9000000,6177600000,343.20000000000005
572,0.8153189762470404,0.2875409469036098,0.0036756766104577877,0.032686458522908766,1800000,9000000,6188400000,343.80000000000007
573,0.8154808797179538,0.28570737537012264,0.0018988113491922023,0.03257768505100174,1800000,9000000,6199200000,344.40000000000003
574,0.8149501456986076,0.28308685021947616,0.003437704449948507,0.03246927355370822,1800000,9000000,6210000000,345.00000000000006
575,0.8163782998145631,0.2870651255081194,0.0022840594859600298,0.03236122282645489,1800000,9000000,6220800000,345.6
576,0.8127264340101015,0.2899231798618798,0.003463541989153677,0.03225353166867703,1800000,9000000,6231600000,346.20000000000005
577,0.8177469377177068,0.2893989007562367,0.004265947236858671,0.03214619888380508,1800000,9000000,6242400000,346.80000000000007
578,0.8154991918161452,0.28320919536787936,0.002290385318740965,0.032039223279251454,1800000,9000000,6253200000,347.40000000000003
579,0.817568607375521,0.28150583730827217,0.0038037689276871375,0.03193260366639722,1800000,9000000,6264000000,348.00000000000006
580,0.8166799142756321,0.2855199102757276,0.0033719539094325983,0.031826338860578916,1800000,9000000,6274800000,348.6000000000001
581,0.8152820796013172,0.2855836422580399,0.001782975213818429,0.03172042768107538,1800000,9000000,6285600000,349.20000000000005
582,0.8158039123722602,0.2848464363371764,0.0025333588752048538,0.031614868951094645,1800000,9000000,6296400000,349.80000000000007
583,0.8158111573465353,0.28564279700262024,0.0036558042712229863,0.03150966149776084,1800000,9000000,6307200000,350.40000000000003
584,0.8163703324312208,0.2812988111212066,0.004461451802370876,0.03140480415210119,1800000,9000000,6318000000,351.00000000000006
585,0.8150992158679757,0.2864649323988976,0.0008898927272912344,0.03130029574903299,1800000,9000000,6328800000,351.6000000000001
586,0.8140376865149026,0.28065083606178004,0.0031611264544795245,0.031196135127350685,1800000,9000000,6339600000,352.20000000000005
587,0.816898897299608,0.28402587861574147,0.0031526907999367844,0.03109232112971296,1800000,9000000,6350400000,352.80000000000007
588,0.8149385200099589,0.2793078543999934,0.0017906499871211676,0.0309888526026299,1800000,9000000,6361200000,353.40000000000003
589,0.8160378741602025,0.2805233434593648,0.0023520901505421576,0.030885728396450124,1800000,9000000,6372000000,354.00000000000006
590,0.816446558000125,0.2842957777582413,0.002669147738543486,0.03078294736534807,1800000,9000000,6382800000,354.6000000000001
591,0.8166979139617557,0.28409661301246586,0.0,0.030680508367311208,1800000,9000000,6393600000,355.20000000000005
592,0.8159610626256021,0.2853314413260571,0.0026152158915649796,0.030578410264127404,1800000,9000000,6404400000,355.80000000000007
593,0.818051061012812,0.2789199872502811,0.002936641950195396,0.030476651921372246,1800000,9000000,6415200000,356.40000000000003
594,0.8159797701604925,0.2864253932594633,0.0022258102209236266,0.03037523220839642,1800000,9000000,6426000000,357.00000000000006
595,0.8148931207042833,0.284526219957069,0.0038518726571889683,0.030274149998313186,1800000,9000000,6436800000,357.6000000000001
596,0.8182864848389002,0.27880704175383986,0.004079108017281759,0.030173404167985855,1800000,9000000,6447600000,358.20000000000005
597,0.8174339829098728,0.2803914967294178,0.0013972287527944185,0.030072993598015248,1800000,9000000,6458400000,358.80000000000007
598,0.8138906929403251,0.2898009589396949,0.0026302920579608455,0.029972917172727348,1800000,9000000,6469200000,359.40000000000003
599,0.8154335279049386,0.28630699546070854,0.0010603183434994697,0.02987317378016085,1800000,9000000,6480000000,360.00000000000006
600,0.8157371942266508,0.2846895978633215,0.001688805651540614,0.029773762312054794,1800000,9000000,6490800000,360.6000000000001
601,0.817121953883165,0.2835083825550444,0.0014502658290648615,0.029674681663836296,1800000,9000000,6501600000,361.20000000000005
602,0.8148251119184438,0.282004659920611,0.0023801173297710587,0.029575930734608246,1800000,9000000,6512400000,361.80000000000007
603,0.8169510426513629,0.28587924198084674,0.001190498430224494,0.029477508427137096,1800000,9000000,6523200000,362.40000000000003
604,0.8142007282575527,0.2851093548054102,0.0033306013158753605,0.029379413647840618,1800000,9000000,6534000000,363.00000000000006
605,0.81656841612721,0.2811421943483688,0.0019852528708140965,0.02928164530677581,1800000,9000000,6544800000,363.6000000000001
606,0.815633812448069,0.28305459522290105,0.004647216672565894,0.02918420231762678,1800000,9000000,6555600000,364.20000000000005
607,0.8172869922905197,0.2804445973415898,0.00195720044911203,0.029087083597692635,1800000,9000000,6566400000,364.80000000000007
608,0.8184721623498299,0.28598039485034055,0.001045160355187248,0.028990288067875493,1800000,9000000,6577200000,365.40000000000003
609,0.8153701646039818,0.28750097554572046,0.004376058328646322,0.028893814652668486,1800000,9000000,6588000000,366.00000000000006
610,0.8149834912084799,0.2890703809918273,0.002989996033228891,0.028797662280143754,1800000,9000000,6598800000,366.6000000000001
611,0.8168018493230069,0.2822256051036996,0.003856275085101806,0.028701829881940626,1800000,9000000,6609600000,367.20000000000005
612,0.816961726581266,0.2840812565752304,0.001276137458588093,0.0286063163932537,1800000,9000000,6620400000,367.80000000000007
613,0.8162423939758989,0.2850692723167828,0.0018897916971060444,0.028511120752821004,1800000,9000000,6631200000,368.40000000000003
614,0.8164416286863561,0.2804875152947865,0.003571741901950741,0.028416241902912216,1800000,9000000,6642000000,369.00000000000006
615,0.8176317880895585,0.2789291076075517,0.002446162402115161,0.02832167878931693,1800000,9000000,6652800000,369.6000000000001
616,0.8157289168613414,0.2813097001017263,0.003170376645615836,0.028227430361332895,1800000,9000000,6663600000,370.20000000000005
617,0.8137664425532899,0.28388655256466777,0.003837564756220528,0.028133495571754392,1800000,9000000,6674400000,370.80000000000007
618,0.8170695852462008,0.28526738060767465,0.00300921534490274,0.028039873376860563,1800000,9000000,6685200000,371.40000000000003
619,0.8157229804506753,0.28418937608845407,0.003992553176780128,0.027946562736403842,1800000,9000000,6696000000,372.00000000000006
620,0.8158003735705145,0.27949455627173314,0.002408170491145614,0.027853562613598382,1800000,9000000,6706800000,372.6000000000001
621,0.8172256398579498,0.2815504601874091,0.0026930277792339067,0.02776087197510853,1800000,9000000,6717600000,373.20000000000005
622,0.8152622568699252,0.28207251412948,0.002603172249159056,0.027668489791037327,1800000,9000000,6728400000,373.80000000000007
623,0.8132833517514932,0.2836957278490277,0.003837865360818966,0.027576415034915123,1800000,9000000,6739200000,374.40000000000003
624,0.8126969224662073,0.286313886812709,0.004624416133617193,0.027484646683688132,1800000,9000000,6750000000,375.00000000000006
625,0.817078025904207,0.2819567759076739,0.00022882370336046705,0.02739318371770705,1800000,9000000,6760800000,375.6000000000001
626,0.8160150348106552,0.2875980358063558,0.0033054438668210437,0.027302025120715785,1800000,9000000,6771600000,376.20000000000005
627,0.8152711653205731,0.29028479230409965,0.0023589684194144076,0.027211169879840062,1800000,9000000,6782400000,376.80000000000007
628,0.8169521265900896,0.28884112921465155,0.0033036065386836044,0.02712061698557629,1800000,9000000,6793200000,377.40000000000003
629,0.8162176741114604,0.2842763945892853,0.0007437694813042127,0.027030365431780265,1800000,9000000,6804000000,378.00000000000006
630,0.8183032555174435,0.28876710730986277,0.0033592931500998034,0.02694041421565602,1800000,9000000,6814800000,378.6000000000001
631,0.8124851100061297,0.28725980343860225,0.003122226147383794,0.026850762337744662,1800000,9000000,6825600000,379.20000000000005
632,0.8159157694998733,0.284034437067859,0.0024401836012573706,0.026761408801913317,1800000,9000000,6836400000,379.80000000000007
633,0.8188159786823905,0.2776275473408485,0.0033578425904387432,0.02667235261534397,1800000,9000000,6847200000,380.40000000000003
634,0.8171533678682965,0.285876613816687,0.002555587918468341,0.02658359278852253,1800000,9000000,6858000000,381.00000000000006
635,0.8141881869455443,0.28668871243002886,0.0012642128155048536,0.026495128335227797,1800000,9000000,6868800000,381.6000000000001
636,0.8164770530525062,0.2851445468758577,0.0037789499689823546,0.02640695827252048,1800000,9000000,6879600000,382.20000000000005
637,0.815498493789803,0.28432038387605485,0.0015267359721809729,0.02631908162073231,1800000,9000000,6890400000,382.80000000000007
638,0.8166523172637804,0.28682676161168913,0.0022655552933576392,0.026231497403455158,1800000,9000000,6901200000,383.40000000000003
639,0.8190695093122086,0.2798195308296411,0.0019351385194883541,0.026144204647530124,1800000,9000000,6912000000,384.00000000000006
640,0.8165720884051264,0.28795841384470455,0.0017239999595383736,0.026057202383036816,1800000,9000000,6922800000,384.6000000000001
641,0.8124717405713354,0.28782537282236004,0.0031348912536427053,0.025970489643282507,1800000,9000000,6933600000,385.20000000000005
642,0.8177570675166855,0.2831724757178539,0.002751190653552891,0.025884065464791422,1800000,9000000,6944400000,385.80000000000007
643,0.8179675231313771,0.2782699242799883,0.0005820265971150768,0.025797928887294017,1800000,9000000,6955200000,386.40000000000003
644,0.8169963649354888,0.2835176094902811,0.0012957342021556774,0.02571207895371634,1800000,9000000,6966000000,387.00000000000006
645,0.8184793212320055,0.2802520087249157,0.003029048539099401,0.025626514710169333,1800000,9000000,6976800000,387.6000000000001
646,0.816224711927998,0.28849680102317304,0.0021956360076675254,0.025541235205938307,1800000,9000000,6987600000,388.20000000000005
647,0.8173683583489538,0.2852576829757836,0.0036512810479027496,0.02545623949347234,1800000,9000000,6998400000,388.80000000000007
648,0.8166488287086208,0.28091769128100696,0.002122052391190194,0.025371526628373754,1800000,9000000,7009200000,389.40000000000003
649,0.8161385869439749,0.2893620042742416,0.0019441798346034914,0.025287095669387614,1800000,9000000,7020000000,390.00000000000006
650,0.8168590906696954,0.2796031523611633,0.0013653340567291725,0.025202945678391302,1800000,9000000,7030800000,390.6000000000001
651,0.8150646858424104,0.2802780193004156,0.0039966827076083344,0.02511907572038403,1800000,9000000,7041600000,391.20000000000005
652,0.8146432480058314,0.2841272469388519,0.0016559945892840552,0.02503548486347652,1800000,9000000,7052400000,391.80000000000007
653,0.8164896603931409,0.280160298968383,0.0014277766303484075,0.024952172178880617,1800000,9000000,7063200000,392.40000000000003
654,0.816246104072868,0.2876928294293417,0.002831620115019612,0.024869136740898967,1800000,9000000,7074000000,393.00000000000006
655,0.8179710355636162,0.2830568366150222,0.0025133527477973166,0.024786377626914748,1800000,9000000,7084800000,393.6000000000001
656,0.8148899850945671,0.2786295428948524,0.0007700524447301295,0.024703893917381377,1800000,9000000,7095600000,394.20000000000005
657,0.8166862721972837,0.2826591927908083,0.0009291236744284454,0.024621684695812353,1800000,9000000,7106400000,394.80000000000007
658,0.8167068450021426,0.28582953200854744,0.0038755907630190706,0.02453974904877104,1800000,9000000,7117200000,395.40000000000003
659,0.8176772987104184,0.2860885186099069,0.0027407323874815343,0.02445808606586051,1800000,9000000,7128000000,396.00000000000006
660,0.8151857647368311,0.2859229616381433,0.001599282230722544,0.024376694839713452,1800000,9000000,7138800000,396.6000000000001
661,0.8190358332355536,0.2822673949371137,0.002382723838330325,0.024295574465982076,1800000,9000000,7149600000,397.20000000000005
662,0.8138105167862493,0.28255627336615585,0.0019712684559299136,0.024214724043328046,1800000,9000000,7160400000,397.80000000000007
663,0.8154676296814344,0.2904154371259637,0.003346952454905761,0.02413414267341251,1800000,9000000,7171200000,398.40000000000003
664,0.81686259439774,0.2790200153202852,0.0016630131763649251,0.02405382946088608,1800000,9000000,7182000000,399.00000000000006
665,0.8138458608808606,0.29034782691732336,0.0033416699023158408,0.02397378351337891,1800000,9000000,7192800000,399.6000000000001
666,0.8146098213936136,0.2782334644833571,0.0036270946067390804,0.02389400394149075,1800000,9000000,7203600000,400.20000000000005
667,0.8177226590250234,0.2834921877560041,0.0019412675477686462,0.023814489858781113,1800000,9000000,7214400000,400.80000000000007
668,0.8149005079270585,0.2829217691658271,0.0011229082571215243,0.02373524038175934,1800000,9000000,7225200000,401.40000000000003
669,0.8178634603505543,0.2835475443890258,0.0027243330458516265,0.02365625462987489,1800000,9000000,7236000000,402.00000000000006
670,0.8180098524109496,0.2821156887651199,0.0038543182029916255,0.023577531725507483,1800000,9000000,7246800000,402.6000000000001
671,0.8169563536397697,0.2858705302417827,0.002016449192375866,0.023499070793957372,1800000,9000000,7257600000,403.20000000000005
672,0.8140480125836143,0.2815924665883193,0.0026107038554417524,0.023420870963435616,1800000,9000000,7268400000,403.80000000000007
673,0.8153787775294641,0.28066415067185835,0.0016918948821455834,0.02334293136505442,1800000,9000000,7279200000,404.40000000000003
674,0.8179720491317797,0.2838111146552309,0.0008143082200853544,0.02326525113281743,1800000,9000000,7290000000,405.00000000000006
675,0.8139959070248368,0.28998857639333625,0.0020038533784124115,0.023187829403610152,1800000,9000000,7300800000,405.6000000000001
676,0.8162376726556303,0.28138647257105953,0.0013072246181834177,0.023110665317190367,1800000,9000000,7311600000,406.20000000000005
677,0.8140523457152022,0.28995438481942687,0.003663342896419992,0.023033758016178532,1800000,9000000,7322400000,406.80000000000007
678,0.8139279517809738,0.28596906421723556,0.0025983391815797598,0.022957106646048307,1800000,9000000,7333200000,407.40000000000003
679,0.8130486575293804,0.28600492382643794,0.0025104737350324187,0.022880710355116993,1800000,9000000,7344000000,408.00000000000006
680,0.8165368606374888,0.28807987400323787,0.002100195051037954,0.02280456829453613,1800000,9000000,7354800000,408.6000000000001
681,0.8149845899377118,0.28556189416482786,0.0,0.022728679618282042,1800000,9000000,7365600000,409.20000000000005
682,0.8147791763785036,0.28233317348230735,0.0025832844543630996,0.02265304348314644,1800000,9000000,7376400000,409.80000000000007
683,0.8144217149023384,0.290934255716109,0.0008596530339212468,0.02257765904872704,1800000,9000000,7387200000,410.40000000000003
684,0.8169141092849828,0.2861198521596234,0.0028055841001073108,0.022502525477418246,1800000,9000000,7398000000,411.00000000000006
685,0.8172803916889204,0.28523754029936593,0.00215395829518247,0.02242764193440181,1800000,9000000,7408800000,411.6000000000001
686,0.8166551007987045,0.29132199899602756,0.0029783582009475142,0.02235300758763761,1800000,9000000,7419600000,412.20000000000005
687,0.8144522263486033,0.2841077051420892,0.0026634242835783836,0.02227862160785435,1800000,9000000,7430400000,412.80000000000007
688,0.8163408080847001,0.2848575250856225,0.0017402062308129998,0.02220448316854038,1800000,9000000,7441200000,413.40000000000003
689,0.8168259242151786,0.2797527360599082,0.0006784370581113905,0.0221305914459345,1800000,9000000,7452000000,414.00000000000006
690,0.8172589841109091,0.28558430290299763,0.0014170050203453327,0.022056945619016825,1800000,9000000,7462800000,414.6000000000001
691,0.8152593228468366,0.2875672163542072,0.0005130676817136698,0.02198354486949961,1800000,9000000,7473600000,415.20000000000005
692,0.8175216171647204,0.2778220725827035,0.003097171950740848,0.02191038838181822,1800000,9000000,7484400000,415.80000000000007
693,0.8171044917189244,0.27828823089239824,0.0016061556121782028,0.021837475343122043,1800000,9000000,7495200000,416.40000000000003
694,0.8159902781224331,0.29057115891101426,0.0026032682685663555,0.021764804943265458,1800000,9000000,7506000000,417.00000000000006
695,0.8150533234810134,0.2917116739301271,0.0014154944269256088,0.021692376374798823,1800000,9000000,7516800000,417.6000000000001
696,0.8164160221985922,0.2822284525450477,0.002095121899678118,0.02162018883295954,1800000,9000000,7527600000,418.20000000000005
697,0.8154536247289446,0.285911032519444,0.003764864846987026,0.021548241515663043,1800000,9000000,7538400000,418.80000000000007
698,0.8208825380832877,0.28535754272457653,0.0036450731663753688,0.021476533623493964,1800000,9000000,7549200000,419.40000000000003
699,0.8148216789745064,0.28536151172775137,0.0027438990364629556,0.021405064359697207,1800000,9000000,7560000000,420.00000000000006
700,0.8136237053132406,0.2892172693046229,0.001783355449333854,0.021333832930169112,1800000,9000000,7570800000,420.6000000000001
701,0.8176700009723119,0.28153814192380905,0.0038246157228951556,0.021262838543448622,1800000,9000000,7581600000,421.20000000000005
702,0.8168572663086662,0.27845577047266085,0.002312576937296579,0.02119208041070847,1800000,9000000,7592400000,421.80000000000007
703,0.8140259519608588,0.2801510456146815,0.000542189748171178,0.02112155774574646,1800000,9000000,7603200000,422.4000000000001
704,0.817898630357636,0.28195556868091076,0.002259712510921697,0.021051269764976704,1800000,9000000,7614000000,423.00000000000006
705,0.8158449755141589,0.28539238624881186,0.0043956143056045624,0.020981215687420916,1800000,9000000,7624800000,423.6000000000001
706,0.8150098441482383,0.28730526999023265,0.002997060718730183,0.02091139473469973,1800000,9000000,7635600000,424.20000000000005
707,0.8139143916194792,0.2849725638967342,0.002987755106971173,0.020841806131024078,1800000,9000000,7646400000,424.80000000000007
708,0.8153478958903496,0.28209386542581855,0.0014491118593008387,0.020772449103186517,1800000,9000000,7657200000,425.4000000000001
709,0.818456671451829,0.27514376301284643,0.002276720609961874,0.0207033228805527,1800000,9000000,7668000000,426.00000000000006
710,0.8151420784437775,0.2819827443282562,0.0006533511240236244,0.020634426695052777,1800000,9000000,7678800000,426.6000000000001
711,0.814398703249573,0.2909585085560393,0.0016125404954535295,0.020565759781172862,1800000,9000000,7689600000,427.20000000000005
712,0.8145468500609045,0.2853274588452865,0.002465643684811207,0.020497321375946544,1800000,9000000,7700400000,427.80000000000007
713,0.8144765953945443,0.28536436458952613,0.002512060217853049,0.0204291107189464,1800000,9000000,7711200000,428.4000000000001
714,0.8148689692025354,0.2881221080229177,0.0029141291387295484,0.020361127052275524,1800000,9000000,7722000000,429.00000000000006
715,0.8133252126781565,0.28505607035807706,0.001162848259192448,0.020293369620559148,1800000,9000000,7732800000,429.6000000000001
716,0.8142682520940329,0.28986997588347824,0.0029568798365707813,0.020225837670936227,1800000,9000000,7743600000,430.20000000000005
717,0.8142652475397477,0.28644400091163175,0.0014242192019165232,0.020158530453051063,1800000,9000000,7754400000,430.80000000000007
718,0.8157920893785302,0.28403742492485534,0.0028088399949575413,0.020091447219045,1800000,9000000,7765200000,431.4000000000001
719,0.8152735894434973,0.2838106235171892,0.003255931634873266,0.020024587223548076,1800000,9000000,7776000000,432.00000000000006
720,0.8167802511003265,0.2859143268218487,0.0028412121198405525,0.019957949723670754,1800000,9000000,7786800000,432.6000000000001
721,0.8143152733978665,0.2819892247376558,0.0,0.01989153397899569,1800000,9000000,7797600000,433.20000000000005
722,0.8162117543390915,0.2851145259326418,0.0,0.01982533925156948,1800000,9000000,7808400000,433.80000000000007
723,0.8158669584546839,0.28537413659085514,0.0018853748312690991,0.019759364805894478,1800000,9000000,7819200000,434.4000000000001
724,0.8140004279142796,0.2861299594661694,0.0021499742070523803,0.019693609908920603,1800000,9000000,7830000000,435.00000000000006
725,0.8185226297362294,0.2827633229240121,0.002404264382553023,0.019628073830037226,1800000,9000000,7840800000,435.6000000000001
726,0.8122980584788201,0.2812349852129337,0.00042880918520276094,0.019562755841064997,1800000,9000000,7851600000,436.20000000000005
727,0.815545735712172,0.28982052861743185,0.004211190039281698,0.019497655216247817,1800000,9000000,7862400000,436.80000000000007
728,0.8143050941807894,0.2847847007478895,0.0015291145594222761,0.019432771232244746,1800000,9000000,7873200000,437.4000000000001
729,0.8141243318601743,0.28497733778724593,0.0011092458747493927,0.019368103168121962,1800000,9000000,7884000000,438.00000000000006
730,0.816130607048,0.2806669598733454,0.0005780923357872315,0.019303650305344755,1800000,9000000,7894800000,438.6000000000001
731,0.8177484660955869,0.2834560812661316,0.003041297707642762,0.01923941192776953,1800000,9000000,7905600000,439.20000000000005
732,0.8169434993533385,0.28178977215171425,0.0010989150033633014,0.019175387321635887,1800000,9000000,7916400000,439.80000000000007
733,0.8188539166707086,0.27874095038682484,0.0011029453442462497,0.019111575775558647,1800000,9000000,7927200000,440.4000000000001
734,0.812111059469214,0.29049066127934003,0.0011155510630639547,0.01904797658051998,1800000,9000000,7938000000,441.00000000000006
735,0.8169851359107887,0.28121649732351656,0.0014825300345094174,0.01898458902986151,1800000,9000000,7948800000,441.6000000000001
736,0.8169626818855473,0.2840859448438189,5.830080918477936e-06,0.01892141241927647,1800000,9000000,7959600000,442.20000000000005
737,0.8179961838835381,0.2778073477106033,0.0013330159438804617,0.01885844604680186,1800000,9000000,7970400000,442.80000000000007
738,0.8149850953416918,0.2866973479583942,0.0012310815632747844,0.018795689212810673,1800000,9000000,7981200000,443.4000000000001
739,0.8175194257725877,0.28257995115111134,0.0024770775155517036,0.018733141220004107,1800000,9000000,7992000000,444.00000000000006
740,0.8173430826232504,0.287623851616839,0.0017536715435547197,0.01867080137340383,1800000,9000000,8002800000,444.6000000000001
741,0.81548973425665,0.28627319682769914,0.0023846667725901435,0.01860866898034423,1800000,9000000,8013600000,445.20000000000005
742,0.8162254823873507,0.2808230582808438,0.0009256668806081626,0.01854674335046476,1800000,9000000,8024400000,445.80000000000007
743,0.8164531928792412,0.2828780241416553,0.0010565552362686481,0.018485023795702205,1800000,9000000,8035200000,446.4000000000001
744,0.8149306954705338,0.2837426313450531,0.0019334573799886488,0.01842350963028311,1800000,9000000,8046000000,447.00000000000006
745,0.8168679185772122,0.2897157457039876,0.0,0.018362200170716117,1800000,9000000,8056800000,447.6000000000001
746,0.816777700005315,0.28844179230601097,0.0014965333910648179,0.018301094735784378,1800000,9000000,8067600000,448.20000000000005
747,0.8161078586997998,0.2854977286249242,0.001152328359036254,0.018240192646537985,1800000,9000000,8078400000,448.80000000000007
748,0.8164038897351359,0.27984793930398083,0.0015540140749100678,0.018179493226286442,1800000,9000000,8089200000,449.4000000000001
749,0.8164811247022545,0.28950678274258657,0.0008722533775285413,0.018118995800591103,1800000,9000000,8100000000,450.00000000000006
750,0.8166359375269543,0.2849145063314117,0.002766336015010017,0.018058699697257735,1800000,9000000,8110800000,450.6000000000001
751,0.8143776788253094,0.2879719060863866,9.779639634644377e-05,0.017998604246329014,1800000,9000000,8121600000,451.20000000000005
752,0.8159576245121425,0.2835351675238272,0.002108671923870712,0.01793870878007709,1800000,9000000,8132400000,451.80000000000007
753,0.8159486230558296,0.28456898148547405,0.0017685369491952292,0.017879012632996176,1800000,9000000,8143200000,452.4000000000001
754,0.8179799454699106,0.2894560709786819,0.0016325496274633006,0.017819515141795115,1800000,9000000,8154000000,453.00000000000006
755,0.8158918114424895,0.2863358565848357,0.0,0.017760215645390067,1800000,9000000,8164800000,453.6000000000001
756,0.8164041690911527,0.28509667499505376,0.00023464401974121647,0.017701113484897137,1800000,9000000,8175600000,454.20000000000005
757,0.8150699855064623,0.28668569692405566,0.0029396919203861106,0.017642208003625034,1800000,9000000,8186400000,454.80000000000007
758,0.8157957620115793,0.2843446865913499,0.0009976213790765817,0.017583498547067807,1800000,9000000,8197200000,455.4000000000001
759,0.8168226947335518,0.2852525222556142,0.0023693477363498604,0.017524984462897568,1800000,9000000,8208000000,456.00000000000006
760,0.8142128892481535,0.2899870136829789,0.0020168777990302463,0.01746666510095721,1800000,9000000,8218800000,456.6000000000001
761,0.8176474281329388,0.27673515445611635,0.001264630239574135,0.017408539813253226,1800000,9000000,8229600000,457.20000000000005
762,0.8158489743881857,0.28870717855096656,0.001184996731962219,0.017350607953948487,1800000,9000000,8240400000,457.80000000000007
763,0.8137548747773647,0.2833411892855481,0.0010861923790523175,0.017292868879355078,1800000,9000000,8251200000,458.4000000000001
764,0.8174036571525041,0.28316487552733566,0.0009522652153961254,0.017235321947927124,1800000,9000000,8262000000,459.00000000000006
765,0.815330646786133,0.28487146247794276,0.002180127396897063,0.017177966520253697,1800000,9000000,8272800000,459.6000000000001
766,0.8158123438397421,0.2844320564795608,0.002260076177305474,0.01712080195905166,1800000,9000000,8283600000,460.20000000000005
767,0.8177119090166357,0.280284301658794,0.00028719189872260654,0.017063827629158642,1800000,9000000,8294400000,460.80000000000007
768,0.8179970476283671,0.2810915387284944,0.0019587872085029823,0.017007042897525942,1800000,9000000,8305200000,461.4000000000001
769,0.81584021520175,0.28942317350381414,0.001791283243161568,0.016950447133211522,1800000,9000000,8316000000,462.00000000000006
770,0.8168665076680391,0.28451053790120984,0.002457005492348084,0.01689403970737297,1800000,9000000,8326800000,462.6000000000001
771,0.8168414497832555,0.2802456832922894,0.0008297773367861543,0.016837819993260533,1800000,9000000,8337600000,463.20000000000005
772,0.8149269405019631,0.28375749296052116,0.0010483928156704732,0.016781787366210135,1800000,9000000,8348400000,463.80000000000007
773,0.8168123798532061,0.28064575404085995,0.0,0.016725941203636456,1800000,9000000,8359200000,464.4000000000001
774,0.815520367023357,0.2868472291738385,0.00032278991677490965,0.016670280885026006,1800000,9000000,8370000000,465.00000000000006
775,0.8160195812965386,0.28711195448234933,0.002234443168570195,0.01661480579193023,1800000,9000000,8380800000,465.6000000000001
776,0.8175578132806155,0.27979025164374594,0.00010841657223742548,0.016559515307958635,1800000,9000000,8391600000,466.20000000000005
777,0.8156527893201416,0.28547246914576685,0.0012175214752711688,0.016504408818771934,1800000,9000000,8402400000,466.80000000000007
778,0.8178638148871817,0.2844688718460484,0.0033775282223337966,0.01644948571207524,1800000,9000000,8413200000,467.4000000000001
779,0.813549239772893,0.2837133793203129,0.0019294907465346438,0.016394745377611247,1800000,9000000,8424000000,468.00000000000006
780,0.8142251328247216,0.2855711420450232,0.0022336017973516396,0.016340187207153453,1800000,9000000,8434800000,468.6000000000001
781,0.8150822608936651,0.2871839567497141,0.0020424899624677593,0.016285810594499402,1800000,9000000,8445600000,469.20000000000005
782,0.8132879043915848,0.2854654129396736,0.0002947223083987003,0.016231614935463958,1800000,9000000,8456400000,469.80000000000007
783,0.8144306700305866,0.2880032229781036,0.0028349353265024486,0.01617759962787256,1800000,9000000,8467200000,470.4000000000001
784,0.816658990523796,0.28045028386680504,0.0026583567566993396,0.016123764071554577,1800000,9000000,8478000000,471.00000000000006
785,0.8155496759145213,0.28593964034978964,0.0027032176472759632,0.016070107668336605,1800000,9000000,8488800000,471.6000000000001
786,0.814151576402615,0.285542565721478,0.0012540396099058808,0.01601662982203583,1800000,9000000,8499600000,472.20000000000005
787,0.8171745337585569,0.2828020384831486,0.002037563747181826,0.015963329938453414,1800000,9000000,8510400000,472.80000000000007
788,0.8131852221801024,0.2898658175933102,0.0,0.015910207425367886,1800000,9000000,8521200000,473.4000000000001
789,0.8168339357239526,0.2826843941009855,0.0012415336844164755,0.015857261692528542,1800000,9000000,8532000000,474.00000000000006
790,0.8159797622322782,0.28114655660871013,0.0003420472353752806,0.015804492151648922,1800000,9000000,8542800000,474.6000000000001
791,0.8156874051573303,0.2828383312940892,0.0008993659115143133,0.015751898216400252,1800000,9000000,8553600000,475.20000000000005
792,0.8128725345164215,0.2874433753397078,0.0013687862673839183,0.015699479302404933,1800000,9000000,8564400000,475.80000000000007
793,0.8163410321931175,0.28294437518032134,0.002324260106071026,0.015647234827230044,1800000,9000000,8575200000,476.4000000000001
794,0.8160005957829157,0.2819764143306474,0.0014883907929566786,0.015595164210380888,1800000,9000000,8586000000,477.00000000000006
795,0.8173457049096574,0.2765101453668635,0.0,0.015543266873294511,1800000,9000000,8596800000,477.6000000000001
796,0.8156851085213143,0.28270180845805437,0.0010296377099238518,0.015491542239333302,1800000,9000000,8607600000,478.20000000000005
797,0.8191809288440239,0.28179818025996983,0.0015162008304734475,0.01543998973377857,1800000,9000000,8618400000,478.80000000000007
798,0.8155913787925324,0.28855048581956294,0.0,0.015388608783824179,1800000,9000000,8629200000,479.4000000000001
799,0.8144649205020669,0.2888855309331798,0.0005426922242504905,0.015337398818570146,1800000,9000000,8640000000,480.00000000000006
800,0.8165413025281091,0.2825506190592119,0.002236100464213177,0.01528635926901634,1800000,9000000,8650800000,480.6000000000001
801,0.8157838553426991,0.28341660750099656,0.0007961159800333067,0.01523548956805612,1800000,9000000,8661600000,481.20000000000005
802,0.8163791182319382,0.28556796386561123,0.0005678801528399479,0.01518478915047006,1800000,9000000,8672400000,481.80000000000007
803,0.8166621256025958,0.2836641636373647,0.0008148980512608693,0.015134257452919677,1800000,9000000,8683200000,482.4000000000001
804,0.8157316886359722,0.28973483497439706,0.0,0.01508389391394114,1800000,9000000,8694000000,483.00000000000006
805,0.8121647424477354,0.290084679151696,0.0017479229479215263,0.015033697973939058,1800000,9000000,8704800000,483.6000000000001
806,0.8154191352936555,0.28750563019757025,0.0,0.014983669075180239,1800000,9000000,8715600000,484.20000000000005
807,0.8169720877675882,0.28560244295624576,0.0025379262906353147,0.014933806661787518,1800000,9000000,8726400000,484.80000000000007
808,0.8160760847015827,0.2844383047137826,0.0010143222750822615,0.014884110179733566,1800000,9000000,8737200000,485.4000000000001
809,0.8162128247635291,0.2818155641478031,0.0004820675129640087,0.01483457907683474,1800000,9000000,8748000000,486.00000000000006
810,0.8162606527447467,0.28414308039410274,0.0,0.014785212802744946,1800000,9000000,8758800000,486.6000000000001
811,0.8133171645808055,0.28471994878637263,0.0008580530076609896,0.014736010808949521,1800000,9000000,8769600000,487.20000000000005
812,0.816295308885934,0.27915733979538465,0.002014465932324336,0.014686972548759124,1800000,9000000,8780400000,487.80000000000007
813,0.8180693770166704,0.2803807656102765,0.0016706067912833373,0.014638097477303708,1800000,9000000,8791200000,488.4000000000001
814,0.8137825198833717,0.29017856572237644,0.0,0.014589385051526413,1800000,9000000,8802000000,489.00000000000006
815,0.812745899507652,0.29186332479338023,0.0029668670942524203,0.014540834730177563,1800000,9000000,8812800000,489.6000000000001
816,0.8144645747432742,0.2819867724415628,0.0007801928585098306,0.014492445973808648,1800000,9000000,8823600000,490.20000000000005
817,0.8145275002365956,0.2845908808230328,0.0006279227172241082,0.014444218244766325,1800000,9000000,8834400000,490.80000000000007
818,0.8173743292799812,0.28729687704938994,0.00100815882970871,0.01439615100718643,1800000,9000000,8845200000,491.4000000000001
819,0.8171551068901852,0.28512164304319493,0.0005848566540257983,0.014348243726988055,1800000,9000000,8856000000,492.00000000000006
820,0.8183400359132855,0.2793788202970655,0.00048649531620671314,0.014300495871867599,1800000,9000000,8866800000,492.6000000000001
821,0.8197176973052129,0.2828711603127127,0.0008163434297568883,0.01425290691129284,1800000,9000000,8877600000,493.20000000000005
822,0.8156324101280462,0.28317419840503244,0.002461156309346579,0.014205476316497063,1800000,9000000,8888400000,493.80000000000007
823,0.8154406839485118,0.2859692963262943,0.0017817666091876595,0.014158203560473181,1800000,9000000,8899200000,494.4000000000001
824,0.8166300527815796,0.28053837258955977,0.0007846604405841887,0.014111088117967848,1800000,9000000,8910000000,495.00000000000006
825,0.8158655608800531,0.28181253777335924,0.0005658170775311343,0.014064129465475665,1800000,9000000,8920800000,495.6000000000001
826,0.8150606246737367,0.29005159441345973,0.0016894470813613852,0.01401732708123335,1800000,9000000,8931600000,496.20000000000005
827,0.8159147613558078,0.27987999005207115,0.003507273408500521,0.013970680445213924,1800000,9000000,8942400000,496.80000000000007
828,0.8198560249394024,0.28374117927913317,0.002647050494721302,0.013924189039120962,1800000,9000000,8953200000,497.4000000000001
829,0.8178930704240318,0.28169629303281934,0.002214404044159623,0.01387785234638279,1800000,9000000,8964000000,498.00000000000006
830,0.8164033015254003,0.2864029005470737,0.003055417832606777,0.013831669852146802,1800000,9000000,8974800000,498.6000000000001
831,0.814846433367302,0.2818573955646945,0.00021193511276774394,0.013785641043273693,1800000,9000000,8985600000,499.20000000000005
832,0.8163204695935692,0.28540571025878186,0.0,0.01373976540833178,1800000,9000000,8996400000,499.80000000000007
833,0.8174825876260358,0.28331114718608735,0.0007627925598611556,0.013694042437591319,1800000,9000000,9007200000,500.4000000000001
834,0.8154774000000871,0.287459811988955,0.00029071900668205936,0.01364847162301883,1800000,9000000,9018000000,501.00000000000006
835,0.8181050759053532,0.2809893207961218,0.00032789421349381986,0.013603052458271453,1800000,9000000,9028800000,501.6000000000001
836,0.8154983019253566,0.2777123233839515,0.003387416713717201,0.013557784438691338,1800000,9000000,9039600000,502.2000000000001
837,0.8138519086712673,0.2844680341753942,0.0006056985055970646,0.013512667061300028,1800000,9000000,9050400000,502.80000000000007
838,0.8141362212295512,0.2883085979153054,0.0007780436522093338,0.013467699824792862,1800000,9000000,9061200000,503.4000000000001
839,0.8154950559838156,0.2827436381298786,0.00039053702331275347,0.013422882229533415,1800000,9000000,9072000000,504.00000000000006
840,0.8145333729763032,0.27712923571990283,0.00039326371871772437,0.013378213777547955,1800000,9000000,9082800000,504.6000000000001
841,0.8166560175383781,0.2840498923030751,0.003391501555124671,0.013333693972519876,1800000,9000000,9093600000,505.2000000000001
842,0.8177514883755735,0.2842016083888717,0.0,0.013289322319784223,1800000,9000000,9104400000,505.80000000000007
843,0.8146951557926201,0.2852970351907874,0.0005246158138072547,0.01324509832632218,1800000,9000000,9115200000,506.4000000000001
844,0.813544406366063,0.2857170105108411,0.0016716792636540128,0.013201021500755583,1800000,9000000,9126000000,507.00000000000006
845,0.8127314475825959,0.28771862057868236,0.00018243419422349632,0.013157091353341475,1800000,9000000,9136800000,507.6000000000001
846,0.8153141751247824,0.27951147213390226,0.0,0.013113307395966662,1800000,9000000,9147600000,508.2000000000001
847,0.81506867465403,0.28399928572617683,0.000510199369529382,0.01306966914214226,1800000,9000000,9158400000,508.80000000000007
848,0.8168585686770362,0.28321850783185115,0.0018574993756434995,0.013026176106998346,1800000,9000000,9169200000,509.4000000000001
849,0.8173879244620579,0.28451779316932324,3.7934255192118406e-05,0.012982827807278526,1800000,9000000,9180000000,510.00000000000006
850,0.8163915739158955,0.2795529623856384,0.0004310792503014814,0.012939623761334574,1800000,9000000,9190800000,510.6000000000001
851,0.8152004060627486,0.2903443753149299,0.0025038205634908247,0.012896563489121101,1800000,9000000,9201600000,511.2000000000001
852,0.8185390055138098,0.28244376505506985,0.0013214887226865198,0.012853646512190182,1800000,9000000,9212400000,511.80000000000007
853,0.8164558071113144,0.27332656187677346,0.0015225699544212205,0.012810872353686081,1800000,9000000,9223200000,512.4000000000001
854,0.8156235593209938,0.28260470440194385,0.0002216440294963509,0.012768240538339934,1800000,9000000,9234000000,513.0000000000001
855,0.8154658045102909,0.2831708038259108,0.0004754029609518295,0.01272575059246446,1800000,9000000,9244800000,513.6
856,0.8152264511845717,0.28924561862234327,0.0013900002097499457,0.012683402043948716,1800000,9000000,9255600000,514.2
857,0.8182478924054933,0.2816215587706323,0.0016712299453024767,0.012641194422252843,1800000,9000000,9266400000,514.8000000000001
858,0.8171793510876579,0.2843661212848666,0.0014594302714892571,0.012599127258402818,1800000,9000000,9277200000,515.4000000000001
859,0.8163521122376232,0.2812576609722125,0.001780895660953232,0.012557200084985287,1800000,9000000,9288000000,516.0000000000001
860,0.814953941090194,0.2852216852303404,0.001424845866009703,0.012515412436142334,1800000,9000000,9298800000,516.6
861,0.8179269162111756,0.28256177287257866,0.0011677306807232396,0.012473763847566318,1800000,9000000,9309600000,517.2
862,0.8156763995099909,0.28940929024470463,0.000945652897014168,0.01243225385649472,1800000,9000000,9320400000,517.8000000000001
863,0.8161434077043127,0.28609429300086026,0.0,0.012390882001704991,1800000,9000000,9331200000,518.4000000000001
864,0.8164620673997837,0.2858363292985984,0.0007798269494552297,0.01234964782350942,1800000,9000000,9342000000,519.0000000000001
865,0.8162980275648551,0.28549071524208014,0.00031375551551742094,0.012308550863750054,1800000,9000000,9352800000,519.6
866,0.8191046400480146,0.2828521752799778,0.0,0.012267590665793582,1800000,9000000,9363600000,520.2
867,0.8178877604551277,0.2797935575406987,0.0018797348638733623,0.012226766774526273,1800000,9000000,9374400000,520.8000000000001
868,0.8164315661137828,0.284903882390858,0.0002154803554688552,0.012186078736348917,1800000,9000000,9385200000,521.4000000000001
869,0.8154087146627125,0.28614778358332615,0.0010344036798742176,0.012145526099171784,1800000,9000000,9396000000,522.0000000000001
870,0.8153998903538192,0.28162172854028844,0.00024326817804481244,0.01210510841240959,1800000,9000000,9406800000,522.6
871,0.815630609700658,0.28195177229170093,0.000696442281989063,0.01206482522697652,1800000,9000000,9417600000,523.2
872,0.8169207153708067,0.28092390361573194,0.0013149612602353106,0.012024676095281203,1800000,9000000,9428400000,523.8000000000001
873,0.8150882108811023,0.2837569389164397,0.002140096584183391,0.011984660571221769,1800000,9000000,9439200000,524.4000000000001
874,0.8183473280673921,0.281486986535325,0.00044468753595145637,0.011944778210180869,1800000,9000000,9450000000,525.0000000000001
875,0.8149975028394254,0.28602901324669744,0.0009110104488355602,0.011905028569020754,1800000,9000000,9460800000,525.6
876,0.817619284730312,0.2807124206324103,0.0002250483000877043,0.011865411206078324,1800000,9000000,9471600000,526.2
877,0.8166440726361428,0.2819280224639707,0.0010206965114685532,0.011825925681160258,1800000,9000000,9482400000,526.8000000000001
878,0.8152968288181239,0.2850165885357246,0.001624114769365617,0.01178657155553809,1800000,9000000,9493200000,527.4000000000001
879,0.8168383049340969,0.2865157261114614,0.0012793742180393936,0.01174734839194336,1800000,9000000,9504000000,528.0000000000001
880,0.8151500152050795,0.28513940952286676,0.003362480838814135,0.011708255754562732,1800000,9000000,9514800000,528.6
881,0.8155870068588369,0.28778285294742156,0.0,0.011669293209033163,1800000,9000000,9525600000,529.2
882,0.8172890040481909,0.2853781890063233,0.0016847856995057613,0.011630460322437081,1800000,9000000,9536400000,529.8000000000001
883,0.8156268485733273,0.28639229253179865,0.000744024286007829,0.01159175666329757,1800000,9000000,9547200000,530.4000000000001
884,0.8152373249727057,0.2847899433590053,0.0003850684600653246,0.011553181801573576,1800000,9000000,9558000000,531.0000000000001
885,0.8132631926483757,0.2847753374731281,0.0,0.011514735308655124,1800000,9000000,9568800000,531.6
886,0.814477029549784,0.2892243472616653,0.001746529426299547,0.011476416757358571,1800000,9000000,9579600000,532.2
887,0.8143457891346944,0.28721122262771925,0.00024359230388155202,0.011438225721921835,1800000,9000000,9590400000,532.8000000000001
888,0.815312394202716,0.2796771245735536,0.0005765753048017355,0.011400161777999683,1800000,9000000,9601200000,533.4000000000001
889,0.8173290716924295,0.28093534255296043,0.0,0.01136222450265902,1800000,9000000,9612000000,534.0000000000001
890,0.8179925175762254,0.28466174463181176,0.0013656220442027065,0.011324413474374167,1800000,9000000,9622800000,534.6
891,0.8191085817664933,0.2762631005286164,0.00010897521592077191,0.011286728273022203,1800000,9000000,9633600000,535.2
892,0.8186350604809646,0.28148964110950775,0.0006871338167557796,0.011249168479878289,1800000,9000000,9644400000,535.8000000000001
893,0.8173900628628841,0.2810743408678976,0.0024897344884743213,0.011211733677610984,1800000,9000000,9655200000,536.4000000000001
894,0.816546044576181,0.28648031282866254,0.0,0.01117442345027767,1800000,9000000,9666000000,537.0000000000001
895,0.8177960794182164,0.28411018518399167,0.0010160981108606208,0.011137237383319877,1800000,9000000,9676800000,537.6000000000001
896,0.8147470474695103,0.2849841119862579,0.0009478394781672935,0.011100175063558702,1800000,9000000,9687600000,538.2
897,0.8140543054176594,0.28279054478797727,0.0022647208257966863,0.01106323607919021,1800000,9000000,9698400000,538.8000000000001
898,0.8136888752539702,0.2866466105788183,0.0008882950618501447,0.011026420019780866,1800000,9000000,9709200000,539.4000000000001
899,0.8162235095436627,0.2794735443486799,0.0025081146972398155,0.010989726476262956,1800000,9000000,9720000000,540.0000000000001
900,0.8169472330873531,0.2848233873315192,0.002002936521738564,0.010953155040930068,1800000,9000000,9730800000,540.6000000000001
901,0.8170906233898649,0.2840188353556079,0.002058604652044968,0.010916705307432543,1800000,9000000,9741600000,541.2
902,0.8166028801254427,0.2799413645075257,0.0,0.010880376870772968,1800000,9000000,9752400000,541.8000000000001
903,0.8169867251485047,0.2865785774962379,6.380406541826064e-05,0.010844169327301678,1800000,9000000,9763200000,542.4000000000001
904,0.8163079165528718,0.28670438061626274,0.00205907799808223,0.010808082274712251,1800000,9000000,9774000000,543.0000000000001
905,0.8173571854762931,0.28567559448298946,0.0026623718161360196,0.010772115312037072,1800000,9000000,9784800000,543.6000000000001
906,0.8188828019085046,0.28114121881061055,0.0020115969801436043,0.010736268039642852,1800000,9000000,9795600000,544.2
907,0.8161693962059254,0.28248543228488215,0.0,0.010700540059226191,1800000,9000000,9806400000,544.8000000000001
908,0.8140202225952502,0.279961170348571,0.0019060981213151655,0.010664930973809168,1800000,9000000,9817200000,545.4000000000001
909,0.8150394037388271,0.2811469205312597,0.0009105509248366702,0.010629440387734914,1800000,9000000,9828000000,546.0000000000001
910,0.8137479256666095,0.2848752085690025,0.000576693179507936,0.010594067906663207,1800000,9000000,9838800000,546.6000000000001
911,0.8165747769638355,0.28626314630563854,0.0,0.010558813137566122,1800000,9000000,9849600000,547.2
912,0.816849495176906,0.2890752520828024,0.0020647018916883893,0.01052367568872364,1800000,9000000,9860400000,547.8000000000001
913,0.8154001232777377,0.2866075916455754,0.0014672593859541584,0.010488655169719302,1800000,9000000,9871200000,548.4000000000001
914,0.8168012045861313,0.2831949297856248,0.0,0.010453751191435868,1800000,9000000,9882000000,549.0000000000001
915,0.8169473688885976,0.28260327888242404,0.0,0.010418963366051004,1800000,9000000,9892800000,549.6000000000001
916,0.8179791768529452,0.27981113654895373,0.0003735337614413177,0.01038429130703295,1800000,9000000,9903600000,550.2
917,0.813278620807206,0.2860113043025319,0.0,0.010349734629136251,1800000,9000000,9914400000,550.8000000000001
918,0.8151361975050714,0.28538125746098253,0.00016759895964647375,0.010315292948397467,1800000,9000000,9925200000,551.4000000000001
919,0.8152529572895945,0.2862792024639365,0.0003282802269777946,0.0102809658821309,1800000,9000000,9936000000,552.0000000000001
920,0.8171805585605882,0.2832851615293241,4.7304837746591356e-05,0.010246753048924351,1800000,9000000,9946800000,552.6000000000001
921,0.8158735278523719,0.28668967377390947,0.0029511309475322212,0.010212654068634879,1800000,9000000,9957600000,553.2
922,0.818018116545731,0.2805853599632407,0.0003785455080151451,0.010178668562384568,1800000,9000000,9968400000,553.8000000000001
923,0.81847776790332,0.2810027608511733,0.0007672253096677476,0.010144796152556337,1800000,9000000,9979200000,554.4000000000001
924,0.816337425126501,0.2810048457878053,0.0,0.010111036462789725,1800000,9000000,9990000000,555.0000000000001
925,0.814888743732202,0.28818227408030384,0.0007697445592533561,0.010077389117976725,1800000,9000000,10000800000,555.6000000000001
926,0.8167044892149329,0.28574515998677946,0.0006708806138485656,0.010043853744257604,1800000,9000000,10011600000,556.2
927,0.8130535299139221,0.288095647837651,0.0011697979992076899,0.010010429969016745,1800000,9000000,10022400000,556.8000000000001
928,0.8177843366465858,0.28397446522317404,0.0012976227046386248,0.009977117420878534,1800000,9000000,10033200000,557.4000000000001
929,0.8147251027231146,0.2828471023431309,0.001881857557696744,0.009943915729703197,1800000,9000000,10044000000,558.0000000000001
930,0.8156821478603764,0.2815880223665661,0.0011195795232837474,0.009910824526582717,1800000,9000000,10054800000,558.6000000000001
931,0.817441074148687,0.28390602331754683,0.0016476445323234806,0.009877843443836716,1800000,9000000,10065600000,559.2
932,0.813928996457018,0.28815370066505486,0.0001286172981896477,0.009844972115008389,1800000,9000000,10076400000,559.8000000000001
933,0.8151831417582418,0.285549075945938,0.001743038172940592,0.009812210174860397,1800000,9000000,10087200000,560.4000000000001
934,0.814907494880968,0.2819925642123416,0.0037286681679138604,0.009779557259370852,1800000,9000000,10098000000,561.0000000000001
935,0.816407927691008,0.27877994232450165,0.0,0.00974701300572925,1800000,9000000,10108800000,561.6000000000001
936,0.8108962423562375,0.2913996767572052,0.0005675415138446354,0.009714577052332429,1800000,9000000,10119600000,562.2
937,0.8169203745698781,0.2851831838082159,0.0,0.00968224903878058,1800000,9000000,10130400000,562.8000000000001
938,0.8181875318601382,0.2803561471906698,0.0,0.009650028605873223,1800000,9000000,10141200000,563.4000000000001
939,0.8149988487583643,0.28819523851663,0.0015322848735265624,0.009617915395605208,1800000,9000000,10152000000,564.0000000000001
940,0.8156851968789254,0.2854862456230588,0.0009401518604248298,0.009585909051162758,1800000,9000000,10162800000,564.6000000000001
941,0.8167528413579271,0.2811827098973003,0.0016833242435123831,0.009554009216919498,1800000,9000000,10173600000,565.2
942,0.8164598249238141,0.2847581397264674,0.00037455682118447216,0.009522215538432497,1800000,9000000,10184400000,565.8000000000001
943,0.8177630235449888,0.2842167262675152,0.0019917757218311355,0.009490527662438332,1800000,9000000,10195200000,566.4000000000001
944,0.8164554571181686,0.2838277481204448,0.0012140533152980174,0.00945894523684917,1800000,9000000,10206000000,567.0000000000001
945,0.8181620393652438,0.28261038826336604,0.0007141219201308313,0.009427467910748841,1800000,9000000,10216800000,567.6000000000001
946,0.8175205931433904,0.2819925042762111,0.001133525212747268,0.009396095334388952,1800000,9000000,10227600000,568.2
947,0.8167666964867265,0.2805076927317359,0.0022670604883872625,0.009364827159185005,1800000,9000000,10238400000,568.8000000000001
948,0.8168745855945456,0.2791827795310864,0.0002752044485830107,0.009333663037712504,1800000,9000000,10249200000,569.4000000000001
949,0.8155702769389948,0.28543085325987533,0.0,0.009302602623703115,1800000,9000000,10260000000,570.0000000000001
950,0.816424542970485,0.28141027496016763,0.0018652153858190626,0.009271645572040809,1800000,9000000,10270800000,570.6000000000001
951,0.8150043164128542,0.28711427558228814,0.0018061917388929052,0.00924079153875802,1800000,9000000,10281600000,571.2
952,0.8195939619921323,0.2820048309442853,0.0005848752611602274,0.009210040181031845,1800000,9000000,10292400000,571.8000000000001
953,0.8155675298975413,0.2863014971115913,0.00012590950028315442,0.009179391157180212,1800000,9000000,10303200000,572.4000000000001
954,0.8162017897405103,0.2810760643861887,0.001969337619133516,0.009148844126658095,1800000,9000000,10314000000,573.0000000000001
955,0.8178931568936549,0.2835792518438733,0.0016652283338690751,0.009118398750053738,1800000,9000000,10324800000,573.6000000000001
956,0.8147923035183775,0.28938978855338776,0.0027186148338444616,0.009088054689084853,1800000,9000000,10335600000,574.2
957,0.8162622049415247,0.2809699481200761,0.0,0.009057811606594903,1800000,9000000,10346400000,574.8000000000001
958,0.8148167121951995,0.2775629880218371,0.0,0.009027669166549323,1800000,9000000,10357200000,575.4000000000001
959,0.8138530524830504,0.285843109661693,0.0010875690041343411,0.008997627034031805,1800000,9000000,10368000000,576.0000000000001
960,0.8154672767050011,0.2889474451974573,0.0007596474719996432,0.008967684875240566,1800000,9000000,10378800000,576.6000000000001
961,0.8145146365120071,0.2898127960328567,0.0005338929876949099,0.00893784235748465,1800000,9000000,10389600000,577.2
962,0.8179017577014573,0.285333704999144,0.0009304780556127893,0.008908099149180209,1800000,9000000,10400400000,577.8000000000001
963,0.8169572513077293,0.2833988324122017,0.0,0.008878454919846852,1800000,9000000,10411200000,578.4000000000001
964,0.8150076829373604,0.28473402755314836,0.0006738687741672244,0.008848909340103947,1800000,9000000,10422000000,579.0000000000001
965,0.8155874456330068,0.2808523396465891,0.0,0.00881946208166697,1800000,9000000,10432800000,579.6000000000001
966,0.81450728805485,0.2893311481576189,0.001032604383590811,0.008790112817343857,1800000,9000000,10443600000,580.2
967,0.8154428871101972,0.2858644482699586,0.0004172158484835627,0.008760861221031375,1800000,9000000,10454400000,580.8000000000001
968,0.8156972565724013,0.27891591542683847,0.000472948805637251,0.008731706967711477,1800000,9000000,10465200000,581.4000000000001
969,0.8147538769399075,0.2856288572508486,0.0,0.008702649733447719,1800000,9000000,10476000000,582.0000000000001
970,0.8159642172194661,0.2874821183583524,0.0016903922408048617,0.008673689195381645,1800000,9000000,10486800000,582.6000000000001
971,0.8147871242531173,0.288592084331698,0.0,0.0086448250317292,1800000,9000000,10497600000,583.2
972,0.8149442710936453,0.2893674545165907,0.0,0.008616056921777155,1800000,9000000,10508400000,583.8000000000001
973,0.8177168563668993,0.2824817943434264,0.0006317836849156648,0.008587384545879555,1800000,9000000,10519200000,584.4000000000001
974,0.8164000179482109,0.2842519219097892,0.0,0.00855880758545414,1800000,9000000,10530000000,585.0000000000001
975,0.8134849082676098,0.2810005338015542,0.0005188733855994213,0.008530325722978842,1800000,9000000,10540800000,585.6000000000001
976,0.8146451964467567,0.28414709450917824,0.0006811026167098614,0.008501938641988227,1800000,9000000,10551600000,586.2
977,0.8163734448467739,0.2843780644599687,0.0011810818190818434,0.00847364602706999,1800000,9000000,10562400000,586.8000000000001
978,0.8181415682378855,0.2840125764319845,0.002314876614122831,0.008445447563861456,1800000,9000000,10573200000,587.4000000000001
979,0.8160597279864666,0.2840450862949675,0.0008859018356525733,0.008417342939046071,1800000,9000000,10584000000,588.0000000000001
980,0.8172506326030043,0.2816846057344862,0.0001327195046950208,0.008389331840349944,1800000,9000000,10594800000,588.6000000000001
981,0.8170998149074367,0.27651998529653754,0.0003110312216067582,0.008361413956538348,1800000,9000000,10605600000,589.2
982,0.8192316845772994,0.2789035561409014,0.001273855902889111,0.008333588977412296,1800000,9000000,10616400000,589.8000000000001
983,0.8135650298529926,0.28609423094818476,0.0,0.008305856593805061,1800000,9000000,10627200000,590.4000000000001
984,0.8164721421931623,0.27998543844058843,0.0,0.008278216497578768,1800000,9000000,10638000000,591.0000000000001
985,0.8166760694408274,0.28237231114301053,0.0,0.008250668381620944,1800000,9000000,10648800000,591.6000000000001
986,0.8187193878571668,0.2787136623333416,0.0,0.008223211939841133,1800000,9000000,10659600000,592.2
987,0.8153154250559486,0.2876190139079181,0.0018167229163919725,0.008195846867167478,1800000,9000000,10670400000,592.8000000000001
988,0.8182492068304329,0.28439866439361594,0.0,0.008168572859543331,1800000,9000000,10681200000,593.4000000000001
989,0.8184343480281591,0.2881130859535777,0.0006527417965502019,0.008141389613923886,1800000,9000000,10692000000,594.0000000000001
990,0.814717183483671,0.2812208604641178,0.002069506816995477,0.008114296828272803,1800000,9000000,10702800000,594.6000000000001
991,0.8173088397907097,0.28530125537999823,0.0007098950786543071,0.008087294201558844,1800000,9000000,10713600000,595.2
992,0.8192501855601768,0.28181877494123037,0.0,0.00806038143375255,1800000,9000000,10724400000,595.8000000000001
993,0.8154885001491458,0.2830168043184096,0.002303714077589157,0.008033558225822888,1800000,9000000,10735200000,596.4000000000001
994,0.8185934921786139,0.2768071480161393,0.0,0.008006824279733942,1800000,9000000,10746000000,597.0000000000001
995,0.8172915119468139,0.2828457256077114,0.0,0.00798017929844159,1800000,9000000,10756800000,597.6000000000001
996,0.8159405216401304,0.283988401600809,0.0014895909314623544,0.007953622985890214,1800000,9000000,10767600000,598.2
997,0.8151578626828907,0.2895820203748706,0.0,0.007927155047009393,1800000,9000000,10778400000,598.8000000000001
998,0.8159753201033905,0.2869832563130771,0.0019549850359441693,0.007900775187710651,1800000,9000000,10789200000,599.4000000000001
999,0.8176361138593881,0.28504284844784333,0.00017992842457640435,0.007874483114884165,1800000,9000000,10800000000,600.0000000000001
