round,test_accuracy,train_objective,mfg,hfr_tau,downlink_bytes,uplink_bytes,cumulative_serialized_bytes,single_device_elapsed_seconds
0,0.5030784080948266,0.5952195226151766,0.069890640709943,0.22,1800000,18000000,19800000,0.65
1,0.5092081957153579,0.5899832726612393,0.07095153962139383,0.2192678875319951,1800000,18000000,39600000,1.3
2,0.5138653705313249,0.5887603104587076,0.06897527302140315,0.21853821137610757,1800000,18000000,59400000,1.9500000000000002
3,0.5193242590828367,0.5826619492987156,0.06960356277590841,0.21781096342481698,1800000,18000000,79200000,2.6
4,0.520983434079254,0.5799156858115266,0.06869287940903193,0.21708613559758305,1800000,18000000,99000000,3.25
5,0.5275309751706792,0.5740610226637299,0.06819910590714683,0.21636371984075584,1800000,18000000,118800000,3.9000000000000004
6,0.531874758002408,0.563549613493862,0.06811351037272569,0.21564370812748615,1800000,18000000,138600000,4.55
7,0.5361105121063998,0.5622984102093909,0.06769398685427444,0.21492609245763647,1800000,18000000,158400000,5.2
8,0.5402630893921376,0.5572648953136425,0.06778889869403638,0.2142108648576919,1800000,18000000,178200000,5.8500000000000005
9,0.5459707241073442,0.5528575344046537,0.06801075500501659,0.21349801738067178,1800000,18000000,198000000,6.5
10,0.5488337693919993,0.5546819080879837,0.06792100908008165,0.2127875421060413,1800000,18000000,217800000,7.15
11,0.5487936716298426,0.5521677119854854,0.06644882219738935,0.21207943113962338,1800000,18000000,237600000,7.800000000000001
12,0.5553052187474825,0.5396973699611635,0.06666002016238286,0.2113736766135111,1800000,18000000,257400000,8.450000000000001
13,0.5648415493863747,0.53553543377049,0.06715751785108916,0.2106702706859803,1800000,18000000,277200000,9.1
14,0.5667542272804654,0.5293663765841092,0.06685769070516887,0.20996920554140228,1800000,18000000,297000000,9.75
15,0.5693265526730941,0.5340222243963669,0.06553275061206058,0.20927047339015709,1800000,18000000,316800000,10.4
16,0.5708427493560706,0.5262177182384069,0.06634216170421507,0.208574066468547,1800000,18000000,336600000,11.05
17,0.574967504755581,0.5269012722391627,0.0646485969189444,0.2078799770387102,1800000,18000000,356400000,11.700000000000001
18,0.5795509431312423,0.5198971076448831,0.06575575392612813,0.20718819738853472,1800000,18000000,376200000,12.35
19,0.5832887787894419,0.5177770853564932,0.06501187100379303,0.2064987198315729,1800000,18000000,396000000,13.0
20,0.5864457032653038,0.5190614836724757,0.06400907686775355,0.2058115367069559,1800000,18000000,415800000,13.65
21,0.5894450036574391,0.5143430189384345,0.06522683498772876,0.2051266403793086,1800000,18000000,435600000,14.3
22,0.5940872853316735,0.5070487179311342,0.06254559060234822,0.20444402323866478,1800000,18000000,455400000,14.950000000000001
23,0.5972451088749015,0.5050927194009507,0.06442800945407645,0.20376367770038248,1800000,18000000,475200000,15.600000000000001
24,0.59934408337378,0.5034795976178134,0.06413088312462492,0.20308559620505987,1800000,18000000,495000000,16.25
25,0.6017908123096735,0.5030435257300354,0.0635066611869134,0.20240977121845113,1800000,18000000,514800000,16.900000000000002
26,0.6013847934458101,0.495414570462289,0.06407256942076898,0.20173619523138275,1800000,18000000,534600000,17.55
27,0.6101879468785141,0.48579452180415156,0.06345125206584422,0.2010648607596702,1800000,18000000,554400000,18.2
28,0.6133880448104642,0.4823270736258688,0.06409917743793893,0.20039576034403467,1800000,18000000,574200000,18.85
29,0.6142144882736023,0.483793421487445,0.061198988837170606,0.19972888655002022,1800000,18000000,594000000,19.5
30,0.6168496136955527,0.48261424890549454,0.062134051437862714,0.1990642319679111,1800000,18000000,613800000,20.150000000000002
31,0.62410632884406,0.47260950388015227,0.06384525359259344,0.19840178921264964,1800000,18000000,633600000,20.8
32,0.6241002692877526,0.47389507016647425,0.05986959264021043,0.19774155092375395,1800000,18000000,653400000,21.45
33,0.6241683693302783,0.47667414424917937,0.06072704874047949,0.1970835097652362,1800000,18000000,673200000,22.1
34,0.6309603598738832,0.47100288820848724,0.06110223704127116,0.19642765842552126,1800000,18000000,693000000,22.75
35,0.6323429893290639,0.46179648946396623,0.0613696042349782,0.19577398961736522,1800000,18000000,712800000,23.400000000000002
36,0.6347204379787335,0.4623848992867882,0.06135855354580781,0.19512249607777465,1800000,18000000,732600000,24.05
37,0.6387013927635031,0.4657001309947966,0.059085818125020104,0.1944731705679257,1800000,18000000,752400000,24.7
38,0.638994798929358,0.4581190310841466,0.06063007397531743,0.1938260058730838,1800000,18000000,772200000,25.35
39,0.6388172809864779,0.46026820707187244,0.06058340329276168,0.1931809948025235,1800000,18000000,792000000,26.0
40,0.6443359264957647,0.45235167771611673,0.0604707557638823,0.19253813018944846,1800000,18000000,811800000,26.650000000000002
41,0.649657129276234,0.45410595409216054,0.059896519205881,0.19189740489091192,1800000,18000000,831600000,27.3
42,0.654148731158475,0.4487234590507012,0.060437291174005224,0.1912588117877373,1800000,18000000,851400000,27.95
43,0.6566632709531612,0.44183247602261666,0.05978484474154739,0.1906223437844391,1800000,18000000,871200000,28.6
44,0.6551883748678965,0.44832619646957284,0.0570775886667616,0.1899879938091441,1800000,18000000,891000000,29.25
45,0.6569682835680463,0.4394080894211814,0.057266787388095555,0.18935575481351272,1800000,18000000,910800000,29.900000000000002
46,0.6636366235788019,0.4357813313938648,0.05956463266592744,0.1887256197726607,1800000,18000000,930600000,30.55
47,0.6633447981540902,0.4388900445525957,0.05693759435665176,0.1880975816850811,1800000,18000000,950400000,31.200000000000003
48,0.663347870632209,0.4329685468389265,0.05875907691396542,0.1874716335725665,1800000,18000000,970200000,31.85
49,0.6667855405759356,0.4364967475411641,0.05788709122863247,0.18684776848013143,1800000,18000000,990000000,32.5
50,0.669868058583028,0.4326513369261679,0.05791565387282008,0.1862259794759351,1800000,18000000,1009800000,33.15
51,0.6713375332497735,0.4290693302734373,0.057211836464385046,0.18560625965120442,1800000,18000000,1029600000,33.800000000000004
52,0.673577595492242,0.4214890145279799,0.056928698271395045,0.18498860212015716,1800000,18000000,1049400000,34.45
53,0.6773149486364077,0.4194923974835473,0.05547810166119165,0.18437300001992551,1800000,18000000,1069200000,35.1
54,0.6810136610494723,0.4210779919300664,0.05647587664350391,0.18375944651047985,1800000,18000000,1089000000,35.75
55,0.6840614196832318,0.41140585218105,0.05572693353849284,0.1831479347745526,1800000,18000000,1108800000,36.4
56,0.681487212719802,0.4145898411906696,0.05603109634958024,0.18253845801756263,1800000,18000000,1128600000,37.050000000000004
57,0.6856148497926451,0.4136190430977176,0.05469170159919219,0.1819310094675397,1800000,18000000,1148400000,37.7
58,0.6874369558089959,0.4117226552936899,0.054978726228930165,0.18132558237504928,1800000,18000000,1168200000,38.35
59,0.6884275677909079,0.4160858279730415,0.0540741559047075,0.18072217001311738,1800000,18000000,1188000000,39.0
60,0.6903285912436291,0.4080998126690066,0.05343477816851444,0.18012076567715601,1800000,18000000,1207800000,39.65
61,0.6914960552611005,0.4077265156627648,0.055225373427300606,0.1795213626848886,1800000,18000000,1227600000,40.300000000000004
62,0.6929592058381415,0.4100642261911391,0.0549299577005212,0.17892395437627573,1800000,18000000,1247400000,40.95
63,0.6975503210964754,0.3965294999646327,0.05618292632243984,0.17832853411344116,1800000,18000000,1267200000,41.6
64,0.6981181141928481,0.4049589696231207,0.054408871230518234,0.17773509528059805,1800000,18000000,1287000000,42.25
65,0.6995876806707133,0.39667612861167706,0.054821542243554094,0.17714363128397553,1800000,18000000,1306800000,42.9
66,0.7022331868057473,0.3969596245540249,0.05296836159737385,0.17655413555174526,1800000,18000000,1326600000,43.550000000000004
67,0.7045241931204069,0.3874491833216162,0.05334528468940087,0.17596660153394866,1800000,18000000,1346400000,44.2
68,0.7058273852462971,0.391285309968979,0.05378728785028936,0.1753810227024239,1800000,18000000,1366200000,44.85
69,0.7059781100916912,0.39036200546920347,0.05418560810289421,0.17479739255073348,1800000,18000000,1386000000,45.5
70,0.7086738724942779,0.3951931041544895,0.052416687089126286,0.17421570459409197,1800000,18000000,1405800000,46.15
71,0.7107633930264456,0.39355334695831945,0.05310278948994176,0.17363595236929383,1800000,18000000,1425600000,46.800000000000004
72,0.7141552447048211,0.3873016312620146,0.05259072399876709,0.17305812943464177,1800000,18000000,1445400000,47.45
73,0.7132697706475618,0.387390158938907,0.053386646761151936,0.17248222936987492,1800000,18000000,1465200000,48.1
74,0.7158190991022078,0.38540232694932064,0.052670207129629026,0.1719082457760978,1800000,18000000,1485000000,48.75
75,0.7161788877184988,0.38399482844180827,0.05343026740996711,0.17133617227570908,1800000,18000000,1504800000,49.4
76,0.7181607979468916,0.3823244973316746,0.05265844038287724,0.17076600251233054,1800000,18000000,1524600000,50.050000000000004
77,0.7181389192124964,0.3838597093674748,0.052446504618392474,0.17019773015073678,1800000,18000000,1544400000,50.7
78,0.7185014154732581,0.3828859813326365,0.051901134652369126,0.16963134887678458,1800000,18000000,1564200000,51.35
79,0.719700369331816,0.3744681301564892,0.050488241724861514,0.16906685239734287,1800000,18000000,1584000000,52.0
80,0.7241672051750624,0.3801108049517696,0.05120631517065877,0.16850423444022272,1800000,18000000,1603800000,52.65
81,0.7229027828613392,0.3792444443447191,0.05175723349045869,0.1679434887541077,1800000,18000000,1623600000,53.300000000000004
82,0.7280421927452255,0.37424028630774026,0.049577621444062775,0.16738460910848446,1800000,18000000,1643400000,53.95
83,0.7283768898647223,0.37167200438046044,0.05097746626769649,0.16682758929357333,1800000,18000000,1663200000,54.6
84,0.7294708747865333,0.36811589710926207,0.0523071596936074,0.1662724231202596,1800000,18000000,1683000000,55.25
85,0.7309174683763697,0.3660782352325744,0.04756523044088458,0.1657191044200245,1800000,18000000,1702800000,55.9
86,0.7307974033706414,0.37250467745876276,0.050048890846007284,0.16516762704487678,1800000,18000000,1722600000,56.550000000000004
87,0.7335373599186972,0.3666994401637793,0.04899659282043787,0.16461798486728435,1800000,18000000,1742400000,57.2
88,0.734195440062586,0.364855957950067,0.04942307119208484,0.16407017178010627,1800000,18000000,1762200000,57.85
89,0.737966411734255,0.36561449296255205,0.04825402711249068,0.16352418169652483,1800000,18000000,1782000000,58.5
90,0.7396806010612438,0.35843554980607756,0.04990519122284251,0.16298000854997793,1800000,18000000,1801800000,59.15
91,0.7379702904395756,0.3608903723966682,0.050734571467514,0.16243764629409166,1800000,18000000,1821600000,59.800000000000004
92,0.7398289532116825,0.3566818079168275,0.04822012727645277,0.16189708890261317,1800000,18000000,1841400000,60.45
93,0.7401560765445334,0.35523912091319954,0.04942581300544022,0.16135833036934363,1800000,18000000,1861200000,61.1
94,0.7431914669805736,0.35756053892244416,0.04745485882395773,0.1608213647080716,1800000,18000000,1881000000,61.75
95,0.7422477457715457,0.35621465596099333,0.04811978849298622,0.16028618595250646,1800000,18000000,1900800000,62.400000000000006
96,0.7428587767856355,0.35273995784356116,0.048343826934242475,0.159752788156212,1800000,18000000,1920600000,63.050000000000004
97,0.7447834191444022,0.35285923976095773,0.04759887982891183,0.15922116539254064,1800000,18000000,1940400000,63.7
98,0.7441099634782019,0.3601964499407729,0.04894012486251734,0.15869131175456724,1800000,18000000,1960200000,64.35000000000001
99,0.7479588901409847,0.352904321863351,0.045565063285390235,0.15816322135502375,1800000,18000000,1980000000,65.0
100,0.7490492262906434,0.3503886436902599,0.04567406859459408,0.15763688832623365,1800000,18000000,1999800000,65.65
101,0.748110740687017,0.35516757197032045,0.045343589773818596,0.1571123068200467,1800000,18000000,2019600000,66.3
102,0.7515262413987233,0.3410182398592061,0.04473397771947039,0.15658947100777412,1800000,18000000,2039400000,66.95
103,0.7541129222774602,0.34695164838351844,0.04816545935813232,0.1560683750801238,1800000,18000000,2059200000,67.60000000000001
104,0.7518999206502079,0.34862701953497305,0.04565092232389047,0.1555490132471355,1800000,18000000,2079000000,68.25
105,0.7511691064026418,0.34660574674181244,0.045202035373668625,0.15503137973811695,1800000,18000000,2098800000,68.9
106,0.7541252033341102,0.3434485461120056,0.045781960145613344,0.15451546880157935,1800000,18000000,2118600000,69.55
107,0.7570181659816206,0.3399800457578761,0.04480149141856568,0.15400127470517364,1800000,18000000,2138400000,70.2
108,0.7571663014472889,0.34291891876942515,0.044623401523113795,0.15348879173562682,1800000,18000000,2158200000,70.85000000000001
109,0.7568608067853166,0.3458034767885673,0.046637455630420384,0.1529780141986784,1800000,18000000,2178000000,71.5
110,0.7577527554893129,0.3470340403794053,0.045007903298018785,0.15246893641901713,1800000,18000000,2197800000,72.15
111,0.7623580842639215,0.3397653160374257,0.04474266603565503,0.15196155274021803,1800000,18000000,2217600000,72.8
112,0.7600591819439546,0.3442094585939843,0.04553089753970845,0.1514558575246794,1800000,18000000,2237400000,73.45
113,0.7587093399315235,0.3401742030987106,0.046627965735077645,0.1509518451535604,1800000,18000000,2257200000,74.10000000000001
114,0.7627202971879815,0.34294324721533076,0.04473136054333115,0.15044951002671828,1800000,18000000,2277000000,74.75
115,0.7634253810186925,0.33860263855792444,0.04521918381921643,0.14994884656264654,1800000,18000000,2296800000,75.4
116,0.7675045967652872,0.32888221387029465,0.043569683582783604,0.14944984919841262,1800000,18000000,2316600000,76.05
117,0.7628788578827482,0.3399039595712315,0.042819332217664034,0.14895251238959623,1800000,18000000,2336400000,76.7
118,0.76444277410089,0.3340301040690194,0.04356387256688874,0.1484568306102277,1800000,18000000,2356200000,77.35000000000001
119,0.7662152470874761,0.330242259103588,0.04303667391102266,0.14796279835272666,1800000,18000000,2376000000,78.0
120,0.7664533909730403,0.33298553534550357,0.043340222677100804,0.14747041012784065,1800000,18000000,2395800000,78.65
121,0.7655023967783786,0.33342373700438255,0.04302653025706414,0.14697966046458436,1800000,18000000,2415600000,79.3
122,0.7704377837282621,0.3306060899712327,0.043432450812048114,0.14649054391017868,1800000,18000000,2435400000,79.95
123,0.7711271805754933,0.33155857292835017,0.040425341076670056,0.14600305502999028,1800000,18000000,2455200000,80.60000000000001
124,0.7723696884633083,0.3289351685018493,0.043808439019812684,0.14551718840747094,1800000,18000000,2475000000,81.25
125,0.7708427522238281,0.3315503525747126,0.042368300726089284,0.14503293864409764,1800000,18000000,2494800000,81.9
126,0.7730244998125178,0.3242469067570889,0.04216517722911092,0.1445503003593125,1800000,18000000,2514600000,82.55
127,0.7711940838934782,0.3302463041579619,0.041732284360706175,0.14406926819046292,1800000,18000000,2534400000,83.2
128,0.7762820573020609,0.3215483775348736,0.04235247746493622,0.14358983679274215,1800000,18000000,2554200000,83.85000000000001
129,0.775789202895031,0.32730441823458484,0.04332407665633811,0.14311200083912964,1800000,18000000,2574000000,84.5
130,0.7736195479944823,0.32925420260890553,0.04129421784238595,0.14263575502033213,1800000,18000000,2593800000,85.15
131,0.7749759395457253,0.3241906188518769,0.04256536871660893,0.14216109404472455,1800000,18000000,2613600000,85.8
132,0.7765969873885913,0.3212288551498153,0.041609778747180644,0.14168801263829112,1800000,18000000,2633400000,86.45
133,0.7762853613774251,0.3227239974755523,0.04064566672073439,0.14121650554456688,1800000,18000000,2653200000,87.10000000000001
134,0.7754612135134007,0.32312900528294236,0.04113428331741473,0.14074656752457937,1800000,18000000,2673000000,87.75
135,0.7765878804539532,0.32538434148292505,0.040058342029609284,0.14027819335679012,1800000,18000000,2692800000,88.4
136,0.7774171905791344,0.3235139600817831,0.040777863169230905,0.13981137783703693,1800000,18000000,2712600000,89.05
137,0.7799475900934546,0.32395927877734,0.040746175283932616,0.13934611577847586,1800000,18000000,2732400000,89.7
138,0.7817117533623362,0.31549251682443635,0.040108731460140615,0.13888240201152371,1800000,18000000,2752200000,90.35000000000001
139,0.7809098367906209,0.32321243591166327,0.041772588851470054,0.13842023138380052,1800000,18000000,2772000000,91.0
140,0.7816213325041529,0.3207839815207416,0.03971613503337166,0.13795959876007233,1800000,18000000,2791800000,91.65
141,0.7789098544933071,0.31997245242181976,0.039110937772512656,0.13750049902219416,1800000,18000000,2811600000,92.3
142,0.7798263035934467,0.32048360933683073,0.040551403947671275,0.13704292706905308,1800000,18000000,2831400000,92.95
143,0.7818277160825673,0.31564658378207316,0.04106771341317625,0.13658687781651155,1800000,18000000,2851200000,93.60000000000001
144,0.7834621701792691,0.32031474399106197,0.039255231658960124,0.13613234619735098,1800000,18000000,2871000000,94.25
145,0.7831317070247957,0.31140147826371173,0.03865158115310174,0.1356793271612154,1800000,18000000,2890800000,94.9
146,0.7848394620654816,0.31170946497811153,0.04025463336688577,0.1352278156745552,1800000,18000000,2910600000,95.55
147,0.7850073336055329,0.3128057832567767,0.03996267399234104,0.13477780672057155,1800000,18000000,2930400000,96.2
148,0.7856741689915254,0.31148466680443826,0.03817593763918907,0.13432929529916027,1800000,18000000,2950200000,96.85000000000001
149,0.785682399559812,0.31540333371514184,0.03908427106680654,0.13388227642685652,1800000,18000000,2970000000,97.5
150,0.7863000781329315,0.3151130087619972,0.038129497060380727,0.13343674513677936,1800000,18000000,2989800000,98.15
151,0.7872287812727278,0.3129283692797294,0.03854078628973067,0.1329926964785765,1800000,18000000,3009600000,98.8
152,0.7862645203649148,0.3114151122575883,0.03802004200965857,0.13255012551836945,1800000,18000000,3029400000,99.45
153,0.7860267880080132,0.3134792362623835,0.037081971040552025,0.1321090273386985,1800000,18000000,3049200000,100.10000000000001
154,0.7892025783799318,0.31689316042496357,0.03765216960260488,0.13166939703846825,1800000,18000000,3069000000,100.75
155,0.7884670340305773,0.3068557840737155,0.03707666292776609,0.13123122973289303,1800000,18000000,3088800000,101.4
156,0.7899234335345414,0.30918680469601034,0.037993906814097624,0.13079452055344276,1800000,18000000,3108600000,102.05
157,0.7933969057352122,0.3073304785974431,0.03822044800952188,0.13035926464778871,1800000,18000000,3128400000,102.7
158,0.7908502751890022,0.30986161707331233,0.03615550551267886,0.12992545717974963,1800000,18000000,3148200000,103.35000000000001
159,0.7873653215146714,0.31066184837270727,0.03529969939443791,0.12949309332923814,1800000,18000000,3168000000,104.0
160,0.792121733996019,0.3118720012933877,0.03519269791769312,0.129062168292207,1800000,18000000,3187800000,104.65
161,0.7931111629036762,0.3090917776708978,0.0365310202743788,0.1286326772805958,1800000,18000000,3207600000,105.3
162,0.7897403403838419,0.3119408866600718,0.03707603191166565,0.12820461552227772,1800000,18000000,3227400000,105.95
163,0.7944311807772643,0.3009845161676949,0.03663648180037451,0.12777797826100667,1800000,18000000,3247200000,106.60000000000001
164,0.793673492357918,0.30638544173736204,0.036487417026713445,0.12735276075636423,1800000,18000000,3267000000,107.25
165,0.7912654408480829,0.3058083551435043,0.038081556203007474,0.12692895828370707,1800000,18000000,3286800000,107.9
166,0.7912354645224751,0.3098497618964896,0.035224541501742264,0.12650656613411448,1800000,18000000,3306600000,108.55
167,0.7924186648452615,0.3080244119718327,0.038438247567061296,0.12608557961433597,1800000,18000000,3326400000,109.2
168,0.7938206862682325,0.3033775736904862,0.035694783616211145,0.12566599404673928,1800000,18000000,3346200000,109.85000000000001
169,0.7934960907096067,0.3071740208616851,0.03645550674297114,0.12524780476925818,1800000,18000000,3366000000,110.5
170,0.7953442389630231,0.3009309424078823,0.0355001211609304,0.12483100713534084,1800000,18000000,3385800000,111.15
171,0.7962013274078777,0.3044333508736984,0.03277768981753419,0.12441559651389816,1800000,18000000,3405600000,111.8
172,0.7952721349895219,0.3024573116396904,0.03565325995988999,0.12400156828925231,1800000,18000000,3425400000,112.45
173,0.7955212570054857,0.30477173760147785,0.03556835601682366,0.12358891786108542,1800000,18000000,3445200000,113.10000000000001
174,0.7963551580777026,0.30304110094755066,0.03408039196459348,0.12317764064438845,1800000,18000000,3465000000,113.75
175,0.7959149951740327,0.3029504514963734,0.03517527836490145,0.12276773206941036,1800000,18000000,3484800000,114.4
176,0.7960850624910637,0.2992901983973681,0.03508275197147097,0.1223591875816072,1800000,18000000,3504600000,115.05
177,0.7973897447047753,0.30782770170009954,0.033117870708921825,0.12195200264159156,1800000,18000000,3524400000,115.7
178,0.7972923014499058,0.30165736221924044,0.03601579294182527,0.12154617272508213,1800000,18000000,3544200000,116.35000000000001
179,0.7970971626174266,0.30090686491094204,0.03519112924647928,0.12114169332285347,1800000,18000000,3564000000,117.0
180,0.7994395267542992,0.30467446894442907,0.035381051880658876,0.12073855994068583,1800000,18000000,3583800000,117.65
181,0.7990562641120909,0.29933353015850295,0.034762038803403526,0.12033676809931522,1800000,18000000,3603600000,118.3
182,0.7967951811349647,0.30019002687273283,0.034555803497464295,0.11993631333438377,1800000,18000000,3623400000,118.95
183,0.7997094928125016,0.2986756467676093,0.033532908575072795,0.11953719119638996,1800000,18000000,3643200000,119.60000000000001
184,0.8013668401416395,0.2983885811734399,0.03265862616536232,0.11913939725063923,1800000,18000000,3663000000,120.25
185,0.7974621523635314,0.30300152299309163,0.033657816727738064,0.11874292707719478,1800000,18000000,3682800000,120.9
186,0.7996878807106448,0.30176839273297706,0.03377814605407507,0.11834777627082839,1800000,18000000,3702600000,121.55
187,0.8009309787101874,0.2991447107693513,0.03361518317503806,0.11795394044097147,1800000,18000000,3722400000,122.2
188,0.8014377892506165,0.299290962137767,0.03290828779548688,0.11756141521166627,1800000,18000000,3742200000,122.85000000000001
189,0.7986381393938984,0.3065857293246163,0.0338703099373718,0.11717019622151738,1800000,18000000,3762000000,123.5
190,0.8035339906979018,0.2928331105901887,0.03318636392513707,0.11678027912364307,1800000,18000000,3781800000,124.15
191,0.800338048880302,0.30036541865288036,0.03311664965363193,0.11639165958562711,1800000,18000000,3801600000,124.80000000000001
192,0.8028234265667915,0.29153541208062245,0.033390942032896234,0.11600433328947068,1800000,18000000,3821400000,125.45
193,0.80035918282621,0.2998586922804989,0.030244431576119224,0.11561829593154425,1800000,18000000,3841200000,126.10000000000001
194,0.8023596551499024,0.30171258070457796,0.031613526095679696,0.11523354322253988,1800000,18000000,3861000000,126.75
195,0.8018140642696149,0.2968549263856651,0.03274773303313669,0.11485007088742354,1800000,18000000,3880800000,127.4
196,0.8042610713249972,0.3001521870523474,0.031820987533076245,0.11446787466538752,1800000,18000000,3900600000,128.05
197,0.8043706356874263,0.296501062319912,0.03206207755287496,0.11408695030980319,1800000,18000000,3920400000,128.70000000000002
198,0.8052934912487573,0.28840111252284883,0.03173484690592486,0.11370729358817382,1800000,18000000,3940200000,129.35
199,0.8040452688719931,0.298234128999608,0.03057254667779731,0.1133289002820875,1800000,18000000,3960000000,130.0
200,0.8062218985819183,0.29355300868675216,0.032079187771558104,0.11295176618717025,1800000,18000000,3979800000,130.65
201,0.8029775373272802,0.29429103109549787,0.030565614397669704,0.11257588711303934,1800000,18000000,3999600000,131.3
202,0.8023500612803444,0.2961744861494662,0.030240642540545024,0.11220125888325679,1800000,18000000,4019400000,131.95000000000002
203,0.8026570570935931,0.3013307233211725,0.03184132675878278,0.11182787733528282,1800000,18000000,4039200000,132.6
204,0.803648467220915,0.2951554757752533,0.02932862750613136,0.1114557383204297,1800000,18000000,4059000000,133.25
205,0.8037217508595358,0.29177547093267076,0.031276936703679696,0.11108483770381573,1800000,18000000,4078800000,133.9
206,0.8049889490272285,0.2949116790629321,0.030481834129705013,0.11071517136431909,1800000,18000000,4098600000,134.55
207,0.8043232432099723,0.2965095045855788,0.029742312759879867,0.11034673519453223,1800000,18000000,4118400000,135.20000000000002
208,0.8055862663735763,0.29390379681554024,0.029361391006357443,0.10997952510071608,1800000,18000000,4138200000,135.85
209,0.8055465874263545,0.291297775183085,0.029271978305415797,0.10961353700275477,1800000,18000000,4158000000,136.5
210,0.8075039754962077,0.29531714597204345,0.030196341165790674,0.1092487668341101,1800000,18000000,4177800000,137.15
211,0.8050002285817969,0.2956444723751596,0.030192565360124077,0.10888521054177641,1800000,18000000,4197600000,137.8
212,0.8079222161169857,0.29294885343210064,0.03116126276129625,0.10852286408623565,1800000,18000000,4217400000,138.45000000000002
213,0.8070883017852384,0.2924710744296396,0.028817482293208428,0.10816172344141232,1800000,18000000,4237200000,139.1
214,0.808040497960699,0.29094540619745035,0.02902105448494235,0.1078017845946289,1800000,18000000,4257000000,139.75
215,0.8089674599310789,0.28897788003017777,0.028927867237268975,0.10744304354656116,1800000,18000000,4276800000,140.4
216,0.8074700605222422,0.293134071262771,0.02877791667879389,0.10708549631119377,1800000,18000000,4296600000,141.05
217,0.8076731307767412,0.2910777792599552,0.030092928874798936,0.10672913891577596,1800000,18000000,4316400000,141.70000000000002
218,0.8045930009827318,0.2974755758115669,0.030169192996981693,0.1063739674007775,1800000,18000000,4336200000,142.35
219,0.806423497343201,0.2937286153768302,0.028903173503766744,0.10601997781984454,1800000,18000000,4356000000,143.0
220,0.8105694700423666,0.2878095355482404,0.029644207377112625,0.10566716623975587,1800000,18000000,4375800000,143.65
221,0.8053087187949148,0.29133187237198527,0.02843675927897386,0.10531552874037918,1800000,18000000,4395600000,144.3
222,0.8052945297755159,0.29413086659770526,0.0282414160166805,0.10496506141462757,1800000,18000000,4415400000,144.95000000000002
223,0.8077140998939156,0.2887645869503195,0.028524913148287798,0.10461576036841601,1800000,18000000,4435200000,145.6
224,0.8097463158359385,0.29140752633144384,0.02894657394142623,0.10426762172061814,1800000,18000000,4455000000,146.25
225,0.804941085192199,0.29159710843709613,0.0293855972713629,0.10392064160302324,1800000,18000000,4474800000,146.9
226,0.8080631735218695,0.29107960857207327,0.029193646191992648,0.10357481616029306,1800000,18000000,4494600000,147.55
227,0.8068114678939983,0.2889738372895288,0.028809953883979292,0.10323014154991914,1800000,18000000,4514400000,148.20000000000002
228,0.8092666067021165,0.287149026486134,0.027191212985222438,0.10288661394218003,1800000,18000000,4534200000,148.85
229,0.8078516365772268,0.2887013330975523,0.027748148539344365,0.10254422952009878,1800000,18000000,4554000000,149.5
230,0.8066849593565804,0.2954107183146551,0.02791200247687749,0.10220298447940052,1800000,18000000,4573800000,150.15
231,0.8064317996465729,0.29191754489649746,0.026851214442473858,0.10186287502847018,1800000,18000000,4593600000,150.8
232,0.8069191035703785,0.2941969366555559,0.027576155924039794,0.10152389738831034,1800000,18000000,4613400000,151.45000000000002
233,0.8072786225279247,0.29031357689674725,0.02848815185372324,0.1011860477924993,1800000,18000000,4633200000,152.1
234,0.8072775282035825,0.2916471260199123,0.026280054619681553,0.10084932248714917,1800000,18000000,4653000000,152.75
235,0.8057351527843839,0.2951960845967173,0.02860395290012886,0.10051371773086425,1800000,18000000,4672800000,153.4
236,0.809006184841106,0.2902379900294937,0.02788459979256188,0.1001792297946993,1800000,18000000,4692600000,154.05
237,0.8078900881871167,0.29662640799843815,0.027041040002754896,0.09984585496211829,1800000,18000000,4712400000,154.70000000000002
238,0.8059981807203688,0.29534903754932446,0.0274918721549579,0.09951358952895295,1800000,18000000,4732200000,155.35
239,0.8059338329520538,0.2994056037306349,0.026748489374320356,0.09918242980336175,1800000,18000000,4752000000,156.0
240,0.8098803336252414,0.28886339949077094,0.026178486536823534,0.09885237210578875,1800000,18000000,4771800000,156.65
241,0.8073167349215149,0.29292185877062216,0.02695180506949525,0.09852341276892282,1800000,18000000,4791600000,157.3
242,0.8085829614206553,0.2974980879409867,0.02606117206179648,0.09819554813765684,1800000,18000000,4811400000,157.95000000000002
243,0.8035720215968685,0.30128499640014605,0.025038174762659966,0.09786877456904704,1800000,18000000,4831200000,158.6
244,0.8070247250052424,0.2907891299542325,0.027629269688985478,0.09754308843227269,1800000,18000000,4851000000,159.25
245,0.8072727760859917,0.2897234899881057,0.02714424606262848,0.09721848610859557,1800000,18000000,4870800000,159.9
246,0.8081837078922175,0.29142420623245746,0.02506451309831502,0.09689496399131985,1800000,18000000,4890600000,160.55
247,0.8073654750830789,0.29402995700340595,0.027909845765176293,0.09657251848575199,1800000,18000000,4910400000,161.20000000000002
248,0.805999741024197,0.29617446339284775,0.023808983881820074,0.09625114600916085,1800000,18000000,4930200000,161.85
249,0.8076630231129615,0.29344081098144836,0.027024614956566058,0.09593084299073784,1800000,18000000,4950000000,162.5
250,0.8064606728681362,0.294846764917418,0.026035000123194204,0.0956116058715572,1800000,18000000,4969800000,163.15
251,0.8062612806337108,0.29767210190978727,0.023203726082174136,0.0952934311045366,1800000,18000000,4989600000,163.8
252,0.8075660880178867,0.29347248659562897,0.025155787762898747,0.09497631515439754,1800000,18000000,5009400000,164.45000000000002
253,0.8062797898275949,0.2968601802583893,0.024481119692119805,0.0946602544976262,1800000,18000000,5029200000,165.1
254,0.8063229619859138,0.29481600546299186,0.024653211700439184,0.09434524562243425,1800000,18000000,5049000000,165.75
255,0.8070456746492498,0.28839314610539896,0.023081268251881535,0.09403128502871988,1800000,18000000,5068800000,166.4
256,0.8079782127771972,0.2964112767591536,0.023633392192193882,0.09371836922802874,1800000,18000000,5088600000,167.05
257,0.807402953168733,0.296690024452688,0.025477232104512196,0.09340649474351545,1800000,18000000,5108400000,167.70000000000002
258,0.8081230000459779,0.2977931317805272,0.02584150667903619,0.09309565810990474,1800000,18000000,5128200000,168.35
259,0.8072075681206315,0.2892287766303796,0.025659840012198717,0.09278585587345302,1800000,18000000,5148000000,169.0
260,0.807635828723456,0.2843397775709793,0.022934421287866196,0.09247708459191002,1800000,18000000,5167800000,169.65
261,0.8073744332654678,0.29650060025023967,0.02441373776054304,0.09216934083448058,1800000,18000000,5187600000,170.3
262,0.8077639174335501,0.2914369433535096,0.024158804105946376,0.09186262118178642,1800000,18000000,5207400000,170.95000000000002
263,0.8087565424405264,0.292241507799014,0.02452578440456588,0.09155692222582827,1800000,18000000,5227200000,171.6
264,0.8052028065172592,0.29546403777835534,0.025035587587845933,0.0912522405699479,1800000,18000000,5247000000,172.25
265,0.8059973692156106,0.2912792294720226,0.026114993854377756,0.09094857282879044,1800000,18000000,5266800000,172.9
266,0.8062832598313917,0.28747334238474365,0.024891637207108536,0.09064591562826678,1800000,18000000,5286600000,173.55
267,0.8058976330353039,0.29428851825557106,0.023820133335398973,0.090344265605516,1800000,18000000,5306400000,174.20000000000002
268,0.8053875750594514,0.2925307369068152,0.02458620808095782,0.0900436194088681,1800000,18000000,5326200000,174.85
269,0.8076186203967075,0.2856670292748505,0.024550720062705894,0.08974397369780665,1800000,18000000,5346000000,175.5
270,0.8060276330113397,0.29008054791387267,0.0240239843052463,0.08944532514293181,1800000,18000000,5365800000,176.15
271,0.8069255221686837,0.2907082806945928,0.02344011828291111,0.08914767042592323,1800000,18000000,5385600000,176.8
272,0.8081786039874731,0.29246926899311326,0.023085608976001783,0.08885100623950319,1800000,18000000,5405400000,177.45000000000002
273,0.8078318199265334,0.2923997285899714,0.02269638643049937,0.08855532928739991,1800000,18000000,5425200000,178.1
274,0.8083984353319107,0.2946724451133119,0.023836664057488383,0.08826063628431091,1800000,18000000,5445000000,178.75
275,0.8077106169747182,0.2876219302295148,0.023806279972990733,0.08796692395586642,1800000,18000000,5464800000,179.4
276,0.8096387422954744,0.29072876243932994,0.021571914640000252,0.08767418903859311,1800000,18000000,5484600000,180.05
277,0.8072910668244142,0.2995543336880479,0.020877252559775204,0.0873824282798778,1800000,18000000,5504400000,180.70000000000002
278,0.8063284935318417,0.29423689558940613,0.02198318066848912,0.08709163843793126,1800000,18000000,5524200000,181.35
279,0.8096645006054495,0.2895085018992764,0.023869256798531215,0.08680181628175224,1800000,18000000,5544000000,182.0
280,0.805145630209472,0.2937805141923409,0.023377667319736832,0.08651295859109161,1800000,18000000,5563800000,182.65
281,0.8056523262097703,0.2957667605265841,0.024274143172128712,0.0862250621564165,1800000,18000000,5583600000,183.3
282,0.8080480964905616,0.29072383952916814,0.022003645954399537,0.08593812377887465,1800000,18000000,5603400000,183.95000000000002
283,0.8065765441522955,0.3000323624584367,0.02139984209877314,0.08565214027025891,1800000,18000000,5623200000,184.6
284,0.8076163504590506,0.29580923600860104,0.022674753038488697,0.08536710845297184,1800000,18000000,5643000000,185.25
285,0.8085046771005827,0.29194575043846543,0.022217789140192887,0.08508302515999028,1800000,18000000,5662800000,185.9
286,0.8054295968775224,0.30069887271448525,0.022740977555760055,0.08479988723483026,1800000,18000000,5682600000,186.55
287,0.8046121171661339,0.29828565018077136,0.02208650539151375,0.08451769153151197,1800000,18000000,5702400000,187.20000000000002
288,0.8078145910322341,0.28699536675152265,0.023574587806039146,0.08423643491452465,1800000,18000000,5722200000,187.85
289,0.803949294821245,0.3008131339298468,0.021572018501905984,0.08395611425879189,1800000,18000000,5742000000,188.5
290,0.8064633239528529,0.2951343685148669,0.021910150415818026,0.08367672644963688,1800000,18000000,5761800000,189.15
291,0.8064755967737204,0.3014898048001692,0.022832072258142377,0.08339826838274775,1800000,18000000,5781600000,189.8
292,0.8070806434541151,0.29372216913721416,0.022272740290568232,0.08312073696414307,1800000,18000000,5801400000,190.45000000000002
293,0.8089066426769068,0.28504537630693083,0.023428708050089342,0.08284412911013761,1800000,18000000,5821200000,191.1
294,0.8046899270249591,0.2954767502146063,0.020421283951533,0.0825684417473079,1800000,18000000,5841000000,191.75
295,0.8060677320796699,0.2894890469335146,0.020548615210857723,0.08229367181245818,1800000,18000000,5860800000,192.4
296,0.807056096539301,0.29130202996831,0.02181330012807274,0.08201981625258635,1800000,18000000,5880600000,193.05
297,0.8051878846533004,0.29662412003536404,0.0224930715087587,0.08174687202485005,1800000,18000000,5900400000,193.70000000000002
298,0.8067212831845776,0.2938566892217002,0.02120897953195013,0.08147483609653282,1800000,18000000,5920200000,194.35
299,0.8052781977873683,0.29192702041319346,0.02075283396355964,0.08120370544501043,1800000,18000000,5940000000,195.0
300,0.8058448902083026,0.28884765588137457,0.02080042303026467,0.08093347705771732,1800000,18000000,5959800000,195.65
301,0.8054941799554138,0.29428749244422253,0.021444556778556244,0.08066414793211302,1800000,18000000,5979600000,196.3
302,0.8068516926082256,0.29227940379365125,0.020768471820480913,0.080395715075649,1800000,18000000,5999400000,196.95000000000002
303,0.8069509802604823,0.2894299372145393,0.02213149543341028,0.08012817550573513,1800000,18000000,6019200000,197.6
304,0.8070081980620044,0.29319006641580697,0.02068280243440058,0.0798615262497068,1800000,18000000,6039000000,198.25
305,0.8084032479635415,0.2882798206804139,0.0214267221415002,0.07959576434479178,1800000,18000000,6058800000,198.9
306,0.804930375958618,0.2922279923450002,0.021643203742899093,0.07933088683807722,1800000,18000000,6078600000,199.55
307,0.807698488225804,0.2891924410261612,0.020694170158442802,0.07906689078647704,1800000,18000000,6098400000,200.20000000000002
308,0.8062803006068505,0.2896380559944586,0.020675648420854478,0.07880377325669904,1800000,18000000,6118200000,200.85
309,0.8072782080509617,0.2930197874192497,0.01917909666075112,0.07854153132521242,1800000,18000000,6138000000,201.5
310,0.8072304060078755,0.2942357389546004,0.019402735355060638,0.07828016207821521,1800000,18000000,6157800000,202.15
311,0.805487549629088,0.2953219806568152,0.01920639956473872,0.07801966261160202,1800000,18000000,6177600000,202.8
312,0.8089222778319503,0.29146420925508715,0.019524065221899024,0.07776003003093164,1800000,18000000,6197400000,203.45000000000002
313,0.8060683964020072,0.2972031839348841,0.019121765269175906,0.07750126145139492,1800000,18000000,6217200000,204.1
314,0.8070248576635978,0.2913071213484226,0.02017557636251547,0.07724335399778277,1800000,18000000,6237000000,204.75
315,0.8070119221611657,0.2885096200818452,0.020073231242354446,0.07698630480445418,1800000,18000000,6256800000,205.4
316,0.8038374927498926,0.2995382294849364,0.020038728883597312,0.07673011101530436,1800000,18000000,6276600000,206.05
317,0.8052760594849953,0.2947690512925199,0.020928910375944538,0.07647476978373298,1800000,18000000,6296400000,206.70000000000002
318,0.8077872235391731,0.2914682017145924,0.020889980093913553,0.07622027827261263,1800000,18000000,6316200000,207.35
319,0.8054588854254305,0.2973160211832565,0.02011052282419027,0.07596663365425728,1800000,18000000,6336000000,208.0
320,0.8065065711818818,0.2991107675032939,0.020138682525064695,0.07571383311039072,1800000,18000000,6355800000,208.65
321,0.8064275419629774,0.2945934738102566,0.017896639378724977,0.07546187383211546,1800000,18000000,6375600000,209.3
322,0.8095608283672336,0.2948006168551306,0.019116668081549666,0.07521075301988138,1800000,18000000,6395400000,209.95000000000002
323,0.8080143325154522,0.2933734732756572,0.019653823742069396,0.07496046788345459,1800000,18000000,6415200000,210.6
324,0.8079467734918344,0.2909511813505927,0.02169958887648387,0.0747110156418866,1800000,18000000,6435000000,211.25
325,0.8045995988864573,0.300104238335516,0.017607121334102974,0.07446239352348329,1800000,18000000,6454800000,211.9
326,0.808321686043651,0.2960166229627338,0.01825492083926989,0.07421459876577408,1800000,18000000,6474600000,212.55
327,0.8084837393357083,0.29044198381596076,0.01732990251351493,0.07396762861548134,1800000,18000000,6494400000,213.20000000000002
328,0.8075388377465211,0.29091694464986645,0.017804808885176403,0.07372148032848977,1800000,18000000,6514200000,213.85
329,0.8066072043931269,0.29072352258272943,0.019297357388513424,0.07347615116981583,1800000,18000000,6534000000,214.5
330,0.8065171595295976,0.2980748149606194,0.01817677936578702,0.07323163841357751,1800000,18000000,6553800000,215.15
331,0.8037143896059489,0.29916897998872494,0.018648606016288802,0.07298793934296385,1800000,18000000,6573600000,215.8
332,0.8057409945622815,0.2947914801807723,0.01987805726202008,0.0727450512502049,1800000,18000000,6593400000,216.45000000000002
333,0.8078906687534378,0.2881769793865887,0.019688401571300404,0.0725029714365416,1800000,18000000,6613200000,217.1
334,0.807534649078934,0.2945968439099545,0.018028635311790785,0.07226169721219572,1800000,18000000,6633000000,217.75
335,0.8066803123295033,0.2975638974819887,0.017840196285783694,0.07202122589634008,1800000,18000000,6652800000,218.4
336,0.8048014403496878,0.29603273093795585,0.018042350041515276,0.07178155481706869,1800000,18000000,6672600000,219.05
337,0.8097703908512893,0.289969445961975,0.017526645531998664,0.0715426813113671,1800000,18000000,6692400000,219.70000000000002
338,0.8092154978106648,0.2877626758694072,0.018364110928138687,0.07130460272508277,1800000,18000000,6712200000,220.35
339,0.8059346440278473,0.2935166405663561,0.017366085761535907,0.07106731641289565,1800000,18000000,6732000000,221.0
340,0.8075959940852163,0.2955114911171392,0.018134440609139657,0.0708308197382887,1800000,18000000,6751800000,221.65
341,0.8096733648447023,0.2901899570422291,0.01778102492128005,0.07059511007351867,1800000,18000000,6771600000,222.3
342,0.8082064240709416,0.29005963491880327,0.017913542917545346,0.07036018479958688,1800000,18000000,6791400000,222.95000000000002
343,0.8085744625478979,0.2902128046023518,0.01813711012565012,0.07012604130621002,1800000,18000000,6811200000,223.6
344,0.8089256958338462,0.2939281653187743,0.017083901579159805,0.06989267699179139,1800000,18000000,6831000000,224.25
345,0.8055853551828063,0.2959701195529468,0.01623432802825498,0.06966008926339172,1800000,18000000,6850800000,224.9
346,0.8066691119186606,0.29347614298295344,0.017231358663496486,0.06942827553670051,1800000,18000000,6870600000,225.55
347,0.8074747183126452,0.29766358071596893,0.01676082153411424,0.06919723323600736,1800000,18000000,6890400000,226.20000000000002
348,0.8093004473010442,0.2950828014851879,0.016076895768707446,0.06896695979417317,1800000,18000000,6910200000,226.85
349,0.8058087487679338,0.2940546910731888,0.017910854512663086,0.06873745265260178,1800000,18000000,6930000000,227.5
350,0.8063039396692006,0.291644962405995,0.017066330899921083,0.06850870926121148,1800000,18000000,6949800000,228.15
351,0.8080320629062716,0.2889987077485891,0.015439782119732022,0.06828072707840671,1800000,18000000,6969600000,228.8
352,0.806142995213115,0.2950368502955295,0.01795164841599851,0.06805350357104971,1800000,18000000,6989400000,229.45000000000002
353,0.8085085460361965,0.28916603125408186,0.017740310568487246,0.06782703621443252,1800000,18000000,7009200000,230.1
354,0.8077298664593537,0.29268265611086725,0.017542045486956728,0.06760132249224887,1800000,18000000,7029000000,230.75
355,0.8066576457119651,0.2930193162682288,0.017445025641232077,0.06737635989656618,1800000,18000000,7048800000,231.4
356,0.8099751186842223,0.2931469655913461,0.017509554777885832,0.06715214592779772,1800000,18000000,7068600000,232.05
357,0.8055258833356274,0.29416793018279047,0.016603163160687728,0.0669286780946749,1800000,18000000,7088400000,232.70000000000002
358,0.8033502598852558,0.29543779774959045,0.015103095233852266,0.06670595391421945,1800000,18000000,7108200000,233.35
359,0.804470703063331,0.2984641913261746,0.016281228509525826,0.066483970911716,1800000,18000000,7128000000,234.0
360,0.8040332828082948,0.2959665207026383,0.018233873525887467,0.06626272662068447,1800000,18000000,7147800000,234.65
361,0.8055375600275434,0.2938433824748657,0.01691998696305172,0.06604221858285264,1800000,18000000,7167600000,235.3
362,0.8055944483346869,0.2970302703894246,0.01537840065194947,0.06582244434812895,1800000,18000000,7187400000,235.95000000000002
363,0.8062873712104136,0.29587685054323043,0.01621083809892707,0.06560340147457523,1800000,18000000,7207200000,236.6
364,0.8093594300379733,0.29770019076367865,0.018106059686503737,0.06538508752837947,1800000,18000000,7227000000,237.25
365,0.8056538758112408,0.29290595844367234,0.015543775198816688,0.06516750008382895,1800000,18000000,7246800000,237.9
366,0.8067389618556997,0.2948193710864954,0.014308615335974627,0.06495063672328313,1800000,18000000,7266600000,238.55
367,0.808150252969318,0.2920354237138461,0.015640027963289053,0.0647344950371469,1800000,18000000,7286400000,239.20000000000002
368,0.8078622501079482,0.29630657269422833,0.016312830795468802,0.06451907262384375,1800000,18000000,7306200000,239.85
369,0.8084127870807822,0.2854786980335291,0.013693219286873228,0.06430436708978908,1800000,18000000,7326000000,240.5
370,0.8058995631680371,0.29663388375936295,0.01601445527556731,0.06409037604936363,1800000,18000000,7345800000,241.15
371,0.806916638364401,0.2926593376691521,0.015891031442262584,0.063877097124887,1800000,18000000,7365600000,241.8
372,0.8057165506375291,0.29104362196984485,0.016722573379687432,0.06366452794659114,1800000,18000000,7385400000,242.45000000000002
373,0.8073986676363026,0.29164594044479636,0.014854494053568871,0.06345266615259412,1800000,18000000,7405200000,243.1
374,0.8058822562886953,0.294867000180668,0.016914195072155195,0.06324150938887384,1800000,18000000,7425000000,243.75
375,0.8081023008082634,0.29648222385971307,0.015600687912539534,0.06303105530924182,1800000,18000000,7444800000,244.4
376,0.8068943333865449,0.28906713890955255,0.01424907747960436,0.06282130157531728,1800000,18000000,7464600000,245.05
377,0.8084713773224539,0.2906250061011,0.016304342993243633,0.06261224585650099,1800000,18000000,7484400000,245.70000000000002
378,0.8068387992555026,0.29545132459681517,0.015358279783177185,0.06240388582994949,1800000,18000000,7504200000,246.35
379,0.8051259359352676,0.29419437417389716,0.016696238167935473,0.06219621918054922,1800000,18000000,7524000000,247.0
380,0.8062928171909371,0.2871872832898548,0.015179962107349607,0.061989243600890837,1800000,18000000,7543800000,247.65
381,0.8035223375634486,0.29542194940028604,0.015852454200250842,0.06178295679124355,1800000,18000000,7563600000,248.3
382,0.8064336044135305,0.2986402135170187,0.01679614033710977,0.06157735645952957,1800000,18000000,7583400000,248.95000000000002
383,0.8067852317911428,0.29097275378684295,0.015266082111869035,0.061372440321298655,1800000,18000000,7603200000,249.60000000000002
384,0.8077060509626723,0.2937961776702244,0.01565829559043609,0.06116820609970271,1800000,18000000,7623000000,250.25
385,0.8084439143262603,0.29388332200938716,0.016020553489130177,0.0609646515254705,1800000,18000000,7642800000,250.9
386,0.8077046627298046,0.2933430387318688,0.013623005909917371,0.060761774336882464,1800000,18000000,7662600000,251.55
387,0.8081497631667691,0.2892414115820755,0.013957880241807049,0.06055957227974552,1800000,18000000,7682400000,252.20000000000002
388,0.8091043156905394,0.2904515026716488,0.01591496039931716,0.06035804310736805,1800000,18000000,7702200000,252.85000000000002
389,0.8096808549016544,0.2883242193566803,0.014855754844155357,0.060157184580534956,1800000,18000000,7722000000,253.5
390,0.8082353851585818,0.29495129748481125,0.01620763832985121,0.05995699446748277,1800000,18000000,7741800000,254.15
391,0.8079762649854416,0.2961101545573966,0.014924516709789554,0.05975747054387485,1800000,18000000,7761600000,254.8
392,0.8078531518782117,0.2947759043117701,0.014737987158622314,0.05955861059277665,1800000,18000000,7781400000,255.45000000000002
393,0.8068782454051586,0.29529835100526514,0.014059791057040324,0.0593604124046311,1800000,18000000,7801200000,256.1
394,0.809730450590616,0.2875493723292749,0.015751453025543607,0.0591628737772341,1800000,18000000,7821000000,256.75
395,0.8073400412570944,0.29032215339285705,0.01328290478035069,0.05896599251570996,1800000,18000000,7840800000,257.40000000000003
396,0.8053327711583342,0.2981572474452597,0.013734496022677555,0.058769766432487075,1800000,18000000,7860600000,258.05
397,0.8069556788204562,0.29025918620022595,0.014299469694209536,0.05857419334727365,1800000,18000000,7880400000,258.7
398,0.808377494176597,0.2917233895527488,0.014835815815187076,0.05837927108703333,1800000,18000000,7900200000,259.35
399,0.8076141743889853,0.29415461775945473,0.015276915037850518,0.05818499748596127,1800000,18000000,7920000000,260.0
400,0.8077214738388501,0.29546554478676207,0.014712945599369538,0.05799137038545989,1800000,18000000,7939800000,260.65000000000003
401,0.804648751734453,0.3016634554739194,0.014257716249320257,0.05779838763411496,1800000,18000000,7959600000,261.3
402,0.8078220138511556,0.29660977632655394,0.013855088647468084,0.05760604708767172,1800000,18000000,7979400000,261.95
403,0.8054318008098648,0.2957399383586836,0.014887142740567677,0.057414346609011,1800000,18000000,7999200000,262.6
404,0.8090357735718184,0.29029271177853827,0.013737794813755916,0.05722328406812549,1800000,18000000,8019000000,263.25
405,0.8092237694695544,0.29312655199456067,0.014017560432871704,0.05703285734209613,1800000,18000000,8038800000,263.90000000000003
406,0.8062698012061004,0.293816029757854,0.013457029212334408,0.05684306431506844,1800000,18000000,8058600000,264.55
407,0.8078859679304735,0.29084987304771026,0.014382056634077236,0.05665390287822906,1800000,18000000,8078400000,265.2
408,0.8077369539051914,0.29151661522312167,0.016479187205989836,0.056465370929782294,1800000,18000000,8098200000,265.85
409,0.8060838891079555,0.294431844928585,0.014198315377337666,0.05627746637492678,1800000,18000000,8118000000,266.5
410,0.8068520249907717,0.29089624707950146,0.013515929930827175,0.05609018712583219,1800000,18000000,8137800000,267.15000000000003
411,0.8057279793548873,0.29380052227284253,0.015331853904274955,0.05590353110161606,1800000,18000000,8157600000,267.8
412,0.8050370077071951,0.2946026784255489,0.012828558890548314,0.05571749622832065,1800000,18000000,8177400000,268.45
413,0.8048110838585973,0.29728317512805874,0.014739892533311573,0.05553208043888989,1800000,18000000,8197200000,269.1
414,0.8064924594709504,0.28999039689789635,0.012478128266660954,0.05534728167314643,1800000,18000000,8217000000,269.75
415,0.8065376136963107,0.29431730922112087,0.013711640553530639,0.05516309787776877,1800000,18000000,8236800000,270.40000000000003
416,0.80568848426765,0.2953581944040312,0.01502146538652912,0.05497952700626836,1800000,18000000,8256600000,271.05
417,0.8059297484956206,0.29487294147081106,0.01336095137735737,0.054796567018967006,1800000,18000000,8276400000,271.7
418,0.806447596377584,0.29318990075165824,0.012860344130466102,0.05461421588297405,1800000,18000000,8296200000,272.35
419,0.8067155700116068,0.29775606156452067,0.012688138279524485,0.05443247157216389,1800000,18000000,8316000000,273.0
420,0.8071466623362598,0.29417872345085966,0.012941289929006807,0.05425133206715343,1800000,18000000,8335800000,273.65000000000003
421,0.8087351498339881,0.28616335925773984,0.010987053432371899,0.05407079535527962,1800000,18000000,8355600000,274.3
422,0.8088874146930016,0.2860537161035727,0.014010338191912719,0.05389085943057717,1800000,18000000,8375400000,274.95
423,0.8085473365402949,0.2895279848036169,0.013461193042899236,0.05371152229375616,1800000,18000000,8395200000,275.6
424,0.8087292263995921,0.29232548012710324,0.013718398603152791,0.053532781952179885,1800000,18000000,8415000000,276.25
425,0.8073563664406818,0.2874022701230005,0.013801562133733108,0.05335463641984271,1800000,18000000,8434800000,276.90000000000003
426,0.8051803625976245,0.2921850336809812,0.01329745773264051,0.05317708371734802,1800000,18000000,8454600000,277.55
427,0.8088943311259936,0.29118911122584396,0.013603422593051655,0.05300012187188616,1800000,18000000,8474400000,278.2
428,0.8074969845390975,0.2914592839158412,0.01471889668782405,0.05282374891721258,1800000,18000000,8494200000,278.85
429,0.8065231247972172,0.29800821731889704,0.012214579739130118,0.052647962893626,1800000,18000000,8514000000,279.5
430,0.804465669622268,0.29607159102970615,0.013907660186521932,0.05247276184794653,1800000,18000000,8533800000,280.15000000000003
431,0.8082943123953253,0.2950620258286696,0.01240292281144932,0.05229814383349411,1800000,18000000,8553600000,280.8
432,0.8053150527859916,0.29601302581620254,0.012926291055161014,0.05212410691006679,1800000,18000000,8573400000,281.45
433,0.8085382507597321,0.29359912933654486,0.013418718251340707,0.051950649143919156,1800000,18000000,8593200000,282.1
434,0.8074226016001017,0.2883291132941678,0.014704534094017842,0.05177776860774092,1800000,18000000,8613000000,282.75
435,0.8085469801520647,0.29151450377770527,0.012452209424098673,0.051605463380635486,1800000,18000000,8632800000,283.40000000000003
436,0.8058722510567284,0.29580410197602447,0.011530416565885777,0.05143373154809852,1800000,18000000,8652600000,284.05
437,0.8072953149645175,0.290795983688688,0.01407231763250287,0.051262571201996794,1800000,18000000,8672400000,284.7
438,0.8081461313809358,0.28554339737982243,0.01267187526500839,0.05109198044054694,1800000,18000000,8692200000,285.35
439,0.8047155660142004,0.29858409671662933,0.012797833283365144,0.05092195736829428,1800000,18000000,8712000000,286.0
440,0.8088159338781521,0.2918787222208038,0.01397790521144572,0.05075250009609183,1800000,18000000,8731800000,286.65000000000003
441,0.8075517979416634,0.2864424519186516,0.01276918279686718,0.05058360674107924,1800000,18000000,8751600000,287.3
442,0.8080870234792642,0.29233639059827604,0.011602991295933817,0.05041527542666197,1800000,18000000,8771400000,287.95
443,0.8071681194535948,0.2995256137520909,0.015237118570270148,0.05024750428249035,1800000,18000000,8791200000,288.6
444,0.8048447124812659,0.2944862188117927,0.010564790650622722,0.050080291444438804,1800000,18000000,8811000000,289.25
445,0.807162806688987,0.2938236421961527,0.013009443582345926,0.0499136350545852,1800000,18000000,8830800000,289.90000000000003
446,0.8074213834923419,0.29436674851107497,0.011950186153729928,0.04974753326119018,1800000,18000000,8850600000,290.55
447,0.8074457126028995,0.2862338261742301,0.011368349351521664,0.04958198421867652,1800000,18000000,8870400000,291.2
448,0.8073284350765578,0.29477945546430107,0.011970472425878552,0.04941698608760872,1800000,18000000,8890200000,291.85
449,0.805187125894451,0.29511644403141696,0.010272488971536096,0.04925253703467255,1800000,18000000,8910000000,292.5
450,0.8078750840724304,0.2946501893105747,0.011620961831604227,0.04908863523265456,1800000,18000000,8929800000,293.15000000000003
451,0.8076446589841555,0.2991606828436207,0.012164769036352763,0.04892527886042197,1800000,18000000,8949600000,293.8
452,0.8043746849024281,0.2923414875762193,0.01157940370096581,0.048762466102902295,1800000,18000000,8969400000,294.45
453,0.8084604519647322,0.28941902508282935,0.011041084168307189,0.0486001951510632,1800000,18000000,8989200000,295.1
454,0.8074023673934674,0.29215228540747623,0.010689253599929236,0.04843846420189246,1800000,18000000,9009000000,295.75
455,0.8054188684354064,0.2961980120896875,0.00945125456008199,0.04827727145837786,1800000,18000000,9028800000,296.40000000000003
456,0.8105517312091648,0.29624462118409756,0.012137230466525149,0.04811661512948724,1800000,18000000,9048600000,297.05
457,0.8053817345509537,0.29505560211715776,0.011083640198728957,0.047956493430148656,1800000,18000000,9068400000,297.7
458,0.8062990676579055,0.28666153135215233,0.010646499574896922,0.047796904581230454,1800000,18000000,9088200000,298.35
459,0.8044079298686401,0.29258935620828663,0.010191192342346962,0.04763784680952156,1800000,18000000,9108000000,299.0
460,0.8078849270978995,0.2889459924527206,0.011595611968414798,0.04747931834771174,1800000,18000000,9127800000,299.65000000000003
461,0.8051388354398128,0.2902903071025179,0.010923365270947089,0.04732131743437206,1800000,18000000,9147600000,300.3
462,0.8076026321977527,0.2918786050686599,0.010353987623680035,0.047163842313935146,1800000,18000000,9167400000,300.95
463,0.806737439714758,0.2896532747513977,0.011454954320493439,0.04700689123667585,1800000,18000000,9187200000,301.6
464,0.807795895354482,0.29115912775213865,0.012171310061025621,0.04685046245869167,1800000,18000000,9207000000,302.25
465,0.8071538638946277,0.2979699402847085,0.00912073329457932,0.04669455424188347,1800000,18000000,9226800000,302.90000000000003
466,0.8072323109064627,0.28826033063261275,0.010794743111249021,0.04653916485393615,1800000,18000000,9246600000,303.55
467,0.8083036593631571,0.2889652777610845,0.00930164412900314,0.046384292568299325,1800000,18000000,9266400000,304.2
468,0.8074127662093168,0.2878892303915137,0.010071187777603467,0.04622993566416824,1800000,18000000,9286200000,304.85
469,0.8085893450811897,0.2905728743492339,0.011446535273186963,0.046076092426464606,1800000,18000000,9306000000,305.5
470,0.8043238135732588,0.2937010254710679,0.011654021574584809,0.04592276114581752,1800000,18000000,9325800000,306.15000000000003
471,0.8077755282369616,0.2914166438631017,0.009289095592552513,0.0457699401185445,1800000,18000000,9345600000,306.8
472,0.8052746590808186,0.2975388566456919,0.011001329860208582,0.04561762764663259,1800000,18000000,9365400000,307.45
473,0.8073327344307695,0.28888846252887107,0.011434476594266529,0.045465822037719386,1800000,18000000,9385200000,308.1
474,0.807522825928794,0.29032013073023005,0.009577905230510981,0.045314521605074355,1800000,18000000,9405000000,308.75
475,0.8053787580812259,0.2908670844141051,0.011096683435560861,0.04516372466758004,1800000,18000000,9424800000,309.40000000000003
476,0.809381782178022,0.29821005354878427,0.01159130660723899,0.04501342954971334,1800000,18000000,9444600000,310.05
477,0.8071805183731017,0.29284094931014365,0.009309578956574669,0.04486363458152695,1800000,18000000,9464400000,310.7
478,0.8075093924344009,0.2925296209334894,0.00943250133549016,0.044714338098630825,1800000,18000000,9484200000,311.35
479,0.8060392570711408,0.2943056395781295,0.01126489854172435,0.04456553844217358,1800000,18000000,9504000000,312.0
480,0.8070114513177307,0.29794076667347114,0.010784022481290118,0.04441723395882419,1800000,18000000,9523800000,312.65000000000003
481,0.8092365970348531,0.2871093531265782,0.011379220380807926,0.04426942300075353,1800000,18000000,9543600000,313.3
482,0.8058188134101609,0.29443692611824646,0.010085394184744037,0.04412210392561611,1800000,18000000,9563400000,313.95
483,0.8076883040488904,0.28675417882087356,0.010575090873423718,0.04397527509653179,1800000,18000000,9583200000,314.6
484,0.8088281830350519,0.293939297545441,0.009045464298897415,0.043828934882067634,1800000,18000000,9603000000,315.25
485,0.8061740351444783,0.2927577960196161,0.010381756956778398,0.043683081656219744,1800000,18000000,9622800000,315.90000000000003
486,0.810156988378671,0.2919461069212055,0.009974477981125645,0.043537713798395224,1800000,18000000,9642600000,316.55
487,0.8068936002610855,0.290858254911338,0.012818706895452626,0.04339282969339417,1800000,18000000,9662400000,317.2
488,0.8052958375839766,0.2871366946108715,0.008913994992702146,0.04324842773139169,1800000,18000000,9682200000,317.85
489,0.808099013280306,0.2910144833978676,0.010599881182910711,0.04310450630792006,1800000,18000000,9702000000,318.5
490,0.8068390082125866,0.2955596725710926,0.01093634796617897,0.04296106382385086,1800000,18000000,9721800000,319.15000000000003
491,0.8075940668181342,0.29324227780422635,0.009520433428273816,0.042818098685377254,1800000,18000000,9741600000,319.8
492,0.8054889164530178,0.29559375297273116,0.009622954045555576,0.04267560930399622,1800000,18000000,9761400000,320.45
493,0.8085645598768546,0.2924865795878387,0.009138849762634895,0.04253359409649095,1800000,18000000,9781200000,321.1
494,0.8074292554706805,0.2940958505169278,0.010331149052723664,0.04239205148491322,1800000,18000000,9801000000,321.75
495,0.8066749731390647,0.29832612878762,0.010624699466312193,0.04225097989656591,1800000,18000000,9820800000,322.40000000000003
496,0.8101076605224755,0.29459108424976743,0.00862100183911345,0.042110377763985456,1800000,18000000,9840600000,323.05
497,0.8089775779327463,0.28890283488835844,0.009677368810948923,0.041970243524924504,1800000,18000000,9860400000,323.7
498,0.8087233898415178,0.2922933975696174,0.009058114133382547,0.04183057562233452,1800000,18000000,9880200000,324.35
499,0.8084461653798496,0.2934585754665196,0.008227656161690704,0.04169137250434846,1800000,18000000,9900000000,325.0
500,0.8097048106736977,0.2903145808002122,0.009581731473004888,0.041552632624263605,1800000,18000000,9919800000,325.65000000000003
501,0.8078384053744893,0.2917405315094875,0.01059210011676021,0.0414143544405243,1800000,18000000,9939600000,326.3
502,0.804316335346273,0.3002347771541578,0.009717564204321679,0.04127653641670483,1800000,18000000,9959400000,326.95
503,0.8069177956195122,0.2946067719129155,0.01081384159001391,0.04113917702149243,1800000,18000000,9979200000,327.6
504,0.8080105859319087,0.2883382182002841,0.010214997454716563,0.04100227472867019,1800000,18000000,9999000000,328.25
505,0.8066133276693538,0.29388437465735956,0.00926279963669632,0.0408658280171001,1800000,18000000,10018800000,328.90000000000003
506,0.8063856044691023,0.28981070214777843,0.008234133905300494,0.04072983537070618,1800000,18000000,10038600000,329.55
507,0.8075280486527906,0.2929282770297744,0.009382116997720548,0.04059429527845764,1800000,18000000,10058400000,330.2
508,0.8055238129290334,0.2944761663617755,0.008352107246820988,0.04045920623435205,1800000,18000000,10078200000,330.85
509,0.8068849263811336,0.2956924824710598,0.008096881383432473,0.040324566737398634,1800000,18000000,10098000000,331.5
510,0.8079554632320416,0.2979269801414951,0.008797418651736276,0.040190375291601625,1800000,18000000,10117800000,332.15000000000003
511,0.8066830915060424,0.2922443078372949,0.008337796685321575,0.04005663040594355,1800000,18000000,10137600000,332.8
512,0.8092223078877774,0.2918586343657693,0.011110654991463983,0.03992333059436875,1800000,18000000,10157400000,333.45
513,0.8065978471020011,0.29710133590869314,0.01006640174221427,0.03979047437576686,1800000,18000000,10177200000,334.1
514,0.805061442909854,0.29502178151945213,0.008233540658982685,0.039658060273956276,1800000,18000000,10197000000,334.75
515,0.8043773104302355,0.2962720584912843,0.008466581444874386,0.039526086817667866,1800000,18000000,10216800000,335.40000000000003
516,0.8047672312614397,0.29456048612152513,0.00931200694908502,0.03939455254052851,1800000,18000000,10236600000,336.05
517,0.8053956795171087,0.2913804141286315,0.008242833913675357,0.039263455981044894,1800000,18000000,10256400000,336.7
518,0.8057929914275221,0.29673258148564097,0.008699523653942493,0.039132795682587256,1800000,18000000,10276200000,337.35
519,0.8071793458600562,0.29982820221121687,0.010992211947654516,0.03900257019337312,1800000,18000000,10296000000,338.0
520,0.8049829298145557,0.29981585177486836,0.00964401232494733,0.03887277806645128,1800000,18000000,10315800000,338.65000000000003
521,0.8058574924452303,0.28785757237826115,0.01008608627385632,0.03874341785968567,1800000,18000000,10335600000,339.3
522,0.8053814917239451,0.2981492157076007,0.008189003772054046,0.03861448813573931,1800000,18000000,10355400000,339.95
523,0.8072203634416042,0.2918904722431621,0.008063026485063398,0.0384859874620584,1800000,18000000,10375200000,340.6
524,0.8062546946750403,0.2970084957455975,0.009775307376220444,0.03835791441085635,1800000,18000000,10395000000,341.25
525,0.806624923829576,0.29523407012061764,0.0075201347963973425,0.03823026755909793,1800000,18000000,10414800000,341.90000000000003
526,0.8078425445000446,0.29592802495516074,0.007676774147012366,0.038103045488483485,1800000,18000000,10434600000,342.55
527,0.8062835164316671,0.2916533368587825,0.009875843073123503,0.03797624678543314,1800000,18000000,10454400000,343.2
528,0.8054131573000033,0.2928465961433938,0.009684311596115951,0.03784987004107112,1800000,18000000,10474200000,343.85
529,0.8086898915272928,0.2924129457675104,0.00940480607534636,0.03772391385121006,1800000,18000000,10494000000,344.5
530,0.8083495667147217,0.295760705194278,0.007904692976744556,0.03759837681633546,1800000,18000000,10513800000,345.15000000000003
531,0.8057126886802948,0.29694716748407357,0.0085634352110747,0.037473257541590074,1800000,18000000,10533600000,345.8
532,0.8060151679293411,0.28935136736950684,0.009351362684697571,0.03734855463675846,1800000,18000000,10553400000,346.45
533,0.8074010471400335,0.2943292904499538,0.00967669640805719,0.037224266716251495,1800000,18000000,10573200000,347.1
534,0.8084901777795458,0.2936123379345753,0.006480996239262615,0.037100392399091006,1800000,18000000,10593000000,347.75
535,0.8055499026534897,0.2969549624753363,0.008036515444947413,0.03697693030889443,1800000,18000000,10612800000,348.40000000000003
536,0.8086938398706802,0.290386503825985,0.007334742010115273,0.03685387907385949,1800000,18000000,10632600000,349.05
537,0.8102070588659427,0.2937309680944009,0.005608641713560445,0.036731237326748954,1800000,18000000,10652400000,349.7
538,0.8061331927254959,0.29682761135358143,0.009144579505033917,0.036609003704875506,1800000,18000000,10672200000,350.35
539,0.809827102654527,0.28857998432082355,0.007341709117374262,0.036487176850086525,1800000,18000000,10692000000,351.0
540,0.8090689900062267,0.293386971460246,0.007162260770966712,0.036365755408749034,1800000,18000000,10711800000,351.65000000000003
541,0.808282019742436,0.2884707009796632,0.007782145296015044,0.036244738031734676,1800000,18000000,10731600000,352.3
542,0.8069244914157274,0.2942591146794784,0.007483873396059656,0.03612412337440466,1800000,18000000,10751400000,352.95
543,0.8078854532893794,0.2882920507188884,0.008581969277127491,0.03600391009659489,1800000,18000000,10771200000,353.6
544,0.8078490792804385,0.28909453781774364,0.009353985037953514,0.035884096862601064,1800000,18000000,10791000000,354.25
545,0.8083710006711531,0.28989519488378723,0.007723311476083898,0.03576468234116376,1800000,18000000,10810800000,354.90000000000003
546,0.8079355105559676,0.29062982038203716,0.009366124238090922,0.035645665205453765,1800000,18000000,10830600000,355.55
547,0.8052306650159248,0.2939975518383634,0.00776166654413217,0.035527044133057226,1800000,18000000,10850400000,356.2
548,0.8084869989380306,0.2901424083617909,0.007978315907181564,0.035408817805960995,1800000,18000000,10870200000,356.85
549,0.8074926912301101,0.29190502013925107,0.007226727428221734,0.035290984910538004,1800000,18000000,10890000000,357.5
550,0.8065578301661127,0.2956175449768892,0.009839111592295521,0.03517354413753266,1800000,18000000,10909800000,358.15000000000003
551,0.806799471374807,0.29493029653286296,0.0058240326870785146,0.03505649418204626,1800000,18000000,10929600000,358.8
552,0.8066753780478155,0.2991896842158015,0.008826735817235056,0.03493983374352255,1800000,18000000,10949400000,359.45
553,0.8068917598129404,0.28881295245637817,0.007116584383006184,0.03482356152573324,1800000,18000000,10969200000,360.1
554,0.8046074688479894,0.29684429946006047,0.007320756701634233,0.03470767623676358,1800000,18000000,10989000000,360.75
555,0.8063698323341565,0.2923088754096312,0.006588213220251003,0.034592176588998075,1800000,18000000,11008800000,361.40000000000003
556,0.8032705642911613,0.29805430657533444,0.007612434480288717,0.03447706129910612,1800000,18000000,11028600000,362.05
557,0.807294117576092,0.2983558527946644,0.007020817746246525,0.03436232908802773,1800000,18000000,11048400000,362.7
558,0.8077869860034024,0.2895842604073716,0.008222375700786471,0.034247978680959405,1800000,18000000,11068200000,363.35
559,0.8046945633032964,0.29270764215640555,0.006406191818824655,0.03413400880733988,1800000,18000000,11088000000,364.0
560,0.808819289023896,0.29318256923818176,0.0068226571037818436,0.03402041820083606,1800000,18000000,11107800000,364.65000000000003
561,0.8092571239766946,0.28971763956064195,0.008010821098635596,0.03390720559932891,1800000,18000000,11127600000,365.3
562,0.8053178011389343,0.29060760826225523,0.007456772718824809,0.033794369744899494,1800000,18000000,11147400000,365.95
563,0.8080309487407427,0.290280668743341,0.006973163139515991,0.033681909383814906,1800000,18000000,11167200000,366.6
564,0.8097417250730565,0.2918585423687416,0.008037525702545727,0.033569823266514455,1800000,18000000,11187000000,367.25
565,0.8079083963333272,0.2903366987104113,0.007119348899636647,0.03345811014759566,1800000,18000000,11206800000,367.90000000000003
566,0.8082595302905229,0.2882065118047328,0.00690604901851387,0.03334676878580049,1800000,18000000,11226600000,368.55
567,0.8079853248340311,0.29578935708985044,0.007027543590886646,0.03323579794400159,1800000,18000000,11246400000,369.2
568,0.8074175818411679,0.29300159772485895,0.007899146654539488,0.03312519638918843,1800000,18000000,11266200000,369.85
569,0.8077350873043352,0.2896314103617672,0.007587951894939696,0.03301496289245373,1800000,18000000,11286000000,370.5
570,0.8104002519508549,0.2892875478869682,0.00788582608707305,0.03290509622897971,1800000,18000000,11305800000,371.15000000000003
571,0.8070409008955357,0.29313836940281507,0.006170904718719158,0.03279559517802455,1800000,18000000,11325600000,371.8
572,0.8066389881990214,0.2932147359812516,0.008311683313162281,0.032686458522908766,1800000,18000000,11345400000,372.45
573,0.8090128131998224,0.28845822389389264,0.007522632319418589,0.03257768505100174,1800000,18000000,11365200000,373.1
574,0.8067567181972082,0.29424019004630037,0.008277232929487358,0.03246927355370822,1800000,18000000,11385000000,373.75
575,0.8073340588753011,0.29373788587448346,0.00879140173668312,0.03236122282645489,1800000,18000000,11404800000,374.40000000000003
576,0.8094049700628148,0.2892539298357263,0.0073499772355356255,0.03225353166867703,1800000,18000000,11424600000,375.05
577,0.8098309532140392,0.28594514495767787,0.005469534437661187,0.03214619888380508,1800000,18000000,11444400000,375.7
578,0.8068889991122383,0.2918599795170701,0.008132756665796555,0.032039223279251454,1800000,18000000,11464200000,376.35
579,0.8057288886976769,0.2950538120128704,0.007431551535791133,0.03193260366639722,1800000,18000000,11484000000,377.0
580,0.8057119577891648,0.2952273018732426,0.007284455620036599,0.031826338860578916,1800000,18000000,11503800000,377.65000000000003
581,0.8037782418293468,0.29140463905386993,0.006654209785532197,0.03172042768107538,1800000,18000000,11523600000,378.3
582,0.8095351619065884,0.28977562295233533,0.007628317428904656,0.031614868951094645,1800000,18000000,11543400000,378.95
583,0.8074186412887173,0.29466215902557125,0.005264436023162633,0.03150966149776084,1800000,18000000,11563200000,379.6
584,0.8068769990188923,0.28945246675655134,0.008212016891879698,0.03140480415210119,1800000,18000000,11583000000,380.25
585,0.8062030369324131,0.295943062130457,0.007020083281621335,0.03130029574903299,1800000,18000000,11602800000,380.90000000000003
586,0.8069276868633751,0.2974022405228547,0.006955052006434347,0.031196135127350685,1800000,18000000,11622600000,381.55
587,0.8057701899534755,0.296298959402164,0.007516700777156554,0.03109232112971296,1800000,18000000,11642400000,382.2
588,0.808112009653781,0.2901262366809065,0.00612307824217362,0.0309888526026299,1800000,18000000,11662200000,382.85
589,0.8069238490178139,0.2920123262257724,0.006690614174492986,0.030885728396450124,1800000,18000000,11682000000,383.5
590,0.8026736864634714,0.29748817385985205,0.006546919209040435,0.03078294736534807,1800000,18000000,11701800000,384.15000000000003
591,0.8068631558878601,0.2930395496377314,0.007662777964514417,0.030680508367311208,1800000,18000000,11721600000,384.8
592,0.8045714197307018,0.2955101158184957,0.00601478108791057,0.030578410264127404,1800000,18000000,11741400000,385.45
593,0.8059137773267543,0.28769657401152693,0.008246948161067632,0.030476651921372246,1800000,18000000,11761200000,386.1
594,0.8066647387820676,0.290198058724016,0.008021482614153183,0.03037523220839642,1800000,18000000,11781000000,386.75
595,0.8072029986500038,0.2928774099817255,0.006153095224860074,0.030274149998313186,1800000,18000000,11800800000,387.40000000000003
596,0.806622537166613,0.29456544081746905,0.004991790328013177,0.030173404167985855,1800000,18000000,11820600000,388.05
597,0.8063196706484331,0.29290436267417286,0.006870406673874737,0.030072993598015248,1800000,18000000,11840400000,388.7
598,0.8084669230001411,0.2893388916051636,0.006773081541365115,0.029972917172727348,1800000,18000000,11860200000,389.35
599,0.8077785279861142,0.2958445879882279,0.00644742952241454,0.02987317378016085,1800000,18000000,11880000000,390.0
600,0.8054530981767356,0.296379265980781,0.00484255554817697,0.029773762312054794,1800000,18000000,11899800000,390.65000000000003
601,0.8066761383577523,0.29971804491755355,0.0056367677424323985,0.029674681663836296,1800000,18000000,11919600000,391.3
602,0.8082358654025674,0.2888567651684014,0.007134189783606816,0.029575930734608246,1800000,18000000,11939400000,391.95
603,0.8069984004439034,0.29433078783736194,0.007500682852126185,0.029477508427137096,1800000,18000000,11959200000,392.6
604,0.8073723471900959,0.2944732197605008,0.006974563314892819,0.029379413647840618,1800000,18000000,11979000000,393.25
605,0.80595079714353,0.29626819198203064,0.005839378726755202,0.02928164530677581,1800000,18000000,11998800000,393.90000000000003
606,0.805167811755518,0.2911019315353492,0.00538860201473527,0.02918420231762678,1800000,18000000,12018600000,394.55
607,0.8092218097937476,0.28661949186541597,0.007045313654890883,0.029087083597692635,1800000,18000000,12038400000,395.2
608,0.8072991246441616,0.2871884468553909,0.006786744095285863,0.028990288067875493,1800000,18000000,12058200000,395.85
609,0.8064388378828766,0.2947285344318676,0.007525483529504853,0.028893814652668486,1800000,18000000,12078000000,396.5
610,0.809564299838232,0.2908064464687024,0.0065514791444267455,0.028797662280143754,1800000,18000000,12097800000,397.15000000000003
611,0.8067859861072864,0.2946126613190901,0.006987890043608757,0.028701829881940626,1800000,18000000,12117600000,397.8
612,0.8087667122526782,0.2938360144402495,0.0069219617395983165,0.0286063163932537,1800000,18000000,12137400000,398.45
613,0.8071585146505137,0.2903055735014394,0.005346194560683775,0.028511120752821004,1800000,18000000,12157200000,399.1
614,0.8060456355235457,0.2894983562628125,0.00590847029576291,0.028416241902912216,1800000,18000000,12177000000,399.75
615,0.8085046596096017,0.2849116909183622,0.007009441405032397,0.02832167878931693,1800000,18000000,12196800000,400.40000000000003
616,0.806180035832069,0.2878166355286796,0.004941011111000055,0.028227430361332895,1800000,18000000,12216600000,401.05
617,0.8075984222597914,0.28815338891434705,0.0062874255880647125,0.028133495571754392,1800000,18000000,12236400000,401.7
618,0.8087823243505071,0.29661926196549276,0.006119260914730971,0.028039873376860563,1800000,18000000,12256200000,402.35
619,0.8079985844884595,0.29409034604158546,0.004372891744082251,0.027946562736403842,1800000,18000000,12276000000,403.0
620,0.806994008610374,0.2902274074047342,0.0046582581625420946,0.027853562613598382,1800000,18000000,12295800000,403.65000000000003
621,0.8076504078405949,0.29396224632157947,0.005885186542987923,0.02776087197510853,1800000,18000000,12315600000,404.3
622,0.803569709620962,0.29758779818773967,0.006753901892737765,0.027668489791037327,1800000,18000000,12335400000,404.95
623,0.8052726203370456,0.29653551674232165,0.006494272374367165,0.027576415034915123,1800000,18000000,12355200000,405.6
624,0.8095762500597872,0.2907788478044942,0.006705280104867467,0.027484646683688132,1800000,18000000,12375000000,406.25
625,0.8074370007690508,0.2937192804293795,0.006425606542348141,0.02739318371770705,1800000,18000000,12394800000,406.90000000000003
626,0.8053070875588785,0.29438479767504594,0.0063161939034063076,0.027302025120715785,1800000,18000000,12414600000,407.55
627,0.8062296987137805,0.2947023887435385,0.0038105688628847904,0.027211169879840062,1800000,18000000,12434400000,408.2
628,0.8087088517979417,0.2905276152342311,0.00333338276178893,0.02712061698557629,1800000,18000000,12454200000,408.85
629,0.8065960386842342,0.3016298568222092,0.004430377173181383,0.027030365431780265,1800000,18000000,12474000000,409.5
630,0.8048587232483521,0.29282421484916804,0.0040940358236589355,0.02694041421565602,1800000,18000000,12493800000,410.15000000000003
631,0.8091579944926439,0.29284683138771433,0.005087079444715279,0.026850762337744662,1800000,18000000,12513600000,410.8
632,0.8074135036779039,0.293453080268051,0.005984666030524322,0.026761408801913317,1800000,18000000,12533400000,411.45
633,0.8053576391690397,0.2984236828724327,0.006290280256467868,0.02667235261534397,1800000,18000000,12553200000,412.1
634,0.8072763559720896,0.29221768368235485,0.004224640361272714,0.02658359278852253,1800000,18000000,12573000000,412.75
635,0.8084428393361843,0.2923422878991431,0.006413513973534459,0.026495128335227797,1800000,18000000,12592800000,413.40000000000003
636,0.8062260053665462,0.29951061498087567,0.00559156594598749,0.02640695827252048,1800000,18000000,12612600000,414.05
637,0.8082491231838435,0.2916558464884973,0.005272734110718147,0.02631908162073231,1800000,18000000,12632400000,414.7
638,0.8079943887022123,0.2888398277719671,0.005695991454908439,0.026231497403455158,1800000,18000000,12652200000,415.35
639,0.8056239429684182,0.29190974396621877,0.005532406331699588,0.026144204647530124,1800000,18000000,12672000000,416.0
640,0.8067931630607436,0.2950902098088006,0.0044941158947532835,0.026057202383036816,1800000,18000000,12691800000,416.65000000000003
641,0.8070511279811176,0.29556998108918114,0.00562568409161724,0.025970489643282507,1800000,18000000,12711600000,417.3
642,0.8077385012028896,0.2959717195980409,0.004865869873836561,0.025884065464791422,1800000,18000000,12731400000,417.95
643,0.8082547665065922,0.29403193511815645,0.005183808162983056,0.025797928887294017,1800000,18000000,12751200000,418.6
644,0.8049242984987177,0.29929602934915983,0.0034661860254540365,0.02571207895371634,1800000,18000000,12771000000,419.25
645,0.8060566388574769,0.2898773406330898,0.0049401721381946585,0.025626514710169333,1800000,18000000,12790800000,419.90000000000003
646,0.8075129085778523,0.29332128205624897,0.004715825306187037,0.025541235205938307,1800000,18000000,12810600000,420.55
647,0.8066558862455275,0.29489971009322125,0.0037067979973974775,0.02545623949347234,1800000,18000000,12830400000,421.2
648,0.8050561580649694,0.29463672910511235,0.004156073347200131,0.025371526628373754,1800000,18000000,12850200000,421.85
649,0.8067745164503782,0.29272833059603776,0.005994178549250196,0.025287095669387614,1800000,18000000,12870000000,422.5
650,0.8075107633211164,0.29043130773278947,0.004481011984808774,0.025202945678391302,1800000,18000000,12889800000,423.15000000000003
651,0.8071028275333797,0.2944146792845106,0.005220553721510804,0.02511907572038403,1800000,18000000,12909600000,423.8
652,0.805785047721919,0.2883888630148579,0.006119032526444091,0.02503548486347652,1800000,18000000,12929400000,424.45
653,0.8053534445617531,0.2933502491339155,0.004521754728394962,0.024952172178880617,1800000,18000000,12949200000,425.1
654,0.8074757159769648,0.29105580915925455,0.005741128159498952,0.024869136740898967,1800000,18000000,12969000000,425.75
655,0.807415917711767,0.29131813671544415,0.005701752277843289,0.024786377626914748,1800000,18000000,12988800000,426.40000000000003
656,0.8109444257329923,0.2892962034942555,0.004099874479608897,0.024703893917381377,1800000,18000000,13008600000,427.05
657,0.8085729569335481,0.2894638643101383,0.0033340106206774965,0.024621684695812353,1800000,18000000,13028400000,427.7
658,0.8083508803186015,0.2916091101412126,0.005466668029030786,0.02453974904877104,1800000,18000000,13048200000,428.35
659,0.8092665223211191,0.29055347466489456,0.004507852947779105,0.02445808606586051,1800000,18000000,13068000000,429.0
660,0.8098532058155709,0.2926621953725211,0.0021473359757363947,0.024376694839713452,1800000,18000000,13087800000,429.65000000000003
661,0.8079095749410439,0.29426095120121837,0.007553685774226442,0.024295574465982076,1800000,18000000,13107600000,430.3
662,0.8068644529504226,0.29078353531448486,0.006064093029361368,0.024214724043328046,1800000,18000000,13127400000,430.95
663,0.8072146278599356,0.2966766334409685,0.005620790149485675,0.02413414267341251,1800000,18000000,13147200000,431.6
664,0.8047703531853224,0.29012428974498633,0.0029538445013217642,0.02405382946088608,1800000,18000000,13167000000,432.25
665,0.8041748046475514,0.29967911562798827,0.003839484868746879,0.02397378351337891,1800000,18000000,13186800000,432.90000000000003
666,0.8069509174598279,0.2918116413756634,0.0049012694138607,0.02389400394149075,1800000,18000000,13206600000,433.55
667,0.8049836854273658,0.29813718413416956,0.0062767709322948395,0.023814489858781113,1800000,18000000,13226400000,434.2
668,0.8044818303502956,0.2960950364428008,0.004180121445038054,0.02373524038175934,1800000,18000000,13246200000,434.85
669,0.806708230876552,0.294435723212838,0.0045257923772190865,0.02365625462987489,1800000,18000000,13266000000,435.5
670,0.8071892918450584,0.29744923337578494,0.00502372659381873,0.023577531725507483,1800000,18000000,13285800000,436.15000000000003
671,0.8073132976582513,0.2898918747552097,0.006026670394685945,0.023499070793957372,1800000,18000000,13305600000,436.8
672,0.808849249437595,0.2937317242436419,0.0031257198553180272,0.023420870963435616,1800000,18000000,13325400000,437.45
673,0.804954993286466,0.29182914022048556,0.004480684969264402,0.02334293136505442,1800000,18000000,13345200000,438.1
674,0.806628266731551,0.2922354300727721,0.004725742159334927,0.02326525113281743,1800000,18000000,13365000000,438.75
675,0.8088699174539387,0.28562667757185817,0.004809074712781777,0.023187829403610152,1800000,18000000,13384800000,439.40000000000003
676,0.805242942252152,0.2930973429642239,0.00502312910069663,0.023110665317190367,1800000,18000000,13404600000,440.05
677,0.8054828590141666,0.29258654738723433,0.0051792972900106095,0.023033758016178532,1800000,18000000,13424400000,440.7
678,0.8088359851712249,0.29221664511269285,0.005298479985713885,0.022957106646048307,1800000,18000000,13444200000,441.35
679,0.8075846901856711,0.2884429826377174,0.0038766131198698602,0.022880710355116993,1800000,18000000,13464000000,442.0
680,0.8043964372810782,0.2990119125341563,0.003395529990264287,0.02280456829453613,1800000,18000000,13483800000,442.65000000000003
681,0.8079158582691834,0.29151219401581857,0.004267450273235383,0.022728679618282042,1800000,18000000,13503600000,443.3
682,0.8054144186046718,0.29253513106094153,0.004537533311101081,0.02265304348314644,1800000,18000000,13523400000,443.95
683,0.8075184793331394,0.28903888386595145,0.004400171612141138,0.02257765904872704,1800000,18000000,13543200000,444.6
684,0.8086817107216722,0.29648173355317453,0.005264704243450995,0.022502525477418246,1800000,18000000,13563000000,445.25
685,0.8067519657200444,0.29394564393659467,0.005803812164517709,0.02242764193440181,1800000,18000000,13582800000,445.90000000000003
686,0.8094841264207586,0.28875930048454146,0.002638563284165442,0.02235300758763761,1800000,18000000,13602600000,446.55
687,0.8074207868613148,0.29198380223983766,0.00477631071944886,0.02227862160785435,1800000,18000000,13622400000,447.2
688,0.8076944987800904,0.2901285005413771,0.004550133168832999,0.02220448316854038,1800000,18000000,13642200000,447.85
689,0.804703516789834,0.29698197241242674,0.0042737918607964834,0.0221305914459345,1800000,18000000,13662000000,448.5
690,0.8062740085495856,0.29411578149580847,0.006373551621626584,0.022056945619016825,1800000,18000000,13681800000,449.15000000000003
691,0.805255712565499,0.29515963405061796,0.004422284002212972,0.02198354486949961,1800000,18000000,13701600000,449.8
692,0.8031880674717536,0.2936848765124257,0.0037884654374717225,0.02191038838181822,1800000,18000000,13721400000,450.45
693,0.8098237719315483,0.2921711582809024,0.002649227597068698,0.021837475343122043,1800000,18000000,13741200000,451.1
694,0.8097200516886494,0.2893071917630593,0.005433597341270121,0.021764804943265458,1800000,18000000,13761000000,451.75
695,0.8068976343959405,0.29225899949003226,0.004674414043961937,0.021692376374798823,1800000,18000000,13780800000,452.40000000000003
696,0.807727428339035,0.29107271678708213,0.005898227324904866,0.02162018883295954,1800000,18000000,13800600000,453.05
697,0.8094596163443839,0.2906435865317742,0.0037500143471835643,0.021548241515663043,1800000,18000000,13820400000,453.7
698,0.8044268959296729,0.28830072095697057,0.00394444903619616,0.021476533623493964,1800000,18000000,13840200000,454.35
699,0.8084130579994337,0.29439086549091026,0.004370466267431226,0.021405064359697207,1800000,18000000,13860000000,455.0
700,0.807453880914078,0.2921518818448534,0.0032671579105066602,0.021333832930169112,1800000,18000000,13879800000,455.65000000000003
701,0.8076798697657316,0.29211431659128734,0.004139084121789018,0.021262838543448622,1800000,18000000,13899600000,456.3
702,0.8044799425416217,0.3004786018419536,0.0038691883758958014,0.02119208041070847,1800000,18000000,13919400000,456.95
703,0.8083376156221439,0.28807175069262436,0.005099011886809504,0.02112155774574646,1800000,18000000,13939200000,457.6
704,0.8088579981272717,0.29139243900892986,0.00498064115723883,0.021051269764976704,1800000,18000000,13959000000,458.25
705,0.8039196082494048,0.28816793577461575,0.004496282197821002,0.020981215687420916,1800000,18000000,13978800000,458.90000000000003
706,0.8069238121243253,0.29101468840869044,0.0038534370543834872,0.02091139473469973,1800000,18000000,13998600000,459.55
707,0.8077556815167163,0.2854627266138757,0.004194805184422639,0.020841806131024078,1800000,18000000,14018400000,460.2
708,0.8063437076930662,0.2959769329646911,0.004228574292076418,0.020772449103186517,1800000,18000000,14038200000,460.85
709,0.8075723846121098,0.2977731195208408,0.0033770699368585086,0.0207033228805527,1800000,18000000,14058000000,461.5
710,0.8071104070121674,0.29362286327445125,0.004563130264258603,0.020634426695052777,1800000,18000000,14077800000,462.15000000000003
711,0.8051161563403978,0.29263963783901475,0.004770553599014102,0.020565759781172862,1800000,18000000,14097600000,462.8
712,0.8067929101029853,0.29304249083868,0.0028379841999849184,0.020497321375946544,1800000,18000000,14117400000,463.45
713,0.8045034810303229,0.29484532187777296,0.002260831715468145,0.0204291107189464,1800000,18000000,14137200000,464.1
714,0.8069731905094785,0.2969879436915565,0.002919930148001868,0.020361127052275524,1800000,18000000,14157000000,464.75
715,0.8052186847378202,0.2957049663402782,0.004967506892992098,0.020293369620559148,1800000,18000000,14176800000,465.40000000000003
716,0.8091279353184254,0.28757645155333234,0.0025133967376354902,0.020225837670936227,1800000,18000000,14196600000,466.05
717,0.8061884528739924,0.29602428819320253,0.004648625468271665,0.020158530453051063,1800000,18000000,14216400000,466.7
718,0.8059318582177419,0.29512949908334996,0.0024465325471078082,0.020091447219045,1800000,18000000,14236200000,467.35
719,0.8059850114120184,0.29499882250338677,0.001109556591971381,0.020024587223548076,1800000,18000000,14256000000,468.0
720,0.8059994562560092,0.294537084550707,0.0033106322404585467,0.019957949723670754,1800000,18000000,14275800000,468.65000000000003
721,0.8062892646492651,0.28964622797985806,0.0036449666320639857,0.01989153397899569,1800000,18000000,14295600000,469.3
722,0.8066172233525325,0.2920864602990535,0.0031636814647580994,0.01982533925156948,1800000,18000000,14315400000,469.95
723,0.8056586513472059,0.29542013118388616,0.003060761907550059,0.019759364805894478,1800000,18000000,14335200000,470.6
724,0.8055517061782359,0.29512335949818114,0.0027974532980911443,0.019693609908920603,1800000,18000000,14355000000,471.25
725,0.8071524603000195,0.2878563495428361,0.004448605084284335,0.019628073830037226,1800000,18000000,14374800000,471.90000000000003
726,0.8084501262519432,0.2954124812546706,0.004665562580754003,0.019562755841064997,1800000,18000000,14394600000,472.55
727,0.8079084217683985,0.2898605018807722,0.003436310911409078,0.019497655216247817,1800000,18000000,14414400000,473.2
728,0.8074322744912155,0.29090310577619494,0.0036855488894436163,0.019432771232244746,1800000,18000000,14434200000,473.85
729,0.8071774358406971,0.2937084975199689,0.0042474401823069975,0.019368103168121962,1800000,18000000,14454000000,474.5
730,0.8048714456392293,0.29578890741108865,0.004217883610329078,0.019303650305344755,1800000,18000000,14473800000,475.15000000000003
731,0.8065101007541959,0.29382775155645285,0.005344888565402311,0.01923941192776953,1800000,18000000,14493600000,475.8
732,0.8057315283221055,0.2925806151139842,0.004674443771284063,0.019175387321635887,1800000,18000000,14513400000,476.45
733,0.8078730164369452,0.2933031198742744,0.005402580632042622,0.019111575775558647,1800000,18000000,14533200000,477.1
734,0.8071144427116693,0.29355276453076057,0.004372930891410853,0.01904797658051998,1800000,18000000,14553000000,477.75
735,0.8058673607397706,0.28892200945489793,0.0036853291543108126,0.01898458902986151,1800000,18000000,14572800000,478.40000000000003
736,0.806748216373096,0.29074638526709556,0.004236367772210416,0.01892141241927647,1800000,18000000,14592600000,479.05
737,0.8057658850676145,0.28855719938291174,0.003813595620939427,0.01885844604680186,1800000,18000000,14612400000,479.7
738,0.8067426045119896,0.2931309535505768,0.003282193253581322,0.018795689212810673,1800000,18000000,14632200000,480.35
739,0.805409087808961,0.2960766828139087,0.004810702535451705,0.018733141220004107,1800000,18000000,14652000000,481.0
740,0.8046172088805593,0.29616264235413464,0.00453466804731459,0.01867080137340383,1800000,18000000,14671800000,481.65000000000003
741,0.8066193236332334,0.2935076508223006,0.0029454756525769065,0.01860866898034423,1800000,18000000,14691600000,482.3
742,0.8080632822122957,0.29287839579032093,0.0032158655426303175,0.01854674335046476,1800000,18000000,14711400000,482.95
743,0.8075882389647724,0.2922052189469427,0.003949991153014201,0.018485023795702205,1800000,18000000,14731200000,483.6
744,0.8076837654097063,0.28969980189403755,0.004683218310857032,0.01842350963028311,1800000,18000000,14751000000,484.25
745,0.8051729035275681,0.29791548641210774,0.0019352135734255465,0.018362200170716117,1800000,18000000,14770800000,484.90000000000003
746,0.808763814394395,0.28965427912499286,0.0027936376242698887,0.018301094735784378,1800000,18000000,14790600000,485.55
747,0.8034727467068826,0.2971677492221437,0.004530817974443454,0.018240192646537985,1800000,18000000,14810400000,486.2
748,0.8064325224721784,0.296460691597622,0.004284587665653373,0.018179493226286442,1800000,18000000,14830200000,486.85
749,0.8040852107144166,0.2912001710857671,0.004568561397879419,0.018118995800591103,1800000,18000000,14850000000,487.5
750,0.8081440357235796,0.28615386010401245,0.003367174587270772,0.018058699697257735,1800000,18000000,14869800000,488.15000000000003
751,0.8058786582622557,0.29695000698956786,0.002615595153254326,0.017998604246329014,1800000,18000000,14889600000,488.8
752,0.8070794024230921,0.2954363277149728,0.003993867149194219,0.01793870878007709,1800000,18000000,14909400000,489.45
753,0.8076755232043326,0.29010773446354643,0.001821501413720822,0.017879012632996176,1800000,18000000,14929200000,490.1
754,0.807376207269917,0.29536139654114696,0.003992551934749714,0.017819515141795115,1800000,18000000,14949000000,490.75
755,0.8077141961468502,0.29015503933234865,0.002721114722790829,0.017760215645390067,1800000,18000000,14968800000,491.40000000000003
756,0.8101160300611421,0.2936301262694075,0.002929477152725579,0.017701113484897137,1800000,18000000,14988600000,492.05
757,0.8043302926789335,0.29553150230670516,0.0029264664912849194,0.017642208003625034,1800000,18000000,15008400000,492.7
758,0.8054550569006468,0.2911027745545424,0.0024010254290911205,0.017583498547067807,1800000,18000000,15028200000,493.35
759,0.8067172074252714,0.2965737805281837,0.0037471276597560188,0.017524984462897568,1800000,18000000,15048000000,494.0
760,0.8085054863572649,0.29732094790348823,0.0037516192608432882,0.01746666510095721,1800000,18000000,15067800000,494.65000000000003
761,0.8067810240200844,0.28848254462996453,0.002856514807184847,0.017408539813253226,1800000,18000000,15087600000,495.3
762,0.804171678072927,0.29468878351241024,0.003536887951400006,0.017350607953948487,1800000,18000000,15107400000,495.95
763,0.806942611481023,0.29133291825846064,0.004716522381409738,0.017292868879355078,1800000,18000000,15127200000,496.6
764,0.8057211625913213,0.29373605872662145,0.003109111642398679,0.017235321947927124,1800000,18000000,15147000000,497.25
765,0.8072237679722252,0.2941367716061943,0.0019809835857551453,0.017177966520253697,1800000,18000000,15166800000,497.90000000000003
766,0.8089044265061855,0.2895192597950296,0.004356309106454032,0.01712080195905166,1800000,18000000,15186600000,498.55
767,0.8058215619182041,0.2953286465467904,0.002966959618511992,0.017063827629158642,1800000,18000000,15206400000,499.20000000000005
768,0.8078060168425574,0.29151853249355814,0.0036229109598411575,0.017007042897525942,1800000,18000000,15226200000,499.85
769,0.8055844427881554,0.2941536831890275,0.004347285344479941,0.016950447133211522,1800000,18000000,15246000000,500.5
770,0.8079928474546053,0.29065536263810565,0.002645489909629252,0.01689403970737297,1800000,18000000,15265800000,501.15000000000003
771,0.8073430172758291,0.29336023691191015,0.002785003613013404,0.016837819993260533,1800000,18000000,15285600000,501.8
772,0.8051069999635033,0.29427466115036177,0.0027945779161988094,0.016781787366210135,1800000,18000000,15305400000,502.45000000000005
773,0.8069434288365003,0.2993005936308527,0.005331231747280592,0.016725941203636456,1800000,18000000,15325200000,503.1
774,0.8047691765994835,0.3009741907140361,0.0024392514471079235,0.016670280885026006,1800000,18000000,15345000000,503.75
775,0.8070335317534844,0.2887025276960005,0.0022018455453779355,0.01661480579193023,1800000,18000000,15364800000,504.40000000000003
776,0.8066418594927057,0.2944860561803015,0.00383144484898444,0.016559515307958635,1800000,18000000,15384600000,505.05
777,0.8075010853796708,0.28793881770354873,0.004317629366613754,0.016504408818771934,1800000,18000000,15404400000,505.70000000000005
778,0.8100126065118429,0.29114805618654,0.004902388276770047,0.01644948571207524,1800000,18000000,15424200000,506.35
779,0.8060133569223051,0.2946892500124271,0.0036574286064534034,0.016394745377611247,1800000,18000000,15444000000,507.0
780,0.8063322169220715,0.28955511960331726,0.003399705016861301,0.016340187207153453,1800000,18000000,15463800000,507.65000000000003
781,0.8079805224523995,0.2925209779186119,0.0027412101541789786,0.016285810594499402,1800000,18000000,15483600000,508.3
782,0.8064550647177612,0.2941851182051918,0.002174161181889714,0.016231614935463958,1800000,18000000,15503400000,508.95000000000005
783,0.8077096401935496,0.2862290586893315,0.003479717273618359,0.01617759962787256,1800000,18000000,15523200000,509.6
784,0.8089106760903626,0.2943616831569174,0.0015427104068083313,0.016123764071554577,1800000,18000000,15543000000,510.25
785,0.8057898660045181,0.2969676662378872,0.002744202000335084,0.016070107668336605,1800000,18000000,15562800000,510.90000000000003
786,0.8048747087315721,0.29369527140913904,0.0024224657860102213,0.01601662982203583,1800000,18000000,15582600000,511.55
787,0.8076495376225983,0.2873076757402656,0.0027289280549164215,0.015963329938453414,1800000,18000000,15602400000,512.2
788,0.806331807223489,0.29874197813217873,0.0035276858449511906,0.015910207425367886,1800000,18000000,15622200000,512.85
789,0.8043825094481262,0.2965924449078513,0.0024452032896962552,0.015857261692528542,1800000,18000000,15642000000,513.5
790,0.8055647452155162,0.2915959686532583,0.003752683062283644,0.015804492151648922,1800000,18000000,15661800000,514.15
791,0.8043040157897262,0.2945564629554119,0.0021690413117017374,0.015751898216400252,1800000,18000000,15681600000,514.8000000000001
792,0.8052162833805072,0.2954139134098856,0.002428820719566231,0.015699479302404933,1800000,18000000,15701400000,515.45
793,0.8048080755859197,0.29376865864056606,0.003948122459046355,0.015647234827230044,1800000,18000000,15721200000,516.1
794,0.8092191431958154,0.2934538634656287,9.713960329504412e-05,0.015595164210380888,1800000,18000000,15741000000,516.75
795,0.8042200025862043,0.29693025970431475,0.0016555800039862395,0.015543266873294511,1800000,18000000,15760800000,517.4
796,0.8062510745709539,0.2917640030831087,0.0029504872595691872,0.015491542239333302,1800000,18000000,15780600000,518.0500000000001
797,0.8076766536321686,0.29766410743792393,0.00379787467857873,0.01543998973377857,1800000,18000000,15800400000,518.7
798,0.8082084014128484,0.2916754304845577,0.002889514097436138,0.015388608783824179,1800000,18000000,15820200000,519.35
799,0.8099951785914661,0.29218909906196855,0.004005434061405461,0.015337398818570146,1800000,18000000,15840000000,520.0
800,0.8078569675989619,0.2941251927846646,0.0027173169388217963,0.01528635926901634,1800000,18000000,15859800000,520.65
801,0.8066302336781719,0.29390695850462795,0.0043598129585182555,0.01523548956805612,1800000,18000000,15879600000,521.3000000000001
802,0.8083246570084558,0.29240244405368265,0.001724174963908601,0.01518478915047006,1800000,18000000,15899400000,521.95
803,0.8051497416607364,0.28993494225995387,0.0022503933833096057,0.015134257452919677,1800000,18000000,15919200000,522.6
804,0.8086696261613615,0.2916803489361348,0.004320291821231663,0.01508389391394114,1800000,18000000,15939000000,523.25
805,0.8062849697229793,0.2946232908170299,0.0020625744823879956,0.015033697973939058,1800000,18000000,15958800000,523.9
806,0.8066404768873588,0.2942384317092325,0.0029214993682479063,0.014983669075180239,1800000,18000000,15978600000,524.5500000000001
807,0.8088702443657855,0.29125123298748296,0.0028226767502862377,0.014933806661787518,1800000,18000000,15998400000,525.2
808,0.8069243439035114,0.2928197796530283,0.0020278190772530695,0.014884110179733566,1800000,18000000,16018200000,525.85
809,0.8057869490081274,0.29514598456612645,0.0026452201475451144,0.01483457907683474,1800000,18000000,16038000000,526.5
810,0.8090323185854905,0.29050862746099887,0.0026602354968694765,0.014785212802744946,1800000,18000000,16057800000,527.15
811,0.8037098133266224,0.2911810028840503,0.000720066365988448,0.014736010808949521,1800000,18000000,16077600000,527.8000000000001
812,0.8060137922217118,0.2908799161827338,0.0025628050241180297,0.014686972548759124,1800000,18000000,16097400000,528.45
813,0.8045299787642406,0.29670093743851084,0.003289186567459295,0.014638097477303708,1800000,18000000,16117200000,529.1
814,0.8064532600309171,0.2923361223011622,0.0026026088865054395,0.014589385051526413,1800000,18000000,16137000000,529.75
815,0.806939272921966,0.29813742942034377,0.002739839893500135,0.014540834730177563,1800000,18000000,16156800000,530.4
816,0.8085342864507945,0.2883362332391633,0.0028700036161652975,0.014492445973808648,1800000,18000000,16176600000,531.0500000000001
817,0.808992154499774,0.2917388610639203,0.0014261912895315518,0.014444218244766325,1800000,18000000,16196400000,531.7
818,0.8066771304979067,0.28928433083749433,0.003126140128303091,0.01439615100718643,1800000,18000000,16216200000,532.35
819,0.8081555540686788,0.2909724146462627,0.00335795666836198,0.014348243726988055,1800000,18000000,16236000000,533.0
820,0.8100598739968823,0.2873276775443105,0.004219465211607761,0.014300495871867599,1800000,18000000,16255800000,533.65
821,0.8073278149362919,0.2915072468719495,0.0032473285002228413,0.01425290691129284,1800000,18000000,16275600000,534.3000000000001
822,0.8098754014834953,0.29361753200012586,0.003634125520692711,0.014205476316497063,1800000,18000000,16295400000,534.95
823,0.8081215472773194,0.29192842069571967,0.004184323109295603,0.014158203560473181,1800000,18000000,16315200000,535.6
824,0.8059601671577801,0.29381469570156876,0.0027235850324567185,0.014111088117967848,1800000,18000000,16335000000,536.25
825,0.8061248332888901,0.2961323159997404,0.002619748335840228,0.014064129465475665,1800000,18000000,16354800000,536.9
826,0.8067152643091163,0.29499067172508203,0.0015936834319951743,0.01401732708123335,1800000,18000000,16374600000,537.5500000000001
827,0.8065797266973083,0.2978455639551693,0.0029851610288456594,0.013970680445213924,1800000,18000000,16394400000,538.2
828,0.8104483496542378,0.2848922848479128,0.00259579185346158,0.013924189039120962,1800000,18000000,16414200000,538.85
829,0.8070270384729458,0.2899290117642046,0.0022810010891858297,0.01387785234638279,1800000,18000000,16434000000,539.5
830,0.8062949211385796,0.2987893348303712,0.0024399316561610897,0.013831669852146802,1800000,18000000,16453800000,540.15
831,0.8070794873643522,0.28691495880178586,0.002737451316992088,0.013785641043273693,1800000,18000000,16473600000,540.8000000000001
832,0.805508474322082,0.29639232223737677,0.0036265328467039943,0.01373976540833178,1800000,18000000,16493400000,541.45
833,0.8062650638704864,0.2977718322820937,7.555786664231864e-05,0.013694042437591319,1800000,18000000,16513200000,542.1
834,0.8083960220262107,0.28935714629102804,0.0039944833481178315,0.01364847162301883,1800000,18000000,16533000000,542.75
835,0.8043434752832226,0.2908026155381897,0.0027322997558424027,0.013603052458271453,1800000,18000000,16552800000,543.4
836,0.805854192937822,0.294390038058508,0.0015421424824868181,0.013557784438691338,1800000,18000000,16572600000,544.0500000000001
837,0.8112644561493175,0.2851502804367385,0.0009099977420709991,0.013512667061300028,1800000,18000000,16592400000,544.7
838,0.8041173768543349,0.29253542565200513,0.00216801203613839,0.013467699824792862,1800000,18000000,16612200000,545.35
839,0.8038468411634339,0.30070067358085,0.001759693017868397,0.013422882229533415,1800000,18000000,16632000000,546.0
840,0.8079981672694676,0.29936058516814384,0.002250538736157424,0.013378213777547955,1800000,18000000,16651800000,546.65
841,0.8078478091958244,0.2902151364155035,0.0012768096306557922,0.013333693972519876,1800000,18000000,16671600000,547.3000000000001
842,0.8057955794144236,0.2970074321791793,0.0030540058410985804,0.013289322319784223,1800000,18000000,16691400000,547.95
843,0.8085882758863847,0.2907936844873609,0.0032510291149109665,0.01324509832632218,1800000,18000000,16711200000,548.6
844,0.8068472439863257,0.29394335890432666,0.0031740666547746092,0.013201021500755583,1800000,18000000,16731000000,549.25
845,0.8048576778234079,0.29508407201487313,0.002203200559412975,0.013157091353341475,1800000,18000000,16750800000,549.9
846,0.805793322938417,0.2940861564805131,0.002115116916891059,0.013113307395966662,1800000,18000000,16770600000,550.5500000000001
847,0.8064681153326403,0.29374609374959615,0.002487398460559056,0.01306966914214226,1800000,18000000,16790400000,551.2
848,0.807737143804635,0.29185218251578476,0.0027378895932124556,0.013026176106998346,1800000,18000000,16810200000,551.85
849,0.8080828120754394,0.29512315284323093,0.0032496593126035314,0.012982827807278526,1800000,18000000,16830000000,552.5
850,0.8081305261360193,0.28937174430586604,0.0014887061024219494,0.012939623761334574,1800000,18000000,16849800000,553.15
851,0.8067222043470135,0.29258531219930595,0.0036092569236628996,0.012896563489121101,1800000,18000000,16869600000,553.8000000000001
852,0.8053492124733215,0.29477240479161815,0.001975271362000995,0.012853646512190182,1800000,18000000,16889400000,554.45
853,0.8082973373343423,0.29239525371074654,0.001592600360810275,0.012810872353686081,1800000,18000000,16909200000,555.1
854,0.8060695024282589,0.29431825918201987,0.0017109471956867342,0.012768240538339934,1800000,18000000,16929000000,555.75
855,0.8052743768028706,0.29237405272659395,0.0016235870027181505,0.01272575059246446,1800000,18000000,16948800000,556.4
856,0.8079732959255568,0.28925502766030114,0.0018050993921723201,0.012683402043948716,1800000,18000000,16968600000,557.0500000000001
857,0.8086889409084648,0.2929276530699709,0.0009210263003711116,0.012641194422252843,1800000,18000000,16988400000,557.7
858,0.8067595460311681,0.29153446752759354,0.0024558558899505974,0.012599127258402818,1800000,18000000,17008200000,558.35
859,0.8058927647240277,0.2939038585407533,0.0031621874904836957,0.012557200084985287,1800000,18000000,17028000000,559.0
860,0.805692252917561,0.29292194321859066,0.0025503721458491977,0.012515412436142334,1800000,18000000,17047800000,559.65
861,0.8084246660723492,0.2927928310128932,0.003602742004177763,0.012473763847566318,1800000,18000000,17067600000,560.3000000000001
862,0.8070907927279297,0.29342476913929455,0.0027747643717739596,0.01243225385649472,1800000,18000000,17087400000,560.95
863,0.8059196978759269,0.2920658901714595,0.001728642419164518,0.012390882001704991,1800000,18000000,17107200000,561.6
864,0.8068134587963587,0.2963267083657496,0.0027053378544267797,0.01234964782350942,1800000,18000000,17127000000,562.25
865,0.8051822719335314,0.2896699640834647,0.0021391047028345473,0.012308550863750054,1800000,18000000,17146800000,562.9
866,0.8077024367560951,0.29101589381731136,0.002067281138524722,0.012267590665793582,1800000,18000000,17166600000,563.5500000000001
867,0.8070612176973179,0.29262960327863563,0.000961782584053078,0.012226766774526273,1800000,18000000,17186400000,564.2
868,0.8073567139109011,0.2977086164798009,0.0020410887348086457,0.012186078736348917,1800000,18000000,17206200000,564.85
869,0.8076809552924433,0.2910644567520752,0.00012350236464360844,0.012145526099171784,1800000,18000000,17226000000,565.5
870,0.8057904292735736,0.2941861454767428,0.0022186219580330774,0.01210510841240959,1800000,18000000,17245800000,566.15
871,0.8084306988344587,0.29036081827963817,0.0014201882728108737,0.01206482522697652,1800000,18000000,17265600000,566.8000000000001
872,0.8072680458884139,0.292222597271372,0.001109394540830046,0.012024676095281203,1800000,18000000,17285400000,567.45
873,0.8083434425523547,0.28898668312509196,0.001497738067604885,0.011984660571221769,1800000,18000000,17305200000,568.1
874,0.8062586822998439,0.29639502890421027,0.0026255562631650425,0.011944778210180869,1800000,18000000,17325000000,568.75
875,0.8093309855894406,0.2925099920591197,0.002958990421435815,0.011905028569020754,1800000,18000000,17344800000,569.4
876,0.8076663961829632,0.2899765155557989,0.0033007686697977233,0.011865411206078324,1800000,18000000,17364600000,570.0500000000001
877,0.8047634527077698,0.2994583938218869,0.003523305837295,0.011825925681160258,1800000,18000000,17384400000,570.7
878,0.8069253328631424,0.29131723817961164,0.0007623883782964351,0.01178657155553809,1800000,18000000,17404200000,571.35
879,0.8049517871405109,0.2947478310272881,0.00205456308088044,0.01174734839194336,1800000,18000000,17424000000,572.0
880,0.8066080491083959,0.2914580110411972,0.001534554847064513,0.011708255754562732,1800000,18000000,17443800000,572.65
881,0.8057816706957013,0.2926293057250164,0.003717596226213024,0.011669293209033163,1800000,18000000,17463600000,573.3000000000001
882,0.808050345279291,0.2945427496808758,0.002484524794669856,0.011630460322437081,1800000,18000000,17483400000,573.95
883,0.8056503381146596,0.2919450699802429,0.0021147693417625842,0.01159175666329757,1800000,18000000,17503200000,574.6
884,0.8063964907363769,0.29254409734778075,0.00184722274941873,0.011553181801573576,1800000,18000000,17523000000,575.25
885,0.8075003381567841,0.294322589915551,0.0034171276661150384,0.011514735308655124,1800000,18000000,17542800000,575.9
886,0.8098723414894283,0.2899033688454976,0.001807283014261615,0.011476416757358571,1800000,18000000,17562600000,576.5500000000001
887,0.8052228659525503,0.2930643578734038,0.0009424103805568526,0.011438225721921835,1800000,18000000,17582400000,577.2
888,0.8085553611709634,0.28619350716793424,0.0024922007536125183,0.011400161777999683,1800000,18000000,17602200000,577.85
889,0.8052677346860543,0.2966914112235588,0.0011954587462231349,0.01136222450265902,1800000,18000000,17622000000,578.5
890,0.8031884187574778,0.2990474150481623,0.003140291714917049,0.011324413474374167,1800000,18000000,17641800000,579.15
891,0.8084365940195478,0.28936491868795944,0.0018995173581783044,0.011286728273022203,1800000,18000000,17661600000,579.8000000000001
892,0.8075087247268298,0.28998543457865794,0.0009594887830361911,0.011249168479878289,1800000,18000000,17681400000,580.45
893,0.8067671942295231,0.2955589296897223,0.0012327884888765062,0.011211733677610984,1800000,18000000,17701200000,581.1
894,0.8048132578728129,0.29573302398140283,0.0023573283327547444,0.01117442345027767,1800000,18000000,17721000000,581.75
895,0.8073436397417336,0.294234619932958,0.0013836566716977933,0.011137237383319877,1800000,18000000,17740800000,582.4
896,0.8045319438238527,0.2887543766363858,0.0016144376806188515,0.011100175063558702,1800000,18000000,17760600000,583.0500000000001
897,0.8072728473472661,0.29680792558784885,0.002317074633991856,0.01106323607919021,1800000,18000000,17780400000,583.7
898,0.8088114540531696,0.2886241790472366,0.001326153708475645,0.011026420019780866,1800000,18000000,17800200000,584.35
899,0.8042687556319658,0.2981159155115109,0.00017295306874545464,0.010989726476262956,1800000,18000000,17820000000,585.0
900,0.806065662530337,0.2919989391874991,0.0017797301828013042,0.010953155040930068,1800000,18000000,17839800000,585.65
901,0.8060825735629837,0.2929037694241244,6.611046737864065e-05,0.010916705307432543,1800000,18000000,17859600000,586.3000000000001
902,0.8060381858507023,0.3004863278208954,0.0011698590979986562,0.010880376870772968,1800000,18000000,17879400000,586.95
903,0.8058368754859451,0.29384108668575987,0.0020265028059310063,0.010844169327301678,1800000,18000000,17899200000,587.6
904,0.8086875534562614,0.29097786377039536,0.0012670671251864742,0.010808082274712251,1800000,18000000,17919000000,588.25
905,0.8065830178738629,0.2896628036587497,0.00012260210214044137,0.010772115312037072,1800000,18000000,17938800000,588.9
906,0.8063185342670518,0.29589630500477354,0.0023075873749235907,0.010736268039642852,1800000,18000000,17958600000,589.5500000000001
907,0.8081706386361698,0.28978520652906686,0.0020873610047220013,0.010700540059226191,1800000,18000000,17978400000,590.2
908,0.8084492783679397,0.2885846169527121,0.00135261803997318,0.010664930973809168,1800000,18000000,17998200000,590.85
909,0.8057216824197122,0.30027225594246626,0.0038915886158885217,0.010629440387734914,1800000,18000000,18018000000,591.5
910,0.807171177618126,0.29605759831834444,0.0024459907134908574,0.010594067906663207,1800000,18000000,18037800000,592.15
911,0.8058274505824287,0.29810423185949814,0.0017779144596051233,0.010558813137566122,1800000,18000000,18057600000,592.8000000000001
912,0.8073918964490351,0.2919592303390587,0.00017220806107890352,0.01052367568872364,1800000,18000000,18077400000,593.45
913,0.805894061193015,0.2958163268583176,0.00279936454231645,0.010488655169719302,1800000,18000000,18097200000,594.1
914,0.8077400946041,0.28799075269192487,0.0024835483624441974,0.010453751191435868,1800000,18000000,18117000000,594.75
915,0.8082353585780655,0.2931022377432491,0.0016876035924064839,0.010418963366051004,1800000,18000000,18136800000,595.4
916,0.8052427807588916,0.29875379665854884,0.001456115455916653,0.01038429130703295,1800000,18000000,18156600000,596.0500000000001
917,0.8080064979372089,0.291212052293528,0.0035826622638825993,0.010349734629136251,1800000,18000000,18176400000,596.7
918,0.8075887766651483,0.29485999937802715,0.0024232373611619133,0.010315292948397467,1800000,18000000,18196200000,597.35
919,0.8067765235069871,0.29244249676688316,0.000212366306015169,0.0102809658821309,1800000,18000000,18216000000,598.0
920,0.8073328087168257,0.2962447373734329,7.767573060779164e-05,0.010246753048924351,1800000,18000000,18235800000,598.65
921,0.8067568456255378,0.2970322568623613,0.0013878357060453695,0.010212654068634879,1800000,18000000,18255600000,599.3000000000001
922,0.806373493591287,0.29146595939276376,0.0029807293794705254,0.010178668562384568,1800000,18000000,18275400000,599.95
923,0.8064166886424631,0.2937022413064213,0.0022769255468954065,0.010144796152556337,1800000,18000000,18295200000,600.6
924,0.80718085649367,0.2861514975847613,0.002623094703827591,0.010111036462789725,1800000,18000000,18315000000,601.25
925,0.8083979368758767,0.2901825790553983,0.0005864332609571258,0.010077389117976725,1800000,18000000,18334800000,601.9
926,0.8079461001191709,0.29607332845280726,0.002364906753092385,0.010043853744257604,1800000,18000000,18354600000,602.5500000000001
927,0.8059519561118151,0.294288179197558,0.0024012355360327835,0.010010429969016745,1800000,18000000,18374400000,603.2
928,0.8083281376461289,0.2961923161022303,0.0007787914824386755,0.009977117420878534,1800000,18000000,18394200000,603.85
929,0.8051309009858656,0.29767476813292665,0.0007954333886329161,0.009943915729703197,1800000,18000000,18414000000,604.5
930,0.8081550366904355,0.28857146236144404,0.0019685995608996988,0.009910824526582717,1800000,18000000,18433800000,605.15
931,0.8048121223734219,0.29205551098343646,0.001511317400262995,0.009877843443836716,1800000,18000000,18453600000,605.8000000000001
932,0.8058493944472317,0.29084307447723046,0.0,0.009844972115008389,1800000,18000000,18473400000,606.45
933,0.8057021125816752,0.287794369206474,0.0019250063252024996,0.009812210174860397,1800000,18000000,18493200000,607.1
934,0.8089982699422648,0.2896943627192195,0.0012264745160143152,0.009779557259370852,1800000,18000000,18513000000,607.75
935,0.8068163118371379,0.2924381842446624,0.0,0.00974701300572925,1800000,18000000,18532800000,608.4
936,0.8080950724515858,0.29252023964781654,0.0022099820837635058,0.009714577052332429,1800000,18000000,18552600000,609.0500000000001
937,0.805561310422948,0.29551200730223176,0.0009790938104025063,0.00968224903878058,1800000,18000000,18572400000,609.7
938,0.8073012461553881,0.2941998316025772,0.002319175155392934,0.009650028605873223,1800000,18000000,18592200000,610.35
939,0.809636797866487,0.29019948590437267,0.0017692196919877516,0.009617915395605208,1800000,18000000,18612000000,611.0
940,0.8028263513189154,0.2912544821449119,0.0010775609501426223,0.009585909051162758,1800000,18000000,18631800000,611.65
941,0.8088366070510313,0.29536831690642606,0.00028913964711906677,0.009554009216919498,1800000,18000000,18651600000,612.3000000000001
942,0.8072980992114138,0.2965827605115238,0.0022494295873430386,0.009522215538432497,1800000,18000000,18671400000,612.95
943,0.808438785231728,0.28705421544951387,0.0011670636080182346,0.009490527662438332,1800000,18000000,18691200000,613.6
944,0.8061345620905837,0.28804209095111905,0.00045416404474713347,0.00945894523684917,1800000,18000000,18711000000,614.25
945,0.8074829111603189,0.2873454514807105,0.0021243522850015505,0.009427467910748841,1800000,18000000,18730800000,614.9
946,0.8048826818533095,0.29601609461810946,0.003114944968320095,0.009396095334388952,1800000,18000000,18750600000,615.5500000000001
947,0.8039013261014679,0.29230403038798775,0.0010639567554068888,0.009364827159185005,1800000,18000000,18770400000,616.2
948,0.8084314537653134,0.2897214844667212,0.0013204286451743686,0.009333663037712504,1800000,18000000,18790200000,616.85
949,0.8072451919776453,0.28946784180609286,0.0012566737207400677,0.009302602623703115,1800000,18000000,18810000000,617.5
950,0.8079981684180269,0.2952282076086995,0.0003166605790281829,0.009271645572040809,1800000,18000000,18829800000,618.15
951,0.805387884910592,0.29952706953304997,0.0016183043304289252,0.00924079153875802,1800000,18000000,18849600000,618.8000000000001
952,0.8081999925057728,0.2868165889260525,0.0010503431700382222,0.009210040181031845,1800000,18000000,18869400000,619.45
953,0.8075528496784361,0.2924266090961166,0.0,0.009179391157180212,1800000,18000000,18889200000,620.1
954,0.8058557173154883,0.29216811455593195,0.0012920113575726332,0.009148844126658095,1800000,18000000,18909000000,620.75
955,0.8033127107721366,0.2941526425743742,0.0007092228572977925,0.009118398750053738,1800000,18000000,18928800000,621.4
956,0.806817134875716,0.2881486910150773,0.0014577204317273503,0.009088054689084853,1800000,18000000,18948600000,622.0500000000001
957,0.8053048365580919,0.29325783705739006,0.001901163926811096,0.009057811606594903,1800000,18000000,18968400000,622.7
958,0.8093598395331847,0.2884976995892185,0.0009987335324548859,0.009027669166549323,1800000,18000000,18988200000,623.35
959,0.8056468561102414,0.28974243014270784,0.0012841982477461112,0.008997627034031805,1800000,18000000,19008000000,624.0
960,0.8075819612658643,0.2964702308551883,0.0030414239162347683,0.008967684875240566,1800000,18000000,19027800000,624.65
961,0.8030109154253332,0.29763749428464564,0.0002460120269520891,0.00893784235748465,1800000,18000000,19047600000,625.3000000000001
962,0.8078538698546066,0.2933695349150274,0.0038687564352743245,0.008908099149180209,1800000,18000000,19067400000,625.95
963,0.8057513514410126,0.29439776967170755,0.0014598776302263215,0.008878454919846852,1800000,18000000,19087200000,626.6
964,0.8072252890926847,0.29107157721435206,0.0027265167225447957,0.008848909340103947,1800000,18000000,19107000000,627.25
965,0.8065490770276604,0.29044866945258374,2.065299246558727e-05,0.00881946208166697,1800000,18000000,19126800000,627.9
966,0.8068101746542322,0.2929369182478355,0.0009869858405193704,0.008790112817343857,1800000,18000000,19146600000,628.5500000000001
967,0.8085732268159079,0.2890711262999263,0.0010225110207145204,0.008760861221031375,1800000,18000000,19166400000,629.2
968,0.804373126392471,0.2973394651192772,0.0008761417444071055,0.008731706967711477,1800000,18000000,19186200000,629.85
969,0.8069441504914361,0.29472594016433284,0.0007797735809248943,0.008702649733447719,1800000,18000000,19206000000,630.5
970,0.807550397856562,0.29818280362556665,0.0026536717456926446,0.008673689195381645,1800000,18000000,19225800000,631.15
971,0.806484280946327,0.29590219151714886,0.0032961030982987974,0.0086448250317292,1800000,18000000,19245600000,631.8000000000001
972,0.8070469421911314,0.2959944190010966,0.00324494973916299,0.008616056921777155,1800000,18000000,19265400000,632.45
973,0.8051302499699345,0.2926135429436595,0.0017916167613899194,0.008587384545879555,1800000,18000000,19285200000,633.1
974,0.8050218835277356,0.2967794706605666,0.0019766467926664263,0.00855880758545414,1800000,18000000,19305000000,633.75
975,0.8070952697497067,0.28586195977572615,0.002096963057000992,0.008530325722978842,1800000,18000000,19324800000,634.4
976,0.8063595183299515,0.29141460137138064,0.0012172573412620857,0.008501938641988227,1800000,18000000,19344600000,635.0500000000001
977,0.806163828557851,0.29243038215380757,0.0006054850384967426,0.00847364602706999,1800000,18000000,19364400000,635.7
978,0.806384104849921,0.28721080495063084,0.0007742562499758232,0.008445447563861456,1800000,18000000,19384200000,636.35
979,0.808485610588911,0.29629976337139863,7.827521018239822e-05,0.008417342939046071,1800000,18000000,19404000000,637.0
980,0.8078026208767086,0.29092000007408875,0.0006219189413296869,0.008389331840349944,1800000,18000000,19423800000,637.65
981,0.8082257281829744,0.2946876570832009,0.0015937785205095113,0.008361413956538348,1800000,18000000,19443600000,638.3000000000001
982,0.8074343699702795,0.2949944422540644,0.0004982970603981476,0.008333588977412296,1800000,18000000,19463400000,638.95
983,0.8052158618038691,0.29488007605394567,0.001067484852125458,0.008305856593805061,1800000,18000000,19483200000,639.6
984,0.8049361544001934,0.2913415180196527,0.002613320466966958,0.008278216497578768,1800000,18000000,19503000000,640.25
985,0.8076760589788882,0.298208075875248,0.00152399313859913,0.008250668381620944,1800000,18000000,19522800000,640.9
986,0.8057782566694967,0.29220468981673786,0.0010520070669003945,0.008223211939841133,1800000,18000000,19542600000,641.5500000000001
987,0.8059557019245395,0.2908003838951847,0.0009671993089830296,0.008195846867167478,1800000,18000000,19562400000,642.2
988,0.8064748744639679,0.29890932667719566,0.0018482481434381522,0.008168572859543331,1800000,18000000,19582200000,642.85
989,0.8064026594217651,0.2970758041966173,0.0006527251633114136,0.008141389613923886,1800000,18000000,19602000000,643.5
990,0.8056452696300657,0.29347630564267846,0.0017002550441816084,0.008114296828272803,1800000,18000000,19621800000,644.15
991,0.8092859677803385,0.29138369126504515,0.001025710878272581,0.008087294201558844,1800000,18000000,19641600000,644.8000000000001
992,0.8062019014362719,0.2956434906143192,0.0036384746283558062,0.00806038143375255,1800000,18000000,19661400000,645.45
993,0.8104453751201499,0.2901268880159943,0.0,0.008033558225822888,1800000,18000000,19681200000,646.1
994,0.8083396621460044,0.29187975331719773,0.0017287583505576874,0.008006824279733942,1800000,18000000,19701000000,646.75
995,0.8073571012834445,0.2940888306194505,0.0011430839522572891,0.00798017929844159,1800000,18000000,19720800000,647.4
996,0.8074550914275912,0.29434463802998334,0.0016137691483492068,0.007953622985890214,1800000,18000000,19740600000,648.0500000000001
997,0.8086209876507409,0.29479722349417387,0.0013519159521278264,0.007927155047009393,1800000,18000000,19760400000,648.7
998,0.807801904991808,0.29060158672366376,0.002060915586645716,0.007900775187710651,1800000,18000000,19780200000,649.35
999,0.8099911549134677,0.2856727578043302,0.0,0.007874483114884165,1800000,18000000,19800000000,650.0
