round,test_accuracy,train_objective,mfg,hfr_tau,downlink_bytes,uplink_bytes,cumulative_serialized_bytes,single_device_elapsed_seconds
0,0.5022945056588239,0.5922967224691624,0.0690214573820505,0.22,1800000,9000000,10800000,0.6000000000000001
1,0.5107580078485581,0.5898894572645681,0.0694971803837351,0.2192678875319951,1800000,9000000,21600000,1.2000000000000002
2,0.5143965770175023,0.588565323213368,0.0689585840348327,0.21853821137610757,1800000,9000000,32400000,1.8000000000000003
3,0.5177110272765966,0.5843034007587616,0.06851061097829153,0.21781096342481698,1800000,9000000,43200000,2.4000000000000004
4,0.5208393913036975,0.5792338752482269,0.06837394634222994,0.21708613559758305,1800000,9000000,54000000,3.0000000000000004
5,0.5259793572228914,0.5731590326112698,0.0698475116429539,0.21636371984075584,1800000,9000000,64800000,3.6000000000000005
6,0.528310169026938,0.5683062400269001,0.06850344913875249,0.21564370812748615,1800000,9000000,75600000,4.200000000000001
7,0.5318802669429388,0.5688414593431406,0.06879433231186718,0.21492609245763647,1800000,9000000,86400000,4.800000000000001
8,0.5349629496863059,0.5716526568695608,0.06849012050789692,0.2142108648576919,1800000,9000000,97200000,5.4
9,0.542463645186225,0.5555244201508597,0.065870844052642,0.21349801738067178,1800000,9000000,108000000,6.000000000000001
10,0.5437770051934153,0.5567634313762756,0.06963194704490491,0.2127875421060413,1800000,9000000,118800000,6.600000000000001
11,0.5483377411542754,0.5534112539878242,0.06550623495772442,0.21207943113962338,1800000,9000000,129600000,7.200000000000001
12,0.5552526742374522,0.5448059162513033,0.06535422721561016,0.2113736766135111,1800000,9000000,140400000,7.800000000000001
13,0.5554062545060573,0.5417078804401088,0.06568898133387527,0.2106702706859803,1800000,9000000,151200000,8.400000000000002
14,0.5586246757499085,0.5434102584371522,0.06662202056242728,0.20996920554140228,1800000,9000000,162000000,9.000000000000002
15,0.5635814206237589,0.5336581562090028,0.0672466761452606,0.20927047339015709,1800000,9000000,172800000,9.600000000000001
16,0.5667463710314403,0.5334903208708006,0.06592537483026731,0.208574066468547,1800000,9000000,183600000,10.200000000000001
17,0.5716872463074215,0.5321832522813101,0.0661102654923884,0.2078799770387102,1800000,9000000,194400000,10.8
18,0.5754907984032154,0.5270938824381907,0.06543272176556027,0.20718819738853472,1800000,9000000,205200000,11.400000000000002
19,0.5749093990876342,0.5213842743315952,0.06567581034344962,0.2064987198315729,1800000,9000000,216000000,12.000000000000002
20,0.5798197458530583,0.5204591133808285,0.0637874327463287,0.2058115367069559,1800000,9000000,226800000,12.600000000000001
21,0.5809975841607076,0.5182047859740803,0.06561247231956055,0.2051266403793086,1800000,9000000,237600000,13.200000000000003
22,0.585426500344155,0.5185695474817008,0.0626967291337797,0.20444402323866478,1800000,9000000,248400000,13.800000000000002
23,0.5913530611180442,0.5057862615016683,0.0625813512038192,0.20376367770038248,1800000,9000000,259200000,14.400000000000002
24,0.5931686851278309,0.5088084006877225,0.06135236807592312,0.20308559620505987,1800000,9000000,270000000,15.000000000000002
25,0.5968303785697717,0.501886394306379,0.0628801682021473,0.20240977121845113,1800000,9000000,280800000,15.600000000000001
26,0.597580146885741,0.5054531394840915,0.06421665678163455,0.20173619523138275,1800000,9000000,291600000,16.200000000000003
27,0.6015853673515633,0.5035818840757637,0.06315983714855156,0.2010648607596702,1800000,9000000,302400000,16.800000000000004
28,0.6036358566333537,0.5003448503871296,0.060949846591050585,0.20039576034403467,1800000,9000000,313200000,17.400000000000002
29,0.6066029255871039,0.49116165995798733,0.061369810966465696,0.19972888655002022,1800000,9000000,324000000,18.000000000000004
30,0.6105970901900445,0.4908036113289457,0.06236933313983948,0.1990642319679111,1800000,9000000,334800000,18.6
31,0.6130666270795798,0.4833709765961958,0.06205415930941026,0.19840178921264964,1800000,9000000,345600000,19.200000000000003
32,0.6182387414410182,0.4801590669017619,0.06242877585611243,0.19774155092375395,1800000,9000000,356400000,19.800000000000004
33,0.6201769565025703,0.48164220478439046,0.06125363677004831,0.1970835097652362,1800000,9000000,367200000,20.400000000000002
34,0.6201183022078426,0.4783384693648828,0.06159687007170307,0.19642765842552126,1800000,9000000,378000000,21.000000000000004
35,0.6204877081525757,0.48011813247029667,0.061566740847542475,0.19577398961736522,1800000,9000000,388800000,21.6
36,0.6247393966315726,0.47686844533264533,0.06175277398799656,0.19512249607777465,1800000,9000000,399600000,22.200000000000003
37,0.6286259370699632,0.46684847298515697,0.06091042193802144,0.1944731705679257,1800000,9000000,410400000,22.800000000000004
38,0.6313643588746994,0.4695332488738805,0.06053987154147702,0.1938260058730838,1800000,9000000,421200000,23.400000000000002
39,0.6323482974324635,0.470725138622002,0.0588303007287748,0.1931809948025235,1800000,9000000,432000000,24.000000000000004
40,0.6371786289080792,0.4652349731489862,0.05977011823195891,0.19253813018944846,1800000,9000000,442800000,24.600000000000005
41,0.6371941136812512,0.46448798691474763,0.059527318286361146,0.19189740489091192,1800000,9000000,453600000,25.200000000000003
42,0.6379375140766613,0.4660360396035132,0.05863726699008872,0.1912588117877373,1800000,9000000,464400000,25.800000000000004
43,0.6432066586152696,0.4594594633194358,0.06028033472043515,0.1906223437844391,1800000,9000000,475200000,26.400000000000006
44,0.6426696674669029,0.4552049296395248,0.059736303280549304,0.1899879938091441,1800000,9000000,486000000,27.000000000000004
45,0.6493023330433627,0.45444789191766594,0.05816417533018886,0.18935575481351272,1800000,9000000,496800000,27.600000000000005
46,0.6494124746261888,0.4521308646502476,0.058406359136693765,0.1887256197726607,1800000,9000000,507600000,28.200000000000003
47,0.6503175107711944,0.45122572899691366,0.05884529694746668,0.1880975816850811,1800000,9000000,518400000,28.800000000000004
48,0.6520898119065891,0.45185121199632616,0.057594510054855885,0.1874716335725665,1800000,9000000,529200000,29.400000000000006
49,0.6546508345573709,0.44563630158818723,0.05992173238411224,0.18684776848013143,1800000,9000000,540000000,30.000000000000004
50,0.6575025693560124,0.440603693720124,0.05717225739911611,0.1862259794759351,1800000,9000000,550800000,30.600000000000005
51,0.6606119299754566,0.44460629564652365,0.0585483416028634,0.18560625965120442,1800000,9000000,561600000,31.200000000000003
52,0.6610199634555789,0.4377287962643539,0.05600490484595059,0.18498860212015716,1800000,9000000,572400000,31.800000000000004
53,0.6622306794166944,0.44314995355395415,0.05721609411831057,0.18437300001992551,1800000,9000000,583200000,32.400000000000006
54,0.6674672542694371,0.4314567012982592,0.05728139275707684,0.18375944651047985,1800000,9000000,594000000,33.00000000000001
55,0.6641274061360349,0.43614104804121173,0.05511358558224847,0.1831479347745526,1800000,9000000,604800000,33.60000000000001
56,0.670249483672585,0.43447907868309377,0.0536316081734446,0.18253845801756263,1800000,9000000,615600000,34.2
57,0.671973585510922,0.4273807524708721,0.05380873610195239,0.1819310094675397,1800000,9000000,626400000,34.800000000000004
58,0.674389674395261,0.4272326526351316,0.05711690148451462,0.18132558237504928,1800000,9000000,637200000,35.400000000000006
59,0.6765320294819858,0.4224275881507474,0.05492586824700131,0.18072217001311738,1800000,9000000,648000000,36.00000000000001
60,0.6777366521940474,0.4213574355182548,0.05504376240338201,0.18012076567715601,1800000,9000000,658800000,36.60000000000001
61,0.6787928211028316,0.41653568495373805,0.055340484455112623,0.1795213626848886,1800000,9000000,669600000,37.2
62,0.6816365440679917,0.4124316439243038,0.05451533244627093,0.17892395437627573,1800000,9000000,680400000,37.800000000000004
63,0.6830668580093125,0.415207851224241,0.05401018179141524,0.17832853411344116,1800000,9000000,691200000,38.400000000000006
64,0.6821295344506846,0.4179950318328596,0.05488867343090277,0.17773509528059805,1800000,9000000,702000000,39.00000000000001
65,0.6884068598792212,0.41189694660501736,0.05462296959875387,0.17714363128397553,1800000,9000000,712800000,39.60000000000001
66,0.6898115472325824,0.4070208065279551,0.053163345135670094,0.17655413555174526,1800000,9000000,723600000,40.2
67,0.6859234972594693,0.4166438240066953,0.053499326518702144,0.17596660153394866,1800000,9000000,734400000,40.800000000000004
68,0.6909599795113773,0.41092978350528564,0.05349951017241576,0.1753810227024239,1800000,9000000,745200000,41.400000000000006
69,0.6892486771445295,0.40564949476232454,0.054590431146941336,0.17479739255073348,1800000,9000000,756000000,42.00000000000001
70,0.6925423027266498,0.4053740889706967,0.050712582659249994,0.17421570459409197,1800000,9000000,766800000,42.60000000000001
71,0.6965818064576271,0.4074934713976793,0.05273292923194246,0.17363595236929383,1800000,9000000,777600000,43.2
72,0.6984829304417449,0.4028090562298268,0.052838489415194534,0.17305812943464177,1800000,9000000,788400000,43.800000000000004
73,0.6993768061270954,0.40160359311188526,0.05170064084807121,0.17248222936987492,1800000,9000000,799200000,44.400000000000006
74,0.699425061943719,0.3991302677857889,0.05065552381611797,0.1719082457760978,1800000,9000000,810000000,45.00000000000001
75,0.7011290016705982,0.395722588123434,0.0515357999437142,0.17133617227570908,1800000,9000000,820800000,45.60000000000001
76,0.7019324589252784,0.39680352001011915,0.05137263792010171,0.17076600251233054,1800000,9000000,831600000,46.20000000000001
77,0.702587630886527,0.39568850415511003,0.05133861133604912,0.17019773015073678,1800000,9000000,842400000,46.800000000000004
78,0.707696168779732,0.39252880839890336,0.051448822476938876,0.16963134887678458,1800000,9000000,853200000,47.400000000000006
79,0.7057927078477818,0.39337514559610226,0.05083457797809175,0.16906685239734287,1800000,9000000,864000000,48.00000000000001
80,0.7060261098491785,0.39206463910368944,0.05172366805949688,0.16850423444022272,1800000,9000000,874800000,48.60000000000001
81,0.7085129286201061,0.3915854531941322,0.0501447101851881,0.1679434887541077,1800000,9000000,885600000,49.20000000000001
82,0.710809320881105,0.3924599867150455,0.04945945092730913,0.16738460910848446,1800000,9000000,896400000,49.800000000000004
83,0.7118814091255948,0.3819913076169821,0.04986766183315242,0.16682758929357333,1800000,9000000,907200000,50.400000000000006
84,0.7156278173034077,0.385310755586934,0.05039579197397997,0.1662724231202596,1800000,9000000,918000000,51.00000000000001
85,0.7160592181835198,0.3824994991186205,0.05086884933474535,0.1657191044200245,1800000,9000000,928800000,51.60000000000001
86,0.7178197339453811,0.37953878033977645,0.0514732127481189,0.16516762704487678,1800000,9000000,939600000,52.20000000000001
87,0.716416143746572,0.38591535115471043,0.05119488218576843,0.16461798486728435,1800000,9000000,950400000,52.80000000000001
88,0.7199670195451653,0.37749128026091616,0.048509659424305934,0.16407017178010627,1800000,9000000,961200000,53.400000000000006
89,0.7183761413607607,0.37737138808321863,0.04902344032471293,0.16352418169652483,1800000,9000000,972000000,54.00000000000001
90,0.7215446468749739,0.3824969049815014,0.04867832073291046,0.16298000854997793,1800000,9000000,982800000,54.60000000000001
91,0.7205487472251004,0.3825095551673547,0.048444009368597545,0.16243764629409166,1800000,9000000,993600000,55.20000000000001
92,0.7220115587924836,0.38107396477326516,0.047618454861910915,0.16189708890261317,1800000,9000000,1004400000,55.80000000000001
93,0.7211970372200392,0.3751763039148195,0.049167737236013614,0.16135833036934363,1800000,9000000,1015200000,56.400000000000006
94,0.7258883457135811,0.3710269908928994,0.04936002202279246,0.1608213647080716,1800000,9000000,1026000000,57.00000000000001
95,0.7252664985631821,0.3769468948884576,0.04698608009065351,0.16028618595250646,1800000,9000000,1036800000,57.60000000000001
96,0.726599394123211,0.3747163558966894,0.047387481086075406,0.159752788156212,1800000,9000000,1047600000,58.20000000000001
97,0.7265456274066815,0.3748256327100123,0.04743821967158504,0.15922116539254064,1800000,9000000,1058400000,58.80000000000001
98,0.7294488650520525,0.37309241838397667,0.04810370913177338,0.15869131175456724,1800000,9000000,1069200000,59.400000000000006
99,0.7316659494801233,0.3673023881713365,0.048073926106485254,0.15816322135502375,1800000,9000000,1080000000,60.00000000000001
100,0.7303738451498027,0.3693765519061414,0.047618849743925856,0.15763688832623365,1800000,9000000,1090800000,60.60000000000001
101,0.7310836056321659,0.3691643553482539,0.04558158750524441,0.1571123068200467,1800000,9000000,1101600000,61.20000000000001
102,0.7322824834439052,0.37054060568109376,0.0462134456647979,0.15658947100777412,1800000,9000000,1112400000,61.80000000000001
103,0.734094068969922,0.36286535827741073,0.047359594890773606,0.1560683750801238,1800000,9000000,1123200000,62.400000000000006
104,0.738259937648793,0.36292975358822177,0.04573232177602648,0.1555490132471355,1800000,9000000,1134000000,63.00000000000001
105,0.7351996417642004,0.3694332828510465,0.045839997275218584,0.15503137973811695,1800000,9000000,1144800000,63.60000000000001
106,0.7350447057922698,0.3636936588237118,0.046153203300175784,0.15451546880157935,1800000,9000000,1155600000,64.2
107,0.7360709836647368,0.36062973398266723,0.04301882575428191,0.15400127470517364,1800000,9000000,1166400000,64.80000000000001
108,0.734047798818445,0.3629545201200015,0.04674949408590223,0.15348879173562682,1800000,9000000,1177200000,65.4
109,0.7388028717131713,0.36325707270971136,0.04693228423757996,0.1529780141986784,1800000,9000000,1188000000,66.00000000000001
110,0.7384011893522436,0.3646764348844473,0.045779340411428095,0.15246893641901713,1800000,9000000,1198800000,66.60000000000001
111,0.740302567247732,0.36364456430381953,0.04492480019612711,0.15196155274021803,1800000,9000000,1209600000,67.20000000000002
112,0.7424433501184879,0.35915640065225357,0.04536771481060932,0.1514558575246794,1800000,9000000,1220400000,67.80000000000001
113,0.7428892855923803,0.3644099873186724,0.04488939931229746,0.1509518451535604,1800000,9000000,1231200000,68.4
114,0.7447516464988055,0.3510604340611464,0.044026643332589536,0.15044951002671828,1800000,9000000,1242000000,69.00000000000001
115,0.7421224125379168,0.35974004986083286,0.04261199372974615,0.14994884656264654,1800000,9000000,1252800000,69.60000000000001
116,0.7482189254595601,0.35399965443926296,0.043419429956385654,0.14944984919841262,1800000,9000000,1263600000,70.20000000000002
117,0.746298421016343,0.35309093950337667,0.04368853334563394,0.14895251238959623,1800000,9000000,1274400000,70.80000000000001
118,0.7476361697572302,0.3542597695279465,0.04268322764205498,0.1484568306102277,1800000,9000000,1285200000,71.4
119,0.7486109105335371,0.3481005011554079,0.04289785341538638,0.14796279835272666,1800000,9000000,1296000000,72.00000000000001
120,0.7495495907579799,0.3466360035391406,0.04201848757372665,0.14747041012784065,1800000,9000000,1306800000,72.60000000000001
121,0.7482912023937281,0.3516017249018763,0.04405421359229336,0.14697966046458436,1800000,9000000,1317600000,73.20000000000002
122,0.7523896421217495,0.3560348209377713,0.04118951944011831,0.14649054391017868,1800000,9000000,1328400000,73.80000000000001
123,0.7518904802782576,0.3467716991141849,0.042364804395187104,0.14600305502999028,1800000,9000000,1339200000,74.4
124,0.7519904178464364,0.34987423085651975,0.04393371520174502,0.14551718840747094,1800000,9000000,1350000000,75.00000000000001
125,0.75195006837906,0.34701137025931894,0.04179631982804783,0.14503293864409764,1800000,9000000,1360800000,75.60000000000001
126,0.7529953151879579,0.3450443679500876,0.04070856257628609,0.1445503003593125,1800000,9000000,1371600000,76.20000000000002
127,0.7518997236636493,0.3506683333244241,0.042679170441996574,0.14406926819046292,1800000,9000000,1382400000,76.80000000000001
128,0.7505336652716513,0.3520245153240285,0.04198138750798897,0.14358983679274215,1800000,9000000,1393200000,77.4
129,0.7515845827312653,0.3435759437008821,0.03952050148694521,0.14311200083912964,1800000,9000000,1404000000,78.00000000000001
130,0.7546248019483676,0.3368143184681004,0.04257473957861331,0.14263575502033213,1800000,9000000,1414800000,78.60000000000001
131,0.7579779016705738,0.3473357627052857,0.04125684003810447,0.14216109404472455,1800000,9000000,1425600000,79.20000000000002
132,0.7543421664273525,0.3468583393926124,0.041475665600188005,0.14168801263829112,1800000,9000000,1436400000,79.80000000000001
133,0.7573077147853251,0.3400139941418929,0.043586691035068924,0.14121650554456688,1800000,9000000,1447200000,80.4
134,0.7568858798286122,0.3435463853807642,0.03972571062195991,0.14074656752457937,1800000,9000000,1458000000,81.00000000000001
135,0.7591571280108781,0.3411099074222379,0.039915850902137694,0.14027819335679012,1800000,9000000,1468800000,81.60000000000001
136,0.7563765051942334,0.33927389214650117,0.04055413839029925,0.13981137783703693,1800000,9000000,1479600000,82.20000000000002
137,0.7553262287087124,0.3494012773111664,0.039422162162496145,0.13934611577847586,1800000,9000000,1490400000,82.80000000000001
138,0.7602145241431443,0.3396781091749362,0.042322049107977294,0.13888240201152371,1800000,9000000,1501200000,83.4
139,0.7580295754786288,0.33860847857499865,0.04096363574659467,0.13842023138380052,1800000,9000000,1512000000,84.00000000000001
140,0.7582665175614532,0.3453780110830705,0.03794300125428801,0.13795959876007233,1800000,9000000,1522800000,84.60000000000001
141,0.7628070479667772,0.33925046902047384,0.03833290411833174,0.13750049902219416,1800000,9000000,1533600000,85.20000000000002
142,0.7627885180787601,0.33428267326445626,0.041588870633258335,0.13704292706905308,1800000,9000000,1544400000,85.80000000000001
143,0.7609814451837261,0.33591094783561104,0.03776540662890091,0.13658687781651155,1800000,9000000,1555200000,86.4
144,0.7634767428377113,0.3336436511453872,0.04084598156296677,0.13613234619735098,1800000,9000000,1566000000,87.00000000000001
145,0.7609314766303324,0.3335363224545576,0.03719213843692845,0.1356793271612154,1800000,9000000,1576800000,87.60000000000001
146,0.7654304926096469,0.33276433296063507,0.03763083908073588,0.1352278156745552,1800000,9000000,1587600000,88.20000000000002
147,0.7623122442841858,0.3339352852063805,0.03959794925037244,0.13477780672057155,1800000,9000000,1598400000,88.80000000000001
148,0.7665313416585692,0.33199445122459975,0.037921461208543436,0.13432929529916027,1800000,9000000,1609200000,89.40000000000002
149,0.7669737277080309,0.3366741738104958,0.03850821372224424,0.13388227642685652,1800000,9000000,1620000000,90.00000000000001
150,0.7665788054842962,0.3362428067433195,0.03769597016717767,0.13343674513677936,1800000,9000000,1630800000,90.60000000000001
151,0.7657685128621147,0.332794397153315,0.03876842546256464,0.1329926964785765,1800000,9000000,1641600000,91.20000000000002
152,0.7664181091272363,0.3357638491183297,0.040169907245930135,0.13255012551836945,1800000,9000000,1652400000,91.80000000000001
153,0.7658583585217399,0.33524259605056206,0.03759832184841541,0.1321090273386985,1800000,9000000,1663200000,92.40000000000002
154,0.7668141778012768,0.3346879517912224,0.03892058225463009,0.13166939703846825,1800000,9000000,1674000000,93.00000000000001
155,0.7692674445132591,0.3260664721168331,0.03805442835367123,0.13123122973289303,1800000,9000000,1684800000,93.60000000000001
156,0.7677351048655611,0.3327509251783987,0.036932498674449955,0.13079452055344276,1800000,9000000,1695600000,94.20000000000002
157,0.7694528324819211,0.3317356495837484,0.03695142990437291,0.13035926464778871,1800000,9000000,1706400000,94.80000000000001
158,0.7700447778281223,0.33166096897815167,0.03838486835220081,0.12992545717974963,1800000,9000000,1717200000,95.40000000000002
159,0.7678163546559366,0.3345943857557867,0.038170582693489594,0.12949309332923814,1800000,9000000,1728000000,96.00000000000001
160,0.7713306725782532,0.3315791667919313,0.035776869622234635,0.129062168292207,1800000,9000000,1738800000,96.60000000000001
161,0.7688690695553113,0.33170741501649187,0.03632971908980025,0.1286326772805958,1800000,9000000,1749600000,97.20000000000002
162,0.7715075721275814,0.33350484389069446,0.03586476323890841,0.12820461552227772,1800000,9000000,1760400000,97.80000000000001
163,0.7697787100233956,0.3291424244878776,0.0358331007167998,0.12777797826100667,1800000,9000000,1771200000,98.40000000000002
164,0.7702178954681814,0.32575130448787054,0.038533571940410835,0.12735276075636423,1800000,9000000,1782000000,99.00000000000001
165,0.7729679035263542,0.3294361584146892,0.03560246433669327,0.12692895828370707,1800000,9000000,1792800000,99.60000000000001
166,0.7715753875515042,0.32830573100312077,0.03494029971257269,0.12650656613411448,1800000,9000000,1803600000,100.20000000000002
167,0.7724291379584262,0.3326181832209462,0.03716024251450867,0.12608557961433597,1800000,9000000,1814400000,100.80000000000001
168,0.7737810322942957,0.3271814283024636,0.035795216414961986,0.12566599404673928,1800000,9000000,1825200000,101.40000000000002
169,0.7727909022456066,0.3287906371558555,0.03584966589194456,0.12524780476925818,1800000,9000000,1836000000,102.00000000000001
170,0.7724245712341984,0.33023403821879294,0.035691395278589576,0.12483100713534084,1800000,9000000,1846800000,102.60000000000001
171,0.7707633363375853,0.3308169023143767,0.03603036408076457,0.12441559651389816,1800000,9000000,1857600000,103.20000000000002
172,0.7741419247150112,0.3271293496072202,0.0357429005329834,0.12400156828925231,1800000,9000000,1868400000,103.80000000000001
173,0.7726435261511256,0.32389115765479953,0.03423116669451467,0.12358891786108542,1800000,9000000,1879200000,104.40000000000002
174,0.7754631574230986,0.32470820222555336,0.03540730716054771,0.12317764064438845,1800000,9000000,1890000000,105.00000000000001
175,0.7737953836274839,0.32709288136794296,0.03488177503714082,0.12276773206941036,1800000,9000000,1900800000,105.60000000000002
176,0.7745739602969447,0.3284508652418547,0.035264050777515564,0.1223591875816072,1800000,9000000,1911600000,106.20000000000002
177,0.7758869211504045,0.3245470282858017,0.03313124419891483,0.12195200264159156,1800000,9000000,1922400000,106.80000000000001
178,0.7758032634470061,0.3193860019524129,0.03362411774623244,0.12154617272508213,1800000,9000000,1933200000,107.40000000000002
179,0.7775775081309886,0.32409043386263264,0.034617162127026355,0.12114169332285347,1800000,9000000,1944000000,108.00000000000001
180,0.7780646881673137,0.3179422219910838,0.03277861192804179,0.12073855994068583,1800000,9000000,1954800000,108.60000000000002
181,0.7779982318398151,0.32196462406217463,0.03334531956493296,0.12033676809931522,1800000,9000000,1965600000,109.20000000000002
182,0.7810741933859217,0.31666059039393113,0.03468562216143896,0.11993631333438377,1800000,9000000,1976400000,109.80000000000001
183,0.7779120778890799,0.32561307993559657,0.03446001812836035,0.11953719119638996,1800000,9000000,1987200000,110.40000000000002
184,0.7773039110504254,0.32920293220275504,0.03420273670321105,0.11913939725063923,1800000,9000000,1998000000,111.00000000000001
185,0.7770374557274081,0.32155411997505134,0.03479764835695968,0.11874292707719478,1800000,9000000,2008800000,111.60000000000002
186,0.7790644215098514,0.3217093731793495,0.03186399583091534,0.11834777627082839,1800000,9000000,2019600000,112.20000000000002
187,0.7801112510895739,0.3206124236024085,0.033203375989328585,0.11795394044097147,1800000,9000000,2030400000,112.80000000000001
188,0.7778164240920711,0.32703368162192925,0.03253792374235382,0.11756141521166627,1800000,9000000,2041200000,113.40000000000002
189,0.7779033879378127,0.326253027328557,0.03272998525853989,0.11717019622151738,1800000,9000000,2052000000,114.00000000000001
190,0.7784948051942204,0.32405442477362717,0.03290406839295594,0.11678027912364307,1800000,9000000,2062800000,114.60000000000002
191,0.7796726053059552,0.3208892752170156,0.03168957592630911,0.11639165958562711,1800000,9000000,2073600000,115.20000000000002
192,0.7796661272379907,0.31726305481478156,0.031975890217074976,0.11600433328947068,1800000,9000000,2084400000,115.80000000000001
193,0.7814518505014645,0.3191498010320498,0.0329224965487924,0.11561829593154425,1800000,9000000,2095200000,116.40000000000002
194,0.7814540714810264,0.3169879173249678,0.03173689544371738,0.11523354322253988,1800000,9000000,2106000000,117.00000000000001
195,0.7796251388474034,0.31892965421655084,0.03273104923664575,0.11485007088742354,1800000,9000000,2116800000,117.60000000000002
196,0.7796434693464799,0.3173612073461568,0.032944158187529084,0.11446787466538752,1800000,9000000,2127600000,118.20000000000002
197,0.7820359557815609,0.3160066659503846,0.03184290082994189,0.11408695030980319,1800000,9000000,2138400000,118.80000000000001
198,0.7830451400122541,0.3153882287366772,0.030059939401750724,0.11370729358817382,1800000,9000000,2149200000,119.40000000000002
199,0.7827927358737673,0.32054987320263745,0.03139990738454948,0.1133289002820875,1800000,9000000,2160000000,120.00000000000001
200,0.7824237373551824,0.3199466042975111,0.03365632901115795,0.11295176618717025,1800000,9000000,2170800000,120.60000000000002
201,0.7827070600728047,0.3193613125692488,0.030241276071106007,0.11257588711303934,1800000,9000000,2181600000,121.20000000000002
202,0.782021078074562,0.31623004060877513,0.030267343983397033,0.11220125888325679,1800000,9000000,2192400000,121.80000000000001
203,0.7820729176803496,0.3165374488292059,0.030905694845243657,0.11182787733528282,1800000,9000000,2203200000,122.40000000000002
204,0.7844011396573728,0.31790221607765384,0.03063562664977038,0.1114557383204297,1800000,9000000,2214000000,123.00000000000001
205,0.7827990870913536,0.310644317016773,0.030961272421689598,0.11108483770381573,1800000,9000000,2224800000,123.60000000000002
206,0.7825256167006792,0.31698412696766926,0.03109725038760363,0.11071517136431909,1800000,9000000,2235600000,124.20000000000002
207,0.783708073221287,0.31697929873672687,0.028947037993150942,0.11034673519453223,1800000,9000000,2246400000,124.80000000000001
208,0.7834229344987355,0.3162274917851005,0.02908231170054438,0.10997952510071608,1800000,9000000,2257200000,125.40000000000002
209,0.78394209457226,0.3183722710119852,0.02976372961860874,0.10961353700275477,1800000,9000000,2268000000,126.00000000000001
210,0.78261572145639,0.3094111097715241,0.029592037380748695,0.1092487668341101,1800000,9000000,2278800000,126.60000000000002
211,0.7843516781027268,0.32095529085169916,0.030894847510722946,0.10888521054177641,1800000,9000000,2289600000,127.20000000000002
212,0.7833335894999673,0.31205587399907897,0.03014921880501238,0.10852286408623565,1800000,9000000,2300400000,127.80000000000003
213,0.7840614615253998,0.3156110795222577,0.029605485084427622,0.10816172344141232,1800000,9000000,2311200000,128.4
214,0.786301373130174,0.3150747716802817,0.03144442416107442,0.1078017845946289,1800000,9000000,2322000000,129.00000000000003
215,0.7859845835661785,0.3136190328717456,0.02975604189257838,0.10744304354656116,1800000,9000000,2332800000,129.60000000000002
216,0.7844043752332682,0.31892762779433603,0.02895613065063737,0.10708549631119377,1800000,9000000,2343600000,130.20000000000002
217,0.7849431074998019,0.31164588690229905,0.02878538987571542,0.10672913891577596,1800000,9000000,2354400000,130.8
218,0.7870178790613874,0.310047996642972,0.030754832797080568,0.1063739674007775,1800000,9000000,2365200000,131.4
219,0.7849532907212977,0.31375632012594956,0.029304148333649038,0.10601997781984454,1800000,9000000,2376000000,132.00000000000003
220,0.7830400694226849,0.319164833304195,0.02889309002288472,0.10566716623975587,1800000,9000000,2386800000,132.60000000000002
221,0.7843930847992021,0.31781251952624573,0.028790044778127428,0.10531552874037918,1800000,9000000,2397600000,133.20000000000002
222,0.7820613895008424,0.3184765798875117,0.029146980698063273,0.10496506141462757,1800000,9000000,2408400000,133.8
223,0.7853571323390267,0.31817922623037553,0.02883086009156421,0.10461576036841601,1800000,9000000,2419200000,134.40000000000003
224,0.7862326236559398,0.31392008948969496,0.027925478817771656,0.10426762172061814,1800000,9000000,2430000000,135.00000000000003
225,0.7875076531925337,0.31030227921312004,0.029471540957587947,0.10392064160302324,1800000,9000000,2440800000,135.60000000000002
226,0.7856702953562503,0.31388302454150335,0.028333286546943347,0.10357481616029306,1800000,9000000,2451600000,136.20000000000002
227,0.7855893389672018,0.3178969678342583,0.027789670807193585,0.10323014154991914,1800000,9000000,2462400000,136.8
228,0.7840440356281336,0.31586482047008185,0.02932800592866507,0.10288661394218003,1800000,9000000,2473200000,137.40000000000003
229,0.7845177484909036,0.3149196239871092,0.027924068526085227,0.10254422952009878,1800000,9000000,2484000000,138.00000000000003
230,0.783395805119255,0.3138188394140129,0.027011257468363654,0.10220298447940052,1800000,9000000,2494800000,138.60000000000002
231,0.7856204371720197,0.3099548642478105,0.02835299910421726,0.10186287502847018,1800000,9000000,2505600000,139.20000000000002
232,0.7857704970002525,0.31048839304797,0.02675860186854829,0.10152389738831034,1800000,9000000,2516400000,139.8
233,0.7855138204312828,0.31428729681204454,0.028192635253722002,0.1011860477924993,1800000,9000000,2527200000,140.40000000000003
234,0.7807798903829419,0.3192111277686837,0.027913015512386476,0.10084932248714917,1800000,9000000,2538000000,141.00000000000003
235,0.7848754618160195,0.3156637732325378,0.02829318742107248,0.10051371773086425,1800000,9000000,2548800000,141.60000000000002
236,0.7843846611495636,0.31233282144884467,0.026485193910868197,0.1001792297946993,1800000,9000000,2559600000,142.20000000000002
237,0.7867600236230416,0.3105918497632038,0.02670981539031465,0.09984585496211829,1800000,9000000,2570400000,142.8
238,0.7850531007890026,0.3157975462876912,0.027760919664792702,0.09951358952895295,1800000,9000000,2581200000,143.40000000000003
239,0.7831638549485419,0.32190997048645636,0.02602913333415902,0.09918242980336175,1800000,9000000,2592000000,144.00000000000003
240,0.7858350889334956,0.3129737493226496,0.026688660662770557,0.09885237210578875,1800000,9000000,2602800000,144.60000000000002
241,0.782727082470313,0.31841589427797556,0.026640271263980796,0.09852341276892282,1800000,9000000,2613600000,145.20000000000002
242,0.7869074588984629,0.3121716640054955,0.02468978309129807,0.09819554813765684,1800000,9000000,2624400000,145.8
243,0.7803463831551152,0.32064236647362565,0.025517040914090378,0.09786877456904704,1800000,9000000,2635200000,146.40000000000003
244,0.7840773918067102,0.32167317198979883,0.024667953694064982,0.09754308843227269,1800000,9000000,2646000000,147.00000000000003
245,0.7847116378316744,0.31104233902295353,0.025754685866200038,0.09721848610859557,1800000,9000000,2656800000,147.60000000000002
246,0.7864248285179738,0.3091033697756674,0.02573984597097978,0.09689496399131985,1800000,9000000,2667600000,148.20000000000002
247,0.7845013917830779,0.3167858338032797,0.02492044193658828,0.09657251848575199,1800000,9000000,2678400000,148.8
248,0.7847269436761374,0.3195204268668751,0.02609076580291007,0.09625114600916085,1800000,9000000,2689200000,149.40000000000003
249,0.7826655337687034,0.3201740120819088,0.026286365229327383,0.09593084299073784,1800000,9000000,2700000000,150.00000000000003
250,0.7848424198508042,0.3160428589770734,0.026663329229224812,0.0956116058715572,1800000,9000000,2710800000,150.60000000000002
251,0.7840427487923313,0.31618672797374264,0.02602483410534359,0.0952934311045366,1800000,9000000,2721600000,151.20000000000002
252,0.7831927472330996,0.3162786051089847,0.024950349431500877,0.09497631515439754,1800000,9000000,2732400000,151.8
253,0.7826885873188141,0.31428033352133855,0.026080153349911928,0.0946602544976262,1800000,9000000,2743200000,152.40000000000003
254,0.7839132523672767,0.3166582829683675,0.02729131673083581,0.09434524562243425,1800000,9000000,2754000000,153.00000000000003
255,0.7837059050087719,0.31649085372530394,0.025211566369505937,0.09403128502871988,1800000,9000000,2764800000,153.60000000000002
256,0.7825923042792299,0.3191918943434722,0.025648511265440085,0.09371836922802874,1800000,9000000,2775600000,154.20000000000002
257,0.7853389422070495,0.3155291117841807,0.025883236276990455,0.09340649474351545,1800000,9000000,2786400000,154.8
258,0.7857133191563277,0.3197264969018859,0.024609214899932397,0.09309565810990474,1800000,9000000,2797200000,155.40000000000003
259,0.786050198691988,0.31394924557434944,0.02339363480390303,0.09278585587345302,1800000,9000000,2808000000,156.00000000000003
260,0.783450502811723,0.31667804660157306,0.025488013050357427,0.09247708459191002,1800000,9000000,2818800000,156.60000000000002
261,0.7845720094730464,0.3136910734192646,0.02578655800779615,0.09216934083448058,1800000,9000000,2829600000,157.20000000000002
262,0.7841632445253303,0.31949193708133644,0.024477174230422716,0.09186262118178642,1800000,9000000,2840400000,157.8
263,0.7852548424086591,0.31695583375602654,0.026218605892287535,0.09155692222582827,1800000,9000000,2851200000,158.40000000000003
264,0.7833331751701162,0.314421349230432,0.02317477877889484,0.0912522405699479,1800000,9000000,2862000000,159.00000000000003
265,0.7844957038351339,0.3172673375288532,0.02526603683590701,0.09094857282879044,1800000,9000000,2872800000,159.60000000000002
266,0.7825158983256016,0.32030900263499285,0.025890185822547186,0.09064591562826678,1800000,9000000,2883600000,160.20000000000002
267,0.7854779703339165,0.31545693137233327,0.025817260278562387,0.090344265605516,1800000,9000000,2894400000,160.8
268,0.7861732660025608,0.3143211718206117,0.025104491760403108,0.0900436194088681,1800000,9000000,2905200000,161.40000000000003
269,0.7843993825878507,0.31442755369426195,0.02425277852395959,0.08974397369780665,1800000,9000000,2916000000,162.00000000000003
270,0.7856378805269236,0.31628342429256967,0.023380666950238604,0.08944532514293181,1800000,9000000,2926800000,162.60000000000002
271,0.7830576426874287,0.31871892381189365,0.02299069437256121,0.08914767042592323,1800000,9000000,2937600000,163.20000000000002
272,0.7853267537677211,0.3155991640174434,0.024768334827652526,0.08885100623950319,1800000,9000000,2948400000,163.8
273,0.7842696151049598,0.3099790355400478,0.021482504396134548,0.08855532928739991,1800000,9000000,2959200000,164.40000000000003
274,0.7846126486879813,0.32033140577632147,0.021985519533143493,0.08826063628431091,1800000,9000000,2970000000,165.00000000000003
275,0.7826989914782947,0.3180413285021133,0.02382847677272211,0.08796692395586642,1800000,9000000,2980800000,165.60000000000002
276,0.7861979434205303,0.3229463986451679,0.023841973835269446,0.08767418903859311,1800000,9000000,2991600000,166.20000000000002
277,0.7827754309644082,0.3198160603893875,0.023580219247729923,0.0873824282798778,1800000,9000000,3002400000,166.8
278,0.7867739014937929,0.31282373913732653,0.025042165584178676,0.08709163843793126,1800000,9000000,3013200000,167.40000000000003
279,0.7790270607392837,0.31842887197920594,0.023535959382441768,0.08680181628175224,1800000,9000000,3024000000,168.00000000000003
280,0.7834672628224889,0.3141694098596664,0.02293774202012794,0.08651295859109161,1800000,9000000,3034800000,168.60000000000002
281,0.787017147130092,0.31341941733916306,0.021640988121534848,0.0862250621564165,1800000,9000000,3045600000,169.20000000000002
282,0.784253172786488,0.313794809212323,0.02283282137609789,0.08593812377887465,1800000,9000000,3056400000,169.8
283,0.7814768755792515,0.31943694106129367,0.02195370941680565,0.08565214027025891,1800000,9000000,3067200000,170.40000000000003
284,0.7826551435105784,0.31698825041022644,0.02379845134811026,0.08536710845297184,1800000,9000000,3078000000,171.00000000000003
285,0.7856975351851578,0.31443728171862917,0.022871112649820953,0.08508302515999028,1800000,9000000,3088800000,171.60000000000002
286,0.7846215545885232,0.3174543808400121,0.022797300809497226,0.08479988723483026,1800000,9000000,3099600000,172.20000000000002
287,0.7832738163129372,0.3175526077183989,0.021814173346616256,0.08451769153151197,1800000,9000000,3110400000,172.8
288,0.7859161074393659,0.3106237060140078,0.02274105150179259,0.08423643491452465,1800000,9000000,3121200000,173.40000000000003
289,0.7837276732081256,0.31418110888918016,0.02173544733758282,0.08395611425879189,1800000,9000000,3132000000,174.00000000000003
290,0.785723935414828,0.31588488650218594,0.020992393586693185,0.08367672644963688,1800000,9000000,3142800000,174.60000000000002
291,0.7842264386991948,0.3184311154392612,0.022496803105913437,0.08339826838274775,1800000,9000000,3153600000,175.20000000000002
292,0.7838087600189123,0.3143280921367723,0.02208302899301534,0.08312073696414307,1800000,9000000,3164400000,175.80000000000004
293,0.7827161343268942,0.3155826839877481,0.021436613881988843,0.08284412911013761,1800000,9000000,3175200000,176.40000000000003
294,0.7849093348362379,0.3124202125094298,0.023226469138449262,0.0825684417473079,1800000,9000000,3186000000,177.00000000000003
295,0.7863022080249862,0.31018396593802156,0.02299084305137813,0.08229367181245818,1800000,9000000,3196800000,177.60000000000002
296,0.7862263692044941,0.310585373541842,0.022126381448534387,0.08201981625258635,1800000,9000000,3207600000,178.20000000000002
297,0.7842258623468247,0.3154147029166884,0.021437272935710055,0.08174687202485005,1800000,9000000,3218400000,178.80000000000004
298,0.785578824316692,0.3118146750428126,0.021453524756306134,0.08147483609653282,1800000,9000000,3229200000,179.40000000000003
299,0.7847994708161643,0.31231584248774313,0.021286556735434496,0.08120370544501043,1800000,9000000,3240000000,180.00000000000003
300,0.7852273824516208,0.32006556312347084,0.019826731051140647,0.08093347705771732,1800000,9000000,3250800000,180.60000000000002
301,0.7848886973498908,0.31191852255219077,0.02158872228414855,0.08066414793211302,1800000,9000000,3261600000,181.20000000000002
302,0.7858260928818152,0.31555138097599233,0.021372353974233944,0.080395715075649,1800000,9000000,3272400000,181.80000000000004
303,0.7820838671907558,0.3188241623801709,0.020943877500210914,0.08012817550573513,1800000,9000000,3283200000,182.40000000000003
304,0.7843132955558367,0.31533014576313656,0.02143009021168883,0.0798615262497068,1800000,9000000,3294000000,183.00000000000003
305,0.7859050262806433,0.31417766871700387,0.02050693528086789,0.07959576434479178,1800000,9000000,3304800000,183.60000000000002
306,0.7842067532244736,0.31201600189359746,0.019321216260591193,0.07933088683807722,1800000,9000000,3315600000,184.20000000000002
307,0.7849127812948651,0.31583361723132997,0.01809817035746235,0.07906689078647704,1800000,9000000,3326400000,184.80000000000004
308,0.7858031832739489,0.3123489643771363,0.018533612636380255,0.07880377325669904,1800000,9000000,3337200000,185.40000000000003
309,0.7853550677107414,0.3170917408697345,0.02165732468686511,0.07854153132521242,1800000,9000000,3348000000,186.00000000000003
310,0.7836988566324753,0.31067926831514364,0.0199437533711933,0.07828016207821521,1800000,9000000,3358800000,186.60000000000002
311,0.7838375004010317,0.31229436713149106,0.020228796517269377,0.07801966261160202,1800000,9000000,3369600000,187.20000000000002
312,0.7847915646100813,0.3148954736869389,0.020443648668595733,0.07776003003093164,1800000,9000000,3380400000,187.80000000000004
313,0.7829344524067946,0.31745952701765034,0.019819662347405467,0.07750126145139492,1800000,9000000,3391200000,188.40000000000003
314,0.7833438869914323,0.31730339402054997,0.019492532001192844,0.07724335399778277,1800000,9000000,3402000000,189.00000000000003
315,0.7860051769925243,0.31576108336931813,0.02040179723111608,0.07698630480445418,1800000,9000000,3412800000,189.60000000000002
316,0.7840706476505562,0.31253802499677363,0.019202179084436912,0.07673011101530436,1800000,9000000,3423600000,190.20000000000002
317,0.7822870484512061,0.3149657003599438,0.019519874511804137,0.07647476978373298,1800000,9000000,3434400000,190.80000000000004
318,0.7836770573453645,0.32084396641153096,0.020386045085536816,0.07622027827261263,1800000,9000000,3445200000,191.40000000000003
319,0.7830076076465212,0.3166974517018997,0.019815666420297234,0.07596663365425728,1800000,9000000,3456000000,192.00000000000003
320,0.7867717378601099,0.3077187989714146,0.01809426937590058,0.07571383311039072,1800000,9000000,3466800000,192.60000000000002
321,0.7836971958941695,0.31299682965376735,0.020808132992451912,0.07546187383211546,1800000,9000000,3477600000,193.20000000000002
322,0.7828730807501477,0.31320416875883167,0.02047860824672615,0.07521075301988138,1800000,9000000,3488400000,193.80000000000004
323,0.7847690002420002,0.3163864200995688,0.018021524876407083,0.07496046788345459,1800000,9000000,3499200000,194.40000000000003
324,0.7843452058654877,0.31714356181732567,0.019854958161915168,0.0747110156418866,1800000,9000000,3510000000,195.00000000000003
325,0.7863738965250584,0.31438947168929865,0.01834761753949196,0.07446239352348329,1800000,9000000,3520800000,195.60000000000002
326,0.7846077344394855,0.31773374548628064,0.01883743861359508,0.07421459876577408,1800000,9000000,3531600000,196.20000000000002
327,0.7851402752489167,0.30999117209036137,0.0168419911665627,0.07396762861548134,1800000,9000000,3542400000,196.80000000000004
328,0.7831753900451331,0.31589351049001085,0.019314842224505947,0.07372148032848977,1800000,9000000,3553200000,197.40000000000003
329,0.7837401691323094,0.32032893411106206,0.018641835652243824,0.07347615116981583,1800000,9000000,3564000000,198.00000000000003
330,0.7833609329898249,0.311260019117427,0.0177661781831251,0.07323163841357751,1800000,9000000,3574800000,198.60000000000002
331,0.7839249994417671,0.31594063371103587,0.018054030972393147,0.07298793934296385,1800000,9000000,3585600000,199.20000000000002
332,0.785963499594601,0.31507575669129184,0.018758074600214173,0.0727450512502049,1800000,9000000,3596400000,199.80000000000004
333,0.7848855268424058,0.3196133360500326,0.01707523029138248,0.0725029714365416,1800000,9000000,3607200000,200.40000000000003
334,0.784204136357125,0.31669891044438636,0.01758468370450439,0.07226169721219572,1800000,9000000,3618000000,201.00000000000003
335,0.7823034778388904,0.3185586382720024,0.0194845911825789,0.07202122589634008,1800000,9000000,3628800000,201.60000000000002
336,0.7843058727681306,0.3144966395234562,0.01860585720759491,0.07178155481706869,1800000,9000000,3639600000,202.20000000000002
337,0.785699540486191,0.31201999856930124,0.020323687544219062,0.0715426813113671,1800000,9000000,3650400000,202.80000000000004
338,0.7856959868710458,0.3133288703683584,0.016892467073889535,0.07130460272508277,1800000,9000000,3661200000,203.40000000000003
339,0.7867942773868177,0.3145699306822728,0.017603756919921013,0.07106731641289565,1800000,9000000,3672000000,204.00000000000003
340,0.7842057306384318,0.3104652301546576,0.019001683642308392,0.0708308197382887,1800000,9000000,3682800000,204.60000000000002
341,0.7845294609788522,0.319443352145837,0.018517001902467082,0.07059511007351867,1800000,9000000,3693600000,205.20000000000002
342,0.7834021501539478,0.3170366161162499,0.01846946953667909,0.07036018479958688,1800000,9000000,3704400000,205.80000000000004
343,0.7840917086006686,0.31179531411958566,0.01913987244473944,0.07012604130621002,1800000,9000000,3715200000,206.40000000000003
344,0.7829439066400581,0.31231687276375864,0.015900596186208486,0.06989267699179139,1800000,9000000,3726000000,207.00000000000003
345,0.7824125660617193,0.3193941635994677,0.018215766599274114,0.06966008926339172,1800000,9000000,3736800000,207.60000000000002
346,0.7826211449784745,0.32048192328684605,0.019093178187083226,0.06942827553670051,1800000,9000000,3747600000,208.20000000000002
347,0.7842883081184019,0.31823593461530886,0.017854106336529636,0.06919723323600736,1800000,9000000,3758400000,208.80000000000004
348,0.7834690953158246,0.31731744964894837,0.018174235289554693,0.06896695979417317,1800000,9000000,3769200000,209.40000000000003
349,0.7853309012595452,0.3154092397625749,0.0188534800312909,0.06873745265260178,1800000,9000000,3780000000,210.00000000000003
350,0.7832091723882025,0.31517698254064036,0.015931544391671743,0.06850870926121148,1800000,9000000,3790800000,210.60000000000002
351,0.7856076753144139,0.3150062380226025,0.01705855768913043,0.06828072707840671,1800000,9000000,3801600000,211.20000000000005
352,0.7837156536958623,0.32181223300442247,0.017396627534333877,0.06805350357104971,1800000,9000000,3812400000,211.80000000000004
353,0.7853890790470803,0.317159100265539,0.016883315421523545,0.06782703621443252,1800000,9000000,3823200000,212.40000000000003
354,0.7866438347126985,0.31373238251949215,0.01569888399971091,0.06760132249224887,1800000,9000000,3834000000,213.00000000000003
355,0.7833703683824196,0.3164301686678012,0.017553393373391554,0.06737635989656618,1800000,9000000,3844800000,213.60000000000002
356,0.7848433765493573,0.31602363117057086,0.016809883434416105,0.06715214592779772,1800000,9000000,3855600000,214.20000000000005
357,0.7870896731763667,0.31303356232436014,0.01812921279710409,0.0669286780946749,1800000,9000000,3866400000,214.80000000000004
358,0.7849274248333677,0.3129372344609772,0.01649150804080854,0.06670595391421945,1800000,9000000,3877200000,215.40000000000003
359,0.7860757663279194,0.30729527334394424,0.017080510339732624,0.066483970911716,1800000,9000000,3888000000,216.00000000000003
360,0.7853171226346153,0.3164674363012087,0.016920792285407823,0.06626272662068447,1800000,9000000,3898800000,216.60000000000002
361,0.7877286289570921,0.31772564147798976,0.018662975361870296,0.06604221858285264,1800000,9000000,3909600000,217.20000000000005
362,0.7855938770766655,0.31145068105131435,0.018015300129332716,0.06582244434812895,1800000,9000000,3920400000,217.80000000000004
363,0.7852660366369957,0.31637169950658073,0.01780408670509148,0.06560340147457523,1800000,9000000,3931200000,218.40000000000003
364,0.7846366720100455,0.3121061754388161,0.016735617858478463,0.06538508752837947,1800000,9000000,3942000000,219.00000000000003
365,0.7847613986807304,0.31847565267092964,0.016660983009015525,0.06516750008382895,1800000,9000000,3952800000,219.60000000000002
366,0.7855363465891371,0.3062475665307813,0.01605484951030916,0.06495063672328313,1800000,9000000,3963600000,220.20000000000005
367,0.7863024449082805,0.31613115941867287,0.015000764798212916,0.0647344950371469,1800000,9000000,3974400000,220.80000000000004
368,0.7828266769452593,0.31814524106112313,0.01481400927587919,0.06451907262384375,1800000,9000000,3985200000,221.40000000000003
369,0.7813699591621155,0.3248682620022067,0.014613702090151582,0.06430436708978908,1800000,9000000,3996000000,222.00000000000003
370,0.7844994722801225,0.3152316681991041,0.017790666135124464,0.06409037604936363,1800000,9000000,4006800000,222.60000000000002
371,0.782835045221781,0.3214276094173634,0.016907924921532248,0.063877097124887,1800000,9000000,4017600000,223.20000000000005
372,0.7818094890750135,0.32523965523651954,0.01710474644507627,0.06366452794659114,1800000,9000000,4028400000,223.80000000000004
373,0.7872315156438862,0.31152208958398014,0.014300313587395821,0.06345266615259412,1800000,9000000,4039200000,224.40000000000003
374,0.7867939809336972,0.31345645586009513,0.014033051965099363,0.06324150938887384,1800000,9000000,4050000000,225.00000000000003
375,0.7827656484220185,0.3139663195243227,0.016532581989011266,0.06303105530924182,1800000,9000000,4060800000,225.60000000000002
376,0.7869867377206888,0.3182341026345706,0.01544916574516321,0.06282130157531728,1800000,9000000,4071600000,226.20000000000005
377,0.7854148981333209,0.31396176831972,0.015346663441061703,0.06261224585650099,1800000,9000000,4082400000,226.80000000000004
378,0.7838503150624502,0.31877928462087485,0.01581823770398145,0.06240388582994949,1800000,9000000,4093200000,227.40000000000003
379,0.7819095857516294,0.3169748073408763,0.014489591257515186,0.06219621918054922,1800000,9000000,4104000000,228.00000000000003
380,0.7843392816723722,0.318940322378439,0.015824434837244487,0.061989243600890837,1800000,9000000,4114800000,228.60000000000002
381,0.7837554804656613,0.314091409443948,0.013404832961754706,0.06178295679124355,1800000,9000000,4125600000,229.20000000000005
382,0.7856518366214934,0.3168518986931363,0.01578356520157523,0.06157735645952957,1800000,9000000,4136400000,229.80000000000004
383,0.7858054714149189,0.31774172148798646,0.014563826461484559,0.061372440321298655,1800000,9000000,4147200000,230.40000000000003
384,0.7854705466502235,0.3192355296669693,0.014502828701138424,0.06116820609970271,1800000,9000000,4158000000,231.00000000000003
385,0.7845986148717549,0.31807347681171794,0.016195706186840807,0.0609646515254705,1800000,9000000,4168800000,231.60000000000002
386,0.7840739180901578,0.31395662536174257,0.014647153623516526,0.060761774336882464,1800000,9000000,4179600000,232.20000000000005
387,0.7826501494653392,0.323325999072292,0.015723940708841866,0.06055957227974552,1800000,9000000,4190400000,232.80000000000004
388,0.7861125114031382,0.3168470278247226,0.014279357426311999,0.06035804310736805,1800000,9000000,4201200000,233.40000000000003
389,0.7836821710416447,0.31165302595236105,0.015693001114300647,0.060157184580534956,1800000,9000000,4212000000,234.00000000000003
390,0.7839744569287822,0.32208230620997064,0.014003240984038,0.05995699446748277,1800000,9000000,4222800000,234.60000000000002
391,0.7878246327793822,0.31502837513743026,0.015397844232783982,0.05975747054387485,1800000,9000000,4233600000,235.20000000000005
392,0.7859913970991449,0.31640577003790415,0.014829972382884887,0.05955861059277665,1800000,9000000,4244400000,235.80000000000004
393,0.7851819378886981,0.3166833348248344,0.016242596976390595,0.0593604124046311,1800000,9000000,4255200000,236.40000000000003
394,0.7867650741048364,0.3120268903786185,0.012877364027776329,0.0591628737772341,1800000,9000000,4266000000,237.00000000000003
395,0.7852651526840839,0.3157643454536067,0.01447076493402907,0.05896599251570996,1800000,9000000,4276800000,237.60000000000002
396,0.7871197271895756,0.31182000801506654,0.014630328693464905,0.058769766432487075,1800000,9000000,4287600000,238.20000000000005
397,0.7824948846086875,0.3179786223545425,0.015239654463365426,0.05857419334727365,1800000,9000000,4298400000,238.80000000000004
398,0.7832254834211482,0.31621855487282574,0.015054900432659996,0.05837927108703333,1800000,9000000,4309200000,239.40000000000003
399,0.7844153991604383,0.3096543187955771,0.013813190351803156,0.05818499748596127,1800000,9000000,4320000000,240.00000000000003
400,0.7836523168600293,0.3224848102913809,0.016252672432904097,0.05799137038545989,1800000,9000000,4330800000,240.60000000000002
401,0.7865919052934399,0.3108816019476112,0.013669342121289351,0.05779838763411496,1800000,9000000,4341600000,241.20000000000005
402,0.7849152033998351,0.31026101709777004,0.014829783140117805,0.05760604708767172,1800000,9000000,4352400000,241.80000000000004
403,0.7829639242450355,0.3250844742564493,0.01397360067721757,0.057414346609011,1800000,9000000,4363200000,242.40000000000003
404,0.7862786678374176,0.31420761586877916,0.013732730103775848,0.05722328406812549,1800000,9000000,4374000000,243.00000000000003
405,0.7806241065567646,0.31987612546513566,0.013431971032809692,0.05703285734209613,1800000,9000000,4384800000,243.60000000000002
406,0.7847002986784584,0.31290795000248,0.014098363723348979,0.05684306431506844,1800000,9000000,4395600000,244.20000000000005
407,0.783044662151694,0.32081529493216904,0.014449093752133128,0.05665390287822906,1800000,9000000,4406400000,244.80000000000004
408,0.7837404110005851,0.3125160697173464,0.015967693112369803,0.056465370929782294,1800000,9000000,4417200000,245.40000000000003
409,0.787719084017752,0.3107985216330826,0.012217457983659214,0.05627746637492678,1800000,9000000,4428000000,246.00000000000003
410,0.782797176220665,0.3179516091090916,0.01534573671714929,0.05609018712583219,1800000,9000000,4438800000,246.60000000000002
411,0.7883836952933786,0.30900743061410246,0.013394188428624281,0.05590353110161606,1800000,9000000,4449600000,247.20000000000005
412,0.7841411216400652,0.30969555509020985,0.013639985806446604,0.05571749622832065,1800000,9000000,4460400000,247.80000000000004
413,0.7835182520592423,0.31987575716075717,0.015654206000016373,0.05553208043888989,1800000,9000000,4471200000,248.40000000000003
414,0.7832415917195159,0.32212009733529,0.012047801896591603,0.05534728167314643,1800000,9000000,4482000000,249.00000000000003
415,0.7840383351825732,0.3184310447432336,0.012786490698255762,0.05516309787776877,1800000,9000000,4492800000,249.60000000000002
416,0.7868730532122543,0.3159257138259895,0.01398418280205682,0.05497952700626836,1800000,9000000,4503600000,250.20000000000005
417,0.7872801134845137,0.30912866681915463,0.013535842683602735,0.054796567018967006,1800000,9000000,4514400000,250.80000000000004
418,0.784872134055822,0.3162333040234343,0.012047700249990138,0.05461421588297405,1800000,9000000,4525200000,251.40000000000003
419,0.7847858131225126,0.3098420632366834,0.013285878692582359,0.05443247157216389,1800000,9000000,4536000000,252.00000000000003
420,0.7844314031813401,0.3152834488891131,0.013326005702711792,0.05425133206715343,1800000,9000000,4546800000,252.60000000000005
421,0.7863681902434092,0.31705859693076444,0.013995380294659503,0.05407079535527962,1800000,9000000,4557600000,253.20000000000005
422,0.7852610370799892,0.3143698325148975,0.01194251958225337,0.05389085943057717,1800000,9000000,4568400000,253.80000000000004
423,0.7842122217081255,0.31777690603952746,0.011357424800646752,0.05371152229375616,1800000,9000000,4579200000,254.40000000000003
424,0.7860399740897164,0.31170836420991244,0.012080432481005784,0.053532781952179885,1800000,9000000,4590000000,255.00000000000003
425,0.7847441983850755,0.3184993580622004,0.0129935219404133,0.05335463641984271,1800000,9000000,4600800000,255.60000000000005
426,0.7845403036855897,0.31891207577941777,0.01293747806717899,0.05317708371734802,1800000,9000000,4611600000,256.20000000000005
427,0.7840978381761723,0.3141339219463032,0.012108754603119345,0.05300012187188616,1800000,9000000,4622400000,256.8
428,0.7828223476208648,0.31892394060699847,0.01168140564801256,0.05282374891721258,1800000,9000000,4633200000,257.40000000000003
429,0.7837340946762856,0.31667131708182467,0.012550148516261723,0.052647962893626,1800000,9000000,4644000000,258.00000000000006
430,0.7837601190685055,0.31387947188461635,0.012911825372925614,0.05247276184794653,1800000,9000000,4654800000,258.6
431,0.7834364894382934,0.3184847034247461,0.012578620719108409,0.05229814383349411,1800000,9000000,4665600000,259.20000000000005
432,0.7836841274604034,0.31631028604541656,0.01055509183120635,0.05212410691006679,1800000,9000000,4676400000,259.8
433,0.7867648980980217,0.3108739316622165,0.012865948586217849,0.051950649143919156,1800000,9000000,4687200000,260.40000000000003
434,0.7795337072613582,0.31800290453449054,0.011990639287996787,0.05177776860774092,1800000,9000000,4698000000,261.00000000000006
435,0.7865704492989226,0.3121976396031473,0.012291965329428337,0.051605463380635486,1800000,9000000,4708800000,261.6
436,0.7844782596436951,0.31739291719695967,0.01166624208157497,0.05143373154809852,1800000,9000000,4719600000,262.20000000000005
437,0.7825698374162202,0.3146980097385673,0.012518003704659882,0.051262571201996794,1800000,9000000,4730400000,262.8
438,0.7860517159126618,0.31548708783155394,0.0116318241064273,0.05109198044054694,1800000,9000000,4741200000,263.40000000000003
439,0.7842536192405803,0.3121551413548404,0.011192559733070073,0.05092195736829428,1800000,9000000,4752000000,264.00000000000006
440,0.782868097463122,0.3193690535409959,0.01156996645512434,0.05075250009609183,1800000,9000000,4762800000,264.6
441,0.7862044707599557,0.31756261383480644,0.010825521528390416,0.05058360674107924,1800000,9000000,4773600000,265.20000000000005
442,0.7866544685010108,0.31391334011398453,0.011905167335793328,0.05041527542666197,1800000,9000000,4784400000,265.8
443,0.7842795724515126,0.3155312305359101,0.011699678463221317,0.05024750428249035,1800000,9000000,4795200000,266.40000000000003
444,0.7853438517100043,0.3143899190294187,0.0111971568114896,0.050080291444438804,1800000,9000000,4806000000,267.00000000000006
445,0.7836449957903017,0.3135733523024409,0.011846743101938548,0.0499136350545852,1800000,9000000,4816800000,267.6
446,0.7828125137283135,0.32080792200507147,0.0110401881331444,0.04974753326119018,1800000,9000000,4827600000,268.20000000000005
447,0.7851204002401219,0.3189474841651427,0.011798907976700695,0.04958198421867652,1800000,9000000,4838400000,268.80000000000007
448,0.787419988975359,0.3084208369837136,0.010641341606027647,0.04941698608760872,1800000,9000000,4849200000,269.40000000000003
449,0.7830135553271238,0.31384535222828563,0.009732727709269435,0.04925253703467255,1800000,9000000,4860000000,270.00000000000006
450,0.7881496364650654,0.30933287117797587,0.012401831904363452,0.04908863523265456,1800000,9000000,4870800000,270.6
451,0.7853002017916799,0.31644655469962285,0.011112500525661994,0.04892527886042197,1800000,9000000,4881600000,271.20000000000005
452,0.7837762808283802,0.31633694710099064,0.011639162751492042,0.048762466102902295,1800000,9000000,4892400000,271.80000000000007
453,0.7839047105063471,0.3152531757469406,0.013085303348374613,0.0486001951510632,1800000,9000000,4903200000,272.40000000000003
454,0.7864757047361999,0.31306187155094356,0.009082194663889424,0.04843846420189246,1800000,9000000,4914000000,273.00000000000006
455,0.7852367050538063,0.31481857850761036,0.010621865864767792,0.04827727145837786,1800000,9000000,4924800000,273.6
456,0.784277076685579,0.3189706156774265,0.01179974206864183,0.04811661512948724,1800000,9000000,4935600000,274.20000000000005
457,0.7848677334918158,0.3184648456874627,0.013199163002369143,0.047956493430148656,1800000,9000000,4946400000,274.80000000000007
458,0.7838911406111171,0.3174270034948806,0.011173866348707899,0.047796904581230454,1800000,9000000,4957200000,275.40000000000003
459,0.7847735490831032,0.3130535970784543,0.011807622644575612,0.04763784680952156,1800000,9000000,4968000000,276.00000000000006
460,0.7829536795240586,0.3215003360493767,0.0130005357989923,0.04747931834771174,1800000,9000000,4978800000,276.6
461,0.7836743080959857,0.3171201311754414,0.011452074718383509,0.04732131743437206,1800000,9000000,4989600000,277.20000000000005
462,0.7848539508546886,0.3158745331664439,0.011011146833444249,0.047163842313935146,1800000,9000000,5000400000,277.80000000000007
463,0.7852458695195303,0.31793531701216493,0.01063200902241199,0.04700689123667585,1800000,9000000,5011200000,278.40000000000003
464,0.7846423371528587,0.3169827321997591,0.011060959444438006,0.04685046245869167,1800000,9000000,5022000000,279.00000000000006
465,0.7841878114210749,0.31435037752699907,0.009683661209884797,0.04669455424188347,1800000,9000000,5032800000,279.6
466,0.7858719930894771,0.3174625194250012,0.008826870165419243,0.04653916485393615,1800000,9000000,5043600000,280.20000000000005
467,0.784525922120011,0.31334760847683546,0.010334799512812543,0.046384292568299325,1800000,9000000,5054400000,280.80000000000007
468,0.7870816617521427,0.3086451996343426,0.010284066114316653,0.04622993566416824,1800000,9000000,5065200000,281.40000000000003
469,0.7852274979876387,0.31597657408382473,0.010476735535598318,0.046076092426464606,1800000,9000000,5076000000,282.00000000000006
470,0.7838567482738434,0.3139756626324,0.011706670904637324,0.04592276114581752,1800000,9000000,5086800000,282.6
471,0.7856795865986962,0.31652678838575093,0.010411355204958173,0.0457699401185445,1800000,9000000,5097600000,283.20000000000005
472,0.7845526493488839,0.31849720469939014,0.011804913553530156,0.04561762764663259,1800000,9000000,5108400000,283.80000000000007
473,0.7844382194009707,0.3181469555173524,0.009495484826864067,0.045465822037719386,1800000,9000000,5119200000,284.40000000000003
474,0.7851416741283437,0.31947523525798777,0.010406782734480471,0.045314521605074355,1800000,9000000,5130000000,285.00000000000006
475,0.7852599836823896,0.3172833750320503,0.010664643387165855,0.04516372466758004,1800000,9000000,5140800000,285.6
476,0.7840315028550014,0.3143813099814086,0.009867308603951028,0.04501342954971334,1800000,9000000,5151600000,286.20000000000005
477,0.7844907392488862,0.31419338775832106,0.011307473398581517,0.04486363458152695,1800000,9000000,5162400000,286.80000000000007
478,0.7848940939249768,0.31654460195983036,0.009501288799346886,0.044714338098630825,1800000,9000000,5173200000,287.40000000000003
479,0.7847762523559085,0.3127789210982214,0.010691591597141411,0.04456553844217358,1800000,9000000,5184000000,288.00000000000006
480,0.784183813307137,0.3170164149643479,0.009948256930437988,0.04441723395882419,1800000,9000000,5194800000,288.6
481,0.7847022721803786,0.31639820689911863,0.009707406489188775,0.04426942300075353,1800000,9000000,5205600000,289.20000000000005
482,0.786343693284445,0.31430747850258695,0.010901222069761008,0.04412210392561611,1800000,9000000,5216400000,289.80000000000007
483,0.7874141419935096,0.30839925326666884,0.00968722652747437,0.04397527509653179,1800000,9000000,5227200000,290.40000000000003
484,0.7848210733615075,0.3112377406015048,0.010165724220174041,0.043828934882067634,1800000,9000000,5238000000,291.00000000000006
485,0.7852196667545801,0.31258165604039506,0.013205454811310772,0.043683081656219744,1800000,9000000,5248800000,291.6
486,0.7811542165290465,0.31772740766366936,0.010480306606637462,0.043537713798395224,1800000,9000000,5259600000,292.20000000000005
487,0.7859428308994072,0.3127798159266349,0.01020656843039328,0.04339282969339417,1800000,9000000,5270400000,292.80000000000007
488,0.7845603488833802,0.31130144833002704,0.010123471077111992,0.04324842773139169,1800000,9000000,5281200000,293.40000000000003
489,0.7853798126374354,0.30986613938182983,0.009881095094521434,0.04310450630792006,1800000,9000000,5292000000,294.00000000000006
490,0.7825315582414342,0.3168222841039051,0.009241404785538554,0.04296106382385086,1800000,9000000,5302800000,294.6
491,0.7857089099041848,0.3140592178714071,0.009181397106795724,0.042818098685377254,1800000,9000000,5313600000,295.20000000000005
492,0.7857923195861147,0.3191738457147811,0.008503566215421553,0.04267560930399622,1800000,9000000,5324400000,295.80000000000007
493,0.784736088825585,0.31539386261837626,0.01220172372506555,0.04253359409649095,1800000,9000000,5335200000,296.40000000000003
494,0.7862353338261513,0.3138677213483727,0.010344906625106788,0.04239205148491322,1800000,9000000,5346000000,297.00000000000006
495,0.784057367891362,0.31789849090462113,0.009599280169624231,0.04225097989656591,1800000,9000000,5356800000,297.6
496,0.7828472636055935,0.31989488280161515,0.010530330642194222,0.042110377763985456,1800000,9000000,5367600000,298.20000000000005
497,0.7856730454161742,0.31969774371181303,0.008884074617006592,0.041970243524924504,1800000,9000000,5378400000,298.80000000000007
498,0.7860466146693307,0.315106165889909,0.009517807697290999,0.04183057562233452,1800000,9000000,5389200000,299.40000000000003
499,0.7808462283609388,0.3224598078600217,0.008175424861234534,0.04169137250434846,1800000,9000000,5400000000,300.00000000000006
500,0.7853458467984906,0.3194438588121609,0.010003788433035813,0.041552632624263605,1800000,9000000,5410800000,300.6
501,0.7838704522171384,0.31291331728225097,0.010293139713984545,0.0414143544405243,1800000,9000000,5421600000,301.20000000000005
502,0.7849152091005298,0.3176627198983402,0.007882631411491871,0.04127653641670483,1800000,9000000,5432400000,301.80000000000007
503,0.7862195000855421,0.31473466996698174,0.009952169139009873,0.04113917702149243,1800000,9000000,5443200000,302.40000000000003
504,0.7836096359540073,0.31859233042951984,0.009170657989970169,0.04100227472867019,1800000,9000000,5454000000,303.00000000000006
505,0.7848076008685402,0.3119038280166598,0.009272531874027053,0.0408658280171001,1800000,9000000,5464800000,303.6
506,0.7846912708367589,0.3157521110731951,0.008524676132878462,0.04072983537070618,1800000,9000000,5475600000,304.20000000000005
507,0.7867361595126459,0.3179253184844422,0.009506272614225916,0.04059429527845764,1800000,9000000,5486400000,304.80000000000007
508,0.7849414646579104,0.3126908198961296,0.008629102151308587,0.04045920623435205,1800000,9000000,5497200000,305.40000000000003
509,0.7863005481267896,0.31575048053188387,0.010438374500647133,0.040324566737398634,1800000,9000000,5508000000,306.00000000000006
510,0.7844905682435961,0.3111594261543998,0.010136265032044747,0.040190375291601625,1800000,9000000,5518800000,306.6
511,0.7849204040607086,0.3127623268712464,0.007905874617480586,0.04005663040594355,1800000,9000000,5529600000,307.20000000000005
512,0.7842801360879292,0.3153780400757587,0.009538890053147436,0.03992333059436875,1800000,9000000,5540400000,307.80000000000007
513,0.7814901340635232,0.31470953959580816,0.009538127104029367,0.03979047437576686,1800000,9000000,5551200000,308.40000000000003
514,0.7837668230754481,0.316069523951737,0.009473705796454178,0.039658060273956276,1800000,9000000,5562000000,309.00000000000006
515,0.7854709242751523,0.3142783184325267,0.007903610575982949,0.039526086817667866,1800000,9000000,5572800000,309.6
516,0.7853646695725895,0.3085133052155904,0.008251883846949087,0.03939455254052851,1800000,9000000,5583600000,310.20000000000005
517,0.7851709816976329,0.31929068196103283,0.007724458352127489,0.039263455981044894,1800000,9000000,5594400000,310.80000000000007
518,0.7875616517547356,0.3144832034072491,0.010211436786129215,0.039132795682587256,1800000,9000000,5605200000,311.40000000000003
519,0.7850656829031161,0.31472474264117417,0.008226114862540249,0.03900257019337312,1800000,9000000,5616000000,312.00000000000006
520,0.7840405933124837,0.3168300591674412,0.010137820894467396,0.03887277806645128,1800000,9000000,5626800000,312.6
521,0.7857885914032097,0.3157447322963035,0.009100062883115498,0.03874341785968567,1800000,9000000,5637600000,313.20000000000005
522,0.785993318567483,0.3158040565655094,0.007542963992673497,0.03861448813573931,1800000,9000000,5648400000,313.80000000000007
523,0.7877889203783744,0.31444152607049225,0.010532253759700495,0.0384859874620584,1800000,9000000,5659200000,314.40000000000003
524,0.7851482090338034,0.31574867208596735,0.006748946645534571,0.03835791441085635,1800000,9000000,5670000000,315.00000000000006
525,0.7867497759480347,0.3168835659165911,0.008858843646298726,0.03823026755909793,1800000,9000000,5680800000,315.6
526,0.7842189775896456,0.3169166933075385,0.008074460124784695,0.038103045488483485,1800000,9000000,5691600000,316.20000000000005
527,0.7842278253173128,0.31969522078641077,0.0072352698294591705,0.03797624678543314,1800000,9000000,5702400000,316.80000000000007
528,0.7862741972823603,0.31616118685019823,0.011297469352800543,0.03784987004107112,1800000,9000000,5713200000,317.40000000000003
529,0.7842482141732633,0.31641207172989355,0.009908669831893542,0.03772391385121006,1800000,9000000,5724000000,318.00000000000006
530,0.7840595678739504,0.3146474116854157,0.006752544796529739,0.03759837681633546,1800000,9000000,5734800000,318.6
531,0.784672029264218,0.31658789909804697,0.009375640385311527,0.037473257541590074,1800000,9000000,5745600000,319.20000000000005
532,0.7867729938283933,0.3099645486100822,0.007021087216262003,0.03734855463675846,1800000,9000000,5756400000,319.80000000000007
533,0.7823169897048932,0.3143712408991344,0.009170919930191255,0.037224266716251495,1800000,9000000,5767200000,320.40000000000003
534,0.7864855787267689,0.31741578147275773,0.00928949572852838,0.037100392399091006,1800000,9000000,5778000000,321.00000000000006
535,0.7835310881098269,0.3214304481069177,0.009851788425832876,0.03697693030889443,1800000,9000000,5788800000,321.6
536,0.7853469139460019,0.3155936872712385,0.009375218986729534,0.03685387907385949,1800000,9000000,5799600000,322.20000000000005
537,0.7836402781825471,0.31609502088942654,0.008310584427616983,0.036731237326748954,1800000,9000000,5810400000,322.80000000000007
538,0.7820311919573064,0.3161792043750194,0.009202031579090815,0.036609003704875506,1800000,9000000,5821200000,323.40000000000003
539,0.7850426622316136,0.311440995455125,0.009259889541402444,0.036487176850086525,1800000,9000000,5832000000,324.00000000000006
540,0.7842386968866499,0.3169802709350644,0.0077849814178085905,0.036365755408749034,1800000,9000000,5842800000,324.6
541,0.7837701323398272,0.3171473198352621,0.008378421123991021,0.036244738031734676,1800000,9000000,5853600000,325.20000000000005
542,0.782938005423947,0.3133684914639268,0.007820626999888641,0.03612412337440466,1800000,9000000,5864400000,325.80000000000007
543,0.7865486581385408,0.3186226927897509,0.00860454891734718,0.03600391009659489,1800000,9000000,5875200000,326.40000000000003
544,0.784995918208212,0.3130894815895992,0.007839410434140838,0.035884096862601064,1800000,9000000,5886000000,327.00000000000006
545,0.7836685299048398,0.31701503412746773,0.007483439443272657,0.03576468234116376,1800000,9000000,5896800000,327.6
546,0.7843097504667769,0.31877770045810544,0.007499737753836813,0.035645665205453765,1800000,9000000,5907600000,328.20000000000005
547,0.783174622912243,0.31049449513163146,0.008640723953097581,0.035527044133057226,1800000,9000000,5918400000,328.80000000000007
548,0.78295218893191,0.31874629041711794,0.007476331375228481,0.035408817805960995,1800000,9000000,5929200000,329.40000000000003
549,0.7855911003784831,0.315593864748236,0.006540584635751466,0.035290984910538004,1800000,9000000,5940000000,330.00000000000006
550,0.7866300792816134,0.3165254657458429,0.00870705884626973,0.03517354413753266,1800000,9000000,5950800000,330.6
551,0.7852859206193816,0.3148248956726616,0.00740785385121415,0.03505649418204626,1800000,9000000,5961600000,331.20000000000005
552,0.7839040632923406,0.3153626882616075,0.00813152664471405,0.03493983374352255,1800000,9000000,5972400000,331.80000000000007
553,0.7830319401291672,0.31662828923019365,0.00692808526120183,0.03482356152573324,1800000,9000000,5983200000,332.40000000000003
554,0.7837246465070647,0.31883172134773147,0.008338408172968903,0.03470767623676358,1800000,9000000,5994000000,333.00000000000006
555,0.7839259241379084,0.31621456326602343,0.008340481794378928,0.034592176588998075,1800000,9000000,6004800000,333.6
556,0.7859574032000569,0.31674824622633596,0.00847409106313914,0.03447706129910612,1800000,9000000,6015600000,334.20000000000005
557,0.7851067038918726,0.31304202447529345,0.00841522125939945,0.03436232908802773,1800000,9000000,6026400000,334.80000000000007
558,0.7849178335519066,0.3128317215589242,0.006595116845541468,0.034247978680959405,1800000,9000000,6037200000,335.40000000000003
559,0.7819137832577842,0.31606370219569246,0.00698368105804914,0.03413400880733988,1800000,9000000,6048000000,336.00000000000006
560,0.7830825501665077,0.3174808792910982,0.007167754223078992,0.03402041820083606,1800000,9000000,6058800000,336.6
561,0.7863998797107373,0.3141434277133812,0.00868746353908341,0.03390720559932891,1800000,9000000,6069600000,337.20000000000005
562,0.7861869939881221,0.3176185491224874,0.007490476890166094,0.033794369744899494,1800000,9000000,6080400000,337.80000000000007
563,0.7840528784330649,0.31678177878324537,0.008519341151628612,0.033681909383814906,1800000,9000000,6091200000,338.40000000000003
564,0.7857786611598604,0.31094928318973447,0.006879188686536436,0.033569823266514455,1800000,9000000,6102000000,339.00000000000006
565,0.7857604446766409,0.31241960733722235,0.008800252838698524,0.03345811014759566,1800000,9000000,6112800000,339.6
566,0.7873341158500339,0.3136101664590896,0.007358660744466922,0.03334676878580049,1800000,9000000,6123600000,340.20000000000005
567,0.7817375923044186,0.32026314858346216,0.007175276911879626,0.03323579794400159,1800000,9000000,6134400000,340.80000000000007
568,0.7816247065516433,0.32002896861732466,0.007609913521274198,0.03312519638918843,1800000,9000000,6145200000,341.40000000000003
569,0.7838500086332113,0.31461129363950263,0.0064800928048245185,0.03301496289245373,1800000,9000000,6156000000,342.00000000000006
570,0.7830323662444236,0.3236990476252302,0.007229467349077152,0.03290509622897971,1800000,9000000,6166800000,342.6
571,0.78247037736236,0.31821735470909945,0.007051347958307766,0.03279559517802455,1800000,9000000,6177600000,343.20000000000005
572,0.7822716962543312,0.3186696086709957,0.007640044533180371,0.032686458522908766,1800000,9000000,6188400000,343.80000000000007
573,0.7838730382217555,0.31814880583086036,0.007710577481182569,0.03257768505100174,1800000,9000000,6199200000,344.40000000000003
574,0.7834262856695418,0.31807609922734187,0.008169122264555524,0.03246927355370822,1800000,9000000,6210000000,345.00000000000006
575,0.7825915525444676,0.3188731250140435,0.007763452988397587,0.03236122282645489,1800000,9000000,6220800000,345.6
576,0.7832806467832101,0.3130680554437714,0.006582256585881202,0.03225353166867703,1800000,9000000,6231600000,346.20000000000005
577,0.7845536739408416,0.31626500408727154,0.008725194231799932,0.03214619888380508,1800000,9000000,6242400000,346.80000000000007
578,0.7859554315758029,0.3123061976680793,0.007637677344214142,0.032039223279251454,1800000,9000000,6253200000,347.40000000000003
579,0.7846164375884138,0.31113593924142885,0.008046890492021376,0.03193260366639722,1800000,9000000,6264000000,348.00000000000006
580,0.7857912819894391,0.3117799175513759,0.007278080236350857,0.031826338860578916,1800000,9000000,6274800000,348.6000000000001
581,0.7850734998497869,0.313976405725943,0.005885412014970782,0.03172042768107538,1800000,9000000,6285600000,349.20000000000005
582,0.7849691881961423,0.3132510178396479,0.005933157239454616,0.031614868951094645,1800000,9000000,6296400000,349.80000000000007
583,0.7836579717406598,0.3140141537997702,0.0075471270119097395,0.03150966149776084,1800000,9000000,6307200000,350.40000000000003
584,0.7876334772980784,0.3165826872716606,0.006397666760873988,0.03140480415210119,1800000,9000000,6318000000,351.00000000000006
585,0.7863416559528024,0.3182275003664032,0.004016053538665205,0.03130029574903299,1800000,9000000,6328800000,351.6000000000001
586,0.7846955343376133,0.31240456488026763,0.007122818957078379,0.031196135127350685,1800000,9000000,6339600000,352.20000000000005
587,0.7843805355959781,0.3117625369615949,0.006079290339900835,0.03109232112971296,1800000,9000000,6350400000,352.80000000000007
588,0.7854411828190042,0.31258162736072953,0.007027977614546128,0.0309888526026299,1800000,9000000,6361200000,353.40000000000003
589,0.783510183697002,0.3209007727828127,0.007308142183656894,0.030885728396450124,1800000,9000000,6372000000,354.00000000000006
590,0.7861168428859394,0.31261120922319985,0.006184907710408209,0.03078294736534807,1800000,9000000,6382800000,354.6000000000001
591,0.783796197654435,0.312709854095619,0.007308521966433402,0.030680508367311208,1800000,9000000,6393600000,355.20000000000005
592,0.7826632300538626,0.3211581611307596,0.005847291970590683,0.030578410264127404,1800000,9000000,6404400000,355.80000000000007
593,0.7873950963640244,0.31329257012394435,0.005697383322291206,0.030476651921372246,1800000,9000000,6415200000,356.40000000000003
594,0.7848321715721475,0.31344914062204454,0.005997865614625116,0.03037523220839642,1800000,9000000,6426000000,357.00000000000006
595,0.7855227358732552,0.3168773658994531,0.006654735287890711,0.030274149998313186,1800000,9000000,6436800000,357.6000000000001
596,0.786748728379079,0.3144670823441268,0.0049413551977689945,0.030173404167985855,1800000,9000000,6447600000,358.20000000000005
597,0.786038719749434,0.3127562085004712,0.007988952438700396,0.030072993598015248,1800000,9000000,6458400000,358.80000000000007
598,0.7854573409770551,0.3157160143612745,0.006143428895094661,0.029972917172727348,1800000,9000000,6469200000,359.40000000000003
599,0.7845144386705121,0.3188556167950088,0.006505185907666699,0.02987317378016085,1800000,9000000,6480000000,360.00000000000006
600,0.7825688778217168,0.3239599965013583,0.007048872274833739,0.029773762312054794,1800000,9000000,6490800000,360.6000000000001
601,0.7854593620811936,0.31397133058037874,0.007184357345482962,0.029674681663836296,1800000,9000000,6501600000,361.20000000000005
602,0.7835293624724263,0.3190706930631231,0.005368124056158198,0.029575930734608246,1800000,9000000,6512400000,361.80000000000007
603,0.7842785368025105,0.3130052903950718,0.005694062634744432,0.029477508427137096,1800000,9000000,6523200000,362.40000000000003
604,0.7848413041638594,0.31361648045127427,0.00542036845434313,0.029379413647840618,1800000,9000000,6534000000,363.00000000000006
605,0.7858263131127006,0.3149178837491707,0.006918354562234055,0.02928164530677581,1800000,9000000,6544800000,363.6000000000001
606,0.7852425242927873,0.3156253196811346,0.006183373726904877,0.02918420231762678,1800000,9000000,6555600000,364.20000000000005
607,0.7836775999680231,0.31325490706114667,0.004885980898764689,0.029087083597692635,1800000,9000000,6566400000,364.80000000000007
608,0.785821628287075,0.31328276492890067,0.005596558757960124,0.028990288067875493,1800000,9000000,6577200000,365.40000000000003
609,0.7832118233018565,0.31297218965619716,0.007445745956902881,0.028893814652668486,1800000,9000000,6588000000,366.00000000000006
610,0.7840279564928788,0.31650863127339185,0.0058036647418689335,0.028797662280143754,1800000,9000000,6598800000,366.6000000000001
611,0.7852569517038417,0.31548743334320234,0.007101442679841353,0.028701829881940626,1800000,9000000,6609600000,367.20000000000005
612,0.7843870587892944,0.3197927429563408,0.004553145080665436,0.0286063163932537,1800000,9000000,6620400000,367.80000000000007
613,0.7821175218485097,0.3171253697371643,0.006384899833188805,0.028511120752821004,1800000,9000000,6631200000,368.40000000000003
614,0.7862190700177983,0.31389591007026296,0.005288485761870761,0.028416241902912216,1800000,9000000,6642000000,369.00000000000006
615,0.7798008906395701,0.32303229730831656,0.006852298496484053,0.02832167878931693,1800000,9000000,6652800000,369.6000000000001
616,0.78544537687151,0.3180315603928059,0.005483123355603759,0.028227430361332895,1800000,9000000,6663600000,370.20000000000005
617,0.7850259938293085,0.31686773060106727,0.004903784320690514,0.028133495571754392,1800000,9000000,6674400000,370.80000000000007
618,0.7849999977999049,0.31894314070473734,0.006315823322659248,0.028039873376860563,1800000,9000000,6685200000,371.40000000000003
619,0.7849045923571214,0.31671032930383936,0.004406659432739751,0.027946562736403842,1800000,9000000,6696000000,372.00000000000006
620,0.784847937800857,0.31650871603441294,0.0067798235772798775,0.027853562613598382,1800000,9000000,6706800000,372.6000000000001
621,0.7850900193107477,0.31337375199866857,0.0071747872726199025,0.02776087197510853,1800000,9000000,6717600000,373.20000000000005
622,0.7842210144215627,0.31181177395619974,0.0039151145432172,0.027668489791037327,1800000,9000000,6728400000,373.80000000000007
623,0.7823040322387648,0.3216540420030773,0.00577753198862886,0.027576415034915123,1800000,9000000,6739200000,374.40000000000003
624,0.7853172700308807,0.3134957875583676,0.008044510802630831,0.027484646683688132,1800000,9000000,6750000000,375.00000000000006
625,0.7841917881995598,0.32067426385790926,0.004790028853925958,0.02739318371770705,1800000,9000000,6760800000,375.6000000000001
626,0.7851707420792906,0.3162768375039807,0.005742794995828055,0.027302025120715785,1800000,9000000,6771600000,376.20000000000005
627,0.7863339431762406,0.31711905230314535,0.005518812158558828,0.027211169879840062,1800000,9000000,6782400000,376.80000000000007
628,0.7814541385582274,0.32140693481322186,0.00461136979954256,0.02712061698557629,1800000,9000000,6793200000,377.40000000000003
629,0.7852842519578221,0.3144039259768225,0.005428303365094437,0.027030365431780265,1800000,9000000,6804000000,378.00000000000006
630,0.7813868870389089,0.32554022967688123,0.005056300293826847,0.02694041421565602,1800000,9000000,6814800000,378.6000000000001
631,0.7836587170995677,0.31868809181032076,0.004282802496620225,0.026850762337744662,1800000,9000000,6825600000,379.20000000000005
632,0.7822454825133645,0.3174682197295978,0.005668075945176884,0.026761408801913317,1800000,9000000,6836400000,379.80000000000007
633,0.7849454143447916,0.3151585844358122,0.005474069557793898,0.02667235261534397,1800000,9000000,6847200000,380.40000000000003
634,0.7850298555158342,0.3181185101471096,0.005339080497837322,0.02658359278852253,1800000,9000000,6858000000,381.00000000000006
635,0.7851489072328167,0.31643644316702035,0.00550062273879962,0.026495128335227797,1800000,9000000,6868800000,381.6000000000001
636,0.7855149890450658,0.31364264773713113,0.0055315618513865445,0.02640695827252048,1800000,9000000,6879600000,382.20000000000005
637,0.7854991254994355,0.31110957180514415,0.0048892037382580545,0.02631908162073231,1800000,9000000,6890400000,382.80000000000007
638,0.7853073364172337,0.32234789264210756,0.004729450423853536,0.026231497403455158,1800000,9000000,6901200000,383.40000000000003
639,0.781273143751309,0.3197476651450544,0.007070545230006924,0.026144204647530124,1800000,9000000,6912000000,384.00000000000006
640,0.7866788635711833,0.31690917289337034,0.004889275346155247,0.026057202383036816,1800000,9000000,6922800000,384.6000000000001
641,0.7813016057452568,0.3268614583049017,0.003940595251402267,0.025970489643282507,1800000,9000000,6933600000,385.20000000000005
642,0.7822654293118937,0.3209825895621426,0.005848835320772729,0.025884065464791422,1800000,9000000,6944400000,385.80000000000007
643,0.7835261646239031,0.3114551627207048,0.00593178350574286,0.025797928887294017,1800000,9000000,6955200000,386.40000000000003
644,0.78375672671546,0.31781578743282896,0.004578688410918346,0.02571207895371634,1800000,9000000,6966000000,387.00000000000006
645,0.7841426139242506,0.3114281055771985,0.005684844033936718,0.025626514710169333,1800000,9000000,6976800000,387.6000000000001
646,0.7850081773438582,0.31433384851211327,0.0047644812581967904,0.025541235205938307,1800000,9000000,6987600000,388.20000000000005
647,0.7838197009149614,0.31248585091074155,0.0037392752330591503,0.02545623949347234,1800000,9000000,6998400000,388.80000000000007
648,0.7861174566387109,0.3165953689436154,0.004217268137918416,0.025371526628373754,1800000,9000000,7009200000,389.40000000000003
649,0.7855408648363578,0.3156605475902444,0.004625705670948122,0.025287095669387614,1800000,9000000,7020000000,390.00000000000006
650,0.7836035035930531,0.31576598056045,0.0046920270911045715,0.025202945678391302,1800000,9000000,7030800000,390.6000000000001
651,0.7856521747060929,0.3152939191186959,0.004629673953387869,0.02511907572038403,1800000,9000000,7041600000,391.20000000000005
652,0.7876583968936697,0.3155531769573563,0.006116071346007413,0.02503548486347652,1800000,9000000,7052400000,391.80000000000007
653,0.784165248573388,0.3141212176199034,0.004329752437062887,0.024952172178880617,1800000,9000000,7063200000,392.40000000000003
654,0.7851155023583251,0.3124016240012923,0.005254990619338462,0.024869136740898967,1800000,9000000,7074000000,393.00000000000006
655,0.7827482602383226,0.3188259538441452,0.004842953795980204,0.024786377626914748,1800000,9000000,7084800000,393.6000000000001
656,0.7828131205283859,0.31568127110297856,0.004087640878762027,0.024703893917381377,1800000,9000000,7095600000,394.20000000000005
657,0.7850207271353162,0.3152815306911423,0.005010001990072233,0.024621684695812353,1800000,9000000,7106400000,394.80000000000007
658,0.781705129084912,0.31716985845543477,0.004738469244796935,0.02453974904877104,1800000,9000000,7117200000,395.40000000000003
659,0.7846298712109944,0.31450134887226544,0.005588421727241865,0.02445808606586051,1800000,9000000,7128000000,396.00000000000006
660,0.7844051574741039,0.31541009591513575,0.003465982822757768,0.024376694839713452,1800000,9000000,7138800000,396.6000000000001
661,0.7893977382022046,0.31081591084992494,0.004314632004432853,0.024295574465982076,1800000,9000000,7149600000,397.20000000000005
662,0.7850023789599937,0.3134578914495495,0.004125546540431002,0.024214724043328046,1800000,9000000,7160400000,397.80000000000007
663,0.7873778267629725,0.30435876859704825,0.00388635617849478,0.02413414267341251,1800000,9000000,7171200000,398.40000000000003
664,0.7849154937261292,0.3144184445511947,0.004141429700735828,0.02405382946088608,1800000,9000000,7182000000,399.00000000000006
665,0.7848440008630759,0.3181879779794934,0.004050835954365057,0.02397378351337891,1800000,9000000,7192800000,399.6000000000001
666,0.7836742144177574,0.31254379661830334,0.00579592747840773,0.02389400394149075,1800000,9000000,7203600000,400.20000000000005
667,0.78401735273565,0.31664560460359487,0.00423482136722632,0.023814489858781113,1800000,9000000,7214400000,400.80000000000007
668,0.7841981696056259,0.3147853938625459,0.00471016033741079,0.02373524038175934,1800000,9000000,7225200000,401.40000000000003
669,0.7896837943801333,0.31140459221501876,0.004716055510901552,0.02365625462987489,1800000,9000000,7236000000,402.00000000000006
670,0.785114493747367,0.3145955577578134,0.0036962092758574617,0.023577531725507483,1800000,9000000,7246800000,402.6000000000001
671,0.7813441481136572,0.3137208466766348,0.003386285091072071,0.023499070793957372,1800000,9000000,7257600000,403.20000000000005
672,0.7832382589855812,0.3195818703023602,0.004432096227605958,0.023420870963435616,1800000,9000000,7268400000,403.80000000000007
673,0.7824157489927562,0.31850319985498937,0.004018812856119353,0.02334293136505442,1800000,9000000,7279200000,404.40000000000003
674,0.784313876795605,0.31465958101516167,0.005948257514480474,0.02326525113281743,1800000,9000000,7290000000,405.00000000000006
675,0.7847913699326353,0.3160248774552672,0.0012649553752834947,0.023187829403610152,1800000,9000000,7300800000,405.6000000000001
676,0.7834156066200706,0.31969814572288985,0.004878304713724501,0.023110665317190367,1800000,9000000,7311600000,406.20000000000005
677,0.7839862475075288,0.31625089684870406,0.004978082413076332,0.023033758016178532,1800000,9000000,7322400000,406.80000000000007
678,0.7829614009255293,0.317760382925371,0.0036436338329391563,0.022957106646048307,1800000,9000000,7333200000,407.40000000000003
679,0.7851942541850937,0.3182099443925201,0.004638637403118449,0.022880710355116993,1800000,9000000,7344000000,408.00000000000006
680,0.7827608795288831,0.31574589320864827,0.004736814022290138,0.02280456829453613,1800000,9000000,7354800000,408.6000000000001
681,0.7816696490492796,0.3156136069903977,0.004477928742057646,0.022728679618282042,1800000,9000000,7365600000,409.20000000000005
682,0.7878365720115308,0.3090912188817607,0.003652587582261205,0.02265304348314644,1800000,9000000,7376400000,409.80000000000007
683,0.7843265946553738,0.32005322929589997,0.006130640221195651,0.02257765904872704,1800000,9000000,7387200000,410.40000000000003
684,0.7827442264353411,0.3114092800652606,0.004306675937767552,0.022502525477418246,1800000,9000000,7398000000,411.00000000000006
685,0.785208602148797,0.3129067018103194,0.0037420855235039425,0.02242764193440181,1800000,9000000,7408800000,411.6000000000001
686,0.7858459583981356,0.3191553047389895,0.006571144243149002,0.02235300758763761,1800000,9000000,7419600000,412.20000000000005
687,0.7841794539732375,0.3123736020469419,0.0032922506589461555,0.02227862160785435,1800000,9000000,7430400000,412.80000000000007
688,0.7874894912902736,0.3082123805537,0.005032565602759844,0.02220448316854038,1800000,9000000,7441200000,413.40000000000003
689,0.786213082159004,0.3184162207449241,0.00492520569834292,0.0221305914459345,1800000,9000000,7452000000,414.00000000000006
690,0.783195483407705,0.3157873855487765,0.004223611491153108,0.022056945619016825,1800000,9000000,7462800000,414.6000000000001
691,0.7859753290354119,0.31797618911878434,0.002343073989027827,0.02198354486949961,1800000,9000000,7473600000,415.20000000000005
692,0.7857182733318699,0.31782395212653236,0.0041874274380446636,0.02191038838181822,1800000,9000000,7484400000,415.80000000000007
693,0.783567583133066,0.3196335303634138,0.0029696218777816577,0.021837475343122043,1800000,9000000,7495200000,416.40000000000003
694,0.7833012197335492,0.3119627690523174,0.0051358383480594235,0.021764804943265458,1800000,9000000,7506000000,417.00000000000006
695,0.7863795655058756,0.3136671405234952,0.005360396619992776,0.021692376374798823,1800000,9000000,7516800000,417.6000000000001
696,0.7847859225418455,0.3162155594309065,0.003950258214777866,0.02162018883295954,1800000,9000000,7527600000,418.20000000000005
697,0.7846847642225163,0.3162169313184062,0.004506877843022472,0.021548241515663043,1800000,9000000,7538400000,418.80000000000007
698,0.7862887822450965,0.31595734039251977,0.005192799991987721,0.021476533623493964,1800000,9000000,7549200000,419.40000000000003
699,0.7854458440276054,0.31406956087538146,0.0023506024525030726,0.021405064359697207,1800000,9000000,7560000000,420.00000000000006
700,0.7846616653474031,0.31881222607059057,0.005261350411518635,0.021333832930169112,1800000,9000000,7570800000,420.6000000000001
701,0.7870854353897841,0.3128258310948143,0.004042967236500716,0.021262838543448622,1800000,9000000,7581600000,421.20000000000005
702,0.78417214516924,0.3089845837277818,0.003595995509073643,0.02119208041070847,1800000,9000000,7592400000,421.80000000000007
703,0.7869958316182587,0.3144119017073218,0.004394765262013105,0.02112155774574646,1800000,9000000,7603200000,422.4000000000001
704,0.7853385785694033,0.3137593990977016,0.005798474186987221,0.021051269764976704,1800000,9000000,7614000000,423.00000000000006
705,0.7831006322445747,0.31545614628372104,0.004760741487792203,0.020981215687420916,1800000,9000000,7624800000,423.6000000000001
706,0.7842891561959903,0.3153852056308665,0.005078122430076859,0.02091139473469973,1800000,9000000,7635600000,424.20000000000005
707,0.7840029545326807,0.3129364035448566,0.004139929622965921,0.020841806131024078,1800000,9000000,7646400000,424.80000000000007
708,0.7817418555670311,0.318552504035286,0.005658644638464009,0.020772449103186517,1800000,9000000,7657200000,425.4000000000001
709,0.7822636531626537,0.31608060182890363,0.003600707209264325,0.0207033228805527,1800000,9000000,7668000000,426.00000000000006
710,0.7833502630880257,0.3162208934746585,0.002827398268861759,0.020634426695052777,1800000,9000000,7678800000,426.6000000000001
711,0.7833960687960275,0.32085258484183193,0.002805006610533417,0.020565759781172862,1800000,9000000,7689600000,427.20000000000005
712,0.78586289104215,0.31285372694559976,0.002836614536496043,0.020497321375946544,1800000,9000000,7700400000,427.80000000000007
713,0.7848738721478954,0.3170707693854064,0.0049291274419133845,0.0204291107189464,1800000,9000000,7711200000,428.4000000000001
714,0.784237441484459,0.31299068678985614,0.004637278824939926,0.020361127052275524,1800000,9000000,7722000000,429.00000000000006
715,0.7823730413011338,0.3251850252442415,0.0034551461033010995,0.020293369620559148,1800000,9000000,7732800000,429.6000000000001
716,0.7849582708516771,0.31645178523919665,0.004155600855130168,0.020225837670936227,1800000,9000000,7743600000,430.20000000000005
717,0.7838451044167527,0.3173164042072935,0.003850166773031063,0.020158530453051063,1800000,9000000,7754400000,430.80000000000007
718,0.7857746059612309,0.31374701623791484,0.0059115068596635595,0.020091447219045,1800000,9000000,7765200000,431.4000000000001
719,0.7830347020561635,0.3116596397870272,0.0029049241924917956,0.020024587223548076,1800000,9000000,7776000000,432.00000000000006
720,0.7856078791588815,0.3156669831441074,0.003194674970849098,0.019957949723670754,1800000,9000000,7786800000,432.6000000000001
721,0.7820105925417141,0.3191072306613826,0.0032948124097931563,0.01989153397899569,1800000,9000000,7797600000,433.20000000000005
722,0.7841555699450619,0.3150893329714629,0.0021751299344463515,0.01982533925156948,1800000,9000000,7808400000,433.80000000000007
723,0.783313572414212,0.31447364380093595,0.004043209941826833,0.019759364805894478,1800000,9000000,7819200000,434.4000000000001
724,0.7839859073075984,0.32000184007754645,0.004607839524383315,0.019693609908920603,1800000,9000000,7830000000,435.00000000000006
725,0.7837991624206738,0.3151517569067932,0.005381858932448042,0.019628073830037226,1800000,9000000,7840800000,435.6000000000001
726,0.783869443919864,0.3188715990363606,0.0036987729169964765,0.019562755841064997,1800000,9000000,7851600000,436.20000000000005
727,0.7831266601582447,0.3144398419185645,0.004969483823300284,0.019497655216247817,1800000,9000000,7862400000,436.80000000000007
728,0.7852375247191368,0.3128104894709046,0.003970297666105942,0.019432771232244746,1800000,9000000,7873200000,437.4000000000001
729,0.7826341565393455,0.3185233210219264,0.0036193138985437167,0.019368103168121962,1800000,9000000,7884000000,438.00000000000006
730,0.7867145770764166,0.31002156399705444,0.003830156246493946,0.019303650305344755,1800000,9000000,7894800000,438.6000000000001
731,0.7842534863568069,0.31309145252050236,0.004786922126051681,0.01923941192776953,1800000,9000000,7905600000,439.20000000000005
732,0.7842321405604781,0.31447566392632564,0.0046159410199356635,0.019175387321635887,1800000,9000000,7916400000,439.80000000000007
733,0.784081583471959,0.31560882017983644,0.005204166934416454,0.019111575775558647,1800000,9000000,7927200000,440.4000000000001
734,0.7857868829060964,0.3148429742831321,0.0042767953287596895,0.01904797658051998,1800000,9000000,7938000000,441.00000000000006
735,0.7855375375681557,0.3169329733789418,0.0024003968959193643,0.01898458902986151,1800000,9000000,7948800000,441.6000000000001
736,0.783604212999985,0.31706821321316336,0.0030695978787052174,0.01892141241927647,1800000,9000000,7959600000,442.20000000000005
737,0.7844935107553944,0.31391700930917893,0.003091997456726325,0.01885844604680186,1800000,9000000,7970400000,442.80000000000007
738,0.7852152042603985,0.3110230496757633,0.003798875724473222,0.018795689212810673,1800000,9000000,7981200000,443.4000000000001
739,0.7870085823766506,0.314952439616859,0.005842050593284746,0.018733141220004107,1800000,9000000,7992000000,444.00000000000006
740,0.7849382086463714,0.3157991708171439,0.003760807640176748,0.01867080137340383,1800000,9000000,8002800000,444.6000000000001
741,0.7847521783642999,0.315228019321264,0.003016418701377033,0.01860866898034423,1800000,9000000,8013600000,445.20000000000005
742,0.7872437109912054,0.3101344333639704,0.0020354465374959043,0.01854674335046476,1800000,9000000,8024400000,445.80000000000007
743,0.7823579981984059,0.32156743166490387,0.002189882989528484,0.018485023795702205,1800000,9000000,8035200000,446.4000000000001
744,0.7840125769589193,0.3214180504712201,0.004799440946954419,0.01842350963028311,1800000,9000000,8046000000,447.00000000000006
745,0.7846260702097536,0.3177859740884444,0.004211413972175936,0.018362200170716117,1800000,9000000,8056800000,447.6000000000001
746,0.7880906006186659,0.3115810661966907,0.004413291608160981,0.018301094735784378,1800000,9000000,8067600000,448.20000000000005
747,0.7841318188382573,0.31768135505384804,0.00581576141824761,0.018240192646537985,1800000,9000000,8078400000,448.80000000000007
748,0.7850099016813191,0.3214198571376756,0.004044460340467326,0.018179493226286442,1800000,9000000,8089200000,449.4000000000001
749,0.7828275668245405,0.3162943855125002,0.004635506133367698,0.018118995800591103,1800000,9000000,8100000000,450.00000000000006
750,0.7842599683293543,0.3141456867230384,0.0021667298823107905,0.018058699697257735,1800000,9000000,8110800000,450.6000000000001
751,0.7855116193032543,0.31351200098615506,0.0024841493773285874,0.017998604246329014,1800000,9000000,8121600000,451.20000000000005
752,0.7829617836408334,0.3195036507174871,0.0025922493327464324,0.01793870878007709,1800000,9000000,8132400000,451.80000000000007
753,0.7873003436034792,0.31430125474718973,0.003615210434329463,0.017879012632996176,1800000,9000000,8143200000,452.4000000000001
754,0.7854345895565923,0.3161599980728696,0.005297781925937383,0.017819515141795115,1800000,9000000,8154000000,453.00000000000006
755,0.784475619300645,0.3145499818937431,0.0033877150123058507,0.017760215645390067,1800000,9000000,8164800000,453.6000000000001
756,0.7834572131677229,0.31793072247947785,0.001842875349040689,0.017701113484897137,1800000,9000000,8175600000,454.20000000000005
757,0.7854474547603464,0.30856931640244006,0.0020704513418464045,0.017642208003625034,1800000,9000000,8186400000,454.80000000000007
758,0.7848526178955658,0.31844637757170285,0.004475341218635727,0.017583498547067807,1800000,9000000,8197200000,455.4000000000001
759,0.7840574752113234,0.3171585260639028,0.004719039831533263,0.017524984462897568,1800000,9000000,8208000000,456.00000000000006
760,0.785351091783128,0.31539220443282695,0.003219133364230604,0.01746666510095721,1800000,9000000,8218800000,456.6000000000001
761,0.7853304083816034,0.31380536412106436,0.004101368593900679,0.017408539813253226,1800000,9000000,8229600000,457.20000000000005
762,0.7858036477919129,0.3150884090688086,0.002325582392066051,0.017350607953948487,1800000,9000000,8240400000,457.80000000000007
763,0.7853481444043392,0.30860009183479087,0.0036264941637839535,0.017292868879355078,1800000,9000000,8251200000,458.4000000000001
764,0.7879506494807665,0.3103282344791881,0.005541583146783644,0.017235321947927124,1800000,9000000,8262000000,459.00000000000006
765,0.7839282782616871,0.31716782626481094,0.004800149002074935,0.017177966520253697,1800000,9000000,8272800000,459.6000000000001
766,0.7852660384403249,0.31094955228938154,0.003489103811182047,0.01712080195905166,1800000,9000000,8283600000,460.20000000000005
767,0.7853931525057171,0.31144670023649135,0.0030701079056475555,0.017063827629158642,1800000,9000000,8294400000,460.80000000000007
768,0.7830346588130838,0.3211510689937858,0.003242971321838829,0.017007042897525942,1800000,9000000,8305200000,461.4000000000001
769,0.7856111579859812,0.3131949044593253,0.003208829050035005,0.016950447133211522,1800000,9000000,8316000000,462.00000000000006
770,0.7864137378322322,0.31663953395666933,0.0013788808317035722,0.01689403970737297,1800000,9000000,8326800000,462.6000000000001
771,0.786092471471576,0.3099239026312347,0.003118676154374011,0.016837819993260533,1800000,9000000,8337600000,463.20000000000005
772,0.7842374165092421,0.30547482689500366,0.00415529225771074,0.016781787366210135,1800000,9000000,8348400000,463.80000000000007
773,0.7867683409456141,0.31360946843658427,0.003773680263797231,0.016725941203636456,1800000,9000000,8359200000,464.4000000000001
774,0.7864570854797132,0.31209236351060915,0.0028794626488140834,0.016670280885026006,1800000,9000000,8370000000,465.00000000000006
775,0.7859617388372557,0.3156565184270185,0.0034705983388790885,0.01661480579193023,1800000,9000000,8380800000,465.6000000000001
776,0.7823739109354516,0.32396678952064933,0.0034010322098908937,0.016559515307958635,1800000,9000000,8391600000,466.20000000000005
777,0.7850458380170232,0.3158668208400233,0.0033414351572054594,0.016504408818771934,1800000,9000000,8402400000,466.80000000000007
778,0.7852804574297632,0.32023430055494856,0.0019150553712687327,0.01644948571207524,1800000,9000000,8413200000,467.4000000000001
779,0.7874360825727004,0.3096519134261524,0.003258570046473333,0.016394745377611247,1800000,9000000,8424000000,468.00000000000006
780,0.7840464704563298,0.31508844402724967,0.0024437358560665244,0.016340187207153453,1800000,9000000,8434800000,468.6000000000001
781,0.78476881610732,0.3115814593610238,0.0015366301917487805,0.016285810594499402,1800000,9000000,8445600000,469.20000000000005
782,0.7845867829322242,0.3154363930428045,0.0031857052617980733,0.016231614935463958,1800000,9000000,8456400000,469.80000000000007
783,0.7838437151164743,0.31366503283703434,0.0023438105654741467,0.01617759962787256,1800000,9000000,8467200000,470.4000000000001
784,0.7882619825580098,0.3110979884195606,0.0032049146548573373,0.016123764071554577,1800000,9000000,8478000000,471.00000000000006
785,0.7836034595326764,0.31341239704904433,0.0018761004573557875,0.016070107668336605,1800000,9000000,8488800000,471.6000000000001
786,0.7837239639061799,0.3212242781941806,0.002786179784317027,0.01601662982203583,1800000,9000000,8499600000,472.20000000000005
787,0.7873349444987534,0.3152826009929268,0.004416726230906382,0.015963329938453414,1800000,9000000,8510400000,472.80000000000007
788,0.7844261157163981,0.3138269978859493,0.003776954443475415,0.015910207425367886,1800000,9000000,8521200000,473.4000000000001
789,0.7858668711842588,0.31658713933100646,0.002950552588235072,0.015857261692528542,1800000,9000000,8532000000,474.00000000000006
790,0.7874446546025311,0.3100949057970838,0.0028767101915245976,0.015804492151648922,1800000,9000000,8542800000,474.6000000000001
791,0.7860825329354019,0.31963369733813574,0.005482099601329898,0.015751898216400252,1800000,9000000,8553600000,475.20000000000005
792,0.7851096772866392,0.31021011125753545,0.002545835358847286,0.015699479302404933,1800000,9000000,8564400000,475.80000000000007
793,0.7845527479852837,0.3136462225990774,0.0027055577812986186,0.015647234827230044,1800000,9000000,8575200000,476.4000000000001
794,0.7870891910463115,0.31390862360957517,0.0025021757873781667,0.015595164210380888,1800000,9000000,8586000000,477.00000000000006
795,0.7850048706825323,0.313476862218741,0.0023928178975812144,0.015543266873294511,1800000,9000000,8596800000,477.6000000000001
796,0.7855276283548454,0.3168936392911997,0.0040216836160941105,0.015491542239333302,1800000,9000000,8607600000,478.20000000000005
797,0.7866676598189278,0.3112744142536782,0.0042043106617616535,0.01543998973377857,1800000,9000000,8618400000,478.80000000000007
798,0.783716450793111,0.31343710810993275,0.0029896508759582473,0.015388608783824179,1800000,9000000,8629200000,479.4000000000001
799,0.7846277927936792,0.31362093629399307,0.002069431973575215,0.015337398818570146,1800000,9000000,8640000000,480.00000000000006
800,0.7844364146088844,0.31413539542167196,0.00531402008200515,0.01528635926901634,1800000,9000000,8650800000,480.6000000000001
801,0.7847963486276853,0.31292140737296836,0.0037197120187064635,0.01523548956805612,1800000,9000000,8661600000,481.20000000000005
802,0.7851578729658345,0.3183015287040579,0.005010331716519693,0.01518478915047006,1800000,9000000,8672400000,481.80000000000007
803,0.7827567365426042,0.3183658277839554,0.0008639391948987137,0.015134257452919677,1800000,9000000,8683200000,482.4000000000001
804,0.7863877820913657,0.3113986633041423,0.0024250308721195622,0.01508389391394114,1800000,9000000,8694000000,483.00000000000006
805,0.7842326081224128,0.31597320547233154,0.004053418986635285,0.015033697973939058,1800000,9000000,8704800000,483.6000000000001
806,0.7860454263595579,0.3150613275890749,0.0003645048300285761,0.014983669075180239,1800000,9000000,8715600000,484.20000000000005
807,0.7866971803193619,0.31920699220841703,0.0031265295820258913,0.014933806661787518,1800000,9000000,8726400000,484.80000000000007
808,0.7829851923609371,0.3154501132222349,0.002459740132863465,0.014884110179733566,1800000,9000000,8737200000,485.4000000000001
809,0.7833548137992619,0.3114029879749679,0.0030723275687844116,0.01483457907683474,1800000,9000000,8748000000,486.00000000000006
810,0.7845390681910692,0.31334577152702625,0.0036421886199422605,0.014785212802744946,1800000,9000000,8758800000,486.6000000000001
811,0.7833139103737167,0.31319158393669033,0.003611840985283563,0.014736010808949521,1800000,9000000,8769600000,487.20000000000005
812,0.7849426693069599,0.3095399972839258,0.0033382256124340234,0.014686972548759124,1800000,9000000,8780400000,487.80000000000007
813,0.7870978603930368,0.3151439485330092,0.0024872917305575667,0.014638097477303708,1800000,9000000,8791200000,488.4000000000001
814,0.784803373584042,0.3164717806497236,0.0026978819092608633,0.014589385051526413,1800000,9000000,8802000000,489.00000000000006
815,0.7875450906020717,0.3107337831245673,0.00433912775670069,0.014540834730177563,1800000,9000000,8812800000,489.6000000000001
816,0.7840818355437152,0.3176395673500647,0.003074666493355675,0.014492445973808648,1800000,9000000,8823600000,490.20000000000005
817,0.7853362776501426,0.31662905694782617,0.0030489340606379292,0.014444218244766325,1800000,9000000,8834400000,490.80000000000007
818,0.7854242104742329,0.31736148150384536,0.003310389324838289,0.01439615100718643,1800000,9000000,8845200000,491.4000000000001
819,0.7852749056008173,0.3165071029476308,0.004384015294760096,0.014348243726988055,1800000,9000000,8856000000,492.00000000000006
820,0.782639098435812,0.31418448902002144,0.0019815116993395134,0.014300495871867599,1800000,9000000,8866800000,492.6000000000001
821,0.784015904709647,0.3122303713245874,0.0020038950206290465,0.01425290691129284,1800000,9000000,8877600000,493.20000000000005
822,0.785657915101304,0.3123794867587969,0.0015435923413766974,0.014205476316497063,1800000,9000000,8888400000,493.80000000000007
823,0.7830442989922421,0.31289681452692447,0.003585705190316339,0.014158203560473181,1800000,9000000,8899200000,494.4000000000001
824,0.7855707503960477,0.3135107366760753,0.0036064261671203413,0.014111088117967848,1800000,9000000,8910000000,495.00000000000006
825,0.783398381534275,0.31497001796964846,0.002872844752778544,0.014064129465475665,1800000,9000000,8920800000,495.6000000000001
826,0.7865466804888342,0.31420164887714497,0.004137004683417581,0.01401732708123335,1800000,9000000,8931600000,496.20000000000005
827,0.7845839833219558,0.3140716137630856,0.0017040625657293125,0.013970680445213924,1800000,9000000,8942400000,496.80000000000007
828,0.7882392327372126,0.3110125474456115,0.002665485029456822,0.013924189039120962,1800000,9000000,8953200000,497.4000000000001
829,0.7836489964113555,0.3155878941073906,0.0011324642811955587,0.01387785234638279,1800000,9000000,8964000000,498.00000000000006
830,0.7820361523200245,0.3169648195567318,0.002948717604456511,0.013831669852146802,1800000,9000000,8974800000,498.6000000000001
831,0.7845418910734789,0.3168821537989106,0.0030688906424097924,0.013785641043273693,1800000,9000000,8985600000,499.20000000000005
832,0.7863110404994775,0.31210027572199733,0.0020340205296939004,0.01373976540833178,1800000,9000000,8996400000,499.80000000000007
833,0.7870670926686354,0.3142316491664752,0.0008579837628576168,0.013694042437591319,1800000,9000000,9007200000,500.4000000000001
834,0.7814997225067717,0.3164015752953162,0.00012876257869452647,0.01364847162301883,1800000,9000000,9018000000,501.00000000000006
835,0.7825015258577511,0.3218213474565485,0.0021618119146427695,0.013603052458271453,1800000,9000000,9028800000,501.6000000000001
836,0.7869036998341594,0.31147985232976666,0.002480834424186459,0.013557784438691338,1800000,9000000,9039600000,502.2000000000001
837,0.7840962908829796,0.3209343395197141,0.002053030257491633,0.013512667061300028,1800000,9000000,9050400000,502.80000000000007
838,0.7884331944329647,0.30707774025990314,0.0013123891659375334,0.013467699824792862,1800000,9000000,9061200000,503.4000000000001
839,0.7848274058550858,0.312094489657929,0.0018086506397688839,0.013422882229533415,1800000,9000000,9072000000,504.00000000000006
840,0.7847858847074412,0.3133941315940226,0.002912689419821626,0.013378213777547955,1800000,9000000,9082800000,504.6000000000001
841,0.7875347837509376,0.31502102207548627,0.0015969255371056836,0.013333693972519876,1800000,9000000,9093600000,505.2000000000001
842,0.7856149157801994,0.31963405711104415,0.0023240381621104527,0.013289322319784223,1800000,9000000,9104400000,505.80000000000007
843,0.7851135278113247,0.30751430700331134,0.0018934718891654785,0.01324509832632218,1800000,9000000,9115200000,506.4000000000001
844,0.7825186016390402,0.3139598541690004,0.0038020066128133076,0.013201021500755583,1800000,9000000,9126000000,507.00000000000006
845,0.7842647489053093,0.3188631786950907,0.003949611713938186,0.013157091353341475,1800000,9000000,9136800000,507.6000000000001
846,0.7821493974458145,0.32002750916761413,0.003250772137347705,0.013113307395966662,1800000,9000000,9147600000,508.2000000000001
847,0.7850981742335968,0.31334279546459587,0.001716114936125131,0.01306966914214226,1800000,9000000,9158400000,508.80000000000007
848,0.7831310308737023,0.31655328288972684,0.001943257790092334,0.013026176106998346,1800000,9000000,9169200000,509.4000000000001
849,0.7864122925136675,0.31173740107461256,0.00010164070515652438,0.012982827807278526,1800000,9000000,9180000000,510.00000000000006
850,0.7833546056642279,0.3178509441162691,0.002368877122719936,0.012939623761334574,1800000,9000000,9190800000,510.6000000000001
851,0.7846157937067018,0.3191771166686822,0.0025331726471970258,0.012896563489121101,1800000,9000000,9201600000,511.2000000000001
852,0.7846817560150252,0.31673397313241364,0.0024634706541989374,0.012853646512190182,1800000,9000000,9212400000,511.80000000000007
853,0.7837590167345873,0.3187817109782913,0.0014241380319392283,0.012810872353686081,1800000,9000000,9223200000,512.4000000000001
854,0.7837728632461977,0.3143766173117366,0.0035014009788392007,0.012768240538339934,1800000,9000000,9234000000,513.0000000000001
855,0.7855306976628589,0.3125334768178106,0.0030898042655888897,0.01272575059246446,1800000,9000000,9244800000,513.6
856,0.7841454730962693,0.31924882203287264,0.0032219084943946705,0.012683402043948716,1800000,9000000,9255600000,514.2
857,0.7855052600363631,0.3136772105939177,0.0016422594448859634,0.012641194422252843,1800000,9000000,9266400000,514.8000000000001
858,0.7855222237117415,0.3092906672278928,0.003663218766118327,0.012599127258402818,1800000,9000000,9277200000,515.4000000000001
859,0.781708453977128,0.32260502985253803,0.002828876703444465,0.012557200084985287,1800000,9000000,9288000000,516.0000000000001
860,0.7852196362226265,0.31054391850237706,0.003020423497011924,0.012515412436142334,1800000,9000000,9298800000,516.6
861,0.7871877952866924,0.3131230869434885,0.0029502706509958606,0.012473763847566318,1800000,9000000,9309600000,517.2
862,0.784007316079014,0.31574945313082264,0.001884658619415754,0.01243225385649472,1800000,9000000,9320400000,517.8000000000001
863,0.7861263025589296,0.31303914167780067,0.002464107660651623,0.012390882001704991,1800000,9000000,9331200000,518.4000000000001
864,0.7851249763914663,0.3147915202680764,0.0013222132991398614,0.01234964782350942,1800000,9000000,9342000000,519.0000000000001
865,0.785363741710702,0.3181248474267629,0.002726878489820067,0.012308550863750054,1800000,9000000,9352800000,519.6
866,0.784454441382692,0.32283228758512733,0.0038093160132290117,0.012267590665793582,1800000,9000000,9363600000,520.2
867,0.7838258375105733,0.3115033116406321,0.002310886659557736,0.012226766774526273,1800000,9000000,9374400000,520.8000000000001
868,0.7848853024012982,0.31882709818914684,0.0028024984734649405,0.012186078736348917,1800000,9000000,9385200000,521.4000000000001
869,0.785431088285649,0.31065655431401096,0.0005645404607772691,0.012145526099171784,1800000,9000000,9396000000,522.0000000000001
870,0.7871780893057984,0.3159710728249004,0.00234520860200959,0.01210510841240959,1800000,9000000,9406800000,522.6
871,0.7833473786990244,0.31213698171757853,0.002917194202335967,0.01206482522697652,1800000,9000000,9417600000,523.2
872,0.7819405343809931,0.31053017999967225,0.0,0.012024676095281203,1800000,9000000,9428400000,523.8000000000001
873,0.7868061113321418,0.31125381124289314,0.0016364809288156252,0.011984660571221769,1800000,9000000,9439200000,524.4000000000001
874,0.7833705367366246,0.31242840029514074,0.0022922679219170693,0.011944778210180869,1800000,9000000,9450000000,525.0000000000001
875,0.7827715540753301,0.31633884126989764,0.002003902650696308,0.011905028569020754,1800000,9000000,9460800000,525.6
876,0.785198564492386,0.31206613980827747,0.0018776430257605513,0.011865411206078324,1800000,9000000,9471600000,526.2
877,0.7840730566805876,0.3190863899289085,0.0008387610427117837,0.011825925681160258,1800000,9000000,9482400000,526.8000000000001
878,0.7854873076289889,0.3113961882299408,0.0020021845185970544,0.01178657155553809,1800000,9000000,9493200000,527.4000000000001
879,0.7846909662379227,0.3172190749679784,0.001589266658067621,0.01174734839194336,1800000,9000000,9504000000,528.0000000000001
880,0.7842923438181357,0.30728209890947594,0.00036299002269728035,0.011708255754562732,1800000,9000000,9514800000,528.6
881,0.7842724624200976,0.3109495063637105,0.002220707738644361,0.011669293209033163,1800000,9000000,9525600000,529.2
882,0.7851723163248033,0.3103560687017531,0.0017930975974184405,0.011630460322437081,1800000,9000000,9536400000,529.8000000000001
883,0.7864250628288939,0.31395120232891366,0.0025015812417581757,0.01159175666329757,1800000,9000000,9547200000,530.4000000000001
884,0.7834364782472308,0.318487519177949,0.0027494992921939256,0.011553181801573576,1800000,9000000,9558000000,531.0000000000001
885,0.7847124528780266,0.31674829109608743,0.0028785854198003025,0.011514735308655124,1800000,9000000,9568800000,531.6
886,0.7834381951574237,0.3175828520443717,0.0019804015093900762,0.011476416757358571,1800000,9000000,9579600000,532.2
887,0.7853775025699099,0.3074614604530811,0.002918778445837078,0.011438225721921835,1800000,9000000,9590400000,532.8000000000001
888,0.7849740288520857,0.3150147213078004,0.0008808969424521048,0.011400161777999683,1800000,9000000,9601200000,533.4000000000001
889,0.7836116472003462,0.3164182603861339,0.0,0.01136222450265902,1800000,9000000,9612000000,534.0000000000001
890,0.784730236420273,0.31648023908325185,0.0015194819993742251,0.011324413474374167,1800000,9000000,9622800000,534.6
891,0.7848010716572229,0.3110591556793644,0.0030098178250849007,0.011286728273022203,1800000,9000000,9633600000,535.2
892,0.7828919278743692,0.3162434279201178,0.0027702912738753332,0.011249168479878289,1800000,9000000,9644400000,535.8000000000001
893,0.7863900596186493,0.31312632914443517,0.0,0.011211733677610984,1800000,9000000,9655200000,536.4000000000001
894,0.7852395353198501,0.31601607598068115,0.0007473221213568149,0.01117442345027767,1800000,9000000,9666000000,537.0000000000001
895,0.7832767980830893,0.3199446768849639,0.002689598125854336,0.011137237383319877,1800000,9000000,9676800000,537.6000000000001
896,0.7860027020251038,0.31372081303659627,0.0007609081853831615,0.011100175063558702,1800000,9000000,9687600000,538.2
897,0.7870717035987421,0.3157375375925923,0.0026663654915063044,0.01106323607919021,1800000,9000000,9698400000,538.8000000000001
898,0.7823167821700762,0.31617459179444124,0.0026280527135196267,0.011026420019780866,1800000,9000000,9709200000,539.4000000000001
899,0.7860353886541249,0.31066548238495556,0.0020060305890553013,0.010989726476262956,1800000,9000000,9720000000,540.0000000000001
900,0.7825218584186036,0.31465880471623137,0.003305042839072724,0.010953155040930068,1800000,9000000,9730800000,540.6000000000001
901,0.7825328408528498,0.316871829296552,0.00228993920406839,0.010916705307432543,1800000,9000000,9741600000,541.2
902,0.7862251538472468,0.3079942920228027,0.002346888643815301,0.010880376870772968,1800000,9000000,9752400000,541.8000000000001
903,0.7833050242947783,0.31239074790321464,0.0014423467771482684,0.010844169327301678,1800000,9000000,9763200000,542.4000000000001
904,0.7855240475082748,0.3196228542865189,0.0008300547991265039,0.010808082274712251,1800000,9000000,9774000000,543.0000000000001
905,0.7868649160452855,0.31369535828347694,0.0015202661679122771,0.010772115312037072,1800000,9000000,9784800000,543.6000000000001
906,0.785762390551625,0.31106146582115646,0.0018747536627766,0.010736268039642852,1800000,9000000,9795600000,544.2
907,0.7842218015872449,0.3157018334221594,0.003641127486996936,0.010700540059226191,1800000,9000000,9806400000,544.8000000000001
908,0.7840108608528337,0.312967684425643,0.0027974052133843625,0.010664930973809168,1800000,9000000,9817200000,545.4000000000001
909,0.7844037570793725,0.313883350412908,0.0024326029470015578,0.010629440387734914,1800000,9000000,9828000000,546.0000000000001
910,0.7859594101128963,0.3170811745787057,0.0033731864682532402,0.010594067906663207,1800000,9000000,9838800000,546.6000000000001
911,0.7843489181460099,0.3123554404813816,0.0009689669935005616,0.010558813137566122,1800000,9000000,9849600000,547.2
912,0.7849447189857695,0.31820523982338417,0.001362417747911979,0.01052367568872364,1800000,9000000,9860400000,547.8000000000001
913,0.7845563460533772,0.3182932095005481,0.0023425631639095246,0.010488655169719302,1800000,9000000,9871200000,548.4000000000001
914,0.7852893166898305,0.3110281130435728,0.001419739399343166,0.010453751191435868,1800000,9000000,9882000000,549.0000000000001
915,0.7859781055708663,0.31107285202917445,0.0032180721840428224,0.010418963366051004,1800000,9000000,9892800000,549.6000000000001
916,0.7870088323376142,0.3163041592869939,0.0015976268277153147,0.01038429130703295,1800000,9000000,9903600000,550.2
917,0.7829496531866837,0.3135390104635605,0.0007652829506840579,0.010349734629136251,1800000,9000000,9914400000,550.8000000000001
918,0.7831111630717857,0.31785707415126163,0.003058255232809203,0.010315292948397467,1800000,9000000,9925200000,551.4000000000001
919,0.7835633560633739,0.3159028997701829,0.002228564801612633,0.0102809658821309,1800000,9000000,9936000000,552.0000000000001
920,0.7838648744090967,0.31577525935131384,0.0018277218788672318,0.010246753048924351,1800000,9000000,9946800000,552.6000000000001
921,0.7850800438162404,0.31557978379401397,0.0023223910874249605,0.010212654068634879,1800000,9000000,9957600000,553.2
922,0.7849620533177247,0.3169790232473594,0.0015484996728112744,0.010178668562384568,1800000,9000000,9968400000,553.8000000000001
923,0.7860319858490963,0.31355271820656394,0.0008800868641124093,0.010144796152556337,1800000,9000000,9979200000,554.4000000000001
924,0.787976675416052,0.31095253182567256,0.0029779972565749224,0.010111036462789725,1800000,9000000,9990000000,555.0000000000001
925,0.7843519580800478,0.32065965635363597,0.0022144990918672096,0.010077389117976725,1800000,9000000,10000800000,555.6000000000001
926,0.78523676650952,0.3118543074804257,0.0013231334985342146,0.010043853744257604,1800000,9000000,10011600000,556.2
927,0.7849065851471921,0.3154117275901998,0.0030505902265923557,0.010010429969016745,1800000,9000000,10022400000,556.8000000000001
928,0.7837304249413094,0.3158605553170739,0.0008574443316794223,0.009977117420878534,1800000,9000000,10033200000,557.4000000000001
929,0.7841021229797304,0.31586947844881763,0.001617909975934334,0.009943915729703197,1800000,9000000,10044000000,558.0000000000001
930,0.7845704180039081,0.3162151488531166,0.0010880223102296672,0.009910824526582717,1800000,9000000,10054800000,558.6000000000001
931,0.7856230729003711,0.3112725322907783,0.0015397393370059221,0.009877843443836716,1800000,9000000,10065600000,559.2
932,0.782826079342346,0.3188546705629024,0.001893622827467546,0.009844972115008389,1800000,9000000,10076400000,559.8000000000001
933,0.7852817658920099,0.31363135518720114,0.0019719152436795027,0.009812210174860397,1800000,9000000,10087200000,560.4000000000001
934,0.7848770772272844,0.32030850715689896,0.001567490573263434,0.009779557259370852,1800000,9000000,10098000000,561.0000000000001
935,0.7828563140200694,0.3167106199788625,0.0017555330718338389,0.00974701300572925,1800000,9000000,10108800000,561.6000000000001
936,0.7824931196381885,0.3162739024424445,0.0018959363708012638,0.009714577052332429,1800000,9000000,10119600000,562.2
937,0.7851921727287935,0.3152523028973884,0.0031996495116962355,0.00968224903878058,1800000,9000000,10130400000,562.8000000000001
938,0.7848247928533439,0.3123026991939727,0.00024139015858045212,0.009650028605873223,1800000,9000000,10141200000,563.4000000000001
939,0.7838520736121444,0.3191883297453798,0.0022013208232639333,0.009617915395605208,1800000,9000000,10152000000,564.0000000000001
940,0.7855331070945241,0.3074445256628411,5.4986577749082007e-05,0.009585909051162758,1800000,9000000,10162800000,564.6000000000001
941,0.7863518307084804,0.31528923397912306,0.0010967298854578228,0.009554009216919498,1800000,9000000,10173600000,565.2
942,0.7854465370276927,0.31111714110809996,0.0025685376605486306,0.009522215538432497,1800000,9000000,10184400000,565.8000000000001
943,0.7858178004913033,0.31374954365760016,0.0,0.009490527662438332,1800000,9000000,10195200000,566.4000000000001
944,0.7851239994849258,0.3106610359721355,0.0019406082523789592,0.00945894523684917,1800000,9000000,10206000000,567.0000000000001
945,0.7828215152551755,0.30953820459048953,0.0006862777371416222,0.009427467910748841,1800000,9000000,10216800000,567.6000000000001
946,0.7835607854099531,0.3168821605407257,0.00047467242122279036,0.009396095334388952,1800000,9000000,10227600000,568.2
947,0.7848597180321625,0.3096528096048155,0.0021994065270092367,0.009364827159185005,1800000,9000000,10238400000,568.8000000000001
948,0.7831898485900417,0.31499081501900006,0.0,0.009333663037712504,1800000,9000000,10249200000,569.4000000000001
949,0.7819869466999694,0.3164437306181922,0.002365008074146204,0.009302602623703115,1800000,9000000,10260000000,570.0000000000001
950,0.7851873633317321,0.31541977329699045,0.0016565329019605649,0.009271645572040809,1800000,9000000,10270800000,570.6000000000001
951,0.7850209388690537,0.3158201661161526,0.00041573708626917063,0.00924079153875802,1800000,9000000,10281600000,571.2
952,0.7828860494762835,0.3159570127168732,0.00040551061696267906,0.009210040181031845,1800000,9000000,10292400000,571.8000000000001
953,0.7828899071750427,0.3122445044328307,0.0026271229095679548,0.009179391157180212,1800000,9000000,10303200000,572.4000000000001
954,0.7864217629257477,0.31229011730382983,0.0027653380731352045,0.009148844126658095,1800000,9000000,10314000000,573.0000000000001
955,0.7811574130983994,0.3152493245876588,0.0023861725470265584,0.009118398750053738,1800000,9000000,10324800000,573.6000000000001
956,0.7856082855045967,0.31165849602874346,0.00028585276252154185,0.009088054689084853,1800000,9000000,10335600000,574.2
957,0.783765556750408,0.3238066135852433,0.002456217499709114,0.009057811606594903,1800000,9000000,10346400000,574.8000000000001
958,0.7827516911407556,0.3149115215066047,0.002883074947186293,0.009027669166549323,1800000,9000000,10357200000,575.4000000000001
959,0.7831375512017777,0.31842007985247045,0.0011366573280728863,0.008997627034031805,1800000,9000000,10368000000,576.0000000000001
960,0.7848333842804244,0.3153125784514889,0.0010958531531600666,0.008967684875240566,1800000,9000000,10378800000,576.6000000000001
961,0.7834905273839541,0.3113866079563985,0.002152589115634135,0.00893784235748465,1800000,9000000,10389600000,577.2
962,0.7852541788180987,0.3140753987392538,0.0020269840628164486,0.008908099149180209,1800000,9000000,10400400000,577.8000000000001
963,0.7836311413745786,0.31474044448999966,0.0013822333342959888,0.008878454919846852,1800000,9000000,10411200000,578.4000000000001
964,0.7863657202025189,0.3144169513300664,0.002574578672741381,0.008848909340103947,1800000,9000000,10422000000,579.0000000000001
965,0.7857287722036149,0.3190349921969842,0.0,0.00881946208166697,1800000,9000000,10432800000,579.6000000000001
966,0.7853015471337526,0.31090421619945297,0.0016848159303292918,0.008790112817343857,1800000,9000000,10443600000,580.2
967,0.7825164604830483,0.31625148413056203,0.0,0.008760861221031375,1800000,9000000,10454400000,580.8000000000001
968,0.7857264691829252,0.32047626014179476,0.0016826878174074484,0.008731706967711477,1800000,9000000,10465200000,581.4000000000001
969,0.7833815851059414,0.31832116676778943,0.0012270323361175655,0.008702649733447719,1800000,9000000,10476000000,582.0000000000001
970,0.7863836346562316,0.30999555731923945,0.0003609552126148459,0.008673689195381645,1800000,9000000,10486800000,582.6000000000001
971,0.7841497895090705,0.3119749441445223,0.0005913376465681388,0.0086448250317292,1800000,9000000,10497600000,583.2
972,0.7848050734086394,0.3155792011206805,0.0,0.008616056921777155,1800000,9000000,10508400000,583.8000000000001
973,0.7863608087739279,0.3146933237912201,0.0,0.008587384545879555,1800000,9000000,10519200000,584.4000000000001
974,0.784518433810934,0.3149708586456032,0.0015686847103232593,0.00855880758545414,1800000,9000000,10530000000,585.0000000000001
975,0.7820591131537742,0.31608806478608753,0.0016704599712134703,0.008530325722978842,1800000,9000000,10540800000,585.6000000000001
976,0.7851256447206583,0.3136551641492673,0.002673800274741776,0.008501938641988227,1800000,9000000,10551600000,586.2
977,0.7841697983444158,0.31638502833298787,0.0009240777372780513,0.00847364602706999,1800000,9000000,10562400000,586.8000000000001
978,0.7846732449652336,0.3173515693182288,0.0013320255989820557,0.008445447563861456,1800000,9000000,10573200000,587.4000000000001
979,0.7829760985784187,0.3204326412911634,0.0013098457070475228,0.008417342939046071,1800000,9000000,10584000000,588.0000000000001
980,0.7867702533408351,0.312890589891291,0.0017904700541481354,0.008389331840349944,1800000,9000000,10594800000,588.6000000000001
981,0.7861323363719195,0.31837760703831985,0.0010991860967619108,0.008361413956538348,1800000,9000000,10605600000,589.2
982,0.7826056863591977,0.3147267170623286,0.004103203303171493,0.008333588977412296,1800000,9000000,10616400000,589.8000000000001
983,0.7835756644228088,0.31561223328977595,0.0021409370846064875,0.008305856593805061,1800000,9000000,10627200000,590.4000000000001
984,0.784457304994268,0.31637061862193955,0.001270935914936567,0.008278216497578768,1800000,9000000,10638000000,591.0000000000001
985,0.7853992998939736,0.317305372148016,0.0,0.008250668381620944,1800000,9000000,10648800000,591.6000000000001
986,0.7852468669392693,0.317991051327851,0.0011644673771133134,0.008223211939841133,1800000,9000000,10659600000,592.2
987,0.7862557122730539,0.31501035742986766,0.0004740086272657474,0.008195846867167478,1800000,9000000,10670400000,592.8000000000001
988,0.7846446580549776,0.3169636587803267,0.003196681942551174,0.008168572859543331,1800000,9000000,10681200000,593.4000000000001
989,0.7843615441854959,0.31881191850887947,0.0008496768430528204,0.008141389613923886,1800000,9000000,10692000000,594.0000000000001
990,0.782758858712689,0.31837480580416905,0.002310214596856628,0.008114296828272803,1800000,9000000,10702800000,594.6000000000001
991,0.7849815237248045,0.31308080334637634,0.0020569739219284105,0.008087294201558844,1800000,9000000,10713600000,595.2
992,0.7857052199758229,0.3122758220233075,0.0,0.00806038143375255,1800000,9000000,10724400000,595.8000000000001
993,0.7846465302606107,0.3158253965598446,0.00045590270762021915,0.008033558225822888,1800000,9000000,10735200000,596.4000000000001
994,0.7888245034605564,0.3130247068612568,0.002703841516473647,0.008006824279733942,1800000,9000000,10746000000,597.0000000000001
995,0.7854414007560258,0.3174642668581483,0.0006904429555294354,0.00798017929844159,1800000,9000000,10756800000,597.6000000000001
996,0.7840478348648576,0.31993890815035075,0.0024683741975865896,0.007953622985890214,1800000,9000000,10767600000,598.2
997,0.784895070687541,0.3116886080943769,0.0013023944091291254,0.007927155047009393,1800000,9000000,10778400000,598.8000000000001
998,0.7832267163280273,0.31474869255898263,0.0019588081028563097,0.007900775187710651,1800000,9000000,10789200000,599.4000000000001
999,0.7829877776104543,0.3143758115043079,0.0017353051777533083,0.007874483114884165,1800000,9000000,10800000000,600.0000000000001
