round,test_accuracy,train_objective,mfg,hfr_tau,downlink_bytes,uplink_bytes,cumulative_serialized_bytes,single_device_elapsed_seconds
0,0.5031489723479946,0.5914422557799918,0.04402145738205049,0.22,1800000,9000000,10800000,0.6000000000000001
1,0.5124460081289487,0.5882014569841775,0.0445969806501353,0.2192678875319951,1800000,9000000,21600000,1.2000000000000002
2,0.5168976229882062,0.5860642772426641,0.04415778616390616,0.21853821137610757,1800000,9000000,32400000,1.8000000000000003
3,0.5210050674326828,0.5810093606026754,0.04380881815674326,0.21781096342481698,1800000,9000000,43200000,2.4000000000000004
4,0.5249068019015493,0.5751664646503751,0.043770763340847806,0.21708613559758305,1800000,9000000,54000000,3.0000000000000004
5,0.5308009338088944,0.5683374560252668,0.04534254481028501,0.21636371984075584,1800000,9000000,64800000,3.6000000000000005
6,0.5338671181265234,0.5627492909273146,0.04409630639480476,0.21564370812748615,1800000,9000000,75600000,4.200000000000001
7,0.5381541979070339,0.5625675283790454,0.044484623141835995,0.21492609245763647,1800000,9000000,86400000,4.800000000000001
8,0.5419358666923008,0.5646797398635659,0.04427745595591697,0.2142108648576919,1800000,9000000,97200000,5.4
9,0.5501179393906156,0.5478701259464691,0.04175483671556391,0.21349801738067178,1800000,9000000,108000000,6.000000000000001
10,0.5520954470333341,0.5484449895363568,0.045612211066096836,0.2127875421060413,1800000,9000000,118800000,6.600000000000001
11,0.5573034727951707,0.5444455223469289,0.04158238602089825,0.21207943113962338,1800000,9000000,129600000,7.200000000000001
12,0.5648492021642265,0.5352093883245289,0.04152588253867253,0.2113736766135111,1800000,9000000,140400000,7.800000000000001
13,0.5656174422550245,0.5314966926911415,0.04195575966280302,0.2106702706859803,1800000,9000000,151200000,8.400000000000002
14,0.5694347367789752,0.5326001974080855,0.04298354216516736,0.20996920554140228,1800000,9000000,162000000,9.000000000000002
15,0.5749749113182837,0.522264665514478,0.04370256280565437,0.20927047339015709,1800000,9000000,172800000,9.600000000000001
16,0.5787081838432714,0.5215285080589696,0.04247524984199905,0.208574066468547,1800000,9000000,183600000,10.200000000000001
17,0.584202603024654,0.5196678955640777,0.04275375365295805,0.2078799770387102,1800000,9000000,194400000,10.8
18,0.5885452435482594,0.5140394372931466,0.04216944937028011,0.20718819738853472,1800000,9000000,205200000,11.400000000000002
19,0.5884887934412251,0.5078048799780043,0.042505405179465064,0.2064987198315729,1800000,9000000,216000000,12.000000000000002
20,0.5939102601018819,0.5063685991320049,0.0407095240866628,0.2058115367069559,1800000,9000000,226800000,12.600000000000001
21,0.5955856926663592,0.5036166774684286,0.04262669091718242,0.2051266403793086,1800000,9000000,237600000,13.200000000000003
22,0.6004989750311901,0.5034970727946657,0.03980270721569656,0.20444402323866478,1800000,9000000,248400000,13.800000000000002
23,0.6068969654789165,0.49024235714079595,0.03977872246519194,0.20376367770038248,1800000,9000000,259200000,14.400000000000002
24,0.6091713683425589,0.4928057174729945,0.03864076767420546,0.20308559620505987,1800000,9000000,270000000,15.000000000000002
25,0.6132794697382093,0.4854373031379414,0.040259232751248306,0.20240977121845113,1800000,9000000,280800000,15.600000000000001
26,0.6144635493703676,0.48856973699946493,0.04168602434610441,0.20173619523138275,1800000,9000000,291600000,16.200000000000003
27,0.6188912532287473,0.48627599819857964,0.04071914723779067,0.2010648607596702,1800000,9000000,302400000,16.800000000000004
28,0.6213526612510786,0.48262804576940477,0.038598740153541644,0.20039576034403467,1800000,9000000,313200000,17.400000000000002
29,0.6247193422271851,0.4730452433179062,0.03910793038402887,0.19972888655002022,1800000,9000000,324000000,18.000000000000004
30,0.6291020648328967,0.4722986366860935,0.04019632222191054,0.1990642319679111,1800000,9000000,334800000,18.6
31,0.6319493532696351,0.46448825040614056,0.03996966328734148,0.19840178921264964,1800000,9000000,345600000,19.200000000000003
32,0.6374886552509242,0.46090915309185587,0.04043244137749633,0.19774155092375395,1800000,9000000,356400000,19.800000000000004
33,0.6397837315943353,0.46203542969262545,0.03934511189306397,0.1970835097652362,1800000,9000000,367200000,20.400000000000002
34,0.6400718449891264,0.458384926583599,0.039775804259485084,0.19642765842552126,1800000,9000000,378000000,21.000000000000004
35,0.6407781530263568,0.4598276875965156,0.039832784962572323,0.19577398961736522,1800000,9000000,388800000,21.6
36,0.6453571013374566,0.45625074062676135,0.04010558028651643,0.19512249607777465,1800000,9000000,399600000,22.200000000000003
37,0.6495614781154271,0.44591293193969306,0.03934964406447029,0.1944731705679257,1800000,9000000,410400000,22.800000000000004
38,0.6526085270545962,0.44828908069398377,0.03906516452294893,0.1938260058730838,1800000,9000000,421200000,23.400000000000002
39,0.6538920934351456,0.4491813426193198,0.03744132096949933,0.1931809948025235,1800000,9000000,432000000,24.000000000000004
40,0.6590132590065267,0.44340034305053866,0.038466523507803614,0.19253813018944846,1800000,9000000,442800000,24.600000000000005
41,0.6593109855076181,0.44237111508838073,0.03830876773935597,0.19189740489091192,1800000,9000000,453600000,25.200000000000003
42,0.6603282324786869,0.44364532120148764,0.03750342112297224,0.1912588117877373,1800000,9000000,464400000,25.800000000000004
43,0.6658630215930258,0.43680310034167963,0.03923085539122264,0.1906223437844391,1800000,9000000,475200000,26.400000000000006
44,0.665583662188379,0.43229093491804865,0.038770853697122444,0.1899879938091441,1800000,9000000,486000000,27.000000000000004
45,0.672466131937414,0.43128409302361465,0.037282420044907054,0.18935575481351272,1800000,9000000,496800000,27.600000000000005
46,0.6728184315514044,0.42872490772503197,0.03760796404102697,0.1887256197726607,1800000,9000000,507600000,28.200000000000003
47,0.6739581572592643,0.4275850825088437,0.03812992926664966,0.1880975816850811,1800000,9000000,518400000,28.800000000000004
48,0.6759578534787776,0.4279831704241377,0.03696183834256382,0.1874716335725665,1800000,9000000,529200000,29.400000000000006
49,0.678739147112728,0.4215479890328302,0.039371426517157575,0.18684776848013143,1800000,9000000,540000000,30.000000000000004
50,0.6818041956299797,0.4163020674461566,0.036703988572166564,0.1862259794759351,1800000,9000000,550800000,30.600000000000005
51,0.6851200760675501,0.42009814955443014,0.038161782323181084,0.18560625965120442,1800000,9000000,561600000,31.200000000000003
52,0.6857279954248525,0.4130207642950803,0.035699728928152104,0.18498860212015716,1800000,9000000,572400000,31.800000000000004
53,0.6871321199437144,0.4182485130269342,0.03699197667914807,0.18437300001992551,1800000,9000000,583200000,32.400000000000006
54,0.6925557793835189,0.4063681761841774,0.037138010210239845,0.18375944651047985,1800000,9000000,594000000,33.00000000000001
55,0.689396842006518,0.4108716121707287,0.0350506156331865,0.1831479347745526,1800000,9000000,604800000,33.60000000000001
56,0.6956938034629421,0.40903475889273666,0.033648729814210465,0.18253845801756263,1800000,9000000,615600000,34.2
57,0.6975869062945229,0.4017674316872712,0.03390562960606604,0.1819310094675397,1800000,9000000,626400000,34.800000000000004
58,0.7001662541316312,0.40145607289876134,0.03729324840184752,0.18132558237504928,1800000,9000000,637200000,35.400000000000006
59,0.7024662640524222,0.39649335358031096,0.03518135139868124,0.18072217001311738,1800000,9000000,648000000,36.00000000000001
60,0.7038230724954737,0.3952710152168285,0.03537806587671817,0.18012076567715601,1800000,9000000,658800000,36.60000000000001
61,0.7050260901987968,0.3903024158577728,0.035753293598541055,0.1795213626848886,1800000,9000000,669600000,37.2
62,0.7080114543957354,0.38605673359656006,0.03500633386432007,0.17892395437627573,1800000,9000000,680400000,37.800000000000004
63,0.70957832864184,0.3886963805917135,0.03457906333969158,0.17832853411344116,1800000,9000000,691200000,38.400000000000006
64,0.7087726084128126,0.3913519578707315,0.03553512421109656,0.17773509528059805,1800000,9000000,702000000,39.00000000000001
65,0.7151767015165784,0.38512710496766017,0.03534667995366471,0.17714363128397553,1800000,9000000,712800000,39.60000000000001
66,0.7167034396325627,0.38012891412797484,0.033964006644252434,0.17655413555174526,1800000,9000000,723600000,40.2
67,0.7129328397231566,0.38963448154300806,0.034376631991130537,0.17596660153394866,1800000,9000000,734400000,40.800000000000004
68,0.7180822850754793,0.38380747794118364,0.034453153645169814,0.1753810227024239,1800000,9000000,745200000,41.400000000000006
69,0.7164795701523734,0.37841860175448067,0.0356201078779103,0.17479739255073348,1800000,9000000,756000000,42.00000000000001
70,0.7198775164473118,0.37803887525003477,0.03181798912285685,0.17421570459409197,1800000,9000000,766800000,42.60000000000001
71,0.7240171807522842,0.38005809710302224,0.03391376311428755,0.17363595236929383,1800000,9000000,777600000,43.2
72,0.7260144094763545,0.3752775771952172,0.034094449609218494,0.17305812943464177,1800000,9000000,788400000,43.800000000000004
73,0.7270004361305238,0.3739799631084569,0.03303142744873728,0.17248222936987492,1800000,9000000,799200000,44.400000000000006
74,0.7271369890104573,0.3714183407190506,0.03206083811561348,0.1719082457760978,1800000,9000000,810000000,45.00000000000001
75,0.7289254696072189,0.3679261201868133,0.03301534442667124,0.17133617227570908,1800000,9000000,820800000,45.60000000000001
76,0.729809807139802,0.36892617179559556,0.03292611625883692,0.17076600251233054,1800000,9000000,831600000,46.20000000000001
77,0.7305422923198832,0.3677338427217538,0.032965728385822395,0.17019773015073678,1800000,9000000,842400000,46.800000000000004
78,0.7357246678785154,0.3645003093001199,0.03314928427123105,0.16963134887678458,1800000,9000000,853200000,47.400000000000006
79,0.733891658577516,0.36527619486636803,0.03260809172390115,0.16906685239734287,1800000,9000000,864000000,48.00000000000001
80,0.7341922137473172,0.36389853520555066,0.0335699421326546,0.16850423444022272,1800000,9000000,874800000,48.60000000000001
81,0.7367429728880152,0.3633554089262231,0.03206345412569204,0.1679434887541077,1800000,9000000,885600000,49.20000000000001
82,0.7391001765142816,0.36416913108186894,0.03145037543467659,0.16738460910848446,1800000,9000000,896400000,49.800000000000004
83,0.7402300290813942,0.3536426876611827,0.03193047876179134,0.16682758929357333,1800000,9000000,907200000,50.400000000000006
84,0.7440312347055634,0.3569073381847783,0.03253021432857853,0.1662724231202596,1800000,9000000,918000000,51.00000000000001
85,0.7445145445627519,0.35404417273938843,0.0330745912656801,0.1657191044200245,1800000,9000000,928800000,51.60000000000001
86,0.7463241575154056,0.351034356769752,0.03374998954688112,0.16516762704487678,1800000,9000000,939600000,52.20000000000001
87,0.7449669277148331,0.3573645671864494,0.033542410280408816,0.16461798486728435,1800000,9000000,950400000,52.80000000000001
88,0.7485615004576257,0.34889679934845574,0.030927656374897403,0.16407017178010627,1800000,9000000,961200000,53.400000000000006
89,0.7470117274800994,0.34873580196387993,0.031511624818831616,0.16352418169652483,1800000,9000000,972000000,54.00000000000001
90,0.7502188165915504,0.35382273526492486,0.03123641258113467,0.16298000854997793,1800000,9000000,982800000,54.60000000000001
91,0.7492590475000569,0.3537992548923982,0.031071729500024778,0.16243764629409166,1800000,9000000,993600000,55.20000000000001
92,0.7507556036323698,0.3523299199333789,0.03031552531969265,0.16189708890261317,1800000,9000000,1004400000,55.80000000000001
93,0.7499725061823538,0.34640083495250495,0.031933881172908046,0.16135833036934363,1800000,9000000,1015200000,56.400000000000006
94,0.7546929824426357,0.3422223541638448,0.03219496369673493,0.1608213647080716,1800000,9000000,1026000000,57.00000000000001
95,0.7540981093557065,0.34811528409593323,0.029889544860344616,0.16028618595250646,1800000,9000000,1036800000,57.60000000000001
96,0.7554558465231253,0.3458599034967751,0.030359195406586718,0.159752788156212,1800000,9000000,1047600000,58.20000000000001
97,0.7554248488284753,0.3459464112882185,0.030477911089982435,0.15922116539254064,1800000,9000000,1058400000,58.80000000000001
98,0.7583488414322206,0.3441924420038086,0.031211106282757726,0.15869131175456724,1800000,9000000,1069200000,59.400000000000006
99,0.7605847239561151,0.3383836136953447,0.03124875870805058,0.15816322135502375,1800000,9000000,1080000000,60.00000000000001
100,0.759309516765957,0.3404408802899871,0.030860848593034867,0.15763688832623365,1800000,9000000,1090800000,60.60000000000001
101,0.760034328072108,0.3402136329083118,0.028890484473521175,0.1571123068200467,1800000,9000000,1101600000,61.20000000000001
102,0.7612464637888975,0.3415766253361015,0.029588973694237852,0.15658947100777412,1800000,9000000,1112400000,61.80000000000001
103,0.7630695664826641,0.33388986076466864,0.030801487989470543,0.1560683750801238,1800000,9000000,1123200000,62.400000000000006
104,0.7672452625821816,0.3339444286548332,0.029240315013916746,0.1555490132471355,1800000,9000000,1134000000,63.00000000000001
105,0.7641931541945631,0.34043977042068374,0.029413826779842157,0.15503137973811695,1800000,9000000,1144800000,63.60000000000001
106,0.7640448144766016,0.33469355013938,0.029792606252454314,0.15451546880157935,1800000,9000000,1155600000,64.2
107,0.765076144921471,0.331624572725933,0.026723540384313602,0.15400127470517364,1800000,9000000,1166400000,64.80000000000001
108,0.7630565154313053,0.3339458035071412,0.030519259668773533,0.15348879173562682,1800000,9000000,1177200000,65.4
109,0.7678136918576539,0.3342462525652287,0.030766841089193968,0.1529780141986784,1800000,9000000,1188000000,66.00000000000001
110,0.7674127055442921,0.33566491869239884,0.029678429884349555,0.15246893641901713,1800000,9000000,1198800000,66.60000000000001
111,0.7693134153141717,0.3346337162373798,0.028888164675444108,0.15196155274021803,1800000,9000000,1209600000,67.20000000000002
112,0.771452208188798,0.3301475425819435,0.029395097709811413,0.1514558575246794,1800000,9000000,1220400000,67.80000000000001
113,0.7718948731113872,0.3354043997996656,0.02898054506917028,0.1509518451535604,1800000,9000000,1231200000,68.4
114,0.7737527232598896,0.3220593573000623,0.02818129740512581,0.15044951002671828,1800000,9000000,1242000000,69.00000000000001
115,0.7711177777363333,0.33074468466241636,0.026829902592072997,0.14994884656264654,1800000,9000000,1252800000,69.60000000000001
116,0.7772074167654819,0.3250111631333412,0.02770034109470819,0.14944984919841262,1800000,9000000,1263600000,70.20000000000002
117,0.775278913667238,0.3241104468524817,0.028032195254195032,0.14895251238959623,1800000,9000000,1274400000,70.80000000000001
118,0.7766075756691984,0.3252883636159784,0.027089389819111173,0.1484568306102277,1800000,9000000,1285200000,71.4
119,0.7775721774312334,0.3191392342577116,0.027366266359199833,0.14796279835272666,1800000,9000000,1296000000,72.00000000000001
120,0.778499701322762,0.31768589297435845,0.026548902778573125,0.14747041012784065,1800000,9000000,1306800000,72.60000000000001
121,0.7772291734296694,0.3226637538659351,0.028646383544486117,0.14697966046458436,1800000,9000000,1317600000,73.20000000000002
122,0.7813145237391678,0.32710993932035304,0.025843197614047873,0.14649054391017868,1800000,9000000,1328400000,73.80000000000001
123,0.7808013550944171,0.31786082429802537,0.027079745249376883,0.14600305502999028,1800000,9000000,1339200000,74.4
124,0.7808864002030838,0.3209782484998724,0.028709674174922598,0.14551718840747094,1800000,9000000,1350000000,75.00000000000001
125,0.7808303035764644,0.3181311350619145,0.02663305333523199,0.14503293864409764,1800000,9000000,1360800000,75.60000000000001
126,0.781858978735131,0.3161807044029145,0.02560582800488947,0.1445503003593125,1800000,9000000,1371600000,76.20000000000002
127,0.7807460205444249,0.32182203644364854,0.027636726147943838,0.14406926819046292,1800000,9000000,1382400000,76.80000000000001
128,0.7793618292263133,0.3231963513693666,0.02699899281185051,0.14358983679274215,1800000,9000000,1393200000,77.4
129,0.7803938755534181,0.3147666508787293,0.024597916670086258,0.14311200083912964,1800000,9000000,1404000000,78.00000000000001
130,0.7834145127967457,0.3080246076197223,0.027711725879358454,0.14263575502033213,1800000,9000000,1414800000,78.60000000000001
131,0.7867473463954976,0.3185663179803619,0.02645315964791743,0.14216109404472455,1800000,9000000,1425600000,79.20000000000002
132,0.7830906869115387,0.3181098189084262,0.02673108165986674,0.14168801263829112,1800000,9000000,1436400000,79.80000000000001
133,0.7860346782987702,0.3112870306284478,0.028900967630955836,0.14121650554456688,1800000,9000000,1447200000,80.4
134,0.7855906783972672,0.3148415868121093,0.025098612782167233,0.14074656752457937,1800000,9000000,1458000000,81.00000000000001
135,0.7878391777988435,0.3124278576342725,0.025347144592787953,0.14027819335679012,1800000,9000000,1468800000,81.60000000000001
136,0.7850352458992048,0.31061515144152974,0.026043590511780682,0.13981137783703693,1800000,9000000,1479600000,82.20000000000002
137,0.7839611229704139,0.32076638304946486,0.024969540545733155,0.13934611577847586,1800000,9000000,1490400000,82.80000000000001
138,0.7888250569644911,0.31106757635358934,0.027927122510715677,0.13888240201152371,1800000,9000000,1501200000,83.4
139,0.7866152536593664,0.3100228003942611,0.026626173849701784,0.13842023138380052,1800000,9000000,1512000000,84.00000000000001
140,0.786826869144024,0.3168176595004997,0.023662774658067633,0.13795959876007233,1800000,9000000,1522800000,84.60000000000001
141,0.7913416216941708,0.3107158952930803,0.02410968433885369,0.13750049902219416,1800000,9000000,1533600000,85.20000000000002
142,0.7912968828641088,0.3057743084791076,0.027422430098702717,0.13704292706905308,1800000,9000000,1544400000,85.80000000000001
143,0.7894631895914097,0.30742920342792746,0.02365551867591695,0.13658687781651155,1800000,9000000,1555200000,86.4
144,0.7919314745757423,0.30518891940735615,0.026792420433046207,0.13613234619735098,1800000,9000000,1566000000,87.00000000000001
145,0.7893588220537954,0.3051089770310947,0.0231946792727934,0.1356793271612154,1800000,9000000,1576800000,87.60000000000001
146,0.7938300962349703,0.3043647293353117,0.0236892579227411,0.1352278156745552,1800000,9000000,1587600000,88.20000000000002
147,0.7906837683140291,0.30556376117653716,0.025712023032921975,0.13477780672057155,1800000,9000000,1598400000,88.80000000000001
148,0.7948744655171128,0.3036513273660561,0.02409096775652158,0.13432929529916027,1800000,9000000,1609200000,89.40000000000002
149,0.7952881475864588,0.3083597539320678,0.024732931747460718,0.13388227642685652,1800000,9000000,1620000000,90.00000000000001
150,0.7948642338962681,0.3079573783313476,0.023975679264826997,0.13343674513677936,1800000,9000000,1630800000,90.60000000000001
151,0.7940246782090229,0.30453823180640677,0.025102906107699698,0.1329926964785765,1800000,9000000,1641600000,91.20000000000002
152,0.7946447552730552,0.30753720297251075,0.026558940789949703,0.13255012551836945,1800000,9000000,1652400000,91.80000000000001
153,0.79405524437727,0.3070457101950319,0.02404169051556583,0.1321090273386985,1800000,9000000,1663200000,92.40000000000002
154,0.7949810769175968,0.30652105267490243,0.025418069138520818,0.13166939703846825,1800000,9000000,1674000000,93.00000000000001
155,0.7974041446841966,0.2979297719458956,0.02460581741380437,0.13123122973289303,1800000,9000000,1684800000,93.60000000000001
156,0.7958414077390028,0.304644622304957,0.023537574732763543,0.13079452055344276,1800000,9000000,1695600000,94.20000000000002
157,0.7975285531797813,0.30365992888588816,0.02360997864179814,0.13035926464778871,1800000,9000000,1706400000,94.80000000000001
158,0.7980897445747948,0.3036160022314792,0.02509667630523286,0.12992545717974963,1800000,9000000,1717200000,95.40000000000002
159,0.7958304084150564,0.3065803319966669,0.024935437250772227,0.12949309332923814,1800000,9000000,1728000000,96.00000000000001
160,0.799313666697602,0.3035961726725825,0.022594559021158412,0.129062168292207,1800000,9000000,1738800000,96.60000000000001
161,0.796820869419698,0.3037556151521052,0.023200032413114344,0.1286326772805958,1800000,9000000,1749600000,97.20000000000002
162,0.7994280548195364,0.30558436119873944,0.02278749041134588,0.12820461552227772,1800000,9000000,1760400000,97.80000000000001
163,0.7976677639915203,0.3012533705197529,0.022808032501716435,0.12777797826100667,1800000,9000000,1771200000,98.40000000000002
164,0.7980754202029954,0.2978937797530566,0.025560499936437324,0.12735276075636423,1800000,9000000,1782000000,99.00000000000001
165,0.8007938092434864,0.30161025269755704,0.02268118097440079,0.12692895828370707,1800000,9000000,1792800000,99.60000000000001
166,0.7993695948820807,0.3005115236725443,0.022070598251151777,0.12650656613411448,1800000,9000000,1803600000,100.20000000000002
167,0.8001915776465024,0.30485574353287,0.024341917038461402,0.12608557961433597,1800000,9000000,1814400000,100.80000000000001
168,0.8015116449011936,0.2994508156955657,0.02302806183080729,0.12566599404673928,1800000,9000000,1825200000,101.40000000000002
169,0.8004896378610108,0.30109190154045135,0.02313347792493671,0.12524780476925818,1800000,9000000,1836000000,102.00000000000001
170,0.8000913891938749,0.3025672202591164,0.023025970469449833,0.12483100713534084,1800000,9000000,1846800000,102.60000000000001
171,0.7983982049475856,0.3031820337043764,0.02341549978242579,0.12441559651389816,1800000,9000000,1857600000,103.20000000000002
172,0.801744820982228,0.2995264533400034,0.023178394907347688,0.12400156828925231,1800000,9000000,1868400000,103.80000000000001
173,0.8002144355200688,0.2963202482858564,0.02171681870922397,0.12358891786108542,1800000,9000000,1879200000,104.40000000000002
174,0.8030020735187635,0.2971692861298884,0.022942916585767293,0.12317764064438845,1800000,9000000,1890000000,105.00000000000001
175,0.8013023080041862,0.29958595699124063,0.022467142442355578,0.12276773206941036,1800000,9000000,1900800000,105.60000000000002
176,0.8020489021929967,0.30097592334580264,0.022898977528339137,0.1223591875816072,1800000,9000000,1911600000,106.20000000000002
177,0.8033298972485136,0.2971040521876926,0.02081553245391144,0.12195200264159156,1800000,9000000,1922400000,106.80000000000001
178,0.8032142976402746,0.2919749677591444,0.02135757045375143,0.12154617272508213,1800000,9000000,1933200000,107.40000000000002
179,0.8049566312944009,0.29671131069922035,0.022399583022049363,0.12114169332285347,1800000,9000000,1944000000,108.00000000000001
180,0.8054119379345935,0.2905949722238039,0.020609805529042496,0.12073855994068583,1800000,9000000,1954800000,108.60000000000002
181,0.8053136523855439,0.29464920351644586,0.021225091170749368,0.12033676809931522,1800000,9000000,1965600000,109.20000000000002
182,0.8083578352128051,0.28937694856704765,0.022613777848158212,0.11993631333438377,1800000,9000000,1976400000,109.80000000000001
183,0.8051639976202588,0.29836116020441766,0.022436364746215902,0.11953719119638996,1800000,9000000,1987200000,110.40000000000002
184,0.804524171226721,0.3019826720264594,0.022227081873492267,0.11913939725063923,1800000,9000000,1998000000,111.00000000000001
185,0.8042261246094021,0.29436545109305734,0.022869800468933818,0.11874292707719478,1800000,9000000,2008800000,111.60000000000002
186,0.8062215728846966,0.2945522218045043,0.019983764038761734,0.11834777627082839,1800000,9000000,2019600000,112.20000000000002
187,0.8072369640824372,0.29348671060954523,0.021370570209085095,0.11795394044097147,1800000,9000000,2030400000,112.80000000000001
188,0.8049107829821118,0.2999393227318885,0.020752354648875537,0.11756141521166627,1800000,9000000,2041200000,113.40000000000002
189,0.8049664819785993,0.2991899332877703,0.020991464282469903,0.11717019622151738,1800000,9000000,2052000000,114.00000000000001
190,0.8055267284384926,0.297022501529355,0.021212407717708204,0.11678027912364307,1800000,9000000,2062800000,114.60000000000002
191,0.8066734564346397,0.29388842408833105,0.020044588485063398,0.11639165958562711,1800000,9000000,2073600000,115.20000000000002
192,0.8066360093933801,0.29029317265939214,0.020377389689783806,0.11600433328947068,1800000,9000000,2084400000,115.80000000000001
193,0.8083908711244712,0.29221078040904314,0.021370297359199895,0.11561829593154425,1800000,9000000,2095200000,116.40000000000002
194,0.8081487801676587,0.2902932086383355,0.020230812756390066,0.11523354322253988,1800000,9000000,2106000000,117.00000000000001
195,0.8060791449414793,0.29247564812247495,0.021270898954015162,0.11485007088742354,1800000,9000000,2116800000,117.60000000000002
196,0.8058603288691556,0.2911443478234811,0.021529756946946206,0.11446787466538752,1800000,9000000,2127600000,118.20000000000002
197,0.8080191722190931,0.2900234495128524,0.020474066000743387,0.11408695030980319,1800000,9000000,2138400000,118.80000000000001
198,0.808798165092125,0.28963520365680634,0.01873648908233678,0.11370729358817382,1800000,9000000,2149200000,119.40000000000002
199,0.8083189703293429,0.2950236387470619,0.02012166039947342,0.1133289002820875,1800000,9000000,2160000000,120.00000000000001
200,0.8077265316790746,0.29464380997361894,0.022423104908227406,0.11295176618717025,1800000,9000000,2170800000,120.60000000000002
201,0.8077897152591028,0.29427865738295067,0.0190528951184957,0.11257588711303934,1800000,9000000,2181600000,121.20000000000002
202,0.8068868463501007,0.2913642723332365,0.019123627166773023,0.11220125888325679,1800000,9000000,2192400000,121.80000000000001
203,0.8067250032251705,0.291885363284385,0.019806463864899152,0.11182787733528282,1800000,9000000,2203200000,122.40000000000002
204,0.8088426993145457,0.29346065642048097,0.01958070391777291,0.1114557383204297,1800000,9000000,2214000000,123.00000000000001
205,0.8070332310663083,0.28641017304181826,0.019950481059039613,0.11108483770381573,1800000,9000000,2224800000,123.60000000000002
206,0.8065554092502077,0.2929543344181407,0.02013041422140443,0.11071517136431909,1800000,9000000,2235600000,124.20000000000002
207,0.8075365333323657,0.2931508386256481,0.018023981553789908,0.11034673519453223,1800000,9000000,2246400000,124.80000000000001
208,0.8070530365573191,0.2925973897265169,0.018202860218885456,0.10997952510071608,1800000,9000000,2257200000,125.40000000000002
209,0.8073767690221948,0.29493759656205043,0.01892770902319613,0.10961353700275477,1800000,9000000,2268000000,126.00000000000001
210,0.8058578554485929,0.2861689757793212,0.0187992742950217,0.1092487668341101,1800000,9000000,2278800000,126.60000000000002
211,0.8074041161347739,0.297902852819652,0.020145169250241946,0.10888521054177641,1800000,9000000,2289600000,127.20000000000002
212,0.8061991340462336,0.28919032945281276,0.019442453374695884,0.10852286408623565,1800000,9000000,2300400000,127.80000000000003
213,0.806742873657888,0.2929296673897695,0.018941461175800332,0.10816172344141232,1800000,9000000,2311200000,128.4
214,0.808801373130174,0.29257477168028173,0.020822971149526307,0.1078017845946289,1800000,9000000,2322000000,129.00000000000003
215,0.8084845835661785,0.2911190328717456,0.01917698983463466,0.10744304354656116,1800000,9000000,2332800000,129.60000000000002
216,0.8069043752332682,0.29642762779433607,0.018419310281239425,0.10708549631119377,1800000,9000000,2343600000,130.20000000000002
217,0.8074431074998019,0.2891458869022991,0.018290632605512558,0.10672913891577596,1800000,9000000,2354400000,130.8
218,0.8095178790613874,0.28754799664297204,0.02030197070973258,0.1063739674007775,1800000,9000000,2365200000,131.4
219,0.8074532907212977,0.2912563201259496,0.018893014183139534,0.10601997781984454,1800000,9000000,2376000000,132.00000000000003
220,0.8055400694226849,0.296664833304195,0.018523517230845183,0.10566716623975587,1800000,9000000,2386800000,132.60000000000002
221,0.8068930847992021,0.29531251952624576,0.018461867431171966,0.10531552874037918,1800000,9000000,2397600000,133.20000000000002
222,0.8045613895008423,0.29597657988751175,0.018860033545134006,0.10496506141462757,1800000,9000000,2408400000,133.8
223,0.8078571323390267,0.29567922623037557,0.018584978541287236,0.10461576036841601,1800000,9000000,2419200000,134.40000000000003
224,0.8087326236559398,0.291420089489695,0.017720498935823583,0.10426762172061814,1800000,9000000,2430000000,135.00000000000003
225,0.8100076531925336,0.28780227921312007,0.019307299464072968,0.10392064160302324,1800000,9000000,2440800000,135.60000000000002
226,0.8081702953562503,0.2913830245415034,0.018209620813780723,0.10357481616029306,1800000,9000000,2451600000,136.20000000000002
227,0.8080893389672018,0.29539696783425834,0.017706418855515615,0.10323014154991914,1800000,9000000,2462400000,136.8
228,0.8065440356281336,0.2933648204700819,0.019285006426225416,0.10288661394218003,1800000,9000000,2473200000,137.40000000000003
229,0.8070177484909036,0.29241962398710925,0.017921160784677603,0.10254422952009878,1800000,9000000,2484000000,138.00000000000003
230,0.805895805119255,0.29131883941401293,0.017048281441250798,0.10220298447940052,1800000,9000000,2494800000,138.60000000000002
231,0.8081204371720196,0.2874548642478105,0.018429795383570195,0.10186287502847018,1800000,9000000,2505600000,139.20000000000002
232,0.8082704970002524,0.28798839304797,0.01687501168289579,0.10152389738831034,1800000,9000000,2516400000,139.8
233,0.8080138204312828,0.29178729681204457,0.01834850046541025,0.1011860477924993,1800000,9000000,2527200000,140.40000000000003
234,0.8032798903829419,0.29671112776868375,0.01810817861504885,0.10084932248714917,1800000,9000000,2538000000,141.00000000000003
235,0.8073754618160195,0.29316377323253784,0.018527491537109447,0.10051371773086425,1800000,9000000,2548800000,141.60000000000002
236,0.8068846611495636,0.2898328214488447,0.016758482788937285,0.1001792297946993,1800000,9000000,2559600000,142.20000000000002
237,0.8092600236230416,0.28809184976320384,0.0170219334028304,0.09984585496211829,1800000,9000000,2570400000,142.8
238,0.8075531007890026,0.2932975462876912,0.018111711805436647,0.09951358952895295,1800000,9000000,2581200000,143.40000000000003
239,0.8056638549485419,0.2994099704864564,0.016418445215399553,0.09918242980336175,1800000,9000000,2592000000,144.00000000000003
240,0.8083350889334956,0.29047374932264963,0.017116338513392754,0.09885237210578875,1800000,9000000,2602800000,144.60000000000002
241,0.8052270824703129,0.2959158942779756,0.017106161926626052,0.09852341276892282,1800000,9000000,2613600000,145.20000000000002
242,0.8094074588984629,0.28967166400549554,0.015193734020013599,0.09819554813765684,1800000,9000000,2624400000,145.8
243,0.8028463831551151,0.2981423664736257,0.016058900171888452,0.09786877456904704,1800000,9000000,2635200000,146.40000000000003
244,0.8065773918067102,0.29917317198979887,0.01524756995049196,0.09754308843227269,1800000,9000000,2646000000,147.00000000000003
245,0.8072116378316744,0.28854233902295356,0.016371908394915046,0.09721848610859557,1800000,9000000,2656800000,147.60000000000002
246,0.8089248285179738,0.2866033697756674,0.016394524647343114,0.09689496399131985,1800000,9000000,2667600000,148.20000000000002
247,0.8070013917830778,0.2942858338032797,0.015612427235259397,0.09657251848575199,1800000,9000000,2678400000,148.8
248,0.8072269436761373,0.29702042686687513,0.016819908795455175,0.09625114600916085,1800000,9000000,2689200000,149.40000000000003
249,0.8051655337687034,0.29767401208190886,0.01705251758183658,0.09593084299073784,1800000,9000000,2700000000,150.00000000000003
250,0.8073424198508041,0.29354285897707344,0.017466343199938752,0.0956116058715572,1800000,9000000,2710800000,150.60000000000002
251,0.8065427487923312,0.2936867279737427,0.0168645625422896,0.0952934311045366,1800000,9000000,2721600000,151.20000000000002
252,0.8056927472330996,0.29377860510898474,0.01582664577013853,0.09497631515439754,1800000,9000000,2732400000,151.8
253,0.805188587318814,0.2917803335213386,0.016992871610788007,0.0946602544976262,1800000,9000000,2743200000,152.40000000000003
254,0.8064132523672767,0.29415828296836755,0.018240311517248625,0.09434524562243425,1800000,9000000,2754000000,153.00000000000003
255,0.8062059050087719,0.293990853725304,0.01619669286517898,0.09403128502871988,1800000,9000000,2764800000,153.60000000000002
256,0.8050923042792298,0.29669189434347226,0.016669625232204967,0.09371836922802874,1800000,9000000,2775600000,154.20000000000002
257,0.8078389422070494,0.29302911178418073,0.0169401940524791,0.09340649474351545,1800000,9000000,2786400000,154.8
258,0.8082133191563277,0.29722649690188596,0.01570187339527842,0.09309565810990474,1800000,9000000,2797200000,155.40000000000003
259,0.808550198691988,0.2914492455743495,0.014521851501452339,0.09278585587345302,1800000,9000000,2808000000,156.00000000000003
260,0.805950502811723,0.2941780466015731,0.01665164600138792,0.09247708459191002,1800000,9000000,2818800000,156.60000000000002
261,0.8070720094730464,0.29119107341926465,0.016985465830246533,0.09216934083448058,1800000,9000000,2829600000,157.20000000000002
262,0.8066632445253302,0.2969919370813365,0.01571121610663039,0.09186262118178642,1800000,9000000,2840400000,157.8
263,0.807754842408659,0.2944558337560266,0.01748764156673551,0.09155692222582827,1800000,9000000,2851200000,158.40000000000003
264,0.8058331751701162,0.29192134923043206,0.014478668555967654,0.0912522405699479,1800000,9000000,2862000000,159.00000000000003
265,0.8069957038351339,0.29476733752885326,0.016604641577655573,0.09094857282879044,1800000,9000000,2872800000,159.60000000000002
266,0.8050158983256016,0.2978090026349929,0.017263366946462588,0.09064591562826678,1800000,9000000,2883600000,160.20000000000002
267,0.8079779703339165,0.2929569313723333,0.017224879755358576,0.090344265605516,1800000,9000000,2894400000,160.8
268,0.8086732660025607,0.29182117182061174,0.016546412111808406,0.0900436194088681,1800000,9000000,2905200000,161.40000000000003
269,0.8068993825878507,0.291927553694262,0.01572886282051705,0.08974397369780665,1800000,9000000,2916000000,162.00000000000003
270,0.8081378805269236,0.2937834242925697,0.014890778809115124,0.08944532514293181,1800000,9000000,2926800000,162.60000000000002
271,0.8055576426874287,0.2962189238118937,0.014534697955365414,0.08914767042592323,1800000,9000000,2937600000,163.20000000000002
272,0.8078267537677211,0.29309916401744346,0.016346094838261344,0.08885100623950319,1800000,9000000,2948400000,163.8
273,0.8067696151049598,0.28747903554004783,0.013093886078528481,0.08855532928739991,1800000,9000000,2959200000,164.40000000000003
274,0.8071126486879813,0.2978314057763215,0.013630388669250497,0.08826063628431091,1800000,9000000,2970000000,165.00000000000003
275,0.8051989914782947,0.29554132850211334,0.01550669968027012,0.08796692395586642,1800000,9000000,2980800000,165.60000000000002
276,0.8086979434205303,0.3004463986451679,0.015553417365647453,0.08767418903859311,1800000,9000000,2991600000,166.20000000000002
277,0.8052754309644081,0.2973160603893875,0.015324750783857585,0.0873824282798778,1800000,9000000,3002400000,166.8
278,0.8092739014937929,0.29032373913732656,0.016819653038384463,0.08709163843793126,1800000,9000000,3013200000,167.40000000000003
279,0.8015270607392837,0.295928871979206,0.015346271194349524,0.08680181628175224,1800000,9000000,3024000000,168.00000000000003
280,0.8059672628224889,0.29166940985966644,0.014780747154551951,0.08651295859109161,1800000,9000000,3034800000,168.60000000000002
281,0.8095171471300919,0.2909194173391631,0.013516556066383245,0.0862250621564165,1800000,9000000,3045600000,169.20000000000002
282,0.806753172786488,0.29129480921232304,0.014740822140284469,0.08593812377887465,1800000,9000000,3056400000,169.8
283,0.8039768755792515,0.2969369410612937,0.01389401352817001,0.08565214027025891,1800000,9000000,3067200000,170.40000000000003
284,0.8051551435105784,0.29448825041022647,0.01577092985134624,0.08536710845297184,1800000,9000000,3078000000,171.00000000000003
285,0.8081975351851578,0.2919372817186292,0.014875637104413352,0.08508302515999028,1800000,9000000,3088800000,171.60000000000002
286,0.8071215545885232,0.29495438084001213,0.014833743287666748,0.08479988723483026,1800000,9000000,3099600000,172.20000000000002
287,0.8057738163129372,0.2950526077183989,0.013882406431272663,0.08451769153151197,1800000,9000000,3110400000,172.8
288,0.8084161074393659,0.28812370601400783,0.014840948284496018,0.08423643491452465,1800000,9000000,3121200000,173.40000000000003
289,0.8062276732081256,0.2916811088891802,0.013866881416513271,0.08395611425879189,1800000,9000000,3132000000,174.00000000000003
290,0.808223935414828,0.29338488650218597,0.01315523906462805,0.08367672644963688,1800000,9000000,3142800000,174.60000000000002
291,0.8067264386991948,0.29593111543926126,0.01469093458821317,0.08339826838274775,1800000,9000000,3153600000,175.20000000000002
292,0.8063087600189123,0.29182809213677235,0.014308321585617137,0.08312073696414307,1800000,9000000,3164400000,175.80000000000004
293,0.8052161343268942,0.2930826839877481,0.01369294318940832,0.08284412911013761,1800000,9000000,3175200000,176.40000000000003
294,0.8074093348362379,0.28992021250942984,0.015513711261790141,0.0825684417473079,1800000,9000000,3186000000,177.00000000000003
295,0.8088022080249861,0.2876839659380216,0.015308874586349849,0.08229367181245818,1800000,9000000,3196800000,177.60000000000002
296,0.808726369204494,0.28808537354184205,0.014475079483477614,0.08201981625258635,1800000,9000000,3207600000,178.20000000000002
297,0.8067258623468246,0.2929147029166884,0.013816515049630133,0.08174687202485005,1800000,9000000,3218400000,178.80000000000004
298,0.808078824316692,0.2893146750428126,0.013863189016914303,0.08147483609653282,1800000,9000000,3229200000,179.40000000000003
299,0.8072994708161643,0.28981584248774317,0.013726521697196998,0.08120370544501043,1800000,9000000,3240000000,180.00000000000003
300,0.8077273824516208,0.2975655631234709,0.012296875753335589,0.08093347705771732,1800000,9000000,3250800000,180.60000000000002
301,0.8073886973498907,0.2894185225521908,0.014088926248930536,0.08066414793211302,1800000,9000000,3261600000,181.20000000000002
302,0.8083260928818151,0.29305138097599237,0.01390249720470641,0.080395715075649,1800000,9000000,3272400000,181.80000000000004
303,0.8045838671907558,0.29632416238017095,0.013503840478506193,0.08012817550573513,1800000,9000000,3283200000,182.40000000000003
304,0.8068132955558367,0.2928301457631366,0.014019753897055849,0.0798615262497068,1800000,9000000,3294000000,183.00000000000003
305,0.8084050262806433,0.2916776687170039,0.013126181107767528,0.07959576434479178,1800000,9000000,3304800000,183.60000000000002
306,0.8067067532244736,0.2895160018935975,0.011969926136799229,0.07933088683807722,1800000,9000000,3315600000,184.20000000000002
307,0.807412781294865,0.29333361723133,0.010776226662179976,0.07906689078647704,1800000,9000000,3326400000,184.80000000000004
308,0.8083031832739489,0.2898489643771363,0.011240898218352145,0.07880377325669904,1800000,9000000,3337200000,185.40000000000003
309,0.8078550677107413,0.29459174086973455,0.014393722862504992,0.07854153132521242,1800000,9000000,3348000000,186.00000000000003
310,0.8061988566324753,0.2881792683151437,0.01270914792271703,0.07828016207821521,1800000,9000000,3358800000,186.60000000000002
311,0.8063375004010317,0.2897943671314911,0.013023071690835443,0.07801966261160202,1800000,9000000,3369600000,187.20000000000002
312,0.8072915646100812,0.2923954736869389,0.013266689172453187,0.07776003003093164,1800000,9000000,3380400000,187.80000000000004
313,0.8054344524067946,0.2949595270176504,0.012671353350049265,0.07750126145139492,1800000,9000000,3391200000,188.40000000000003
314,0.8058438869914323,0.29480339402055,0.012372759129526527,0.07724335399778277,1800000,9000000,3402000000,189.00000000000003
315,0.8085051769925242,0.29326108336931817,0.013310446568621818,0.07698630480445418,1800000,9000000,3412800000,189.60000000000002
316,0.8065706476505562,0.29003802499677367,0.012139137169352821,0.07673011101530436,1800000,9000000,3423600000,190.20000000000002
317,0.8047870484512061,0.29246570035994385,0.012485028335308897,0.07647476978373298,1800000,9000000,3434400000,190.80000000000004
318,0.8061770573453645,0.298343966411531,0.013379282089941524,0.07622027827261263,1800000,9000000,3445200000,191.40000000000003
319,0.8055076076465212,0.29419745170189976,0.012836874497244485,0.07596663365425728,1800000,9000000,3456000000,192.00000000000003
320,0.8092717378601099,0.2852187989714146,0.011143336864570724,0.07571383311039072,1800000,9000000,3466800000,192.60000000000002
321,0.8061971958941695,0.2904968296537674,0.013884948677776482,0.07546187383211546,1800000,9000000,3477600000,193.20000000000002
322,0.8053730807501477,0.2907041687588317,0.013583061357608412,0.07521075301988138,1800000,9000000,3488400000,193.80000000000004
323,0.8072690002420002,0.29388642009956883,0.011153505083949713,0.07496046788345459,1800000,9000000,3499200000,194.40000000000003
324,0.8068452058654877,0.2946435618173257,0.013014355577654964,0.0747110156418866,1800000,9000000,3510000000,195.00000000000003
325,0.8088738965250584,0.2918894716892987,0.011534322713641645,0.07446239352348329,1800000,9000000,3520800000,195.60000000000002
326,0.8071077344394855,0.2952337454862807,0.012051342533292084,0.07421459876577408,1800000,9000000,3531600000,196.20000000000002
327,0.8076402752489167,0.2874911720903614,0.010082985254124974,0.07396762861548134,1800000,9000000,3542400000,196.80000000000004
328,0.8056753900451331,0.2933935104900109,0.012582818335694697,0.07372148032848977,1800000,9000000,3553200000,197.40000000000003
329,0.8062401691323093,0.2978289341110621,0.01193668607453321,0.07347615116981583,1800000,9000000,3564000000,198.00000000000003
330,0.8058609329898249,0.28876001911742705,0.011087795633978836,0.07323163841357751,1800000,9000000,3574800000,198.60000000000002
331,0.806424999441767,0.2934406337110359,0.01140230859754798,0.07298793934296385,1800000,9000000,3585600000,199.20000000000002
332,0.808463499594601,0.2925757566912919,0.012132905971970198,0.0727450512502049,1800000,9000000,3596400000,199.80000000000004
333,0.8073855268424057,0.29711333605003265,0.010476509406900309,0.0725029714365416,1800000,9000000,3607200000,200.40000000000003
334,0.806704136357125,0.2941989104443864,0.011012304984109095,0.07226169721219572,1800000,9000000,3618000000,201.00000000000003
335,0.8048034778388904,0.29605863827200246,0.012938449468070748,0.07202122589634008,1800000,9000000,3628800000,201.60000000000002
336,0.8068058727681305,0.2919966395234562,0.012085847760566816,0.07178155481706869,1800000,9000000,3639600000,202.20000000000002
337,0.8081995404861909,0.2895199985693013,0.013829706044380781,0.0715426813113671,1800000,9000000,3650400000,202.80000000000004
338,0.8081959868710458,0.2908288703683584,0.01042440961739853,0.07130460272508277,1800000,9000000,3661200000,203.40000000000003
339,0.8092942773868177,0.2920699306822728,0.011161520017719999,0.07106731641289565,1800000,9000000,3672000000,204.00000000000003
340,0.8067057306384318,0.28796523015465764,0.012585164218469495,0.0708308197382887,1800000,9000000,3682800000,204.60000000000002
341,0.8070294609788522,0.29694335214583706,0.012126097292542635,0.07059511007351867,1800000,9000000,3693600000,205.20000000000002
342,0.8059021501539477,0.2945366161162499,0.012104077486058995,0.07036018479958688,1800000,9000000,3704400000,205.80000000000004
343,0.8065917086006685,0.2892953141195857,0.01279989110701509,0.07012604130621002,1800000,9000000,3715200000,206.40000000000003
344,0.805443906640058,0.28981687276375867,0.009585924121543226,0.06989267699179139,1800000,9000000,3726000000,207.00000000000003
345,0.8049125660617192,0.29689416359946774,0.011926302772780197,0.06966008926339172,1800000,9000000,3736800000,207.60000000000002
346,0.8051211449784744,0.2979819232868461,0.012828821967205254,0.06942827553670051,1800000,9000000,3747600000,208.20000000000002
347,0.8067883081184019,0.2957359346153089,0.01161475749343445,0.06919723323600736,1800000,9000000,3758400000,208.80000000000004
348,0.8059690953158246,0.2948174496489484,0.011959793993527696,0.06896695979417317,1800000,9000000,3769200000,209.40000000000003
349,0.8078309012595452,0.29290923976257494,0.012663846851138786,0.06873745265260178,1800000,9000000,3780000000,210.00000000000003
350,0.8057091723882025,0.2926769825406404,0.009766620293131576,0.06850870926121148,1800000,9000000,3790800000,210.60000000000002
351,0.8081076753144139,0.29250623802260256,0.010918244033285122,0.06828072707840671,1800000,9000000,3801600000,211.20000000000005
352,0.8062156536958622,0.2993122330044225,0.011280826076033937,0.06805350357104971,1800000,9000000,3812400000,211.80000000000004
353,0.8078890790470803,0.29465910026553904,0.01079192830781517,0.06782703621443252,1800000,9000000,3823200000,212.40000000000003
354,0.8091438347126985,0.2912323825194922,0.009631813768270336,0.06760132249224887,1800000,9000000,3834000000,213.00000000000003
355,0.8058703683824195,0.29393016866780125,0.01151054295096564,0.06737635989656618,1800000,9000000,3844800000,213.60000000000002
356,0.8073433765493573,0.2935236311705709,0.010791156135269181,0.06715214592779772,1800000,9000000,3855600000,214.20000000000005
357,0.8095896731763667,0.2905335623243602,0.012134512321470968,0.0669286780946749,1800000,9000000,3866400000,214.80000000000004
358,0.8074274248333677,0.29043723446097724,0.010520738473353728,0.06670595391421945,1800000,9000000,3877200000,215.40000000000003
359,0.8085757663279194,0.2847952733439443,0.011133576148015661,0.066483970911716,1800000,9000000,3888000000,216.00000000000003
360,0.8078171226346152,0.29396743630120875,0.010997598318354774,0.06626272662068447,1800000,9000000,3898800000,216.60000000000002
361,0.810228628957092,0.2952256414779898,0.01276342684825133,0.06604221858285264,1800000,9000000,3909600000,217.20000000000005
362,0.8080938770766655,0.2889506810513144,0.012139302676245757,0.06582244434812895,1800000,9000000,3920400000,217.80000000000004
363,0.8077660366369956,0.29387169950658076,0.011951546296451922,0.06560340147457523,1800000,9000000,3931200000,218.40000000000003
364,0.8071366720100455,0.2896061754388161,0.010906440853514915,0.06538508752837947,1800000,9000000,3942000000,219.00000000000003
365,0.8072613986807303,0.2959756526709297,0.010855076140771556,0.06516750008382895,1800000,9000000,3952800000,219.60000000000002
366,0.808036346589137,0.2837475665307813,0.010272119884151007,0.06495063672328313,1800000,9000000,3963600000,220.20000000000005
367,0.8088024449082805,0.2936311594186729,0.009241119890343204,0.0647344950371469,1800000,9000000,3974400000,220.80000000000004
368,0.8053266769452593,0.29564524106112317,0.00907735693185652,0.06451907262384375,1800000,9000000,3985200000,221.40000000000003
369,0.8038699591621155,0.30236826200220673,0.008899950523416066,0.06430436708978908,1800000,9000000,3996000000,222.00000000000003
370,0.8069994722801225,0.2927316681991041,0.012099723925529143,0.06409037604936363,1800000,9000000,4006800000,222.60000000000002
371,0.805335045221781,0.29892760941736346,0.01123970101388036,0.063877097124887,1800000,9000000,4017600000,223.20000000000005
372,0.8043094890750134,0.3027396552365196,0.011459150147664375,0.06366452794659114,1800000,9000000,4028400000,223.80000000000004
373,0.8097315156438861,0.2890220895839802,0.008677254570562714,0.06345266615259412,1800000,9000000,4039200000,224.40000000000003
374,0.8092939809336972,0.29095645586009516,0.008432440259780814,0.06324150938887384,1800000,9000000,4050000000,225.00000000000003
375,0.8052656484220184,0.2914663195243227,0.01095432798530052,0.06303105530924182,1800000,9000000,4060800000,225.60000000000002
376,0.8094867377206888,0.2957341026345706,0.009893180190877197,0.06282130157531728,1800000,9000000,4071600000,226.20000000000005
377,0.8079148981333208,0.29146176831972004,0.00981285744031303,0.06261224585650099,1800000,9000000,4082400000,226.80000000000004
378,0.8063503150624501,0.2962792846208749,0.010306522715756047,0.06240388582994949,1800000,9000000,4093200000,227.40000000000003
379,0.8044095857516294,0.29447480734087633,0.008999879094255663,0.06219621918054922,1800000,9000000,4104000000,228.00000000000003
380,0.8068392816723722,0.29644032237843904,0.010356637663439115,0.061989243600890837,1800000,9000000,4114800000,228.60000000000002
381,0.8062554804656613,0.291591409443948,0.00795886329253206,0.06178295679124355,1800000,9000000,4125600000,229.20000000000005
382,0.8081518366214934,0.2943518986931363,0.010359335901304419,0.06157735645952957,1800000,9000000,4136400000,229.80000000000004
383,0.8083054714149188,0.2952417214879865,0.009161250742381062,0.061372440321298655,1800000,9000000,4147200000,230.40000000000003
384,0.8079705466502235,0.2967355296669693,0.009121820121875483,0.06116820609970271,1800000,9000000,4158000000,231.00000000000003
385,0.8070986148717548,0.295573476811718,0.010836178651166355,0.0609646515254705,1800000,9000000,4168800000,231.60000000000002
386,0.8065739180901578,0.2914566253617426,0.00930902137887566,0.060761774336882464,1800000,9000000,4179600000,232.20000000000005
387,0.8051501494653391,0.300825999072292,0.010407118345004789,0.06055957227974552,1800000,9000000,4190400000,232.80000000000004
388,0.8086125114031382,0.29434702782472266,0.008983759874007463,0.06035804310736805,1800000,9000000,4201200000,233.40000000000003
389,0.8061821710416447,0.2891530259523611,0.010418543643854843,0.060157184580534956,1800000,9000000,4212000000,234.00000000000003
390,0.8064744569287822,0.2995823062099707,0.00874983920401888,0.05995699446748277,1800000,9000000,4222800000,234.60000000000002
391,0.8103246327793822,0.2925283751374303,0.010165414088650992,0.05975747054387485,1800000,9000000,4233600000,235.20000000000005
392,0.8084913970991449,0.2939057700379042,0.009618430155644097,0.05955861059277665,1800000,9000000,4244400000,235.80000000000004
393,0.807681937888698,0.29418333482483444,0.011051859281255188,0.0593604124046311,1800000,9000000,4255200000,236.40000000000003
394,0.8092650741048364,0.28952689037861856,0.007707347812832447,0.0591628737772341,1800000,9000000,4266000000,237.00000000000003
395,0.8077651526840839,0.29326434545360675,0.009321387478906982,0.05896599251570996,1800000,9000000,4276800000,237.60000000000002
396,0.8096197271895755,0.2893200080150666,0.009501507608015476,0.058769766432487075,1800000,9000000,4287600000,238.20000000000005
397,0.8049948846086875,0.29547862235454253,0.01013130768634187,0.05857419334727365,1800000,9000000,4298400000,238.80000000000004
398,0.8057254834211481,0.2937185548728258,0.009966946230404906,0.05837927108703333,1800000,9000000,4309200000,239.40000000000003
399,0.8069153991604383,0.2871543187955771,0.00874554731694075,0.05818499748596127,1800000,9000000,4320000000,240.00000000000003
400,0.8061523168600293,0.2999848102913809,0.011205259483037713,0.05799137038545989,1800000,9000000,4330800000,240.60000000000002
401,0.8090919052934399,0.28838160194761125,0.008642078497704106,0.05779838763411496,1800000,9000000,4341600000,241.20000000000005
402,0.8074152033998351,0.2877610170977701,0.009822588406488478,0.05760604708767172,1800000,9000000,4352400000,241.80000000000004
403,0.8054639242450354,0.30258447425644935,0.008986394718321598,0.057414346609011,1800000,9000000,4363200000,242.40000000000003
404,0.8087786678374176,0.2917076158687792,0.008765433124211498,0.05722328406812549,1800000,9000000,4374000000,243.00000000000003
405,0.8031241065567646,0.2973761254651357,0.008484503555719324,0.05703285734209613,1800000,9000000,4384800000,243.60000000000002
406,0.8072002986784583,0.29040795000248004,0.00917064658914741,0.05684306431506844,1800000,9000000,4395600000,244.20000000000005
407,0.805544662151694,0.2983152949321691,0.009541048117241088,0.05665390287822906,1800000,9000000,4406400000,244.80000000000004
408,0.8062404110005851,0.29001606971734645,0.011079240447952428,0.056465370929782294,1800000,9000000,4417200000,245.40000000000003
409,0.810219084017752,0.2882985216330826,0.007348520074369587,0.05627746637492678,1800000,9000000,4428000000,246.00000000000003
410,0.805297176220665,0.29545160910909163,0.01049623565987699,0.05609018712583219,1800000,9000000,4438800000,246.60000000000002
411,0.8108836952933786,0.2865074306141025,0.008564046631248937,0.05590353110161606,1800000,9000000,4449600000,247.20000000000005
412,0.8066411216400652,0.2871955550902099,0.008829125986596416,0.05571749622832065,1800000,9000000,4460400000,247.80000000000004
413,0.8060182520592423,0.2973757571607572,0.01086255118383159,0.05553208043888989,1800000,9000000,4471200000,248.40000000000003
414,0.8057415917195159,0.29962009733529005,0.007275275417492944,0.05534728167314643,1800000,9000000,4482000000,249.00000000000003
415,0.8065383351825731,0.2959310447432336,0.008033016195717746,0.05516309787776877,1800000,9000000,4492800000,249.60000000000002
416,0.8093730532122543,0.29342571382598953,0.009249684220386,0.05497952700626836,1800000,9000000,4503600000,250.20000000000005
417,0.8097801134845136,0.28662866681915466,0.008820244270720803,0.054796567018967006,1800000,9000000,4514400000,250.80000000000004
418,0.807372134055822,0.29373330402343434,0.007350926556221888,0.05461421588297405,1800000,9000000,4525200000,251.40000000000003
419,0.8072858131225126,0.28734206323668343,0.008607854569448492,0.05443247157216389,1800000,9000000,4536000000,252.00000000000003
420,0.80693140318134,0.2927834488891131,0.008666656301726541,0.05425133206715343,1800000,9000000,4546800000,252.60000000000005
421,0.8088681902434092,0.29455859693076447,0.009354631066133053,0.05407079535527962,1800000,9000000,4557600000,253.20000000000005
422,0.8077610370799891,0.2918698325148975,0.00732029627409906,0.05389085943057717,1800000,9000000,4568400000,253.80000000000004
423,0.8067122217081255,0.2952769060395275,0.006753653457193045,0.05371152229375616,1800000,9000000,4579200000,254.40000000000003
424,0.8085399740897163,0.28920836420991247,0.007495039441812969,0.053532781952179885,1800000,9000000,4590000000,255.00000000000003
425,0.8072441983850754,0.29599935806220046,0.008426433839094931,0.05335463641984271,1800000,9000000,4600800000,255.60000000000005
426,0.8070403036855897,0.2964120757794178,0.008388621830228015,0.05317708371734802,1800000,9000000,4611600000,256.20000000000005
427,0.8065978381761723,0.2916339219463032,0.007578057448738929,0.05300012187188616,1800000,9000000,4622400000,256.8
428,0.8053223476208647,0.2964239406069985,0.0071687950849515765,0.05282374891721258,1800000,9000000,4633200000,257.40000000000003
429,0.8062340946762856,0.2941713170818247,0.008055552342654898,0.052647962893626,1800000,9000000,4644000000,258.00000000000006
430,0.8062601190685055,0.2913794718846164,0.008435171675138282,0.05247276184794653,1800000,9000000,4654800000,258.6
431,0.8059364894382933,0.29598470342474614,0.008119837870585903,0.05229814383349411,1800000,9000000,4665600000,259.20000000000005
432,0.8061841274604034,0.2938102860454166,0.006114108491327975,0.05212410691006679,1800000,9000000,4676400000,259.8
433,0.8092648980980217,0.28837393166221653,0.008442693699155426,0.051950649143919156,1800000,9000000,4687200000,260.40000000000003
434,0.8020337072613581,0.2955029045344906,0.007585042081577756,0.05177776860774092,1800000,9000000,4698000000,261.00000000000006
435,0.8090704492989226,0.2896976396031473,0.007903955314003414,0.051605463380635486,1800000,9000000,4708800000,261.6
436,0.8069782596436951,0.2948929171969597,0.007295749048890295,0.05143373154809852,1800000,9000000,4719600000,262.20000000000005
437,0.8050698374162202,0.29219800973856735,0.008164957726733696,0.051262571201996794,1800000,9000000,4730400000,262.8
438,0.8085517159126617,0.29298708783155397,0.007296155534431089,0.05109198044054694,1800000,9000000,4741200000,263.40000000000003
439,0.8067536192405803,0.28965514135484044,0.0068741991962141934,0.05092195736829428,1800000,9000000,4752000000,264.00000000000006
440,0.805368097463122,0.2968690535409959,0.007268844859548074,0.05075250009609183,1800000,9000000,4762800000,264.6
441,0.8087044707599557,0.2950626138348065,0.0065415700560564815,0.05058360674107924,1800000,9000000,4773600000,265.20000000000005
442,0.8091544685010108,0.29141334011398456,0.007638317443386774,0.05041527542666197,1800000,9000000,4784400000,265.8
443,0.8067795724515125,0.2930312305359101,0.007449861881052838,0.05024750428249035,1800000,9000000,4795200000,266.40000000000003
444,0.8078438517100043,0.29188991902941874,0.006964305542403218,0.050080291444438804,1800000,9000000,4806000000,267.00000000000006
445,0.8061449957903016,0.2910733523024409,0.0076307894202236595,0.0499136350545852,1800000,9000000,4816800000,267.6
446,0.8053125137283135,0.2983079220050715,0.0068410645834521555,0.04974753326119018,1800000,9000000,4827600000,268.20000000000005
447,0.8076204002401218,0.2964474841651427,0.0076165473729647186,0.04958198421867652,1800000,9000000,4838400000,268.80000000000007
448,0.809919988975359,0.2859208369837136,0.006475677030389053,0.04941698608760872,1800000,9000000,4849200000,269.40000000000003
449,0.8055135553271238,0.29134535222828567,0.0055836925110061475,0.04925253703467255,1800000,9000000,4860000000,270.00000000000006
450,0.8106496364650654,0.2868328711779759,0.00826935969882379,0.04908863523265456,1800000,9000000,4870800000,270.6
451,0.8078002017916799,0.2939465546996229,0.006996525193202502,0.04892527886042197,1800000,9000000,4881600000,271.20000000000005
452,0.8062762808283802,0.2938369471009907,0.007539618436419596,0.048762466102902295,1800000,9000000,4892400000,271.80000000000007
453,0.8064047105063471,0.29275317574694065,0.009002124457892717,0.0486001951510632,1800000,9000000,4903200000,272.40000000000003
454,0.8089757047361998,0.2905618715509436,0.005015315867048722,0.04843846420189246,1800000,9000000,4914000000,273.00000000000006
455,0.8077367050538062,0.2923185785076104,0.006571222091420771,0.04827727145837786,1800000,9000000,4924800000,273.6
456,0.806777076685579,0.29647061567742655,0.0077652685084017075,0.04811661512948724,1800000,9000000,4935600000,274.20000000000005
457,0.8073677334918158,0.29596484568746273,0.009180795103572881,0.047956493430148656,1800000,9000000,4946400000,274.80000000000007
458,0.806391140611117,0.29492700349488066,0.0071715398173833956,0.047796904581230454,1800000,9000000,4957200000,275.40000000000003
459,0.8072735490831031,0.29055359707845435,0.00782127344341298,0.04763784680952156,1800000,9000000,4968000000,276.00000000000006
460,0.8054536795240586,0.29900033604937676,0.009030100146319282,0.04747931834771174,1800000,9000000,4978800000,276.6
461,0.8061743080959857,0.29462013117544145,0.007497489087144957,0.04732131743437206,1800000,9000000,4989600000,277.20000000000005
462,0.8073539508546885,0.29337453316644396,0.0070723479501857,0.047163842313935146,1800000,9000000,5000400000,277.80000000000007
463,0.8077458695195303,0.29543531701216497,0.006708933866267284,0.04700689123667585,1800000,9000000,5011200000,278.40000000000003
464,0.8071423371528587,0.2944827321997591,0.007153545246120951,0.04685046245869167,1800000,9000000,5022000000,279.00000000000006
465,0.8066878114210748,0.2918503775269991,0.005791845450684863,0.04669455424188347,1800000,9000000,5032800000,279.6
466,0.808371993089477,0.29496251942500123,0.004950590576201258,0.04653916485393615,1800000,9000000,5043600000,280.20000000000005
467,0.807025922120011,0.2908476084768355,0.006473994073020383,0.046384292568299325,1800000,9000000,5054400000,280.80000000000007
468,0.8095816617521426,0.28614519963434265,0.006438673050980921,0.04622993566416824,1800000,9000000,5065200000,281.40000000000003
469,0.8077274979876387,0.29347657408382477,0.006646693322347961,0.046076092426464606,1800000,9000000,5076000000,282.00000000000006
470,0.8063567482738434,0.29147566263240005,0.007891918260715225,0.04592276114581752,1800000,9000000,5086800000,282.6
471,0.8081795865986962,0.29402678838575097,0.0066118310942406494,0.0457699401185445,1800000,9000000,5097600000,283.20000000000005
472,0.8070526493488839,0.29599720469939017,0.008020557183550377,0.04561762764663259,1800000,9000000,5108400000,283.80000000000007
473,0.8069382194009707,0.2956469555173524,0.005726235647839382,0.045465822037719386,1800000,9000000,5119200000,284.40000000000003
474,0.8076416741283436,0.2969752352579878,0.006652580438343603,0.045314521605074355,1800000,9000000,5130000000,285.00000000000006
475,0.8077599836823895,0.2947833750320503,0.006925427906599977,0.04516372466758004,1800000,9000000,5140800000,285.6
476,0.8065315028550014,0.29188130998140865,0.00614302011142868,0.04501342954971334,1800000,9000000,5151600000,286.20000000000005
477,0.8069907392488862,0.2916933877583211,0.00759805230540737,0.04486363458152695,1800000,9000000,5162400000,286.80000000000007
478,0.8073940939249767,0.2940446019598304,0.005806675754704312,0.044714338098630825,1800000,9000000,5173200000,287.40000000000003
479,0.8072762523559085,0.29027892109822145,0.007011727487142879,0.04456553844217358,1800000,9000000,5184000000,288.00000000000006
480,0.806683813307137,0.29451641496434794,0.0062830828771792335,0.04441723395882419,1800000,9000000,5194800000,288.6
481,0.8072022721803785,0.29389820689911866,0.0060568638498067545,0.04426942300075353,1800000,9000000,5205600000,289.20000000000005
482,0.8088436932844449,0.291807478502587,0.007265252435495613,0.04412210392561611,1800000,9000000,5216400000,289.80000000000007
483,0.8099141419935095,0.2858992532666689,0.006065771722733887,0.04397527509653179,1800000,9000000,5227200000,290.40000000000003
484,0.8073210733615075,0.2887377406015048,0.006558726301604336,0.043828934882067634,1800000,9000000,5238000000,291.00000000000006
485,0.8077196667545801,0.2900816560403951,0.009612856066868198,0.043683081656219744,1800000,9000000,5248800000,291.6
486,0.8036542165290465,0.2952274076636694,0.006902049554665465,0.043537713798395224,1800000,9000000,5259600000,292.20000000000005
487,0.8084428308994072,0.29027981592663493,0.006642595818702693,0.04339282969339417,1800000,9000000,5270400000,292.80000000000007
488,0.8070603488833802,0.2888014483300271,0.006573725882064995,0.04324842773139169,1800000,9000000,5281200000,293.40000000000003
489,0.8078798126374354,0.28736613938182987,0.00634552052011918,0.04310450630792006,1800000,9000000,5292000000,294.00000000000006
490,0.8050315582414341,0.29432228410390515,0.005719944262512429,0.04296106382385086,1800000,9000000,5302800000,294.6
491,0.8082089099041848,0.29155921787140715,0.0056739942917022335,0.042818098685377254,1800000,9000000,5313600000,295.20000000000005
492,0.8082923195861147,0.2966738457147811,0.0050101649897408285,0.04267560930399622,1800000,9000000,5324400000,295.80000000000007
493,0.807236088825585,0.2928938626183763,0.008722268194303455,0.04253359409649095,1800000,9000000,5335200000,296.40000000000003
494,0.8087353338261513,0.29136772134837274,0.006879341117900603,0.04239205148491322,1800000,9000000,5346000000,297.00000000000006
495,0.806557367891362,0.29539849090462117,0.00614754923685191,0.04225097989656591,1800000,9000000,5356800000,297.6
496,0.8053472636055935,0.2973948828016152,0.007092379056087201,0.042110377763985456,1800000,9000000,5367600000,298.20000000000005
497,0.8081730454161742,0.29719774371181307,0.005459847370266153,0.041970243524924504,1800000,9000000,5378400000,298.80000000000007
498,0.8085466146693306,0.292606165889909,0.006107250002208143,0.04183057562233452,1800000,9000000,5389200000,299.40000000000003
499,0.8033462283609387,0.29995980786002174,0.00477848214881338,0.04169137250434846,1800000,9000000,5400000000,300.00000000000006
500,0.8078458467984906,0.29694385881216095,0.006620406352120496,0.041552632624263605,1800000,9000000,5410800000,300.6
501,0.8063704522171383,0.290413317282251,0.00692326413038959,0.0414143544405243,1800000,9000000,5421600000,301.20000000000005
502,0.8074152091005298,0.29516271989834025,0.004526208407136048,0.04127653641670483,1800000,9000000,5432400000,301.80000000000007
503,0.808719500085542,0.2922346699669818,0.006609145011053512,0.04113917702149243,1800000,9000000,5443200000,302.40000000000003
504,0.8061096359540073,0.2960923304295199,0.005840979249955903,0.04100227472867019,1800000,9000000,5454000000,303.00000000000006
505,0.8073076008685401,0.2894038280166598,0.0059561452470240075,0.0408658280171001,1800000,9000000,5464800000,303.6
506,0.8071912708367589,0.29325211107319515,0.005221528556629859,0.04072983537070618,1800000,9000000,5475600000,304.20000000000005
507,0.8092361595126458,0.29542531848444226,0.006216311238300067,0.04059429527845764,1800000,9000000,5486400000,304.80000000000007
508,0.8074414646579103,0.29019081989612966,0.005352274336253289,0.04045920623435205,1800000,9000000,5497200000,305.40000000000003
509,0.8088005481267896,0.2932504805318839,0.007174627817147441,0.040324566737398634,1800000,9000000,5508000000,306.00000000000006
510,0.806990568243596,0.2886594261543998,0.006885547260084098,0.040190375291601625,1800000,9000000,5518800000,306.6
511,0.8074204040607086,0.2902623268712464,0.00466813374550528,0.04005663040594355,1800000,9000000,5529600000,307.20000000000005
512,0.8067801360879292,0.29287804007575874,0.006314074277234448,0.03992333059436875,1800000,9000000,5540400000,307.80000000000007
513,0.8039901340635232,0.2922095395958082,0.006326184827057491,0.03979047437576686,1800000,9000000,5551200000,308.40000000000003
514,0.8062668230754481,0.293569523951737,0.006274585627278457,0.039658060273956276,1800000,9000000,5562000000,309.00000000000006
515,0.8079709242751523,0.2917783184325267,0.004717261328612429,0.039526086817667866,1800000,9000000,5572800000,309.6
516,0.8078646695725895,0.28601330521559043,0.005078254539727836,0.03939455254052851,1800000,9000000,5583600000,310.20000000000005
517,0.8076709816976329,0.29679068196103287,0.004563498206918886,0.039263455981044894,1800000,9000000,5594400000,310.80000000000007
518,0.8100616517547355,0.29198320340724915,0.007063095227503501,0.039132795682587256,1800000,9000000,5605200000,311.40000000000003
519,0.807565682903116,0.2922247426411742,0.0050903415169653255,0.03900257019337312,1800000,9000000,5616000000,312.00000000000006
520,0.8065405933124836,0.29433005916744126,0.007014565589502834,0.03887277806645128,1800000,9000000,5626800000,312.6
521,0.8082885914032096,0.29324473229630355,0.0059892756466097905,0.03874341785968567,1800000,9000000,5637600000,313.20000000000005
522,0.808493318567483,0.29330405656550945,0.004444595051964494,0.03861448813573931,1800000,9000000,5648400000,313.80000000000007
523,0.8102889203783744,0.2919415260704923,0.007446253540819051,0.0384859874620584,1800000,9000000,5659200000,314.40000000000003
524,0.8076482090338034,0.2932486720859674,0.003675265772411346,0.03835791441085635,1800000,9000000,5670000000,315.00000000000006
525,0.8092497759480347,0.29438356591659115,0.005797432939974177,0.03823026755909793,1800000,9000000,5680800000,315.6
526,0.8067189775896456,0.29441669330753856,0.005025270602622213,0.038103045488483485,1800000,9000000,5691600000,316.20000000000005
527,0.8067278253173128,0.2971952207864108,0.004198252704361352,0.03797624678543314,1800000,9000000,5702400000,316.80000000000007
528,0.8087741972823602,0.29366118685019826,0.008272576032428593,0.03784987004107112,1800000,9000000,5713200000,317.40000000000003
529,0.8067482141732633,0.2939120717298936,0.0068958519178898055,0.03772391385121006,1800000,9000000,5724000000,318.00000000000006
530,0.8065595678739503,0.29214741168541575,0.0037517540837433204,0.03759837681633546,1800000,9000000,5734800000,318.6
531,0.8071720292642179,0.294087899098047,0.006386828861027002,0.037473257541590074,1800000,9000000,5745600000,319.20000000000005
532,0.8092729938283932,0.28746454861008225,0.004044207059431223,0.03734855463675846,1800000,9000000,5756400000,319.80000000000007
533,0.8048169897048931,0.2918712408991344,0.006205923510668206,0.037224266716251495,1800000,9000000,5767200000,320.40000000000003
534,0.8089855787267689,0.29491578147275777,0.0063363356063070924,0.037100392399091006,1800000,9000000,5778000000,321.00000000000006
535,0.8060310881098268,0.2989304481069177,0.006910417350288397,0.03697693030889443,1800000,9000000,5788800000,321.6
536,0.8078469139460018,0.2930936872712385,0.006445589895861902,0.03685387907385949,1800000,9000000,5799600000,322.20000000000005
537,0.8061402781825471,0.2935950208894266,0.005392650447298248,0.036731237326748954,1800000,9000000,5810400000,322.80000000000007
538,0.8045311919573064,0.29367920437501943,0.006295746022315042,0.036609003704875506,1800000,9000000,5821200000,323.40000000000003
539,0.8075426622316135,0.288940995455125,0.0063652059075387235,0.036487176850086525,1800000,9000000,5832000000,324.00000000000006
540,0.8067386968866499,0.29448027093506446,0.004901853391857026,0.036365755408749034,1800000,9000000,5842800000,324.6
541,0.8062701323398271,0.29464731983526216,0.005506802575841693,0.036244738031734676,1800000,9000000,5853600000,325.20000000000005
542,0.805438005423947,0.29086849146392685,0.004960471983583517,0.03612412337440466,1800000,9000000,5864400000,325.80000000000007
543,0.8090486581385408,0.29612269278975095,0.005755811670344981,0.03600391009659489,1800000,9000000,5875200000,326.40000000000003
544,0.807495918208212,0.29058948158959924,0.00500204537658484,0.035884096862601064,1800000,9000000,5886000000,327.00000000000006
545,0.8061685299048398,0.29451503412746777,0.004657401177261409,0.03576468234116376,1800000,9000000,5896800000,327.6
546,0.8068097504667768,0.2962777004581055,0.004684981062697771,0.035645665205453765,1800000,9000000,5907600000,328.20000000000005
547,0.805674622912243,0.2879944951316315,0.005837203800663638,0.035527044133057226,1800000,9000000,5918400000,328.80000000000007
548,0.80545218893191,0.296246290417118,0.004684002905117389,0.035408817805960995,1800000,9000000,5929200000,329.40000000000003
549,0.8080911003784831,0.293093864748236,0.0037594031706481316,0.035290984910538004,1800000,9000000,5940000000,330.00000000000006
550,0.8091300792816134,0.29402546574584293,0.005936979887211381,0.03517354413753266,1800000,9000000,5950800000,330.6
551,0.8077859206193816,0.2923248956726616,0.004648833076878348,0.03505649418204626,1800000,9000000,5961600000,331.20000000000005
552,0.8064040632923406,0.29286268826160755,0.005383519910709545,0.03493983374352255,1800000,9000000,5972400000,331.80000000000007
553,0.8055319401291672,0.2941282892301937,0.004191048599362255,0.03482356152573324,1800000,9000000,5983200000,332.40000000000003
554,0.8062246465070647,0.2963317213477315,0.005612297790649277,0.03470767623676358,1800000,9000000,5994000000,333.00000000000006
555,0.8064259241379084,0.29371456326602347,0.0056252540737549775,0.034592176588998075,1800000,9000000,6004800000,333.6
556,0.8084574032000569,0.294248246226336,0.0057697025605094095,0.03447706129910612,1800000,9000000,6015600000,334.20000000000005
557,0.8076067038918726,0.2905420244752935,0.005721628704490205,0.03436232908802773,1800000,9000000,6026400000,334.80000000000007
558,0.8074178335519065,0.2903317215589242,0.003912277140814366,0.034247978680959405,1800000,9000000,6037200000,335.40000000000003
559,0.8044137832577841,0.2935637021956925,0.004311551278011672,0.03413400880733988,1800000,9000000,6048000000,336.00000000000006
560,0.8055825501665077,0.29498087929109823,0.004506291613597672,0.03402041820083606,1800000,9000000,6058800000,336.6
561,0.8088998797107373,0.29164342771338125,0.006036625516699706,0.03390720559932891,1800000,9000000,6069600000,337.20000000000005
562,0.808686993988122,0.2951185491224874,0.004850221041415099,0.033794369744899494,1800000,9000000,6080400000,337.80000000000007
563,0.8065528784330649,0.2942817787832454,0.00588962523236042,0.033681909383814906,1800000,9000000,6091200000,338.40000000000003
564,0.8082786611598604,0.2884492831897345,0.004259970621240236,0.033569823266514455,1800000,9000000,6102000000,339.00000000000006
565,0.8082604446766408,0.2899196073372224,0.0061914907198293975,0.03345811014759566,1800000,9000000,6112800000,339.6
566,0.8098341158500338,0.29111016645908966,0.004760312831775312,0.03334676878580049,1800000,9000000,6123600000,340.20000000000005
567,0.8042375923044186,0.2977631485834622,0.004587301631743498,0.03323579794400159,1800000,9000000,6134400000,340.80000000000007
568,0.8041247065516433,0.2975289686173247,0.005032269466033861,0.03312519638918843,1800000,9000000,6145200000,341.40000000000003
569,0.8063500086332113,0.29211129363950267,0.003912738732120097,0.03301496289245373,1800000,9000000,6156000000,342.00000000000006
570,0.8055323662444236,0.30119904762523025,0.0046723621811887136,0.03290509622897971,1800000,9000000,6166800000,342.6
571,0.80497037736236,0.2957173547090995,0.004504450781498073,0.03279559517802455,1800000,9000000,6177600000,343.20000000000005
572,0.8047716962543312,0.29616960867099573,0.00510331459704026,0.032686458522908766,1800000,9000000,6188400000,343.80000000000007
573,0.8063730382217554,0.2956488058308604,0.005183974197978945,0.03257768505100174,1800000,9000000,6199200000,344.40000000000003
574,0.8059262856695417,0.2955760992273419,0.005652605208581955,0.03246927355370822,1800000,9000000,6210000000,345.00000000000006
575,0.8050915525444675,0.29637312501404356,0.005256981895327493,0.03236122282645489,1800000,9000000,6220800000,345.6
576,0.80578064678321,0.29056805544377146,0.00408579135212362,0.03225353166867703,1800000,9000000,6231600000,346.20000000000005
577,0.8070536739408416,0.2937650040872716,0.0062386949138578665,0.03214619888380508,1800000,9000000,6242400000,346.80000000000007
578,0.8084554315758029,0.28980619766807936,0.005161104158045458,0.032039223279251454,1800000,9000000,6253200000,347.40000000000003
579,0.8071164375884138,0.2886359392414289,0.005580203812402262,0.03193260366639722,1800000,9000000,6264000000,348.00000000000006
580,0.8082912819894391,0.28927991755137594,0.004821240596241818,0.031826338860578916,1800000,9000000,6274800000,348.6000000000001
581,0.8075734998497869,0.291476405725943,0.003438380104885163,0.03172042768107538,1800000,9000000,6285600000,349.20000000000005
582,0.8074691881961422,0.29075101783964796,0.0034958939068296512,0.031614868951094645,1800000,9000000,6296400000,349.80000000000007
583,0.8061579717406597,0.29151415379977025,0.005119593260480112,0.03150966149776084,1800000,9000000,6307200000,350.40000000000003
584,0.8101334772980784,0.29408268727166065,0.003979823750047888,0.03140480415210119,1800000,9000000,6318000000,351.00000000000006
585,0.8088416559528023,0.2957275003664032,0.0016078625829028781,0.03130029574903299,1800000,9000000,6328800000,351.6000000000001
586,0.8071955343376133,0.28990456488026767,0.004724241525273159,0.031196135127350685,1800000,9000000,6339600000,352.20000000000005
587,0.806880535595978,0.28926253696159493,0.003690288054762643,0.03109232112971296,1800000,9000000,6350400000,352.80000000000007
588,0.8079411828190042,0.29008162736072957,0.004648512251987437,0.0309888526026299,1800000,9000000,6361200000,353.40000000000003
589,0.806010183697002,0.29840077278281274,0.004938175672181139,0.030885728396450124,1800000,9000000,6372000000,354.00000000000006
590,0.8086168428859394,0.2901112092231999,0.003824402130500649,0.03078294736534807,1800000,9000000,6382800000,354.6000000000001
591,0.8062961976544349,0.29020985409561906,0.004957439549954401,0.030680508367311208,1800000,9000000,6393600000,355.20000000000005
592,0.8051632300538626,0.29865816113075966,0.00350559510017142,0.030578410264127404,1800000,9000000,6404400000,355.80000000000007
593,0.8098950963640243,0.2907925701239444,0.0033650345307317986,0.030476651921372246,1800000,9000000,6415200000,356.40000000000003
594,0.8073321715721474,0.2909491406220446,0.0036748275842951434,0.03037523220839642,1800000,9000000,6426000000,357.00000000000006
595,0.8080227358732551,0.2943773658994531,0.0043409708501321274,0.030274149998313186,1800000,9000000,6436800000,357.6000000000001
596,0.809248728379079,0.2919670823441268,0.0026368273323014377,0.030173404167985855,1800000,9000000,6447600000,358.20000000000005
597,0.8085387197494339,0.29025620850047124,0.005693624273028854,0.030072993598015248,1800000,9000000,6458400000,358.80000000000007
598,0.8079573409770551,0.29321601436127454,0.003857263703919516,0.029972917172727348,1800000,9000000,6469200000,359.40000000000003
599,0.807014438670512,0.2963556167950088,0.004228147112296121,0.02987317378016085,1800000,9000000,6480000000,360.00000000000006
600,0.8050688778217168,0.30145999650135835,0.004780923442598426,0.029773762312054794,1800000,9000000,6490800000,360.6000000000001
601,0.8079593620811936,0.2914713305803788,0.004925462189153214,0.029674681663836296,1800000,9000000,6501600000,361.20000000000005
602,0.8060293624724263,0.2965706930631231,0.0031182464333633243,0.029575930734608246,1800000,9000000,6512400000,361.80000000000007
603,0.8067785368025104,0.29050529039507184,0.003453166547394471,0.029477508427137096,1800000,9000000,6523200000,362.40000000000003
604,0.8073413041638594,0.2911164804512743,0.003188418048052878,0.029379413647840618,1800000,9000000,6534000000,363.00000000000006
605,0.8083263131127005,0.2924178837491707,0.004695314125749396,0.02928164530677581,1800000,9000000,6544800000,363.6000000000001
606,0.8077425242927873,0.29312531968113464,0.003969207691531402,0.02918420231762678,1800000,9000000,6555600000,364.20000000000005
607,0.8061775999680231,0.2907549070611467,0.0026806538377985977,0.029087083597692635,1800000,9000000,6566400000,364.80000000000007
608,0.808321628287075,0.2907827649289007,0.0034000353861213927,0.028990288067875493,1800000,9000000,6577200000,365.40000000000003
609,0.8057118233018564,0.2904721896561972,0.005257991129770702,0.028893814652668486,1800000,9000000,6588000000,366.00000000000006
610,0.8065279564928788,0.2940086312733919,0.0036246434553194005,0.028797662280143754,1800000,9000000,6598800000,366.6000000000001
611,0.8077569517038417,0.2929874333432024,0.004931120069487394,0.028701829881940626,1800000,9000000,6609600000,367.20000000000005
612,0.8068870587892943,0.29729274295634084,0.002391486421298988,0.0286063163932537,1800000,9000000,6620400000,367.80000000000007
613,0.8046175218485097,0.29462536973716436,0.0042318705382252,0.028511120752821004,1800000,9000000,6631200000,368.40000000000003
614,0.8087190700177983,0.291395910070263,0.0031440513827953494,0.028416241902912216,1800000,9000000,6642000000,369.00000000000006
615,0.8023008906395701,0.3005322973083166,0.004716424722301021,0.02832167878931693,1800000,9000000,6652800000,369.6000000000001
616,0.8079453768715099,0.2955315603928059,0.003355776012287155,0.028227430361332895,1800000,9000000,6663600000,370.20000000000005
617,0.8075259938293085,0.2943677306010673,0.002784929370637461,0.028133495571754392,1800000,9000000,6674400000,370.80000000000007
618,0.8074999977999049,0.2964431407047374,0.004205426864145344,0.028039873376860563,1800000,9000000,6685200000,371.40000000000003
619,0.8074045923571214,0.2942103293038394,0.002304687699376638,0.027946562736403842,1800000,9000000,6696000000,372.00000000000006
620,0.807347937800857,0.294008716034413,0.004686242937474977,0.027853562613598382,1800000,9000000,6706800000,372.6000000000001
621,0.8075900193107477,0.2908737519986686,0.0050895642290383165,0.02776087197510853,1800000,9000000,6717600000,373.20000000000005
622,0.8067210144215626,0.2893117739561998,0.0018382157322457471,0.027668489791037327,1800000,9000000,6728400000,373.80000000000007
623,0.8048040322387647,0.2991540420030773,0.003708924179842256,0.027576415034915123,1800000,9000000,6739200000,374.40000000000003
624,0.8078172700308807,0.29099578755836764,0.005984160898260006,0.027484646683688132,1800000,9000000,6750000000,375.00000000000006
625,0.8066917881995598,0.2981742638579093,0.0027379038883284875,0.02739318371770705,1800000,9000000,6760800000,375.6000000000001
626,0.8076707420792906,0.29377683750398076,0.0036988621349607113,0.027302025120715785,1800000,9000000,6771600000,376.20000000000005
627,0.8088339431762406,0.2946190523031454,0.0034830386994522317,0.027211169879840062,1800000,9000000,6782400000,376.80000000000007
628,0.8039541385582274,0.2989069348132219,0.0025837231697779374,0.02712061698557629,1800000,9000000,6793200000,377.40000000000003
629,0.8077842519578221,0.2919039259768225,0.003408751122282455,0.027030365431780265,1800000,9000000,6804000000,378.00000000000006
630,0.8038868870389089,0.30304022967688127,0.0030448101250885352,0.02694041421565602,1800000,9000000,6814800000,378.6000000000001
631,0.8061587170995677,0.2961880918103208,0.0022793422180699724,0.026850762337744662,1800000,9000000,6825600000,379.20000000000005
632,0.8047454825133644,0.29496821972959786,0.003672613501407495,0.026761408801913317,1800000,9000000,6836400000,379.80000000000007
633,0.8074454143447916,0.2926585844358122,0.0034865730213637005,0.02667235261534397,1800000,9000000,6847200000,380.40000000000003
634,0.8075298555158341,0.29561851014710966,0.003359518068759334,0.02658359278852253,1800000,9000000,6858000000,381.00000000000006
635,0.8076489072328167,0.2939364431670204,0.003528962744032746,0.026495128335227797,1800000,9000000,6868800000,381.6000000000001
636,0.8080149890450657,0.29114264773713117,0.0035677727443288055,0.02640695827252048,1800000,9000000,6879600000,382.20000000000005
637,0.8079991254994354,0.2886095718051442,0.002933254098241843,0.02631908162073231,1800000,9000000,6890400000,382.80000000000007
638,0.8078073364172337,0.2998478926421076,0.0027813089556428857,0.026231497403455158,1800000,9000000,6901200000,383.40000000000003
639,0.8037731437513089,0.29724766514505446,0.005130180763296783,0.026144204647530124,1800000,9000000,6912000000,384.00000000000006
640,0.8091788635711833,0.2944091728933704,0.0029566568350727533,0.026057202383036816,1800000,9000000,6922800000,384.6000000000001
641,0.8038016057452567,0.30436145830490174,0.002015691774010014,0.025970489643282507,1800000,9000000,6933600000,385.20000000000005
642,0.8047654293118937,0.29848258956214263,0.0039316160785740125,0.025884065464791422,1800000,9000000,6944400000,385.80000000000007
643,0.8060261646239031,0.2889551627207048,0.004022217823188907,0.025797928887294017,1800000,9000000,6955200000,386.40000000000003
644,0.80625672671546,0.295315787432829,0.002676745734917496,0.02571207895371634,1800000,9000000,6966000000,387.00000000000006
645,0.8066426139242505,0.28892810557719856,0.0037904939333655795,0.025626514710169333,1800000,9000000,6976800000,387.6000000000001
646,0.8075081773438582,0.2918338485121133,0.002877693423413344,0.025541235205938307,1800000,9000000,6987600000,388.20000000000005
647,0.8063197009149614,0.2899858509107416,0.0018600194754177864,0.02545623949347234,1800000,9000000,6998400000,388.80000000000007
648,0.8086174566387109,0.29409536894361543,0.002345514389286921,0.025371526628373754,1800000,9000000,7009200000,389.40000000000003
649,0.8080408648363577,0.29316054759024446,0.0027614239832265885,0.025287095669387614,1800000,9000000,7020000000,390.00000000000006
650,0.806103503593053,0.29326598056045006,0.0028351876357462238,0.025202945678391302,1800000,9000000,7030800000,390.6000000000001
651,0.8081521747060929,0.29279391911869596,0.002780247020921809,0.02511907572038403,1800000,9000000,7041600000,391.20000000000005
652,0.8101583968936696,0.29305317695735633,0.004274027345563266,0.02503548486347652,1800000,9000000,7052400000,391.80000000000007
653,0.806665248573388,0.29162121761990345,0.0024950618958973496,0.024952172178880617,1800000,9000000,7063200000,392.40000000000003
654,0.807615502358325,0.2899016240012923,0.003427624182363736,0.024869136740898967,1800000,9000000,7074000000,393.00000000000006
655,0.8052482602383225,0.29632595384414523,0.0030228822252943133,0.024786377626914748,1800000,9000000,7084800000,393.6000000000001
656,0.8053131205283859,0.2931812711029786,0.0022748350531810136,0.024703893917381377,1800000,9000000,7095600000,394.20000000000005
657,0.8075207271353162,0.2927815306911423,0.003204432904664213,0.024621684695812353,1800000,9000000,7106400000,394.80000000000007
658,0.8042051290849119,0.2946698584554348,0.0029401080104180227,0.02453974904877104,1800000,9000000,7117200000,395.40000000000003
659,0.8071298712109943,0.2920013488722655,0.003797239570073946,0.02445808606586051,1800000,9000000,7128000000,396.00000000000006
660,0.8069051574741039,0.2929100959151358,0.001681951083848116,0.024376694839713452,1800000,9000000,7138800000,396.6000000000001
661,0.8118977382022046,0.288315910849925,0.0025377221392355867,0.024295574465982076,1800000,9000000,7149600000,397.20000000000005
662,0.8075023789599937,0.29095789144954953,0.002355730118350369,0.024214724043328046,1800000,9000000,7160400000,397.80000000000007
663,0.8098778267629725,0.2818587685970483,0.0021236048824302715,0.02413414267341251,1800000,9000000,7171200000,398.40000000000003
664,0.8074154937261292,0.29191844455119476,0.0023857153266291027,0.02405382946088608,1800000,9000000,7182000000,399.00000000000006
665,0.8073440008630759,0.2956879779794934,0.002302130410748672,0.02397378351337891,1800000,9000000,7192800000,399.6000000000001
666,0.8061742144177574,0.2900437966183034,0.004054202785955683,0.02389400394149075,1800000,9000000,7203600000,400.20000000000005
667,0.80651735273565,0.2941456046035949,0.0025000496583063754,0.023814489858781113,1800000,9000000,7214400000,400.80000000000007
668,0.8066981696056259,0.29228539386254593,0.0029823138556385955,0.02373524038175934,1800000,9000000,7225200000,401.40000000000003
669,0.8121837943801332,0.2889045922150188,0.0029951066106965393,0.02365625462987489,1800000,9000000,7236000000,402.00000000000006
670,0.8076144937473669,0.29209555775781343,0.001982130422000514,0.023577531725507483,1800000,9000000,7246800000,402.6000000000001
671,0.8038441481136571,0.29122084667663484,0.0016790488582649587,0.023499070793957372,1800000,9000000,7257600000,403.20000000000005
672,0.8057382589855812,0.2970818703023602,0.002731675300032535,0.023420870963435616,1800000,9000000,7268400000,403.80000000000007
673,0.8049157489927562,0.2960031998549894,0.0023251800270085022,0.02334293136505442,1800000,9000000,7279200000,404.40000000000003
674,0.806813876795605,0.2921595810151617,0.004261385685670801,0.02326525113281743,1800000,9000000,7290000000,405.00000000000006
675,0.8072913699326353,0.29352487745526723,0.0,0.023187829403610152,1800000,9000000,7300800000,405.6000000000001
676,0.8059156066200706,0.2971981457228899,0.0032048740233057474,0.023110665317190367,1800000,9000000,7311600000,406.20000000000005
677,0.8064862475075287,0.2937508968487041,0.0033113320758058206,0.023033758016178532,1800000,9000000,7322400000,406.80000000000007
678,0.8054614009255293,0.29526038292537105,0.0019835371807759346,0.022957106646048307,1800000,9000000,7333200000,407.40000000000003
679,0.8076942541850937,0.29570994439252013,0.002985167874480668,0.022880710355116993,1800000,9000000,7344000000,408.00000000000006
680,0.805260879528883,0.2932458932086483,0.003089945161630064,0.02280456829453613,1800000,9000000,7354800000,408.6000000000001
681,0.8041696490492796,0.29311360699039773,0.002837634199438376,0.022728679618282042,1800000,9000000,7365600000,409.20000000000005
682,0.8103365720115308,0.28659121888176076,0.0020188411129350636,0.02265304348314644,1800000,9000000,7376400000,409.80000000000007
683,0.8068265946553738,0.2975532292959,0.004503415685184276,0.02257765904872704,1800000,9000000,7387200000,410.40000000000003
684,0.8052442264353411,0.2889092800652606,0.002685947299443653,0.022502525477418246,1800000,9000000,7398000000,411.00000000000006
685,0.8077086021487969,0.2904067018103194,0.0021278268511747303,0.02242764193440181,1800000,9000000,7408800000,411.6000000000001
686,0.8083459583981356,0.29665530473898954,0.004963329708641282,0.02235300758763761,1800000,9000000,7419600000,412.20000000000005
687,0.8066794539732375,0.28987360204694196,0.0016908545371930757,0.02227862160785435,1800000,9000000,7430400000,412.80000000000007
688,0.8099894912902735,0.2857123805537,0.003437562271389292,0.02220448316854038,1800000,9000000,7441200000,413.40000000000003
689,0.808713082159004,0.29591622074492413,0.0033365696372675696,0.0221305914459345,1800000,9000000,7452000000,414.00000000000006
690,0.8056954834077049,0.29328738554877654,0.0026413172821620895,0.022056945619016825,1800000,9000000,7462800000,414.6000000000001
691,0.8084753290354119,0.29547618911878437,0.0007670963153800403,0.02198354486949961,1800000,9000000,7473600000,415.20000000000005
692,0.8082182733318699,0.2953239521265324,0.0026177410840637107,0.02191038838181822,1800000,9000000,7484400000,415.80000000000007
693,0.8060675831330659,0.29713353036341383,0.001406201728452388,0.021837475343122043,1800000,9000000,7495200000,416.40000000000003
694,0.8058012197335491,0.28946276905231744,0.0035786593886260954,0.021764804943265458,1800000,9000000,7506000000,417.00000000000006
695,0.8088795655058756,0.29116714052349524,0.003809433935558817,0.021692376374798823,1800000,9000000,7516800000,417.6000000000001
696,0.8072859225418455,0.29371555943090655,0.00240548698990724,0.02162018883295954,1800000,9000000,7527600000,418.20000000000005
697,0.8071847642225163,0.29371693131840626,0.002968273361342625,0.021548241515663043,1800000,9000000,7538400000,418.80000000000007
698,0.8087887822450964,0.2934573403925198,0.003660337635794122,0.021476533623493964,1800000,9000000,7549200000,419.40000000000003
699,0.8079458440276054,0.2915695608753815,0.0008242577023653303,0.021405064359697207,1800000,9000000,7560000000,420.00000000000006
700,0.8071616653474031,0.2963122260705906,0.003741098845888185,0.021333832930169112,1800000,9000000,7570800000,420.6000000000001
701,0.8095854353897841,0.29032583109481436,0.002528784531320077,0.021262838543448622,1800000,9000000,7581600000,421.20000000000005
702,0.80667214516924,0.28648458372778185,0.0020878574373872283,0.02119208041070847,1800000,9000000,7592400000,421.80000000000007
703,0.8094958316182587,0.29191190170732184,0.002892647693579594,0.02112155774574646,1800000,9000000,7603200000,422.4000000000001
704,0.8078385785694032,0.29125939909770165,0.0043023530878934756,0.021051269764976704,1800000,9000000,7614000000,423.00000000000006
705,0.8056006322445747,0.2929561462837211,0.003270592920068718,0.020981215687420916,1800000,9000000,7624800000,423.6000000000001
706,0.8067891561959902,0.29288520563086656,0.0035939225513147623,0.02091139473469973,1800000,9000000,7635600000,424.20000000000005
707,0.8065029545326806,0.2904364035448566,0.0026616546859354892,0.020841806131024078,1800000,9000000,7646400000,424.80000000000007
708,0.8042418555670311,0.29605250403528605,0.004186270990734713,0.020772449103186517,1800000,9000000,7657200000,425.4000000000001
709,0.8047636531626536,0.29358060182890366,0.0021342112928263903,0.0207033228805527,1800000,9000000,7668000000,426.00000000000006
710,0.8058502630880257,0.2937208934746585,0.0013667566197492374,0.020634426695052777,1800000,9000000,7678800000,426.6000000000001
711,0.8058960687960275,0.29835258484183197,0.0013501958584487624,0.020565759781172862,1800000,9000000,7689600000,427.20000000000005
712,0.80836289104215,0.2903537269455998,0.0013876114044361868,0.020497321375946544,1800000,9000000,7700400000,427.80000000000007
713,0.8073738721478954,0.29457076938540644,0.0034859087457973005,0.0204291107189464,1800000,9000000,7711200000,428.4000000000001
714,0.8067374414844589,0.2904906867898562,0.003199821473237689,0.020361127052275524,1800000,9000000,7722000000,429.00000000000006
715,0.8048730413011338,0.3026850252442415,0.002023427096664415,0.020293369620559148,1800000,9000000,7732800000,429.6000000000001
716,0.8074582708516771,0.2939517852391967,0.002729597286024387,0.020225837670936227,1800000,9000000,7743600000,430.20000000000005
717,0.8063451044167527,0.29481640420729355,0.0024298558253686583,0.020158530453051063,1800000,9000000,7754400000,430.80000000000007
718,0.8082746059612309,0.2912470162379149,0.004496865808439069,0.020091447219045,1800000,9000000,7765200000,431.4000000000001
719,0.8055347020561635,0.28915963978702725,0.0014959304034182208,0.020024587223548076,1800000,9000000,7776000000,432.00000000000006
720,0.8081078791588815,0.29316698314410744,0.0017913058999957546,0.019957949723670754,1800000,9000000,7786800000,432.6000000000001
721,0.8045105925417141,0.2966072306613826,0.0018970456032249721,0.01989153397899569,1800000,9000000,7797600000,433.20000000000005
722,0.8066555699450618,0.29258933297146295,0.0007829430278646023,0.01982533925156948,1800000,9000000,7808400000,433.80000000000007
723,0.8058135724142119,0.291973643800936,0.002656580660211314,0.019759364805894478,1800000,9000000,7819200000,434.4000000000001
724,0.8064859073075984,0.2975018400775465,0.0032267456816359387,0.019693609908920603,1800000,9000000,7830000000,435.00000000000006
725,0.8062991624206738,0.29265175690679324,0.00400627843103786,0.019628073830037226,1800000,9000000,7840800000,435.6000000000001
726,0.806369443919864,0.2963715990363606,0.002328683747606122,0.019562755841064997,1800000,9000000,7851600000,436.20000000000005
727,0.8056266601582447,0.29193984191856454,0.003604864064473818,0.019497655216247817,1800000,9000000,7862400000,436.80000000000007
728,0.8077375247191367,0.29031048947090465,0.0026111254838981114,0.019432771232244746,1800000,9000000,7873200000,437.4000000000001
729,0.8051341565393455,0.2960233210219264,0.0022655675461706096,0.019368103168121962,1800000,9000000,7884000000,438.00000000000006
730,0.8092145770764165,0.2875215639970545,0.002481814063985045,0.019303650305344755,1800000,9000000,7894800000,438.6000000000001
731,0.8067534863568069,0.2905914525205024,0.003443962539903302,0.01923941192776953,1800000,9000000,7905600000,439.20000000000005
732,0.806732140560478,0.2919756639263257,0.0032783425427657773,0.019175387321635887,1800000,9000000,7916400000,439.80000000000007
733,0.806581583471959,0.29310882017983647,0.00387190816462089,0.019111575775558647,1800000,9000000,7927200000,440.4000000000001
734,0.8082868829060964,0.29234297428313216,0.002949854950169711,0.01904797658051998,1800000,9000000,7938000000,441.00000000000006
735,0.8080375375681557,0.2944329733789418,0.0010787536774606045,0.01898458902986151,1800000,9000000,7948800000,441.6000000000001
736,0.8061042129999849,0.2945682132131634,0.0017532306740579867,0.01892141241927647,1800000,9000000,7959600000,442.20000000000005
737,0.8069935107553944,0.29141700930917896,0.0017808852039872662,0.01885844604680186,1800000,9000000,7970400000,442.80000000000007
738,0.8077152042603984,0.2885230496757633,0.002492997445818321,0.018795689212810673,1800000,9000000,7981200000,443.4000000000001
739,0.8095085823766506,0.292452439616859,0.004541385394633685,0.018733141220004107,1800000,9000000,7992000000,444.00000000000006
740,0.8074382086463714,0.29329917081714396,0.0024653347108586016,0.01867080137340383,1800000,9000000,8002800000,444.6000000000001
741,0.8072521783642999,0.292728019321264,0.0017261173137972955,0.01860866898034423,1800000,9000000,8013600000,445.20000000000005
742,0.8097437109912053,0.28763443336397043,0.0007502960468048472,0.01854674335046476,1800000,9000000,8024400000,445.80000000000007
743,0.8048579981984059,0.2990674316649039,0.0009098628332908404,0.018485023795702205,1800000,9000000,8035200000,446.4000000000001
744,0.8065125769589193,0.2989180504712201,0.0035245306448203817,0.01842350963028311,1800000,9000000,8046000000,447.00000000000006
745,0.8071260702097536,0.2952859740884444,0.0029415931255534727,0.018362200170716117,1800000,9000000,8056800000,447.6000000000001
746,0.8105906006186658,0.2890810661966907,0.003148539899889457,0.018301094735784378,1800000,9000000,8067600000,448.20000000000005
747,0.8066318188382573,0.29518135505384807,0.004556058612272711,0.018240192646537985,1800000,9000000,8078400000,448.80000000000007
748,0.8075099016813191,0.29891985713767566,0.002789786281517282,0.018179493226286442,1800000,9000000,8089200000,449.4000000000001
749,0.8053275668245404,0.29379438551250026,0.003385840746630801,0.018118995800591103,1800000,9000000,8100000000,450.00000000000006
750,0.8067599683293543,0.2916456867230384,0.0009220531731141913,0.018058699697257735,1800000,9000000,8110800000,450.6000000000001
751,0.8080116193032543,0.2910120009861551,0.001244441430818387,0.017998604246329014,1800000,9000000,8121600000,451.20000000000005
752,0.8054617836408333,0.29700365071748713,0.0013574903135690393,0.01793870878007709,1800000,9000000,8132400000,451.80000000000007
753,0.8098003436034792,0.29180125474718976,0.0023853805863142284,0.017879012632996176,1800000,9000000,8143200000,452.4000000000001
754,0.8079345895565923,0.29365999807286963,0.004072861571780502,0.017819515141795115,1800000,9000000,8154000000,453.00000000000006
755,0.806975619300645,0.29204998189374315,0.002167684553255526,0.017760215645390067,1800000,9000000,8164800000,453.6000000000001
756,0.8059572131677228,0.2954307224794779,0.0006277152645835487,0.017701113484897137,1800000,9000000,8175600000,454.20000000000005
757,0.8079474547603464,0.2860693164024401,0.0008601421893951731,0.017642208003625034,1800000,9000000,8186400000,454.80000000000007
758,0.8073526178955658,0.2959463775717029,0.0032698636332181446,0.017583498547067807,1800000,9000000,8197200000,455.4000000000001
759,0.8065574752113234,0.29465852606390286,0.0035183745254822475,0.017524984462897568,1800000,9000000,8208000000,456.00000000000006
760,0.807851091783128,0.292892204432827,0.0020232611268756443,0.01746666510095721,1800000,9000000,8218800000,456.6000000000001
761,0.8078304083816034,0.2913053641210644,0.002910270291260465,0.017408539813253226,1800000,9000000,8229600000,457.20000000000005
762,0.8083036477919129,0.2925884090688086,0.0011392389665423302,0.017350607953948487,1800000,9000000,8240400000,457.80000000000007
763,0.8078481444043392,0.2861000918347909,0.00244488663385661,0.017292868879355078,1800000,9000000,8251200000,458.4000000000001
764,0.8104506494807665,0.28782823447918815,0.00436469260670699,0.017235321947927124,1800000,9000000,8262000000,459.00000000000006
765,0.8064282782616871,0.294667826264811,0.0036279566215752226,0.017177966520253697,1800000,9000000,8272800000,459.6000000000001
766,0.8077660384403249,0.28844955228938157,0.002321590835156181,0.01712080195905166,1800000,9000000,8283600000,460.20000000000005
767,0.807893152505717,0.2889467002364914,0.0019072556538630135,0.017063827629158642,1800000,9000000,8294400000,460.80000000000007
768,0.8055346588130837,0.29865106899378585,0.002084761188634774,0.017007042897525942,1800000,9000000,8305200000,461.4000000000001
769,0.8081111579859812,0.29069490445932533,0.002055242504024598,0.016950447133211522,1800000,9000000,8316000000,462.00000000000006
770,0.8089137378322322,0.29413953395666936,0.00022989941547746666,0.01689403970737297,1800000,9000000,8326800000,462.6000000000001
771,0.808592471471576,0.28742390263123474,0.001974281484205036,0.016837819993260533,1800000,9000000,8337600000,463.20000000000005
772,0.806737416509242,0.2829748268950037,0.0030154660232597588,0.016781787366210135,1800000,9000000,8348400000,463.80000000000007
773,0.8092683409456141,0.2911094684365843,0.0026384042278201764,0.016725941203636456,1800000,9000000,8359200000,464.4000000000001
774,0.8089570854797131,0.2895923635106092,0.0017487186468701599,0.016670280885026006,1800000,9000000,8370000000,465.00000000000006
775,0.8084617388372557,0.2931565184270185,0.0023443682790401433,0.01661480579193023,1800000,9000000,8380800000,465.6000000000001
776,0.8048739109354516,0.30146678952064937,0.002279298072451943,0.016559515307958635,1800000,9000000,8391600000,466.20000000000005
777,0.8075458380170232,0.29336682084002336,0.0022241789943963732,0.016504408818771934,1800000,9000000,8402400000,466.80000000000007
778,0.8077804574297631,0.2977343005549486,0.0008022593069670714,0.01644948571207524,1800000,9000000,8413200000,467.4000000000001
779,0.8099360825727003,0.2871519134261524,0.0021502162759183285,0.016394745377611247,1800000,9000000,8424000000,468.00000000000006
780,0.8065464704563298,0.2925884440272497,0.0013398066455742024,0.016340187207153453,1800000,9000000,8434800000,468.6000000000001
781,0.8072688161073199,0.28908145936102386,0.0004371078784282231,0.016285810594499402,1800000,9000000,8445600000,469.20000000000005
782,0.8070867829322241,0.29293639304280455,0.0020905722532688106,0.016231614935463958,1800000,9000000,8456400000,469.80000000000007
783,0.8063437151164743,0.2911650328370344,0.0012530493395846798,0.01617759962787256,1800000,9000000,8467200000,470.4000000000001
784,0.8107619825580098,0.28859798841956064,0.0021185077594047816,0.016123764071554577,1800000,9000000,8478000000,471.00000000000006
785,0.8061034595326764,0.29091239704904437,0.0007940305098066397,0.016070107668336605,1800000,9000000,8488800000,471.6000000000001
786,0.8062239639061799,0.2987242781941806,0.001708429471529042,0.01601662982203583,1800000,9000000,8499600000,472.20000000000005
787,0.8098349444987534,0.29278260099292686,0.003343278308851563,0.015963329938453414,1800000,9000000,8510400000,472.80000000000007
788,0.806926115716398,0.29132699788594935,0.0027077917369641093,0.015910207425367886,1800000,9000000,8521200000,473.4000000000001
789,0.8083668711842588,0.2940871393310065,0.0018856579906411663,0.015857261692528542,1800000,9000000,8532000000,474.00000000000006
790,0.8099446546025311,0.28759490579708386,0.0018160666645118128,0.015804492151648922,1800000,9000000,8542800000,474.6000000000001
791,0.8085825329354018,0.29713369733813577,0.004425690174579174,0.015751898216400252,1800000,9000000,8553600000,475.20000000000005
792,0.8076096772866391,0.2877101112575355,0.0014936431297852592,0.015699479302404933,1800000,9000000,8564400000,475.80000000000007
793,0.8070527479852837,0.2911462225990774,0.0016575659148271769,0.015647234827230044,1800000,9000000,8575200000,476.4000000000001
794,0.8095891910463114,0.2914086236095752,0.0014583675156050896,0.015595164210380888,1800000,9000000,8586000000,477.00000000000006
795,0.8075048706825323,0.29097686221874103,0.0013531765195518848,0.015543266873294511,1800000,9000000,8596800000,477.6000000000001
796,0.8080276283548453,0.2943936392911997,0.002986192497524301,0.015491542239333302,1800000,9000000,8607600000,478.20000000000005
797,0.8091676598189278,0.2887744142536782,0.003172953234771377,0.01543998973377857,1800000,9000000,8618400000,478.80000000000007
798,0.806216450793111,0.2909371081099328,0.00196241063880667,0.015388608783824179,1800000,9000000,8629200000,479.4000000000001
799,0.8071277927936792,0.2911209362939931,0.0010462924903966273,0.015337398818570146,1800000,9000000,8640000000,480.00000000000006
800,0.8069364146088843,0.291635395421672,0.004294964982545995,0.01528635926901634,1800000,9000000,8650800000,480.6000000000001
801,0.8072963486276853,0.2904214073729684,0.0027047249980634088,0.01523548956805612,1800000,9000000,8661600000,481.20000000000005
802,0.8076578729658345,0.29580152870405796,0.0039993965348787556,0.01518478915047006,1800000,9000000,8672400000,481.80000000000007
803,0.8052567365426042,0.2958658277839554,0.0,0.015134257452919677,1800000,9000000,8683200000,482.4000000000001
804,0.8088877820913657,0.2888986633041423,0.0014221509081001513,0.01508389391394114,1800000,9000000,8694000000,483.00000000000006
805,0.8067326081224128,0.2934732054723316,0.003054542530118938,0.015033697973939058,1800000,9000000,8704800000,483.6000000000001
806,0.8085454263595578,0.29256132758907494,0.0,0.014983669075180239,1800000,9000000,8715600000,484.20000000000005
807,0.8091971803193618,0.29670699220841706,0.0021356122581823213,0.014933806661787518,1800000,9000000,8726400000,484.80000000000007
808,0.8054851923609371,0.2929501132222349,0.0014727785615359017,0.014884110179733566,1800000,9000000,8737200000,485.4000000000001
809,0.8058548137992618,0.28890298797496794,0.0020893059585666584,0.01483457907683474,1800000,9000000,8748000000,486.00000000000006
810,0.8070390681910692,0.2908457715270263,0.0026630912424675836,0.014785212802744946,1800000,9000000,8758800000,486.6000000000001
811,0.8058139103737166,0.29069158393669037,0.002636652174973035,0.014736010808949521,1800000,9000000,8769600000,487.20000000000005
812,0.8074426693069598,0.2870399972839258,0.002366929766245875,0.014686972548759124,1800000,9000000,8780400000,487.80000000000007
813,0.8095978603930367,0.29264394853300923,0.0015198733077375376,0.014638097477303708,1800000,9000000,8791200000,488.4000000000001
814,0.8073033735840419,0.2939717806497236,0.0017343254310935507,0.014589385051526413,1800000,9000000,8802000000,489.00000000000006
815,0.8100450906020716,0.2882337831245673,0.003379417806261888,0.014540834730177563,1800000,9000000,8812800000,489.6000000000001
816,0.8065818355437152,0.29513956735006475,0.0021187877152657017,0.014492445973808648,1800000,9000000,8823600000,490.20000000000005
817,0.8078362776501425,0.2941290569478262,0.002096871160815944,0.014444218244766325,1800000,9000000,8834400000,490.80000000000007
818,0.8079242104742329,0.2948614815038454,0.0023621270702575835,0.01439615100718643,1800000,9000000,8845200000,491.4000000000001
819,0.8077749056008172,0.2940071029476308,0.0034395385132043673,0.014348243726988055,1800000,9000000,8856000000,492.00000000000006
820,0.805139098435812,0.2916844890200215,0.001040805279160108,0.014300495871867599,1800000,9000000,8866800000,492.6000000000001
821,0.806515904709647,0.28973037132458745,0.0010669439105031725,0.01425290691129284,1800000,9000000,8877600000,493.20000000000005
822,0.808157915101304,0.28987948675879693,0.000610381550066605,0.014205476316497063,1800000,9000000,8888400000,493.80000000000007
823,0.8055442989922421,0.2903968145269245,0.0026562197864294585,0.014158203560473181,1800000,9000000,8899200000,494.4000000000001
824,0.8080707503960477,0.29101073667607535,0.0026806512788703817,0.014111088117967848,1800000,9000000,8910000000,495.00000000000006
825,0.805898381534275,0.2924700179696485,0.0019507655677475436,0.014064129465475665,1800000,9000000,8920800000,495.6000000000001
826,0.8090466804888342,0.291701648877145,0.0032186064483189073,0.01401732708123335,1800000,9000000,8931600000,496.20000000000005
827,0.8070839833219557,0.29157161376308566,0.0007893305861716125,0.013970680445213924,1800000,9000000,8942400000,496.80000000000007
828,0.8107392327372126,0.28851254744561156,0.0017544046697089083,0.013924189039120962,1800000,9000000,8953200000,497.4000000000001
829,0.8061489964113555,0.2930878941073906,0.00022502096395223903,0.01387785234638279,1800000,9000000,8964000000,498.00000000000006
830,0.8045361523200245,0.2944648195567318,0.0020448968106053502,0.013831669852146802,1800000,9000000,8974800000,498.6000000000001
831,0.8070418910734789,0.29438215379891064,0.002168677910798807,0.013785641043273693,1800000,9000000,8985600000,499.20000000000005
832,0.8088110404994775,0.28960027572199737,0.001137401456900181,0.01373976540833178,1800000,9000000,8996400000,499.80000000000007
833,0.8095670926686354,0.29173164916647526,0.0,0.013694042437591319,1800000,9000000,9007200000,500.4000000000001
834,0.8039997225067717,0.29390157529531624,0.0,0.01364847162301883,1800000,9000000,9018000000,501.00000000000006
835,0.8050015258577511,0.29932134745654854,0.0012758879716028035,0.013603052458271453,1800000,9000000,9028800000,501.6000000000001
836,0.8094036998341594,0.2889798523297667,0.0015984470989675208,0.013557784438691338,1800000,9000000,9039600000,502.2000000000001
837,0.8065962908829796,0.29843433951971415,0.0011741654318776962,0.013512667061300028,1800000,9000000,9050400000,502.80000000000007
838,0.8109331944329646,0.2845777402599032,0.0004370327780726386,0.013467699824792862,1800000,9000000,9061200000,503.4000000000001
839,0.8073274058550858,0.28959448965792906,0.0009367886839321509,0.013422882229533415,1800000,9000000,9072000000,504.00000000000006
840,0.8072858847074411,0.2908941315940226,0.0020443079462031614,0.013378213777547955,1800000,9000000,9082800000,504.6000000000001
841,0.8100347837509375,0.2925210220754863,0.0007320106515833843,0.013333693972519876,1800000,9000000,9093600000,505.2000000000001
842,0.8081149157801993,0.2971340571110442,0.0014625760260276992,0.013289322319784223,1800000,9000000,9104400000,505.80000000000007
843,0.8076135278113247,0.2850143070033114,0.001035448719109715,0.01324509832632218,1800000,9000000,9115200000,506.4000000000001
844,0.8050186016390402,0.29145985416900044,0.002947408680395509,0.013201021500755583,1800000,9000000,9126000000,507.00000000000006
845,0.8067647489053092,0.2963631786950907,0.003098425345573202,0.013157091353341475,1800000,9000000,9136800000,507.6000000000001
846,0.8046493974458144,0.29752750916761417,0.0024029837140354835,0.013113307395966662,1800000,9000000,9147600000,508.2000000000001
847,0.8075981742335968,0.2908427954645959,0.0008717108932328124,0.01306966914214226,1800000,9000000,9158400000,508.80000000000007
848,0.8056310308737022,0.2940532828897269,0.0011022246171372182,0.013026176106998346,1800000,9000000,9169200000,509.4000000000001
849,0.8089122925136675,0.2892374010746126,0.0,0.012982827807278526,1800000,9000000,9180000000,510.00000000000006
850,0.8058546056642278,0.2953509441162691,0.0015345453737117835,0.012939623761334574,1800000,9000000,9190800000,510.6000000000001
851,0.8071157937067017,0.29667711666868224,0.0017021715594215602,0.012896563489121101,1800000,9000000,9201600000,511.2000000000001
852,0.8071817560150252,0.2942339731324137,0.0016357869316210262,0.012853646512190182,1800000,9000000,9212400000,511.80000000000007
853,0.8062590167345872,0.2962817109782913,0.0005997584316016531,0.012810872353686081,1800000,9000000,9223200000,512.4000000000001
854,0.8062728632461976,0.29187661731173664,0.002680312310650769,0.012768240538339934,1800000,9000000,9234000000,513.0000000000001
855,0.8080306976628588,0.2900334768178106,0.002271993392113394,0.01272575059246446,1800000,9000000,9244800000,513.6
856,0.8066454730962692,0.29674882203287267,0.0024073623306406886,0.012683402043948716,1800000,9000000,9255600000,514.2
857,0.8080052600363631,0.2911772105939177,0.0008309649580974985,0.012641194422252843,1800000,9000000,9266400000,514.8000000000001
858,0.8080222237117415,0.2867906672278928,0.0028551629755662828,0.012599127258402818,1800000,9000000,9277200000,515.4000000000001
859,0.8042084539771279,0.30010502985253806,0.002024046680218954,0.012557200084985287,1800000,9000000,9288000000,516.0000000000001
860,0.8077196362226264,0.2880439185023771,0.0022188063638154047,0.012515412436142334,1800000,9000000,9298800000,516.6
861,0.8096877952866923,0.29062308694348854,0.0021518535819371005,0.012473763847566318,1800000,9000000,9309600000,517.2
862,0.8065073160790139,0.2932494531308227,0.0010894288398046157,0.01243225385649472,1800000,9000000,9320400000,517.8000000000001
863,0.8086263025589295,0.2905391416778007,0.0016720524467946675,0.012390882001704991,1800000,9000000,9331200000,518.4000000000001
864,0.8076249763914662,0.2922915202680764,0.00053331997813677,0.01234964782350942,1800000,9000000,9342000000,519.0000000000001
865,0.807863741710702,0.2956248474267629,0.0019411344393608742,0.012308550863750054,1800000,9000000,9352800000,519.6
866,0.806954441382692,0.30033228758512737,0.003026708661392147,0.012267590665793582,1800000,9000000,9363600000,520.2
867,0.8063258375105733,0.28900331164063214,0.0015314034846088747,0.012226766774526273,1800000,9000000,9374400000,520.8000000000001
868,0.8073853024012981,0.2963270981891469,0.002026127003656654,0.012186078736348917,1800000,9000000,9385200000,521.4000000000001
869,0.807931088285649,0.288156554314011,0.0,0.012145526099171784,1800000,9000000,9396000000,522.0000000000001
870,0.8096780893057983,0.2934710728249004,0.0015750233261908127,0.01210510841240959,1800000,9000000,9406800000,522.6
871,0.8058473786990243,0.28963698171757857,0.0021500835143453594,0.01206482522697652,1800000,9000000,9417600000,523.2
872,0.804440534380993,0.2880301799996723,0.0,0.012024676095281203,1800000,9000000,9428400000,523.8000000000001
873,0.8093061113321418,0.2887538112428932,0.0008754826441163276,0.011984660571221769,1800000,9000000,9439200000,524.4000000000001
874,0.8058705367366246,0.2899284002951408,0.0015343075504794953,0.011944778210180869,1800000,9000000,9450000000,525.0000000000001
875,0.80527155407533,0.2938388412698977,0.0012489680651383455,0.011905028569020754,1800000,9000000,9460800000,525.6
876,0.807698564492386,0.2895661398082775,0.0011257221471127252,0.011865411206078324,1800000,9000000,9471600000,526.2
877,0.8065730566805875,0.2965863899289085,8.984184022399521e-05,0.011825925681160258,1800000,9000000,9482400000,526.8000000000001
878,0.8079873076289888,0.28889618822994084,0.0012562550095460865,0.01178657155553809,1800000,9000000,9493200000,527.4000000000001
879,0.8071909662379226,0.29471907496797844,0.0008463149075654156,0.01174734839194336,1800000,9000000,9504000000,528.0000000000001
880,0.8067923438181357,0.284782098909476,0.0,0.011708255754562732,1800000,9000000,9514800000,528.6
881,0.8067724624200976,0.28844950636371053,0.0014836758909621123,0.011669293209033163,1800000,9000000,9525600000,529.2
882,0.8076723163248033,0.2878560687017531,0.0010590079887259568,0.011630460322437081,1800000,9000000,9536400000,529.8000000000001
883,0.8089250628288939,0.2914512023289137,0.0017704221266060575,0.01159175666329757,1800000,9000000,9547200000,530.4000000000001
884,0.8059364782472308,0.295987519177949,0.0020212589720207327,0.011553181801573576,1800000,9000000,9558000000,531.0000000000001
885,0.8072124528780266,0.29424829109608747,0.002153252242745376,0.011514735308655124,1800000,9000000,9568800000,531.6
886,0.8059381951574237,0.29508285204437174,0.0012579638701071096,0.011476416757358571,1800000,9000000,9579600000,532.2
887,0.8078775025699099,0.28496146045308113,0.0021992247853084303,0.011438225721921835,1800000,9000000,9590400000,532.8000000000001
888,0.8074740288520856,0.29251472130780043,0.00016421574780385736,0.011400161777999683,1800000,9000000,9601200000,533.4000000000001
889,0.8061116472003461,0.29391826038613394,0.0,0.01136222450265902,1800000,9000000,9612000000,534.0000000000001
890,0.8072302364202729,0.2939802390832519,0.0008085113815196124,0.011324413474374167,1800000,9000000,9622800000,534.6
891,0.8073010716572229,0.2885591556793644,0.0023016854095128723,0.011286728273022203,1800000,9000000,9633600000,535.2
892,0.8053919278743692,0.2937434279201178,0.0020649857304521338,0.011249168479878289,1800000,9000000,9644400000,535.8000000000001
893,0.8088900596186492,0.2906263291444352,0.0,0.011211733677610984,1800000,9000000,9655200000,536.4000000000001
894,0.8077395353198501,0.2935160759806812,4.7636512569504625e-05,0.01117442345027767,1800000,9000000,9666000000,537.0000000000001
895,0.8057767980830892,0.29744467688496395,0.0019927056694731605,0.011137237383319877,1800000,9000000,9676800000,537.6000000000001
896,0.8085027020251038,0.2912208130365963,6.679773111395145e-05,0.011100175063558702,1800000,9000000,9687600000,538.2
897,0.8095717035987421,0.29323753759259236,0.001975025933566984,0.01106323607919021,1800000,9000000,9698400000,538.8000000000001
898,0.8048167821700761,0.2936745917944413,0.00193947299046252,0.011026420019780866,1800000,9000000,9709200000,539.4000000000001
899,0.8085353886541249,0.2881654823849556,0.0013201996835901504,0.010989726476262956,1800000,9000000,9720000000,540.0000000000001
900,0.8050218584186035,0.2921588047162314,0.00262194977789041,0.010953155040930068,1800000,9000000,9730800000,540.6000000000001
901,0.8050328408528498,0.29437182929655203,0.0016095730576653616,0.010916705307432543,1800000,9000000,9741600000,541.2
902,0.8087251538472467,0.28549429202280274,0.0016692385263187008,0.010880376870772968,1800000,9000000,9752400000,541.8000000000001
903,0.8058050242947783,0.2898907479032147,0.0007674018461417598,0.010844169327301678,1800000,9000000,9763200000,542.4000000000001
904,0.8080240475082747,0.2971228542865189,0.00015780425547679217,0.010808082274712251,1800000,9000000,9774000000,543.0000000000001
905,0.8093649160452855,0.291195358283477,0.0008506992555963225,0.010772115312037072,1800000,9000000,9784800000,543.6000000000001
906,0.808262390551625,0.2885614658211565,0.0012078596687095213,0.010736268039642852,1800000,9000000,9795600000,544.2
907,0.8067218015872448,0.29320183342215944,0.0029768957408606014,0.010700540059226191,1800000,9000000,9806400000,544.8000000000001
908,0.8065108608528336,0.290467684425643,0.0021358250874566635,0.010664930973809168,1800000,9000000,9817200000,545.4000000000001
909,0.8069037570793725,0.291383350412908,0.001773663855986365,0.010629440387734914,1800000,9000000,9828000000,546.0000000000001
910,0.8084594101128962,0.29458117457870575,0.0027168778691110413,0.010594067906663207,1800000,9000000,9838800000,546.6000000000001
911,0.8068489181460099,0.2898554404813816,0.00031527838527976805,0.010558813137566122,1800000,9000000,9849600000,547.2
912,0.8074447189857694,0.2957052398233842,0.0007113386715809143,0.01052367568872364,1800000,9000000,9860400000,547.8000000000001
913,0.8070563460533772,0.29579320950054816,0.0016940832021890779,0.010488655169719302,1800000,9000000,9871200000,548.4000000000001
914,0.8077893166898305,0.28852811304357284,0.0007738481765401149,0.010453751191435868,1800000,9000000,9882000000,549.0000000000001
915,0.8084781055708663,0.2885728520291745,0.002574759365883824,0.010418963366051004,1800000,9000000,9892800000,549.6000000000001
916,0.8095088323376142,0.29380415928699394,0.0009568821211815536,0.01038429130703295,1800000,9000000,9903600000,550.2
917,0.8054496531866837,0.2910390104635605,0.0001270961038465604,0.010349734629136251,1800000,9000000,9914400000,550.8000000000001
918,0.8056111630717857,0.29535707415126167,0.0024226160346648056,0.010315292948397467,1800000,9000000,9925200000,551.4000000000001
919,0.8060633560633739,0.2934028997701829,0.001595463081920605,0.0102809658821309,1800000,9000000,9936000000,552.0000000000001
920,0.8063648744090967,0.2932752593513139,0.0011971475079865512,0.010246753048924351,1800000,9000000,9946800000,552.6000000000001
921,0.8075800438162404,0.293079783794014,0.0016943339761522418,0.010212654068634879,1800000,9000000,9957600000,553.2
922,0.8074620533177247,0.2944790232473594,0.0009229497722193381,0.010178668562384568,1800000,9000000,9968400000,553.8000000000001
923,0.8085319858490962,0.291052718206564,0.000257034165389501,0.010144796152556337,1800000,9000000,9979200000,554.4000000000001
924,0.810476675416052,0.2884525318256726,0.0023574317908645706,0.010111036462789725,1800000,9000000,9990000000,555.0000000000001
925,0.8068519580800477,0.298159656353636,0.0015964109301087243,0.010077389117976725,1800000,9000000,10000800000,555.6000000000001
926,0.80773676650952,0.28935430748042573,0.0007075127513038223,0.010043853744257604,1800000,9000000,10011600000,556.2
927,0.8074065851471921,0.29291172759019984,0.0024374270439449673,0.010010429969016745,1800000,9000000,10022400000,556.8000000000001
928,0.8062304249413094,0.29336055531707395,0.00024672890299103415,0.009977117420878534,1800000,9000000,10033200000,557.4000000000001
929,0.8066021229797303,0.29336947844881767,0.0010096325297450587,0.009943915729703197,1800000,9000000,10044000000,558.0000000000001
930,0.8070704180039081,0.2937151488531166,0.0004821731140873892,0.009910824526582717,1800000,9000000,10054800000,558.6000000000001
931,0.8081230729003711,0.2887725322907783,0.0009363086973105783,0.009877843443836716,1800000,9000000,10065600000,559.2
932,0.805326079342346,0.29635467056290243,0.001292601089316028,0.009844972115008389,1800000,9000000,10076400000,559.8000000000001
933,0.8077817658920099,0.2911313551872012,0.0013732927907111783,0.009812210174860397,1800000,9000000,10087200000,560.4000000000001
934,0.8073770772272844,0.297808507156899,0.0009712578275062851,0.009779557259370852,1800000,9000000,10098000000,561.0000000000001
935,0.8053563140200694,0.29421061997886255,0.0011616804935512138,0.00974701300572925,1800000,9000000,10108800000,561.6000000000001
936,0.8049931196381884,0.29377390244244456,0.0013044544583392412,0.009714577052332429,1800000,9000000,10119600000,562.2
937,0.8076921727287935,0.29275230289738846,0.0026105288013315974,0.00968224903878058,1800000,9000000,10130400000,562.8000000000001
938,0.8073247928533439,0.2898026991939727,0.0,0.009650028605873223,1800000,9000000,10141200000,563.4000000000001
939,0.8063520736121443,0.29668832974537984,0.0016168942768907317,0.009617915395605208,1800000,9000000,10152000000,564.0000000000001
940,0.808033107094524,0.2849445256628411,0.0,0.009585909051162758,1800000,9000000,10162800000,564.6000000000001
941,0.8088518307084803,0.2927892339791231,0.0005169600995776055,0.009554009216919498,1800000,9000000,10173600000,565.2
942,0.8079465370276927,0.2886171411081,0.0019910823218316793,0.009522215538432497,1800000,9000000,10184400000,565.8000000000001
943,0.8083178004913033,0.2912495436576002,0.0,0.009490527662438332,1800000,9000000,10195200000,566.4000000000001
944,0.8076239994849258,0.28816103597213555,0.0013677541269786985,0.00945894523684917,1800000,9000000,10206000000,567.0000000000001
945,0.8053215152551755,0.28703820459048957,0.00011571045151429751,0.009427467910748841,1800000,9000000,10216800000,567.6000000000001
946,0.8060607854099531,0.29438216054072575,0.0,0.009396095334388952,1800000,9000000,10227600000,568.2
947,0.8073597180321624,0.28715280960481554,0.0016333855701049778,0.009364827159185005,1800000,9000000,10238400000,568.8000000000001
948,0.8056898485900417,0.2924908150190001,0.0,0.009333663037712504,1800000,9000000,10249200000,569.4000000000001
949,0.8044869466999693,0.29394373061819223,0.0018034972204305664,0.009302602623703115,1800000,9000000,10260000000,570.0000000000001
950,0.8076873633317321,0.2929197732969905,0.0010972636055564247,0.009271645572040809,1800000,9000000,10270800000,570.6000000000001
951,0.8075209388690536,0.29332016611615264,0.0,0.00924079153875802,1800000,9000000,10281600000,571.2
952,0.8053860494762834,0.29345701271687324,0.0,0.009210040181031845,1800000,9000000,10292400000,571.8000000000001
953,0.8053899071750427,0.28974450443283073,0.0020745247379188292,0.009179391157180212,1800000,9000000,10303200000,572.4000000000001
954,0.8089217629257477,0.28979011730382986,0.002214945879275793,0.009148844126658095,1800000,9000000,10314000000,573.0000000000001
955,0.8036574130983993,0.29274932458765884,0.0018379775246700175,0.009118398750053738,1800000,9000000,10324800000,573.6000000000001
956,0.8081082855045967,0.2891584960287435,0.0,0.009088054689084853,1800000,9000000,10335600000,574.2
957,0.806265556750408,0.30130661358524335,0.0019123905419766098,0.009057811606594903,1800000,9000000,10346400000,574.8000000000001
958,0.8052516911407556,0.2924115215066047,0.0023414189524640816,0.009027669166549323,1800000,9000000,10357200000,575.4000000000001
959,0.8056375512017777,0.2959200798524705,0.0005971636298534968,0.008997627034031805,1800000,9000000,10368000000,576.0000000000001
960,0.8073333842804243,0.29281257845148895,0.0005585131195328184,0.008967684875240566,1800000,9000000,10378800000,576.6000000000001
961,0.805990527383954,0.28888660795639853,0.001617394149147027,0.00893784235748465,1800000,9000000,10389600000,577.2
962,0.8077541788180986,0.2915753987392538,0.001493925600338599,0.008908099149180209,1800000,9000000,10400400000,577.8000000000001
963,0.8061311413745785,0.2922404444899997,0.0008513028468806261,0.008878454919846852,1800000,9000000,10411200000,578.4000000000001
964,0.8088657202025189,0.29191695133006645,0.00204576766548938,0.008848909340103947,1800000,9000000,10422000000,579.0000000000001
965,0.8082287722036149,0.29653499219698426,0.0,0.00881946208166697,1800000,9000000,10432800000,579.6000000000001
966,0.8078015471337525,0.288404216199453,0.0011602185342181749,0.008790112817343857,1800000,9000000,10443600000,580.2
967,0.8050164604830483,0.29375148413056207,0.0,0.008760861221031375,1800000,9000000,10454400000,580.8000000000001
968,0.8082264691829252,0.2979762601417948,0.0011622704580248012,0.008731706967711477,1800000,9000000,10465200000,581.4000000000001
969,0.8058815851059413,0.29582116676778947,0.0007086924883791454,0.008702649733447719,1800000,9000000,10476000000,582.0000000000001
970,0.8088836346562316,0.2874955573192395,0.0,0.008673689195381645,1800000,9000000,10486800000,582.6000000000001
971,0.8066497895090705,0.28947494414452235,7.71279748798436e-05,0.0086448250317292,1800000,9000000,10497600000,583.2
972,0.8073050734086393,0.29307920112068053,0.0,0.008616056921777155,1800000,9000000,10508400000,583.8000000000001
973,0.8088608087739279,0.29219332379122015,0.0,0.008587384545879555,1800000,9000000,10519200000,584.4000000000001
974,0.807018433810934,0.29247085864560324,0.0010606086792480345,0.00855880758545414,1800000,9000000,10530000000,585.0000000000001
975,0.8045591131537742,0.29358806478608757,0.0011644121850683605,0.008530325722978842,1800000,9000000,10540800000,585.6000000000001
976,0.8076256447206582,0.29115516414926734,0.002169772636751407,0.008501938641988227,1800000,9000000,10551600000,586.2
977,0.8066697983444158,0.2938850283329879,0.00042206218298946257,0.00847364602706999,1800000,9000000,10562400000,586.8000000000001
978,0.8071732449652336,0.2948515693182288,0.0008320140961356688,0.008445447563861456,1800000,9000000,10573200000,587.4000000000001
979,0.8054760985784186,0.2979326412911634,0.0008118302554486257,0.008417342939046071,1800000,9000000,10584000000,588.0000000000001
980,0.809270253340835,0.290390589891291,0.001294442685538878,0.008389331840349944,1800000,9000000,10594800000,588.6000000000001
981,0.8086323363719194,0.2958776070383199,0.0006051388746938137,0.008361413956538348,1800000,9000000,10605600000,589.2
982,0.8051056863591977,0.2922267170623286,0.0036111283228784626,0.008333588977412296,1800000,9000000,10616400000,589.8000000000001
983,0.8060756644228088,0.293112233289776,0.0016508264728783422,0.008305856593805061,1800000,9000000,10627200000,590.4000000000001
984,0.806957304994268,0.2938706186219396,0.0007827818299930634,0.008278216497578768,1800000,9000000,10638000000,591.0000000000001
985,0.8078992998939736,0.29480537214801605,0.0,0.008250668381620944,1800000,9000000,10648800000,591.6000000000001
986,0.8077468669392692,0.29549105132785103,0.0006802029454912765,0.008223211939841133,1800000,9000000,10659600000,592.2
987,0.8087557122730539,0.2925103574298677,0.0,0.008195846867167478,1800000,9000000,10670400000,592.8000000000001
988,0.8071446580549776,0.2944636587803267,0.002716276171161684,0.008168572859543331,1800000,9000000,10681200000,593.4000000000001
989,0.8068615441854958,0.2963119185088795,0.00037118885662192525,0.008141389613923886,1800000,9000000,10692000000,594.0000000000001
990,0.805258858712689,0.2958748058041691,0.001833636739566337,0.008114296828272803,1800000,9000000,10702800000,594.6000000000001
991,0.8074815237248044,0.29058080334637637,0.0015822985685228397,0.008087294201558844,1800000,9000000,10713600000,595.2
992,0.8082052199758228,0.28977582202330754,0.0,0.00806038143375255,1800000,9000000,10724400000,595.8000000000001
993,0.8071465302606107,0.29332539655984463,0.0,0.008033558225822888,1800000,9000000,10735200000,596.4000000000001
994,0.8113245034605564,0.2905247068612568,0.0022348282269808633,0.008006824279733942,1800000,9000000,10746000000,597.0000000000001
995,0.8079414007560257,0.29496426685814836,0.000223301972086116,0.00798017929844159,1800000,9000000,10756800000,597.6000000000001
996,0.8065478348648576,0.2974389081503508,0.0020030980459270343,0.007953622985890214,1800000,9000000,10767600000,598.2
997,0.807395070687541,0.2891886080943769,0.0008389756448249818,0.007927155047009393,1800000,9000000,10778400000,598.8000000000001
998,0.8057267163280273,0.29224869255898267,0.0014972393111974624,0.007900775187710651,1800000,9000000,10789200000,599.4000000000001
999,0.8054877776104543,0.2918758115043079,0.0012755789736292442,0.007874483114884165,1800000,9000000,10800000000,600.0000000000001
