round,test_accuracy,train_objective,mfg,hfr_tau,downlink_bytes,uplink_bytes,cumulative_serialized_bytes,single_device_elapsed_seconds
0,0.5018959302141184,0.5974200710473467,0.12047312412679646,0.35,1800000,9000000,10800000,0.6000000000000001
1,0.4994891864986391,0.6013727038134308,0.12063408465544166,0.3488352756190831,1800000,9000000,21600000,1.2000000000000002
2,0.4992447148497151,0.6048407817159018,0.11898855827905788,0.34767442718926206,1800000,9000000,32400000,1.8000000000000003
3,0.5023696147984864,0.597055123711454,0.11874014930598302,0.34651744181220884,1800000,9000000,43200000,2.4000000000000004
4,0.5038259700946448,0.5982463944590329,0.11760184648200309,0.3453643066325185,1800000,9000000,54000000,3.0000000000000004
5,0.5032779856736467,0.5946908135161032,0.11809549467500861,0.3442150088375661,1800000,9000000,64800000,3.6000000000000005
6,0.5061325548388692,0.5918393226190694,0.11672194896032241,0.3430695356573643,1800000,9000000,75600000,4.200000000000001
7,0.5064833502395789,0.5889559881940372,0.11730879730551268,0.3419278743644216,1800000,9000000,86400000,4.800000000000001
8,0.5084441677446726,0.5858610860852378,0.1164273812174676,0.34079001227360073,1800000,9000000,97200000,5.4
9,0.5083255655508965,0.5939410476806409,0.11730296570052651,0.33965593674197786,1800000,9000000,108000000,6.000000000000001
10,0.5102082692137435,0.5883999894845413,0.11460083439500592,0.33852563516870204,1800000,9000000,118800000,6.600000000000001
11,0.5100747099983448,0.5826756028583967,0.11573568700257127,0.3373990949948554,1800000,9000000,129600000,7.200000000000001
12,0.5094002575013131,0.5937268598609066,0.11427820939941531,0.3362763037033131,1800000,9000000,140400000,7.800000000000001
13,0.5106565888815877,0.5842083361386204,0.1164002415994333,0.335157248818605,1800000,9000000,151200000,8.400000000000002
14,0.511840447239219,0.5934979666112223,0.11332419168945054,0.3340419179067763,1800000,9000000,162000000,9.000000000000002
15,0.5121649179045001,0.585749389744594,0.11357305174545862,0.33293029857524986,1800000,9000000,172800000,9.600000000000001
16,0.5123959254041774,0.5943560477475447,0.11111134049616671,0.3318223784726884,1800000,9000000,183600000,10.200000000000001
17,0.5119016069166478,0.5883626161348352,0.11296724965626488,0.3307181452888571,1800000,9000000,194400000,10.8
18,0.5153087087634103,0.5808214043053425,0.11261893750106719,0.32961758675448705,1800000,9000000,205200000,11.400000000000002
19,0.5168793898841167,0.5834489483952375,0.11279485871439042,0.32852069064113865,1800000,9000000,216000000,12.000000000000002
20,0.5168553111767284,0.5810572045631587,0.11095724424239455,0.3274274447610662,1800000,9000000,226800000,12.600000000000001
21,0.518283299551628,0.5864382801128641,0.11038422836961885,0.32633783696708185,1800000,9000000,237600000,13.200000000000003
22,0.5178902917747996,0.579529581963067,0.10943126907631047,0.3252518551524212,1800000,9000000,248400000,13.800000000000002
23,0.5163716549002423,0.5893198885799851,0.10996390257971636,0.32416948725060846,1800000,9000000,259200000,14.400000000000002
24,0.5212472993702478,0.5780598860376546,0.10926371875345568,0.3230907212353225,1800000,9000000,270000000,15.000000000000002
25,0.5203446597701491,0.5779859069354653,0.10868111973947901,0.32201554512026315,1800000,9000000,280800000,15.600000000000001
26,0.5177509626561552,0.5807808601923442,0.10760360272986985,0.320943946959018,1800000,9000000,291600000,16.200000000000003
27,0.5232435583662528,0.5775367960779264,0.1075717814942826,0.31987591484492983,1800000,9000000,302400000,16.800000000000004
28,0.5235056201342887,0.5780604333112833,0.10681985152183487,0.3188114369109642,1800000,9000000,313200000,17.400000000000002
29,0.5224760568532189,0.5843393815352633,0.10671789945062118,0.3177505013295776,1800000,9000000,324000000,18.000000000000004
30,0.5244069097633091,0.5733179352761587,0.10693538073905395,0.3166930963125858,1800000,9000000,334800000,18.6
31,0.5251361000506692,0.5788826020951685,0.1070634723890471,0.3156392101110335,1800000,9000000,345600000,19.200000000000003
32,0.5245216144153838,0.5746278942134736,0.10754966335713158,0.3145888310150631,1800000,9000000,356400000,19.800000000000004
33,0.528351042844712,0.5679794302579284,0.10373525835564827,0.3135419473537849,1800000,9000000,367200000,20.400000000000002
34,0.5282698426228617,0.5681059124645834,0.10391909301104561,0.31249854749514744,1800000,9000000,378000000,21.000000000000004
35,0.5254687390641463,0.572198863303806,0.10382406968722059,0.3114586198458083,1800000,9000000,388800000,21.6
36,0.5247085706293831,0.5753176571966249,0.10333906361315898,0.3104221528510051,1800000,9000000,399600000,22.200000000000003
37,0.5308617537349899,0.5701597514259569,0.101858464331778,0.3093891349944272,1800000,9000000,410400000,22.800000000000004
38,0.5283994139396786,0.5687965249743326,0.10302361784703669,0.30835955479808785,1800000,9000000,421200000,23.400000000000002
39,0.531474029389055,0.570140305993383,0.10282747205105908,0.30733340082219646,1800000,9000000,432000000,24.000000000000004
40,0.5326546498226502,0.5692429182751491,0.1042466022134089,0.3063106616650316,1800000,9000000,442800000,24.600000000000005
41,0.5327105971684669,0.5713888487207154,0.09956402155151443,0.3052913259628144,1800000,9000000,453600000,25.200000000000003
42,0.5313992089038013,0.570870852148123,0.1027074550697171,0.304275382389582,1800000,9000000,464400000,25.800000000000004
43,0.5314056065856565,0.5732132844046416,0.1002504299245201,0.3032628196570622,1800000,9000000,475200000,26.400000000000006
44,0.5339248769814005,0.5651817018472788,0.10037893584298793,0.3022536265145474,1800000,9000000,486000000,27.000000000000004
45,0.5319616496691861,0.5670891957768011,0.09978211341268271,0.3012477917487702,1800000,9000000,496800000,27.600000000000005
46,0.5337937735816392,0.5657564931323821,0.10039982397449242,0.30024530418377837,1800000,9000000,507600000,28.200000000000003
47,0.5338568638957307,0.5684784513596457,0.09928893384390558,0.2992461526808108,1800000,9000000,518400000,28.800000000000004
48,0.5359189456713811,0.5645212776492559,0.0996936488177361,0.2982503261381739,1800000,9000000,529200000,29.400000000000006
49,0.5351505573637453,0.56460353962744,0.0986641500680684,0.2972578134911182,1800000,9000000,540000000,30.000000000000004
50,0.5350752225237212,0.5656011484558354,0.09841186081269093,0.29626860371171493,1800000,9000000,550800000,30.600000000000005
51,0.5367978325369436,0.5635770118701073,0.09699210532135512,0.2952826858087343,1800000,9000000,561600000,31.200000000000003
52,0.5376873580429816,0.5633765143952434,0.09627057519056546,0.29430004882752275,1800000,9000000,572400000,31.800000000000004
53,0.5369056196867548,0.561120653759578,0.09598167844546222,0.29332068184988147,1800000,9000000,583200000,32.400000000000006
54,0.5414384204351566,0.5606161680089528,0.09645414639596622,0.2923445739939452,1800000,9000000,594000000,33.00000000000001
55,0.5398849740722795,0.5582188571740568,0.09553880087250022,0.29137171441406096,1800000,9000000,604800000,33.60000000000001
56,0.540881362387134,0.5633261242205483,0.09645394800216073,0.2904020923006678,1800000,9000000,615600000,34.2
57,0.5437328599102152,0.5509117945425526,0.09669270314607313,0.2894356968801768,1800000,9000000,626400000,34.800000000000004
58,0.5420175726325257,0.5568127679192816,0.09474923371452251,0.2884725174148511,1800000,9000000,637200000,35.400000000000006
59,0.5407841530032551,0.5532703930926405,0.09532838809448331,0.2875125432026867,1800000,9000000,648000000,36.00000000000001
60,0.5461840603969684,0.556209209103287,0.09515100148509754,0.2865557635772936,1800000,9000000,658800000,36.60000000000001
61,0.5461246758206447,0.5581299979447839,0.0965578452853052,0.2856021679077773,1800000,9000000,669600000,37.2
62,0.5452376968276036,0.5580746688505427,0.09414033283093141,0.28465174559862044,1800000,9000000,680400000,37.800000000000004
63,0.5477750171866901,0.5550249092620488,0.09410553621627235,0.28370448608956544,1800000,9000000,691200000,38.400000000000006
64,0.547529585168652,0.552537152252537,0.09293774137504383,0.2827603788554969,1800000,9000000,702000000,39.00000000000001
65,0.5461361156808463,0.5501842348355255,0.09086682246751918,0.28181941340632466,1800000,9000000,712800000,39.60000000000001
66,0.5480996437041021,0.55608209972896,0.09264651158419275,0.28088157928686747,1800000,9000000,723600000,40.2
67,0.5469467366759349,0.5513521069468176,0.09000661419212459,0.2799468660767365,1800000,9000000,734400000,40.800000000000004
68,0.5499631007758116,0.5497008774572535,0.09250995759858419,0.2790152633902198,1800000,9000000,745200000,41.400000000000006
69,0.5475707577810867,0.5496469616898629,0.09042995670793655,0.2780867608761669,1800000,9000000,756000000,42.00000000000001
70,0.5510679301174044,0.5503131945959651,0.08951108881427715,0.2771613482178736,1800000,9000000,766800000,42.60000000000001
71,0.5523002435323788,0.542557598146011,0.08958170440237541,0.27623901513296745,1800000,9000000,777600000,43.2
72,0.550099840883581,0.5489334596612929,0.09072978128153472,0.2753197513732937,1800000,9000000,788400000,43.800000000000004
73,0.5542319117250564,0.5468749237952064,0.08919881297296472,0.274403546724801,1800000,9000000,799200000,44.400000000000006
74,0.5534464818683947,0.5477937711198544,0.08958606695553332,0.27349039100742834,1800000,9000000,810000000,45.00000000000001
75,0.5530708378711795,0.548194000725403,0.0873098074612078,0.2725802740749917,1800000,9000000,820800000,45.60000000000001
76,0.5564031927038531,0.5395593518613465,0.08956879849967958,0.27167318581507127,1800000,9000000,831600000,46.20000000000001
77,0.5570399765042187,0.540549992346269,0.08709399374158593,0.2707691161488994,1800000,9000000,842400000,46.800000000000004
78,0.556851243234032,0.5418811867217456,0.08856561095159533,0.26986805503124817,1800000,9000000,853200000,47.400000000000006
79,0.5557679995627778,0.5439284598123891,0.08960345622378378,0.26896999245031816,1800000,9000000,864000000,48.00000000000001
80,0.5583595537082916,0.5411429473996964,0.08578487006298606,0.26807491842762704,1800000,9000000,874800000,48.60000000000001
81,0.5589957680207812,0.5357486314040323,0.08530792211430628,0.2671828230178986,1800000,9000000,885600000,49.20000000000001
82,0.5577091822604421,0.5470838382042142,0.08637680535518219,0.2662936963089525,1800000,9000000,896400000,49.800000000000004
83,0.5570444100947813,0.5419888788826669,0.08617841295539166,0.26540752842159393,1800000,9000000,907200000,50.400000000000006
84,0.5604549860872838,0.5369966589283706,0.08641155311239132,0.2645243095095039,1800000,9000000,918000000,51.00000000000001
85,0.5616159607530595,0.5381573192199693,0.08739343941913578,0.26364402975912987,1800000,9000000,928800000,51.60000000000001
86,0.5634090375423327,0.5337109031341668,0.08536949987726668,0.26276667938957665,1800000,9000000,939600000,52.20000000000001
87,0.561914837779105,0.5369431255107698,0.08519959479480324,0.2618922486524978,1800000,9000000,950400000,52.80000000000001
88,0.5588974859039914,0.5430918533404078,0.08324457344352804,0.26102072783198726,1800000,9000000,961200000,53.400000000000006
89,0.560112077567842,0.5371844804788944,0.08542100631690235,0.2601521072444713,1800000,9000000,972000000,54.00000000000001
90,0.561690601857346,0.5386031891634351,0.08367825847758414,0.25928637723860126,1800000,9000000,982800000,54.60000000000001
91,0.5631519438570678,0.5350847902882958,0.08297284342230646,0.2584235281951458,1800000,9000000,993600000,55.20000000000001
92,0.5650300438755164,0.5394722606750408,0.08518621083561739,0.25756355052688457,1800000,9000000,1004400000,55.80000000000001
93,0.5636351785220517,0.5343867731543379,0.08347704146842126,0.25670643467850124,1800000,9000000,1015200000,56.400000000000006
94,0.5679133475712818,0.5331837681862641,0.0827458529781298,0.2558521711264775,1800000,9000000,1026000000,57.00000000000001
95,0.5648097621122615,0.5339527443912946,0.08373869849818216,0.2550007503789875,1800000,9000000,1036800000,57.60000000000001
96,0.5669807022887754,0.5330737493861565,0.08192338119543434,0.2541521629757918,1800000,9000000,1047600000,58.20000000000001
97,0.5648865846530503,0.5343742874473643,0.08195752291770672,0.2533063994881328,1800000,9000000,1058400000,58.80000000000001
98,0.5689031109238801,0.5283783550091252,0.08113162803858537,0.2524634505186297,1800000,9000000,1069200000,59.400000000000006
99,0.5677235524014559,0.5310271016398879,0.08051991083474346,0.25162330670117417,1800000,9000000,1080000000,60.00000000000001
100,0.5702416364148496,0.5263517035332073,0.08090512627354764,0.2507859587008262,1800000,9000000,1090800000,60.60000000000001
101,0.5706247767989847,0.5314911083825644,0.08030093295977764,0.24995139721371062,1800000,9000000,1101600000,61.20000000000001
102,0.5710560122102162,0.5233740712841479,0.08094776513968793,0.24911961296691337,1800000,9000000,1112400000,61.80000000000001
103,0.5716709586453113,0.5299265486007207,0.07760278191899686,0.24829059671837875,1800000,9000000,1123200000,62.400000000000006
104,0.5720088683683119,0.5309528004399504,0.07895947342590205,0.24746433925680647,1800000,9000000,1134000000,63.00000000000001
105,0.570943695634087,0.5302492478668909,0.07812518303434615,0.2466408314015497,1800000,9000000,1144800000,63.60000000000001
106,0.5722627045692784,0.5253573020680549,0.07874099784431265,0.24582006400251258,1800000,9000000,1155600000,64.2
107,0.5719523225003829,0.5241351610325575,0.0781834759763371,0.24500202794004897,1800000,9000000,1166400000,64.80000000000001
108,0.5714692233495585,0.5293219998708607,0.07735288375658902,0.24418671412486084,1800000,9000000,1177200000,65.4
109,0.5742294115024381,0.5301725141737781,0.0785358836085466,0.24337411349789742,1800000,9000000,1188000000,66.00000000000001
110,0.5760092219273109,0.5248424836086457,0.07698088608571887,0.24256421703025452,1800000,9000000,1198800000,66.60000000000001
111,0.5760522380134186,0.526344187550125,0.07676138972552335,0.24175701572307412,1800000,9000000,1209600000,67.20000000000002
112,0.5756708872181218,0.5220086505064753,0.07573505329407906,0.2409525006074445,1800000,9000000,1220400000,67.80000000000001
113,0.5797373738602043,0.5238216635445427,0.07679527598926497,0.24015066274430058,1800000,9000000,1231200000,68.4
114,0.5773812099573841,0.521537161261996,0.07732210196405,0.23935149322432453,1800000,9000000,1242000000,69.00000000000001
115,0.5776089377986803,0.5216360449440223,0.0764249341625422,0.23855498316784673,1800000,9000000,1252800000,69.60000000000001
116,0.5788723881150187,0.517922811219787,0.07538648011448332,0.23776112372474734,1800000,9000000,1263600000,70.20000000000002
117,0.5789746947201702,0.5206143813567026,0.07436717370133712,0.2369699060743576,1800000,9000000,1274400000,70.80000000000001
118,0.5801250634010102,0.5261570901626303,0.07468107173962013,0.23618132142536227,1800000,9000000,1285200000,71.4
119,0.5787874025187424,0.5238082007372251,0.07304623437850923,0.2353953610157015,1800000,9000000,1296000000,72.00000000000001
120,0.5824288597651712,0.5158400940584611,0.07351224304353055,0.23461201611247376,1800000,9000000,1306800000,72.60000000000001
121,0.5788897380871137,0.5199390471578417,0.07467331189258958,0.23383127801183873,1800000,9000000,1317600000,73.20000000000002
122,0.5799182686187584,0.5250627711077357,0.07431620960313409,0.23305313803892064,1800000,9000000,1328400000,73.80000000000001
123,0.5812102949933536,0.5151866035232063,0.07311465867943721,0.23227758754771177,1800000,9000000,1339200000,74.4
124,0.5832846434705329,0.5133241056396446,0.0734794775943569,0.23150461792097646,1800000,9000000,1350000000,75.00000000000001
125,0.5825854658524197,0.5222369982942383,0.07224666857345227,0.2307342205701553,1800000,9000000,1360800000,75.60000000000001
126,0.5832786858273601,0.517992800830317,0.0737444028688202,0.22996638693526986,1800000,9000000,1371600000,76.20000000000002
127,0.58472166628306,0.5202394394246056,0.07103741643199102,0.22920110848482736,1800000,9000000,1382400000,76.80000000000001
128,0.5830161909932283,0.5200725373436356,0.07289938126476216,0.22843837671572612,1800000,9000000,1393200000,77.4
129,0.5877709508783047,0.5115879335532357,0.07135454238041647,0.22767818315316077,1800000,9000000,1404000000,78.00000000000001
130,0.5841543518992275,0.5143069106328206,0.07026761322359915,0.2269205193505284,1800000,9000000,1414800000,78.60000000000001
131,0.5866807191253204,0.5098016897951431,0.07059979325487449,0.2261653768893345,1800000,9000000,1425600000,79.20000000000002
132,0.5888471176630007,0.5130229032209762,0.0695767618863083,0.22541274737909947,1800000,9000000,1436400000,79.80000000000001
133,0.5865278000841314,0.514889364854817,0.07022675016516408,0.22466262245726548,1800000,9000000,1447200000,80.4
134,0.5888804885870714,0.5115149848863836,0.06840914044012304,0.22391499378910354,1800000,9000000,1458000000,81.00000000000001
135,0.5900498485561259,0.5074701114017387,0.06914319536231475,0.22316985306762066,1800000,9000000,1468800000,81.60000000000001
136,0.5906117873028498,0.5079401104626311,0.07027131696478361,0.22242719201346783,1800000,9000000,1479600000,82.20000000000002
137,0.5892306156774881,0.5093239934891804,0.06932934547913737,0.22168700237484795,1800000,9000000,1490400000,82.80000000000001
138,0.5919170266446332,0.5030858967754308,0.06870444601214422,0.22094927592742405,1800000,9000000,1501200000,83.4
139,0.5923651571507754,0.50506629184463,0.06839645694268795,0.22021400447422812,1800000,9000000,1512000000,84.00000000000001
140,0.5913472657248505,0.5054941419083933,0.06973026455056427,0.2194811798455696,1800000,9000000,1522800000,84.60000000000001
141,0.5906920638097116,0.5090914645263164,0.06966090483730826,0.21875079389894525,1800000,9000000,1533600000,85.20000000000002
142,0.5908403809137963,0.505306874217048,0.06692917755889131,0.21802283851894808,1800000,9000000,1544400000,85.80000000000001
143,0.5902831844377812,0.5114038183129113,0.06752189876932867,0.21729730561717747,1800000,9000000,1555200000,86.4
144,0.5945528503313707,0.5085231153053532,0.06881207378083098,0.2165741871321493,1800000,9000000,1566000000,87.00000000000001
145,0.5915032470280174,0.5076719806907778,0.06925515467007681,0.21585347502920627,1800000,9000000,1576800000,87.60000000000001
146,0.5957256276847197,0.5053044233107216,0.06926706624501407,0.2151351613004287,1800000,9000000,1587600000,88.20000000000002
147,0.5967791933473227,0.5013634211009159,0.06543969726877122,0.21441923796454562,1800000,9000000,1598400000,88.80000000000001
148,0.5968693249977374,0.5018115607677548,0.06602630097614522,0.21370569706684586,1800000,9000000,1609200000,89.40000000000002
149,0.6009888058404107,0.4991644317562114,0.06672411799462305,0.2129945306790899,1800000,9000000,1620000000,90.00000000000001
150,0.5968450136058696,0.504116184021804,0.06600000983110764,0.21228573089942168,1800000,9000000,1630800000,90.60000000000001
151,0.5963618432582436,0.5037211345584395,0.06566175626053498,0.2115792898522808,1800000,9000000,1641600000,91.20000000000002
152,0.5989541304391183,0.5018625634737757,0.06440676220537875,0.21087519968831503,1800000,9000000,1652400000,91.80000000000001
153,0.5973832554338244,0.5017514021877375,0.06729936631788498,0.21017345258429304,1800000,9000000,1663200000,92.40000000000002
154,0.6007576687531996,0.4952749472096623,0.06706169974535148,0.20947404074301768,1800000,9000000,1674000000,93.00000000000001
155,0.5988974919699876,0.4969669606105098,0.06597745214293768,0.20877695639323893,1800000,9000000,1684800000,93.60000000000001
156,0.600211187254386,0.49386146965850725,0.0645695461132253,0.20808219178956802,1800000,9000000,1695600000,94.20000000000002
157,0.6001494560029534,0.5030089238773638,0.06387583106480028,0.2073897392123911,1800000,9000000,1706400000,94.80000000000001
158,0.6006880873815834,0.4958372980235817,0.06461361315972759,0.20669959096778348,1800000,9000000,1717200000,95.40000000000002
159,0.6038085656053465,0.4926033880030802,0.06368866980761145,0.20601173938742431,1800000,9000000,1728000000,96.00000000000001
160,0.6019372022767898,0.495595970448758,0.06253455573640584,0.20532617682851112,1800000,9000000,1738800000,96.60000000000001
161,0.6009366501403536,0.4980553994532594,0.06411409434040934,0.2046428956736751,1800000,9000000,1749600000,97.20000000000002
162,0.6027751439312906,0.5008926922261278,0.06414515734134861,0.20396188833089637,1800000,9000000,1760400000,97.80000000000001
163,0.6044317978542716,0.5008943215682441,0.06302729870421828,0.2032831472334197,1800000,9000000,1771200000,98.40000000000002
164,0.6041022402839434,0.5009520102179987,0.0627646907404553,0.20260666483967038,1800000,9000000,1782000000,99.00000000000001
165,0.6030264039935375,0.49831771789291207,0.061279916108306284,0.20193243363317032,1800000,9000000,1792800000,99.60000000000001
166,0.6059589925486244,0.49287932290345315,0.06223703572522927,0.20126044612245486,1800000,9000000,1803600000,100.20000000000002
167,0.604506742755655,0.4974966484449739,0.061818104531628795,0.20059069484098904,1800000,9000000,1814400000,100.80000000000001
168,0.6079490360043313,0.49265819189640714,0.06300896803317868,0.1999231723470852,1800000,9000000,1825200000,101.40000000000002
169,0.6052844138807586,0.4892201582052287,0.06106521102764937,0.1992578712238198,1800000,9000000,1836000000,102.00000000000001
170,0.6083359814876147,0.48940983287187173,0.0616320403492973,0.19859478407895134,1800000,9000000,1846800000,102.60000000000001
171,0.6072557700469343,0.48808475816097563,0.059583672294194645,0.19793390354483797,1800000,9000000,1857600000,103.20000000000002
172,0.6075824857691372,0.4901380200977125,0.05968502871921431,0.19727522227835592,1800000,9000000,1868400000,103.80000000000001
173,0.6066307932493866,0.4928112914137214,0.05975515686546014,0.1966187329608177,1800000,9000000,1879200000,104.40000000000002
174,0.6109211368144306,0.49209009484396127,0.0588433241998622,0.1959644282978907,1800000,9000000,1890000000,105.00000000000001
175,0.6103856655600299,0.4915223851626955,0.05948347742537005,0.19531230101951647,1800000,9000000,1900800000,105.60000000000002
176,0.6092380661401743,0.4969690207604819,0.05936630101207778,0.1946623438798296,1800000,9000000,1911600000,106.20000000000002
177,0.6104513912095664,0.48219987418402765,0.05924038844030345,0.19401454965707748,1800000,9000000,1922400000,106.80000000000001
178,0.6079140429751612,0.4909950076543235,0.058142375691248936,0.19336891115353974,1800000,9000000,1933200000,107.40000000000002
179,0.6116940755286396,0.4877636243745974,0.06031176104188041,0.1927254211954487,1800000,9000000,1944000000,108.00000000000001
180,0.6128920958916514,0.488020662043035,0.05805727879330142,0.19208407263290928,1800000,9000000,1954800000,108.60000000000002
181,0.615462964314836,0.48806595649046997,0.05749317573360394,0.19144485833981967,1800000,9000000,1965600000,109.20000000000002
182,0.6147103921441005,0.4846766519826302,0.05808776610200974,0.19080777121379236,1800000,9000000,1976400000,109.80000000000001
183,0.6138415236653629,0.4832023338766911,0.056915138117500715,0.19017280417607493,1800000,9000000,1987200000,110.40000000000002
184,0.61179413933325,0.49163497130048106,0.056443807750413126,0.1895399501714715,1800000,9000000,1998000000,111.00000000000001
185,0.6144096541346035,0.4856164765926164,0.05614310329359326,0.1889092021682644,1800000,9000000,2008800000,111.60000000000002
186,0.614018789100343,0.49255993065090775,0.057492624278656215,0.18828055315813605,1800000,9000000,2019600000,112.20000000000002
187,0.6148859728819972,0.4774582761245981,0.05669272933704695,0.18765399615609096,1800000,9000000,2030400000,112.80000000000001
188,0.6161477156048392,0.48146420842053544,0.05541118493879537,0.18702952420037813,1800000,9000000,2041200000,113.40000000000002
189,0.6152927029198119,0.4819645751782217,0.054734672050069606,0.186407130352414,1800000,9000000,2052000000,114.00000000000001
190,0.6146722388017232,0.48426936257774156,0.05603528280230208,0.1857868076967049,1800000,9000000,2062800000,114.60000000000002
191,0.6167987143855715,0.48438810197744037,0.05431637411362636,0.1851685493407704,1800000,9000000,2073600000,115.20000000000002
192,0.6176518632184055,0.4784613897598356,0.05401572981272577,0.18455234841506699,1800000,9000000,2084400000,115.80000000000001
193,0.6156654870882705,0.48574064797446675,0.05548658688965608,0.18393819807291129,1800000,9000000,2095200000,116.40000000000002
194,0.618126877892474,0.485105129926288,0.054571432055297533,0.18332609149040435,1800000,9000000,2106000000,117.00000000000001
195,0.6184873127426053,0.4785905827507009,0.05515972655014561,0.1827160218663556,1800000,9000000,2116800000,117.60000000000002
196,0.6189263422196349,0.4813205520283755,0.05589196840913978,0.1821079824222074,1800000,9000000,2127600000,118.20000000000002
197,0.6166274430760604,0.48191852476126623,0.05451437508649928,0.1815019664019596,1800000,9000000,2138400000,118.80000000000001
198,0.6217290139906736,0.47976625796392336,0.05568105530007479,0.1808979670720947,1800000,9000000,2149200000,119.40000000000002
199,0.6189376681778751,0.48249587270214384,0.05379477127256054,0.18029597772150285,1800000,9000000,2160000000,120.00000000000001
200,0.6190138474276736,0.4833970803740372,0.053729614774025006,0.1796959916614072,1800000,9000000,2170800000,120.60000000000002
201,0.6209136218573607,0.47765091939231435,0.05551331612489872,0.17909800222528985,1800000,9000000,2181600000,121.20000000000002
202,0.6226196188312165,0.4767362738420645,0.0532828820603664,0.1785020027688176,1800000,9000000,2192400000,121.80000000000001
203,0.6217649285550553,0.4786092421300648,0.052936878512421195,0.1779079866697681,1800000,9000000,2203200000,122.40000000000002
204,0.6212379214000252,0.4851876246949158,0.05121172714396124,0.17731594732795633,1800000,9000000,2214000000,123.00000000000001
205,0.6231890125203113,0.4744499398915511,0.05363210424336627,0.1767258781651614,1800000,9000000,2224800000,123.60000000000002
206,0.6229788631550396,0.47451777943036383,0.05353341082520975,0.1761377726250531,1800000,9000000,2235600000,124.20000000000002
207,0.6224913852002625,0.47763739925026444,0.050771620981115116,0.17555162417311942,1800000,9000000,2246400000,124.80000000000001
208,0.6239129107483161,0.47746835299263457,0.051475091412202155,0.17496742629659376,1800000,9000000,2257200000,125.40000000000002
209,0.6238590376091001,0.47433357324107883,0.0539582878374491,0.17438517250438257,1800000,9000000,2268000000,126.00000000000001
210,0.6247198616035203,0.4751434536779476,0.05112202558602306,0.17380485632699333,1800000,9000000,2278800000,126.60000000000002
211,0.6248998752279289,0.4774798335934921,0.05275779967381717,0.17322647131646246,1800000,9000000,2289600000,127.20000000000002
212,0.6275535577904596,0.47424259971347654,0.0502972770564401,0.17265001104628397,1800000,9000000,2300400000,127.80000000000003
213,0.6290872797116417,0.47739989567736485,0.05110952914737,0.17207546911133778,1800000,9000000,2311200000,128.4
214,0.6279027865689577,0.4756938415774915,0.05137679499504065,0.1715028391278187,1800000,9000000,2322000000,129.00000000000003
215,0.6281094189175461,0.47312827621044923,0.05011802646423161,0.17093211473316547,1800000,9000000,2332800000,129.60000000000002
216,0.626430270656877,0.46683625293127295,0.05013884949288982,0.1703632895859901,1800000,9000000,2343600000,130.20000000000002
217,0.6282802988933933,0.46971614959239477,0.05159080279145894,0.1697963573660072,1800000,9000000,2354400000,130.8
218,0.6298488452104127,0.47766041015383115,0.0485705290076113,0.1692313117739642,1800000,9000000,2365200000,131.4
219,0.6251169456999471,0.4771373810274545,0.0505838248008193,0.16866814653157083,1800000,9000000,2376000000,132.00000000000003
220,0.6280896652039962,0.4705888190042733,0.049172015653543254,0.16810685538142978,1800000,9000000,2386800000,132.60000000000002
221,0.6292831973479613,0.4654208467836577,0.04980080823547035,0.16754743208696687,1800000,9000000,2397600000,133.20000000000002
222,0.6318032995660148,0.46552880266373364,0.049369764461287734,0.16698987043236202,1800000,9000000,2408400000,133.8
223,0.6282999520108549,0.47563571615671474,0.0481967952848078,0.16643416422248,1800000,9000000,2419200000,134.40000000000003
224,0.629330914601839,0.47335466732895737,0.04923924550235584,0.1658803072828016,1800000,9000000,2430000000,135.00000000000003
225,0.6334881010181598,0.46828877268335484,0.04867304621924748,0.16532829345935512,1800000,9000000,2440800000,135.60000000000002
226,0.6295559657826466,0.46807459930334905,0.04945506540747094,0.16477811661864805,1800000,9000000,2451600000,136.20000000000002
227,0.6286552895170451,0.47475450993192575,0.04864739520839603,0.1642297706475986,1800000,9000000,2462400000,136.8
228,0.6332427032240857,0.4657888045822735,0.048705241021727894,0.1636832494534682,1800000,9000000,2473200000,137.40000000000003
229,0.632219059693973,0.46336995618623533,0.04883120324848953,0.1631385469637935,1800000,9000000,2484000000,138.00000000000003
230,0.6344252623980062,0.4693877496503021,0.04799906952710276,0.162595657126319,1800000,9000000,2494800000,138.60000000000002
231,0.6338384539561756,0.4609898762633381,0.046878849538997354,0.16205457390892983,1800000,9000000,2505600000,139.20000000000002
232,0.6339030635641926,0.4588518370487381,0.04631563956694037,0.16151529129958464,1800000,9000000,2516400000,139.8
233,0.634397995369787,0.4697330516099987,0.04664728845263754,0.1609778033062489,1800000,9000000,2527200000,140.40000000000003
234,0.6342555479712678,0.4646205439759527,0.04799903072615321,0.16044210395682823,1800000,9000000,2538000000,141.00000000000003
235,0.6354841114700757,0.4680727522016321,0.04736722949252074,0.1599081872991022,1800000,9000000,2548800000,141.60000000000002
236,0.6349050571835798,0.4681516047592436,0.04592844641151993,0.15937604740065797,1800000,9000000,2559600000,142.20000000000002
237,0.6372817023949524,0.4642654692690203,0.046374708363506184,0.15884567834882454,1800000,9000000,2570400000,142.8
238,0.6395922823258177,0.4621398751971704,0.04687958587251471,0.15831707425060695,1800000,9000000,2581200000,143.40000000000003
239,0.6349207345283103,0.4631791350562282,0.04689432514304734,0.15779022923262095,1800000,9000000,2592000000,144.00000000000003
240,0.6370361697775889,0.46340239625698487,0.04637199747332066,0.15726513744102755,1800000,9000000,2602800000,144.60000000000002
241,0.6375700204715912,0.46809470813071596,0.046946973769915024,0.1567417930414681,1800000,9000000,2613600000,145.20000000000002
242,0.6386092790335235,0.4607630503798159,0.0472706823008804,0.1562201902189995,1800000,9000000,2624400000,145.8
243,0.6389059676955199,0.46410718448070093,0.045106380794890454,0.15570032317802937,1800000,9000000,2635200000,146.40000000000003
244,0.6385913524222465,0.46189433082258724,0.04493646810651417,0.15518218614225202,1800000,9000000,2646000000,147.00000000000003
245,0.6406662643276776,0.4540529948731038,0.04320498064410721,0.15466577335458384,1800000,9000000,2656800000,147.60000000000002
246,0.6402883823595528,0.454622043575706,0.04296992927327261,0.15415107907709974,1800000,9000000,2667600000,148.20000000000002
247,0.6399576563411862,0.4561427302755009,0.04355033924415368,0.15363809759096905,1800000,9000000,2678400000,148.8
248,0.6413818617977493,0.4556974391724891,0.04232902402007451,0.15312682319639226,1800000,9000000,2689200000,149.40000000000003
249,0.6377705437241638,0.4576688634267647,0.04491325843138821,0.15261725021253744,1800000,9000000,2700000000,150.00000000000003
250,0.6433886385045405,0.45764464147477846,0.043816706635712896,0.15210937297747737,1800000,9000000,2710800000,150.60000000000002
251,0.640148237163265,0.46401916627935863,0.0435675362195534,0.1516031858481264,1800000,9000000,2721600000,151.20000000000002
252,0.6411718009464342,0.45490620246407665,0.04412077192023843,0.15109868320017789,1800000,9000000,2732400000,151.8
253,0.6431591046377721,0.45665021407203565,0.04291721327776175,0.15059585942804166,1800000,9000000,2743200000,152.40000000000003
254,0.6426694750111032,0.4565866352774069,0.04540549834748137,0.15009470894478177,1800000,9000000,2754000000,153.00000000000003
255,0.6400808800754259,0.46264028255826,0.04284694070040477,0.14959522618205434,1800000,9000000,2764800000,153.60000000000002
256,0.6434295975223234,0.45391811539289273,0.04257839593636034,0.14909740559004572,1800000,9000000,2775600000,154.20000000000002
257,0.6457852325893633,0.45609102749566344,0.044006208038930135,0.14860124163741095,1800000,9000000,2786400000,154.8
258,0.6440869683300585,0.45459398257482747,0.04471779906447252,0.1481067288112121,1800000,9000000,2797200000,155.40000000000003
259,0.6437609954602214,0.4582898651733906,0.04325206582096455,0.14761386161685705,1800000,9000000,2808000000,156.00000000000003
260,0.6422313414366085,0.45525237150320086,0.04235396746844486,0.14712263457803865,1800000,9000000,2818800000,156.60000000000002
261,0.6453372392729912,0.4501560312814535,0.042524952871548304,0.14663304223667364,1800000,9000000,2829600000,157.20000000000002
262,0.6465575646193232,0.44930765790347893,0.041107077767590094,0.14614507915284203,1800000,9000000,2840400000,157.8
263,0.6476206196617448,0.4550513335214348,0.0420557107652533,0.14565873990472678,1800000,9000000,2851200000,158.40000000000003
264,0.6469646779705902,0.45341484568317775,0.042629823506988976,0.14517401908855349,1800000,9000000,2862000000,159.00000000000003
265,0.6462527911848739,0.45005074343767887,0.04171951751400405,0.14469091131853026,1800000,9000000,2872800000,159.60000000000002
266,0.6468351350980044,0.4505451222636117,0.04144263960042331,0.14420941122678804,1800000,9000000,2883600000,160.20000000000002
267,0.6488757082266899,0.448498479607402,0.041586631606778814,0.1437295134633209,1800000,9000000,2894400000,160.8
268,0.6487695225737448,0.4498915862257275,0.04121165566100791,0.1432512126959265,1800000,9000000,2905200000,161.40000000000003
269,0.646821119208285,0.4576789359386046,0.040143124212940626,0.14277450361014693,1800000,9000000,2916000000,162.00000000000003
270,0.6470861151827927,0.4550466484044729,0.04281621825056805,0.14229938090920968,1800000,9000000,2926800000,162.60000000000002
271,0.6464616639707774,0.45322439180873847,0.04103654581276575,0.14182583931396875,1800000,9000000,2937600000,163.20000000000002
272,0.6494538866483783,0.4494510129736851,0.04046071127194693,0.14135387356284596,1800000,9000000,2948400000,163.8
273,0.6505232488497967,0.44814845445787477,0.04159296527034401,0.14088347841177257,1800000,9000000,2959200000,164.40000000000003
274,0.6511065356385001,0.4521772045104694,0.03989132573505645,0.14041464863413097,1800000,9000000,2970000000,165.00000000000003
275,0.650625818299596,0.44673574669725097,0.03793799352891585,0.13994737902069657,1800000,9000000,2980800000,165.60000000000002
276,0.649573525334581,0.4495076884714922,0.03902391163576636,0.13948166437957993,1800000,9000000,2991600000,166.20000000000002
277,0.6510703621636239,0.44818071591982017,0.03904413736818678,0.1390174995361692,1800000,9000000,3002400000,166.8
278,0.6552846690588493,0.44497574841552556,0.0429582598034069,0.13855487933307245,1800000,9000000,3013200000,167.40000000000003
279,0.6500577884777378,0.44676493138064277,0.03974542866373694,0.13809379863006038,1800000,9000000,3024000000,168.00000000000003
280,0.6505031888258649,0.4463608605233814,0.03793694672819706,0.13763425230400939,1800000,9000000,3034800000,168.60000000000002
281,0.6539216600930158,0.4485903378604918,0.03952493891568583,0.1371762352488444,1800000,9000000,3045600000,169.20000000000002
282,0.6533877544278534,0.4486016284002189,0.03742656157000763,0.1367197423754824,1800000,9000000,3056400000,169.8
283,0.6514219537258145,0.45073655771827537,0.038351263111016845,0.13626476861177553,1800000,9000000,3067200000,170.40000000000003
284,0.6514551778038759,0.4497100088320098,0.039495808520037104,0.13581130890245519,1800000,9000000,3078000000,171.00000000000003
285,0.6527282120169401,0.4489864709715758,0.039298207012639495,0.1353593582090754,1800000,9000000,3088800000,171.60000000000002
286,0.6542127468883847,0.4451552876749336,0.03755047976450568,0.13490891150995724,1800000,9000000,3099600000,172.20000000000002
287,0.6548659296949735,0.4452157670692418,0.03780786492332551,0.13445996380013267,1800000,9000000,3110400000,172.8
288,0.653145507624069,0.44618532552366896,0.0368069777826411,0.1340125100912892,1800000,9000000,3121200000,173.40000000000003
289,0.6598308063161682,0.44121830787785643,0.03636041627637742,0.13356654541171437,1800000,9000000,3132000000,174.00000000000003
290,0.6556697305432685,0.44642304653255815,0.037725213862855884,0.13312206480624048,1800000,9000000,3142800000,174.60000000000002
291,0.6567293805509762,0.44509586593112377,0.036443031638441994,0.1326790633361896,1800000,9000000,3153600000,175.20000000000002
292,0.6557322347071717,0.4479919291896232,0.0362683659540837,0.1322375360793185,1800000,9000000,3164400000,175.80000000000004
293,0.6579301276784028,0.44095975598696785,0.037102979542140396,0.13179747812976436,1800000,9000000,3175200000,176.40000000000003
294,0.6565388493055273,0.4394560792943403,0.03659671540069776,0.13135888459798983,1800000,9000000,3186000000,177.00000000000003
295,0.6549172874632373,0.44420049271037304,0.03759792143169233,0.13092175061072892,1800000,9000000,3196800000,177.60000000000002
296,0.6570420908588313,0.4503987275512157,0.03573939405517653,0.13048607131093282,1800000,9000000,3207600000,178.20000000000002
297,0.6592437874534842,0.43920821474222577,0.03631533793244662,0.13005184185771598,1800000,9000000,3218400000,178.80000000000004
298,0.6564268986062398,0.4461397804970593,0.03661152118544802,0.1296190574263022,1800000,9000000,3229200000,179.40000000000003
299,0.6577088086623146,0.4429616219553884,0.0364682862154923,0.12918771320797112,1800000,9000000,3240000000,180.00000000000003
300,0.6601182328293148,0.4382010251945139,0.036677252786668633,0.1287578044100048,1800000,9000000,3250800000,180.60000000000002
301,0.6586700702722011,0.4500819085435049,0.03759228740817944,0.12832932625563434,1800000,9000000,3261600000,181.20000000000002
302,0.6593877023911882,0.4387408169182279,0.036054334586297705,0.12790227398398704,1800000,9000000,3272400000,181.80000000000004
303,0.6609955804137262,0.4390375463257355,0.03568872903221307,0.12747664285003316,1800000,9000000,3283200000,182.40000000000003
304,0.6584916085451594,0.4413889575169459,0.0358765492614119,0.12705242812453352,1800000,9000000,3294000000,183.00000000000003
305,0.6613317741017336,0.43867072180498995,0.03565426845069638,0.1266296250939869,1800000,9000000,3304800000,183.60000000000002
306,0.6613017188099297,0.4346436637346206,0.03651693945055736,0.1262082290605774,1800000,9000000,3315600000,184.20000000000002
307,0.662390715687038,0.43980410698392813,0.035434937056448554,0.12578823534212255,1800000,9000000,3326400000,184.80000000000004
308,0.6609340466592526,0.44027932753180643,0.03335654384332724,0.12536963927202122,1800000,9000000,3337200000,185.40000000000003
309,0.6620714464050774,0.4396924140817027,0.035242093200189326,0.12495243619920157,1800000,9000000,3348000000,186.00000000000003
310,0.6623039060659693,0.43427167619523643,0.03609342870379723,0.12453662148806965,1800000,9000000,3358800000,186.60000000000002
311,0.6584124061110147,0.4398073498377651,0.03387864241278542,0.12412219051845777,1800000,9000000,3369600000,187.20000000000002
312,0.6613849229205419,0.4309771642962738,0.03502652488869419,0.12370913868557305,1800000,9000000,3380400000,187.80000000000004
313,0.6642260716754654,0.4325064971322796,0.034621941464783625,0.12329746139994645,1800000,9000000,3391200000,188.40000000000003
314,0.663045295358301,0.4365047328283843,0.03366535902380586,0.12288715408738168,1800000,9000000,3402000000,189.00000000000003
315,0.6646210153292158,0.43457483941895664,0.03336216222357766,0.12247821218890435,1800000,9000000,3412800000,189.60000000000002
316,0.6615838502651418,0.4358644475393624,0.0330343730858884,0.12207063116071146,1800000,9000000,3423600000,190.20000000000002
317,0.6659374992645817,0.4282365202134569,0.03467801775898926,0.12166440647412063,1800000,9000000,3434400000,190.80000000000004
318,0.6643074439816181,0.43529062772154503,0.03260246188726796,0.12125953361552008,1800000,9000000,3445200000,191.40000000000003
319,0.6633139937593567,0.4392906555272321,0.03151759415917727,0.12085600808631838,1800000,9000000,3456000000,192.00000000000003
320,0.6664835028456231,0.43672480686923915,0.03483397983321154,0.12045382540289432,1800000,9000000,3466800000,192.60000000000002
321,0.6653133634188884,0.43542120137707835,0.03317337178100594,0.12005298109654731,1800000,9000000,3477600000,193.20000000000002
322,0.6661256886165884,0.43499983561904676,0.03488537465614226,0.11965347071344763,1800000,9000000,3488400000,193.80000000000004
323,0.6635140943516308,0.43643322917701005,0.03063636321702737,0.11925528981458684,1800000,9000000,3499200000,194.40000000000003
324,0.6664846558208163,0.4306814672080068,0.03363399653488647,0.11885843397572868,1800000,9000000,3510000000,195.00000000000003
325,0.6656310876263521,0.4308804299667043,0.03232842744029945,0.11846289878735977,1800000,9000000,3520800000,195.60000000000002
326,0.6676816170704484,0.43823436830174967,0.0336045118618987,0.11806867985464056,1800000,9000000,3531600000,196.20000000000002
327,0.6714559420678677,0.43102311953138805,0.033147172387334674,0.11767577279735666,1800000,9000000,3542400000,196.80000000000004
328,0.6682739750059108,0.4348351232774962,0.03352206537478658,0.11728417324987007,1800000,9000000,3553200000,197.40000000000003
329,0.666437814145654,0.4298724742526292,0.0322116013439411,0.11689387686107064,1800000,9000000,3564000000,198.00000000000003
330,0.6690459828444649,0.4294271769225539,0.03353329815536779,0.11650487929432783,1800000,9000000,3574800000,198.60000000000002
331,0.6684691096278533,0.43087472586535797,0.03083385281707099,0.11611717622744248,1800000,9000000,3585600000,199.20000000000002
332,0.6684399213737882,0.4278972603658089,0.032765265698325594,0.1157307633525987,1800000,9000000,3596400000,199.80000000000004
333,0.6717701627023116,0.4269975222115664,0.03221225235866377,0.11534563637631616,1800000,9000000,3607200000,200.40000000000003
334,0.6660084281031105,0.4344423314394971,0.031832172821121905,0.11496179101940228,1800000,9000000,3618000000,201.00000000000003
335,0.6701412585011193,0.42610203683931563,0.03259953118992097,0.11457922301690467,1800000,9000000,3628800000,201.60000000000002
336,0.6692459145280008,0.4274167137501957,0.03229444603892681,0.1141979281180638,1800000,9000000,3639600000,202.20000000000002
337,0.6724129580579535,0.42741824989107247,0.030730256369991167,0.11381790208626583,1800000,9000000,3650400000,202.80000000000004
338,0.668731566526092,0.429587239776827,0.030518671905395235,0.1134391406989953,1800000,9000000,3661200000,203.40000000000003
339,0.6721531043785581,0.4297416523774101,0.03140321401292766,0.11306163974778852,1800000,9000000,3672000000,204.00000000000003
340,0.6723061509128749,0.42985327729257927,0.030688562617889853,0.11268539503818656,1800000,9000000,3682800000,204.60000000000002
341,0.6713378451221879,0.42888631473620326,0.03209685680558546,0.11231040238968878,1800000,9000000,3693600000,205.20000000000002
342,0.6719609177421066,0.4317368532356133,0.03036112287166709,0.11193665763570637,1800000,9000000,3704400000,205.80000000000004
343,0.6724291627125968,0.4288365572968629,0.02885372612629492,0.11156415662351593,1800000,9000000,3715200000,206.40000000000003
344,0.6754596694772682,0.4224871408274898,0.02863491778041326,0.11119289521421355,1800000,9000000,3726000000,207.00000000000003
345,0.6727404498744057,0.4268714816830648,0.0303730202786652,0.11082286928266864,1800000,9000000,3736800000,207.60000000000002
346,0.6729620037757167,0.4267200854313526,0.030945456198400563,0.11045407471747809,1800000,9000000,3747600000,208.20000000000002
347,0.6709099832211332,0.4287971277750981,0.02924129027805591,0.11008650742092078,1800000,9000000,3758400000,208.80000000000004
348,0.6732001039505968,0.42531461728440095,0.029324014004392683,0.10972016330891185,1800000,9000000,3769200000,209.40000000000003
349,0.6715691000532905,0.42581470317958775,0.029702129804797292,0.10935503831095737,1800000,9000000,3780000000,210.00000000000003
350,0.6725661807599131,0.4292971072206428,0.02967059043319706,0.10899112837010919,1800000,9000000,3790800000,210.60000000000002
351,0.6744147156098037,0.42603553843412256,0.02991152486909266,0.10862842944291975,1800000,9000000,3801600000,211.20000000000005
352,0.6766289112900082,0.4239764288964243,0.029297864316501766,0.10826693749939725,1800000,9000000,3812400000,211.80000000000004
353,0.67554868984659,0.42704244361945964,0.028181389869984353,0.10790664852296081,1800000,9000000,3823200000,212.40000000000003
354,0.6781175455501942,0.4227304321251324,0.03006854397083587,0.10754755851039594,1800000,9000000,3834000000,213.00000000000003
355,0.6793926597903223,0.42215481798221444,0.028038225493261945,0.10718966347180982,1800000,9000000,3844800000,213.60000000000002
356,0.6750931127102177,0.42448850881349315,0.027592542489636274,0.10683295943058728,1800000,9000000,3855600000,214.20000000000005
357,0.6736524846167941,0.4287747906079831,0.02903007590646566,0.10647744242334642,1800000,9000000,3866400000,214.80000000000004
358,0.6775146117763582,0.4262576884454816,0.029432997612931756,0.10612310849989458,1800000,9000000,3877200000,215.40000000000003
359,0.6780086352174959,0.42067967045106075,0.02792463704822893,0.10576995372318454,1800000,9000000,3888000000,216.00000000000003
360,0.6741805130278897,0.4242687891777591,0.030063788563834692,0.10541797416927075,1800000,9000000,3898800000,216.60000000000002
361,0.6780206919372916,0.4208729416836433,0.02928642650281131,0.10506716592726555,1800000,9000000,3909600000,217.20000000000005
362,0.6764527715321432,0.42255476905672146,0.02841995206541084,0.10471752509929605,1800000,9000000,3920400000,217.80000000000004
363,0.6770132721416968,0.4194760025815186,0.028839843558011582,0.10436904780046058,1800000,9000000,3931200000,218.40000000000003
364,0.6801785598433047,0.4200913832357285,0.027418226794449285,0.1040217301587855,1800000,9000000,3942000000,219.00000000000003
365,0.6790665902491722,0.4216487346359147,0.02664418396493413,0.1036755683151824,1800000,9000000,3952800000,219.60000000000002
366,0.6803412338739049,0.4201920860549506,0.026648177277770402,0.10333055842340497,1800000,9000000,3963600000,220.20000000000005
367,0.6781169776010387,0.4257856835430344,0.02771006500793711,0.10298669665000641,1800000,9000000,3974400000,220.80000000000004
368,0.6799407226389831,0.4194703262170152,0.027957743212332027,0.10264397917429686,1800000,9000000,3985200000,221.40000000000003
369,0.6791122114762651,0.4218088528799343,0.0267482951156426,0.10230240218830079,1800000,9000000,3996000000,222.00000000000003
370,0.6808671345333859,0.4173983464297126,0.027366347062512238,0.10196196189671484,1800000,9000000,4006800000,222.60000000000002
371,0.6796661848492255,0.41600518464805913,0.026356810153341063,0.10162265451686568,1800000,9000000,4017600000,223.20000000000005
372,0.6808053078356057,0.4154576354286428,0.027552834757544664,0.10128447627866771,1800000,9000000,4028400000,223.80000000000004
373,0.6816330553504419,0.41740769927701993,0.02843510209330848,0.10094742342458156,1800000,9000000,4039200000,224.40000000000003
374,0.6817309825243623,0.41958165587903656,0.02657621182419554,0.10061149220957201,1800000,9000000,4050000000,225.00000000000003
375,0.6835239691686178,0.41883492057318794,0.02736075752376883,0.10027667890106652,1800000,9000000,4060800000,225.60000000000002
376,0.6814104477511398,0.42257872943883956,0.02740678452021768,0.09994297977891384,1800000,9000000,4071600000,226.20000000000005
377,0.6822884331732795,0.41859659507132624,0.024435731749297567,0.09961039113534248,1800000,9000000,4082400000,226.80000000000004
378,0.6828832569556726,0.4144272142892593,0.026878809061348617,0.09927890927491963,1800000,9000000,4093200000,227.40000000000003
379,0.6841320301279513,0.4113872019574875,0.026248362503447333,0.09894853051451011,1800000,9000000,4104000000,228.00000000000003
380,0.6813996689592183,0.4220394801072953,0.02480343860889294,0.09861925118323542,1800000,9000000,4114800000,228.60000000000002
381,0.6833468092581809,0.4174486434297784,0.02820275819495712,0.09829106762243292,1800000,9000000,4125600000,229.20000000000005
382,0.681448511257427,0.4200014019398885,0.025443261394975755,0.09796397618561521,1800000,9000000,4136400000,229.80000000000004
383,0.6839823847873224,0.4170237987122494,0.024493533355039433,0.09763797323842967,1800000,9000000,4147200000,230.40000000000003
384,0.6841354134180935,0.4182241714433883,0.025707553866435633,0.09731305515861795,1800000,9000000,4158000000,231.00000000000003
385,0.6835203701018845,0.413742169791278,0.026178211885760715,0.09698921833597579,1800000,9000000,4168800000,231.60000000000002
386,0.6836613718471037,0.41799698682569947,0.024500123002765526,0.09666645917231301,1800000,9000000,4179600000,232.20000000000005
387,0.6840743025949726,0.41301722362651877,0.025928640191304832,0.09634477408141331,1800000,9000000,4190400000,232.80000000000004
388,0.6876256754692885,0.4170279277122186,0.024581052571530516,0.09602415948899462,1800000,9000000,4201200000,233.40000000000003
389,0.6851222747883077,0.4097491026500221,0.0256311034525223,0.09570461183266925,1800000,9000000,4212000000,234.00000000000003
390,0.6854523052540117,0.4103821812884787,0.027672438093851916,0.0953861275619044,1800000,9000000,4222800000,234.60000000000002
391,0.68559569322153,0.41457691482611975,0.025696671734235028,0.09506870313798271,1800000,9000000,4233600000,235.20000000000005
392,0.6850288634570241,0.4116877046972732,0.025322278400195606,0.09475233503396285,1800000,9000000,4244400000,235.80000000000004
393,0.6851273603062292,0.42086313369521405,0.025202340848139222,0.09443701973464037,1800000,9000000,4255200000,236.40000000000003
394,0.6839940708304556,0.41350234259101776,0.02440687774389517,0.0941227537365088,1800000,9000000,4266000000,237.00000000000003
395,0.6853358581350127,0.41156057448508787,0.02712638227285598,0.0938095335477204,1800000,9000000,4276800000,237.60000000000002
396,0.6874626572974653,0.41691150300726654,0.024972075064318706,0.09349735568804761,1800000,9000000,4287600000,238.20000000000005
397,0.689297219558676,0.41427597389907156,0.025975370550659235,0.09318621668884443,1800000,9000000,4298400000,238.80000000000004
398,0.6884649735500699,0.4111894143229464,0.023367345890028996,0.09287611309300757,1800000,9000000,4309200000,239.40000000000003
399,0.6883051344229821,0.4150207541081239,0.02362071671717785,0.09256704145493838,1800000,9000000,4320000000,240.00000000000003
400,0.6888809239054692,0.41100299015551994,0.023401297529930778,0.09225899834050437,1800000,9000000,4330800000,240.60000000000002
401,0.6878972224251435,0.4191851578892905,0.024546842426907023,0.09195198032700107,1800000,9000000,4341600000,241.20000000000005
402,0.6874342105217458,0.4118268003647401,0.024741495533367068,0.09164598400311409,1800000,9000000,4352400000,241.80000000000004
403,0.6872696712125622,0.4150278567435848,0.024451007625137883,0.09134100596888113,1800000,9000000,4363200000,242.40000000000003
404,0.6882342165378759,0.4180688880055589,0.02411789611373488,0.09103704283565418,1800000,9000000,4374000000,243.00000000000003
405,0.6889964867547237,0.40511308519257644,0.02411525297176669,0.09073409122606202,1800000,9000000,4384800000,243.60000000000002
406,0.6865148456074606,0.4101464175599243,0.022894854281165784,0.09043214777397252,1800000,9000000,4395600000,244.20000000000005
407,0.69053049494791,0.40832925257551816,0.02281423127752595,0.09013120912445531,1800000,9000000,4406400000,244.80000000000004
408,0.6873358191885549,0.4101971565558707,0.02246381144015075,0.08983127193374456,1800000,9000000,4417200000,245.40000000000003
409,0.6913972026717291,0.4160747633271033,0.023186756736927976,0.08953233286920169,1800000,9000000,4428000000,246.00000000000003
410,0.6899624863022855,0.4083988877943056,0.023683611594428357,0.08923438860927849,1800000,9000000,4438800000,246.60000000000002
411,0.6889343259070012,0.41163099764779754,0.02314755179851484,0.08893743584348009,1800000,9000000,4449600000,247.20000000000005
412,0.6915824868389976,0.41160602503771676,0.024883099682139382,0.0886414712723283,1800000,9000000,4460400000,247.80000000000004
413,0.6919495719155924,0.4052445593629923,0.02187439960892944,0.08834649160732481,1800000,9000000,4471200000,248.40000000000003
414,0.6940054142337595,0.4017364126152704,0.022546182581110047,0.08805249357091477,1800000,9000000,4482000000,249.00000000000003
415,0.6919857544617641,0.40202363818998654,0.02254504872964009,0.08775947389645031,1800000,9000000,4492800000,249.60000000000002
416,0.6931217624972439,0.40504453066049784,0.023300434809289252,0.0874674293281542,1800000,9000000,4503600000,250.20000000000005
417,0.692159227289311,0.4052798300854931,0.021974262069335608,0.08717635662108388,1800000,9000000,4514400000,250.80000000000004
418,0.6930088212175264,0.40604404857498566,0.023841464961749857,0.08688625254109507,1800000,9000000,4525200000,251.40000000000003
419,0.6944068209231203,0.4071989575093721,0.022709515933172223,0.08659711386480617,1800000,9000000,4536000000,252.00000000000003
420,0.6934261767311801,0.4136426416771578,0.022489184969285477,0.08630893737956227,1800000,9000000,4546800000,252.60000000000005
421,0.6912138195413637,0.40353270130229346,0.022497836204576092,0.0860217198833994,1800000,9000000,4557600000,253.20000000000005
422,0.692955539543116,0.41095996637088883,0.022055186610349817,0.08573545818500913,1800000,9000000,4568400000,253.80000000000004
423,0.6942623388678059,0.4048167215917328,0.021496992110554468,0.08545014910370298,1800000,9000000,4579200000,254.40000000000003
424,0.6964256357399573,0.3947846504245963,0.021599163913391266,0.08516578946937708,1800000,9000000,4590000000,255.00000000000003
425,0.6946591610755092,0.4054688603508172,0.023051738777582906,0.08488237612247704,1800000,9000000,4600800000,255.60000000000005
426,0.6927585846627768,0.40278589418040495,0.021037523031315924,0.08459990591396276,1800000,9000000,4611600000,256.20000000000005
427,0.6945944476847772,0.40515654524101125,0.022252460442468362,0.08431837570527342,1800000,9000000,4622400000,256.8
428,0.6949124316808345,0.4044201274159451,0.021613684531695807,0.08403778236829273,1800000,9000000,4633200000,257.40000000000003
429,0.6935901237129953,0.4056418455322614,0.020592382498601295,0.08375812278531408,1800000,9000000,4644000000,258.00000000000006
430,0.6953165669464448,0.4072577767526077,0.022134880786987762,0.08347939384900584,1800000,9000000,4654800000,258.6
431,0.6934256426790235,0.4096807009316678,0.020763247809350526,0.08320159246237699,1800000,9000000,4665600000,259.20000000000005
432,0.6943994199626636,0.40519880151985943,0.021334554609961427,0.08292471553874262,1800000,9000000,4676400000,259.8
433,0.6964011788735645,0.4007547996273865,0.02256069577105492,0.08264876000168955,1800000,9000000,4687200000,260.40000000000003
434,0.6941554170233826,0.4129485567950084,0.021172113267124114,0.08237372278504237,1800000,9000000,4698000000,261.00000000000006
435,0.6951522094201597,0.3987869818057841,0.021129149531623734,0.08209960083282918,1800000,9000000,4708800000,261.6
436,0.6954816944616711,0.40542255822545903,0.01950346040896565,0.08182639109924764,1800000,9000000,4719600000,262.20000000000005
437,0.6968062687299993,0.3977967191228925,0.021186617442040503,0.08155409054863126,1800000,9000000,4730400000,262.8
438,0.6982608565911111,0.3995397445314058,0.019282882737942146,0.08128269615541558,1800000,9000000,4741200000,263.40000000000003
439,0.6966911044401033,0.40150673487378724,0.023187119784167525,0.08101220490410453,1800000,9000000,4752000000,264.00000000000006
440,0.6984240328373571,0.4032467472630341,0.018173418353378,0.080742613789237,1800000,9000000,4762800000,264.6
441,0.6997530785063342,0.3990045649284577,0.019848909348042048,0.08047391981535335,1800000,9000000,4773600000,265.20000000000005
442,0.696639409178007,0.40177567351193316,0.022047355218609385,0.08020611999696223,1800000,9000000,4784400000,265.8
443,0.6997587716975553,0.40498035516430536,0.021045690381466666,0.07993921135850737,1800000,9000000,4795200000,266.40000000000003
444,0.6976177364268956,0.39880021296181406,0.01880730683524267,0.07967319093433445,1800000,9000000,4806000000,267.00000000000006
445,0.6989654058204999,0.39961972494671644,0.019397115112037087,0.07940805576865827,1800000,9000000,4816800000,267.6
446,0.6977214397464934,0.4095015314946862,0.019339273194301333,0.07914380291552983,1800000,9000000,4827600000,268.20000000000005
447,0.702176908071558,0.39876633095352715,0.01894143968314832,0.07888042943880355,1800000,9000000,4838400000,268.80000000000007
448,0.6999485447035534,0.4003335588823203,0.018889361487918817,0.07861793241210478,1800000,9000000,4849200000,269.40000000000003
449,0.7002085885628119,0.40257770010839106,0.020853402966591685,0.07835630891879723,1800000,9000000,4860000000,270.00000000000006
450,0.699321869432291,0.39936234138960336,0.02080666928836821,0.07809555605195043,1800000,9000000,4870800000,270.6
451,0.6987774016386809,0.40056618521189846,0.01926986895169992,0.07783567091430767,1800000,9000000,4881600000,271.20000000000005
452,0.7000647356361873,0.400195287165571,0.018236989210017228,0.07757665061825365,1800000,9000000,4892400000,271.80000000000007
453,0.6988573312235441,0.4057053841730471,0.020584288780648528,0.07731849228578236,1800000,9000000,4903200000,272.40000000000003
454,0.6994386209710862,0.39964748069165335,0.019230018779891035,0.07706119304846527,1800000,9000000,4914000000,273.00000000000006
455,0.6979349294708348,0.40516111181783276,0.01954422243065712,0.07680475004741931,1800000,9000000,4924800000,273.6
456,0.7010041936647309,0.3966465245936116,0.020181075175932282,0.07654916043327516,1800000,9000000,4935600000,274.20000000000005
457,0.7006082246760758,0.4015774566406691,0.020484143272069124,0.07629442136614559,1800000,9000000,4946400000,274.80000000000007
458,0.7005943459553958,0.3983675140017,0.018559916110507,0.0760405300155939,1800000,9000000,4957200000,275.40000000000003
459,0.7017506951101401,0.402460871626135,0.018426060749151686,0.07578748356060247,1800000,9000000,4968000000,276.00000000000006
460,0.7031222647311356,0.39839168772720857,0.01743912687578537,0.07553527918954141,1800000,9000000,4978800000,276.6
461,0.7010725770974476,0.3914590827017808,0.018641457431730582,0.07528391410013736,1800000,9000000,4989600000,277.20000000000005
462,0.7032429828383596,0.3986915523821845,0.018926613503951344,0.07503338549944227,1800000,9000000,5000400000,277.80000000000007
463,0.7023073295364868,0.3975229930080412,0.01888070614978945,0.07478369060380248,1800000,9000000,5011200000,278.40000000000003
464,0.7016489684328502,0.4028425820218311,0.01840010017090278,0.07453482663882764,1800000,9000000,5022000000,279.00000000000006
465,0.7012199038846207,0.40372120887046836,0.019554950091035462,0.07428679083936006,1800000,9000000,5032800000,279.6
466,0.7029725952239547,0.39020746321064176,0.018658174199802372,0.07403958044944386,1800000,9000000,5043600000,280.20000000000005
467,0.703328631665262,0.3933912996489099,0.019016817480336207,0.07379319272229437,1800000,9000000,5054400000,280.80000000000007
468,0.7035636733060063,0.4002317091099875,0.01816544972126187,0.07354762492026765,1800000,9000000,5065200000,281.40000000000003
469,0.7023264660347168,0.3973632873346274,0.018774839642634527,0.07330287431483005,1800000,9000000,5076000000,282.00000000000006
470,0.7036155143502864,0.39597376361636655,0.019234207473998545,0.07305893818652787,1800000,9000000,5086800000,282.6
471,0.7042496334204477,0.3913391811766017,0.017467213008035696,0.07281581382495715,1800000,9000000,5097600000,283.20000000000005
472,0.7040892429570721,0.3931543861701546,0.018769252710894923,0.07257349852873365,1800000,9000000,5108400000,283.80000000000007
473,0.7043775055875156,0.39378438487016254,0.016640806390773984,0.07233198960546265,1800000,9000000,5119200000,284.40000000000003
474,0.7051007245261708,0.39486918708803337,0.018639094658696904,0.0720912843717092,1800000,9000000,5130000000,285.00000000000006
475,0.703693333273729,0.39806084108056383,0.017062844960947586,0.07185138015296824,1800000,9000000,5140800000,285.6
476,0.7035162634042438,0.4019024876405533,0.016959233368936177,0.07161227428363486,1800000,9000000,5151600000,286.20000000000005
477,0.7031527803178953,0.3970556505462128,0.017673239304737073,0.07137396410697469,1800000,9000000,5162400000,286.80000000000007
478,0.7044550716967228,0.3927572235432073,0.01721195342644908,0.07113644697509448,1800000,9000000,5173200000,287.40000000000003
479,0.7056473417781016,0.38935218933243776,0.017740680287901784,0.0708997202489125,1800000,9000000,5184000000,288.00000000000006
480,0.7057371911010208,0.3909482747587214,0.017368765689778957,0.07066378129812938,1800000,9000000,5194800000,288.6
481,0.7068287025953339,0.398552826689942,0.01878174383979768,0.0704286275011988,1800000,9000000,5205600000,289.20000000000005
482,0.7071874263121337,0.3943172395094364,0.01699722022558911,0.07019425624529835,1800000,9000000,5216400000,289.80000000000007
483,0.7044301828568874,0.39209838986666834,0.01702568992271251,0.06996066492630057,1800000,9000000,5227200000,290.40000000000003
484,0.7072072528980536,0.3929715876687781,0.016063962507350708,0.06972785094874395,1800000,9000000,5238000000,291.00000000000006
485,0.7054465895393306,0.3915728970072022,0.0177778731770184,0.06949581172580413,1800000,9000000,5248800000,291.6
486,0.7045021902237144,0.395724217695625,0.015311574031466272,0.06926454467926513,1800000,9000000,5259600000,292.20000000000005
487,0.7038430240526652,0.39646043645683426,0.01795904436473565,0.06903404723949072,1800000,9000000,5270400000,292.80000000000007
488,0.7057055159574877,0.3963874185861027,0.016784827324907613,0.06880431684539587,1800000,9000000,5281200000,293.40000000000003
489,0.7054215839772128,0.3920401967741787,0.016611465767003668,0.06857535094441827,1800000,9000000,5292000000,294.00000000000006
490,0.7050337295684018,0.3955126725611554,0.01515771015231316,0.06834714699249,1800000,9000000,5302800000,294.6
491,0.708778152994567,0.3887807861480662,0.018198203878055777,0.06811970245400925,1800000,9000000,5313600000,295.20000000000005
492,0.7069403237724314,0.392952602990957,0.016604275953888862,0.06789301480181216,1800000,9000000,5324400000,295.80000000000007
493,0.7082388305363378,0.39262935161836543,0.015509960107740578,0.06766708151714468,1800000,9000000,5335200000,296.40000000000003
494,0.7106359085044841,0.3894691220861052,0.017377997313722013,0.06744190008963466,1800000,9000000,5346000000,297.00000000000006
495,0.7078282601974523,0.3971633512110366,0.016599909988092767,0.06721746801726394,1800000,9000000,5356800000,297.6
496,0.7096428030657762,0.3939111110699643,0.016135628493737324,0.0669937828063405,1800000,9000000,5367600000,298.20000000000005
497,0.7087165748391945,0.3870253253776893,0.017027714312394714,0.0667708419714708,1800000,9000000,5378400000,298.80000000000007
498,0.7095458829302366,0.3922987045984616,0.017523536165277322,0.06654864303553219,1800000,9000000,5389200000,299.40000000000003
499,0.7092650552888388,0.38946557815781396,0.01591719583404286,0.06632718352964527,1800000,9000000,5400000000,300.00000000000006
500,0.7071503527634606,0.39095914606885,0.014859495862166294,0.06610646099314664,1800000,9000000,5410800000,300.6
501,0.7099206320600459,0.3959891030568803,0.017925279139788954,0.06588647297356137,1800000,9000000,5421600000,301.20000000000005
502,0.7073576691301225,0.39373988817192934,0.017132809407534116,0.06566721702657587,1800000,9000000,5432400000,301.80000000000007
503,0.7094585382667984,0.3889852296822314,0.01626858314994624,0.06544869071601069,1800000,9000000,5443200000,302.40000000000003
504,0.7105408139913391,0.39136206682486463,0.013352989230810918,0.06523089161379349,1800000,9000000,5454000000,303.00000000000006
505,0.7108424046698677,0.39057908109770895,0.01601966898018156,0.06501381729993197,1800000,9000000,5464800000,303.6
506,0.7107945542001703,0.3939825790277412,0.016357968182709133,0.0647974653624871,1800000,9000000,5475600000,304.20000000000005
507,0.7095608717517059,0.3922922534624,0.01693775539216124,0.06458183339754624,1800000,9000000,5486400000,304.80000000000007
508,0.7102089902764391,0.3898156581560572,0.01599398998907747,0.06436691900919644,1800000,9000000,5497200000,305.40000000000003
509,0.7105442864569943,0.3941006919485351,0.016836763172485905,0.06415271980949783,1800000,9000000,5508000000,306.00000000000006
510,0.7104288134885591,0.38843388078796737,0.016468692333556703,0.06393923341845713,1800000,9000000,5518800000,306.6
511,0.7119993575429623,0.387351199771533,0.01431328351823843,0.0637264574640011,1800000,9000000,5529600000,307.20000000000005
512,0.7125854366257468,0.39026794314716295,0.015722360963615126,0.06351438958195028,1800000,9000000,5540400000,307.80000000000007
513,0.7111390256236563,0.39232942972469326,0.014605669842373267,0.06330302741599274,1800000,9000000,5551200000,308.40000000000003
514,0.713097847508347,0.38793606699079825,0.016087552415618198,0.06309236861765771,1800000,9000000,5562000000,309.00000000000006
515,0.7136980112877689,0.38400400014362907,0.013846467407972348,0.06288241084628979,1800000,9000000,5572800000,309.6
516,0.7095071416140674,0.38877675040147175,0.014432319559298322,0.06267315176902262,1800000,9000000,5583600000,310.20000000000005
517,0.7112941855042754,0.38143802822009737,0.015849730834264483,0.062464589060753244,1800000,9000000,5594400000,310.80000000000007
518,0.7143179481984271,0.38099524229010834,0.015987918671584094,0.06225672040411608,1800000,9000000,5605200000,311.40000000000003
519,0.7113159228074144,0.3932722701910281,0.015217875584349219,0.06204954348945723,1800000,9000000,5616000000,312.00000000000006
520,0.7130329626243722,0.39083546865983043,0.01406899591997127,0.061843056014808856,1800000,9000000,5626800000,312.6
521,0.7129651780319396,0.38538127636192676,0.014815192526679158,0.06163725568586356,1800000,9000000,5637600000,313.20000000000005
522,0.7107753190835309,0.391623990020054,0.014912452347140124,0.0614321402159489,1800000,9000000,5648400000,313.80000000000007
523,0.7118764166715548,0.38678757781580236,0.013961731532886643,0.061227707326001996,1800000,9000000,5659200000,314.40000000000003
524,0.7128923318389172,0.3884768537768779,0.014072875583049538,0.06102395474454419,1800000,9000000,5670000000,315.00000000000006
525,0.7127438870994769,0.382571082009071,0.013587015423506559,0.060820880207655796,1800000,9000000,5680800000,315.6
526,0.7133966294029099,0.3861804825992132,0.013789301122191238,0.06061848145895099,1800000,9000000,5691600000,316.20000000000005
527,0.7143471189857244,0.38427692193836976,0.014735766850164091,0.06041675624955272,1800000,9000000,5702400000,316.80000000000007
528,0.711850707398901,0.3892703218569831,0.013568393958691815,0.06021570233806768,1800000,9000000,5713200000,317.40000000000003
529,0.7169094252254694,0.3797329424989538,0.015392637052285506,0.06001531749056146,1800000,9000000,5724000000,318.00000000000006
530,0.7119092695748235,0.38631339171119483,0.013833809098025568,0.059815599480533686,1800000,9000000,5734800000,318.6
531,0.715060194013045,0.3879165289825371,0.013925641071896389,0.059616546088893295,1800000,9000000,5745600000,319.20000000000005
532,0.7144878234319174,0.3822551966978739,0.01660400977494001,0.0594181551039339,1800000,9000000,5756400000,319.80000000000007
533,0.7141269130019986,0.3887862317687072,0.013469318226203715,0.059220424321309195,1800000,9000000,5767200000,320.40000000000003
534,0.7155573603714375,0.38400169110810556,0.0143553141628983,0.059023351544008416,1800000,9000000,5778000000,321.00000000000006
535,0.7137845996783292,0.3900824084319257,0.013399189354810848,0.05882693458233204,1800000,9000000,5788800000,321.6
536,0.7157574768763743,0.38817057127180954,0.015270098785193842,0.05863117125386736,1800000,9000000,5799600000,322.20000000000005
537,0.7151158457638178,0.3855947041462602,0.013481092587144533,0.05843605938346424,1800000,9000000,5810400000,322.80000000000007
538,0.7183456651872361,0.38644115374015164,0.015133937559865893,0.05824159680321103,1800000,9000000,5821200000,323.40000000000003
539,0.7153691568734828,0.38804321456922575,0.013907978841503289,0.05804778135241038,1800000,9000000,5832000000,324.00000000000006
540,0.7164143682180034,0.38613695052108826,0.013521507145914467,0.05785461087755528,1800000,9000000,5842800000,324.6
541,0.7176342778791401,0.3878576585736744,0.01454678076249204,0.05766208323230516,1800000,9000000,5853600000,325.20000000000005
542,0.7153484099027065,0.38124829308759356,0.014089132417332142,0.05747019627746195,1800000,9000000,5864400000,325.80000000000007
543,0.7157002911837113,0.385969202371333,0.01600835876290752,0.05727894788094641,1800000,9000000,5875200000,326.40000000000003
544,0.7160669976108853,0.3840119039645904,0.01269505485097846,0.05708833591777441,1800000,9000000,5886000000,327.00000000000006
545,0.7158573637496317,0.3831155741700514,0.014212874596454216,0.05689835827003326,1800000,9000000,5896800000,327.6
546,0.7180260757829776,0.38299097264743015,0.014004960994690443,0.05670901282685826,1800000,9000000,5907600000,328.20000000000005
547,0.717619307533096,0.38627090879198617,0.01286144825798159,0.05652029748440921,1800000,9000000,5918400000,328.80000000000007
548,0.716951111473113,0.38268799875990367,0.012088770744267919,0.05633221014584703,1800000,9000000,5929200000,329.40000000000003
549,0.7199565009403034,0.37809371693149113,0.01435754863826596,0.05614474872131046,1800000,9000000,5940000000,330.00000000000006
550,0.717068372143466,0.3804790574024861,0.013998432557280935,0.05595791112789286,1800000,9000000,5950800000,330.6
551,0.7172972651766438,0.3840472523112013,0.012870874738158199,0.05577169528961905,1800000,9000000,5961600000,331.20000000000005
552,0.7163115268584906,0.38469541703598403,0.013700870561614516,0.05558609913742223,1800000,9000000,5972400000,331.80000000000007
553,0.716930673139953,0.38493455190869175,0.013679145046208496,0.05540112060912105,1800000,9000000,5983200000,332.40000000000003
554,0.7203165825559401,0.37763484390875496,0.011887853296516634,0.0552167576493966,1800000,9000000,5994000000,333.00000000000006
555,0.7201882166926885,0.3840495045903946,0.01387033047245705,0.05503300820976966,1800000,9000000,6004800000,333.6
556,0.7191375372760807,0.3806987834858,0.011641574563818074,0.05484987024857791,1800000,9000000,6015600000,334.20000000000005
557,0.7205837800039281,0.38006346668983226,0.01356164107122632,0.0546673417309532,1800000,9000000,6026400000,334.80000000000007
558,0.7193114406910875,0.37846033007136054,0.013078401136468146,0.054485420628799054,1800000,9000000,6037200000,335.40000000000003
559,0.7185916751533264,0.38079221323168855,0.013896275315048013,0.054304104920767995,1800000,9000000,6048000000,336.00000000000006
560,0.7204517400688316,0.37931754593616374,0.012793515090695323,0.05412339259223918,1800000,9000000,6058800000,336.6
561,0.7179743246466703,0.38373345546187354,0.01375662676729733,0.053943281635295985,1800000,9000000,6069600000,337.20000000000005
562,0.7178026260081639,0.38003967159033597,0.012141128948293816,0.05376377004870373,1800000,9000000,6080400000,337.80000000000007
563,0.719486452710104,0.3814961008058279,0.010701773324914607,0.05358485583788735,1800000,9000000,6091200000,338.40000000000003
564,0.7194072902830263,0.3776919680803564,0.012655619705112166,0.05340653701490936,1800000,9000000,6102000000,339.00000000000006
565,0.7192899832196705,0.3827727678889385,0.013372688094376832,0.05322881159844763,1800000,9000000,6112800000,339.6
566,0.7207900575082119,0.3761237634472021,0.012574238668959289,0.05305167761377351,1800000,9000000,6123600000,340.20000000000005
567,0.7225549646574161,0.3798826037599863,0.011571062797783154,0.0528751330927298,1800000,9000000,6134400000,340.80000000000007
568,0.721691763426285,0.37631735482156353,0.011119663575406384,0.052699176073708866,1800000,9000000,6145200000,341.40000000000003
569,0.7211478515006342,0.37677392661997006,0.013180437407598328,0.052523804601630926,1800000,9000000,6156000000,342.00000000000006
570,0.7192491434479859,0.3789300188256631,0.013588035712940752,0.05234901672792227,1800000,9000000,6166800000,342.6
571,0.7210959422315963,0.3806234934344699,0.011512549594790034,0.0521748105104936,1800000,9000000,6177600000,343.20000000000005
572,0.7222078112791495,0.37161057896498184,0.011961987041578678,0.052001184013718484,1800000,9000000,6188400000,343.80000000000007
573,0.7187823813497006,0.38418555926655223,0.012494118367816302,0.05182813530841186,1800000,9000000,6199200000,344.40000000000003
574,0.7199344551514695,0.378930901145913,0.012010213917505253,0.05165566247180853,1800000,9000000,6210000000,345.00000000000006
575,0.7200115878658886,0.38158874964763717,0.01230452557488826,0.05148376358754188,1800000,9000000,6220800000,345.6
576,0.7226126897294713,0.3750340490106087,0.01001708064694506,0.05131243674562255,1800000,9000000,6231600000,346.20000000000005
577,0.7198876167833586,0.3792067342584669,0.010717217415148417,0.05114168004241717,1800000,9000000,6242400000,346.80000000000007
578,0.719966387421536,0.38387082045518917,0.010305818807044927,0.05097149158062731,1800000,9000000,6253200000,347.40000000000003
579,0.7244522800265317,0.37510250727517663,0.012134912450424428,0.050801869469268304,1800000,9000000,6264000000,348.00000000000006
580,0.721781236495577,0.38035640888282796,0.010702350456000757,0.05063281182364827,1800000,9000000,6274800000,348.6000000000001
581,0.7231646943692213,0.3777681541554397,0.01290189431765305,0.050464316765347184,1800000,9000000,6285600000,349.20000000000005
582,0.7215365073210556,0.374749595275227,0.0112414691550929,0.05029638242219602,1800000,9000000,6296400000,349.80000000000007
583,0.7238081651197764,0.3731473149594966,0.012759119599533075,0.05012900692825588,1800000,9000000,6307200000,350.40000000000003
584,0.7238861648006065,0.37638871580707245,0.013320030835998788,0.049962188423797335,1800000,9000000,6318000000,351.00000000000006
585,0.7218442897676224,0.37956542676295746,0.011367608702218805,0.04979592505527975,1800000,9000000,6328800000,351.6000000000001
586,0.7243133254539286,0.37148165437740616,0.010528521422301387,0.04963021497533063,1800000,9000000,6339600000,352.20000000000005
587,0.7225754271001216,0.37850506420085683,0.010745823477093654,0.04946505634272516,1800000,9000000,6350400000,352.80000000000007
588,0.7213330593442434,0.3751888659914141,0.010928190580283817,0.04930044732236575,1800000,9000000,6361200000,353.40000000000003
589,0.7241390194142724,0.37864680659771743,0.010801527422576838,0.04913638608526156,1800000,9000000,6372000000,354.00000000000006
590,0.725395279423273,0.3783820673496538,0.010604230752561804,0.04897287080850829,1800000,9000000,6382800000,354.6000000000001
591,0.7248180607385265,0.3771879266428303,0.010298539368886812,0.048809899675267825,1800000,9000000,6393600000,355.20000000000005
592,0.7236900310830333,0.37268846901001135,0.011256840520339595,0.04864747087474814,1800000,9000000,6404400000,355.80000000000007
593,0.7262491460385478,0.3713363389520575,0.009979152857130824,0.048485582602183115,1800000,9000000,6415200000,356.40000000000003
594,0.7225001108887955,0.36803175957143514,0.010031361347685631,0.048324233058812484,1800000,9000000,6426000000,357.00000000000006
595,0.7253209061438818,0.3771704358259899,0.010066637478081323,0.04816342045186189,1800000,9000000,6436800000,357.6000000000001
596,0.7220278943462454,0.37725884464191745,0.010604534020072802,0.04800314299452295,1800000,9000000,6447600000,358.20000000000005
597,0.7234373864625465,0.3824902157101393,0.01122411247976868,0.047843398905933344,1800000,9000000,6458400000,358.80000000000007
598,0.7270212633903396,0.3701852372110804,0.010994430728645381,0.04768418641115714,1800000,9000000,6469200000,359.40000000000003
599,0.7244545700476333,0.37492274780581064,0.011769395253897103,0.04752550374116498,1800000,9000000,6480000000,360.00000000000006
600,0.7271480913668619,0.36901893363414956,0.010268094409690112,0.04736734913281444,1800000,9000000,6490800000,360.6000000000001
601,0.724805545825334,0.37887822890190215,0.009221353657469077,0.047209720828830466,1800000,9000000,6501600000,361.20000000000005
602,0.7266663654498557,0.37969326704765655,0.010175671838664168,0.047052617077785845,1800000,9000000,6512400000,361.80000000000007
603,0.7260802916411943,0.3707151640161251,0.011372001703103738,0.04689603613408174,1800000,9000000,6523200000,362.40000000000003
604,0.7245012559068404,0.3754216436688739,0.010586485479004542,0.04673997625792825,1800000,9000000,6534000000,363.00000000000006
605,0.7272531617556146,0.37576855549094534,0.01181909729132345,0.046584435715325154,1800000,9000000,6544800000,363.6000000000001
606,0.7267735406963424,0.36925563768248504,0.008737144445973115,0.0464294127780426,1800000,9000000,6555600000,364.20000000000005
607,0.7252304134798926,0.3729998723664711,0.00998273114973942,0.04627490572360191,1800000,9000000,6566400000,364.80000000000007
608,0.7239185696215944,0.3752370435042234,0.011640420841602942,0.04612091283525647,1800000,9000000,6577200000,365.40000000000003
609,0.7259878565491098,0.37444663759730246,0.012064299975967134,0.04596743240197259,1800000,9000000,6588000000,366.00000000000006
610,0.7258846633934107,0.37672813611566075,0.011274124956609118,0.04581446271841051,1800000,9000000,6598800000,366.6000000000001
611,0.7236216609129483,0.3787047669103575,0.01120295718590342,0.04566200208490554,1800000,9000000,6609600000,367.20000000000005
612,0.7234610725599289,0.3770094017137095,0.009748466374316095,0.04551004880744906,1800000,9000000,6620400000,367.80000000000007
613,0.7263489225400559,0.374059585536754,0.009050607151256882,0.045358601197669775,1800000,9000000,6631200000,368.40000000000003
614,0.7283565180339832,0.37855391442495334,0.0082867117002976,0.045207657572814884,1800000,9000000,6642000000,369.00000000000006
615,0.7275845276634108,0.37072250659959594,0.009287289133310572,0.04505721625573148,1800000,9000000,6652800000,369.6000000000001
616,0.7269012057586735,0.37085930768249004,0.011583814657066338,0.044907275574847784,1800000,9000000,6663600000,370.20000000000005
617,0.7251940753101044,0.3782346607772462,0.010917192323501771,0.04475783386415471,1800000,9000000,6674400000,370.80000000000007
618,0.7261743823876391,0.37658673173767854,0.00846660118930754,0.04460888946318726,1800000,9000000,6685200000,371.40000000000003
619,0.7272135324585637,0.3778998828929599,0.010670862810015926,0.04446044071700611,1800000,9000000,6696000000,372.00000000000006
620,0.7275991648126083,0.370814863398879,0.009994949301385633,0.04431248597617924,1800000,9000000,6706800000,372.6000000000001
621,0.7264714482046344,0.37537975728372,0.009387520201744019,0.04416502359676357,1800000,9000000,6717600000,373.20000000000005
622,0.7272711941076989,0.37180742703375297,0.009871979621739075,0.04401805194028666,1800000,9000000,6728400000,373.80000000000007
623,0.7294308571154288,0.3717182259501949,0.010439276881228546,0.0438715693737286,1800000,9000000,6739200000,374.40000000000003
624,0.7332374684486724,0.3634711468841675,0.009758356338509118,0.04372557426950384,1800000,9000000,6750000000,375.00000000000006
625,0.7290387716029479,0.3721813372686517,0.009499420845614963,0.043580065005443036,1800000,9000000,6760800000,375.6000000000001
626,0.7293563102524903,0.37243768062433735,0.008746916722658439,0.04343503996477511,1800000,9000000,6771600000,376.20000000000005
627,0.7277875356155353,0.3753910398999218,0.010799475550306708,0.04329049753610919,1800000,9000000,6782400000,376.80000000000007
628,0.7288248950136538,0.3659714063604808,0.009038614733756865,0.04314643611341682,1800000,9000000,6793200000,377.40000000000003
629,0.7291680011431705,0.36565802876449693,0.009868415999577721,0.04300285409601406,1800000,9000000,6804000000,378.00000000000006
630,0.7282277571634629,0.3750037593436881,0.008185600469005298,0.042859749888543665,1800000,9000000,6814800000,378.6000000000001
631,0.7326903073414652,0.37083047970084093,0.0089135615385468,0.04271712190095742,1800000,9000000,6825600000,379.20000000000005
632,0.7291775424710505,0.37288905759996754,0.00950088709601882,0.04257496854849846,1800000,9000000,6836400000,379.80000000000007
633,0.7298085394445796,0.37047041090390337,0.007793687178029231,0.04243328825168358,1800000,9000000,6847200000,380.40000000000003
634,0.7304505413450822,0.3692378802624235,0.010703116009961149,0.042292079436285844,1800000,9000000,6858000000,381.00000000000006
635,0.7283233204872197,0.37373710219948725,0.00964063459782399,0.04215134053331695,1800000,9000000,6868800000,381.6000000000001
636,0.7258909092107562,0.3771139002702196,0.009422967086576556,0.04201106997900985,1800000,9000000,6879600000,382.20000000000005
637,0.7305776335382571,0.36969890250865456,0.009382377019119936,0.0418712662148014,1800000,9000000,6890400000,382.80000000000007
638,0.7299944223460736,0.37078599319800365,0.009451690656789745,0.04173192768731502,1800000,9000000,6901200000,383.40000000000003
639,0.7286068800054598,0.37065096272684156,0.007335003069531701,0.04159305284834337,1800000,9000000,6912000000,384.00000000000006
640,0.730323457304792,0.36995220058374156,0.009782446087208428,0.041454640154831295,1800000,9000000,6922800000,384.6000000000001
641,0.7322315610254011,0.3680561949880698,0.009699635799542564,0.041316688068858534,1800000,9000000,6933600000,385.20000000000005
642,0.7318222723697656,0.37120414951047204,0.009318670794461139,0.041179195057622714,1800000,9000000,6944400000,385.80000000000007
643,0.7309728498225658,0.3714416355407056,0.009570971090543622,0.0410421595934223,1800000,9000000,6955200000,386.40000000000003
644,0.7291849063608143,0.37049787094097286,0.011247009702631943,0.040905580153639626,1800000,9000000,6966000000,387.00000000000006
645,0.7281698545927073,0.370441272481626,0.007990099698969919,0.040769455220723935,1800000,9000000,6976800000,387.6000000000001
646,0.7337425721876447,0.3670901378322833,0.01047574090344674,0.04063378328217458,1800000,9000000,6987600000,388.20000000000005
647,0.7317833430745491,0.37388816382074586,0.0074630335860261425,0.04049856283052418,1800000,9000000,6998400000,388.80000000000007
648,0.7310401295931367,0.366252010233258,0.01042714369957482,0.040363792363321875,1800000,9000000,7009200000,389.40000000000003
649,0.7296641291020517,0.3703095521868482,0.008967649601419367,0.04022947038311665,1800000,9000000,7020000000,390.00000000000006
650,0.7309535419183303,0.37094359545409955,0.008129475399102505,0.0400955953974407,1800000,9000000,7030800000,390.6000000000001
651,0.7296037039626678,0.36743748495097994,0.007495509807008781,0.03996216591879277,1800000,9000000,7041600000,391.20000000000005
652,0.7328273460816439,0.36966546184823595,0.0072572446778746,0.03982918046462173,1800000,9000000,7052400000,391.80000000000007
653,0.7283758654284953,0.369831110116415,0.008561786168224448,0.039696637557310066,1800000,9000000,7063200000,392.40000000000003
654,0.7318579365007639,0.36860764091583176,0.010581146268127464,0.03956453572415745,1800000,9000000,7074000000,393.00000000000006
655,0.7311549273909654,0.36327201217009664,0.007607217852870873,0.039432873497364365,1800000,9000000,7084800000,393.6000000000001
656,0.7329033758257125,0.3692029579035651,0.009728322267037579,0.03930164941401582,1800000,9000000,7095600000,394.20000000000005
657,0.7334005645601329,0.36412380191325006,0.0070702103944598,0.03917086201606511,1800000,9000000,7106400000,394.80000000000007
658,0.7330688668167517,0.36528050906457554,0.00922594292966617,0.03904050985031756,1800000,9000000,7117200000,395.40000000000003
659,0.7336516344922348,0.36521881257352995,0.008076356814129763,0.03891059146841445,1800000,9000000,7128000000,396.00000000000006
660,0.7324850353203419,0.3648417778533263,0.009660697055936673,0.03878110542681685,1800000,9000000,7138800000,396.6000000000001
661,0.7294179474840278,0.36938634705456624,0.00756368182685707,0.03865205028678966,1800000,9000000,7149600000,397.20000000000005
662,0.7335151156282155,0.36735652784045364,0.011490468411833855,0.03852342461438552,1800000,9000000,7160400000,397.80000000000007
663,0.7322189268590027,0.37020242903511225,0.008235754910590474,0.03839522698042899,1800000,9000000,7171200000,398.40000000000003
664,0.7361460044937757,0.3682472890986074,0.005242851161011458,0.03826745596050058,1800000,9000000,7182000000,399.00000000000006
665,0.7335903781887677,0.3657075650455699,0.007682095817596759,0.03814011013492099,1800000,9000000,7192800000,399.6000000000001
666,0.7333344684679571,0.3652369897509609,0.007989286432683351,0.038013188088735286,1800000,9000000,7203600000,400.20000000000005
667,0.7360785324166521,0.36766763983860556,0.008599486373744412,0.03788668841169722,1800000,9000000,7214400000,400.80000000000007
668,0.7337542177735104,0.36321274637411993,0.008436293322066442,0.03776060969825349,1800000,9000000,7225200000,401.40000000000003
669,0.7351756828759003,0.36751589861197986,0.008465023094897186,0.03763495054752823,1800000,9000000,7236000000,402.00000000000006
670,0.7338436944774536,0.36646104394761764,0.006926988565037511,0.037509709563307354,1800000,9000000,7246800000,402.6000000000001
671,0.7327468406500093,0.36293735517089015,0.009411190934970778,0.03738488535402309,1800000,9000000,7257600000,403.20000000000005
672,0.733123295977777,0.35962786620729786,0.007134779488797912,0.03726047653273848,1800000,9000000,7268400000,403.80000000000007
673,0.7337663498380529,0.369469139630335,0.01107130353839216,0.03713648171713203,1800000,9000000,7279200000,404.40000000000003
674,0.7347307206836585,0.3622783532099664,0.008458544453769338,0.03701289952948227,1800000,9000000,7290000000,405.00000000000006
675,0.7340559440369061,0.36607559404082524,0.009741779139329658,0.036889728596652516,1800000,9000000,7300800000,405.6000000000001
676,0.7312830636944829,0.3668167944201003,0.0073450909642774845,0.03676696755007558,1800000,9000000,7311600000,406.20000000000005
677,0.7367194713906914,0.3639511837562146,0.006270596739247129,0.03664461502573857,1800000,9000000,7322400000,406.80000000000007
678,0.7350562719743813,0.36320983217464026,0.0074753039360803825,0.03652266966416776,1800000,9000000,7333200000,407.40000000000003
679,0.7361341374387134,0.3623162599488796,0.008448799037881347,0.0364011301104134,1800000,9000000,7344000000,408.00000000000006
680,0.7343577175859874,0.36856297450153946,0.007831102392079901,0.03627999501403475,1800000,9000000,7354800000,408.6000000000001
681,0.7370555040699521,0.36225165727297404,0.008447928808538148,0.036159263029085065,1800000,9000000,7365600000,409.20000000000005
682,0.7330632210779445,0.3687954364991685,0.007132595439361086,0.036038932814096605,1800000,9000000,7376400000,409.80000000000007
683,0.7352697277295986,0.3594356139146106,0.009283503297678564,0.035919003032065744,1800000,9000000,7387200000,410.40000000000003
684,0.7354144400915306,0.365312613876139,0.007740445839001866,0.035799472350438115,1800000,9000000,7398000000,411.00000000000006
685,0.7354916300715177,0.36724251172991595,0.009825242384824462,0.03568033944109379,1800000,9000000,7408800000,411.6000000000001
686,0.733411281207573,0.365531762942061,0.007291809468258706,0.035561602980332556,1800000,9000000,7419600000,412.20000000000005
687,0.7352768144209516,0.36640226593898945,0.0076343581415062025,0.035443261648859185,1800000,9000000,7430400000,412.80000000000007
688,0.7367069231296899,0.3571259929439577,0.009082804170509102,0.03532531413176878,1800000,9000000,7441200000,413.40000000000003
689,0.735011706902966,0.3654415239062715,0.007863640787198178,0.035207759118532155,1800000,9000000,7452000000,414.00000000000006
690,0.7365406787550536,0.36220615248702454,0.006807749275862193,0.03509059530298131,1800000,9000000,7462800000,414.6000000000001
691,0.7382885895608785,0.3605812532494913,0.00608816771135863,0.03497382138329483,1800000,9000000,7473600000,415.20000000000005
692,0.7365153436021695,0.359299050063474,0.007640732245881565,0.03485743606198353,1800000,9000000,7484400000,415.80000000000007
693,0.7359686660126381,0.3631659698487236,0.00602568345060316,0.034741438045875976,1800000,9000000,7495200000,416.40000000000003
694,0.7365802258335715,0.3613353651032692,0.007722468176479708,0.03462582604610413,1800000,9000000,7506000000,417.00000000000006
695,0.7389789334674343,0.3612610535874327,0.008173830913865136,0.034510598778089034,1800000,9000000,7516800000,417.6000000000001
696,0.7367769796994394,0.35699799293511836,0.009557166521014926,0.03439575496152654,1800000,9000000,7527600000,418.20000000000005
697,0.7377747951540607,0.35772949018243183,0.00810088096441291,0.034281293320373024,1800000,9000000,7538400000,418.80000000000007
698,0.7392901416694516,0.35803951625266295,0.00673277738225263,0.0341672125828313,1800000,9000000,7549200000,419.40000000000003
699,0.7367460620362904,0.36382908086950966,0.00440996143371539,0.034053511481336465,1800000,9000000,7560000000,420.00000000000006
700,0.7353099585353778,0.3668552192063256,0.007143996358917526,0.03394018875254177,1800000,9000000,7570800000,420.6000000000001
701,0.7400710383713437,0.3598622109506479,0.006365258478011671,0.03382724313730462,1800000,9000000,7581600000,421.20000000000005
702,0.7351593023074148,0.3656013289778677,0.00883350571062458,0.03371467338067256,1800000,9000000,7592400000,421.80000000000007
703,0.7372010090048823,0.36004736521993996,0.007045192609339253,0.03360247823186937,1800000,9000000,7603200000,422.4000000000001
704,0.7363977873129266,0.37096963259628,0.006663961954573562,0.03349065644428111,1800000,9000000,7614000000,423.00000000000006
705,0.7391689884661442,0.36085112889782217,0.0059607982875486965,0.033379206775442365,1800000,9000000,7624800000,423.6000000000001
706,0.7357640987330076,0.36764792677508884,0.008132971466120216,0.03326812798702229,1800000,9000000,7635600000,424.20000000000005
707,0.7391205621814004,0.3619420999796154,0.00587214249602256,0.033157418844811035,1800000,9000000,7646400000,424.80000000000007
708,0.7372676204767273,0.36584386903653426,0.005594730822617102,0.03304707811870582,1800000,9000000,7657200000,425.4000000000001
709,0.7387552174211812,0.3636603839404069,0.006070752608816113,0.032937104582697475,1800000,9000000,7668000000,426.00000000000006
710,0.7381516524559071,0.36058737885409015,0.0063865177850920335,0.03282749701485669,1800000,9000000,7678800000,426.6000000000001
711,0.7381751707215634,0.3600958171157878,0.008806952004887831,0.03271825419732046,1800000,9000000,7689600000,427.20000000000005
712,0.7371689869761642,0.36147197671768616,0.005903999801897268,0.03260937491627859,1800000,9000000,7700400000,427.80000000000007
713,0.7379963782709097,0.3628844992781197,0.005485731968350013,0.03250085796196018,1800000,9000000,7711200000,428.4000000000001
714,0.7410450351259312,0.35793347914934553,0.0071093680347183805,0.03239270212862015,1800000,9000000,7722000000,429.00000000000006
715,0.7389158151561991,0.3597849112729223,0.007353848452552855,0.03228490621452591,1800000,9000000,7732800000,429.6000000000001
716,0.7372039771724218,0.3624176872043945,0.007105034909047817,0.032177469021943995,1800000,9000000,7743600000,430.20000000000005
717,0.7396174509309034,0.3596257477442582,0.00790808766303486,0.032070389357126694,1800000,9000000,7754400000,430.80000000000007
718,0.7392427671019808,0.3639595155334374,0.0057350179778862444,0.03196366603029886,1800000,9000000,7765200000,431.4000000000001
719,0.7386182381311971,0.3595478842274446,0.0072003342746027425,0.031857297855644666,1800000,9000000,7776000000,432.00000000000006
720,0.7379658686986217,0.3625594377884063,0.0059705668675002444,0.03175128365129438,1800000,9000000,7786800000,432.6000000000001
721,0.7378531080583118,0.35980566430820643,0.007008273240071015,0.03164562223931132,1800000,9000000,7797600000,433.20000000000005
722,0.7404434079719284,0.36098622661092483,0.005874286513146186,0.03154031244567872,1800000,9000000,7808400000,433.80000000000007
723,0.7365507012759879,0.362901925720589,0.006140586427718494,0.03143535310028667,1800000,9000000,7819200000,434.4000000000001
724,0.7415883118230798,0.362148563661252,0.005017541051109626,0.03133074303691914,1800000,9000000,7830000000,435.00000000000006
725,0.7381192890356822,0.36685794157876506,0.006727833095608134,0.031226481093241037,1800000,9000000,7840800000,435.6000000000001
726,0.7372829258708076,0.3622906781997583,0.004862507529924603,0.03112256611078522,1800000,9000000,7851600000,436.20000000000005
727,0.7390137523375209,0.3648420352911498,0.0060329007377021085,0.03101899693493971,1800000,9000000,7862400000,436.80000000000007
728,0.7392837257230315,0.3623234580014416,0.005725713423178685,0.03091577241493482,1800000,9000000,7873200000,437.4000000000001
729,0.7408467787026447,0.3577661495055156,0.006778575024395782,0.03081289140383039,1800000,9000000,7884000000,438.00000000000006
730,0.7404486820341679,0.36076891729571864,0.006089516207996297,0.030710352758503014,1800000,9000000,7894800000,438.6000000000001
731,0.7403873675079805,0.3628114410551414,0.006170864691318606,0.030608155339633344,1800000,9000000,7905600000,439.20000000000005
732,0.7426750191895917,0.3623382228989129,0.006491291785033048,0.030506298011693453,1800000,9000000,7916400000,439.80000000000007
733,0.741028998661219,0.3581312471193749,0.0065647974410615395,0.03040477964293421,1800000,9000000,7927200000,440.4000000000001
734,0.7382638279618854,0.36392046754132756,0.006017095135626968,0.030303599105372694,1800000,9000000,7938000000,441.00000000000006
735,0.741902322585163,0.36004624077779895,0.006070958466788543,0.030202755274779673,1800000,9000000,7948800000,441.6000000000001
736,0.7416853595872241,0.3561756635815829,0.00580701713380312,0.030102247030667106,1800000,9000000,7959600000,442.20000000000005
737,0.7405703944403366,0.35727629503481745,0.008093988011740997,0.030002073256275682,1800000,9000000,7970400000,442.80000000000007
738,0.7378709294438243,0.3603532635529178,0.006124880495776833,0.02990223283856243,1800000,9000000,7981200000,443.4000000000001
739,0.7426151335391331,0.3555079875786447,0.006951202563670373,0.02980272466818835,1800000,9000000,7992000000,444.00000000000006
740,0.7384954206462203,0.3641460680280761,0.0065227176223985935,0.02970354763950609,1800000,9000000,8002800000,444.6000000000001
741,0.7404540637022007,0.36213741145310374,0.006651075886320208,0.02960470065054764,1800000,9000000,8013600000,445.20000000000005
742,0.7401465814163999,0.3571445374651603,0.005251084142557157,0.029506182603012115,1800000,9000000,8024400000,445.80000000000007
743,0.7407938318653583,0.3618453729039693,0.003671690668970759,0.029407992402253506,1800000,9000000,8035200000,446.4000000000001
744,0.7417770239498062,0.3571888307793574,0.008149837730516916,0.029310128957268585,1800000,9000000,8046000000,447.00000000000006
745,0.7407451152016749,0.35636400424369075,0.007369530686778236,0.02921259118068473,1800000,9000000,8056800000,447.6000000000001
746,0.7378776208632141,0.3599194105426859,0.006670365783200455,0.029115377988747873,1800000,9000000,8067600000,448.20000000000005
747,0.7413201175263991,0.36007476227792795,0.0059766082581608785,0.02901848830131043,1800000,9000000,8078400000,448.80000000000007
748,0.7414436611161966,0.3589021834186245,0.004440525731408134,0.02892192104181934,1800000,9000000,8089200000,449.4000000000001
749,0.7406902082307132,0.36034430407855006,0.005352293485240269,0.028825675137304024,1800000,9000000,8100000000,450.00000000000006
750,0.7402283668452156,0.3606286622195511,0.006117348744237145,0.02872974951836458,1800000,9000000,8110800000,450.6000000000001
751,0.7396678950625871,0.3624240822621975,0.005866441832397949,0.028634143119159794,1800000,9000000,8121600000,451.20000000000005
752,0.7417701915406432,0.3626500422121216,0.006252327651981084,0.02853885487739537,1800000,9000000,8132400000,451.80000000000007
753,0.7426494977235724,0.35117505237846586,0.0070020025428218354,0.028443883734312093,1800000,9000000,8143200000,452.4000000000001
754,0.7426686009512871,0.35579043046538045,0.006499349192543858,0.028349228634674047,1800000,9000000,8154000000,453.00000000000006
755,0.7430334739945341,0.35985104589921907,0.005383881886119051,0.028254888526756925,1800000,9000000,8164800000,453.6000000000001
756,0.7418661447200082,0.35735969783646454,0.005861425556009729,0.02816086236233635,1800000,9000000,8175600000,454.20000000000005
757,0.7467278184642918,0.35901520765683675,0.005166445057685661,0.028067149096676187,1800000,9000000,8186400000,454.80000000000007
758,0.7421858676332644,0.35478534859598887,0.005430799268654315,0.027973747688516962,1800000,9000000,8197200000,455.4000000000001
759,0.7434127981624429,0.355057445723022,0.006258365458393979,0.02788065710006431,1800000,9000000,8208000000,456.00000000000006
760,0.7433430252440805,0.35087598178025514,0.0068154711372651125,0.027787876296977376,1800000,9000000,8218800000,456.6000000000001
761,0.7442993934708836,0.3546661164771311,0.006302316044252978,0.0276954042483574,1800000,9000000,8229600000,457.20000000000005
762,0.7448737837730354,0.3574157740008793,0.004555290048215336,0.027603239926736228,1800000,9000000,8240400000,457.80000000000007
763,0.7430912873367722,0.35614017754191407,0.005753273247800964,0.027511382308064894,1800000,9000000,8251200000,458.4000000000001
764,0.7433811872666587,0.3576931755399738,0.00607479369173911,0.02741983037170224,1800000,9000000,8262000000,459.00000000000006
765,0.7462545914419714,0.3538894822435451,0.004868807146691834,0.02732858310040361,1800000,9000000,8272800000,459.6000000000001
766,0.74571056100481,0.3509667038887069,0.0039922308747961785,0.027237639480309456,1800000,9000000,8283600000,460.20000000000005
767,0.742669555070479,0.3568962803766364,0.004358932316704664,0.0271469985009342,1800000,9000000,8294400000,460.80000000000007
768,0.7423539283326235,0.35403470416543753,0.006819963407697394,0.027056659155154907,1800000,9000000,8305200000,461.4000000000001
769,0.7435260002585092,0.3544163232961456,0.005650259006990563,0.026966620439200145,1800000,9000000,8316000000,462.00000000000006
770,0.7408275077847861,0.3607708303748255,0.007351249908259997,0.02687688135263881,1800000,9000000,8326800000,462.6000000000001
771,0.7440974364373584,0.352166846990392,0.00551372894932482,0.026787440898369028,1800000,9000000,8337600000,463.20000000000005
772,0.7432913774542631,0.3574732363698609,0.005887277948262565,0.02669829808260703,1800000,9000000,8348400000,463.80000000000007
773,0.7453784623276534,0.3618971620266714,0.00499639847851304,0.026609451914876178,1800000,9000000,8359200000,464.4000000000001
774,0.7431684952236784,0.3562902031933604,0.006148517533424481,0.026520901407995918,1800000,9000000,8370000000,465.00000000000006
775,0.7440704671836577,0.35651362183886637,0.006062368918511081,0.026432645578070815,1800000,9000000,8380800000,465.6000000000001
776,0.7449657547349692,0.351040943410879,0.005073351219256719,0.026344683444479648,1800000,9000000,8391600000,466.20000000000005
777,0.7454061893615199,0.35798468717167636,0.003882072686451095,0.02625701402986444,1800000,9000000,8402400000,466.80000000000007
778,0.7455177545395115,0.35409651687025856,0.004705307253890406,0.026169636360119694,1800000,9000000,8413200000,467.4000000000001
779,0.7435708361324999,0.3523034530248604,0.004314909618235696,0.02608254946438153,1800000,9000000,8424000000,468.00000000000006
780,0.7466602793424167,0.35142448118298447,0.003949267324276881,0.025995752375016855,1800000,9000000,8434800000,468.6000000000001
781,0.7430436131548384,0.35545463895087115,0.004982586479155589,0.025909244127612686,1800000,9000000,8445600000,469.20000000000005
782,0.7439788544132163,0.3583784046434421,0.00598715336817039,0.025823023760965385,1800000,9000000,8456400000,469.80000000000007
783,0.7448908191490234,0.3544527913808412,0.004139307565974724,0.025737090317069982,1800000,9000000,8467200000,470.4000000000001
784,0.7415066918166617,0.35776271797285897,0.0059655432711641565,0.02565144284110955,1800000,9000000,8478000000,471.00000000000006
785,0.7439092665637627,0.35928943110663736,0.003965389645208278,0.025566080381444596,1800000,9000000,8488800000,471.6000000000001
786,0.7452696730089727,0.3588738645083339,0.0057224981768957085,0.025481001989602455,1800000,9000000,8499600000,472.20000000000005
787,0.7453981755291478,0.3547976637666409,0.004297232453043245,0.025396206720266795,1800000,9000000,8510400000,472.80000000000007
788,0.7442137331566323,0.35216113031326185,0.004853456875921861,0.02531169363126709,1800000,9000000,8521200000,473.4000000000001
789,0.7461184109209499,0.3553310738420376,0.0043911931455842546,0.025227461783568134,1800000,9000000,8532000000,474.00000000000006
790,0.7481543719728587,0.3517071920911177,0.004601254351476623,0.02514351024125965,1800000,9000000,8542800000,474.6000000000001
791,0.7476798659443802,0.349153474756555,0.004258459024975972,0.025059838071545854,1800000,9000000,8553600000,475.20000000000005
792,0.7423720753331002,0.35384201688156985,0.006478793613338333,0.024976444344735116,1800000,9000000,8564400000,475.80000000000007
793,0.745354345996302,0.35032934958247075,0.005205697434382885,0.024893328134229613,1800000,9000000,8575200000,476.4000000000001
794,0.7449795998688663,0.34924857909499035,0.006259395440567771,0.024810488516515048,1800000,9000000,8586000000,477.00000000000006
795,0.7477329595608716,0.35202669983372714,0.004340975631834295,0.024727924571150358,1800000,9000000,8596800000,477.6000000000001
796,0.7444248776272647,0.35195221990113595,0.004109467001732939,0.024645635380757525,1800000,9000000,8607600000,478.20000000000005
797,0.7459453958616952,0.35240275979946256,0.006378004648968436,0.02456362003101136,1800000,9000000,8618400000,478.80000000000007
798,0.7476929371895801,0.3561278710711469,0.003626623748762782,0.024481877610629373,1800000,9000000,8629200000,479.4000000000001
799,0.7446262897147735,0.35068307753711664,0.004677989171245189,0.024400407211361594,1800000,9000000,8640000000,480.00000000000006
800,0.7465120185777079,0.3483650702746317,0.006736200516628174,0.02431920792798054,1800000,9000000,8650800000,480.6000000000001
801,0.7453763798374303,0.3550553770430179,0.006301816563773195,0.024238278858271095,1800000,9000000,8661600000,481.20000000000005
802,0.7463601618948419,0.3495709390652667,0.0033183018450687997,0.024157619103020552,1800000,9000000,8672400000,481.80000000000007
803,0.744301841779362,0.3562676606916045,0.005112575377551743,0.024077227766008576,1800000,9000000,8683200000,482.4000000000001
804,0.7463578866067426,0.3533658762395396,0.00613468727992875,0.02399710395399727,1800000,9000000,8694000000,483.00000000000006
805,0.7455116051116387,0.354149331116726,0.005275700438646254,0.02391724677672123,1800000,9000000,8704800000,483.6000000000001
806,0.7452117906121976,0.3542571418700679,0.0037890830865163426,0.02383765534687765,1800000,9000000,8715600000,484.20000000000005
807,0.7451417551400332,0.35840959385667365,0.0054361870729609605,0.023758328780116505,1800000,9000000,8726400000,484.80000000000007
808,0.7475578489015482,0.35432373672544687,0.00536575682899827,0.023679266195030673,1800000,9000000,8737200000,485.4000000000001
809,0.7448267020012207,0.3509905873338331,0.0050342910263460414,0.023600466713146178,1800000,9000000,8748000000,486.00000000000006
810,0.7490359863367562,0.3523620615417872,0.0038819202383322147,0.023521929458912412,1800000,9000000,8758800000,486.6000000000001
811,0.7468597614022572,0.3531766461046861,0.004725105114182696,0.02344365355969242,1800000,9000000,8769600000,487.20000000000005
812,0.7485011083345796,0.3557684062797397,0.0033074321532655087,0.023365638145753154,1800000,9000000,8780400000,487.80000000000007
813,0.747298664124637,0.35209926913151224,0.0033874974974634044,0.023287882350255897,1800000,9000000,8791200000,488.4000000000001
814,0.7480031882826934,0.35195751892083643,0.004624013698892312,0.023210385309246566,1800000,9000000,8802000000,489.00000000000006
815,0.7455343486183408,0.3586741493897262,0.004720016995907271,0.02313314616164612,1800000,9000000,8812800000,489.6000000000001
816,0.7487075909560253,0.35516569450958685,0.005346037067744315,0.023056164049241032,1800000,9000000,8823600000,490.20000000000005
817,0.7460778816872458,0.35817866552931094,0.0039054479560419646,0.0229794381166737,1800000,9000000,8834400000,490.80000000000007
818,0.7465233726458033,0.35233625945612185,0.005898834490045857,0.022902967511432955,1800000,9000000,8845200000,491.4000000000001
819,0.7442757971437367,0.35038156431932477,0.005126165875578899,0.022826751383844632,1800000,9000000,8856000000,492.00000000000006
820,0.7463324058000466,0.3557057626615324,0.003947940626586933,0.022750788887062088,1800000,9000000,8866800000,492.6000000000001
821,0.7477777046914114,0.345811668047937,0.005157877322935516,0.02267507917705679,1800000,9000000,8877600000,493.20000000000005
822,0.7499772824794368,0.3504126498376519,0.005066606113815613,0.022599621412608965,1800000,9000000,8888400000,493.80000000000007
823,0.7488266749168054,0.35738750121718327,0.004399902348909533,0.02252441475529824,1800000,9000000,8899200000,494.4000000000001
824,0.7485388072249535,0.3507042149295338,0.006792123596295246,0.022449458369494302,1800000,9000000,8910000000,495.00000000000006
825,0.746286224077508,0.35705833081649074,0.0038820509112307924,0.022374751422347648,1800000,9000000,8920800000,495.6000000000001
826,0.7493733971734521,0.3538648620969339,0.007088175831650795,0.02230029308378033,1800000,9000000,8931600000,496.20000000000005
827,0.747163847159177,0.3488114885160448,0.004731434977742039,0.022226082526476697,1800000,9000000,8942400000,496.80000000000007
828,0.7493647723249448,0.34761076912666955,0.00474159980857206,0.022152118925874254,1800000,9000000,8953200000,497.4000000000001
829,0.748092586359214,0.34978772316615897,0.004948119203922491,0.02207840146015444,1800000,9000000,8964000000,498.00000000000006
830,0.7503418477854399,0.3490945646846581,0.0068457061902345885,0.022004929310233547,1800000,9000000,8974800000,498.6000000000001
831,0.7509884638172966,0.34652223422675127,0.005457423628341669,0.0219317016597536,1800000,9000000,8985600000,499.20000000000005
832,0.7491197625438798,0.34955257040445586,0.0042851455288220016,0.021858717695073287,1800000,9000000,8996400000,499.80000000000007
833,0.7493626393329109,0.3470751814650153,0.0035135451400495604,0.021785976605258914,1800000,9000000,9007200000,500.4000000000001
834,0.7498082112801205,0.348401890657743,0.005994741582797531,0.02171347758207541,1800000,9000000,9018000000,501.00000000000006
835,0.7457563577494434,0.34956180906932205,0.00343217002843487,0.02164121981997731,1800000,9000000,9028800000,501.6000000000001
836,0.7482671731593354,0.3469036803243237,0.004109530608528246,0.021569202516099856,1800000,9000000,9039600000,502.2000000000001
837,0.748048198648302,0.35361731128897306,0.0039032935008024264,0.021497424870250043,1800000,9000000,9050400000,502.80000000000007
838,0.7473411675998592,0.3521659120684709,0.005594619091069758,0.021425886084897733,1800000,9000000,9061200000,503.4000000000001
839,0.7503359149388739,0.3505299725975774,0.00370887078021116,0.021354585365166795,1800000,9000000,9072000000,504.00000000000006
840,0.748369593344375,0.3573614456725445,0.004128399224869165,0.02128352191882629,1800000,9000000,9082800000,504.6000000000001
841,0.7500477913803033,0.34787435382636844,0.004823394498653177,0.021212694956281617,1800000,9000000,9093600000,505.2000000000001
842,0.7493450010449744,0.3517367101201211,0.004276485468579723,0.02114210369056581,1800000,9000000,9104400000,505.80000000000007
843,0.7474094678146558,0.3540931518765903,0.0028894983996481196,0.021071747337330738,1800000,9000000,9115200000,506.4000000000001
844,0.7495829254865616,0.351027283951872,0.003433409196164715,0.021001625114838426,1800000,9000000,9126000000,507.00000000000006
845,0.7491275063558784,0.34962802641366364,0.002282622994915717,0.020931736243952347,1800000,9000000,9136800000,507.6000000000001
846,0.7495214647896292,0.34802714561557313,0.00398034251771636,0.02086207994812878,1800000,9000000,9147600000,508.2000000000001
847,0.7525050644141229,0.3455616614292101,0.00405674020181456,0.02079265545340814,1800000,9000000,9158400000,508.80000000000007
848,0.7526445459652051,0.34827367271193016,0.0047050807629960695,0.02072346198840646,1800000,9000000,9169200000,509.4000000000001
849,0.7499836605137378,0.3485354912350608,0.004633919756699917,0.020654498784306745,1800000,9000000,9180000000,510.00000000000006
850,0.7515212165146637,0.3516047340333881,0.005150301722260329,0.020585765074850458,1800000,9000000,9190800000,510.6000000000001
851,0.7483491300227723,0.35736579886049263,0.00432875996332135,0.020517260096329024,1800000,9000000,9201600000,511.2000000000001
852,0.7503642177684376,0.3416227688709504,0.005074143775823834,0.020448983087575288,1800000,9000000,9212400000,511.80000000000007
853,0.7500906124094612,0.35005951032942234,0.00440240094946085,0.02038093328995513,1800000,9000000,9223200000,512.4000000000001
854,0.7516055732011632,0.3499384425784055,0.004295380137680531,0.020313109947358986,1800000,9000000,9234000000,513.0000000000001
855,0.7509904580275917,0.3501307121268459,0.0047508919173877085,0.02024551230619346,1800000,9000000,9244800000,513.6
856,0.7495124763133436,0.35332411316742884,0.003306036991786208,0.020178139615372955,1800000,9000000,9255600000,514.2
857,0.7501054978388467,0.3450214543832968,0.004177878570142376,0.020110991126311338,1800000,9000000,9266400000,514.8000000000001
858,0.74998774281739,0.3501370329853794,0.0032891626609555316,0.020044066092913575,1800000,9000000,9277200000,515.4000000000001
859,0.750616911458095,0.3444258058769363,0.0037277372165793908,0.019977363771567502,1800000,9000000,9288000000,516.0000000000001
860,0.7492911087656096,0.34908068938483533,0.0035661916049575535,0.01991088342113553,1800000,9000000,9298800000,516.6
861,0.7500629811918181,0.3513977537066365,0.004656588989304631,0.019844624302946416,1800000,9000000,9309600000,517.2
862,0.750724343989513,0.34590170290845285,0.005065122234497331,0.019778585680787053,1800000,9000000,9320400000,517.8000000000001
863,0.7499722543554295,0.35025248888720845,0.006216371392385223,0.019712766820894304,1800000,9000000,9331200000,518.4000000000001
864,0.7524410155874042,0.3476043167365582,0.0034379216604019606,0.019647166991946803,1800000,9000000,9342000000,519.0000000000001
865,0.7516013997880929,0.35089107499563205,0.0038443470878504224,0.019581785465056904,1800000,9000000,9352800000,519.6
866,0.7522702079808272,0.3517335444913045,0.0028931724656262336,0.019516621513762517,1800000,9000000,9363600000,520.2
867,0.7499441521838166,0.34798168501828575,0.004811594547214363,0.019451674414019068,1800000,9000000,9374400000,520.8000000000001
868,0.7498732525680062,0.3474600621373562,0.002854519069233401,0.019386943444191458,1800000,9000000,9385200000,521.4000000000001
869,0.7528267945057172,0.3489059677755758,0.0020953232241129483,0.01932242788504602,1800000,9000000,9396000000,522.0000000000001
870,0.7496539503914065,0.3531741648178161,0.004783099441948294,0.01925812701974253,1800000,9000000,9406800000,522.6
871,0.7496816397916474,0.3530425898688628,0.0035284223376212793,0.01919404013382628,1800000,9000000,9417600000,523.2
872,0.7536483034463464,0.3535099420392291,0.004730706643674131,0.019130166515220096,1800000,9000000,9428400000,523.8000000000001
873,0.7480091994784229,0.3522018805940305,0.0028303585175531477,0.01906650545421645,1800000,9000000,9439200000,524.4000000000001
874,0.7513882711223228,0.3436204939809516,0.0035787017019060746,0.01900305624346956,1800000,9000000,9450000000,525.0000000000001
875,0.7516716420551239,0.3448048886362925,0.006747199253333244,0.018939818177987563,1800000,9000000,9460800000,525.6
876,0.7505184670875088,0.3470353115610825,0.003984424866141878,0.018876790555124607,1800000,9000000,9471600000,526.2
877,0.7482892066134,0.3519362945194337,0.0027818692764453295,0.018813972674573135,1800000,9000000,9482400000,526.8000000000001
878,0.7499722286450379,0.3483056397564455,0.0037369767254621118,0.01875136383835605,1800000,9000000,9493200000,527.4000000000001
879,0.7525884911235746,0.3481050417879751,0.00289213625345944,0.018688963350818977,1800000,9000000,9504000000,528.0000000000001
880,0.7525914100123761,0.3503220084462348,0.0032195518211274293,0.018626770518622528,1800000,9000000,9514800000,528.6
881,0.7513510141516427,0.3526760263332451,0.0019238928926575527,0.018564784650734575,1800000,9000000,9525600000,529.2
882,0.7493493961857655,0.34836624285427004,0.0023198668385375713,0.018503005058422627,1800000,9000000,9536400000,529.8000000000001
883,0.749748298987183,0.3441301086366505,0.0029396279307806555,0.018441431055246132,1800000,9000000,9547200000,530.4000000000001
884,0.7510610457044079,0.3529915941506683,0.004589456092700624,0.01838006195704887,1800000,9000000,9558000000,531.0000000000001
885,0.7509422441293596,0.3472440486969275,0.0058813755368925524,0.018318897081951332,1800000,9000000,9568800000,531.6
886,0.7542900523351548,0.34850424521677337,0.003542222100732563,0.018257935750343183,1800000,9000000,9579600000,532.2
887,0.7524103196383323,0.34659800238370897,0.003209990418231847,0.018197177284875646,1800000,9000000,9590400000,532.8000000000001
888,0.7506848113998319,0.35092701703498475,0.003015973791281409,0.01813662101045404,1800000,9000000,9601200000,533.4000000000001
889,0.7484900384825831,0.35320517978159477,0.0021729348092585244,0.018076266254230255,1800000,9000000,9612000000,534.0000000000001
890,0.7519386045973977,0.3535125227776742,0.0036563506940682482,0.018016112345595265,1800000,9000000,9622800000,534.6
891,0.7535629746950149,0.34704817403865545,0.003169641228333854,0.017956158616171686,1800000,9000000,9633600000,535.2
892,0.7517575204199021,0.34144307760126974,0.0042511954828974435,0.017896404399806366,1800000,9000000,9644400000,535.8000000000001
893,0.7538898238394665,0.35016968320558983,0.003535482776140385,0.01783684903256293,1800000,9000000,9655200000,536.4000000000001
894,0.7546692076881014,0.34505790784999707,0.005077044119295687,0.017777491852714475,1800000,9000000,9666000000,537.0000000000001
895,0.7528326416844086,0.3477647743958689,0.0031251228013175736,0.017718332200736167,1800000,9000000,9676800000,537.6000000000001
896,0.7523925649321875,0.3472333293738401,0.003136444874073236,0.017659369419297934,1800000,9000000,9687600000,538.2
897,0.7515488723628985,0.3449014775897163,0.002644483910207557,0.017600602853257152,1800000,9000000,9698400000,538.8000000000001
898,0.7536576693491135,0.346854641960534,0.0025053969561133716,0.017542031849651377,1800000,9000000,9709200000,539.4000000000001
899,0.7514722769871944,0.35095564628632525,0.0031945300091515976,0.017483655757691067,1800000,9000000,9720000000,540.0000000000001
900,0.7515151886148422,0.35548690777790415,0.0012265403633613587,0.01742547392875238,1800000,9000000,9730800000,540.6000000000001
901,0.752582772561716,0.3433885140397964,0.0034677829017192695,0.01736748571636995,1800000,9000000,9741600000,541.2
902,0.7535874556209075,0.35024837648374224,0.0033248546167720973,0.01730969047622972,1800000,9000000,9752400000,541.8000000000001
903,0.7537802768480675,0.3425488328350621,0.002040204975818304,0.01725208756616176,1800000,9000000,9763200000,542.4000000000001
904,0.7551483801997171,0.34232613531940037,0.0028101541030827602,0.017194676346133125,1800000,9000000,9774000000,543.0000000000001
905,0.7526621101467003,0.3518553433597357,0.00451674428451492,0.017137456178240796,1800000,9000000,9784800000,543.6000000000001
906,0.7507797941561176,0.3515079989497139,0.0026521557271001143,0.017080426426704536,1800000,9000000,9795600000,544.2
907,0.7532995166201009,0.3471284103572707,0.003885376993962635,0.01702358645785985,1800000,9000000,9806400000,544.8000000000001
908,0.754683279929498,0.3459179445432765,0.002837169473709023,0.01696693564015095,1800000,9000000,9817200000,545.4000000000001
909,0.7508635515851532,0.3472197407122071,0.004405221073155304,0.016910473344123725,1800000,9000000,9828000000,546.0000000000001
910,0.75264614139138,0.3478736496400324,0.0025019088794802483,0.016854198942418738,1800000,9000000,9838800000,546.6000000000001
911,0.75575790896537,0.34365351639554625,0.003680926435275715,0.016798111809764284,1800000,9000000,9849600000,547.2
912,0.7533388995110419,0.3491578638543666,0.0029213625417466187,0.01674221132296943,1800000,9000000,9860400000,547.8000000000001
913,0.7543536083205464,0.34839639611765455,0.003353916628567603,0.01668649686091707,1800000,9000000,9871200000,548.4000000000001
914,0.7519328300325085,0.34807439599407725,0.00019971121156318015,0.016630967804557063,1800000,9000000,9882000000,549.0000000000001
915,0.7531498064410672,0.34433725081686817,0.00394511661201993,0.016575623536899325,1800000,9000000,9892800000,549.6000000000001
916,0.7552215889120468,0.34393641554523824,0.001870088653192091,0.016520463443006964,1800000,9000000,9903600000,550.2
917,0.753470051132329,0.3478904241348993,0.003288129057032538,0.016465486909989488,1800000,9000000,9914400000,550.8000000000001
918,0.7538245222790988,0.34643232838908045,0.0016413008349070997,0.01641069332699597,1800000,9000000,9925200000,551.4000000000001
919,0.753538653942433,0.34293566792793023,0.0030193509511604504,0.01635608208520825,1800000,9000000,9936000000,552.0000000000001
920,0.7557100896085934,0.34295426550173486,0.0028922111415554124,0.016301652577834193,1800000,9000000,9946800000,552.6000000000001
921,0.7565230001493063,0.35172606268564993,0.003517732682894143,0.016247404200100943,1800000,9000000,9957600000,553.2
922,0.7537119640521859,0.34701386504282394,0.0021017637485114087,0.016193336349248175,1800000,9000000,9968400000,553.8000000000001
923,0.7566399769347003,0.34179679433620097,0.0023732367848790206,0.016139448424521443,1800000,9000000,9979200000,554.4000000000001
924,0.756679190805345,0.3460738852673272,0.0009231527858104397,0.01608573982716547,1800000,9000000,9990000000,555.0000000000001
925,0.7566800245052642,0.34041179667314314,0.002362265688177277,0.016032209960417515,1800000,9000000,10000800000,555.6000000000001
926,0.7544444060001312,0.347416844040675,0.0026510789078090244,0.015978858229500733,1800000,9000000,10011600000,556.2
927,0.7539751026705015,0.34637037968834733,0.002961304885302526,0.01592568404161755,1800000,9000000,10022400000,556.8000000000001
928,0.7549741350309029,0.34388386879095995,0.0038442412459672283,0.01587268680594312,1800000,9000000,10033200000,557.4000000000001
929,0.7544539997519829,0.34254772693074215,0.003348519334589446,0.01581986593361872,1800000,9000000,10044000000,558.0000000000001
930,0.7527975853016897,0.34641822858099997,0.0008445809689037287,0.01576722083774523,1800000,9000000,10054800000,558.6000000000001
931,0.7517998566495485,0.34483827002731066,0.004383256462871361,0.015714750933376594,1800000,9000000,10065600000,559.2
932,0.7558716434713327,0.3440828073953735,0.0027735853062955907,0.015662455637513346,1800000,9000000,10076400000,559.8000000000001
933,0.7544393382079224,0.3444923251135817,0.004048362966282347,0.015610334369096087,1800000,9000000,10087200000,560.4000000000001
934,0.7538832296194435,0.3479610881145822,0.0018787707826363996,0.015558386548999083,1800000,9000000,10098000000,561.0000000000001
935,0.7580786892272743,0.3451245803811294,0.0035053680885272984,0.015506611600023803,1800000,9000000,10108800000,561.6000000000001
936,0.7562773669668688,0.34620310330542814,0.002466896223649215,0.0154550089468925,1800000,9000000,10119600000,562.2
937,0.7541768065403717,0.342199981160319,0.0030562470544720417,0.015403578016241832,1800000,9000000,10130400000,562.8000000000001
938,0.753019010015293,0.34487750863599004,0.0031153135313453967,0.01535231823661649,1800000,9000000,10141200000,563.4000000000001
939,0.755288503596263,0.34510303698111877,0.003717818604368472,0.015301229038462828,1800000,9000000,10152000000,564.0000000000001
940,0.752984477519518,0.34546541168580397,0.005467840353511937,0.01525030985412257,1800000,9000000,10162800000,564.6000000000001
941,0.7577234672797714,0.342310100677333,0.002848895866895817,0.015199560117826475,1800000,9000000,10173600000,565.2
942,0.754628546087896,0.3455370413364736,0.0020085050240705956,0.015148979265688062,1800000,9000000,10184400000,565.8000000000001
943,0.7541187540847529,0.3451769722307743,0.002635414132712503,0.015098566735697346,1800000,9000000,10195200000,566.4000000000001
944,0.7593913199906669,0.3413914947491243,0.003452970803516853,0.015048321967714589,1800000,9000000,10206000000,567.0000000000001
945,0.7522397062624249,0.35398820034815565,0.0008839094764280817,0.014998244403464065,1800000,9000000,10216800000,567.6000000000001
946,0.7562115387069602,0.3435541768341157,0.0003285821245214179,0.014948333486527878,1800000,9000000,10227600000,568.2
947,0.7568661397286854,0.3420602989648049,0.0031646271412386533,0.01489858866233978,1800000,9000000,10238400000,568.8000000000001
948,0.756233013261566,0.3478407389949841,0.003454680712722158,0.014849009378178984,1800000,9000000,10249200000,569.4000000000001
949,0.7533580904272835,0.3480136698260805,0.0033367180016840806,0.014799595083164046,1800000,9000000,10260000000,570.0000000000001
950,0.7547076419294017,0.3480612242087972,0.003332833916444084,0.01475034522824674,1800000,9000000,10270800000,570.6000000000001
951,0.7557346460453185,0.3438434098838127,0.003274464980318122,0.014701259266205942,1800000,9000000,10281600000,571.2
952,0.7538759315528161,0.34403170131438376,0.0011155284812733647,0.01465233665164157,1800000,9000000,10292400000,571.8000000000001
953,0.757144209828625,0.34127507129624496,0.004085693361624758,0.014603576840968517,1800000,9000000,10303200000,572.4000000000001
954,0.7568191779500947,0.3386090644353646,0.001962163656328642,0.014554979292410605,1800000,9000000,10314000000,573.0000000000001
955,0.7549500599254996,0.34793536623576576,0.0014604353125562757,0.014506543465994582,1800000,9000000,10324800000,573.6000000000001
956,0.7544774546309265,0.344576616744793,0.0019056824939637346,0.014458268823544085,1800000,9000000,10335600000,574.2
957,0.7572692517719198,0.34205567398109915,0.002748149445843769,0.014410154828673707,1800000,9000000,10346400000,574.8000000000001
958,0.7573539392252874,0.34755476185758316,0.0027948309336264772,0.014362200946783012,1800000,9000000,10357200000,575.4000000000001
959,0.759005499508288,0.3434593982818197,0.003614696835478595,0.014314406645050596,1800000,9000000,10368000000,576.0000000000001
960,0.7557628900572869,0.3430593514966561,0.0025285347747978754,0.014266771392428173,1800000,9000000,10378800000,576.6000000000001
961,0.7552439133377965,0.346313410416265,0.0010193476367099873,0.014219294659634668,1800000,9000000,10389600000,577.2
962,0.7564387680327872,0.34074571073200904,0.00261151644229694,0.014171975919150332,1800000,9000000,10400400000,577.8000000000001
963,0.7572632885085229,0.3397532846675571,0.0014225991586821064,0.0141248146452109,1800000,9000000,10411200000,578.4000000000001
964,0.7565749512151686,0.34526714236760325,0.0035890524302907316,0.014077810313801734,1800000,9000000,10422000000,579.0000000000001
965,0.7570468309992401,0.3443192428240315,0.0024853980823009592,0.014030962402651998,1800000,9000000,10432800000,579.6000000000001
966,0.7555317456955132,0.348608401657859,0.0027814403994650943,0.013984270391228862,1800000,9000000,10443600000,580.2
967,0.7588113609769733,0.3465749663476138,0.0018629096899473925,0.013937733760731734,1800000,9000000,10454400000,580.8000000000001
968,0.7527841975829299,0.3422282157066004,0.0025016306040640656,0.01389135199408644,1800000,9000000,10465200000,581.4000000000001
969,0.7562430924193617,0.34334195254963895,0.0020032050898944605,0.013845124575939553,1800000,9000000,10476000000,582.0000000000001
970,0.7528121252216666,0.3493756882455358,0.0004121599488479122,0.013799050992652615,1800000,9000000,10486800000,582.6000000000001
971,0.7559832634276402,0.3486412743254971,0.0018154663327491615,0.013753130732296451,1800000,9000000,10497600000,583.2
972,0.7537595220564522,0.34595160235460254,0.0024301368519013583,0.013707363284645472,1800000,9000000,10508400000,583.8000000000001
973,0.7573201311807846,0.34247723856948653,0.002204383080334621,0.013661748141172018,1800000,9000000,10519200000,584.4000000000001
974,0.7558134906204096,0.3413887183633046,0.0026900038971729655,0.013616284795040677,1800000,9000000,10530000000,585.0000000000001
975,0.7587102399338431,0.3402442651973475,0.0008479502202413493,0.013570972741102702,1800000,9000000,10540800000,585.6000000000001
976,0.7539455134988675,0.34956166547256345,0.004642231818125004,0.013525811475890359,1800000,9000000,10551600000,586.2
977,0.7562822691133105,0.3421246872945681,0.0030577672020433372,0.013480800497611346,1800000,9000000,10562400000,586.8000000000001
978,0.7567024404095438,0.3478474691061166,0.002865658320865088,0.013435939306143226,1800000,9000000,10573200000,587.4000000000001
979,0.7563848051565821,0.34395674097377354,0.0027073493581699784,0.01339122740302784,1800000,9000000,10584000000,588.0000000000001
980,0.7585781644038548,0.3424213206891072,0.00157209267053518,0.013346664291465818,1800000,9000000,10594800000,588.6000000000001
981,0.7566840523437919,0.3421000548143138,0.002127582669302379,0.013302249476311008,1800000,9000000,10605600000,589.2
982,0.7560124599691852,0.3393801556482336,0.0020629960256143068,0.013257982464065015,1800000,9000000,10616400000,589.8000000000001
983,0.7590917002911618,0.3410558359972076,0.0015525629064402496,0.013213862762871688,1800000,9000000,10627200000,590.4000000000001
984,0.757913145039172,0.34429881297038517,0.0014157842938096294,0.013169889882511677,1800000,9000000,10638000000,591.0000000000001
985,0.7563743549562661,0.33977983267710826,0.0023646429334216496,0.013126063334396957,1800000,9000000,10648800000,591.6000000000001
986,0.7586664499685305,0.3368840672134343,0.0038555125054220317,0.013082382631565439,1800000,9000000,10659600000,592.2
987,0.757020128189782,0.339166215494493,0.002275245353185858,0.013038847288675532,1800000,9000000,10670400000,592.8000000000001
988,0.7586748625484989,0.3426392735252829,0.002487840674565993,0.012995456822000755,1800000,9000000,10681200000,593.4000000000001
989,0.755827803866217,0.34708806107219325,0.004036890170554392,0.012952210749424363,1800000,9000000,10692000000,594.0000000000001
990,0.7585927913841305,0.34082435920742316,0.0012953759484181614,0.012909108590434005,1800000,9000000,10702800000,594.6000000000001
991,0.7579047764972466,0.3406594937277028,0.0032324295508365333,0.012866149866116342,1800000,9000000,10713600000,595.2
992,0.7581585447921425,0.34708824673408956,0.004150747136351887,0.012823334099151783,1800000,9000000,10724400000,595.8000000000001
993,0.757051513615434,0.3472598625614669,0.003051287405058796,0.01278066081380914,1800000,9000000,10735200000,596.4000000000001
994,0.7602464888187499,0.33869510615424403,0.0032451243221549293,0.01273812953594036,1800000,9000000,10746000000,597.0000000000001
995,0.7593740376464891,0.33642265585118425,0.0030653491911459864,0.012695739792975256,1800000,9000000,10756800000,597.6000000000001
996,0.7589625255811003,0.3415588988714332,0.0026019806129103412,0.012653491113916249,1800000,9000000,10767600000,598.2
997,0.7566668571064541,0.3453425393531278,0.0025620488153067153,0.012611383029333125,1800000,9000000,10778400000,598.8000000000001
998,0.7584063424054492,0.3427624187105776,0.0024988557528451225,0.012569415071357852,1800000,9000000,10789200000,599.4000000000001
999,0.7576070193821551,0.3443899860654622,0.0031289545886380075,0.012527586773679353,1800000,9000000,10800000000,600.0000000000001
