round,test_accuracy,train_objective,mfg,hfr_tau,downlink_bytes,uplink_bytes,cumulative_serialized_bytes,single_device_elapsed_seconds
0,0.5039400110859267,0.592246155269039,0.07012281714889976,0.22,1800000,3600000,5400000,0.5700000000000001
1,0.5070235062943137,0.5960069997990192,0.0704409854469823,0.2192678875319951,1800000,3600000,10800000,1.1400000000000001
2,0.5121585792265894,0.5888291272111795,0.06930081861277006,0.21853821137610757,1800000,3600000,16200000,1.7100000000000002
3,0.512701563037123,0.5847426287391007,0.06886201638645097,0.21781096342481698,1800000,3600000,21600000,2.2800000000000002
4,0.5212071185493491,0.5796631172573968,0.06828171341345872,0.21708613559758305,1800000,3600000,27000000,2.8500000000000005
5,0.5246319111455501,0.5781019239799507,0.06943002887858855,0.21636371984075584,1800000,3600000,32400000,3.4200000000000004
6,0.5250346215411965,0.573208389488051,0.06894714601443,0.21564370812748615,1800000,3600000,37800000,3.99
7,0.5312752719995248,0.5663066988046618,0.06791678170511627,0.21492609245763647,1800000,3600000,43200000,4.5600000000000005
8,0.5315868532353647,0.5713860263489476,0.06767219851913625,0.2142108648576919,1800000,3600000,48600000,5.130000000000001
9,0.5367057753924102,0.559449215067006,0.06671246569188427,0.21349801738067178,1800000,3600000,54000000,5.700000000000001
10,0.5397400163263917,0.5553469497085002,0.06720716687524202,0.2127875421060413,1800000,3600000,59400000,6.2700000000000005
11,0.5431190973411968,0.5581513545932932,0.06533099705644467,0.21207943113962338,1800000,3600000,64800000,6.840000000000001
12,0.5451066892132175,0.5558627168414123,0.06610524132451119,0.2113736766135111,1800000,3600000,70200000,7.410000000000001
13,0.5473849450425375,0.5517182811186835,0.06575776793863036,0.2106702706859803,1800000,3600000,75600000,7.98
14,0.5489535531016732,0.551031499364778,0.06475263975477087,0.20996920554140228,1800000,3600000,81000000,8.55
15,0.5550051310062137,0.5473857814311872,0.06576284783564092,0.20927047339015709,1800000,3600000,86400000,9.120000000000001
16,0.5583078358545607,0.5456769669722488,0.06572070604634403,0.208574066468547,1800000,3600000,91800000,9.690000000000001
17,0.5596776607873696,0.5430741872356679,0.06636722841725821,0.2078799770387102,1800000,3600000,97200000,10.260000000000002
18,0.5639538609959708,0.5388407812686209,0.06512261437015052,0.20718819738853472,1800000,3600000,102600000,10.830000000000002
19,0.5637885974045299,0.5353855105459556,0.06484389172262826,0.2064987198315729,1800000,3600000,108000000,11.400000000000002
20,0.5658032425068827,0.538378327596245,0.0643340951226221,0.2058115367069559,1800000,3600000,113400000,11.97
21,0.573129008044879,0.5255091464190806,0.06502684509220026,0.2051266403793086,1800000,3600000,118800000,12.540000000000001
22,0.574909415530447,0.5244017403395576,0.06355626955727675,0.20444402323866478,1800000,3600000,124200000,13.110000000000001
23,0.5745190587439253,0.527137800256608,0.06407849183229032,0.20376367770038248,1800000,3600000,129600000,13.680000000000001
24,0.579662470917938,0.5163531432067602,0.065149268236549,0.20308559620505987,1800000,3600000,135000000,14.250000000000002
25,0.582403971811934,0.5161083355785988,0.063910020392303,0.20240977121845113,1800000,3600000,140400000,14.820000000000002
26,0.5840327500169331,0.5142078252455252,0.06519058847021887,0.20173619523138275,1800000,3600000,145800000,15.390000000000002
27,0.5865190895146293,0.5109615112069141,0.06196431663217896,0.2010648607596702,1800000,3600000,151200000,15.96
28,0.5868112669309514,0.5075719013031138,0.06362550021085535,0.20039576034403467,1800000,3600000,156600000,16.53
29,0.5912289376415742,0.5078976694947107,0.06271948734557359,0.19972888655002022,1800000,3600000,162000000,17.1
30,0.5942320436143013,0.5078370441769089,0.061086444489537206,0.1990642319679111,1800000,3600000,167400000,17.67
31,0.5955288909613519,0.5022657154931915,0.06185658814841277,0.19840178921264964,1800000,3600000,172800000,18.240000000000002
32,0.5980358900722643,0.5045865976777438,0.06107625741357218,0.19774155092375395,1800000,3600000,178200000,18.810000000000002
33,0.5992641754851062,0.49549094206034006,0.06270723430276677,0.1970835097652362,1800000,3600000,183600000,19.380000000000003
34,0.6041308552414004,0.48978852419193936,0.06000252436761939,0.19642765842552126,1800000,3600000,189000000,19.950000000000003
35,0.6090811023599402,0.48811874806524186,0.060142727491137526,0.19577398961736522,1800000,3600000,194400000,20.520000000000003
36,0.6055431592408537,0.49347538224537646,0.061044455334399346,0.19512249607777465,1800000,3600000,199800000,21.090000000000003
37,0.6091155565243292,0.48803976806546057,0.06088065132457287,0.1944731705679257,1800000,3600000,205200000,21.660000000000004
38,0.6130877441792976,0.4911571968871508,0.059546680503314596,0.1938260058730838,1800000,3600000,210600000,22.230000000000004
39,0.6143751775716171,0.4861890976349164,0.061308090173584885,0.1931809948025235,1800000,3600000,216000000,22.800000000000004
40,0.6139299713692865,0.48482902727169147,0.06132270343043989,0.19253813018944846,1800000,3600000,221400000,23.37
41,0.617339667672817,0.4794350439063021,0.0605814914268572,0.19189740489091192,1800000,3600000,226800000,23.94
42,0.6201147852617146,0.4792355493041198,0.058257309999454325,0.1912588117877373,1800000,3600000,232200000,24.51
43,0.6230352056441668,0.4824853429750789,0.05847528570190317,0.1906223437844391,1800000,3600000,237600000,25.080000000000002
44,0.6217749961617229,0.47694889485984265,0.05986538958406216,0.1899879938091441,1800000,3600000,243000000,25.650000000000002
45,0.6277381049195253,0.4686009627227747,0.05985894454409133,0.18935575481351272,1800000,3600000,248400000,26.220000000000002
46,0.6293768468207488,0.47015174566051876,0.0587215645492252,0.1887256197726607,1800000,3600000,253800000,26.790000000000003
47,0.6316416555135353,0.4668605955307699,0.05958075425798992,0.1880975816850811,1800000,3600000,259200000,27.360000000000003
48,0.6307394686992233,0.4682159323408,0.056016865990416075,0.1874716335725665,1800000,3600000,264600000,27.930000000000003
49,0.6337699642430988,0.46144329341824397,0.05708035416874558,0.18684776848013143,1800000,3600000,270000000,28.500000000000004
50,0.6351765833984092,0.46104156688137615,0.055770984897431874,0.1862259794759351,1800000,3600000,275400000,29.070000000000004
51,0.6372194652770263,0.46516426293175167,0.05749180003698489,0.18560625965120442,1800000,3600000,280800000,29.640000000000004
52,0.6409859330023492,0.45828888985327815,0.058582754669408967,0.18498860212015716,1800000,3600000,286200000,30.210000000000004
53,0.6395104550195388,0.4629631686364264,0.05500591261261022,0.18437300001992551,1800000,3600000,291600000,30.780000000000005
54,0.640961221449612,0.46120925248053657,0.057709935757323805,0.18375944651047985,1800000,3600000,297000000,31.350000000000005
55,0.6436715689365635,0.45829231272293064,0.05512725321682035,0.1831479347745526,1800000,3600000,302400000,31.92
56,0.6457022339678297,0.4583046343202245,0.05569237610865587,0.18253845801756263,1800000,3600000,307800000,32.49
57,0.6451016270471891,0.45401027816276257,0.0562392827144625,0.1819310094675397,1800000,3600000,313200000,33.06
58,0.6478435562379734,0.4473626105969769,0.056464496313586736,0.18132558237504928,1800000,3600000,318600000,33.63
59,0.6503239303043711,0.4475234924435324,0.05474318698694237,0.18072217001311738,1800000,3600000,324000000,34.2
60,0.6505832753652376,0.45167990555384313,0.0534588505805737,0.18012076567715601,1800000,3600000,329400000,34.77
61,0.6509779307785915,0.4499992521331647,0.05620905108609668,0.1795213626848886,1800000,3600000,334800000,35.34
62,0.65446366085052,0.44533193650769176,0.05488940662422582,0.17892395437627573,1800000,3600000,340200000,35.910000000000004
63,0.6527657493968202,0.44073876923561006,0.053135882850800384,0.17832853411344116,1800000,3600000,345600000,36.480000000000004
64,0.6577065301044193,0.44572891151562166,0.052389890598557906,0.17773509528059805,1800000,3600000,351000000,37.050000000000004
65,0.6582722962751246,0.44889745870406,0.05491718625989748,0.17714363128397553,1800000,3600000,356400000,37.620000000000005
66,0.6587280280808696,0.44194463537568035,0.054976704467487716,0.17655413555174526,1800000,3600000,361800000,38.190000000000005
67,0.6586546039864927,0.4403554839146815,0.05280001853684843,0.17596660153394866,1800000,3600000,367200000,38.760000000000005
68,0.664650410363741,0.4309107064807493,0.05432711214037807,0.1753810227024239,1800000,3600000,372600000,39.330000000000005
69,0.6668205504849022,0.4289945871065262,0.053295598776802185,0.17479739255073348,1800000,3600000,378000000,39.900000000000006
70,0.6646455267807152,0.4376092429064186,0.05415589994473132,0.17421570459409197,1800000,3600000,383400000,40.470000000000006
71,0.6669005413749757,0.43249166273300843,0.0510003488427376,0.17363595236929383,1800000,3600000,388800000,41.040000000000006
72,0.6654436684150166,0.4337416971905219,0.05274253594550289,0.17305812943464177,1800000,3600000,394200000,41.61000000000001
73,0.6690152544513057,0.4291261927585037,0.051793530926156336,0.17248222936987492,1800000,3600000,399600000,42.18000000000001
74,0.6717766586601014,0.4304337751094975,0.05326096727141705,0.1719082457760978,1800000,3600000,405000000,42.75000000000001
75,0.6721248067250724,0.4305087457529591,0.05226953295630916,0.17133617227570908,1800000,3600000,410400000,43.32000000000001
76,0.6746844755301906,0.4222264229081534,0.05234239185805505,0.17076600251233054,1800000,3600000,415800000,43.89000000000001
77,0.6749150027239781,0.42487589179608815,0.05084570483421946,0.17019773015073678,1800000,3600000,421200000,44.46000000000001
78,0.6763761081682681,0.4287321760814261,0.05099037806286581,0.16963134887678458,1800000,3600000,426600000,45.03000000000001
79,0.6787865684752801,0.42278267790930196,0.049768700172258575,0.16906685239734287,1800000,3600000,432000000,45.60000000000001
80,0.6810589598243079,0.41769030735398643,0.05135926825697249,0.16850423444022272,1800000,3600000,437400000,46.17
81,0.6773221445147308,0.42495781926699666,0.0508826874919369,0.1679434887541077,1800000,3600000,442800000,46.74
82,0.6812114343050427,0.41428785795966266,0.050304234888943485,0.16738460910848446,1800000,3600000,448200000,47.31
83,0.6813527673746197,0.420059783499662,0.048729066659306694,0.16682758929357333,1800000,3600000,453600000,47.88
84,0.6825491846468494,0.4123088534548792,0.04961758166109922,0.1662724231202596,1800000,3600000,459000000,48.45
85,0.6817711544509667,0.420325472232467,0.05129722211133468,0.1657191044200245,1800000,3600000,464400000,49.02
86,0.6856016960022596,0.41526264805721347,0.049451350967191124,0.16516762704487678,1800000,3600000,469800000,49.59
87,0.685139316986739,0.410256534094544,0.05087714047733649,0.16461798486728435,1800000,3600000,475200000,50.160000000000004
88,0.6873153350660521,0.4144410484770555,0.04729906640679617,0.16407017178010627,1800000,3600000,480600000,50.730000000000004
89,0.6895484137665736,0.41339768061343324,0.04899681259341198,0.16352418169652483,1800000,3600000,486000000,51.300000000000004
90,0.6937268922446607,0.40561714976110047,0.04879767014865561,0.16298000854997793,1800000,3600000,491400000,51.870000000000005
91,0.6862059958542267,0.41010086043374777,0.05045304496634519,0.16243764629409166,1800000,3600000,496800000,52.440000000000005
92,0.6908362694594281,0.4154806113511408,0.04740933537011168,0.16189708890261317,1800000,3600000,502200000,53.010000000000005
93,0.6895176231598753,0.4097268386232535,0.0477943489684874,0.16135833036934363,1800000,3600000,507600000,53.580000000000005
94,0.6937492574008193,0.41215440656988744,0.04836990419876444,0.1608213647080716,1800000,3600000,513000000,54.150000000000006
95,0.6939429389436574,0.40742627206467735,0.04684232635568593,0.16028618595250646,1800000,3600000,518400000,54.720000000000006
96,0.6936964132939034,0.41195875245966007,0.046151377857399284,0.159752788156212,1800000,3600000,523800000,55.290000000000006
97,0.6935344262971412,0.4100027483184139,0.04755749219375741,0.15922116539254064,1800000,3600000,529200000,55.86000000000001
98,0.6938714323598709,0.41079198263046146,0.045480205489620965,0.15869131175456724,1800000,3600000,534600000,56.43000000000001
99,0.6960199572128664,0.40476615959120393,0.045492974170385087,0.15816322135502375,1800000,3600000,540000000,57.00000000000001
100,0.6978481989280828,0.40487386852758145,0.04732640641412786,0.15763688832623365,1800000,3600000,545400000,57.57000000000001
101,0.6959927056209747,0.40211707046556555,0.04563686640164429,0.1571123068200467,1800000,3600000,550800000,58.14000000000001
102,0.700318409211905,0.39587256368760426,0.04569250936001414,0.15658947100777412,1800000,3600000,556200000,58.71000000000001
103,0.6998893718153516,0.4063819351169765,0.046245305818203894,0.1560683750801238,1800000,3600000,561600000,59.28000000000001
104,0.6990296434788343,0.40275658200969333,0.047135464352001125,0.1555490132471355,1800000,3600000,567000000,59.85000000000001
105,0.6981410536754863,0.40611651641260454,0.04704207004612987,0.15503137973811695,1800000,3600000,572400000,60.42000000000001
106,0.7038747714880278,0.3937470294238105,0.04676591540325286,0.15451546880157935,1800000,3600000,577800000,60.99000000000001
107,0.7009772210479848,0.39673266428896153,0.04517830182593129,0.15400127470517364,1800000,3600000,583200000,61.56000000000001
108,0.7024511195195093,0.3993534168725353,0.044127802088343125,0.15348879173562682,1800000,3600000,588600000,62.13000000000001
109,0.7029302372759847,0.394422140494877,0.0461662264796337,0.1529780141986784,1800000,3600000,594000000,62.70000000000001
110,0.7035330901073764,0.3959177486227013,0.04402842202874433,0.15246893641901713,1800000,3600000,599400000,63.27000000000001
111,0.7062824751703215,0.39652500412834674,0.04604859816635422,0.15196155274021803,1800000,3600000,604800000,63.84
112,0.7058491182142413,0.3905496697240772,0.0456654306070542,0.1514558575246794,1800000,3600000,610200000,64.41000000000001
113,0.7053967841949286,0.3938928353926535,0.043824795823314965,0.1509518451535604,1800000,3600000,615600000,64.98
114,0.7090126492607172,0.3872234006040915,0.04612952627985295,0.15044951002671828,1800000,3600000,621000000,65.55000000000001
115,0.7083474239614961,0.3912849567633509,0.043420547645881144,0.14994884656264654,1800000,3600000,626400000,66.12
116,0.7058740266225755,0.3923751696647708,0.04396968117456278,0.14944984919841262,1800000,3600000,631800000,66.69000000000001
117,0.7073202794630901,0.3963607292692683,0.04341156571076846,0.14895251238959623,1800000,3600000,637200000,67.26
118,0.7097400460543718,0.39219044778283274,0.0441688770351561,0.1484568306102277,1800000,3600000,642600000,67.83000000000001
119,0.7101171958009475,0.38814384217869813,0.04372291744982425,0.14796279835272666,1800000,3600000,648000000,68.4
120,0.7105864692253675,0.3875013462174393,0.04317851927482467,0.14747041012784065,1800000,3600000,653400000,68.97000000000001
121,0.7130023937674268,0.3844946699422366,0.041557856586808925,0.14697966046458436,1800000,3600000,658800000,69.54
122,0.7122925089146495,0.3842281136331718,0.043269087331055986,0.14649054391017868,1800000,3600000,664200000,70.11000000000001
123,0.7166405294747478,0.3800118744101376,0.04190388212469341,0.14600305502999028,1800000,3600000,669600000,70.68
124,0.7129884061241389,0.3888285684621729,0.04327590277359296,0.14551718840747094,1800000,3600000,675000000,71.25000000000001
125,0.7158049079456571,0.39348692719046235,0.044377729043077255,0.14503293864409764,1800000,3600000,680400000,71.82000000000001
126,0.7175747677025741,0.37794289142836834,0.04297636536966778,0.1445503003593125,1800000,3600000,685800000,72.39000000000001
127,0.7146158164783668,0.38335284448504714,0.042976501479103674,0.14406926819046292,1800000,3600000,691200000,72.96000000000001
128,0.7175020565282438,0.38558057950413427,0.04316042605875177,0.14358983679274215,1800000,3600000,696600000,73.53
129,0.7161328530037349,0.3850128988459952,0.041439198608057864,0.14311200083912964,1800000,3600000,702000000,74.10000000000001
130,0.7191988418223325,0.37693670623098274,0.04160603533555391,0.14263575502033213,1800000,3600000,707400000,74.67
131,0.7177811142636163,0.37923487378110815,0.04118559599521862,0.14216109404472455,1800000,3600000,712800000,75.24000000000001
132,0.7191174079316757,0.3829795850392014,0.04277500056864646,0.14168801263829112,1800000,3600000,718200000,75.81
133,0.720581933822873,0.37796170822904634,0.04054670945482849,0.14121650554456688,1800000,3600000,723600000,76.38000000000001
134,0.7198367262023146,0.38081872916217024,0.040124517659401615,0.14074656752457937,1800000,3600000,729000000,76.95
135,0.7182270098773545,0.3835407895838875,0.041773226199805565,0.14027819335679012,1800000,3600000,734400000,77.52000000000001
136,0.7211676556780011,0.37732616615714815,0.03935563286269572,0.13981137783703693,1800000,3600000,739800000,78.09
137,0.7186643170733802,0.38254055983310403,0.042181174505126345,0.13934611577847586,1800000,3600000,745200000,78.66000000000001
138,0.7217915095317862,0.37788996584607676,0.04100330899585239,0.13888240201152371,1800000,3600000,750600000,79.23
139,0.7209758647947884,0.37614793454969453,0.03967200468004613,0.13842023138380052,1800000,3600000,756000000,79.80000000000001
140,0.7238510001521481,0.37481001767307226,0.04023620930734182,0.13795959876007233,1800000,3600000,761400000,80.37
141,0.7254262065433218,0.3701918230919328,0.040812578678524364,0.13750049902219416,1800000,3600000,766800000,80.94000000000001
142,0.7231409040255962,0.3733109988574049,0.04001668264410155,0.13704292706905308,1800000,3600000,772200000,81.51
143,0.72618528405233,0.37241476398797924,0.03903394478267139,0.13658687781651155,1800000,3600000,777600000,82.08000000000001
144,0.7249933154790068,0.3725095839397588,0.04043246776131615,0.13613234619735098,1800000,3600000,783000000,82.65
145,0.7234637657972126,0.3732979065095733,0.039161191383701666,0.1356793271612154,1800000,3600000,788400000,83.22000000000001
146,0.7249801681474296,0.37080576778338714,0.038084909981070114,0.1352278156745552,1800000,3600000,793800000,83.79
147,0.7250753669452775,0.3773827487085323,0.03916763429796566,0.13477780672057155,1800000,3600000,799200000,84.36000000000001
148,0.7273889995171904,0.3709795027197845,0.03864681983862,0.13432929529916027,1800000,3600000,804600000,84.93
149,0.7261740407736832,0.37460288374977496,0.039904562546596266,0.13388227642685652,1800000,3600000,810000000,85.50000000000001
150,0.7253667697090046,0.3719771533415558,0.03919472594108343,0.13343674513677936,1800000,3600000,815400000,86.07000000000001
151,0.7275525659785729,0.3753925835242232,0.03839291831745324,0.1329926964785765,1800000,3600000,820800000,86.64000000000001
152,0.7273653459421334,0.37187831220791573,0.03851302396019914,0.13255012551836945,1800000,3600000,826200000,87.21000000000001
153,0.7281816007259867,0.3705661028638939,0.037821370056866005,0.1321090273386985,1800000,3600000,831600000,87.78000000000002
154,0.7274839703745811,0.3707377889233509,0.037415875414702884,0.13166939703846825,1800000,3600000,837000000,88.35000000000001
155,0.7286409678619191,0.37255493588138744,0.03696143948487232,0.13123122973289303,1800000,3600000,842400000,88.92000000000002
156,0.7294366024722718,0.37205268540268666,0.03824184534824292,0.13079452055344276,1800000,3600000,847800000,89.49000000000001
157,0.7293437697172305,0.370226564993541,0.03630141424789452,0.13035926464778871,1800000,3600000,853200000,90.06000000000002
158,0.7311981272101598,0.3689180151159547,0.03937386292129448,0.12992545717974963,1800000,3600000,858600000,90.63000000000001
159,0.7260183080244956,0.3679367030513978,0.036177158583197276,0.12949309332923814,1800000,3600000,864000000,91.20000000000002
160,0.7300733287258614,0.3717407268847822,0.0373601895097291,0.129062168292207,1800000,3600000,869400000,91.77000000000001
161,0.7317731107705603,0.37098430564467544,0.03596538555294276,0.1286326772805958,1800000,3600000,874800000,92.34
162,0.7299112864684355,0.3703427424012339,0.03725568301372554,0.12820461552227772,1800000,3600000,880200000,92.91000000000001
163,0.7313416204307819,0.37285953049346754,0.03584413442814104,0.12777797826100667,1800000,3600000,885600000,93.48
164,0.7298214756592774,0.3675393013102721,0.03572197076055047,0.12735276075636423,1800000,3600000,891000000,94.05000000000001
165,0.7326411739408095,0.36909418274573275,0.03639552892260611,0.12692895828370707,1800000,3600000,896400000,94.62
166,0.7364097646757873,0.3614666991501367,0.03660977678304996,0.12650656613411448,1800000,3600000,901800000,95.19000000000001
167,0.7330524570432886,0.36643731805325536,0.03600802036711244,0.12608557961433597,1800000,3600000,907200000,95.76
168,0.73219469480821,0.3733042128830458,0.0357827684969267,0.12566599404673928,1800000,3600000,912600000,96.33000000000001
169,0.7348718213785176,0.36418353359694405,0.037104317646287674,0.12524780476925818,1800000,3600000,918000000,96.9
170,0.7349000226316874,0.3688010783416005,0.03565262542843563,0.12483100713534084,1800000,3600000,923400000,97.47000000000001
171,0.733912644768081,0.36855955746419117,0.03488555515377781,0.12441559651389816,1800000,3600000,928800000,98.04
172,0.7368564221630015,0.35941329782144676,0.03441550048427721,0.12400156828925231,1800000,3600000,934200000,98.61000000000001
173,0.7359477833303875,0.36303242798719304,0.03494738859056454,0.12358891786108542,1800000,3600000,939600000,99.18
174,0.7345053640511267,0.37018065921405735,0.034497730100972124,0.12317764064438845,1800000,3600000,945000000,99.75000000000001
175,0.7343484136106422,0.36527773167032657,0.03479484299985523,0.12276773206941036,1800000,3600000,950400000,100.32000000000001
176,0.7377149301099122,0.3638696056000816,0.03395088714802436,0.1223591875816072,1800000,3600000,955800000,100.89000000000001
177,0.7376343803050122,0.3567650747425384,0.03528909704623788,0.12195200264159156,1800000,3600000,961200000,101.46000000000001
178,0.7352293265057104,0.3634221546074351,0.03478698142850345,0.12154617272508213,1800000,3600000,966600000,102.03000000000002
179,0.7367917420203793,0.3519393945333949,0.034459971983056906,0.12114169332285347,1800000,3600000,972000000,102.60000000000001
180,0.7351669985117255,0.36697951025101644,0.034005819994883016,0.12073855994068583,1800000,3600000,977400000,103.17000000000002
181,0.7361784871758559,0.36571426554949504,0.03493472175059009,0.12033676809931522,1800000,3600000,982800000,103.74000000000001
182,0.7365635571684888,0.36511450555861596,0.034622611813377446,0.11993631333438377,1800000,3600000,988200000,104.31000000000002
183,0.7375191166743296,0.3645521790732708,0.032416484659269516,0.11953719119638996,1800000,3600000,993600000,104.88000000000001
184,0.7361007527565706,0.3628992063682675,0.033832755060086636,0.11913939725063923,1800000,3600000,999000000,105.45000000000002
185,0.7371436259517788,0.36467676141757016,0.031096803856927983,0.11874292707719478,1800000,3600000,1004400000,106.02000000000001
186,0.7404663057543309,0.36372333361899367,0.034123940732485834,0.11834777627082839,1800000,3600000,1009800000,106.59000000000002
187,0.7377439647691347,0.3629373883673855,0.03184990296667958,0.11795394044097147,1800000,3600000,1015200000,107.16000000000001
188,0.7389200755322936,0.3562132913199976,0.032511293019780445,0.11756141521166627,1800000,3600000,1020600000,107.73000000000002
189,0.7369156332856133,0.3631168349862649,0.03348048229095728,0.11717019622151738,1800000,3600000,1026000000,108.30000000000001
190,0.7418705557393622,0.35586052270529084,0.033542257579147514,0.11678027912364307,1800000,3600000,1031400000,108.87000000000002
191,0.7414863885897167,0.3576394463419511,0.032236175734989776,0.11639165958562711,1800000,3600000,1036800000,109.44000000000001
192,0.7395299068334865,0.3674579427453138,0.03286294451988517,0.11600433328947068,1800000,3600000,1042200000,110.01
193,0.7397738044728372,0.3598657410395027,0.03270673514719516,0.11561829593154425,1800000,3600000,1047600000,110.58000000000001
194,0.7397089018310017,0.3627929300843711,0.030942138727740234,0.11523354322253988,1800000,3600000,1053000000,111.15
195,0.740725335701132,0.3566701372771842,0.031965236685740916,0.11485007088742354,1800000,3600000,1058400000,111.72000000000001
196,0.7395913568926391,0.3616664090085358,0.02979368446768397,0.11446787466538752,1800000,3600000,1063800000,112.29
197,0.7430081498206841,0.35761312436219866,0.032758065379691954,0.11408695030980319,1800000,3600000,1069200000,112.86000000000001
198,0.7409648114480755,0.3630089654735322,0.030183721592593353,0.11370729358817382,1800000,3600000,1074600000,113.43
199,0.7433193673221297,0.3559018947369274,0.03247860217844001,0.1133289002820875,1800000,3600000,1080000000,114.00000000000001
200,0.7392315017130731,0.3615999057734545,0.03063378264658905,0.11295176618717025,1800000,3600000,1085400000,114.57000000000001
201,0.7401414091343564,0.3611828842725718,0.03166736548170321,0.11257588711303934,1800000,3600000,1090800000,115.14000000000001
202,0.7394011474794154,0.35863144224963633,0.03039654130344586,0.11220125888325679,1800000,3600000,1096200000,115.71000000000001
203,0.7412807636118555,0.35728225511588646,0.030200080978102145,0.11182787733528282,1800000,3600000,1101600000,116.28000000000002
204,0.7422273443585189,0.35882283225096967,0.029909627372229484,0.1114557383204297,1800000,3600000,1107000000,116.85000000000001
205,0.7411612155354441,0.3564277891656421,0.03224256011167432,0.11108483770381573,1800000,3600000,1112400000,117.42000000000002
206,0.7424709360368357,0.3565170410010639,0.03104238505175094,0.11071517136431909,1800000,3600000,1117800000,117.99000000000001
207,0.7389944287796472,0.36632217541718626,0.03172868347170999,0.11034673519453223,1800000,3600000,1123200000,118.56000000000002
208,0.7410398416359553,0.35766067144558583,0.03236127910445331,0.10997952510071608,1800000,3600000,1128600000,119.13000000000001
209,0.7404560767524596,0.35618573526601727,0.03157719861778598,0.10961353700275477,1800000,3600000,1134000000,119.70000000000002
210,0.7458049002424112,0.3586758308969715,0.028925637914585543,0.1092487668341101,1800000,3600000,1139400000,120.27000000000001
211,0.7421109181552383,0.35557259904664545,0.028862707600751516,0.10888521054177641,1800000,3600000,1144800000,120.84000000000002
212,0.7433311134159469,0.3583174549078675,0.02948915574478795,0.10852286408623565,1800000,3600000,1150200000,121.41000000000001
213,0.7431491322307527,0.3588547200453222,0.03102745364801452,0.10816172344141232,1800000,3600000,1155600000,121.98000000000002
214,0.7428993482485686,0.3548959294911981,0.03009016960669906,0.1078017845946289,1800000,3600000,1161000000,122.55000000000001
215,0.7458408480304662,0.35578108083442295,0.030657165654014395,0.10744304354656116,1800000,3600000,1166400000,123.12000000000002
216,0.7446167535918178,0.3553858053080663,0.0280490529067875,0.10708549631119377,1800000,3600000,1171800000,123.69000000000001
217,0.7432168697752721,0.36088769632254974,0.028629662343283804,0.10672913891577596,1800000,3600000,1177200000,124.26000000000002
218,0.7445473333310527,0.3574624657807305,0.028325923341385693,0.1063739674007775,1800000,3600000,1182600000,124.83000000000001
219,0.7420646249971278,0.35639896368641266,0.030199023567125997,0.10601997781984454,1800000,3600000,1188000000,125.40000000000002
220,0.7438282483295369,0.3544750494560363,0.02940122617249968,0.10566716623975587,1800000,3600000,1193400000,125.97000000000001
221,0.74359839358909,0.35700979769489694,0.02905639544379244,0.10531552874037918,1800000,3600000,1198800000,126.54000000000002
222,0.7430433822482811,0.3534013009930148,0.02769679833192017,0.10496506141462757,1800000,3600000,1204200000,127.11000000000001
223,0.7407668956503416,0.36064606878523287,0.02944880437253261,0.10461576036841601,1800000,3600000,1209600000,127.68
224,0.744482081435223,0.35372685691238814,0.028763073147839328,0.10426762172061814,1800000,3600000,1215000000,128.25
225,0.7444166308817856,0.35282687181189143,0.02701649465822262,0.10392064160302324,1800000,3600000,1220400000,128.82000000000002
226,0.7422525866177584,0.3643058531504565,0.027200993480230695,0.10357481616029306,1800000,3600000,1225800000,129.39000000000001
227,0.7446248177033792,0.35209956706064327,0.02710304641674017,0.10323014154991914,1800000,3600000,1231200000,129.96
228,0.7427744047080574,0.35155103832157264,0.027391754577470652,0.10288661394218003,1800000,3600000,1236600000,130.53
229,0.7432366503740514,0.35522727583472613,0.02776540659332471,0.10254422952009878,1800000,3600000,1242000000,131.10000000000002
230,0.7446160877080157,0.35232115912335527,0.02752916392546714,0.10220298447940052,1800000,3600000,1247400000,131.67000000000002
231,0.7439997376519234,0.3578925424351321,0.028409969956115128,0.10186287502847018,1800000,3600000,1252800000,132.24
232,0.7452758813761968,0.360617970635935,0.0279101935786248,0.10152389738831034,1800000,3600000,1258200000,132.81
233,0.7432598560621306,0.35097058985423785,0.028116033486698364,0.1011860477924993,1800000,3600000,1263600000,133.38000000000002
234,0.744765408593815,0.3545715300073127,0.02950344795925422,0.10084932248714917,1800000,3600000,1269000000,133.95000000000002
235,0.7442826289513025,0.3535119547291448,0.026891980038804948,0.10051371773086425,1800000,3600000,1274400000,134.52
236,0.7441787241375684,0.35932999108804553,0.026789359487798377,0.1001792297946993,1800000,3600000,1279800000,135.09
237,0.7435459557897287,0.3585100432602406,0.027756141862612743,0.09984585496211829,1800000,3600000,1285200000,135.66000000000003
238,0.7428955995234932,0.3577929911136523,0.027681886048508478,0.09951358952895295,1800000,3600000,1290600000,136.23000000000002
239,0.7429254489168812,0.3611716861019109,0.028699175713057235,0.09918242980336175,1800000,3600000,1296000000,136.8
240,0.7437213227182983,0.35919536344545167,0.02773966288344637,0.09885237210578875,1800000,3600000,1301400000,137.37
241,0.7437702198737579,0.35522687584009527,0.025913104796861642,0.09852341276892282,1800000,3600000,1306800000,137.94000000000003
242,0.7490354240800959,0.3464975748364771,0.027354668325801357,0.09819554813765684,1800000,3600000,1312200000,138.51000000000002
243,0.7439451802701469,0.3538268106784199,0.025937736022692122,0.09786877456904704,1800000,3600000,1317600000,139.08
244,0.7425525606561043,0.35671749870199243,0.026508776263861368,0.09754308843227269,1800000,3600000,1323000000,139.65
245,0.7443372050948515,0.3566312135110894,0.02628028264934109,0.09721848610859557,1800000,3600000,1328400000,140.22000000000003
246,0.7424591910951627,0.35435077569002366,0.025423940467899715,0.09689496399131985,1800000,3600000,1333800000,140.79000000000002
247,0.7425256651561691,0.3554827668780413,0.027438215742866208,0.09657251848575199,1800000,3600000,1339200000,141.36
248,0.743805020833057,0.35633949100987505,0.024858596013415796,0.09625114600916085,1800000,3600000,1344600000,141.93
249,0.7448041822576614,0.3546738601228622,0.02327086255029173,0.09593084299073784,1800000,3600000,1350000000,142.50000000000003
250,0.7425406763857042,0.3627032644707959,0.02541567526808328,0.0956116058715572,1800000,3600000,1355400000,143.07000000000002
251,0.7441171919404244,0.3551627859502766,0.02688761954047097,0.0952934311045366,1800000,3600000,1360800000,143.64000000000001
252,0.7453400807584983,0.3469064661374056,0.02374557912276604,0.09497631515439754,1800000,3600000,1366200000,144.21
253,0.7438388999768165,0.356664501154887,0.026018668148925585,0.0946602544976262,1800000,3600000,1371600000,144.78000000000003
254,0.742710792511643,0.35908271619973525,0.024997226417518604,0.09434524562243425,1800000,3600000,1377000000,145.35000000000002
255,0.7435198414152667,0.35517108743862563,0.024343224493343155,0.09403128502871988,1800000,3600000,1382400000,145.92000000000002
256,0.7415096199889556,0.3604793816290688,0.026052723174198773,0.09371836922802874,1800000,3600000,1387800000,146.49
257,0.7455535129964945,0.35477270636329666,0.024523548098113145,0.09340649474351545,1800000,3600000,1393200000,147.06
258,0.7430087954784783,0.3588952547982778,0.02420495942471551,0.09309565810990474,1800000,3600000,1398600000,147.63000000000002
259,0.7471726129175006,0.3527181219244723,0.026096708645775728,0.09278585587345302,1800000,3600000,1404000000,148.20000000000002
260,0.7465072558919527,0.353077962960355,0.02518672096601407,0.09247708459191002,1800000,3600000,1409400000,148.77
261,0.7423380318247793,0.35997840218319027,0.026158886008254723,0.09216934083448058,1800000,3600000,1414800000,149.34
262,0.7435942099853299,0.3588607586011642,0.025661992670786404,0.09186262118178642,1800000,3600000,1420200000,149.91000000000003
263,0.742690277500984,0.3555042610045671,0.02373291858436871,0.09155692222582827,1800000,3600000,1425600000,150.48000000000002
264,0.7459626309158446,0.3522433286559815,0.02621914978516683,0.0912522405699479,1800000,3600000,1431000000,151.05
265,0.7462303681789352,0.3565016777682626,0.023849729273025044,0.09094857282879044,1800000,3600000,1436400000,151.62
266,0.742857451697745,0.3511084842046861,0.024563269912356713,0.09064591562826678,1800000,3600000,1441800000,152.19000000000003
267,0.7427422319241571,0.35796400420275293,0.02241225893058282,0.090344265605516,1800000,3600000,1447200000,152.76000000000002
268,0.7433728559425896,0.3591571639834701,0.02384415432798639,0.0900436194088681,1800000,3600000,1452600000,153.33
269,0.7443524837511011,0.35259312549404787,0.02284952426462951,0.08974397369780665,1800000,3600000,1458000000,153.9
270,0.7407088539697793,0.3641151405818588,0.02655254744222604,0.08944532514293181,1800000,3600000,1463400000,154.47000000000003
271,0.7412458527777188,0.34697813745696987,0.023880653262311716,0.08914767042592323,1800000,3600000,1468800000,155.04000000000002
272,0.7445137088889094,0.3573521903980483,0.02307671912446892,0.08885100623950319,1800000,3600000,1474200000,155.61
273,0.7443161381552296,0.35824926132505996,0.022752641406731135,0.08855532928739991,1800000,3600000,1479600000,156.18
274,0.7437528337027155,0.35652723048633844,0.02237272237950634,0.08826063628431091,1800000,3600000,1485000000,156.75000000000003
275,0.7442893543535287,0.3609647741049767,0.024138926746392647,0.08796692395586642,1800000,3600000,1490400000,157.32000000000002
276,0.743990271680814,0.35566000122885155,0.021419765935793544,0.08767418903859311,1800000,3600000,1495800000,157.89000000000001
277,0.7446165457369757,0.35170884151530024,0.02288196697717635,0.0873824282798778,1800000,3600000,1501200000,158.46
278,0.7448396879353187,0.35028937243056446,0.02372486009787794,0.08709163843793126,1800000,3600000,1506600000,159.03000000000003
279,0.7423521514115673,0.3560740493816219,0.022149255984343603,0.08680181628175224,1800000,3600000,1512000000,159.60000000000002
280,0.7455990964121181,0.34880598037586535,0.021986307948612577,0.08651295859109161,1800000,3600000,1517400000,160.17000000000002
281,0.7451919356633865,0.3589119757909747,0.021690905239813818,0.0862250621564165,1800000,3600000,1522800000,160.74
282,0.7440017951729128,0.3567357014127037,0.023547567144869115,0.08593812377887465,1800000,3600000,1528200000,161.31000000000003
283,0.7428783111187149,0.3621273200919027,0.022763684491352056,0.08565214027025891,1800000,3600000,1533600000,161.88000000000002
284,0.7436218043376162,0.36147399793147816,0.023622542261594395,0.08536710845297184,1800000,3600000,1539000000,162.45000000000002
285,0.744601219193358,0.35916187410951267,0.020108323447617933,0.08508302515999028,1800000,3600000,1544400000,163.02
286,0.7421840849106288,0.35711208584411636,0.02242464950291702,0.08479988723483026,1800000,3600000,1549800000,163.59000000000003
287,0.7440473536449579,0.35705494237562585,0.023573057931175586,0.08451769153151197,1800000,3600000,1555200000,164.16000000000003
288,0.7434883682937268,0.35097799184323086,0.02178440115117359,0.08423643491452465,1800000,3600000,1560600000,164.73000000000002
289,0.7414727259069341,0.358685918992916,0.020594587991355606,0.08395611425879189,1800000,3600000,1566000000,165.3
290,0.7439443736998371,0.35787654687596987,0.020343672963362064,0.08367672644963688,1800000,3600000,1571400000,165.87
291,0.7424903350016833,0.36195560890469186,0.02017140826352855,0.08339826838274775,1800000,3600000,1576800000,166.44000000000003
292,0.7435229691757533,0.3619736863015965,0.021104835644269956,0.08312073696414307,1800000,3600000,1582200000,167.01000000000002
293,0.7432860670254562,0.3577148379070225,0.022216587816801223,0.08284412911013761,1800000,3600000,1587600000,167.58
294,0.7429571319746949,0.35552816523751746,0.02278731039316316,0.0825684417473079,1800000,3600000,1593000000,168.15
295,0.744970522554662,0.3555884813620214,0.021256308622092778,0.08229367181245818,1800000,3600000,1598400000,168.72000000000003
296,0.7430376568885695,0.3518644185839337,0.021630812712778925,0.08201981625258635,1800000,3600000,1603800000,169.29000000000002
297,0.7440552118832218,0.35472386485661156,0.019720443951560883,0.08174687202485005,1800000,3600000,1609200000,169.86
298,0.7432380200421222,0.35714519502553527,0.02236088796129014,0.08147483609653282,1800000,3600000,1614600000,170.43
299,0.7399043333070555,0.36113905590607076,0.021701495915091996,0.08120370544501043,1800000,3600000,1620000000,171.00000000000003
300,0.7444313297561569,0.35985490546977555,0.02182570092550285,0.08093347705771732,1800000,3600000,1625400000,171.57000000000002
301,0.7450328333479882,0.3575343908735141,0.020977299692646917,0.08066414793211302,1800000,3600000,1630800000,172.14000000000001
302,0.7443377821734742,0.35597045321587706,0.0212745094248556,0.080395715075649,1800000,3600000,1636200000,172.71
303,0.7440214731043144,0.3544454811892634,0.020713936336189342,0.08012817550573513,1800000,3600000,1641600000,173.28000000000003
304,0.7423746997098181,0.3560105813228664,0.02320525275181078,0.0798615262497068,1800000,3600000,1647000000,173.85000000000002
305,0.7397383699885189,0.3607834073469388,0.02045043116777119,0.07959576434479178,1800000,3600000,1652400000,174.42000000000002
306,0.7428960548129365,0.3544928185769439,0.019838364945850666,0.07933088683807722,1800000,3600000,1657800000,174.99
307,0.7450013834860308,0.3574812538945533,0.020147744872177912,0.07906689078647704,1800000,3600000,1663200000,175.56000000000003
308,0.7449193160627801,0.35303503456782964,0.019133921871335526,0.07880377325669904,1800000,3600000,1668600000,176.13000000000002
309,0.7419214307404371,0.3653063217053625,0.019861168447011013,0.07854153132521242,1800000,3600000,1674000000,176.70000000000002
310,0.744539652934195,0.35144572465987806,0.018736460479955884,0.07828016207821521,1800000,3600000,1679400000,177.27
311,0.7420133943865846,0.356775075954664,0.01828014307299975,0.07801966261160202,1800000,3600000,1684800000,177.84000000000003
312,0.7455028394467722,0.34921949234767014,0.020017354092243898,0.07776003003093164,1800000,3600000,1690200000,178.41000000000003
313,0.740702431424244,0.3605409950815579,0.01953780873816443,0.07750126145139492,1800000,3600000,1695600000,178.98000000000002
314,0.7433964572864434,0.3568829651134335,0.019676070305293322,0.07724335399778277,1800000,3600000,1701000000,179.55
315,0.7434456351029979,0.36217976200332963,0.02046534016667143,0.07698630480445418,1800000,3600000,1706400000,180.12000000000003
316,0.7453629029859719,0.3564583604702655,0.020259396942571548,0.07673011101530436,1800000,3600000,1711800000,180.69000000000003
317,0.7438076037486845,0.3557465778743818,0.021159159910287457,0.07647476978373298,1800000,3600000,1717200000,181.26000000000002
318,0.7448470643894466,0.35357128498159723,0.020558466119596566,0.07622027827261263,1800000,3600000,1722600000,181.83
319,0.7441884176236285,0.35837175666955,0.01892895883787852,0.07596663365425728,1800000,3600000,1728000000,182.40000000000003
320,0.7420642558840731,0.35934782809240956,0.0184145246946007,0.07571383311039072,1800000,3600000,1733400000,182.97000000000003
321,0.7425402169093045,0.3611411648365713,0.018123678719883195,0.07546187383211546,1800000,3600000,1738800000,183.54000000000002
322,0.7429661569752725,0.3573321364084327,0.018189681299040833,0.07521075301988138,1800000,3600000,1744200000,184.11
323,0.7436069327457328,0.35612745370126225,0.019825197352860917,0.07496046788345459,1800000,3600000,1749600000,184.68
324,0.7418131568722023,0.3545885032877664,0.01903830359330769,0.0747110156418866,1800000,3600000,1755000000,185.25000000000003
325,0.7424116861770542,0.3590019166409363,0.01928766866204939,0.07446239352348329,1800000,3600000,1760400000,185.82000000000002
326,0.7411039275044723,0.35592400560789433,0.01764284944924803,0.07421459876577408,1800000,3600000,1765800000,186.39000000000001
327,0.7449330715582327,0.3517342811977592,0.020333921673285595,0.07396762861548134,1800000,3600000,1771200000,186.96
328,0.7419535059440918,0.35499265975093275,0.016011236176854186,0.07372148032848977,1800000,3600000,1776600000,187.53000000000003
329,0.7423425741832004,0.35493997282618883,0.019818425633680196,0.07347615116981583,1800000,3600000,1782000000,188.10000000000002
330,0.7441690197853681,0.355773357194476,0.019171949563324707,0.07323163841357751,1800000,3600000,1787400000,188.67000000000002
331,0.7452570136529741,0.3564947806853165,0.01864339777437766,0.07298793934296385,1800000,3600000,1792800000,189.24
332,0.7433747839240167,0.3533536109634149,0.018844899878232724,0.0727450512502049,1800000,3600000,1798200000,189.81000000000003
333,0.7417721103414051,0.3597338498341428,0.020555594948283743,0.0725029714365416,1800000,3600000,1803600000,190.38000000000002
334,0.7438236138611233,0.3558226641890031,0.017646369225693213,0.07226169721219572,1800000,3600000,1809000000,190.95000000000002
335,0.7419877023062743,0.35759016758015433,0.018774421089419572,0.07202122589634008,1800000,3600000,1814400000,191.52
336,0.74534504787935,0.3528796739280028,0.018053268716854167,0.07178155481706869,1800000,3600000,1819800000,192.09000000000003
337,0.7427117827342877,0.35951951065334337,0.018066905571251162,0.0715426813113671,1800000,3600000,1825200000,192.66000000000003
338,0.7449878999471369,0.3608942233849092,0.01812312393221656,0.07130460272508277,1800000,3600000,1830600000,193.23000000000002
339,0.7425611220729295,0.35719875329071393,0.01883935834493138,0.07106731641289565,1800000,3600000,1836000000,193.8
340,0.746518184331812,0.35325105188545813,0.018795919948975115,0.0708308197382887,1800000,3600000,1841400000,194.37000000000003
341,0.7458934460734087,0.351606497464121,0.017087820463480813,0.07059511007351867,1800000,3600000,1846800000,194.94000000000003
342,0.7425504948104749,0.35867957234949976,0.01636038736812464,0.07036018479958688,1800000,3600000,1852200000,195.51000000000002
343,0.7411084419830354,0.35847243241281734,0.017697529311387575,0.07012604130621002,1800000,3600000,1857600000,196.08
344,0.7429495172836629,0.3573251798582987,0.018792699338514764,0.06989267699179139,1800000,3600000,1863000000,196.65000000000003
345,0.7437209737197764,0.35526282921385693,0.01828119441225987,0.06966008926339172,1800000,3600000,1868400000,197.22000000000003
346,0.7425544761805278,0.358101064603987,0.01827451805514425,0.06942827553670051,1800000,3600000,1873800000,197.79000000000002
347,0.7423325600158361,0.36194334324022254,0.017713107053273554,0.06919723323600736,1800000,3600000,1879200000,198.36
348,0.7433715636531952,0.3593258092335815,0.01827300065696548,0.06896695979417317,1800000,3600000,1884600000,198.93000000000004
349,0.7428166223062259,0.35835411533718425,0.016494609937433985,0.06873745265260178,1800000,3600000,1890000000,199.50000000000003
350,0.7410067086273624,0.3602070801321288,0.01769099603548689,0.06850870926121148,1800000,3600000,1895400000,200.07000000000002
351,0.7451270722423569,0.3535463395782745,0.018719859020917114,0.06828072707840671,1800000,3600000,1900800000,200.64000000000001
352,0.7443335262945143,0.3533063844954419,0.017214393701226967,0.06805350357104971,1800000,3600000,1906200000,201.21
353,0.7430671213209623,0.36089150351666444,0.01680206613037257,0.06782703621443252,1800000,3600000,1911600000,201.78000000000003
354,0.743265520531545,0.3562770989125435,0.017538692380626244,0.06760132249224887,1800000,3600000,1917000000,202.35000000000002
355,0.7429075826546815,0.35343920148711516,0.017086111741695623,0.06737635989656618,1800000,3600000,1922400000,202.92000000000002
356,0.7438250144462795,0.3626860683664382,0.017388963313500348,0.06715214592779772,1800000,3600000,1927800000,203.49
357,0.7437492976591523,0.3577501778779743,0.017220507496806866,0.0669286780946749,1800000,3600000,1933200000,204.06000000000003
358,0.7431391038790344,0.3590894097777271,0.017326388871037133,0.06670595391421945,1800000,3600000,1938600000,204.63000000000002
359,0.7426038409527509,0.356894387893503,0.01848025124760623,0.066483970911716,1800000,3600000,1944000000,205.20000000000002
360,0.7446222314696661,0.3555465576337829,0.016856128665779558,0.06626272662068447,1800000,3600000,1949400000,205.77
361,0.7409982589799279,0.3605035894472095,0.014736256179695682,0.06604221858285264,1800000,3600000,1954800000,206.34000000000003
362,0.7447402079112301,0.3487104319491884,0.014807302084601728,0.06582244434812895,1800000,3600000,1960200000,206.91000000000003
363,0.743617657669206,0.3582261317702125,0.01679410722242025,0.06560340147457523,1800000,3600000,1965600000,207.48000000000002
364,0.7450486248271638,0.35320231378776834,0.015249723443578465,0.06538508752837947,1800000,3600000,1971000000,208.05
365,0.7433902995375591,0.361249509315594,0.016303157674252836,0.06516750008382895,1800000,3600000,1976400000,208.62000000000003
366,0.7425162425514635,0.35317188159051105,0.01617487091459935,0.06495063672328313,1800000,3600000,1981800000,209.19000000000003
367,0.7463681736340766,0.35569511628576994,0.01652361841543066,0.0647344950371469,1800000,3600000,1987200000,209.76000000000002
368,0.743953567481124,0.3533109392182764,0.01670049411233483,0.06451907262384375,1800000,3600000,1992600000,210.33
369,0.7445122817254042,0.35672899580080275,0.01656030213193719,0.06430436708978908,1800000,3600000,1998000000,210.90000000000003
370,0.7432206559401108,0.3592680463552518,0.015349526384208872,0.06409037604936363,1800000,3600000,2003400000,211.47000000000003
371,0.7405236670392104,0.35889639327695755,0.014753816339267357,0.063877097124887,1800000,3600000,2008800000,212.04000000000002
372,0.7427396765602131,0.36030152447879227,0.014984009800640631,0.06366452794659114,1800000,3600000,2014200000,212.61
373,0.7453802169292343,0.3556246801395089,0.01421649223866486,0.06345266615259412,1800000,3600000,2019600000,213.18000000000004
374,0.7426852998364812,0.358942200161302,0.016785670962197862,0.06324150938887384,1800000,3600000,2025000000,213.75000000000003
375,0.7395913544647809,0.36116630809279127,0.01390794127630283,0.06303105530924182,1800000,3600000,2030400000,214.32000000000002
376,0.742062988397344,0.3496811585082605,0.014941251198467639,0.06282130157531728,1800000,3600000,2035800000,214.89000000000001
377,0.7459563186763234,0.35867503602951895,0.013878680052100443,0.06261224585650099,1800000,3600000,2041200000,215.46000000000004
378,0.7449325932269362,0.356102023252257,0.014008996787660521,0.06240388582994949,1800000,3600000,2046600000,216.03000000000003
379,0.7435154865229124,0.359551057176448,0.016170101701114742,0.06219621918054922,1800000,3600000,2052000000,216.60000000000002
380,0.7433096088335879,0.3584548284964273,0.015276338139666262,0.061989243600890837,1800000,3600000,2057400000,217.17000000000002
381,0.7396071897187925,0.36177163621856545,0.015855923164142992,0.06178295679124355,1800000,3600000,2062800000,217.74000000000004
382,0.7431837461166643,0.3536467550113893,0.015137031737712768,0.06157735645952957,1800000,3600000,2068200000,218.31000000000003
383,0.7456775009194364,0.35702299898509593,0.013263379900896394,0.061372440321298655,1800000,3600000,2073600000,218.88000000000002
384,0.7450130538828247,0.3579660202759463,0.014649903774580355,0.06116820609970271,1800000,3600000,2079000000,219.45000000000002
385,0.7419915258918821,0.36282608082877926,0.014747183688097453,0.0609646515254705,1800000,3600000,2084400000,220.02
386,0.7412270505735908,0.3572051680655322,0.015548134342830052,0.060761774336882464,1800000,3600000,2089800000,220.59000000000003
387,0.7418431642088624,0.35868591015891804,0.01308985030180187,0.06055957227974552,1800000,3600000,2095200000,221.16000000000003
388,0.7453453695812751,0.3516063523871511,0.014883273535628488,0.06035804310736805,1800000,3600000,2100600000,221.73000000000002
389,0.7434374706974533,0.36049107420684845,0.016956141628253873,0.060157184580534956,1800000,3600000,2106000000,222.3
390,0.7418764237169566,0.3558963442491804,0.014176097015446367,0.05995699446748277,1800000,3600000,2111400000,222.87000000000003
391,0.7441406510972215,0.35245969906127417,0.014826263763779416,0.05975747054387485,1800000,3600000,2116800000,223.44000000000003
392,0.7474701198298321,0.3530629296112903,0.015199201660166247,0.05955861059277665,1800000,3600000,2122200000,224.01000000000002
393,0.7458505329314259,0.3517727985739516,0.016519698424361358,0.0593604124046311,1800000,3600000,2127600000,224.58
394,0.7420730841242378,0.35718967936026486,0.014714766812881457,0.0591628737772341,1800000,3600000,2133000000,225.15000000000003
395,0.7414316308223682,0.3599333815147058,0.015572453845305366,0.05896599251570996,1800000,3600000,2138400000,225.72000000000003
396,0.7425565702287251,0.3575410697847624,0.015196550743933486,0.058769766432487075,1800000,3600000,2143800000,226.29000000000002
397,0.7441304991229943,0.35900666444817503,0.01358532033781983,0.05857419334727365,1800000,3600000,2149200000,226.86
398,0.7439237571986426,0.3555026019150298,0.014258729330078808,0.05837927108703333,1800000,3600000,2154600000,227.43000000000004
399,0.743909282117571,0.3577951614269094,0.01453923004455635,0.05818499748596127,1800000,3600000,2160000000,228.00000000000003
400,0.7438943977110029,0.3537501196512411,0.014988256098139415,0.05799137038545989,1800000,3600000,2165400000,228.57000000000002
401,0.7433407860789589,0.3577573634895533,0.013503302309096696,0.05779838763411496,1800000,3600000,2170800000,229.14000000000001
402,0.7447394625680249,0.35534956079226615,0.013952298299896904,0.05760604708767172,1800000,3600000,2176200000,229.71000000000004
403,0.7442943452481475,0.35623650325274486,0.015606388108866985,0.057414346609011,1800000,3600000,2181600000,230.28000000000003
404,0.7447261775461675,0.35472741760578536,0.013976307551881765,0.05722328406812549,1800000,3600000,2187000000,230.85000000000002
405,0.7433980247197011,0.3582205503915618,0.014179171143472965,0.05703285734209613,1800000,3600000,2192400000,231.42000000000002
406,0.7458932591867584,0.3561651896017251,0.014112158135649798,0.05684306431506844,1800000,3600000,2197800000,231.99000000000004
407,0.7427847225727913,0.3517616644119136,0.014999966824730301,0.05665390287822906,1800000,3600000,2203200000,232.56000000000003
408,0.745055299799716,0.35762644893541967,0.014083523088832274,0.056465370929782294,1800000,3600000,2208600000,233.13000000000002
409,0.7428098586638024,0.3567530588762039,0.014424788738527925,0.05627746637492678,1800000,3600000,2214000000,233.70000000000002
410,0.7436124280893709,0.35932632656248537,0.013769629360116767,0.05609018712583219,1800000,3600000,2219400000,234.27000000000004
411,0.7433142727627372,0.3559802627160513,0.013396536091580357,0.05590353110161606,1800000,3600000,2224800000,234.84000000000003
412,0.7427204677925924,0.3608419514359394,0.012935527824317694,0.05571749622832065,1800000,3600000,2230200000,235.41000000000003
413,0.7430289955076109,0.3576151772623207,0.012971462198595643,0.05553208043888989,1800000,3600000,2235600000,235.98000000000002
414,0.7448170387529581,0.35924177490980674,0.013339234414518631,0.05534728167314643,1800000,3600000,2241000000,236.55000000000004
415,0.7428324482564828,0.3522095832905176,0.013641662975275165,0.05516309787776877,1800000,3600000,2246400000,237.12000000000003
416,0.7448950347635676,0.3572854173576562,0.012703847405661788,0.05497952700626836,1800000,3600000,2251800000,237.69000000000003
417,0.743000486168405,0.3551615770258282,0.01256429552329215,0.054796567018967006,1800000,3600000,2257200000,238.26000000000002
418,0.744005048537665,0.3607108642716577,0.010866356159291763,0.05461421588297405,1800000,3600000,2262600000,238.83
419,0.7416130292732555,0.3540628624496377,0.014761084816766735,0.05443247157216389,1800000,3600000,2268000000,239.40000000000003
420,0.7451725775885547,0.3499400711651176,0.014536528394758844,0.05425133206715343,1800000,3600000,2273400000,239.97000000000003
421,0.7441876687076098,0.3563640286486886,0.0141246941364606,0.05407079535527962,1800000,3600000,2278800000,240.54000000000002
422,0.7443216368505727,0.3565534656310797,0.013137640733584798,0.05389085943057717,1800000,3600000,2284200000,241.11
423,0.7415180115547814,0.353905851867448,0.01385063009861755,0.05371152229375616,1800000,3600000,2289600000,241.68000000000004
424,0.7436136379165406,0.36053845817119373,0.01314728626246131,0.053532781952179885,1800000,3600000,2295000000,242.25000000000003
425,0.7448522708265426,0.35856388142807677,0.01189790456063967,0.05335463641984271,1800000,3600000,2300400000,242.82000000000002
426,0.7449337584171422,0.3548647298342868,0.01187385216583993,0.05317708371734802,1800000,3600000,2305800000,243.39000000000001
427,0.7411217111563834,0.35566004630275655,0.013159738678437777,0.05300012187188616,1800000,3600000,2311200000,243.96000000000004
428,0.7404577643249671,0.362210859171738,0.01234563066984076,0.05282374891721258,1800000,3600000,2316600000,244.53000000000003
429,0.7429881731705212,0.363704679278499,0.013068989966489997,0.052647962893626,1800000,3600000,2322000000,245.10000000000002
430,0.7415217949727458,0.3597443963845521,0.011669749668551412,0.05247276184794653,1800000,3600000,2327400000,245.67000000000002
431,0.7425781305285925,0.36157802383608784,0.012708920902372509,0.05229814383349411,1800000,3600000,2332800000,246.24000000000004
432,0.7448089341476711,0.3564265792641453,0.011901078573391188,0.05212410691006679,1800000,3600000,2338200000,246.81000000000003
433,0.7438262465940585,0.35824483820663955,0.013149887578791755,0.051950649143919156,1800000,3600000,2343600000,247.38000000000002
434,0.7427208388345475,0.355536677821519,0.012787064023424846,0.05177776860774092,1800000,3600000,2349000000,247.95000000000002
435,0.7460980368910884,0.35156592210984616,0.013057693786514167,0.051605463380635486,1800000,3600000,2354400000,248.52000000000004
436,0.7425312497469411,0.35943700277115254,0.012059880522622699,0.05143373154809852,1800000,3600000,2359800000,249.09000000000003
437,0.7450142723673435,0.34706863768681273,0.012408050849478323,0.051262571201996794,1800000,3600000,2365200000,249.66000000000003
438,0.7464007137800238,0.3564167242888299,0.01282081106633186,0.05109198044054694,1800000,3600000,2370600000,250.23000000000002
439,0.7436013298720935,0.35697675287467584,0.013640939508894355,0.05092195736829428,1800000,3600000,2376000000,250.80000000000004
440,0.7437168001818801,0.35532318978648647,0.013045251742321459,0.05075250009609183,1800000,3600000,2381400000,251.37000000000003
441,0.7424341875165099,0.36238826627045984,0.01134964794608552,0.05058360674107924,1800000,3600000,2386800000,251.94000000000003
442,0.745199620877226,0.35547782521419014,0.011060027988539164,0.05041527542666197,1800000,3600000,2392200000,252.51000000000002
443,0.7418749703482269,0.35418568690720015,0.01375380126147653,0.05024750428249035,1800000,3600000,2397600000,253.08000000000004
444,0.7447099295357705,0.356664112729635,0.009347950702613822,0.050080291444438804,1800000,3600000,2403000000,253.65000000000003
445,0.7426853849624249,0.35809038950028443,0.011920365730489766,0.0499136350545852,1800000,3600000,2408400000,254.22000000000003
446,0.7441804718835644,0.35619645406611133,0.013502643367236184,0.04974753326119018,1800000,3600000,2413800000,254.79000000000002
447,0.7424751616341296,0.35476894815711646,0.012352366441487449,0.04958198421867652,1800000,3600000,2419200000,255.36
448,0.7412694564415552,0.36228793495367456,0.011064206865699677,0.04941698608760872,1800000,3600000,2424600000,255.93000000000004
449,0.7430162023213178,0.35857036077649523,0.011631608641935461,0.04925253703467255,1800000,3600000,2430000000,256.5
450,0.7440602726748078,0.36141006158812566,0.011132301185994843,0.04908863523265456,1800000,3600000,2435400000,257.07000000000005
451,0.7454589376846009,0.35450571196189623,0.01359600304615082,0.04892527886042197,1800000,3600000,2440800000,257.64000000000004
452,0.7417859585000327,0.358762930339742,0.011987741279165527,0.048762466102902295,1800000,3600000,2446200000,258.21000000000004
453,0.745277301773541,0.34900005920057964,0.012383703925250792,0.0486001951510632,1800000,3600000,2451600000,258.78000000000003
454,0.7423627770910636,0.356550728435451,0.009872463182123398,0.04843846420189246,1800000,3600000,2457000000,259.35
455,0.742528102795538,0.35784814601686576,0.010874182856143782,0.04827727145837786,1800000,3600000,2462400000,259.92
456,0.7436172789795743,0.35854648310988296,0.012235453514204865,0.04811661512948724,1800000,3600000,2467800000,260.49
457,0.7457275294284137,0.36018206722454865,0.014371122028056259,0.047956493430148656,1800000,3600000,2473200000,261.06
458,0.744838754312043,0.35327245521286765,0.013096759668055895,0.047796904581230454,1800000,3600000,2478600000,261.63000000000005
459,0.7437222476106485,0.3563785442528519,0.012043150405648904,0.04763784680952156,1800000,3600000,2484000000,262.20000000000005
460,0.7445870203171844,0.35424163589205154,0.010259403512793147,0.04747931834771174,1800000,3600000,2489400000,262.77000000000004
461,0.7457234803632101,0.35127925542277866,0.01312285516966096,0.04732131743437206,1800000,3600000,2494800000,263.34000000000003
462,0.7450171098825553,0.35711438519308525,0.010625295875612837,0.047163842313935146,1800000,3600000,2500200000,263.91
463,0.7442046802281456,0.3575264330433807,0.009816618401342526,0.04700689123667585,1800000,3600000,2505600000,264.48
464,0.7416656478192643,0.36381665032664384,0.010964277204089004,0.04685046245869167,1800000,3600000,2511000000,265.05
465,0.7426266903578546,0.35693836173812504,0.010385398677122827,0.04669455424188347,1800000,3600000,2516400000,265.62
466,0.7435501375942107,0.3522406814184644,0.010004108706484879,0.04653916485393615,1800000,3600000,2521800000,266.19000000000005
467,0.7437046001955716,0.3590573966242442,0.008882012658119243,0.046384292568299325,1800000,3600000,2527200000,266.76000000000005
468,0.7440182308267351,0.3586684403144743,0.009859267015518558,0.04622993566416824,1800000,3600000,2532600000,267.33000000000004
469,0.7437098021473258,0.35436374144478233,0.010128307708707103,0.046076092426464606,1800000,3600000,2538000000,267.90000000000003
470,0.7445168766124809,0.3542690762704725,0.010101579456430788,0.04592276114581752,1800000,3600000,2543400000,268.47
471,0.7409482467961137,0.3578272879100441,0.011677158946710887,0.0457699401185445,1800000,3600000,2548800000,269.04
472,0.7416645359074155,0.3591140496904381,0.010903334479966732,0.04561762764663259,1800000,3600000,2554200000,269.61
473,0.7440035673602966,0.3556265954329225,0.010103543710291317,0.045465822037719386,1800000,3600000,2559600000,270.18
474,0.7403101938473353,0.356992959093084,0.009631379766093623,0.045314521605074355,1800000,3600000,2565000000,270.75000000000006
475,0.7461068609772956,0.3590148555327234,0.009149969790070364,0.04516372466758004,1800000,3600000,2570400000,271.32000000000005
476,0.7434775583637048,0.3559606815911743,0.00991350894834237,0.04501342954971334,1800000,3600000,2575800000,271.89000000000004
477,0.7445889410915487,0.3526971176723172,0.011479136462337695,0.04486363458152695,1800000,3600000,2581200000,272.46000000000004
478,0.7431418889785432,0.3566341015990202,0.012268783994590417,0.044714338098630825,1800000,3600000,2586600000,273.03000000000003
479,0.7454335535678392,0.3524445163904459,0.010989265975369814,0.04456553844217358,1800000,3600000,2592000000,273.6
480,0.7449570595840674,0.35618295783399107,0.009638902126438299,0.04441723395882419,1800000,3600000,2597400000,274.17
481,0.7443004352888426,0.3552078985417263,0.011968480237012094,0.04426942300075353,1800000,3600000,2602800000,274.74
482,0.7447232492303988,0.355613692442942,0.010440921071546583,0.04412210392561611,1800000,3600000,2608200000,275.31
483,0.74298338038383,0.36157092450717226,0.009447002198005712,0.04397527509653179,1800000,3600000,2613600000,275.88000000000005
484,0.7426978622916725,0.356999133341925,0.0113752246939867,0.043828934882067634,1800000,3600000,2619000000,276.45000000000005
485,0.7442648093837713,0.35300550832756483,0.007930998764833178,0.043683081656219744,1800000,3600000,2624400000,277.02000000000004
486,0.742066495235168,0.356518374794051,0.011007918788781377,0.043537713798395224,1800000,3600000,2629800000,277.59000000000003
487,0.7456755202852541,0.35873265593076975,0.010539929917179273,0.04339282969339417,1800000,3600000,2635200000,278.16
488,0.7431166257434149,0.3541855057372407,0.009365364003279135,0.04324842773139169,1800000,3600000,2640600000,278.73
489,0.7425687873866507,0.3556977029631271,0.010188061994172236,0.04310450630792006,1800000,3600000,2646000000,279.3
490,0.7421273654901109,0.36281010029676275,0.009897188683515737,0.04296106382385086,1800000,3600000,2651400000,279.87
491,0.7436380124690446,0.3575370619875193,0.009384327918288115,0.042818098685377254,1800000,3600000,2656800000,280.44000000000005
492,0.7421860512881975,0.3546311516606854,0.009868599187549905,0.04267560930399622,1800000,3600000,2662200000,281.01000000000005
493,0.7436028151624346,0.3633122527808886,0.012292878271823971,0.04253359409649095,1800000,3600000,2667600000,281.58000000000004
494,0.7429318319186655,0.3555822919769615,0.010019120764804426,0.04239205148491322,1800000,3600000,2673000000,282.15000000000003
495,0.7439093913797684,0.3507509264772931,0.008299291326968597,0.04225097989656591,1800000,3600000,2678400000,282.72
496,0.7450059958391497,0.3547704381031346,0.006459238545502285,0.042110377763985456,1800000,3600000,2683800000,283.29
497,0.7435466657298055,0.35771481108634334,0.009163373849942202,0.041970243524924504,1800000,3600000,2689200000,283.86
498,0.743889468115037,0.3578534964309327,0.009843649258711477,0.04183057562233452,1800000,3600000,2694600000,284.43
499,0.7401470385864637,0.3616853270853592,0.009716312686392224,0.04169137250434846,1800000,3600000,2700000000,285.00000000000006
500,0.743398486383501,0.3556463867819933,0.010688983146941312,0.041552632624263605,1800000,3600000,2705400000,285.57000000000005
501,0.7413487411637711,0.3563497653018472,0.010554834058461087,0.0414143544405243,1800000,3600000,2710800000,286.14000000000004
502,0.7433858451800647,0.35522166098000485,0.007386766167169932,0.04127653641670483,1800000,3600000,2716200000,286.71000000000004
503,0.7426674125486811,0.35759852642916923,0.010043248225044038,0.04113917702149243,1800000,3600000,2721600000,287.28000000000003
504,0.7425174412024252,0.35809173479100154,0.010156952770944956,0.04100227472867019,1800000,3600000,2727000000,287.85
505,0.7450599906425749,0.35317325054138426,0.010210566612666927,0.0408658280171001,1800000,3600000,2732400000,288.42
506,0.7408081237880989,0.3602392388539341,0.009970446256057638,0.04072983537070618,1800000,3600000,2737800000,288.99
507,0.7414069767361627,0.3571201360865964,0.010380896308303167,0.04059429527845764,1800000,3600000,2743200000,289.56000000000006
508,0.7426226534964656,0.3583394085135218,0.008579453688687198,0.04045920623435205,1800000,3600000,2748600000,290.13000000000005
509,0.7406278004233144,0.36047099724243314,0.008589264530975605,0.040324566737398634,1800000,3600000,2754000000,290.70000000000005
510,0.7439528793152099,0.3540685036733852,0.009462362638758407,0.040190375291601625,1800000,3600000,2759400000,291.27000000000004
511,0.7442038549757519,0.3545543068085986,0.009573140447509686,0.04005663040594355,1800000,3600000,2764800000,291.84000000000003
512,0.7423967428787663,0.3597908331137078,0.009540249667179085,0.03992333059436875,1800000,3600000,2770200000,292.41
513,0.7454254898164763,0.35586456270670885,0.008769506354600935,0.03979047437576686,1800000,3600000,2775600000,292.98
514,0.7440081892088684,0.35625862369127637,0.007311819442899362,0.039658060273956276,1800000,3600000,2781000000,293.55
515,0.7428225209658618,0.3606433258566089,0.008602439141145226,0.039526086817667866,1800000,3600000,2786400000,294.12
516,0.7414887198885823,0.35765194507163345,0.009070286457012211,0.03939455254052851,1800000,3600000,2791800000,294.69000000000005
517,0.7441986421453274,0.3522339074996822,0.00981803013270856,0.039263455981044894,1800000,3600000,2797200000,295.26000000000005
518,0.7431502911238157,0.3590234381969604,0.008772639375961988,0.039132795682587256,1800000,3600000,2802600000,295.83000000000004
519,0.7409631158620714,0.35585690460655683,0.008241130812706983,0.03900257019337312,1800000,3600000,2808000000,296.40000000000003
520,0.745181918580111,0.3517848801148257,0.00852212523064077,0.03887277806645128,1800000,3600000,2813400000,296.97
521,0.744424818534998,0.35840069150319015,0.009949052537564026,0.03874341785968567,1800000,3600000,2818800000,297.54
522,0.7442833360282243,0.3528151692100152,0.007854810167550309,0.03861448813573931,1800000,3600000,2824200000,298.11
523,0.7435395199920704,0.3539480895700081,0.00830668485457405,0.0384859874620584,1800000,3600000,2829600000,298.68
524,0.7443728684416697,0.351779587892366,0.0072560621975454945,0.03835791441085635,1800000,3600000,2835000000,299.25000000000006
525,0.7467223880619737,0.3524181580363697,0.008439179672125886,0.03823026755909793,1800000,3600000,2840400000,299.82000000000005
526,0.7431973656188411,0.35685707471180145,0.010205389911058951,0.038103045488483485,1800000,3600000,2845800000,300.39000000000004
527,0.7415357070414369,0.3611342773334429,0.008444483034589617,0.03797624678543314,1800000,3600000,2851200000,300.96000000000004
528,0.7449151398000875,0.35239046932826024,0.008703728234764096,0.03784987004107112,1800000,3600000,2856600000,301.53000000000003
529,0.7437694022645889,0.3530650506755862,0.0073151902441035,0.03772391385121006,1800000,3600000,2862000000,302.1
530,0.743784483840796,0.35268119221389643,0.009290127577335662,0.03759837681633546,1800000,3600000,2867400000,302.67
531,0.7425933443932877,0.3568910165125556,0.006847952332184831,0.037473257541590074,1800000,3600000,2872800000,303.24
532,0.7434626604025232,0.36236288607358774,0.009398497914956264,0.03734855463675846,1800000,3600000,2878200000,303.81000000000006
533,0.7431860298166867,0.3563883694714446,0.009110422552059239,0.037224266716251495,1800000,3600000,2883600000,304.38000000000005
534,0.7429680201531267,0.35461650938260375,0.009211564214320803,0.037100392399091006,1800000,3600000,2889000000,304.95000000000005
535,0.7431037781728228,0.3608082340414257,0.008307816842595635,0.03697693030889443,1800000,3600000,2894400000,305.52000000000004
536,0.7424705675308138,0.3574530255715253,0.007586342872810463,0.03685387907385949,1800000,3600000,2899800000,306.09000000000003
537,0.742651277343297,0.3563549844377202,0.00820284861158187,0.036731237326748954,1800000,3600000,2905200000,306.66
538,0.7453463618954455,0.3538772419130834,0.008246552305156502,0.036609003704875506,1800000,3600000,2910600000,307.23
539,0.7414107114521612,0.3562231021774725,0.008837648287763213,0.036487176850086525,1800000,3600000,2916000000,307.8
540,0.7454338278236634,0.3518366714978752,0.008147979498502638,0.036365755408749034,1800000,3600000,2921400000,308.37000000000006
541,0.7439251365374819,0.353912663037151,0.007438042502730863,0.036244738031734676,1800000,3600000,2926800000,308.94000000000005
542,0.7421810700759344,0.35932128654247925,0.006260827430005393,0.03612412337440466,1800000,3600000,2932200000,309.51000000000005
543,0.7437836315490638,0.35755487348326204,0.007793068183473217,0.03600391009659489,1800000,3600000,2937600000,310.08000000000004
544,0.7420502013283901,0.35746860738783715,0.0068423649635440025,0.035884096862601064,1800000,3600000,2943000000,310.65000000000003
545,0.743762034362156,0.35622009497934465,0.006701145996842952,0.03576468234116376,1800000,3600000,2948400000,311.22
546,0.7450427439933973,0.3547281998270219,0.007624257219498558,0.035645665205453765,1800000,3600000,2953800000,311.79
547,0.7454633228016807,0.3521939709815772,0.006959957187234918,0.035527044133057226,1800000,3600000,2959200000,312.36
548,0.7430958937114166,0.36047368348398673,0.007022503737474377,0.035408817805960995,1800000,3600000,2964600000,312.93
549,0.7427532378943047,0.34840403309465395,0.007218126628312237,0.035290984910538004,1800000,3600000,2970000000,313.50000000000006
550,0.7414429018312723,0.35455302828208685,0.009700841019077618,0.03517354413753266,1800000,3600000,2975400000,314.07000000000005
551,0.7433217765126139,0.3618257528230642,0.006803041718633753,0.03505649418204626,1800000,3600000,2980800000,314.64000000000004
552,0.7456777964268424,0.35650898561106337,0.008156763892255078,0.03493983374352255,1800000,3600000,2986200000,315.21000000000004
553,0.7438825319120889,0.35796850377486145,0.0055941001301965014,0.03482356152573324,1800000,3600000,2991600000,315.78000000000003
554,0.7429290842848437,0.35538273631504863,0.00751742044222383,0.03470767623676358,1800000,3600000,2997000000,316.35
555,0.746121152730105,0.35729650476606434,0.010005905679651683,0.034592176588998075,1800000,3600000,3002400000,316.92
556,0.7438101424566748,0.35440044146032357,0.007113286512059365,0.03447706129910612,1800000,3600000,3007800000,317.49
557,0.7435031385196093,0.3539338874057051,0.006924277087001002,0.03436232908802773,1800000,3600000,3013200000,318.06000000000006
558,0.747124619207395,0.36014524757212296,0.0060640033623724394,0.034247978680959405,1800000,3600000,3018600000,318.63000000000005
559,0.745582812891458,0.34991401620774054,0.004854431267477197,0.03413400880733988,1800000,3600000,3024000000,319.20000000000005
560,0.74484547932896,0.3560274234532015,0.007299001453548793,0.03402041820083606,1800000,3600000,3029400000,319.77000000000004
561,0.7446273932317327,0.3559678672753194,0.008274302089535704,0.03390720559932891,1800000,3600000,3034800000,320.34000000000003
562,0.7471647261297442,0.35432395769969605,0.00740813727174875,0.033794369744899494,1800000,3600000,3040200000,320.91
563,0.744049074757637,0.3613497344619156,0.006099297815233757,0.033681909383814906,1800000,3600000,3045600000,321.48
564,0.7449946155105889,0.3604368244865673,0.007104996272357742,0.033569823266514455,1800000,3600000,3051000000,322.05
565,0.7417545181596833,0.358269365884728,0.00758171031844306,0.03345811014759566,1800000,3600000,3056400000,322.62000000000006
566,0.7417890731636929,0.36110966129320776,0.0061732448828293015,0.03334676878580049,1800000,3600000,3061800000,323.19000000000005
567,0.7447927840796679,0.3516580824913411,0.005528059771331712,0.03323579794400159,1800000,3600000,3067200000,323.76000000000005
568,0.7450235657666509,0.35242241599431257,0.005743619230116846,0.03312519638918843,1800000,3600000,3072600000,324.33000000000004
569,0.7434224749109479,0.35404689808063006,0.007548151499860528,0.03301496289245373,1800000,3600000,3078000000,324.90000000000003
570,0.7456560985764891,0.35418379629830493,0.0073796324750807045,0.03290509622897971,1800000,3600000,3083400000,325.47
571,0.7423970046257256,0.35188746485196365,0.006759425639470899,0.03279559517802455,1800000,3600000,3088800000,326.04
572,0.7418609377178601,0.3554703914775782,0.007740953238334425,0.032686458522908766,1800000,3600000,3094200000,326.61
573,0.7443463134099593,0.3547811277559073,0.00609075251047076,0.03257768505100174,1800000,3600000,3099600000,327.18000000000006
574,0.7451362229179684,0.36221488231879645,0.006628043791439549,0.03246927355370822,1800000,3600000,3105000000,327.75000000000006
575,0.7431965877271626,0.36300143601763785,0.006115396078914936,0.03236122282645489,1800000,3600000,3110400000,328.32000000000005
576,0.7472519732947448,0.3521514665116866,0.00798382249248712,0.03225353166867703,1800000,3600000,3115800000,328.89000000000004
577,0.7424480225878494,0.3573517835207771,0.0064461081408612834,0.03214619888380508,1800000,3600000,3121200000,329.46000000000004
578,0.7406109967800507,0.3632817302519607,0.007327406622675061,0.032039223279251454,1800000,3600000,3126600000,330.03000000000003
579,0.7414818733060655,0.3557441691320489,0.005397296317371429,0.03193260366639722,1800000,3600000,3132000000,330.6
580,0.7433028111355596,0.35619685978787513,0.007268119149701413,0.031826338860578916,1800000,3600000,3137400000,331.17
581,0.7432610212594806,0.3582835927070204,0.006492693714904286,0.03172042768107538,1800000,3600000,3142800000,331.74
582,0.7440780539429845,0.356065968828248,0.0048528300285605305,0.031614868951094645,1800000,3600000,3148200000,332.31000000000006
583,0.7438243021993932,0.352340549495411,0.006213798626627697,0.03150966149776084,1800000,3600000,3153600000,332.88000000000005
584,0.7454618711124958,0.3525486920565796,0.00636477907155075,0.03140480415210119,1800000,3600000,3159000000,333.45000000000005
585,0.7443776987155157,0.35788023682336073,0.006926155275879583,0.03130029574903299,1800000,3600000,3164400000,334.02000000000004
586,0.7447230762705129,0.35461337446668134,0.0066302200776629265,0.031196135127350685,1800000,3600000,3169800000,334.59000000000003
587,0.7438506653440683,0.3615617352679438,0.006122400646228174,0.03109232112971296,1800000,3600000,3175200000,335.16
588,0.7433358242587275,0.3560547423925756,0.007565490322395685,0.0309888526026299,1800000,3600000,3180600000,335.73
589,0.743553400235857,0.35535425242338536,0.005627400456370017,0.030885728396450124,1800000,3600000,3186000000,336.3
590,0.7442443625491542,0.3575458575576646,0.007191113129716701,0.03078294736534807,1800000,3600000,3191400000,336.87000000000006
591,0.742849680144538,0.35890182279289967,0.005732558394648526,0.030680508367311208,1800000,3600000,3196800000,337.44000000000005
592,0.7433318964700579,0.35741981328981776,0.008429150854916032,0.030578410264127404,1800000,3600000,3202200000,338.01000000000005
593,0.7431310616183779,0.3600224764617221,0.006249528214888975,0.030476651921372246,1800000,3600000,3207600000,338.58000000000004
594,0.7433169329540354,0.35719035815368794,0.006959477744247107,0.03037523220839642,1800000,3600000,3213000000,339.15000000000003
595,0.7435150027551521,0.3542809451849543,0.00696701711820965,0.030274149998313186,1800000,3600000,3218400000,339.72
596,0.7452989014754158,0.3532161205728271,0.005990437108821801,0.030173404167985855,1800000,3600000,3223800000,340.29
597,0.7443862381378129,0.3553147124821807,0.006730349572542975,0.030072993598015248,1800000,3600000,3229200000,340.86
598,0.7439387955987331,0.3516648671785516,0.006252509154816412,0.029972917172727348,1800000,3600000,3234600000,341.43000000000006
599,0.7404382966401142,0.36258761218787644,0.006127803410142473,0.02987317378016085,1800000,3600000,3240000000,342.00000000000006
600,0.7426941664260398,0.3545388517974978,0.0074609218914074085,0.029773762312054794,1800000,3600000,3245400000,342.57000000000005
601,0.743784695659102,0.35496546001724905,0.005890462344540545,0.029674681663836296,1800000,3600000,3250800000,343.14000000000004
602,0.7406478702470295,0.3593807852342087,0.006807446271549897,0.029575930734608246,1800000,3600000,3256200000,343.71000000000004
603,0.7433037958376297,0.3581728835831473,0.0073320526871779364,0.029477508427137096,1800000,3600000,3261600000,344.28000000000003
604,0.7460274154278607,0.3553958353735883,0.00689104640442184,0.029379413647840618,1800000,3600000,3267000000,344.85
605,0.7447970662850789,0.3563285651810257,0.007386920659696943,0.02928164530677581,1800000,3600000,3272400000,345.42
606,0.7456060907637166,0.35794956032833825,0.007947427867072825,0.02918420231762678,1800000,3600000,3277800000,345.99000000000007
607,0.7448789600797898,0.35367964127357254,0.007132726425122643,0.029087083597692635,1800000,3600000,3283200000,346.56000000000006
608,0.7410723562074308,0.3623070466000477,0.0037940960764721236,0.028990288067875493,1800000,3600000,3288600000,347.13000000000005
609,0.7435549025486449,0.35806724871429224,0.0057346893448354495,0.028893814652668486,1800000,3600000,3294000000,347.70000000000005
610,0.7441506453947719,0.3588334700556681,0.005563449091839406,0.028797662280143754,1800000,3600000,3299400000,348.27000000000004
611,0.7443499219176903,0.3518042432060758,0.00550963784315512,0.028701829881940626,1800000,3600000,3304800000,348.84000000000003
612,0.7408490114400598,0.3593379326858875,0.006545717637580699,0.0286063163932537,1800000,3600000,3310200000,349.41
613,0.7435913867555326,0.35229666373797025,0.004624133738419901,0.028511120752821004,1800000,3600000,3315600000,349.98
614,0.7462195177314552,0.352834337203765,0.005262846273161619,0.028416241902912216,1800000,3600000,3321000000,350.55
615,0.7432078717823998,0.3555090608325063,0.006968857674276923,0.02832167878931693,1800000,3600000,3326400000,351.12000000000006
616,0.7451401132854688,0.35674927996465916,0.005094471325175535,0.028227430361332895,1800000,3600000,3331800000,351.69000000000005
617,0.7461118036166763,0.3551186207365616,0.0053360030083178705,0.028133495571754392,1800000,3600000,3337200000,352.26000000000005
618,0.7458738713386205,0.35590452675842654,0.00376132438816083,0.028039873376860563,1800000,3600000,3342600000,352.83000000000004
619,0.7432320324844732,0.3544139950320125,0.005460831709167242,0.027946562736403842,1800000,3600000,3348000000,353.40000000000003
620,0.7435671126737686,0.3556587713006874,0.006186813422395886,0.027853562613598382,1800000,3600000,3353400000,353.97
621,0.7407751966870357,0.35882215921261196,0.006679243678013015,0.02776087197510853,1800000,3600000,3358800000,354.54
622,0.744859323533098,0.35883133320267124,0.007882801520670366,0.027668489791037327,1800000,3600000,3364200000,355.11
623,0.7424343018320048,0.355045030057124,0.0060953677875256705,0.027576415034915123,1800000,3600000,3369600000,355.68000000000006
624,0.7433115740740722,0.354936533611373,0.0057287681621941405,0.027484646683688132,1800000,3600000,3375000000,356.25000000000006
625,0.741992780283815,0.35666735580022363,0.0056267985742045785,0.02739318371770705,1800000,3600000,3380400000,356.82000000000005
626,0.7478948431543396,0.35079918886814704,0.0065105622742198214,0.027302025120715785,1800000,3600000,3385800000,357.39000000000004
627,0.7416385319775634,0.35780517195121414,0.005900784190645487,0.027211169879840062,1800000,3600000,3391200000,357.96000000000004
628,0.7401024531413524,0.36064030873596287,0.005985578646939525,0.02712061698557629,1800000,3600000,3396600000,358.53000000000003
629,0.7412651270495114,0.3554342416150181,0.005993762392126826,0.027030365431780265,1800000,3600000,3402000000,359.1
630,0.7447671004798472,0.3559445774278804,0.004899043754055436,0.02694041421565602,1800000,3600000,3407400000,359.67
631,0.742644837905553,0.36123493405726315,0.004310679322685792,0.026850762337744662,1800000,3600000,3412800000,360.24000000000007
632,0.7452421586971206,0.355267548385313,0.007017394683706716,0.026761408801913317,1800000,3600000,3418200000,360.81000000000006
633,0.74413615492541,0.3490172040680622,0.006894421587691711,0.02667235261534397,1800000,3600000,3423600000,361.38000000000005
634,0.7434489164279369,0.36115135653179425,0.005456880792905986,0.02658359278852253,1800000,3600000,3429000000,361.95000000000005
635,0.7430814465011738,0.356352546514943,0.005936326635504781,0.026495128335227797,1800000,3600000,3434400000,362.52000000000004
636,0.7439004655454066,0.3567053657859772,0.00417734386018809,0.02640695827252048,1800000,3600000,3439800000,363.09000000000003
637,0.741835276892405,0.3567790571786108,0.0043224707887049895,0.02631908162073231,1800000,3600000,3445200000,363.66
638,0.7453366972562492,0.35857620481141483,0.006322361562275864,0.026231497403455158,1800000,3600000,3450600000,364.23
639,0.7430067615860838,0.3570912076437605,0.006135480905966975,0.026144204647530124,1800000,3600000,3456000000,364.80000000000007
640,0.7439691292989822,0.3576877462389672,0.00405095441410495,0.026057202383036816,1800000,3600000,3461400000,365.37000000000006
641,0.7411396835264102,0.3601090515938836,0.005445467612443742,0.025970489643282507,1800000,3600000,3466800000,365.94000000000005
642,0.7417822341710353,0.35878767222052155,0.00472751537432572,0.025884065464791422,1800000,3600000,3472200000,366.51000000000005
643,0.7422008802661129,0.351190248801407,0.005934771590448219,0.025797928887294017,1800000,3600000,3477600000,367.08000000000004
644,0.7456429573612703,0.3588281824670084,0.005912263891822333,0.02571207895371634,1800000,3600000,3483000000,367.65000000000003
645,0.742366387860618,0.35461833643240753,0.005663196557655302,0.025626514710169333,1800000,3600000,3488400000,368.22
646,0.7416896728978668,0.3625115590263531,0.0066122702091251494,0.025541235205938307,1800000,3600000,3493800000,368.79
647,0.7424313388845398,0.357581764506308,0.0038150206159650165,0.02545623949347234,1800000,3600000,3499200000,369.36
648,0.7469968978832795,0.3540209314823297,0.004555173740867443,0.025371526628373754,1800000,3600000,3504600000,369.93000000000006
649,0.7440730860809778,0.3597083609736303,0.004332056254525511,0.025287095669387614,1800000,3600000,3510000000,370.50000000000006
650,0.7443895577521489,0.360463971351994,0.004307835599428749,0.025202945678391302,1800000,3600000,3515400000,371.07000000000005
651,0.7433806345617229,0.3542026035294492,0.00547180610582614,0.02511907572038403,1800000,3600000,3520800000,371.64000000000004
652,0.7430778894274922,0.35537916187064433,0.005570365147224095,0.02503548486347652,1800000,3600000,3526200000,372.21000000000004
653,0.7428326297838804,0.35097211294452824,0.005549194434782769,0.024952172178880617,1800000,3600000,3531600000,372.78000000000003
654,0.7454247228035886,0.35415380781655575,0.005900903597858392,0.024869136740898967,1800000,3600000,3537000000,373.35
655,0.7431060885166654,0.36233631075654077,0.004592585691237439,0.024786377626914748,1800000,3600000,3542400000,373.92
656,0.7427270165869952,0.35694522869683754,0.006395874568202175,0.024703893917381377,1800000,3600000,3547800000,374.49000000000007
657,0.7418729285529968,0.359589475603577,0.004545090836318146,0.024621684695812353,1800000,3600000,3553200000,375.06000000000006
658,0.7442959539083582,0.3546659453434482,0.0036919383337863355,0.02453974904877104,1800000,3600000,3558600000,375.63000000000005
659,0.739729798564358,0.3624941212940256,0.004812345439939977,0.02445808606586051,1800000,3600000,3564000000,376.20000000000005
660,0.7449989227347117,0.3596371555603116,0.004445560462644987,0.024376694839713452,1800000,3600000,3569400000,376.77000000000004
661,0.7413338252235033,0.35773385444868916,0.004674790605410779,0.024295574465982076,1800000,3600000,3574800000,377.34000000000003
662,0.741985155988124,0.3549123241762323,0.00486043850113663,0.024214724043328046,1800000,3600000,3580200000,377.91
663,0.7425191729889179,0.35576418042654345,0.005761059341112557,0.02413414267341251,1800000,3600000,3585600000,378.48
664,0.7451240761906309,0.3501077564755213,0.004958768362288695,0.02405382946088608,1800000,3600000,3591000000,379.05000000000007
665,0.7459360055053484,0.354541128896557,0.003935782305191092,0.02397378351337891,1800000,3600000,3596400000,379.62000000000006
666,0.7434535172622178,0.36078143691291475,0.00349195002589203,0.02389400394149075,1800000,3600000,3601800000,380.19000000000005
667,0.7447632791817891,0.3545846676767799,0.005995999432300516,0.023814489858781113,1800000,3600000,3607200000,380.76000000000005
668,0.7424689228585285,0.35928417157252884,0.004917913569649001,0.02373524038175934,1800000,3600000,3612600000,381.33000000000004
669,0.7439813236626747,0.3529043919871014,0.0033914055420134846,0.02365625462987489,1800000,3600000,3618000000,381.90000000000003
670,0.7425118575820658,0.3581870513002262,0.0057991736119376,0.023577531725507483,1800000,3600000,3623400000,382.47
671,0.7440830471339963,0.35797501895499945,0.005078924403415913,0.023499070793957372,1800000,3600000,3628800000,383.04
672,0.7420851423561879,0.3564304848024187,0.007040790215395892,0.023420870963435616,1800000,3600000,3634200000,383.61
673,0.7445848115645805,0.3520680459600504,0.0038582805290324072,0.02334293136505442,1800000,3600000,3639600000,384.18000000000006
674,0.7451713184043844,0.3617023833517734,0.003317586911886986,0.02326525113281743,1800000,3600000,3645000000,384.75000000000006
675,0.7460320134168067,0.35287557641477096,0.004278671512876477,0.023187829403610152,1800000,3600000,3650400000,385.32000000000005
676,0.7438778132547786,0.35579988862068623,0.0069550471253256255,0.023110665317190367,1800000,3600000,3655800000,385.89000000000004
677,0.7441711692749395,0.3538825385199548,0.0057722453351251625,0.023033758016178532,1800000,3600000,3661200000,386.46000000000004
678,0.7472081958498217,0.355188954263122,0.005554052882957492,0.022957106646048307,1800000,3600000,3666600000,387.03000000000003
679,0.744860248448157,0.3569389904391645,0.0035542376199833216,0.022880710355116993,1800000,3600000,3672000000,387.6
680,0.7433517772724991,0.351128361577277,0.00475951212358838,0.02280456829453613,1800000,3600000,3677400000,388.17
681,0.7430461830603012,0.35962965087448706,0.004537356553027267,0.022728679618282042,1800000,3600000,3682800000,388.74000000000007
682,0.7430511689613688,0.35896658657717645,0.005328845424176453,0.02265304348314644,1800000,3600000,3688200000,389.31000000000006
683,0.7430544842700342,0.3549921733961758,0.00504620687142772,0.02257765904872704,1800000,3600000,3693600000,389.88000000000005
684,0.7446575889149468,0.35308374851249713,0.0034518084316393135,0.022502525477418246,1800000,3600000,3699000000,390.45000000000005
685,0.7444569489843637,0.3543756313576537,0.005800973505849622,0.02242764193440181,1800000,3600000,3704400000,391.02000000000004
686,0.7448700211028606,0.3564262629443882,0.004915257616165316,0.02235300758763761,1800000,3600000,3709800000,391.59000000000003
687,0.7452372538022833,0.35554076575797633,0.005435808327220208,0.02227862160785435,1800000,3600000,3715200000,392.16
688,0.7470171132473172,0.35794610612976563,0.005074345396638109,0.02220448316854038,1800000,3600000,3720600000,392.73
689,0.7422268930991406,0.35757307312137765,0.004446982384897722,0.0221305914459345,1800000,3600000,3726000000,393.30000000000007
690,0.7443307756995474,0.3607313958788903,0.007013848905224327,0.022056945619016825,1800000,3600000,3731400000,393.87000000000006
691,0.7420001528320436,0.363576551996056,0.0046501446822135185,0.02198354486949961,1800000,3600000,3736800000,394.44000000000005
692,0.7458461689080723,0.35473622426124835,0.005256999764571224,0.02191038838181822,1800000,3600000,3742200000,395.01000000000005
693,0.744477352367778,0.35554967026065315,0.002762951479910309,0.021837475343122043,1800000,3600000,3747600000,395.58000000000004
694,0.7439580809327528,0.35299801080278753,0.002840023620566752,0.021764804943265458,1800000,3600000,3753000000,396.15000000000003
695,0.7417517977988797,0.3601733902524139,0.004139690369953958,0.021692376374798823,1800000,3600000,3758400000,396.72
696,0.7429994616633915,0.35809905289304866,0.004845367415906393,0.02162018883295954,1800000,3600000,3763800000,397.29
697,0.7439882554509196,0.3578532740780241,0.006288344308313574,0.021548241515663043,1800000,3600000,3769200000,397.86000000000007
698,0.7435920440315154,0.3519327515205882,0.004293668357172216,0.021476533623493964,1800000,3600000,3774600000,398.43000000000006
699,0.7424275141477802,0.3581879765228585,0.0032151847817904196,0.021405064359697207,1800000,3600000,3780000000,399.00000000000006
700,0.7445256343674356,0.3601856939512761,0.005117322112617127,0.021333832930169112,1800000,3600000,3785400000,399.57000000000005
701,0.7420293630049919,0.3580444039478659,0.0037982229920409684,0.021262838543448622,1800000,3600000,3790800000,400.14000000000004
702,0.7451461594005679,0.3558057129636471,0.006039555609550945,0.02119208041070847,1800000,3600000,3796200000,400.71000000000004
703,0.7451136230573464,0.35400738482164695,0.0034622885857494103,0.02112155774574646,1800000,3600000,3801600000,401.28000000000003
704,0.7435733886582012,0.3611211611854253,0.00515068365226205,0.021051269764976704,1800000,3600000,3807000000,401.85
705,0.7442209996043531,0.34921533550011374,0.005554272832010733,0.020981215687420916,1800000,3600000,3812400000,402.42
706,0.7429868666607244,0.35493716068837833,0.0038414002769003213,0.02091139473469973,1800000,3600000,3817800000,402.99000000000007
707,0.7421337891950142,0.36034195230884153,0.004025684336624323,0.020841806131024078,1800000,3600000,3823200000,403.56000000000006
708,0.7455544997523849,0.3560754520356444,0.0035437478411605005,0.020772449103186517,1800000,3600000,3828600000,404.13000000000005
709,0.7411434923141422,0.3613936684363236,0.004999268339607082,0.0207033228805527,1800000,3600000,3834000000,404.70000000000005
710,0.743123197459806,0.36027462802488164,0.004029404753045456,0.020634426695052777,1800000,3600000,3839400000,405.27000000000004
711,0.7448758308117965,0.3575745231335392,0.004194339485285493,0.020565759781172862,1800000,3600000,3844800000,405.84000000000003
712,0.7428571579637877,0.35553000807062174,0.005555754601236142,0.020497321375946544,1800000,3600000,3850200000,406.41
713,0.743271433761249,0.3524027347561109,0.004209673480015368,0.0204291107189464,1800000,3600000,3855600000,406.98
714,0.7410524559036317,0.3597944898644554,0.004382918591243008,0.020361127052275524,1800000,3600000,3861000000,407.55000000000007
715,0.7443782535757419,0.3544364404306296,0.0033956169729416914,0.020293369620559148,1800000,3600000,3866400000,408.12000000000006
716,0.740882886253641,0.3521554792559739,0.00508658597750199,0.020225837670936227,1800000,3600000,3871800000,408.69000000000005
717,0.7434976151090351,0.3562415220124362,0.003827358436375868,0.020158530453051063,1800000,3600000,3877200000,409.26000000000005
718,0.7432989911806449,0.3562422867814785,0.0034076101016871354,0.020091447219045,1800000,3600000,3882600000,409.83000000000004
719,0.7427012285249377,0.35669551832556473,0.004395252203666667,0.020024587223548076,1800000,3600000,3888000000,410.40000000000003
720,0.7422099882919608,0.35526719656126604,0.0034671864165145764,0.019957949723670754,1800000,3600000,3893400000,410.97
721,0.7430983859876445,0.35276034021434893,0.004156474778554723,0.01989153397899569,1800000,3600000,3898800000,411.54
722,0.7416755169929097,0.3553057045714463,0.004037442094084278,0.01982533925156948,1800000,3600000,3904200000,412.11000000000007
723,0.7421067226035984,0.35827753092882897,0.0022918956804895297,0.019759364805894478,1800000,3600000,3909600000,412.68000000000006
724,0.7452496662353506,0.3569261273438069,0.004839498043853006,0.019693609908920603,1800000,3600000,3915000000,413.25000000000006
725,0.7424024173095819,0.3561978751855796,0.003729550012589053,0.019628073830037226,1800000,3600000,3920400000,413.82000000000005
726,0.7421721221062968,0.3597762586777877,0.004096760460057647,0.019562755841064997,1800000,3600000,3925800000,414.39000000000004
727,0.7398548523357427,0.35616280330748346,0.005195468582168497,0.019497655216247817,1800000,3600000,3931200000,414.96000000000004
728,0.7432841858729854,0.3616797476293119,0.0012876749146696225,0.019432771232244746,1800000,3600000,3936600000,415.53000000000003
729,0.7435361614661802,0.35811210993562764,0.003458089854804765,0.019368103168121962,1800000,3600000,3942000000,416.1
730,0.743937355759174,0.3538225219452724,0.004282103048903347,0.019303650305344755,1800000,3600000,3947400000,416.6700000000001
731,0.7391083688784392,0.36674246443944086,0.002706644438253078,0.01923941192776953,1800000,3600000,3952800000,417.24000000000007
732,0.7458909720691383,0.3582382661277463,0.002663512415767978,0.019175387321635887,1800000,3600000,3958200000,417.81000000000006
733,0.7423769684568559,0.3526654574613857,0.003653223467069837,0.019111575775558647,1800000,3600000,3963600000,418.38000000000005
734,0.7451819945803253,0.353889926044266,0.004179790946397478,0.01904797658051998,1800000,3600000,3969000000,418.95000000000005
735,0.7446854038287906,0.3556116392859179,0.004298231234252236,0.01898458902986151,1800000,3600000,3974400000,419.52000000000004
736,0.7434549436419939,0.35537545759836736,0.004499247707717712,0.01892141241927647,1800000,3600000,3979800000,420.09000000000003
737,0.7432884704581386,0.35748822902827876,0.004403633826281515,0.01885844604680186,1800000,3600000,3985200000,420.66
738,0.7443281984348172,0.35586078762924256,0.0036931527488937134,0.018795689212810673,1800000,3600000,3990600000,421.23
739,0.7418011932141277,0.3563306808967112,0.0037499650238352307,0.018733141220004107,1800000,3600000,3996000000,421.80000000000007
740,0.7400140238705551,0.36472706706071034,0.004970688243964512,0.01867080137340383,1800000,3600000,4001400000,422.37000000000006
741,0.7417580248899097,0.3549489898009716,0.004083589799476331,0.01860866898034423,1800000,3600000,4006800000,422.94000000000005
742,0.7457459862742921,0.3542346040543335,0.0027958582951413766,0.01854674335046476,1800000,3600000,4012200000,423.51000000000005
743,0.7456596100036563,0.35104765314729075,0.0035997162494900486,0.018485023795702205,1800000,3600000,4017600000,424.08000000000004
744,0.744903560673537,0.35448292542984017,0.0032039954724768943,0.01842350963028311,1800000,3600000,4023000000,424.65000000000003
745,0.7435851608927513,0.3519390604458872,0.004779825894070267,0.018362200170716117,1800000,3600000,4028400000,425.22
746,0.7445539201225836,0.35510414591068984,0.0036097813419621633,0.018301094735784378,1800000,3600000,4033800000,425.79
747,0.7421545680666541,0.36135628319476193,0.0043134949054877214,0.018240192646537985,1800000,3600000,4039200000,426.36000000000007
748,0.7449695259885647,0.3546096291883374,0.004887288127314244,0.018179493226286442,1800000,3600000,4044600000,426.93000000000006
749,0.7435361411092739,0.3540612394822635,0.0007306130383848471,0.018118995800591103,1800000,3600000,4050000000,427.50000000000006
750,0.7445027783536484,0.35568065371654,0.0030885377023075595,0.018058699697257735,1800000,3600000,4055400000,428.07000000000005
751,0.7427434220538216,0.3610168325267066,0.0027304090106849673,0.017998604246329014,1800000,3600000,4060800000,428.64000000000004
752,0.7432827122793276,0.35907328961356955,0.003484890909580266,0.01793870878007709,1800000,3600000,4066200000,429.21000000000004
753,0.7442121349965668,0.3534682951963745,0.003529146239106021,0.017879012632996176,1800000,3600000,4071600000,429.78000000000003
754,0.7455698530946195,0.35273704400063594,0.0024419818315907435,0.017819515141795115,1800000,3600000,4077000000,430.35
755,0.7422248920959755,0.3597512661761529,0.002643742684323002,0.017760215645390067,1800000,3600000,4082400000,430.9200000000001
756,0.7447194540359557,0.3549022696739988,0.0016241706246551053,0.017701113484897137,1800000,3600000,4087800000,431.49000000000007
757,0.7415868247178873,0.3558333257616781,0.005127945466841043,0.017642208003625034,1800000,3600000,4093200000,432.06000000000006
758,0.7458089797144801,0.35216104997890385,0.004699673953850921,0.017583498547067807,1800000,3600000,4098600000,432.63000000000005
759,0.7414041893538427,0.35894663914172653,0.0030753463564680734,0.017524984462897568,1800000,3600000,4104000000,433.20000000000005
760,0.7433319980462202,0.3533955281750599,0.0032270255287103963,0.01746666510095721,1800000,3600000,4109400000,433.77000000000004
761,0.7457919906820615,0.35302596442094736,0.0030912503079023193,0.017408539813253226,1800000,3600000,4114800000,434.34000000000003
762,0.7426755583410899,0.3533635568406865,0.002707641535610171,0.017350607953948487,1800000,3600000,4120200000,434.91
763,0.7412464600714549,0.35823074754113426,0.005225655561725379,0.017292868879355078,1800000,3600000,4125600000,435.4800000000001
764,0.7446067224799884,0.3519028590177461,0.0034851062061785417,0.017235321947927124,1800000,3600000,4131000000,436.05000000000007
765,0.7438879337481941,0.35393203882334784,0.0030764556466526807,0.017177966520253697,1800000,3600000,4136400000,436.62000000000006
766,0.7423577925365641,0.34969698502962776,0.0035585359803377227,0.01712080195905166,1800000,3600000,4141800000,437.19000000000005
767,0.7432484687601102,0.35749016059043887,0.005698912505345523,0.017063827629158642,1800000,3600000,4147200000,437.76000000000005
768,0.746098370564173,0.3546402418936991,0.004197914071484642,0.017007042897525942,1800000,3600000,4152600000,438.33000000000004
769,0.744197382128907,0.35463500922288915,0.0028345194431724165,0.016950447133211522,1800000,3600000,4158000000,438.90000000000003
770,0.7437274468855526,0.36294291153185204,0.0022419334951395927,0.01689403970737297,1800000,3600000,4163400000,439.47
771,0.7441929924212071,0.3579413898803108,0.0005715627523162859,0.016837819993260533,1800000,3600000,4168800000,440.04
772,0.7437875321441447,0.35755304368636837,0.0038802746656550133,0.016781787366210135,1800000,3600000,4174200000,440.61000000000007
773,0.7435528250406057,0.3628746829287035,0.004306973419286252,0.016725941203636456,1800000,3600000,4179600000,441.18000000000006
774,0.7433931875545049,0.350287224449521,0.0019318774464749532,0.016670280885026006,1800000,3600000,4185000000,441.75000000000006
775,0.7438380265283074,0.3572710858565497,0.0036216307332771567,0.01661480579193023,1800000,3600000,4190400000,442.32000000000005
776,0.7429186492063129,0.3535417960739661,0.0036944960983067354,0.016559515307958635,1800000,3600000,4195800000,442.89000000000004
777,0.7449986284872204,0.35148953834703794,0.0031864833476734702,0.016504408818771934,1800000,3600000,4201200000,443.46000000000004
778,0.7421144014034132,0.3579173235688894,0.0028144960235521738,0.01644948571207524,1800000,3600000,4206600000,444.03000000000003
779,0.7438370242150812,0.3589846233289942,0.0030097577284853697,0.016394745377611247,1800000,3600000,4212000000,444.6
780,0.744505524477798,0.3599824914045656,0.0005938939934636146,0.016340187207153453,1800000,3600000,4217400000,445.1700000000001
781,0.7438162107951604,0.3526075583858384,0.0033053491716224757,0.016285810594499402,1800000,3600000,4222800000,445.74000000000007
782,0.7446570659612055,0.3511733599687634,0.0018395916117811735,0.016231614935463958,1800000,3600000,4228200000,446.31000000000006
783,0.7442856319312352,0.35927064747715376,0.0017793441782914942,0.01617759962787256,1800000,3600000,4233600000,446.88000000000005
784,0.7454873076832749,0.3528976469567498,0.0029423286743245295,0.016123764071554577,1800000,3600000,4239000000,447.45000000000005
785,0.7464287371457148,0.3516308067086697,0.0008572084474125063,0.016070107668336605,1800000,3600000,4244400000,448.02000000000004
786,0.741405910899128,0.35470323444068685,0.0030253897077278324,0.01601662982203583,1800000,3600000,4249800000,448.59000000000003
787,0.7429324933273371,0.36002265850217086,0.0028656235527518164,0.015963329938453414,1800000,3600000,4255200000,449.16
788,0.7410346053851135,0.3619802804600736,0.002996214741420786,0.015910207425367886,1800000,3600000,4260600000,449.7300000000001
789,0.7432273016078502,0.3569075676517209,0.003069591232712692,0.015857261692528542,1800000,3600000,4266000000,450.30000000000007
790,0.7416800396691148,0.35509803840159077,0.003307095607646603,0.015804492151648922,1800000,3600000,4271400000,450.87000000000006
791,0.745274575985809,0.35511308160793215,0.00295103673826919,0.015751898216400252,1800000,3600000,4276800000,451.44000000000005
792,0.7435615302711335,0.3529310816838182,0.0018782967851508085,0.015699479302404933,1800000,3600000,4282200000,452.01000000000005
793,0.7442198690519486,0.35083958672405935,0.0012076976807328481,0.015647234827230044,1800000,3600000,4287600000,452.58000000000004
794,0.7422407363390546,0.357107453398283,0.003214099188887496,0.015595164210380888,1800000,3600000,4293000000,453.15000000000003
795,0.7424012740183272,0.3589675941353317,0.0031907134250355185,0.015543266873294511,1800000,3600000,4298400000,453.72
796,0.7461680242837756,0.3523265161074918,0.0015587785987490276,0.015491542239333302,1800000,3600000,4303800000,454.2900000000001
797,0.7435285665078788,0.36166521581838407,0.002626442371978741,0.01543998973377857,1800000,3600000,4309200000,454.86000000000007
798,0.7441284546233339,0.3589408395038361,0.004617529687976958,0.015388608783824179,1800000,3600000,4314600000,455.43000000000006
799,0.7446106786566529,0.35650480100840926,0.002502558704702515,0.015337398818570146,1800000,3600000,4320000000,456.00000000000006
800,0.7451303232133152,0.35943653130791403,0.0031203349728279486,0.01528635926901634,1800000,3600000,4325400000,456.57000000000005
801,0.739888354014533,0.35661746680015133,0.003137069248172479,0.01523548956805612,1800000,3600000,4330800000,457.14000000000004
802,0.7420437093600031,0.35940520930083186,0.0011598780549846816,0.01518478915047006,1800000,3600000,4336200000,457.71000000000004
803,0.7421922638837657,0.35434440306556464,0.0016602849710069237,0.015134257452919677,1800000,3600000,4341600000,458.28000000000003
804,0.7440679868534413,0.3565872224527915,0.0028242421239370596,0.01508389391394114,1800000,3600000,4347000000,458.85
805,0.7432859732160064,0.3564661901770195,0.0032148891763844243,0.015033697973939058,1800000,3600000,4352400000,459.4200000000001
806,0.7444506920771672,0.35565968888523947,0.004832128544058846,0.014983669075180239,1800000,3600000,4357800000,459.99000000000007
807,0.744472471553461,0.3564529148560304,0.002301472195740002,0.014933806661787518,1800000,3600000,4363200000,460.56000000000006
808,0.7443589626964052,0.35167796055730755,0.0029921639442304854,0.014884110179733566,1800000,3600000,4368600000,461.13000000000005
809,0.7424479456192724,0.3535808877525762,0.002681507524252439,0.01483457907683474,1800000,3600000,4374000000,461.70000000000005
810,0.7420521506441399,0.358540993843414,0.0033893055378010177,0.014785212802744946,1800000,3600000,4379400000,462.27000000000004
811,0.7426457149070508,0.3557636790941296,0.0038082312381003854,0.014736010808949521,1800000,3600000,4384800000,462.84000000000003
812,0.7441702770852714,0.3532740475674212,0.0022492204134286677,0.014686972548759124,1800000,3600000,4390200000,463.41
813,0.7407525923902653,0.361930157354857,0.0030294519082144844,0.014638097477303708,1800000,3600000,4395600000,463.9800000000001
814,0.7461265365081006,0.35912579126561806,0.0017743622595611914,0.014589385051526413,1800000,3600000,4401000000,464.55000000000007
815,0.7414843797113317,0.35843463812313336,0.002587556274187465,0.014540834730177563,1800000,3600000,4406400000,465.12000000000006
816,0.7447724432152849,0.3531509198280717,0.003336099759590256,0.014492445973808648,1800000,3600000,4411800000,465.69000000000005
817,0.7427810439911315,0.3564976396978088,0.0035859868922403794,0.014444218244766325,1800000,3600000,4417200000,466.26000000000005
818,0.7433944104565114,0.35584106598896564,0.0010994895755755674,0.01439615100718643,1800000,3600000,4422600000,466.83000000000004
819,0.7435409550254193,0.35560185501847863,0.0034500468631672478,0.014348243726988055,1800000,3600000,4428000000,467.40000000000003
820,0.7442457592020149,0.35786888910265957,0.003347382655780336,0.014300495871867599,1800000,3600000,4433400000,467.97
821,0.7440518591657317,0.3539966942333622,0.0030989587745300588,0.01425290691129284,1800000,3600000,4438800000,468.5400000000001
822,0.7444982221128341,0.3585417601844706,0.002707019111391335,0.014205476316497063,1800000,3600000,4444200000,469.11000000000007
823,0.7430646193392481,0.3569849937796739,0.0013781343690784894,0.014158203560473181,1800000,3600000,4449600000,469.68000000000006
824,0.7443793017166248,0.3454669584270794,0.0018611845971331148,0.014111088117967848,1800000,3600000,4455000000,470.25000000000006
825,0.7441579939391696,0.3607129038253729,0.0028822626390108724,0.014064129465475665,1800000,3600000,4460400000,470.82000000000005
826,0.7415050097936802,0.3630118718979522,0.0025898252461101215,0.01401732708123335,1800000,3600000,4465800000,471.39000000000004
827,0.7451350762272856,0.3542869781246317,0.0024035414831157158,0.013970680445213924,1800000,3600000,4471200000,471.96000000000004
828,0.7449234807779007,0.3535679639949617,0.0020224324780251995,0.013924189039120962,1800000,3600000,4476600000,472.53000000000003
829,0.7448192455070549,0.35224762659024267,0.0015755368974453184,0.01387785234638279,1800000,3600000,4482000000,473.1000000000001
830,0.7425643026179152,0.3568580077433221,0.004446049918083212,0.013831669852146802,1800000,3600000,4487400000,473.6700000000001
831,0.7435498447075315,0.3540591523144833,0.0023523451160803177,0.013785641043273693,1800000,3600000,4492800000,474.24000000000007
832,0.7457375347717881,0.35739303557573837,0.0022458682751558155,0.01373976540833178,1800000,3600000,4498200000,474.81000000000006
833,0.7432878962953836,0.35946152202164033,0.0011007039542651241,0.013694042437591319,1800000,3600000,4503600000,475.38000000000005
834,0.7432569631543282,0.3552288325696031,0.001999173451425946,0.01364847162301883,1800000,3600000,4509000000,475.95000000000005
835,0.745307468392478,0.35867618981964994,0.002452709569794862,0.013603052458271453,1800000,3600000,4514400000,476.52000000000004
836,0.7431165836897512,0.3561176700921546,0.002650133011354075,0.013557784438691338,1800000,3600000,4519800000,477.09000000000003
837,0.7441447575516876,0.35577504006029437,0.0034526531268149964,0.013512667061300028,1800000,3600000,4525200000,477.66
838,0.7419533650089162,0.36196644310407566,0.0024106598582390028,0.013467699824792862,1800000,3600000,4530600000,478.2300000000001
839,0.7435322047923547,0.35809583835755526,0.0010332828895035042,0.013422882229533415,1800000,3600000,4536000000,478.80000000000007
840,0.744676584460184,0.3529803762672141,0.003371328779387376,0.013378213777547955,1800000,3600000,4541400000,479.37000000000006
841,0.7405409631965739,0.35685489950801275,0.0012333225899103354,0.013333693972519876,1800000,3600000,4546800000,479.94000000000005
842,0.7465903442471215,0.352637601966892,0.0023236787584839436,0.013289322319784223,1800000,3600000,4552200000,480.51000000000005
843,0.7427102647163517,0.3547465859668091,0.0020085761786038502,0.01324509832632218,1800000,3600000,4557600000,481.08000000000004
844,0.7447273109642778,0.3594028149694056,0.0017430428151851756,0.013201021500755583,1800000,3600000,4563000000,481.65000000000003
845,0.7422133666098044,0.35926178856299307,0.0024609032897187403,0.013157091353341475,1800000,3600000,4568400000,482.22
846,0.7434364261121184,0.3560919394377065,0.0027797403867371303,0.013113307395966662,1800000,3600000,4573800000,482.7900000000001
847,0.7439201374560523,0.3566773419980355,0.0034056755613879885,0.01306966914214226,1800000,3600000,4579200000,483.36000000000007
848,0.7426232387805417,0.3564831523987114,0.000862875212188086,0.013026176106998346,1800000,3600000,4584600000,483.93000000000006
849,0.7425418947698124,0.3582125724309774,0.0018387841733862194,0.012982827807278526,1800000,3600000,4590000000,484.50000000000006
850,0.7422954068835609,0.36157674163386383,0.0036250020715123685,0.012939623761334574,1800000,3600000,4595400000,485.07000000000005
851,0.7423520189767895,0.3547590994488283,0.002666016623152906,0.012896563489121101,1800000,3600000,4600800000,485.64000000000004
852,0.7431619955791311,0.35028532981483257,0.0015974741289443476,0.012853646512190182,1800000,3600000,4606200000,486.21000000000004
853,0.7415801439304693,0.36120688452554783,0.001996947670693654,0.012810872353686081,1800000,3600000,4611600000,486.78000000000003
854,0.7433654238188777,0.3568747316928159,0.0012399367251674455,0.012768240538339934,1800000,3600000,4617000000,487.3500000000001
855,0.7419916241476266,0.35521096986240974,0.0008668082095124028,0.01272575059246446,1800000,3600000,4622400000,487.9200000000001
856,0.747491565834574,0.35591574827474626,0.00044955532029036576,0.012683402043948716,1800000,3600000,4627800000,488.49000000000007
857,0.7450951816567633,0.35683550137959885,0.0038252949588774908,0.012641194422252843,1800000,3600000,4633200000,489.06000000000006
858,0.7427128667674818,0.35364059573004375,0.0010115833724051993,0.012599127258402818,1800000,3600000,4638600000,489.63000000000005
859,0.7423239717091442,0.3541661446291812,0.003566813067434083,0.012557200084985287,1800000,3600000,4644000000,490.20000000000005
860,0.7426548409528915,0.35188214643520405,0.0013507877244772768,0.012515412436142334,1800000,3600000,4649400000,490.77000000000004
861,0.7431388478532281,0.3596149538941086,0.0030664615913818284,0.012473763847566318,1800000,3600000,4654800000,491.34000000000003
862,0.7422430197815227,0.3528065510747981,0.0023441080488131585,0.01243225385649472,1800000,3600000,4660200000,491.9100000000001
863,0.7414994904128162,0.35348072194143604,0.0012785625932349508,0.012390882001704991,1800000,3600000,4665600000,492.4800000000001
864,0.742065994530588,0.3592325669438548,0.00230528285230808,0.01234964782350942,1800000,3600000,4671000000,493.05000000000007
865,0.7454596063113798,0.35495523623928216,0.0012370958090716514,0.012308550863750054,1800000,3600000,4676400000,493.62000000000006
866,0.7400686896388206,0.3615260289401755,0.001930775500175138,0.012267590665793582,1800000,3600000,4681800000,494.19000000000005
867,0.74179564420493,0.3565380648489208,0.0019195135550896267,0.012226766774526273,1800000,3600000,4687200000,494.76000000000005
868,0.7414665594270274,0.3591278307630966,0.002404340714756117,0.012186078736348917,1800000,3600000,4692600000,495.33000000000004
869,0.7445166599832348,0.3554883861086596,0.0006183686322046896,0.012145526099171784,1800000,3600000,4698000000,495.90000000000003
870,0.7415023075127382,0.35645400098316377,0.002231069844233636,0.01210510841240959,1800000,3600000,4703400000,496.47
871,0.743518873023562,0.3506598441880175,0.002436470283394948,0.01206482522697652,1800000,3600000,4708800000,497.0400000000001
872,0.7445257377776501,0.3583369011399202,0.001354544948223155,0.012024676095281203,1800000,3600000,4714200000,497.61000000000007
873,0.7432353703448807,0.3579811346761407,0.0011597394577049622,0.011984660571221769,1800000,3600000,4719600000,498.18000000000006
874,0.7417620680893766,0.3561262634393335,0.0029890232399535422,0.011944778210180869,1800000,3600000,4725000000,498.75000000000006
875,0.7471809436494236,0.3526804230889483,0.002149801590830496,0.011905028569020754,1800000,3600000,4730400000,499.32000000000005
876,0.7452897999374539,0.3529122346102272,0.0006537932571691145,0.011865411206078324,1800000,3600000,4735800000,499.89000000000004
877,0.7450513038500246,0.35337182880540835,0.0034399892619359045,0.011825925681160258,1800000,3600000,4741200000,500.46000000000004
878,0.7466203206031834,0.35489893321000476,0.0010493465644221263,0.01178657155553809,1800000,3600000,4746600000,501.03000000000003
879,0.7450267350536833,0.3547959671780055,0.002848208257308769,0.01174734839194336,1800000,3600000,4752000000,501.6000000000001
880,0.7426389186862934,0.35901405414521953,0.0030078171683526867,0.011708255754562732,1800000,3600000,4757400000,502.1700000000001
881,0.7453964999445676,0.3517675619807909,0.0015222979434069191,0.011669293209033163,1800000,3600000,4762800000,502.74000000000007
882,0.742028592897778,0.3532141825246278,0.002498670686416905,0.011630460322437081,1800000,3600000,4768200000,503.31000000000006
883,0.7441189202166864,0.35611922563030945,0.00042375307913216373,0.01159175666329757,1800000,3600000,4773600000,503.88000000000005
884,0.7450317699611528,0.35453730919821624,0.0007990010880057977,0.011553181801573576,1800000,3600000,4779000000,504.45000000000005
885,0.7458761189017118,0.3513318322455578,0.0031958301005479374,0.011514735308655124,1800000,3600000,4784400000,505.02000000000004
886,0.7428250745087057,0.3595212911416199,0.0004957301034156864,0.011476416757358571,1800000,3600000,4789800000,505.59000000000003
887,0.7418532315791692,0.3599459736298575,0.003093270055845369,0.011438225721921835,1800000,3600000,4795200000,506.1600000000001
888,0.7443927565776347,0.3605290125283657,0.0036696258179387408,0.011400161777999683,1800000,3600000,4800600000,506.7300000000001
889,0.7438968532696555,0.3564670161365359,0.0017318106862528786,0.01136222450265902,1800000,3600000,4806000000,507.30000000000007
890,0.7454964933440263,0.35805058222679337,0.003107036196805372,0.011324413474374167,1800000,3600000,4811400000,507.87000000000006
891,0.7456938435240974,0.35373933730802,0.0008036823296807309,0.011286728273022203,1800000,3600000,4816800000,508.44000000000005
892,0.7433241594514952,0.35875915075501436,0.0007752482605288026,0.011249168479878289,1800000,3600000,4822200000,509.01000000000005
893,0.7448187242475816,0.35584102671977774,0.002787989634179885,0.011211733677610984,1800000,3600000,4827600000,509.58000000000004
894,0.7429918725874839,0.35343982412664005,0.0013004888173734118,0.01117442345027767,1800000,3600000,4833000000,510.15000000000003
895,0.7416163982603327,0.35836542509698577,0.0013198432773484613,0.011137237383319877,1800000,3600000,4838400000,510.72
896,0.7441422344847527,0.35874225948585664,0.0016199542072035454,0.011100175063558702,1800000,3600000,4843800000,511.2900000000001
897,0.7409094228094772,0.3619616954145682,0.0024931987909448663,0.01106323607919021,1800000,3600000,4849200000,511.86000000000007
898,0.7433908857383712,0.3606171202536274,0.0010885385756830633,0.011026420019780866,1800000,3600000,4854600000,512.4300000000001
899,0.7416618420214384,0.3621460643798872,0.002235139275919739,0.010989726476262956,1800000,3600000,4860000000,513.0
900,0.7419056802843356,0.35604779192790176,0.0003021089306025173,0.010953155040930068,1800000,3600000,4865400000,513.57
901,0.7439943193558941,0.3568864659505555,0.0017380175650963977,0.010916705307432543,1800000,3600000,4870800000,514.1400000000001
902,0.7473916466332997,0.35509581102850873,0.0006917816360880002,0.010880376870772968,1800000,3600000,4876200000,514.71
903,0.7445910821698007,0.360779552370855,0.0009453701966461527,0.010844169327301678,1800000,3600000,4881600000,515.2800000000001
904,0.7444858699602018,0.3574720468347984,0.0015376554679341378,0.010808082274712251,1800000,3600000,4887000000,515.85
905,0.7441858913317124,0.3577193821222226,0.002952340834136912,0.010772115312037072,1800000,3600000,4892400000,516.4200000000001
906,0.7431356051901478,0.3582737703207607,0.0006763708086344102,0.010736268039642852,1800000,3600000,4897800000,516.99
907,0.745165643560846,0.3524388959839001,0.0030005184937354004,0.010700540059226191,1800000,3600000,4903200000,517.5600000000001
908,0.7447026625398733,0.3582925951292641,0.0026556493352411425,0.010664930973809168,1800000,3600000,4908600000,518.1300000000001
909,0.7435021347147828,0.35810170991928336,0.00209513417833809,0.010629440387734914,1800000,3600000,4914000000,518.7
910,0.7416962042456269,0.35981172016135005,0.0018194013843125113,0.010594067906663207,1800000,3600000,4919400000,519.2700000000001
911,0.7409282521230343,0.35404424947732677,0.0012921984731455822,0.010558813137566122,1800000,3600000,4924800000,519.84
912,0.7426797594590028,0.3571670246286106,0.002307742197134917,0.01052367568872364,1800000,3600000,4930200000,520.4100000000001
913,0.7440681468253816,0.35473485266483296,0.0015233273428397883,0.010488655169719302,1800000,3600000,4935600000,520.98
914,0.7422195059740663,0.36203463229159427,0.0,0.010453751191435868,1800000,3600000,4941000000,521.5500000000001
915,0.7478840634090911,0.35175398814220193,0.0018113121569343453,0.010418963366051004,1800000,3600000,4946400000,522.12
916,0.7434407490139736,0.35801220366033437,0.0010020448136992877,0.01038429130703295,1800000,3600000,4951800000,522.69
917,0.7454273391892934,0.35788330668551505,0.0015499950696616861,0.010349734629136251,1800000,3600000,4957200000,523.2600000000001
918,0.7437662855187521,0.35492494887341325,0.002812074596517935,0.010315292948397467,1800000,3600000,4962600000,523.83
919,0.7436976187158986,0.35250021599894754,0.0015668077076251806,0.0102809658821309,1800000,3600000,4968000000,524.4000000000001
920,0.7423432735024993,0.3596704091843058,0.00032156969700115716,0.010246753048924351,1800000,3600000,4973400000,524.97
921,0.7434743205308048,0.35073299355274246,0.002182116450810008,0.010212654068634879,1800000,3600000,4978800000,525.5400000000001
922,0.7436371968282361,0.35443719124397377,0.0031709390333203927,0.010178668562384568,1800000,3600000,4984200000,526.11
923,0.7443683265112312,0.3595572392233506,0.0031356797414838363,0.010144796152556337,1800000,3600000,4989600000,526.6800000000001
924,0.744285494351362,0.35483912565315134,0.0024408372615471767,0.010111036462789725,1800000,3600000,4995000000,527.2500000000001
925,0.7443017203559167,0.3620314253016372,0.00101490289290506,0.010077389117976725,1800000,3600000,5000400000,527.82
926,0.7431588928509074,0.3543253657593609,0.0023366049574694535,0.010043853744257604,1800000,3600000,5005800000,528.3900000000001
927,0.7437227094339817,0.35463100166394246,0.0012598730054785541,0.010010429969016745,1800000,3600000,5011200000,528.96
928,0.7437932996781924,0.3557341681656594,0.0017442903956528854,0.009977117420878534,1800000,3600000,5016600000,529.5300000000001
929,0.7420830526334142,0.35922713479430385,0.0016596772706166212,0.009943915729703197,1800000,3600000,5022000000,530.1
930,0.743363323564449,0.354637097059858,0.002279936318313512,0.009910824526582717,1800000,3600000,5027400000,530.6700000000001
931,0.7414945496979642,0.3574953277258746,0.0010091335052424652,0.009877843443836716,1800000,3600000,5032800000,531.24
932,0.7424041803471324,0.35745003068571796,0.00133793186029142,0.009844972115008389,1800000,3600000,5038200000,531.8100000000001
933,0.7421243478043719,0.35576795217658685,9.379198336985383e-05,0.009812210174860397,1800000,3600000,5043600000,532.3800000000001
934,0.7452892707285658,0.35746471489435305,0.0016662866420042203,0.009779557259370852,1800000,3600000,5049000000,532.95
935,0.7417858810751751,0.3630612523421172,0.0015079453320584982,0.00974701300572925,1800000,3600000,5054400000,533.5200000000001
936,0.7426583387034044,0.3558414726146372,0.002500740272947717,0.009714577052332429,1800000,3600000,5059800000,534.09
937,0.7426858587711671,0.36200545395056744,0.0004742758122579611,0.00968224903878058,1800000,3600000,5065200000,534.6600000000001
938,0.742665529394551,0.3532337758654332,0.002164134054156567,0.009650028605873223,1800000,3600000,5070600000,535.23
939,0.7444758950821465,0.3553430701621989,0.003247056974656347,0.009617915395605208,1800000,3600000,5076000000,535.8000000000001
940,0.7428484577644028,0.3605239080687552,0.001609495822272386,0.009585909051162758,1800000,3600000,5081400000,536.37
941,0.7438159797817235,0.3567345151575623,0.0027752899805607496,0.009554009216919498,1800000,3600000,5086800000,536.94
942,0.742791616705084,0.35696946811936225,0.0010641917296998209,0.009522215538432497,1800000,3600000,5092200000,537.5100000000001
943,0.7454348222732066,0.3519396325827783,0.0030857418563984443,0.009490527662438332,1800000,3600000,5097600000,538.08
944,0.7447483157282927,0.35575583192606486,0.0017188356090469827,0.00945894523684917,1800000,3600000,5103000000,538.6500000000001
945,0.7436983446695554,0.3585897819313524,0.001850843236849136,0.009427467910748841,1800000,3600000,5108400000,539.22
946,0.74211394729635,0.354903458862286,0.0014547482371441124,0.009396095334388952,1800000,3600000,5113800000,539.7900000000001
947,0.7436369818921792,0.36016144158288377,0.0013593018007404065,0.009364827159185005,1800000,3600000,5119200000,540.36
948,0.7432058632282943,0.35588933442474124,0.0018395240715382308,0.009333663037712504,1800000,3600000,5124600000,540.9300000000001
949,0.7422026312033186,0.3587992356012356,0.0011569488283108254,0.009302602623703115,1800000,3600000,5130000000,541.5000000000001
950,0.7446586713387179,0.36122577159047126,0.00023094145743401116,0.009271645572040809,1800000,3600000,5135400000,542.07
951,0.7450392760529934,0.35743513404190996,0.0015129497365468673,0.00924079153875802,1800000,3600000,5140800000,542.6400000000001
952,0.7439271263842626,0.3576117400975461,0.002043748504021525,0.009210040181031845,1800000,3600000,5146200000,543.21
953,0.7464879545022499,0.3515633058948713,0.0,0.009179391157180212,1800000,3600000,5151600000,543.7800000000001
954,0.7429718091595438,0.36061252523489573,0.0012312033953989277,0.009148844126658095,1800000,3600000,5157000000,544.35
955,0.7453678467613529,0.3570688313074852,0.0008219016775631315,0.009118398750053738,1800000,3600000,5162400000,544.9200000000001
956,0.7414906619513054,0.3537342071928535,0.001894316149630306,0.009088054689084853,1800000,3600000,5167800000,545.49
957,0.7456004259405982,0.3555809266341235,0.000779402091312535,0.009057811606594903,1800000,3600000,5173200000,546.0600000000001
958,0.7444832441940631,0.35740195640898237,0.0013519027315648563,0.009027669166549323,1800000,3600000,5178600000,546.6300000000001
959,0.7412285121581198,0.362745866606711,0.0027436526437254385,0.008997627034031805,1800000,3600000,5184000000,547.2
960,0.7451443128124033,0.35527183354482994,0.0016721105772814218,0.008967684875240566,1800000,3600000,5189400000,547.7700000000001
961,0.7452423916718451,0.35809228543811106,0.0016733053991839736,0.00893784235748465,1800000,3600000,5194800000,548.34
962,0.7428415863591652,0.35949442007327004,0.001307930759420749,0.008908099149180209,1800000,3600000,5200200000,548.9100000000001
963,0.7453264941170176,0.35497885879767027,0.0013359896038016386,0.008878454919846852,1800000,3600000,5205600000,549.48
964,0.7466286226526079,0.35452960409154693,0.0016512819898487194,0.008848909340103947,1800000,3600000,5211000000,550.0500000000001
965,0.7448042513288664,0.3531150022339744,0.001477836471614333,0.00881946208166697,1800000,3600000,5216400000,550.62
966,0.7448537133606787,0.35502167410265156,0.0006494336969644818,0.008790112817343857,1800000,3600000,5221800000,551.19
967,0.7452764372970089,0.35354870932205157,0.001420550823583377,0.008760861221031375,1800000,3600000,5227200000,551.7600000000001
968,0.7427687093245805,0.353472719595489,0.0011936315517122767,0.008731706967711477,1800000,3600000,5232600000,552.33
969,0.7452997258581257,0.3608049986027681,0.000927073952533747,0.008702649733447719,1800000,3600000,5238000000,552.9000000000001
970,0.7450392308212,0.35362025401376784,0.002033213929546372,0.008673689195381645,1800000,3600000,5243400000,553.47
971,0.7438464864102498,0.35336297859034815,0.0007339866033207604,0.0086448250317292,1800000,3600000,5248800000,554.0400000000001
972,0.7437882552642296,0.354964897663035,0.002296582261894566,0.008616056921777155,1800000,3600000,5254200000,554.61
973,0.7445929471474392,0.3549841862995972,0.0013315627913009103,0.008587384545879555,1800000,3600000,5259600000,555.1800000000001
974,0.7413700291456876,0.3581459358616963,0.0005317987200443241,0.00855880758545414,1800000,3600000,5265000000,555.7500000000001
975,0.7455320090056035,0.3585568863167537,0.003477021152768924,0.008530325722978842,1800000,3600000,5270400000,556.32
976,0.7435553154092025,0.3606027454325761,0.0003554470043131454,0.008501938641988227,1800000,3600000,5275800000,556.8900000000001
977,0.7443417013862307,0.3560562961606816,0.0016860234729828693,0.00847364602706999,1800000,3600000,5281200000,557.46
978,0.7446385930901215,0.3525553916115765,0.00384698339166455,0.008445447563861456,1800000,3600000,5286600000,558.0300000000001
979,0.7421016903745417,0.360850363189109,0.0012521510858603082,0.008417342939046071,1800000,3600000,5292000000,558.6
980,0.7422643900904917,0.3585747598427448,0.00220496221737034,0.008389331840349944,1800000,3600000,5297400000,559.1700000000001
981,0.743319091574172,0.3596996020889932,0.001306480191304982,0.008361413956538348,1800000,3600000,5302800000,559.74
982,0.7423835801685102,0.3565830163173935,0.002435696428408278,0.008333588977412296,1800000,3600000,5308200000,560.3100000000001
983,0.7454589260599784,0.35158215863133924,0.0018250717567700836,0.008305856593805061,1800000,3600000,5313600000,560.8800000000001
984,0.7452129622745363,0.3582204741276275,0.00022031729253385135,0.008278216497578768,1800000,3600000,5319000000,561.45
985,0.7414612104727776,0.35913280104126005,0.0016097322087032418,0.008250668381620944,1800000,3600000,5324400000,562.0200000000001
986,0.744719840147267,0.3548412466780799,0.0007854605871356408,0.008223211939841133,1800000,3600000,5329800000,562.59
987,0.7447721110746487,0.35990208915232624,0.001401823020358176,0.008195846867167478,1800000,3600000,5335200000,563.1600000000001
988,0.7460056166799743,0.35779571381070757,0.0023385385473595655,0.008168572859543331,1800000,3600000,5340600000,563.73
989,0.743346014834922,0.35628527400931687,0.0025269883445543178,0.008141389613923886,1800000,3600000,5346000000,564.3000000000001
990,0.744970773596434,0.35570913766106466,0.002179493952350937,0.008114296828272803,1800000,3600000,5351400000,564.8700000000001
991,0.7422599060958496,0.3607889500114944,0.0020136700218206485,0.008087294201558844,1800000,3600000,5356800000,565.44
992,0.7441454329871701,0.3563998710170264,0.000580613258290952,0.00806038143375255,1800000,3600000,5362200000,566.0100000000001
993,0.7439804020526096,0.3571692333401377,0.0016263431563504607,0.008033558225822888,1800000,3600000,5367600000,566.58
994,0.7413833809309844,0.36148675369838673,0.002074529390461979,0.008006824279733942,1800000,3600000,5373000000,567.1500000000001
995,0.7434895169234353,0.35690719191281217,0.0019769740884251837,0.00798017929844159,1800000,3600000,5378400000,567.72
996,0.7458097645355326,0.3583006458133552,0.0010776033841343386,0.007953622985890214,1800000,3600000,5383800000,568.2900000000001
997,0.7465917541139786,0.35709522123761755,0.0018565677891759017,0.007927155047009393,1800000,3600000,5389200000,568.86
998,0.744628348761009,0.3465741642445742,0.0022823427770593298,0.007900775187710651,1800000,3600000,5394600000,569.4300000000001
999,0.7441366712767552,0.35311062639068674,0.002824847479568509,0.007874483114884165,1800000,3600000,5400000000,570.0000000000001
