round,test_accuracy,train_objective,mfg,hfr_tau,downlink_bytes,uplink_bytes,cumulative_serialized_bytes,single_device_elapsed_seconds
0,0.5035892787557059,0.5910019493722805,0.029021457382050492,0.22,1800000,9000000,10800000,0.6000000000000001
1,0.513315969320342,0.5873314957927842,0.029656860809975434,0.2192678875319951,1800000,9000000,21600000,1.2000000000000002
2,0.5181868201032097,0.5847750801276606,0.029277307441350254,0.21853821137610757,1800000,9000000,32400000,1.8000000000000003
3,0.5227033095745773,0.5793111184607809,0.028987742463814296,0.21781096342481698,1800000,9000000,43200000,2.4000000000000004
4,0.5270041214317407,0.5730691451201837,0.02900885354001853,0.21708613559758305,1800000,9000000,54000000,3.0000000000000004
5,0.53328758173522,0.5658508080989412,0.030639564710683683,0.21636371984075584,1800000,9000000,64800000,3.6000000000000005
6,0.536733559583278,0.5598828494705601,0.029452020748436118,0.21564370812748615,1800000,9000000,75600000,4.200000000000001
7,0.5413911077249414,0.559330618561138,0.0298987976398173,0.21492609245763647,1800000,9000000,86400000,4.800000000000001
8,0.5455341250566876,0.561081481499179,0.02974985722472901,0.2142108648576919,1800000,9000000,97200000,5.4
9,0.5540686275860754,0.5439194377510093,0.027285232313317066,0.21349801738067178,1800000,9000000,108000000,6.000000000000001
10,0.5563898432732073,0.5441505932964836,0.03120036947881199,0.2127875421060413,1800000,9000000,118800000,6.600000000000001
11,0.5619330481341931,0.5398159470079065,0.027228076658802548,0.21207943113962338,1800000,9000000,129600000,7.200000000000001
12,0.5698056164927338,0.5302529739960217,0.02722887573250996,0.2113736766135111,1800000,9000000,140400000,7.800000000000001
13,0.5708925403731268,0.5262215945730393,0.02771582666015968,0.2106702706859803,1800000,9000000,151200000,8.400000000000002
14,0.5750205445491515,0.5270143896379091,0.028800455126811418,0.20996920554140228,1800000,9000000,162000000,9.000000000000002
15,0.5808636318948707,0.5163759449378911,0.029576094801890634,0.20927047339015709,1800000,9000000,172800000,9.600000000000001
16,0.5848921939773511,0.5153444979248898,0.02840517484903811,0.208574066468547,1800000,9000000,183600000,10.200000000000001
17,0.5906744494428771,0.5131960491458546,0.02873984654929985,0.2078799770387102,1800000,9000000,194400000,10.8
18,0.595297639404162,0.507287041437244,0.028211485933112023,0.20718819738853472,1800000,9000000,205200000,11.400000000000002
19,0.5955146148376315,0.5007790585815979,0.02860316208107433,0.2064987198315729,1800000,9000000,216000000,12.000000000000002
20,0.6012025426830077,0.49907631655087914,0.02686277889086326,0.2058115367069559,1800000,9000000,226800000,12.600000000000001
21,0.6031376282782569,0.4960647418565309,0.02883522207575555,0.2051266403793086,1800000,9000000,237600000,13.200000000000003
22,0.6083039084492062,0.49569213937664963,0.026066294064846673,0.20444402323866478,1800000,9000000,248400000,13.800000000000002
23,0.6149483912008542,0.4821909314188582,0.02609714522201559,0.20376367770038248,1800000,9000000,259200000,14.400000000000002
24,0.6174629274462636,0.4845141583692898,0.025013807433174873,0.20308559620505987,1800000,9000000,270000000,15.000000000000002
25,0.6218049468023217,0.4769118260738291,0.02668667148070891,0.20240977121845113,1800000,9000000,280800000,15.600000000000001
26,0.6232168694570095,0.47981641691282306,0.028167644884786344,0.20173619523138275,1800000,9000000,291600000,16.200000000000003
27,0.6278664789269338,0.4773007725003931,0.027254733291334148,0.2010648607596702,1800000,9000000,302400000,16.800000000000004
28,0.6305439897796674,0.47343671724081593,0.025188076291036286,0.20039576034403467,1800000,9000000,313200000,17.400000000000002
29,0.6341211025962001,0.46364348294889113,0.025750802034566776,0.19972888655002022,1800000,9000000,324000000,18.000000000000004
30,0.6387087150620874,0.4626919864569028,0.026892515671153173,0.1990642319679111,1800000,9000000,334800000,18.6
31,0.6417554776631471,0.45468212601262853,0.026718965674100224,0.19840178921264964,1800000,9000000,345600000,19.200000000000003
32,0.6474889617269882,0.4509088466157919,0.027234640690326675,0.19774155092375395,1800000,9000000,356400000,19.800000000000004
33,0.6499730490688941,0.4518461122180667,0.02619999696687337,0.1970835097652362,1800000,9000000,367200000,20.400000000000002
34,0.6504451208123443,0.4480116507603811,0.026683164772154294,0.19642765842552126,1800000,9000000,378000000,21.000000000000004
35,0.6513304504709763,0.4492753901518961,0.026792411431590234,0.19577398961736522,1800000,9000000,388800000,21.6
36,0.6560835971379849,0.44552424482623304,0.027117264065628362,0.19512249607777465,1800000,9000000,399600000,22.200000000000003
37,0.660457460057155,0.43501694999796514,0.026413177340339614,0.1944731705679257,1800000,9000000,410400000,22.800000000000004
38,0.6636693916114746,0.4372282161371053,0.026180340311832074,0.1938260058730838,1800000,9000000,421200000,23.400000000000002
39,0.6651133434555571,0.4379600925989084,0.02460793311393406,0.1931809948025235,1800000,9000000,432000000,24.000000000000004
40,0.6703905014460135,0.43202310061105187,0.025684366673310442,0.19253813018944846,1800000,9000000,442800000,24.600000000000005
41,0.670839929207644,0.43084217138835484,0.025577637411152866,0.19189740489091192,1800000,9000000,453600000,25.200000000000003
42,0.672004685990528,0.43196886768964654,0.024823113602702358,0.1912588117877373,1800000,9000000,464400000,25.800000000000004
43,0.6776828910459023,0.42498323088880313,0.026601167793695146,0.1906223437844391,1800000,9000000,475200000,26.400000000000006
44,0.6775429492009579,0.4203316479054698,0.026191583947066336,0.1899879938091441,1800000,9000000,486000000,27.000000000000004
45,0.6845609315718292,0.41918929338919947,0.024753366873737973,0.18935575481351272,1800000,9000000,496800000,27.600000000000005
46,0.6850449303089572,0.4164984089674792,0.025128926983626895,0.1887256197726607,1800000,9000000,507600000,28.200000000000003
47,0.6863126311169823,0.41523060865112577,0.025700708658159446,0.1880975816850811,1800000,9000000,518400000,28.800000000000004
48,0.6884366659660276,0.41550435793688767,0.024582235315188584,0.1874716335725665,1800000,9000000,529200000,29.400000000000006
49,0.6913387474270926,0.4089483887184656,0.027041242996984776,0.18684776848013143,1800000,9000000,540000000,30.000000000000004
50,0.6945211167916224,0.4035851462845139,0.024423027275996836,0.1862259794759351,1800000,9000000,550800000,30.600000000000005
51,0.6979509331113106,0.4072672925106696,0.025929846755371695,0.18560625965120442,1800000,9000000,561600000,31.200000000000003
52,0.6986694836293259,0.4000792760906069,0.02351662337747302,0.18498860212015716,1800000,9000000,572400000,31.800000000000004
53,0.7001810130965833,0.4051996198740653,0.024857506215650572,0.18437300001992551,1800000,9000000,583200000,32.400000000000006
54,0.7057089280824242,0.39321502748527204,0.02505198068213765,0.18375944651047985,1800000,9000000,594000000,33.00000000000001
55,0.7026511719947615,0.3976172821824852,0.023012833663749326,0.1831479347745526,1800000,9000000,604800000,33.60000000000001
56,0.7090463139993356,0.39568224835634314,0.021659002798669995,0.18253845801756263,1800000,9000000,615600000,34.2
57,0.7110346685567055,0.3883196694250886,0.02196376570853423,0.1819310094675397,1800000,9000000,626400000,34.800000000000004
58,0.7137064096521923,0.38791591737820025,0.02539905655224727,0.18132558237504928,1800000,9000000,637200000,35.400000000000006
59,0.7160960231871808,0.38286359444555235,0.0233346412896892,0.18072217001311738,1800000,9000000,648000000,36.00000000000001
60,0.7175397129232758,0.38155437478902643,0.02357864796071987,0.18012076567715601,1800000,9000000,658800000,36.60000000000001
61,0.7188269554522055,0.3765015506043641,0.024000979084598122,0.1795213626848886,1800000,9000000,669600000,37.2
62,0.721893952422002,0.37217423557029344,0.02330093471514955,0.17892395437627573,1800000,9000000,680400000,37.800000000000004
63,0.7235399303935519,0.3747347788400016,0.022920392268657393,0.17832853411344116,1800000,9000000,691200000,38.400000000000006
64,0.7228108464676318,0.37731371981591233,0.02392299467921283,0.17773509528059805,1800000,9000000,702000000,39.00000000000001
65,0.7292891687254899,0.3710146377587487,0.023780906166611215,0.17714363128397553,1800000,9000000,712800000,39.60000000000001
66,0.7308877877960667,0.36594456596447084,0.02244440354940184,0.17655413555174526,1800000,9000000,723600000,40.2
67,0.7271867782948486,0.37538054297131607,0.022903015274587577,0.17596660153394866,1800000,9000000,734400000,40.800000000000004
68,0.7324035798924726,0.36948618312419035,0.02302533972882225,0.1753810227024239,1800000,9000000,745200000,41.400000000000006
69,0.7308660421920283,0.36403212971482574,0.02423791391649168,0.17479739255073348,1800000,9000000,756000000,42.00000000000001
70,0.7343270406097497,0.3635893510875968,0.02048123300102097,0.17421570459409197,1800000,9000000,766800000,42.60000000000001
71,0.7385276846681691,0.3655475931871373,0.022622263443694605,0.17363595236929383,1800000,9000000,777600000,43.2
72,0.7405838723394408,0.36070811433213096,0.022848025725632878,0.17305812943464177,1800000,9000000,788400000,43.800000000000004
73,0.741626887554474,0.35935351168450663,0.02182989940913692,0.17248222936987492,1800000,9000000,799200000,44.400000000000006
74,0.7418185079094455,0.35673682182006244,0.020904026695310787,0.1719082457760978,1800000,9000000,810000000,45.00000000000001
75,0.7436601830998448,0.3531914066941874,0.021903071116445474,0.17133617227570908,1800000,9000000,820800000,45.60000000000001
76,0.7445958894758488,0.35414008945954883,0.021858203262078053,0.17076600251233054,1800000,9000000,831600000,46.20000000000001
77,0.7453779638294633,0.3528981712121737,0.021941998615686364,0.17019773015073678,1800000,9000000,842400000,46.800000000000004
78,0.7506081939431544,0.34961678323548095,0.02216956134780637,0.16963134887678458,1800000,9000000,853200000,47.400000000000006
79,0.7488213486227361,0.350346504821148,0.021672199971386804,0.16906685239734287,1800000,9000000,864000000,48.00000000000001
80,0.7491664202562903,0.3489243286965776,0.022677706576549238,0.16850423444022272,1800000,9000000,874800000,48.60000000000001
81,0.7517600904358607,0.3483382913783776,0.0212147004899944,0.1679434887541077,1800000,9000000,885600000,49.20000000000001
82,0.754158640822597,0.34911066677355357,0.02064493013909707,0.16738460910848446,1800000,9000000,896400000,49.800000000000004
83,0.7553283160926106,0.33854440064996627,0.021168168918974686,0.16682758929357333,1800000,9000000,907200000,50.400000000000006
84,0.7591678596767291,0.3417707132136127,0.02181086774133767,0.1662724231202596,1800000,9000000,918000000,51.00000000000001
85,0.759688061178352,0.33887065612378836,0.02239803642424095,0.1657191044200245,1800000,9000000,928800000,51.60000000000001
86,0.7615331570188362,0.3358253572663214,0.023116055626138457,0.16516762704487678,1800000,9000000,939600000,52.20000000000001
87,0.7602100380581535,0.342121456843129,0.02295092713719306,0.16461798486728435,1800000,9000000,950400000,52.80000000000001
88,0.7638373854692211,0.33362091433686036,0.020378454545252292,0.16407017178010627,1800000,9000000,961200000,53.400000000000006
89,0.762319086049894,0.33342844339408534,0.021004535515302833,0.16352418169652483,1800000,9000000,972000000,54.00000000000001
90,0.7655563818734148,0.3384851699830605,0.020771267690069206,0.16298000854997793,1800000,9000000,982800000,54.60000000000001
91,0.7646255861310652,0.3384327162613899,0.020648361578881117,0.16243764629409166,1800000,9000000,993600000,55.20000000000001
92,0.7661499149685652,0.3369356085971835,0.019933767594361693,0.16189708890261317,1800000,9000000,1004400000,55.80000000000001
93,0.7653934215506896,0.33097991958416917,0.021593567535044714,0.16135833036934363,1800000,9000000,1015200000,56.400000000000006
94,0.7701393644087643,0.3267759721977162,0.021895928701100412,0.1608213647080716,1800000,9000000,1026000000,57.00000000000001
95,0.769568851007296,0.33264454244434377,0.01963162372215928,0.16028618595250646,1800000,9000000,1036800000,57.60000000000001
96,0.7709498707683898,0.3303658792515105,0.02014222399889351,0.159752788156212,1800000,9000000,1047600000,58.20000000000001
97,0.770941107709612,0.3304301524070818,0.020301725941020875,0.15922116539254064,1800000,9000000,1058400000,58.80000000000001
98,0.7738863154534471,0.3286549679825821,0.021075544573348336,0.15869131175456724,1800000,9000000,1069200000,59.400000000000006
99,0.7761424214260172,0.3228259162254426,0.021153658268989788,0.15816322135502375,1800000,9000000,1080000000,60.00000000000001
100,0.7748864731538515,0.3248639239020926,0.020806047902500277,0.15763688832623365,1800000,9000000,1090800000,60.60000000000001
101,0.775629605378139,0.32461835560228086,0.018875822654487243,0.1571123068200467,1800000,9000000,1101600000,61.20000000000001
102,0.7768591499275855,0.32596393919741345,0.019614290511901823,0.15658947100777412,1800000,9000000,1112400000,61.80000000000001
103,0.7786987746796353,0.3182606525676974,0.020866623848688707,0.1560683750801238,1800000,9000000,1123200000,62.400000000000006
104,0.7828901307838088,0.31829956045320607,0.01934511095665091,0.1555490132471355,1800000,9000000,1134000000,63.00000000000001
105,0.7798528444902557,0.32478008012499116,0.019558124482616304,0.15503137973811695,1800000,9000000,1144800000,63.60000000000001
106,0.779718512533486,0.31901985208249556,0.019976248023821436,0.15451546880157935,1800000,9000000,1155600000,64.2
107,0.7807630594312117,0.3159376582161923,0.016946369162332622,0.15400127470517364,1800000,9000000,1166400000,64.80000000000001
108,0.7787558775688143,0.3182464413696322,0.020781119018496323,0.15348879173562682,1800000,9000000,1177200000,65.4
109,0.7835247547514507,0.31853518967143196,0.021067575200162374,0.1529780141986784,1800000,9000000,1188000000,66.00000000000001
110,0.7831347437582724,0.3199428804784185,0.020017883568102433,0.15246893641901713,1800000,9000000,1198800000,66.60000000000001
111,0.7850457243405543,0.31890140721099725,0.01926618336303431,0.15196155274021803,1800000,9000000,1209600000,67.20000000000002
112,0.7871941039520195,0.314405646818722,0.01981152744933267,0.1514558575246794,1800000,9000000,1220400000,67.80000000000001
113,0.7876456914827209,0.31965358142833183,0.019435232523293974,0.1509518451535604,1800000,9000000,1231200000,68.4
114,0.7895118195825701,0.30630026097738183,0.018674089848647577,0.15044951002671828,1800000,9000000,1242000000,69.00000000000001
115,0.7868845263609685,0.3149779360377811,0.017360647909469108,0.14994884656264654,1800000,9000000,1252800000,69.60000000000001
116,0.7929812105955449,0.30923736930327816,0.018268887777701713,0.14944984919841262,1800000,9000000,1263600000,70.20000000000002
117,0.7910591637144293,0.3083301968052904,0.018638392399331693,0.14895251238959623,1800000,9000000,1274400000,70.80000000000001
118,0.7923937106184769,0.3095022286666999,0.017733087125344892,0.1484568306102277,1800000,9000000,1285200000,71.4
119,0.7933636432153167,0.3033477684736283,0.01804731412548791,0.14796279835272666,1800000,9000000,1296000000,72.00000000000001
120,0.7942959607059018,0.3018896335912187,0.017267151901481013,0.14747041012784065,1800000,9000000,1306800000,72.60000000000001
121,0.7930297056005102,0.3068632216950942,0.01940168551580177,0.14697966046458436,1800000,9000000,1317600000,73.20000000000002
122,0.7971188239125033,0.3113056391470175,0.01663540451840562,0.14649054391017868,1800000,9000000,1328400000,73.80000000000001
123,0.7966089341216587,0.30205324527078375,0.017908709761890754,0.14600305502999028,1800000,9000000,1339200000,74.4
124,0.7966967841912622,0.3051678645116939,0.019575249558829146,0.14551718840747094,1800000,9000000,1350000000,75.00000000000001
125,0.7966430335155895,0.3023184051227894,0.017535093439542487,0.14503293864409764,1800000,9000000,1360800000,75.60000000000001
126,0.7976736101337344,0.3003660730043111,0.0165441872620515,0.1445503003593125,1800000,9000000,1371600000,76.20000000000002
127,0.7965621230731185,0.30600593391495495,0.018611259571512197,0.14406926819046292,1800000,9000000,1382400000,76.80000000000001
128,0.7951789863691971,0.3073791942264827,0.018009555994167436,0.14358983679274215,1800000,9000000,1393200000,77.4
129,0.7962116842671731,0.29894884216497425,0.01564436577997089,0.14311200083912964,1800000,9000000,1404000000,78.00000000000001
130,0.7992325831772549,0.2922065372392131,0.018793917659805537,0.14263575502033213,1800000,9000000,1414800000,78.60000000000001
131,0.8025653013518368,0.3027483630240227,0.017570951413805207,0.14216109404472455,1800000,9000000,1425600000,79.20000000000002
132,0.7989081618471864,0.30229234397277854,0.01788433129567399,0.14168801263829112,1800000,9000000,1436400000,79.80000000000001
133,0.8018513207998832,0.2954703881273348,0.020089533588487987,0.14121650554456688,1800000,9000000,1447200000,80.4
134,0.8014061479278782,0.2990261172814982,0.01632235407829163,0.14074656752457937,1800000,9000000,1458000000,81.00000000000001
135,0.8036531454028346,0.2966138900302814,0.01660592080717811,0.14027819335679012,1800000,9000000,1468800000,81.60000000000001
136,0.8008473939089161,0.2948030034318184,0.017337261784669544,0.13981137783703693,1800000,9000000,1479600000,82.20000000000002
137,0.7997711447217485,0.30495636129813025,0.01629796757567536,0.13934611577847586,1800000,9000000,1490400000,82.80000000000001
138,0.8046326565183828,0.2952599767996977,0.01929016655235871,0.13888240201152371,1800000,9000000,1501200000,83.4
139,0.8024201455294736,0.29421790852415386,0.018023696711566055,0.13842023138380052,1800000,9000000,1512000000,84.00000000000001
140,0.8026287780305232,0.3010157506140005,0.015094638700335408,0.13795959876007233,1800000,9000000,1522800000,84.60000000000001
141,0.8071402822235194,0.29491723476373166,0.015575752471166868,0.13750049902219416,1800000,9000000,1533600000,85.20000000000002
142,0.8070920393346539,0.2899791520085625,0.018922565777969347,0.13704292706905308,1800000,9000000,1544400000,85.80000000000001
143,0.8052545957247189,0.29163779729461825,0.015189585904126574,0.13658687781651155,1800000,9000000,1555200000,86.4
144,0.8077188932735381,0.2894015007095604,0.018360283755093867,0.13613234619735098,1800000,9000000,1566000000,87.00000000000001
145,0.8051420251603737,0.28932577392451636,0.014796203774312369,0.1356793271612154,1800000,9000000,1576800000,87.60000000000001
146,0.809608864304988,0.28858596126529396,0.01532430922794423,0.1352278156745552,1800000,9000000,1587600000,88.20000000000002
147,0.8064578903855499,0.2897896391050163,0.017380467302451703,0.13477780672057155,1800000,9000000,1598400000,88.80000000000001
148,0.8106437388897975,0.28788205399337147,0.015792671685308474,0.13432929529916027,1800000,9000000,1609200000,89.40000000000002
149,0.8110523776047933,0.29259552391373334,0.016467762562590606,0.13388227642685652,1800000,9000000,1620000000,90.00000000000001
150,0.8106232337377225,0.2921983784898933,0.0157435047234166,0.13343674513677936,1800000,9000000,1630800000,90.60000000000001
151,0.8097782686770376,0.28878464133839205,0.016903594494780735,0.1329926964785765,1800000,9000000,1641600000,91.20000000000002
152,0.810392764594752,0.291789193650814,0.018392360916361445,0.13255012551836945,1800000,9000000,1652400000,91.80000000000001
153,0.8097975080057872,0.29130344656651475,0.01590771171585608,0.1321090273386985,1800000,9000000,1663200000,92.40000000000002
154,0.8107174373389517,0.29078469225354747,0.01731656126885526,0.13166939703846825,1800000,9000000,1674000000,93.00000000000001
155,0.8131344512285795,0.2821994654015127,0.016536650849884253,0.13123122973289303,1800000,9000000,1684800000,93.60000000000001
156,0.8115655163964062,0.2889205136475536,0.015500620367751706,0.13079452055344276,1800000,9000000,1695600000,94.20000000000002
157,0.8132463264198753,0.28794215564579423,0.015605107884253277,0.13035926464778871,1800000,9000000,1706400000,94.80000000000001
158,0.8138010511709556,0.2879046956353184,0.01712376107705209,0.12992545717974963,1800000,9000000,1717200000,95.40000000000002
159,0.8115351232724622,0.290875617139261,0.01699434998514181,0.12949309332923814,1800000,9000000,1728000000,96.00000000000001
160,0.8150116706853063,0.2878981686848781,0.014685172660512683,0.129062168292207,1800000,9000000,1738800000,96.60000000000001
161,0.8125120492065988,0.2880644353652044,0.0153222204071028,0.1286326772805958,1800000,9000000,1749600000,97.20000000000002
162,0.8151123027141555,0.28990011330412035,0.014941126714808371,0.12820461552227772,1800000,9000000,1760400000,97.80000000000001
163,0.8133449777855132,0.28557615672576003,0.01499299157266642,0.12777797826100667,1800000,9000000,1771200000,98.40000000000002
164,0.8137455030183103,0.2822236969377417,0.01777665673405322,0.12735276075636423,1800000,9000000,1782000000,99.00000000000001
165,0.8164566693830956,0.2859473925579479,0.014928410957025302,0.12692895828370707,1800000,9000000,1792800000,99.60000000000001
166,0.815025145684206,0.28485597287041897,0.014348777374299234,0.12650656613411448,1800000,9000000,1803600000,100.20000000000002
167,0.815839737342262,0.28920758383711037,0.016650921752833045,0.12608557961433597,1800000,9000000,1814400000,100.80000000000001
168,0.8171523364755937,0.28381012412116563,0.015367769080314474,0.12566599404673928,1800000,9000000,1825200000,101.40000000000002
169,0.8161227889172137,0.28545875048424846,0.015503765144732007,0.12524780476925818,1800000,9000000,1836000000,102.00000000000001
170,0.8157169318206691,0.28694167763232226,0.015426715583965989,0.12483100713534084,1800000,9000000,1846800000,102.60000000000001
171,0.8140160755899922,0.2875641630619698,0.015846581203422524,0.12441559651389816,1800000,9000000,1857600000,103.20000000000002
172,0.8173549603151734,0.28391631400705797,0.015639691531966263,0.12400156828925231,1800000,9000000,1868400000,103.80000000000001
173,0.8158167883250588,0.2807178954808664,0.014208209918049552,0.12358891786108542,1800000,9000000,1879200000,104.40000000000002
174,0.818596588563493,0.2815747710851589,0.015464282240899047,0.12317764064438845,1800000,9000000,1890000000,105.00000000000001
175,0.8168889379250214,0.2839993270704055,0.01501836288548444,0.12276773206941036,1800000,9000000,1900800000,105.60000000000002
176,0.8176276033802669,0.2853972221585325,0.015479933578833283,0.1223591875816072,1800000,9000000,1911600000,106.20000000000002
177,0.8189006297345521,0.281533319701654,0.01342610540690941,0.12195200264159156,1800000,9000000,1922400000,106.80000000000001
178,0.8187770249901498,0.2764122404092692,0.013997642078262831,0.12154617272508213,1800000,9000000,1933200000,107.40000000000002
179,0.820511320499276,0.2811566214943452,0.01506903555906317,0.12114169332285347,1800000,9000000,1944000000,108.00000000000001
180,0.8209585593076619,0.27504835085073553,0.013308521689642921,0.12073855994068583,1800000,9000000,1954800000,108.60000000000002
181,0.8208521794604794,0.27911067644151033,0.013952954134239222,0.12033676809931522,1800000,9000000,1965600000,109.20000000000002
182,0.8238882446446766,0.2738465391351762,0.015370671260189768,0.11993631333438377,1800000,9000000,1976400000,109.80000000000001
183,0.8206862690888508,0.2828388887358257,0.015222172716929229,0.11953719119638996,1800000,9000000,1987200000,110.40000000000002
184,0.8200382873422118,0.2864685559109686,0.015041688975661001,0.11913939725063923,1800000,9000000,1998000000,111.00000000000001
185,0.8197320708203447,0.27885950488211475,0.0157130917361183,0.11874292707719478,1800000,9000000,2008800000,111.60000000000002
186,0.8217193373882532,0.27905445730094774,0.012855624963469568,0.11834777627082839,1800000,9000000,2019600000,112.20000000000002
187,0.8224950278924463,0.2782286467995361,0.014270886740939005,0.11795394044097147,1800000,9000000,2030400000,112.80000000000001
188,0.8199330674941292,0.28491703821987113,0.013681013192788576,0.11756141521166627,1800000,9000000,2041200000,113.40000000000002
189,0.8197568444359126,0.2843995708304571,0.013948351696827916,0.11717019622151738,1800000,9000000,2052000000,114.00000000000001
190,0.8200889629816239,0.2824602669862237,0.014197411312559565,0.11678027912364307,1800000,9000000,2062800000,114.60000000000002
191,0.8210112951336784,0.27955058538929234,0.013057596020315978,0.11639165958562711,1800000,9000000,2073600000,115.20000000000002
192,0.820753123263427,0.27617605878934526,0.013418289373409107,0.11600433328947068,1800000,9000000,2084400000,115.80000000000001
193,0.8222908711244712,0.2783107804090431,0.014438977845444395,0.11561829593154425,1800000,9000000,2095200000,116.40000000000002
194,0.8220487801676587,0.2763932086383355,0.01332716314399368,0.11523354322253988,1800000,9000000,2106000000,117.00000000000001
195,0.8199791449414793,0.27857564812247493,0.01439480878443681,0.11485007088742354,1800000,9000000,2116800000,117.60000000000002
196,0.8197603288691556,0.27724434782348106,0.014681116202596487,0.11446787466538752,1800000,9000000,2127600000,118.20000000000002
197,0.8219191722190932,0.2761234495128524,0.013652765103224286,0.11408695030980319,1800000,9000000,2138400000,118.80000000000001
198,0.822698165092125,0.2757352036568063,0.011942418890688412,0.11370729358817382,1800000,9000000,2149200000,119.40000000000002
199,0.8222189703293429,0.28112363874706187,0.013354712208427787,0.1133289002820875,1800000,9000000,2160000000,120.00000000000001
200,0.8216265316790746,0.2807438099736189,0.01568317044646908,0.11295176618717025,1800000,9000000,2170800000,120.60000000000002
201,0.8216897152591028,0.28037865738295065,0.012339866546929514,0.11257588711303934,1800000,9000000,2181600000,121.20000000000002
202,0.8207868463501007,0.27746427233323645,0.01243739707679862,0.11220125888325679,1800000,9000000,2192400000,121.80000000000001
203,0.8206250032251705,0.277985363284385,0.01314692527669245,0.11182787733528282,1800000,9000000,2203200000,122.40000000000002
204,0.8227426993145457,0.27956065642048095,0.01294775027857443,0.1114557383204297,1800000,9000000,2214000000,123.00000000000001
205,0.8209332310663083,0.27251017304181824,0.013344006241449623,0.11108483770381573,1800000,9000000,2224800000,123.60000000000002
206,0.8204554092502078,0.2790543344181407,0.013550312521684914,0.11071517136431909,1800000,9000000,2235600000,124.20000000000002
207,0.8214365333323658,0.2792508386256481,0.011470147690173292,0.11034673519453223,1800000,9000000,2246400000,124.80000000000001
208,0.8209530365573191,0.27869738972651686,0.011675189329890106,0.10997952510071608,1800000,9000000,2257200000,125.40000000000002
209,0.8212767690221948,0.2810375965620504,0.012426096665948568,0.10961353700275477,1800000,9000000,2268000000,126.00000000000001
210,0.8197578554485929,0.2722689757793212,0.0123236164435855,0.1092487668341101,1800000,9000000,2278800000,126.60000000000002
211,0.8213041161347739,0.284002852819652,0.013695362293953347,0.10888521054177641,1800000,9000000,2289600000,127.20000000000002
212,0.8200991340462336,0.27529032945281273,0.01301839411650599,0.10852286408623565,1800000,9000000,2300400000,127.80000000000003
213,0.820642873657888,0.2790296673897695,0.012543046830623962,0.10816172344141232,1800000,9000000,2311200000,128.4
214,0.822701373130174,0.2786747716802817,0.014450099342597438,0.1078017845946289,1800000,9000000,2322000000,129.00000000000003
215,0.8223845835661785,0.2772190328717456,0.012829558599868427,0.10744304354656116,1800000,9000000,2332800000,129.60000000000002
216,0.8208043752332682,0.28252762779433604,0.012097218059600661,0.10708549631119377,1800000,9000000,2343600000,130.20000000000002
217,0.8213431074998019,0.27524588690229906,0.011993778243390844,0.10672913891577596,1800000,9000000,2354400000,130.8
218,0.8234178790613874,0.273647996642972,0.014030253457323791,0.1063739674007775,1800000,9000000,2365200000,131.4
219,0.8213532907212977,0.2773563201259496,0.012646333692833835,0.10601997781984454,1800000,9000000,2376000000,132.00000000000003
220,0.8194400694226849,0.282764833304195,0.012301773555621466,0.10566716623975587,1800000,9000000,2386800000,132.60000000000002
221,0.8207930847992021,0.28141251952624574,0.012264961022998693,0.10531552874037918,1800000,9000000,2397600000,133.20000000000002
222,0.8184613895008424,0.2820765798875117,0.012687865253376448,0.10496506141462757,1800000,9000000,2408400000,133.8
223,0.8217571323390267,0.28177922623037555,0.012437449611121051,0.10461576036841601,1800000,9000000,2419200000,134.40000000000003
224,0.8226326236559398,0.277520089489695,0.011597511006654744,0.10426762172061814,1800000,9000000,2430000000,135.00000000000003
225,0.8239076531925337,0.27390227921312005,0.013208754567963983,0.10392064160302324,1800000,9000000,2440800000,135.60000000000002
226,0.8220702953562503,0.27748302454150336,0.01213542137388315,0.10357481616029306,1800000,9000000,2451600000,136.20000000000002
227,0.8219893389672018,0.2814969678342583,0.011656467684508835,0.10323014154991914,1800000,9000000,2462400000,136.8
228,0.8204440356281336,0.27946482047008187,0.013259206724761627,0.10288661394218003,1800000,9000000,2473200000,137.40000000000003
229,0.8209177484909036,0.2785196239871092,0.011919416139833027,0.10254422952009878,1800000,9000000,2484000000,138.00000000000003
230,0.819795805119255,0.2774188394140129,0.011070495824983087,0.10220298447940052,1800000,9000000,2494800000,138.60000000000002
231,0.8220204371720197,0.2735548642478105,0.01247587315118196,0.10186287502847018,1800000,9000000,2505600000,139.20000000000002
232,0.8221704970002525,0.27408839304797,0.010944857571504296,0.10152389738831034,1800000,9000000,2516400000,139.8
233,0.8219138204312828,0.27788729681204455,0.012442019592423201,0.1011860477924993,1800000,9000000,2527200000,140.40000000000003
234,0.8171798903829419,0.2828111277686837,0.012225276476646276,0.10084932248714917,1800000,9000000,2538000000,141.00000000000003
235,0.8212754618160195,0.2792637732325378,0.01266807400673163,0.10051371773086425,1800000,9000000,2548800000,141.60000000000002
236,0.8207846611495636,0.2759328214488447,0.01092245611577874,0.1001792297946993,1800000,9000000,2559600000,142.20000000000002
237,0.8231600236230416,0.2741918497632038,0.011209204210339855,0.09984585496211829,1800000,9000000,2570400000,142.8
238,0.8214531007890026,0.2793975462876912,0.012322187089823015,0.09951358952895295,1800000,9000000,2581200000,143.40000000000003
239,0.8195638549485419,0.2855099704864564,0.010652032344143874,0.09918242980336175,1800000,9000000,2592000000,144.00000000000003
240,0.8222350889334956,0.2765737493226496,0.011372945223766072,0.09885237210578875,1800000,9000000,2602800000,144.60000000000002
241,0.819127082470313,0.2820158942779756,0.01138569632421321,0.09852341276892282,1800000,9000000,2613600000,145.20000000000002
242,0.8233074588984629,0.2757716640054955,0.009496104577242918,0.09819554813765684,1800000,9000000,2624400000,145.8
243,0.8167463831551152,0.28424236647362566,0.010384015726567301,0.09786877456904704,1800000,9000000,2635200000,146.40000000000003
244,0.8204773918067102,0.28527317198979885,0.009595339704348149,0.09754308843227269,1800000,9000000,2646000000,147.00000000000003
245,0.8211116378316744,0.27464233902295354,0.010742241912144054,0.09721848610859557,1800000,9000000,2656800000,147.60000000000002
246,0.8228248285179738,0.2727033697756674,0.010787331853161115,0.09689496399131985,1800000,9000000,2667600000,148.20000000000002
247,0.8209013917830779,0.2803858338032797,0.010027618414462067,0.09657251848575199,1800000,9000000,2678400000,148.8
248,0.8211269436761374,0.2831204268668751,0.01125739459098224,0.09625114600916085,1800000,9000000,2689200000,149.40000000000003
249,0.8190655337687034,0.28377401208190883,0.0115122089933421,0.09593084299073784,1800000,9000000,2700000000,150.00000000000003
250,0.8212424198508042,0.2796428589770734,0.011948151582367117,0.0956116058715572,1800000,9000000,2710800000,150.60000000000002
251,0.8204427487923313,0.27978672797374265,0.011368399604457213,0.0952934311045366,1800000,9000000,2721600000,151.20000000000002
252,0.8195927472330996,0.2798786051089847,0.010352423573321126,0.09497631515439754,1800000,9000000,2732400000,151.8
253,0.8190885873188141,0.27788033352133856,0.011540502567313654,0.0946602544976262,1800000,9000000,2743200000,152.40000000000003
254,0.8203132523672767,0.2802582829683675,0.012809708389096312,0.09434524562243425,1800000,9000000,2754000000,153.00000000000003
255,0.8201059050087719,0.28009085372530396,0.010787768762582804,0.09403128502871988,1800000,9000000,2764800000,153.60000000000002
256,0.8189923042792299,0.28279189434347224,0.011282293612263898,0.09371836922802874,1800000,9000000,2775600000,154.20000000000002
257,0.8217389422070495,0.2791291117841807,0.011574368717772288,0.09340649474351545,1800000,9000000,2786400000,154.8
258,0.8221133191563277,0.28332649690188594,0.01035746849248604,0.09309565810990474,1800000,9000000,2797200000,155.40000000000003
259,0.822450198691988,0.27754924557434946,0.009198781519981929,0.09278585587345302,1800000,9000000,2808000000,156.00000000000003
260,0.819850502811723,0.28027804660157307,0.01134982577200622,0.09247708459191002,1800000,9000000,2818800000,156.60000000000002
261,0.8209720094730464,0.2772910734192646,0.011704810523716762,0.09216934083448058,1800000,9000000,2829600000,157.20000000000002
262,0.8205632445253302,0.28309193708133645,0.010451641232354994,0.09186262118178642,1800000,9000000,2840400000,157.8
263,0.821654842408659,0.28055583375602655,0.0122490629714043,0.09155692222582827,1800000,9000000,2851200000,158.40000000000003
264,0.8197331751701162,0.27802134923043204,0.009261002422211343,0.0912522405699479,1800000,9000000,2862000000,159.00000000000003
265,0.8208957038351339,0.28086733752885323,0.01140780442270471,0.09094857282879044,1800000,9000000,2872800000,159.60000000000002
266,0.8189158983256016,0.28390900263499286,0.01208727562081183,0.09064591562826678,1800000,9000000,2883600000,160.20000000000002
267,0.8218779703339165,0.2790569313723333,0.012069451441436292,0.090344265605516,1800000,9000000,2894400000,160.8
268,0.8225732660025608,0.2779211718206117,0.011411564322651587,0.0900436194088681,1800000,9000000,2905200000,161.40000000000003
269,0.8207993825878507,0.27802755369426196,0.010614513398451524,0.08974397369780665,1800000,9000000,2916000000,162.00000000000003
270,0.8220378805269236,0.2798834242925697,0.009796845924441038,0.08944532514293181,1800000,9000000,2926800000,162.60000000000002
271,0.8194576426874287,0.28231892381189366,0.00946110010504794,0.08914767042592323,1800000,9000000,2937600000,163.20000000000002
272,0.8217267537677211,0.27919916401744344,0.011292750844626638,0.08885100623950319,1800000,9000000,2948400000,163.8
273,0.8206696151049598,0.2735790355400478,0.00806071508796484,0.08855532928739991,1800000,9000000,2959200000,164.40000000000003
274,0.8210126486879813,0.2839314057763215,0.0086173101509147,0.08826063628431091,1800000,9000000,2970000000,165.00000000000003
275,0.8190989914782947,0.2816413285021133,0.010513633424798927,0.08796692395586642,1800000,9000000,2980800000,165.60000000000002
276,0.8225979434205303,0.2865463986451679,0.010580283483874258,0.08767418903859311,1800000,9000000,2991600000,166.20000000000002
277,0.8191754309644081,0.2834160603893875,0.010371469705534184,0.0873824282798778,1800000,9000000,3002400000,166.8
278,0.8231739014937929,0.27642373913732654,0.011886145510907935,0.08709163843793126,1800000,9000000,3013200000,167.40000000000003
279,0.8154270607392837,0.28202887197920595,0.01043245828149418,0.08680181628175224,1800000,9000000,3024000000,168.00000000000003
280,0.8198672628224889,0.2777694098596664,0.00988655023520636,0.08651295859109161,1800000,9000000,3034800000,168.60000000000002
281,0.823417147130092,0.2770194173391631,0.008641896833292285,0.0862250621564165,1800000,9000000,3045600000,169.20000000000002
282,0.820653172786488,0.277394809212323,0.009885622598796417,0.08593812377887465,1800000,9000000,3056400000,169.8
283,0.8178768755792515,0.2830369410612937,0.009058195994988626,0.08565214027025891,1800000,9000000,3067200000,170.40000000000003
284,0.8190551435105784,0.28058825041022645,0.01095441695328783,0.08536710845297184,1800000,9000000,3078000000,171.00000000000003
285,0.8220975351851578,0.2780372817186292,0.010078351777168792,0.08508302515999028,1800000,9000000,3088800000,171.60000000000002
286,0.8210215545885232,0.2810543808400121,0.010055608774568464,0.08479988723483026,1800000,9000000,3099600000,172.20000000000002
287,0.8196738163129372,0.2811526077183989,0.009123346282066508,0.08451769153151197,1800000,9000000,3110400000,172.8
288,0.8223161074393659,0.2742237060140078,0.01010088635411808,0.08423643491452465,1800000,9000000,3121200000,173.40000000000003
289,0.8201276732081256,0.2777811088891802,0.009145741863871543,0.08395611425879189,1800000,9000000,3132000000,174.00000000000003
290,0.822123935414828,0.27948488650218595,0.008452946351388971,0.08367672644963688,1800000,9000000,3142800000,174.60000000000002
291,0.8206264386991948,0.28203111543926124,0.010007413477593013,0.08339826838274775,1800000,9000000,3153600000,175.20000000000002
292,0.8202087600189123,0.27792809213677233,0.009643497141178214,0.08312073696414307,1800000,9000000,3164400000,175.80000000000004
293,0.8191161343268942,0.2791826839877481,0.009046740773860008,0.08284412911013761,1800000,9000000,3175200000,176.40000000000003
294,0.8213093348362379,0.2760202125094298,0.01088605653579467,0.0825684417473079,1800000,9000000,3186000000,177.00000000000003
295,0.8227022080249862,0.27378396593802157,0.01069969350733288,0.08229367181245818,1800000,9000000,3196800000,177.60000000000002
296,0.8226263692044941,0.274185373541842,0.009884298304443553,0.08201981625258635,1800000,9000000,3207600000,178.20000000000002
297,0.8206258623468247,0.2790147029166884,0.00924406031798218,0.08174687202485005,1800000,9000000,3218400000,178.80000000000004
298,0.821978824316692,0.2754146750428126,0.009308987573279205,0.08147483609653282,1800000,9000000,3229200000,179.40000000000003
299,0.8211994708161643,0.27591584248774315,0.0091905006742545,0.08120370544501043,1800000,9000000,3240000000,180.00000000000003
300,0.8216273824516208,0.28366556312347085,0.007778962574652557,0.08093347705771732,1800000,9000000,3250800000,180.60000000000002
301,0.8212886973498907,0.2755185225521908,0.009589048627799728,0.08066414793211302,1800000,9000000,3261600000,181.20000000000002
302,0.8222260928818151,0.27915138097599235,0.00942058314298989,0.080395715075649,1800000,9000000,3272400000,181.80000000000004
303,0.8184838671907558,0.28242416238017093,0.00903981826548336,0.08012817550573513,1800000,9000000,3283200000,182.40000000000003
304,0.8207132955558367,0.27893014576313657,0.009573552108276064,0.0798615262497068,1800000,9000000,3294000000,183.00000000000003
305,0.8223050262806433,0.2777776687170039,0.008697728603907318,0.07959576434479178,1800000,9000000,3304800000,183.60000000000002
306,0.8206067532244736,0.2756160018935975,0.007559152062524053,0.07933088683807722,1800000,9000000,3315600000,184.20000000000002
307,0.8213127812948651,0.27943361723133,0.006383060445010554,0.07906689078647704,1800000,9000000,3326400000,184.80000000000004
308,0.8222031832739489,0.2759489643771363,0.006865269567535277,0.07880377325669904,1800000,9000000,3337200000,185.40000000000003
309,0.8217550677107414,0.28069174086973453,0.010035561767888923,0.07854153132521242,1800000,9000000,3348000000,186.00000000000003
310,0.8200988566324753,0.27427926831514365,0.00836838465363127,0.07828016207821521,1800000,9000000,3358800000,186.60000000000002
311,0.8202375004010317,0.27589436713149107,0.008699636794975084,0.07801966261160202,1800000,9000000,3369600000,187.20000000000002
312,0.8211915646100812,0.2784954736869389,0.00896051347476766,0.07776003003093164,1800000,9000000,3380400000,187.80000000000004
313,0.8193344524067946,0.28105952701765036,0.008382367951635546,0.07750126145139492,1800000,9000000,3391200000,188.40000000000003
314,0.8197438869914323,0.28090339402055,0.00810089540652674,0.07724335399778277,1800000,9000000,3402000000,189.00000000000003
315,0.8224051769925242,0.27936108336931814,0.009055636171125262,0.07698630480445418,1800000,9000000,3412800000,189.60000000000002
316,0.8204706476505562,0.27613802499677365,0.007901312020302366,0.07673011101530436,1800000,9000000,3423600000,190.20000000000002
317,0.8186870484512061,0.2785657003599438,0.008264120629411753,0.07647476978373298,1800000,9000000,3434400000,190.80000000000004
318,0.8200770573453645,0.28444396641153097,0.00917522429258435,0.07622027827261263,1800000,9000000,3445200000,191.40000000000003
319,0.8194076076465212,0.28029745170189974,0.008649599343412837,0.07596663365425728,1800000,9000000,3456000000,192.00000000000003
320,0.8231717378601099,0.2713187989714146,0.006972777357772813,0.07571383311039072,1800000,9000000,3466800000,192.60000000000002
321,0.8200971958941695,0.27659682965376736,0.009731038088971225,0.07546187383211546,1800000,9000000,3477600000,193.20000000000002
322,0.8192730807501477,0.2768041687588317,0.009445733224137772,0.07521075301988138,1800000,9000000,3488400000,193.80000000000004
323,0.8211690002420002,0.2799864200995688,0.007032693208475292,0.07496046788345459,1800000,9000000,3499200000,194.40000000000003
324,0.8207452058654877,0.2807435618173257,0.008909994027098843,0.0747110156418866,1800000,9000000,3510000000,195.00000000000003
325,0.8227738965250584,0.27798947168929866,0.007446345818131456,0.07446239352348329,1800000,9000000,3520800000,195.60000000000002
326,0.8210077344394855,0.28133374548628065,0.007979684885110288,0.07421459876577408,1800000,9000000,3531600000,196.20000000000002
327,0.8215402752489167,0.2735911720903614,0.0060275817066623395,0.07396762861548134,1800000,9000000,3542400000,196.80000000000004
328,0.8195753900451331,0.27949351049001087,0.008543604002407947,0.07372148032848977,1800000,9000000,3553200000,197.40000000000003
329,0.8201401691323094,0.28392893411106207,0.007913596327906844,0.07347615116981583,1800000,9000000,3564000000,198.00000000000003
330,0.8197609329898249,0.274860019117427,0.00708076610449108,0.07323163841357751,1800000,9000000,3574800000,198.60000000000002
331,0.8203249994417671,0.2795406337110359,0.00741127517264088,0.07298793934296385,1800000,9000000,3585600000,199.20000000000002
332,0.822363499594601,0.27867575669129185,0.008157804795023815,0.0727450512502049,1800000,9000000,3596400000,199.80000000000004
333,0.8212855268424057,0.2832133360500326,0.006517276876211007,0.0725029714365416,1800000,9000000,3607200000,200.40000000000003
334,0.820604136357125,0.2802989104443864,0.00706887775187192,0.07226169721219572,1800000,9000000,3618000000,201.00000000000003
335,0.8187034778388904,0.28215863827200244,0.009010764439365859,0.07202122589634008,1800000,9000000,3628800000,201.60000000000002
336,0.8207058727681306,0.2780966395234562,0.008173842092349962,0.07178155481706869,1800000,9000000,3639600000,202.20000000000002
337,0.8220995404861909,0.27561999856930125,0.009933317144477814,0.0715426813113671,1800000,9000000,3650400000,202.80000000000004
338,0.8220959868710458,0.2769288703683584,0.006543575143503932,0.07130460272508277,1800000,9000000,3661200000,203.40000000000003
339,0.8231942773868177,0.2781699306822728,0.00729617787639939,0.07106731641289565,1800000,9000000,3672000000,204.00000000000003
340,0.8206057306384318,0.2740652301546576,0.008735252564166157,0.0708308197382887,1800000,9000000,3682800000,204.60000000000002
341,0.8209294609788522,0.28304335214583703,0.008291554526587966,0.07059511007351867,1800000,9000000,3693600000,205.20000000000002
342,0.8198021501539478,0.2806366161162499,0.00828484225568694,0.07036018479958688,1800000,9000000,3704400000,205.80000000000004
343,0.8204917086006686,0.2753953141195857,0.008995902304380483,0.07012604130621002,1800000,9000000,3715200000,206.40000000000003
344,0.8193439066400581,0.27591687276375865,0.005797120882744073,0.06989267699179139,1800000,9000000,3726000000,207.00000000000003
345,0.8188125660617193,0.2829941635994677,0.00815262447688385,0.06966008926339172,1800000,9000000,3736800000,207.60000000000002
346,0.8190211449784744,0.28408192328684606,0.009070208235278474,0.06942827553670051,1800000,9000000,3747600000,208.20000000000002
347,0.8206883081184019,0.28183593461530887,0.007871148187577339,0.06919723323600736,1800000,9000000,3758400000,208.80000000000004
348,0.8198690953158246,0.2809174496489484,0.0082311292159115,0.06896695979417317,1800000,9000000,3769200000,209.40000000000003
349,0.8217309012595452,0.2790092397625749,0.008950066943047518,0.06873745265260178,1800000,9000000,3780000000,210.00000000000003
350,0.8196091723882025,0.2787769825406404,0.006067665834007479,0.06850870926121148,1800000,9000000,3790800000,210.60000000000002
351,0.8220076753144139,0.27860623802260254,0.007234055839777937,0.06828072707840671,1800000,9000000,3801600000,211.20000000000005
352,0.8201156536958623,0.2854122330044225,0.007611345201053975,0.06805350357104971,1800000,9000000,3812400000,211.80000000000004
353,0.8217890790470803,0.280759100265539,0.007137096039590146,0.06782703621443252,1800000,9000000,3823200000,212.40000000000003
354,0.8230438347126985,0.27733238251949216,0.005991571629405993,0.06760132249224887,1800000,9000000,3834000000,213.00000000000003
355,0.8197703683824196,0.2800301686678012,0.007884832697510093,0.06737635989656618,1800000,9000000,3844800000,213.60000000000002
356,0.8212433765493573,0.2796236311705709,0.007179919755781028,0.06715214592779772,1800000,9000000,3855600000,214.20000000000005
357,0.8234896731763667,0.27663356232436015,0.008537692036091098,0.0669286780946749,1800000,9000000,3866400000,214.80000000000004
358,0.8213274248333677,0.2765372344609772,0.00693827673288084,0.06670595391421945,1800000,9000000,3877200000,215.40000000000003
359,0.8224757663279194,0.27089527334394425,0.007565415632985488,0.066483970911716,1800000,9000000,3888000000,216.00000000000003
360,0.8217171226346153,0.2800674363012087,0.007443681938122947,0.06626272662068447,1800000,9000000,3898800000,216.60000000000002
361,0.824128628957092,0.2813256414779898,0.009223697740079952,0.06604221858285264,1800000,9000000,3909600000,217.20000000000005
362,0.8219938770766655,0.27505068105131436,0.008613704204393583,0.06582244434812895,1800000,9000000,3920400000,217.80000000000004
363,0.8216660366369957,0.27997169950658074,0.008440022051268188,0.06560340147457523,1800000,9000000,3931200000,218.40000000000003
364,0.8210366720100455,0.2757061754388161,0.007408934650536789,0.06538508752837947,1800000,9000000,3942000000,219.00000000000003
365,0.8211613986807303,0.28207565267092966,0.007371532019825172,0.06516750008382895,1800000,9000000,3952800000,219.60000000000002
366,0.8219363465891371,0.2698475665307813,0.00680248210845612,0.06495063672328313,1800000,9000000,3963600000,220.20000000000005
367,0.8227024449082805,0.2797311594186729,0.00578533294562138,0.0647344950371469,1800000,9000000,3974400000,220.80000000000004
368,0.8192266769452593,0.28174524106112314,0.005635365525442921,0.06451907262384375,1800000,9000000,3985200000,221.40000000000003
369,0.8177699591621155,0.2884682620022067,0.005471699583374759,0.06430436708978908,1800000,9000000,3996000000,222.00000000000003
370,0.8208994722801225,0.2788316681991041,0.008685158599771951,0.06409037604936363,1800000,9000000,4006800000,222.60000000000002
371,0.819235045221781,0.28502760941736344,0.007838766669289229,0.063877097124887,1800000,9000000,4017600000,223.20000000000005
372,0.8182094890750135,0.28883965523651955,0.008071792369217236,0.06366452794659114,1800000,9000000,4028400000,223.80000000000004
373,0.8236315156438861,0.27512208958398016,0.00530341916046285,0.06345266615259412,1800000,9000000,4039200000,224.40000000000003
374,0.8231939809336972,0.27705645586009514,0.005072073236589689,0.06324150938887384,1800000,9000000,4050000000,225.00000000000003
375,0.8191656484220184,0.2775663195243227,0.007607375583074072,0.06303105530924182,1800000,9000000,4060800000,225.60000000000002
376,0.8233867377206888,0.2818341026345706,0.006559588858305591,0.06282130157531728,1800000,9000000,4071600000,226.20000000000005
377,0.8218148981333209,0.27756176831972,0.006492573839863828,0.06261224585650099,1800000,9000000,4082400000,226.80000000000004
378,0.8202503150624502,0.28237928462087486,0.006999493722820809,0.06240388582994949,1800000,9000000,4093200000,227.40000000000003
379,0.8183095857516294,0.2805748073408763,0.0057060517962999515,0.06219621918054922,1800000,9000000,4104000000,228.00000000000003
380,0.8207392816723722,0.282540322378439,0.007075959359155894,0.061989243600890837,1800000,9000000,4114800000,228.60000000000002
381,0.8201554804656613,0.277691409443948,0.004691281490998475,0.06178295679124355,1800000,9000000,4125600000,229.20000000000005
382,0.8220518366214934,0.2804518986931363,0.007104798321141934,0.06157735645952957,1800000,9000000,4136400000,229.80000000000004
383,0.8222054714149188,0.2813417214879865,0.005919705310918967,0.061372440321298655,1800000,9000000,4147200000,230.40000000000003
384,0.8218705466502235,0.2828355296669693,0.0058932149743177184,0.06116820609970271,1800000,9000000,4158000000,231.00000000000003
385,0.8209986148717549,0.28167347681171795,0.0076204621297616855,0.0609646515254705,1800000,9000000,4168800000,231.60000000000002
386,0.8204739180901578,0.2775566253617426,0.006106142032091141,0.060761774336882464,1800000,9000000,4179600000,232.20000000000005
387,0.8190501494653392,0.286925999072292,0.0072170249267025435,0.06055957227974552,1800000,9000000,4190400000,232.80000000000004
388,0.8225125114031382,0.28044702782472264,0.005806401342624742,0.06035804310736805,1800000,9000000,4201200000,233.40000000000003
389,0.8200821710416447,0.27525302595236106,0.007253869161587362,0.060157184580534956,1800000,9000000,4212000000,234.00000000000003
390,0.8203744569287822,0.28568230620997065,0.00559779813600741,0.05995699446748277,1800000,9000000,4222800000,234.60000000000002
391,0.8242246327793822,0.2786283751374303,0.007025956002171199,0.05975747054387485,1800000,9000000,4233600000,235.20000000000005
392,0.8223913970991449,0.28000577003790417,0.006491504819299624,0.05955861059277665,1800000,9000000,4244400000,235.80000000000004
393,0.821581937888698,0.2802833348248344,0.007937416664173946,0.0593604124046311,1800000,9000000,4255200000,236.40000000000003
394,0.8231650741048364,0.27562689037861854,0.00460533808386612,0.0591628737772341,1800000,9000000,4266000000,237.00000000000003
395,0.8216651526840839,0.2793643454536067,0.006231761005833731,0.05896599251570996,1800000,9000000,4276800000,237.60000000000002
396,0.8235197271895756,0.27542000801506655,0.006424214956745818,0.058769766432487075,1800000,9000000,4287600000,238.20000000000005
397,0.8188948846086875,0.2815786223545425,0.007066299620127739,0.05857419334727365,1800000,9000000,4298400000,238.80000000000004
398,0.8196254834211482,0.27981855487282575,0.006914173709051853,0.05837927108703333,1800000,9000000,4309200000,239.40000000000003
399,0.8208153991604383,0.2732543187955771,0.00570496149602331,0.05818499748596127,1800000,9000000,4320000000,240.00000000000003
400,0.8200523168600293,0.2860848102913809,0.008176811713117882,0.05799137038545989,1800000,9000000,4330800000,240.60000000000002
401,0.8229919052934399,0.27448160194761123,0.00562572032355296,0.05779838763411496,1800000,9000000,4341600000,241.20000000000005
402,0.8213152033998351,0.27386101709777005,0.0068182715663108835,0.05760604708767172,1800000,9000000,4352400000,241.80000000000004
403,0.8193639242450355,0.28868447425644933,0.005994071142984019,0.057414346609011,1800000,9000000,4363200000,242.40000000000003
404,0.8226786678374176,0.27780761586877917,0.005785054936472891,0.05722328406812549,1800000,9000000,4374000000,243.00000000000003
405,0.8170241065567646,0.2834761254651357,0.005516023069465103,0.05703285734209613,1800000,9000000,4384800000,243.60000000000002
406,0.8211002986784584,0.27650795000248,0.006214016308626472,0.05684306431506844,1800000,9000000,4395600000,244.20000000000005
407,0.819444662151694,0.28441529493216905,0.006596220736305865,0.05665390287822906,1800000,9000000,4406400000,244.80000000000004
408,0.8201404110005851,0.2761160697173464,0.008146168849302002,0.056465370929782294,1800000,9000000,4417200000,245.40000000000003
409,0.824119084017752,0.2743985216330826,0.004427157328795811,0.05627746637492678,1800000,9000000,4428000000,246.00000000000003
410,0.819197176220665,0.2815516091090916,0.007586535025513612,0.05609018712583219,1800000,9000000,4438800000,246.60000000000002
411,0.8247836952933786,0.2726074306141025,0.005665961552823733,0.05590353110161606,1800000,9000000,4449600000,247.20000000000005
412,0.8205411216400652,0.27329555509020986,0.005942610094686304,0.05571749622832065,1800000,9000000,4460400000,247.80000000000004
413,0.8199182520592423,0.2834757571607572,0.007987558294120721,0.05553208043888989,1800000,9000000,4471200000,248.40000000000003
414,0.8196415917195159,0.28572009733529,0.004411759530033749,0.05534728167314643,1800000,9000000,4482000000,249.00000000000003
415,0.8204383351825731,0.2820310447432336,0.005180931494194938,0.05516309787776877,1800000,9000000,4492800000,249.60000000000002
416,0.8232730532122543,0.2795257138259895,0.00640898507138351,0.05497952700626836,1800000,9000000,4503600000,250.20000000000005
417,0.8236801134845136,0.27272866681915464,0.005990885222991644,0.054796567018967006,1800000,9000000,4514400000,250.80000000000004
418,0.821272134055822,0.2798333040234343,0.004532862339960939,0.05461421588297405,1800000,9000000,4525200000,251.40000000000003
419,0.8211858131225126,0.2734420632366834,0.005801040095568173,0.05443247157216389,1800000,9000000,4536000000,252.00000000000003
420,0.8208314031813401,0.2788834488891131,0.0058710466611353925,0.05425133206715343,1800000,9000000,4546800000,252.60000000000005
421,0.8227681902434092,0.28065859693076445,0.006570181529017185,0.05407079535527962,1800000,9000000,4557600000,253.20000000000005
422,0.8216610370799892,0.2779698325148975,0.004546962289206475,0.05389085943057717,1800000,9000000,4568400000,253.80000000000004
423,0.8206122217081255,0.2813769060395275,0.003991390651120821,0.05371152229375616,1800000,9000000,4579200000,254.40000000000003
424,0.8224399740897164,0.27530836420991245,0.004743803618297283,0.053532781952179885,1800000,9000000,4590000000,255.00000000000003
425,0.8211441983850755,0.28209935806220043,0.005686180978303912,0.05335463641984271,1800000,9000000,4600800000,255.60000000000005
426,0.8209403036855897,0.2825120757794178,0.00565930808805743,0.05317708371734802,1800000,9000000,4611600000,256.20000000000005
427,0.8204978381761723,0.2777339219463032,0.00485963915611068,0.05300012187188616,1800000,9000000,4622400000,256.8
428,0.8192223476208648,0.2825239406069985,0.004461228747114988,0.05282374891721258,1800000,9000000,4633200000,257.40000000000003
429,0.8201340946762856,0.2802713170818247,0.005358794638490803,0.052647962893626,1800000,9000000,4644000000,258.00000000000006
430,0.8201601190685055,0.27747947188461636,0.0057491794564658825,0.05247276184794653,1800000,9000000,4654800000,258.6
431,0.8198364894382933,0.2820847034247461,0.005444568161472401,0.05229814383349411,1800000,9000000,4665600000,259.20000000000005
432,0.8200841274604034,0.27991028604541657,0.0034495184874009494,0.05212410691006679,1800000,9000000,4676400000,259.8
433,0.8231648980980217,0.2744739316622165,0.0057887407669179715,0.051950649143919156,1800000,9000000,4687200000,260.40000000000003
434,0.8159337072613582,0.28160290453449055,0.00494168375772634,0.05177776860774092,1800000,9000000,4698000000,261.00000000000006
435,0.8229704492989226,0.2757976396031473,0.005271149304748462,0.051605463380635486,1800000,9000000,4708800000,261.6
436,0.8208782596436951,0.2809929171969597,0.0046734532292794905,0.05143373154809852,1800000,9000000,4719600000,262.20000000000005
437,0.8189698374162202,0.27829800973856733,0.005553130139977985,0.051262571201996794,1800000,9000000,4730400000,262.8
438,0.8224517159126618,0.27908708783155395,0.004694754391233363,0.05109198044054694,1800000,9000000,4741200000,263.40000000000003
439,0.8206536192405803,0.2757551413548404,0.004283182874100666,0.05092195736829428,1800000,9000000,4752000000,264.00000000000006
440,0.819268097463122,0.2829690535409959,0.004688171902202316,0.05075250009609183,1800000,9000000,4762800000,264.6
441,0.8226044707599557,0.28116261383480645,0.003971199172656121,0.05058360674107924,1800000,9000000,4773600000,265.20000000000005
442,0.8230544685010108,0.27751334011398454,0.005078207507942841,0.05041527542666197,1800000,9000000,4784400000,265.8
443,0.8206795724515126,0.2791312305359101,0.004899971931751751,0.05024750428249035,1800000,9000000,4795200000,266.40000000000003
444,0.8217438517100043,0.2779899190294187,0.004424594780951391,0.050080291444438804,1800000,9000000,4806000000,267.00000000000006
445,0.8200449957903017,0.2771733523024409,0.005101217211194727,0.0499136350545852,1800000,9000000,4816800000,267.6
446,0.8192125137283135,0.2844079220050715,0.00432159045363681,0.04974753326119018,1800000,9000000,4827600000,268.20000000000005
447,0.8215204002401219,0.2825474841651427,0.005107131010723133,0.04958198421867652,1800000,9000000,4838400000,268.80000000000007
448,0.823819988975359,0.2720208369837136,0.003976278285005899,0.04941698608760872,1800000,9000000,4849200000,269.40000000000003
449,0.8194135553271238,0.27744535222828565,0.003094271392048177,0.04925253703467255,1800000,9000000,4860000000,270.00000000000006
450,0.8245496364650654,0.2729328711779759,0.005789876375499991,0.04908863523265456,1800000,9000000,4870800000,270.6
451,0.8217002017916799,0.28004655469962286,0.004526939993726808,0.04892527886042197,1800000,9000000,4881600000,271.20000000000005
452,0.8201762808283802,0.27993694710099065,0.00507989184737613,0.048762466102902295,1800000,9000000,4892400000,271.80000000000007
453,0.8203047105063471,0.27885317574694063,0.0065522171236035796,0.0486001951510632,1800000,9000000,4903200000,272.40000000000003
454,0.8228757047361999,0.27666187155094357,0.0025751885889443013,0.04843846420189246,1800000,9000000,4914000000,273.00000000000006
455,0.8216367050538063,0.27841857850761037,0.00414083582741256,0.04827727145837786,1800000,9000000,4924800000,273.6
456,0.820677076685579,0.28257061567742653,0.005344584372257634,0.04811661512948724,1800000,9000000,4935600000,274.20000000000005
457,0.8212677334918158,0.2820648456874627,0.006769774364295126,0.047956493430148656,1800000,9000000,4946400000,274.80000000000007
458,0.8202911406111171,0.28102700349488063,0.004770143898588694,0.047796904581230454,1800000,9000000,4957200000,275.40000000000003
459,0.8211735490831031,0.2766535970784543,0.005429463922715403,0.04763784680952156,1800000,9000000,4968000000,276.00000000000006
460,0.8193536795240586,0.28510033604937673,0.006647838754715473,0.04747931834771174,1800000,9000000,4978800000,276.6
461,0.8200743080959857,0.2807201311754414,0.005124737708401826,0.04732131743437206,1800000,9000000,4989600000,277.20000000000005
462,0.8212539508546886,0.27947453316644394,0.004709068620230571,0.047163842313935146,1800000,9000000,5000400000,277.80000000000007
463,0.8216458695195303,0.28153531701216494,0.0043550887725804606,0.04700689123667585,1800000,9000000,5011200000,278.40000000000003
464,0.8210423371528587,0.2805827321997591,0.004809096727130719,0.04685046245869167,1800000,9000000,5022000000,279.00000000000006
465,0.8205878114210748,0.2779503775269991,0.0034567559951649046,0.04669455424188347,1800000,9000000,5032800000,279.6
466,0.8222719930894771,0.2810625194250012,0.0026248228226704667,0.04653916485393615,1800000,9000000,5043600000,280.20000000000005
467,0.820925922120011,0.27694760847683547,0.004157510809145088,0.046384292568299325,1800000,9000000,5054400000,280.80000000000007
468,0.8234816617521427,0.2722451996343426,0.004131437212979482,0.04622993566416824,1800000,9000000,5065200000,281.40000000000003
469,0.8216274979876387,0.27957657408382475,0.004348667994397749,0.046076092426464606,1800000,9000000,5076000000,282.00000000000006
470,0.8202567482738434,0.2775756626324,0.005603066674361967,0.04592276114581752,1800000,9000000,5086800000,282.6
471,0.8220795865986962,0.28012678838575095,0.004332116627810136,0.0457699401185445,1800000,9000000,5097600000,283.20000000000005
472,0.8209526493488839,0.28209720469939015,0.005749943361562511,0.04561762764663259,1800000,9000000,5108400000,283.80000000000007
473,0.8208382194009707,0.2817469555173524,0.003464686140424571,0.045465822037719386,1800000,9000000,5119200000,284.40000000000003
474,0.8215416741283437,0.2830752352579878,0.004400059060661482,0.045314521605074355,1800000,9000000,5130000000,285.00000000000006
475,0.8216599836823896,0.2808833750320503,0.004681898618260452,0.04516372466758004,1800000,9000000,5140800000,285.6
476,0.8204315028550014,0.27798130998140863,0.003908447015915272,0.04501342954971334,1800000,9000000,5151600000,286.20000000000005
477,0.8208907392488862,0.2777933877583211,0.005372399649502882,0.04486363458152695,1800000,9000000,5162400000,286.80000000000007
478,0.8212940939249768,0.2801446019598304,0.003589907927918769,0.044714338098630825,1800000,9000000,5173200000,287.40000000000003
479,0.8211762523559085,0.27637892109822143,0.00480380902114376,0.04456553844217358,1800000,9000000,5184000000,288.00000000000006
480,0.820583813307137,0.2806164149643479,0.004083978445223981,0.04441723395882419,1800000,9000000,5194800000,288.6
481,0.8211022721803786,0.27999820689911864,0.0038665382661775423,0.04426942300075353,1800000,9000000,5205600000,289.20000000000005
482,0.822743693284445,0.27790747850258696,0.005083670654936379,0.04412210392561611,1800000,9000000,5216400000,289.80000000000007
483,0.8238141419935096,0.27199925326666885,0.0038928988398895976,0.04397527509653179,1800000,9000000,5227200000,290.40000000000003
484,0.8212210733615075,0.2748377406015048,0.004394527550462513,0.043828934882067634,1800000,9000000,5238000000,291.00000000000006
485,0.8216196667545801,0.2761816560403951,0.0074572968202026545,0.043683081656219744,1800000,9000000,5248800000,291.6
486,0.8175542165290465,0.28132740766366937,0.004755095323482268,0.043537713798395224,1800000,9000000,5259600000,292.20000000000005
487,0.8223428308994072,0.2763798159266349,0.004504212251688342,0.04339282969339417,1800000,9000000,5270400000,292.80000000000007
488,0.8209603488833802,0.27490144833002705,0.004443878765036798,0.04324842773139169,1800000,9000000,5281200000,293.40000000000003
489,0.8217798126374354,0.27346613938182984,0.004224175775477829,0.04310450630792006,1800000,9000000,5292000000,294.00000000000006
490,0.8189315582414342,0.28042228410390513,0.003607067948696753,0.04296106382385086,1800000,9000000,5302800000,294.6
491,0.8221089099041848,0.2776592178714071,0.003569552602646139,0.042818098685377254,1800000,9000000,5313600000,295.20000000000005
492,0.8221923195861147,0.2827738457147811,0.0029141242543323947,0.04267560930399622,1800000,9000000,5324400000,295.80000000000007
493,0.821136088825585,0.2789938626183763,0.0066345948758462,0.04253359409649095,1800000,9000000,5335200000,296.40000000000003
494,0.8226353338261513,0.2774677213483727,0.004800001813576894,0.04239205148491322,1800000,9000000,5346000000,297.00000000000006
495,0.820457367891362,0.28149849090462115,0.004076510677188518,0.04225097989656591,1800000,9000000,5356800000,297.6
496,0.8192472636055935,0.28349488280161517,0.00502960810442299,0.042110377763985456,1800000,9000000,5367600000,298.20000000000005
497,0.8220730454161742,0.28329774371181304,0.0034053110222218895,0.041970243524924504,1800000,9000000,5378400000,298.80000000000007
498,0.8224466146693307,0.278706165889909,0.00406091538515843,0.04183057562233452,1800000,9000000,5389200000,299.40000000000003
499,0.8172462283609387,0.2860598078600217,0.0027403165213606877,0.04169137250434846,1800000,9000000,5400000000,300.00000000000006
500,0.8217458467984906,0.28304385881216093,0.004590377103571305,0.041552632624263605,1800000,9000000,5410800000,300.6
501,0.8202704522171383,0.276513317282251,0.004901338780232617,0.0414143544405243,1800000,9000000,5421600000,301.20000000000005
502,0.8213152091005298,0.28126271989834023,0.002512354604522555,0.04127653641670483,1800000,9000000,5432400000,301.80000000000007
503,0.8226195000855421,0.27833466996698175,0.004603330534279696,0.04113917702149243,1800000,9000000,5443200000,302.40000000000003
504,0.8200096359540073,0.28219233042951986,0.0038431720059473435,0.04100227472867019,1800000,9000000,5454000000,303.00000000000006
505,0.8212076008685402,0.2755038280166598,0.0039663132708221815,0.0408658280171001,1800000,9000000,5464800000,303.6
506,0.8210912708367589,0.27935211107319513,0.0032396400108806976,0.04072983537070618,1800000,9000000,5475600000,304.20000000000005
507,0.8231361595126458,0.28152531848444223,0.004242334412744557,0.04059429527845764,1800000,9000000,5486400000,304.80000000000007
508,0.8213414646579104,0.27629081989612964,0.0033861776472201106,0.04045920623435205,1800000,9000000,5497200000,305.40000000000003
509,0.8227005481267896,0.2793504805318839,0.005216379807047627,0.040324566737398634,1800000,9000000,5508000000,306.00000000000006
510,0.8208905682435961,0.2747594261543998,0.004935116596907709,0.040190375291601625,1800000,9000000,5518800000,306.6
511,0.8213204040607086,0.2763623268712464,0.0027254892223200974,0.04005663040594355,1800000,9000000,5529600000,307.20000000000005
512,0.8206801360879292,0.2789780400757587,0.004379184811686658,0.03992333059436875,1800000,9000000,5540400000,307.80000000000007
513,0.8178901340635232,0.2783095395958082,0.004399019460874366,0.03979047437576686,1800000,9000000,5551200000,308.40000000000003
514,0.8201668230754481,0.279669523951737,0.004355113525773025,0.039658060273956276,1800000,9000000,5562000000,309.00000000000006
515,0.8218709242751523,0.2778783184325267,0.0028054517801901183,0.039526086817667866,1800000,9000000,5572800000,309.6
516,0.8217646695725895,0.2721133052155904,0.0031740769553950856,0.03939455254052851,1800000,9000000,5583600000,310.20000000000005
517,0.8215709816976329,0.28289068196103284,0.0026669221197937244,0.039263455981044894,1800000,9000000,5594400000,310.80000000000007
518,0.8239616517547356,0.2780832034072491,0.005174090292328075,0.039132795682587256,1800000,9000000,5605200000,311.40000000000003
519,0.8214656829031161,0.2783247426411742,0.0032088775096203725,0.03900257019337312,1800000,9000000,5616000000,312.00000000000006
520,0.8204405933124836,0.28043005916744124,0.005140612406524098,0.03887277806645128,1800000,9000000,5626800000,312.6
521,0.8221885914032097,0.2793447322963035,0.004122803304706367,0.03874341785968567,1800000,9000000,5637600000,313.20000000000005
522,0.822393318567483,0.27940405656550943,0.0025855736875390937,0.03861448813573931,1800000,9000000,5648400000,313.80000000000007
523,0.8241889203783744,0.27804152607049226,0.005594653409490184,0.0384859874620584,1800000,9000000,5659200000,314.40000000000003
524,0.8215482090338034,0.27934867208596736,0.0018310572485374108,0.03835791441085635,1800000,9000000,5670000000,315.00000000000006
525,0.8231497759480347,0.2804835659165911,0.003960586516179449,0.03823026755909793,1800000,9000000,5680800000,315.6
526,0.8206189775896456,0.28051669330753853,0.0031957568893247242,0.038103045488483485,1800000,9000000,5691600000,316.20000000000005
527,0.8206278253173128,0.2832952207864108,0.00237604242930266,0.03797624678543314,1800000,9000000,5702400000,316.80000000000007
528,0.8226741972823602,0.27976118685019824,0.006457640040205425,0.03784987004107112,1800000,9000000,5713200000,317.40000000000003
529,0.8206482141732633,0.28001207172989356,0.005088161169487565,0.03772391385121006,1800000,9000000,5724000000,318.00000000000006
530,0.8204595678739504,0.2782474116854157,0.0019512796560714695,0.03759837681633546,1800000,9000000,5734800000,318.6
531,0.821072029264218,0.280187899098047,0.004593541946456288,0.037473257541590074,1800000,9000000,5745600000,319.20000000000005
532,0.8231729938283933,0.2735645486100822,0.0022580789653327566,0.03734855463675846,1800000,9000000,5756400000,319.80000000000007
533,0.8187169897048931,0.2779712408991344,0.004426925658954376,0.037224266716251495,1800000,9000000,5767200000,320.40000000000003
534,0.8228855787267689,0.28101578147275774,0.004564439532974321,0.037100392399091006,1800000,9000000,5778000000,321.00000000000006
535,0.8199310881098268,0.2850304481069177,0.005145594704961709,0.03697693030889443,1800000,9000000,5788800000,321.6
536,0.8217469139460019,0.2791936872712385,0.004687812441341324,0.03685387907385949,1800000,9000000,5799600000,322.20000000000005
537,0.8200402781825471,0.27969502088942655,0.003641890059107007,0.036731237326748954,1800000,9000000,5810400000,322.80000000000007
538,0.8184311919573064,0.2797792043750194,0.004551974688249578,0.036609003704875506,1800000,9000000,5821200000,323.40000000000003
539,0.8214426622316136,0.275040995455125,0.004628395727220491,0.036487176850086525,1800000,9000000,5832000000,324.00000000000006
540,0.8206386968866499,0.28058027093506444,0.0031719765762860883,0.036365755408749034,1800000,9000000,5842800000,324.6
541,0.8201701323398272,0.28074731983526213,0.003783831446952097,0.036244738031734676,1800000,9000000,5853600000,325.20000000000005
542,0.819338005423947,0.2769684914639268,0.003244378973800443,0.03612412337440466,1800000,9000000,5864400000,325.80000000000007
543,0.8229486581385408,0.28222269278975093,0.004046569322143663,0.03600391009659489,1800000,9000000,5875200000,326.40000000000003
544,0.821395918208212,0.2766894815895992,0.0032996263420512423,0.035884096862601064,1800000,9000000,5886000000,327.00000000000006
545,0.8200685299048398,0.28061503412746774,0.0029617782176546616,0.03576468234116376,1800000,9000000,5896800000,327.6
546,0.8207097504667769,0.28237770045810545,0.002996127048014346,0.035645665205453765,1800000,9000000,5907600000,328.20000000000005
547,0.819574622912243,0.2740944951316315,0.004155091709203272,0.035527044133057226,1800000,9000000,5918400000,328.80000000000007
548,0.81935218893191,0.28234629041711795,0.003008605823050733,0.035408817805960995,1800000,9000000,5929200000,329.40000000000003
549,0.8219911003784831,0.279193864748236,0.0020906942915861326,0.035290984910538004,1800000,9000000,5940000000,330.00000000000006
550,0.8230300792816134,0.2801254657458429,0.004274932511776373,0.03517354413753266,1800000,9000000,5950800000,330.6
551,0.8216859206193816,0.2784248956726616,0.002993420612276868,0.03505649418204626,1800000,9000000,5961600000,331.20000000000005
552,0.8203040632923406,0.2789626882616075,0.0037347158703068435,0.03493983374352255,1800000,9000000,5972400000,331.80000000000007
553,0.8194319401291672,0.28022828923019366,0.0025488266022585106,0.03482356152573324,1800000,9000000,5983200000,332.40000000000003
554,0.8201246465070647,0.2824317213477315,0.003976631561257503,0.03470767623676358,1800000,9000000,5994000000,333.00000000000006
555,0.8203259241379084,0.27981456326602344,0.003996117441380608,0.034592176588998075,1800000,9000000,6004800000,333.6
556,0.8223574032000569,0.280348246226336,0.004147069458931572,0.03447706129910612,1800000,9000000,6015600000,334.20000000000005
557,0.8215067038918726,0.27664202447529346,0.00410547317154466,0.03436232908802773,1800000,9000000,6026400000,334.80000000000007
558,0.8213178335519066,0.2764317215589242,0.002302573317978106,0.034247978680959405,1800000,9000000,6037200000,335.40000000000003
559,0.8183137832577841,0.2796637021956925,0.0027082734099891912,0.03413400880733988,1800000,9000000,6048000000,336.00000000000006
560,0.8194825501665077,0.2810808792910982,0.0029094140479088795,0.03402041820083606,1800000,9000000,6058800000,336.6
561,0.8227998797107373,0.27774342771338123,0.004446122703269485,0.03390720559932891,1800000,9000000,6069600000,337.20000000000005
562,0.8225869939881221,0.2812185491224874,0.0032660675321645027,0.033794369744899494,1800000,9000000,6080400000,337.80000000000007
563,0.8204528784330649,0.2803817787832454,0.004311795680799505,0.033681909383814906,1800000,9000000,6091200000,338.40000000000003
564,0.8221786611598604,0.2745492831897345,0.0026884397820625175,0.033569823266514455,1800000,9000000,6102000000,339.00000000000006
565,0.8221604446766408,0.27601960733722236,0.004626233448507922,0.03345811014759566,1800000,9000000,6112800000,339.6
566,0.8237341158500339,0.27721016645908964,0.0032013040841603465,0.03334676878580049,1800000,9000000,6123600000,340.20000000000005
567,0.8181375923044186,0.2838631485834622,0.0030345164636618226,0.03323579794400159,1800000,9000000,6134400000,340.80000000000007
568,0.8180247065516433,0.2836289686173247,0.003485683032889658,0.03312519638918843,1800000,9000000,6145200000,341.40000000000003
569,0.8202500086332113,0.27821129363950264,0.0023723262884974457,0.03301496289245373,1800000,9000000,6156000000,342.00000000000006
570,0.8194323662444236,0.28729904762523023,0.0031380990804556514,0.03290509622897971,1800000,9000000,6166800000,342.6
571,0.81887037736236,0.28181735470909947,0.0029763124754122582,0.03279559517802455,1800000,9000000,6177600000,343.20000000000005
572,0.8186716962543312,0.2822696086709957,0.0035812766353561943,0.032686458522908766,1800000,9000000,6188400000,343.80000000000007
573,0.8202730382217555,0.28174880583086037,0.003668012228056772,0.03257768505100174,1800000,9000000,6199200000,344.40000000000003
574,0.8198262856695417,0.2816760992273419,0.004142694974997815,0.03246927355370822,1800000,9000000,6210000000,345.00000000000006
575,0.8189915525444675,0.28247312501404354,0.003753099239485437,0.03236122282645489,1800000,9000000,6220800000,345.6
576,0.8196806467832101,0.27666805544377143,0.002587912211869072,0.03225353166867703,1800000,9000000,6231600000,346.20000000000005
577,0.8209536739408416,0.27986500408727155,0.004746795323092627,0.03214619888380508,1800000,9000000,6242400000,346.80000000000007
578,0.8223554315758029,0.27590619766807933,0.003675160246344249,0.032039223279251454,1800000,9000000,6253200000,347.40000000000003
579,0.8210164375884138,0.27473593924142886,0.004100191804630796,0.03193260366639722,1800000,9000000,6264000000,348.00000000000006
580,0.8221912819894391,0.2753799175513759,0.003347136812176395,0.031826338860578916,1800000,9000000,6274800000,348.6000000000001
581,0.8214734998497869,0.277576405725943,0.0019701609588337913,0.03172042768107538,1800000,9000000,6285600000,349.20000000000005
582,0.8213691881961422,0.27685101783964794,0.002033535907254673,0.031614868951094645,1800000,9000000,6296400000,349.80000000000007
583,0.8200579717406598,0.2776141537997702,0.0036630730096223357,0.03150966149776084,1800000,9000000,6307200000,350.40000000000003
584,0.8240334772980784,0.2801826872716606,0.0025291179435522285,0.03140480415210119,1800000,9000000,6318000000,351.00000000000006
585,0.8227416559528024,0.2818275003664032,0.0001629480094454826,0.03130029574903299,1800000,9000000,6328800000,351.6000000000001
586,0.8210955343376133,0.27600456488026764,0.0032850950661900266,0.031196135127350685,1800000,9000000,6339600000,352.20000000000005
587,0.8207805355959781,0.2753625369615949,0.0022568866836797288,0.03109232112971296,1800000,9000000,6350400000,352.80000000000007
588,0.8218411828190042,0.27618162736072954,0.0032208330344522225,0.0309888526026299,1800000,9000000,6361200000,353.40000000000003
589,0.819910183697002,0.2845007727828127,0.003516195765295687,0.030885728396450124,1800000,9000000,6372000000,354.00000000000006
590,0.8225168428859394,0.27621120922319986,0.0024080987825561137,0.03078294736534807,1800000,9000000,6382800000,354.6000000000001
591,0.820196197654435,0.27630985409561903,0.003546790100067001,0.030680508367311208,1800000,9000000,6393600000,355.20000000000005
592,0.8190632300538626,0.28475816113075963,0.002100576977919863,0.030578410264127404,1800000,9000000,6404400000,355.80000000000007
593,0.8237950963640244,0.27689257012394436,0.0019656252557961554,0.030476651921372246,1800000,9000000,6415200000,356.40000000000003
594,0.8212321715721475,0.27704914062204455,0.00228100476609716,0.03037523220839642,1800000,9000000,6426000000,357.00000000000006
595,0.8219227358732552,0.2804773658994531,0.0029527121874769785,0.030274149998313186,1800000,9000000,6436800000,357.6000000000001
596,0.823148728379079,0.2780670823441268,0.0012541106130209037,0.030173404167985855,1800000,9000000,6447600000,358.20000000000005
597,0.8224387197494339,0.2763562085004712,0.004316427373625928,0.030072993598015248,1800000,9000000,6458400000,358.80000000000007
598,0.8218573409770551,0.2793160143612745,0.00248556458921443,0.029972917172727348,1800000,9000000,6469200000,359.40000000000003
599,0.8209144386705121,0.2824556167950088,0.002861923835073775,0.02987317378016085,1800000,9000000,6480000000,360.00000000000006
600,0.8189688778217168,0.28755999650135833,0.0034201541432572384,0.029773762312054794,1800000,9000000,6490800000,360.6000000000001
601,0.8218593620811936,0.27757133058037875,0.003570125095355366,0.029674681663836296,1800000,9000000,6501600000,361.20000000000005
602,0.8199293624724263,0.2826706930631231,0.001768319859686401,0.029575930734608246,1800000,9000000,6512400000,361.80000000000007
603,0.8206785368025105,0.2766052903950718,0.0021086288949844945,0.029477508427137096,1800000,9000000,6523200000,362.40000000000003
604,0.8212413041638594,0.2772164804512743,0.0018492478042787266,0.029379413647840618,1800000,9000000,6534000000,363.00000000000006
605,0.8222263131127006,0.2785178837491707,0.0033614898638586006,0.02928164530677581,1800000,9000000,6544800000,363.6000000000001
606,0.8216425242927873,0.2792253196811346,0.0026407080703073176,0.02918420231762678,1800000,9000000,6555600000,364.20000000000005
607,0.8200775999680231,0.2768549070611467,0.0013574576012189434,0.029087083597692635,1800000,9000000,6566400000,364.80000000000007
608,0.822221628287075,0.2768827649289007,0.0020821213630181547,0.028990288067875493,1800000,9000000,6577200000,365.40000000000003
609,0.8196118233018564,0.2765721896561972,0.003945338233491394,0.028893814652668486,1800000,9000000,6588000000,366.00000000000006
610,0.8204279564928788,0.28010863127339186,0.0023172306833896808,0.028797662280143754,1800000,9000000,6598800000,366.6000000000001
611,0.8216569517038417,0.27908743334320235,0.00362892650327502,0.028701829881940626,1800000,9000000,6609600000,367.20000000000005
612,0.8207870587892944,0.2833927429563408,0.001094491225679119,0.0286063163932537,1800000,9000000,6620400000,367.80000000000007
613,0.8185175218485097,0.28072536973716433,0.002940052961247038,0.028511120752821004,1800000,9000000,6631200000,368.40000000000003
614,0.8226190700177983,0.277495910070263,0.001857390755350103,0.028416241902912216,1800000,9000000,6642000000,369.00000000000006
615,0.8162008906395701,0.2866322973083166,0.003434900457791203,0.02832167878931693,1800000,9000000,6652800000,369.6000000000001
616,0.8218453768715099,0.2816315603928059,0.002079367606297193,0.028227430361332895,1800000,9000000,6663600000,370.20000000000005
617,0.8214259938293085,0.2804677306010673,0.0015136164006056298,0.028133495571754392,1800000,9000000,6674400000,370.80000000000007
618,0.8213999977999049,0.28254314070473735,0.0029391889890370017,0.028039873376860563,1800000,9000000,6685200000,371.40000000000003
619,0.8213045923571214,0.28031032930383937,0.00104350465935877,0.027946562736403842,1800000,9000000,6696000000,372.00000000000006
620,0.821247937800857,0.28010871603441295,0.003430094553592038,0.027853562613598382,1800000,9000000,6706800000,372.6000000000001
621,0.8214900193107477,0.2769737519986686,0.003838430402889366,0.02776087197510853,1800000,9000000,6717600000,373.20000000000005
622,0.8206210144215627,0.27541177395619976,0.0005920764456628757,0.027668489791037327,1800000,9000000,6728400000,373.80000000000007
623,0.8187040322387648,0.2852540420030773,0.002467759494570294,0.027576415034915123,1800000,9000000,6739200000,374.40000000000003
624,0.8217172700308807,0.2770957875583676,0.004747950955637511,0.027484646683688132,1800000,9000000,6750000000,375.00000000000006
625,0.8205917881995598,0.28427426385790927,0.0015066289089700055,0.02739318371770705,1800000,9000000,6760800000,375.6000000000001
626,0.8215707420792906,0.27987683750398074,0.002472502418440305,0.027302025120715785,1800000,9000000,6771600000,376.20000000000005
627,0.8227339431762406,0.28071905230314537,0.002261574623988275,0.027211169879840062,1800000,9000000,6782400000,376.80000000000007
628,0.8178541385582274,0.28500693481322187,0.001367135191919164,0.02712061698557629,1800000,9000000,6793200000,377.40000000000003
629,0.8216842519578221,0.2780039259768225,0.0021970197765952652,0.027030365431780265,1800000,9000000,6804000000,378.00000000000006
630,0.8177868870389089,0.28914022967688124,0.0018379160238455486,0.02694041421565602,1800000,9000000,6814800000,378.6000000000001
631,0.8200587170995677,0.2822880918103208,0.0010772660509398217,0.026850762337744662,1800000,9000000,6825600000,379.20000000000005
632,0.8186454825133644,0.28106821972959783,0.0024753360351458618,0.026761408801913317,1800000,9000000,6836400000,379.80000000000007
633,0.8213454143447916,0.2787585844358122,0.0022940750995055826,0.02667235261534397,1800000,9000000,6847200000,380.40000000000003
634,0.8214298555158341,0.28171851014710964,0.002171780611312542,0.02658359278852253,1800000,9000000,6858000000,381.00000000000006
635,0.8215489072328167,0.28003644316702037,0.002345966747172622,0.026495128335227797,1800000,9000000,6868800000,381.6000000000001
636,0.8219149890450658,0.27724264773713114,0.002389499280094162,0.02640695827252048,1800000,9000000,6879600000,382.20000000000005
637,0.8218991254994354,0.27470957180514416,0.001759684314232117,0.02631908162073231,1800000,9000000,6890400000,382.80000000000007
638,0.8217073364172337,0.28594789264210757,0.0016124240747164955,0.026231497403455158,1800000,9000000,6901200000,383.40000000000003
639,0.817673143751309,0.28334766514505444,0.0039659620832706985,0.026144204647530124,1800000,9000000,6912000000,384.00000000000006
640,0.8230788635711833,0.28050917289337035,0.0017970857284232572,0.026057202383036816,1800000,9000000,6922800000,384.6000000000001
641,0.8177016057452567,0.2904614583049017,0.000860749687574662,0.025970489643282507,1800000,9000000,6933600000,385.20000000000005
642,0.8186654293118937,0.2845825895621426,0.002781284533254784,0.025884065464791422,1800000,9000000,6944400000,385.80000000000007
643,0.8199261646239031,0.2750551627207048,0.0028764784136565344,0.025797928887294017,1800000,9000000,6955200000,386.40000000000003
644,0.82015672671546,0.28141578743282897,0.0015355801293169865,0.02571207895371634,1800000,9000000,6966000000,387.00000000000006
645,0.8205426139242505,0.27502810557719853,0.002653883873022897,0.025626514710169333,1800000,9000000,6976800000,387.6000000000001
646,0.8214081773438582,0.2779338485121133,0.0017456207225432763,0.025541235205938307,1800000,9000000,6987600000,388.20000000000005
647,0.8202197009149614,0.27608585091074156,0.0007324660208329684,0.02545623949347234,1800000,9000000,6998400000,388.80000000000007
648,0.8225174566387109,0.2801953689436154,0.0012224621401080253,0.025371526628373754,1800000,9000000,7009200000,389.40000000000003
649,0.8219408648363578,0.27926054759024443,0.0016428549705936693,0.025287095669387614,1800000,9000000,7020000000,390.00000000000006
650,0.8200035035930531,0.27936598056045003,0.0017210839625312153,0.025202945678391302,1800000,9000000,7030800000,390.6000000000001
651,0.8220521747060929,0.27889391911869593,0.001670590861442173,0.02511907572038403,1800000,9000000,7041600000,391.20000000000005
652,0.8240583968936697,0.2791531769573563,0.0031688009452967786,0.02503548486347652,1800000,9000000,7052400000,391.80000000000007
653,0.820565248573388,0.2777212176199034,0.001394247571198028,0.024952172178880617,1800000,9000000,7063200000,392.40000000000003
654,0.821515502358325,0.2760016240012923,0.0023312043201789007,0.024869136740898967,1800000,9000000,7074000000,393.00000000000006
655,0.8191482602383225,0.2824259538441452,0.0019308392828827794,0.024786377626914748,1800000,9000000,7084800000,393.6000000000001
656,0.8192131205283859,0.27928127110297857,0.0011871515578324055,0.024703893917381377,1800000,9000000,7095600000,394.20000000000005
657,0.8214207271353162,0.2788815306911423,0.0021210914534194017,0.024621684695812353,1800000,9000000,7106400000,394.80000000000007
658,0.818105129084912,0.2807698584554348,0.001861091269790676,0.02453974904877104,1800000,9000000,7117200000,395.40000000000003
659,0.8210298712109944,0.27810134887226545,0.002722530275773195,0.02445808606586051,1800000,9000000,7128000000,396.00000000000006
660,0.8208051574741039,0.27901009591513576,0.0006115320405023252,0.024376694839713452,1800000,9000000,7138800000,396.6000000000001
661,0.8257977382022046,0.27441591084992495,0.001471576220117227,0.024295574465982076,1800000,9000000,7149600000,397.20000000000005
662,0.8214023789599937,0.2770578914495495,0.0012938402651019895,0.024214724043328046,1800000,9000000,7160400000,397.80000000000007
663,0.8237778267629725,0.26795876859704826,0.0010659541047915674,0.02413414267341251,1800000,9000000,7171200000,398.40000000000003
664,0.8213154937261292,0.27801844455119473,0.0013322867021650672,0.02405382946088608,1800000,9000000,7182000000,399.00000000000006
665,0.8212440008630759,0.2817879779794934,0.0012529070845788415,0.02397378351337891,1800000,9000000,7192800000,399.6000000000001
666,0.8200742144177574,0.27614379661830335,0.0030091679704844555,0.02389400394149075,1800000,9000000,7203600000,400.20000000000005
667,0.82041735273565,0.2802456046035949,0.0014591866329544093,0.023814489858781113,1800000,9000000,7214400000,400.80000000000007
668,0.8205981696056259,0.2783853938625459,0.0019456059665752788,0.02373524038175934,1800000,9000000,7225200000,401.40000000000003
669,0.8260837943801332,0.2750045922150188,0.001962537270573532,0.02365625462987489,1800000,9000000,7236000000,402.00000000000006
670,0.821514493747367,0.2781955577578134,0.0009536831096863452,0.023577531725507483,1800000,9000000,7246800000,402.6000000000001
671,0.8177441481136571,0.2773208466766348,0.0006547071185806915,0.023499070793957372,1800000,9000000,7257600000,403.20000000000005
672,0.8196382589855812,0.2831818703023602,0.001711422743488482,0.023420870963435616,1800000,9000000,7268400000,403.80000000000007
673,0.8188157489927562,0.2821031998549894,0.001309000329541993,0.02334293136505442,1800000,9000000,7279200000,404.40000000000003
674,0.820713876795605,0.2782595810151617,0.003249262588384997,0.02326525113281743,1800000,9000000,7290000000,405.00000000000006
675,0.8211913699326353,0.2796248774552672,0.0,0.023187829403610152,1800000,9000000,7300800000,405.6000000000001
676,0.8198156066200706,0.28329814572288986,0.002200815609054495,0.023110665317190367,1800000,9000000,7311600000,406.20000000000005
677,0.8203862475075288,0.27985089684870407,0.0023112818734435142,0.023033758016178532,1800000,9000000,7322400000,406.80000000000007
678,0.8193614009255293,0.281360382925371,0.0009874791894780024,0.022957106646048307,1800000,9000000,7333200000,407.40000000000003
679,0.8215942541850937,0.2818099443925201,0.001993086157297999,0.022880710355116993,1800000,9000000,7344000000,408.00000000000006
680,0.8191608795288831,0.2793458932086483,0.00210182384523402,0.02280456829453613,1800000,9000000,7354800000,408.6000000000001
681,0.8180696490492796,0.2792136069903977,0.0018534574738668138,0.022728679618282042,1800000,9000000,7365600000,409.20000000000005
682,0.8242365720115308,0.27269121888176073,0.0010385932313393788,0.02265304348314644,1800000,9000000,7376400000,409.80000000000007
683,0.8207265946553738,0.2836532292959,0.003527080963577451,0.02257765904872704,1800000,9000000,7387200000,410.40000000000003
684,0.8191442264353411,0.2750092800652606,0.0017135101164493136,0.022502525477418246,1800000,9000000,7398000000,411.00000000000006
685,0.8216086021487969,0.2765067018103194,0.0011592716477772033,0.02242764193440181,1800000,9000000,7408800000,411.6000000000001
686,0.8222459583981356,0.2827553047389895,0.00399864098793665,0.02235300758763761,1800000,9000000,7419600000,412.20000000000005
687,0.8205794539732375,0.27597360204694193,0.0007300168641412284,0.02227862160785435,1800000,9000000,7430400000,412.80000000000007
688,0.8238894912902736,0.2718123805537,0.0024805602725669618,0.02220448316854038,1800000,9000000,7441200000,413.40000000000003
689,0.822613082159004,0.2820162207449241,0.002383388000622359,0.0221305914459345,1800000,9000000,7452000000,414.00000000000006
690,0.8195954834077049,0.2793873855487765,0.0016919407567674788,0.022056945619016825,1800000,9000000,7462800000,414.6000000000001
691,0.8223753290354119,0.28157618911878435,0.0,0.02198354486949961,1800000,9000000,7473600000,415.20000000000005
692,0.8221182733318699,0.2814239521265324,0.0016759292716751397,0.02191038838181822,1800000,9000000,7484400000,415.80000000000007
693,0.819967583133066,0.2832335303634138,0.00046814963885482663,0.021837475343122043,1800000,9000000,7495200000,416.40000000000003
694,0.8197012197335491,0.2755627690523174,0.0026443520129660982,0.021764804943265458,1800000,9000000,7506000000,417.00000000000006
695,0.8227795655058756,0.2772671405234952,0.0028788563248984427,0.021692376374798823,1800000,9000000,7516800000,417.6000000000001
696,0.8211859225418455,0.2798155594309065,0.0014786242549848644,0.02162018883295954,1800000,9000000,7527600000,418.20000000000005
697,0.8210847642225163,0.27981693131840624,0.0020451106723347167,0.021548241515663043,1800000,9000000,7538400000,418.80000000000007
698,0.8226887822450965,0.2795573403925198,0.0027408602220779627,0.021476533623493964,1800000,9000000,7549200000,419.40000000000003
699,0.8218458440276054,0.27766956087538147,0.0,0.021405064359697207,1800000,9000000,7560000000,420.00000000000006
700,0.8210616653474031,0.2824122260705906,0.0028289479065099154,0.021333832930169112,1800000,9000000,7570800000,420.6000000000001
701,0.8234854353897841,0.27642583109481433,0.0016202749082116935,0.021262838543448622,1800000,9000000,7581600000,421.20000000000005
702,0.82057214516924,0.2725845837277818,0.00118297459437538,0.02119208041070847,1800000,9000000,7592400000,421.80000000000007
703,0.8233958316182587,0.2780119017073218,0.0019913771525194883,0.02112155774574646,1800000,9000000,7603200000,422.4000000000001
704,0.8217385785694032,0.27735939909770163,0.0034046804284372277,0.021051269764976704,1800000,9000000,7614000000,423.00000000000006
705,0.8195006322445747,0.27905614628372105,0.0023765037794346274,0.020981215687420916,1800000,9000000,7624800000,423.6000000000001
706,0.8206891561959903,0.27898520563086654,0.0027034026240575046,0.02091139473469973,1800000,9000000,7635600000,424.20000000000005
707,0.8204029545326806,0.2765364035448566,0.0017746897237172305,0.020841806131024078,1800000,9000000,7646400000,424.80000000000007
708,0.8181418555670311,0.282152504035286,0.003302846802097136,0.020772449103186517,1800000,9000000,7657200000,425.4000000000001
709,0.8186636531626537,0.27968060182890364,0.0012543137429636302,0.0207033228805527,1800000,9000000,7668000000,426.00000000000006
710,0.8197502630880257,0.2798208934746585,0.0004903716302817249,0.020634426695052777,1800000,9000000,7678800000,426.6000000000001
711,0.8197960687960275,0.28445258484183195,0.0004773094071979702,0.020565759781172862,1800000,9000000,7689600000,427.20000000000005
712,0.82226289104215,0.2764537269455998,0.0005182095252002732,0.020497321375946544,1800000,9000000,7700400000,427.80000000000007
713,0.8212738721478954,0.2806707693854064,0.00261997752812765,0.0204291107189464,1800000,9000000,7711200000,428.4000000000001
714,0.8206374414844589,0.27659068678985615,0.0023373470622163467,0.020361127052275524,1800000,9000000,7722000000,429.00000000000006
715,0.8187730413011338,0.2887850252442415,0.0011643956926824049,0.020293369620559148,1800000,9000000,7732800000,429.6000000000001
716,0.8213582708516771,0.28005178523919666,0.0018739951445609188,0.020225837670936227,1800000,9000000,7743600000,430.20000000000005
717,0.8202451044167527,0.2809164042072935,0.0015776692567712161,0.020158530453051063,1800000,9000000,7754400000,430.80000000000007
718,0.8221746059612309,0.27734701623791486,0.0036480811777043747,0.020091447219045,1800000,9000000,7765200000,431.4000000000001
719,0.8194347020561635,0.2752596397870272,0.0006505341299740761,0.020024587223548076,1800000,9000000,7776000000,432.00000000000006
720,0.8220078791588815,0.2792669831441074,0.0009492844574837488,0.019957949723670754,1800000,9000000,7786800000,432.6000000000001
721,0.8184105925417141,0.2827072306613826,0.001058385519284062,0.01989153397899569,1800000,9000000,7797600000,433.20000000000005
722,0.8205555699450618,0.2786893329714629,0.0,0.01982533925156948,1800000,9000000,7808400000,433.80000000000007
723,0.8197135724142119,0.27807364380093597,0.0018246030912420028,0.019759364805894478,1800000,9000000,7819200000,434.4000000000001
724,0.8203859073075984,0.28360184007754646,0.0023980893759875128,0.019693609908920603,1800000,9000000,7830000000,435.00000000000006
725,0.8201991624206738,0.2787517569067932,0.0031809301301917517,0.019628073830037226,1800000,9000000,7840800000,435.6000000000001
726,0.820269443919864,0.2824715990363606,0.0015066302459719098,0.019562755841064997,1800000,9000000,7851600000,436.20000000000005
727,0.8195266601582447,0.2780398419185645,0.0027860922091779384,0.019497655216247817,1800000,9000000,7862400000,436.80000000000007
728,0.8216375247191368,0.27641048947090463,0.0017956221745734128,0.019432771232244746,1800000,9000000,7873200000,437.4000000000001
729,0.8190341565393455,0.2821233210219264,0.0014533197347467454,0.019368103168121962,1800000,9000000,7884000000,438.00000000000006
730,0.8231145770764166,0.27362156399705445,0.0016728087544797046,0.019303650305344755,1800000,9000000,7894800000,438.6000000000001
731,0.8206534863568069,0.27669145252050237,0.002638186788214274,0.01923941192776953,1800000,9000000,7905600000,439.20000000000005
732,0.8206321405604781,0.27807566392632566,0.0024757834564638455,0.019175387321635887,1800000,9000000,7916400000,439.80000000000007
733,0.820481583471959,0.27920882017983645,0.003072552902743552,0.019111575775558647,1800000,9000000,7927200000,440.4000000000001
734,0.8221868829060964,0.27844297428313214,0.0021536907230157243,0.01904797658051998,1800000,9000000,7938000000,441.00000000000006
735,0.8219375375681557,0.2805329733789418,0.00028576774638534906,0.01898458902986151,1800000,9000000,7948800000,441.6000000000001
736,0.8200042129999849,0.2806682132131634,0.0009634103512696486,0.01892141241927647,1800000,9000000,7959600000,442.20000000000005
737,0.8208935107553944,0.27751700930917894,0.0009942178523438309,0.01885844604680186,1800000,9000000,7970400000,442.80000000000007
738,0.8216152042603985,0.2746230496757633,0.0017094704786253805,0.018795689212810673,1800000,9000000,7981200000,443.4000000000001
739,0.8234085823766506,0.278552439616859,0.0037609862754430495,0.018733141220004107,1800000,9000000,7992000000,444.00000000000006
740,0.8213382086463714,0.27939917081714394,0.001688050953267714,0.01867080137340383,1800000,9000000,8002800000,444.6000000000001
741,0.8211521783642999,0.278828019321264,0.0009519364812494532,0.01860866898034423,1800000,9000000,8013600000,445.20000000000005
742,0.8236437109912054,0.2737344333639704,0.0,0.01854674335046476,1800000,9000000,8024400000,445.80000000000007
743,0.8187579981984059,0.2851674316649039,0.00014185073954825467,0.018485023795702205,1800000,9000000,8035200000,446.4000000000001
744,0.8204125769589193,0.2850180504712201,0.0027595844635399597,0.01842350963028311,1800000,9000000,8046000000,447.00000000000006
745,0.8210260702097536,0.2813859740884444,0.0021797006175799955,0.018362200170716117,1800000,9000000,8056800000,447.6000000000001
746,0.8244906006186659,0.2751810661966907,0.0023896888749265427,0.018301094735784378,1800000,9000000,8067600000,448.20000000000005
747,0.8205318188382573,0.28128135505384805,0.0038002369286877715,0.018240192646537985,1800000,9000000,8078400000,448.80000000000007
748,0.8214099016813191,0.28501985713767564,0.002036981846147256,0.018179493226286442,1800000,9000000,8089200000,449.4000000000001
749,0.8192275668245405,0.27989438551250023,0.0026360415145886625,0.018118995800591103,1800000,9000000,8100000000,450.00000000000006
750,0.8206599683293543,0.2777456867230384,0.00017524714759623201,0.018058699697257735,1800000,9000000,8110800000,450.6000000000001
751,0.8219116193032543,0.27711200098615507,0.0005006166629122669,0.017998604246329014,1800000,9000000,8121600000,451.20000000000005
752,0.8193617836408333,0.2831036507174871,0.0006166349020626035,0.01793870878007709,1800000,9000000,8132400000,451.80000000000007
753,0.8237003436034792,0.27790125474718974,0.0016474826775050879,0.017879012632996176,1800000,9000000,8143200000,452.4000000000001
754,0.8218345895565923,0.2797599980728696,0.003337909359286374,0.017819515141795115,1800000,9000000,8154000000,453.00000000000006
755,0.820875619300645,0.2781499818937431,0.0014356662778253317,0.017760215645390067,1800000,9000000,8164800000,453.6000000000001
756,0.8198572131677229,0.28153072247947786,0.0,0.017701113484897137,1800000,9000000,8175600000,454.20000000000005
757,0.8218474547603464,0.2721693164024401,0.0001339566979244348,0.017642208003625034,1800000,9000000,8186400000,454.80000000000007
758,0.8212526178955658,0.28204637757170287,0.002546577081967596,0.017583498547067807,1800000,9000000,8197200000,455.4000000000001
759,0.8204574752113234,0.28075852606390284,0.0027979753418516393,0.017524984462897568,1800000,9000000,8208000000,456.00000000000006
760,0.821751091783128,0.27899220443282696,0.0013057377844626688,0.01746666510095721,1800000,9000000,8218800000,456.6000000000001
761,0.8217304083816034,0.27740536412106437,0.0021956113096763367,0.017408539813253226,1800000,9000000,8229600000,457.20000000000005
762,0.8222036477919129,0.2786884090688086,0.00042743291122809834,0.017350607953948487,1800000,9000000,8240400000,457.80000000000007
763,0.8217481444043392,0.2722000918347909,0.0017359221159002033,0.017292868879355078,1800000,9000000,8251200000,458.4000000000001
764,0.8243506494807665,0.2739282344791881,0.003658558282660998,0.017235321947927124,1800000,9000000,8262000000,459.00000000000006
765,0.8203282782616871,0.28076782626481095,0.002924641193275395,0.017177966520253697,1800000,9000000,8272800000,459.6000000000001
766,0.8216660384403249,0.27454955228938155,0.0016210830495406619,0.01712080195905166,1800000,9000000,8283600000,460.20000000000005
767,0.821793152505717,0.27504670023649136,0.0012095443027922885,0.017063827629158642,1800000,9000000,8294400000,460.80000000000007
768,0.8194346588130837,0.2847510689937858,0.0013898351087123413,0.017007042897525942,1800000,9000000,8305200000,461.4000000000001
769,0.8220111579859812,0.2767949044593253,0.001363090576418354,0.016950447133211522,1800000,9000000,8316000000,462.00000000000006
770,0.8228137378322322,0.28023953395666934,0.0,0.01689403970737297,1800000,9000000,8326800000,462.6000000000001
771,0.822492471471576,0.2735239026312347,0.0012876446821036512,0.016837819993260533,1800000,9000000,8337600000,463.20000000000005
772,0.820637416509242,0.26907482689500367,0.0023315702825891698,0.016781787366210135,1800000,9000000,8348400000,463.80000000000007
773,0.8231683409456141,0.2772094684365843,0.0019572386062339437,0.016725941203636456,1800000,9000000,8359200000,464.4000000000001
774,0.8228570854797131,0.27569236351060916,0.001070272245703806,0.016670280885026006,1800000,9000000,8370000000,465.00000000000006
775,0.8223617388372557,0.2792565184270185,0.0016686302431367763,0.01661480579193023,1800000,9000000,8380800000,465.6000000000001
776,0.8187739109354516,0.28756678952064935,0.001606257589988572,0.016559515307958635,1800000,9000000,8391600000,466.20000000000005
777,0.8214458380170232,0.27946682084002333,0.0015538252967109217,0.016504408818771934,1800000,9000000,8402400000,466.80000000000007
778,0.8216804574297631,0.28383430055494857,0.00013458166838607472,0.01644948571207524,1800000,9000000,8413200000,467.4000000000001
779,0.8238360825727004,0.2732519134261524,0.001485204013585326,0.016394745377611247,1800000,9000000,8424000000,468.00000000000006
780,0.8204464704563298,0.2786884440272497,0.0006774491192788098,0.016340187207153453,1800000,9000000,8434800000,468.6000000000001
781,0.82116881610732,0.27518145936102384,0.0,0.016285810594499402,1800000,9000000,8445600000,469.20000000000005
782,0.8209867829322242,0.27903639304280453,0.0014334924481512533,0.016231614935463958,1800000,9000000,8456400000,469.80000000000007
783,0.8202437151164743,0.27726503283703435,0.0005985926040509995,0.01617759962787256,1800000,9000000,8467200000,470.4000000000001
784,0.8246619825580098,0.2746979884195606,0.0014666636221332486,0.016123764071554577,1800000,9000000,8478000000,471.00000000000006
785,0.8200034595326764,0.27701239704904435,0.00014478854127715122,0.016070107668336605,1800000,9000000,8488800000,471.6000000000001
786,0.8201239639061799,0.2848242781941806,0.0010617792838562511,0.01601662982203583,1800000,9000000,8499600000,472.20000000000005
787,0.8237349444987534,0.27888260099292683,0.002699209555618672,0.015963329938453414,1800000,9000000,8510400000,472.80000000000007
788,0.8208261157163981,0.2774269978859493,0.0020662941130573263,0.015910207425367886,1800000,9000000,8521200000,473.4000000000001
789,0.8222668711842588,0.2801871393310065,0.001246721232084823,0.015857261692528542,1800000,9000000,8532000000,474.00000000000006
790,0.8238446546025311,0.27369490579708383,0.0011796805483041421,0.015804492151648922,1800000,9000000,8542800000,474.6000000000001
791,0.8224825329354019,0.28323369733813575,0.0037918445185287407,0.015751898216400252,1800000,9000000,8553600000,475.20000000000005
792,0.8215096772866392,0.27381011125753546,0.0008623277923480432,0.015699479302404933,1800000,9000000,8564400000,475.80000000000007
793,0.8209527479852837,0.2772462225990774,0.001028770794944312,0.015647234827230044,1800000,9000000,8575200000,476.4000000000001
794,0.8234891910463115,0.2775086236095752,0.0008320825525412433,0.015595164210380888,1800000,9000000,8586000000,477.00000000000006
795,0.8214048706825323,0.277076862218741,0.0007293916927342876,0.015543266873294511,1800000,9000000,8596800000,477.6000000000001
796,0.8219276283548453,0.2804936392911997,0.002364897826382416,0.015491542239333302,1800000,9000000,8607600000,478.20000000000005
797,0.8230676598189278,0.2748744142536782,0.0025541387785772115,0.01543998973377857,1800000,9000000,8618400000,478.80000000000007
798,0.820116450793111,0.27703710810993276,0.0013460664965157236,0.015388608783824179,1800000,9000000,8629200000,479.4000000000001
799,0.8210277927936792,0.2772209362939931,0.00043240880048947485,0.015337398818570146,1800000,9000000,8640000000,480.00000000000006
800,0.8208364146088843,0.27773539542167197,0.0036835319228705017,0.01528635926901634,1800000,9000000,8650800000,480.6000000000001
801,0.8211963486276853,0.2765214073729684,0.0020957327856775763,0.01523548956805612,1800000,9000000,8661600000,481.20000000000005
802,0.8215578729658345,0.28190152870405794,0.0033928354258941935,0.01518478915047006,1800000,9000000,8672400000,481.80000000000007
803,0.8191567365426042,0.2819658277839554,0.0,0.015134257452919677,1800000,9000000,8683200000,482.4000000000001
804,0.8227877820913657,0.2749986633041423,0.0008204229296885051,0.01508389391394114,1800000,9000000,8694000000,483.00000000000006
805,0.8206326081224128,0.27957320547233155,0.0024552166562091292,0.015033697973939058,1800000,9000000,8704800000,483.6000000000001
806,0.8224454263595579,0.2786613275890749,0.0,0.014983669075180239,1800000,9000000,8715600000,484.20000000000005
807,0.8230971803193619,0.28280699220841704,0.0015410618638761792,0.014933806661787518,1800000,9000000,8726400000,484.80000000000007
808,0.8193851923609371,0.2790501132222349,0.0008806016187393637,0.014884110179733566,1800000,9000000,8737200000,485.4000000000001
809,0.8197548137992618,0.2750029879749679,0.0014994929924360067,0.01483457907683474,1800000,9000000,8748000000,486.00000000000006
810,0.8209390681910692,0.27694577152702626,0.0020756328159827774,0.014785212802744946,1800000,9000000,8758800000,486.6000000000001
811,0.8197139103737167,0.27679158393669034,0.002051538888786718,0.014736010808949521,1800000,9000000,8769600000,487.20000000000005
812,0.8213426693069599,0.2731399972839258,0.0017841522585329865,0.014686972548759124,1800000,9000000,8780400000,487.80000000000007
813,0.8234978603930367,0.2787439485330092,0.0009394222540455207,0.014638097477303708,1800000,9000000,8791200000,488.4000000000001
814,0.8212033735840419,0.2800717806497236,0.0011561915441931636,0.014589385051526413,1800000,9000000,8802000000,489.00000000000006
815,0.8239450906020717,0.2743337831245673,0.0028035918359986065,0.014540834730177563,1800000,9000000,8812800000,489.6000000000001
816,0.8204818355437152,0.2812395673500647,0.0015452604484117183,0.014492445973808648,1800000,9000000,8823600000,490.20000000000005
817,0.8217362776501426,0.2802290569478262,0.001525633420922753,0.014444218244766325,1800000,9000000,8834400000,490.80000000000007
818,0.8218242104742329,0.28096148150384537,0.0017931697175091604,0.01439615100718643,1800000,9000000,8845200000,491.4000000000001
819,0.8216749056008172,0.2801071029476308,0.0028728524442709303,0.014348243726988055,1800000,9000000,8856000000,492.00000000000006
820,0.819039098435812,0.27778448902002145,0.0004763814270524647,0.014300495871867599,1800000,9000000,8866800000,492.6000000000001
821,0.820415904709647,0.27583037132458743,0.0005047732444276483,0.01425290691129284,1800000,9000000,8877600000,493.20000000000005
822,0.822057915101304,0.2759794867587969,5.045507528054984e-05,0.014205476316497063,1800000,9000000,8888400000,493.80000000000007
823,0.8194442989922421,0.2764968145269245,0.0020985285440973307,0.014158203560473181,1800000,9000000,8899200000,494.4000000000001
824,0.8219707503960477,0.27711073667607533,0.002125186345920406,0.014111088117967848,1800000,9000000,8910000000,495.00000000000006
825,0.819798381534275,0.2785700179696485,0.0013975180567289435,0.014064129465475665,1800000,9000000,8920800000,495.6000000000001
826,0.8229466804888342,0.277801648877145,0.002667567507259704,0.01401732708123335,1800000,9000000,8931600000,496.20000000000005
827,0.8209839833219558,0.27767161376308563,0.00024049139843699283,0.013970680445213924,1800000,9000000,8942400000,496.80000000000007
828,0.8246392327372126,0.27461254744561153,0.0012077564538601601,0.013924189039120962,1800000,9000000,8953200000,497.4000000000001
829,0.8200489964113555,0.2791878941073906,0.0,0.01387785234638279,1800000,9000000,8964000000,498.00000000000006
830,0.8184361523200245,0.2805648195567318,0.0015026043342946536,0.013831669852146802,1800000,9000000,8974800000,498.6000000000001
831,0.8209418910734789,0.2804821537989106,0.0016285502718322166,0.013785641043273693,1800000,9000000,8985600000,499.20000000000005
832,0.8227110404994775,0.27570027572199735,0.0005994300132239497,0.01373976540833178,1800000,9000000,8996400000,499.80000000000007
833,0.8234670926686354,0.27783164916647524,0.0,0.013694042437591319,1800000,9000000,9007200000,500.4000000000001
834,0.8178997225067717,0.2800015752953162,0.0,0.01364847162301883,1800000,9000000,9018000000,501.00000000000006
835,0.8189015258577511,0.2854213474565485,0.0007443336057788238,0.013603052458271453,1800000,9000000,9028800000,501.6000000000001
836,0.8233036998341594,0.27507985232976667,0.0010690147038361585,0.013557784438691338,1800000,9000000,9039600000,502.2000000000001
837,0.8204962908829796,0.28453433951971413,0.0006468465365093343,0.013512667061300028,1800000,9000000,9050400000,502.80000000000007
838,0.8248331944329647,0.27067774025990315,0.0,0.013467699824792862,1800000,9000000,9061200000,503.4000000000001
839,0.8212274058550858,0.27569448965792903,0.00041367151043011127,0.013422882229533415,1800000,9000000,9072000000,504.00000000000006
840,0.8211858847074411,0.2769941315940226,0.001523279062032083,0.013378213777547955,1800000,9000000,9082800000,504.6000000000001
841,0.8239347837509375,0.2786210220754863,0.00021306172027000506,0.013333693972519876,1800000,9000000,9093600000,505.2000000000001
842,0.8220149157801994,0.28323405711104416,0.0009456987443780472,0.013289322319784223,1800000,9000000,9104400000,505.80000000000007
843,0.8215135278113247,0.27111430700331135,0.000520634817076257,0.01324509832632218,1800000,9000000,9115200000,506.4000000000001
844,0.8189186016390402,0.2775598541690004,0.0024346499209448296,0.013201021500755583,1800000,9000000,9126000000,507.00000000000006
845,0.8206647489053093,0.2824631786950907,0.0025877135245542123,0.013157091353341475,1800000,9000000,9136800000,507.6000000000001
846,0.8185493974458145,0.28362750916761414,0.0018943106600481504,0.013113307395966662,1800000,9000000,9147600000,508.2000000000001
847,0.8214981742335968,0.2769427954645959,0.0003650684674974216,0.01306966914214226,1800000,9000000,9158400000,508.80000000000007
848,0.8195310308737023,0.28015328288972685,0.0005976047133641488,0.013026176106998346,1800000,9000000,9169200000,509.4000000000001
849,0.8228122925136675,0.2753374010746126,0.0,0.012982827807278526,1800000,9000000,9180000000,510.00000000000006
850,0.8197546056642279,0.2814509441162691,0.0010339463243068923,0.012939623761334574,1800000,9000000,9190800000,510.6000000000001
851,0.8210157937067017,0.2827771166686822,0.0012035709067562811,0.012896563489121101,1800000,9000000,9201600000,511.2000000000001
852,0.8210817560150252,0.28033397313241365,0.0011391766980742798,0.012853646512190182,1800000,9000000,9212400000,511.80000000000007
853,0.8201590167345872,0.2823817109782913,0.00010513067139910801,0.012810872353686081,1800000,9000000,9223200000,512.4000000000001
854,0.8201728632461976,0.2779766173117366,0.00218765910973771,0.012768240538339934,1800000,9000000,9234000000,513.0000000000001
855,0.8219306976628589,0.2761334768178106,0.0017813068680280967,0.01272575059246446,1800000,9000000,9244800000,513.6
856,0.8205454730962692,0.28284882203287265,0.0019186346323883,0.012683402043948716,1800000,9000000,9255600000,514.2
857,0.8219052600363631,0.2772772105939177,0.00034418826602441966,0.012641194422252843,1800000,9000000,9266400000,514.8000000000001
858,0.8219222237117415,0.2728906672278928,0.002370329501235056,0.012599127258402818,1800000,9000000,9277200000,515.4000000000001
859,0.818108453977128,0.28620502985253804,0.0015411486662836472,0.012557200084985287,1800000,9000000,9288000000,516.0000000000001
860,0.8216196362226265,0.27414391850237707,0.001737836083897493,0.012515412436142334,1800000,9000000,9298800000,516.6
861,0.8235877952866923,0.2767230869434885,0.0016728033405018447,0.012473763847566318,1800000,9000000,9309600000,517.2
862,0.820407316079014,0.27934945313082266,0.0006122909720379329,0.01243225385649472,1800000,9000000,9320400000,517.8000000000001
863,0.8225263025589296,0.2766391416778007,0.0011968193184804942,0.012390882001704991,1800000,9000000,9331200000,518.4000000000001
864,0.8215249763914663,0.2783915202680764,5.998398553491539e-05,0.01234964782350942,1800000,9000000,9342000000,519.0000000000001
865,0.821763741710702,0.2817248474267629,0.0014696880090853586,0.012308550863750054,1800000,9000000,9352800000,519.6
866,0.820854441382692,0.28643228758512734,0.002557144250290028,0.012267590665793582,1800000,9000000,9363600000,520.2
867,0.8202258375105733,0.2751033116406321,0.0010637135796395581,0.012226766774526273,1800000,9000000,9374400000,520.8000000000001
868,0.8212853024012982,0.28242709818914685,0.0015603041217716828,0.012186078736348917,1800000,9000000,9385200000,521.4000000000001
869,0.821831088285649,0.27425655431401097,0.0,0.012145526099171784,1800000,9000000,9396000000,522.0000000000001
870,0.8235780893057983,0.2795710728249004,0.0011129121606995467,0.01210510841240959,1800000,9000000,9406800000,522.6
871,0.8197473786990244,0.27573698171757854,0.0016898171015509952,0.01206482522697652,1800000,9000000,9417600000,523.2
872,0.8183405343809931,0.27413017999967226,0.0,0.012024676095281203,1800000,9000000,9428400000,523.8000000000001
873,0.8232061113321418,0.27485381124289315,0.0004188836732967492,0.011984660571221769,1800000,9000000,9439200000,524.4000000000001
874,0.8197705367366246,0.27602840029514075,0.0010795313276169513,0.011944778210180869,1800000,9000000,9450000000,525.0000000000001
875,0.81917155407533,0.27993884126989765,0.000796007313803568,0.011905028569020754,1800000,9000000,9460800000,525.6
876,0.821598564492386,0.2756661398082775,0.0006745696199240297,0.011865411206078324,1800000,9000000,9471600000,526.2
877,0.8204730566805876,0.2826863899289085,0.0,0.011825925681160258,1800000,9000000,9482400000,526.8000000000001
878,0.8218873076289889,0.2749961882299408,0.0008086973041155059,0.01178657155553809,1800000,9000000,9493200000,527.4000000000001
879,0.8210909662379227,0.2808190749679784,0.00040054385726409267,0.01174734839194336,1800000,9000000,9504000000,528.0000000000001
880,0.8206923438181357,0.27088209890947595,0.0,0.011708255754562732,1800000,9000000,9514800000,528.6
881,0.8206724624200976,0.2745495063637105,0.0010414567823527634,0.011669293209033163,1800000,9000000,9525600000,529.2
882,0.8215723163248033,0.2739560687017531,0.000618554223510467,0.011630460322437081,1800000,9000000,9536400000,529.8000000000001
883,0.8228250628288939,0.27755120232891367,0.0013317266575147866,0.01159175666329757,1800000,9000000,9547200000,530.4000000000001
884,0.8198364782472308,0.282087519177949,0.001584314779916817,0.011553181801573576,1800000,9000000,9558000000,531.0000000000001
885,0.8211124528780266,0.28034829109608744,0.0017180523365124202,0.011514735308655124,1800000,9000000,9568800000,531.6
886,0.8198381951574237,0.2811828520443717,0.0008245012865373295,0.011476416757358571,1800000,9000000,9579600000,532.2
887,0.8217775025699099,0.2710614604530811,0.0017674925889912421,0.011438225721921835,1800000,9000000,9590400000,532.8000000000001
888,0.8213740288520857,0.2786147213078004,0.0,0.011400161777999683,1800000,9000000,9601200000,533.4000000000001
889,0.8200116472003461,0.2800182603861339,0.0,0.01136222450265902,1800000,9000000,9612000000,534.0000000000001
890,0.8211302364202729,0.28008023908325186,0.00038192901080684477,0.011324413474374167,1800000,9000000,9622800000,534.6
891,0.8212010716572229,0.2746591556793644,0.0018768059601696554,0.011286728273022203,1800000,9000000,9633600000,535.2
892,0.8192919278743692,0.2798434279201178,0.001641802404398214,0.011249168479878289,1800000,9000000,9644400000,535.8000000000001
893,0.8227900596186493,0.2767263291444352,0.0,0.011211733677610984,1800000,9000000,9655200000,536.4000000000001
894,0.8216395353198501,0.27961607598068117,0.0,0.01117442345027767,1800000,9000000,9666000000,537.0000000000001
895,0.8196767980830892,0.28354467688496393,0.0015745701956444555,0.011137237383319877,1800000,9000000,9676800000,537.6000000000001
896,0.8224027020251038,0.2773208130365963,0.0,0.011100175063558702,1800000,9000000,9687600000,538.2
897,0.8234717035987421,0.27933753759259233,0.001560222198803392,0.01106323607919021,1800000,9000000,9698400000,538.8000000000001
898,0.8187167821700762,0.27977459179444125,0.0015263251566282562,0.011026420019780866,1800000,9000000,9709200000,539.4000000000001
899,0.8224353886541249,0.2742654823849556,0.0009087011403110599,0.010989726476262956,1800000,9000000,9720000000,540.0000000000001
900,0.8189218584186035,0.2782588047162314,0.002212093941181021,0.010953155040930068,1800000,9000000,9730800000,540.6000000000001
901,0.8189328408528498,0.280471829296552,0.0012013533698235445,0.010916705307432543,1800000,9000000,9741600000,541.2
902,0.8226251538472468,0.2715942920228027,0.0012626484558207406,0.010880376870772968,1800000,9000000,9752400000,541.8000000000001
903,0.8197050242947783,0.27599074790321465,0.0003624348875378545,0.010844169327301678,1800000,9000000,9763200000,542.4000000000001
904,0.8219240475082747,0.2832228542865189,0.0,0.010808082274712251,1800000,9000000,9774000000,543.0000000000001
905,0.8232649160452855,0.27729535828347696,0.00044895910820674995,0.010772115312037072,1800000,9000000,9784800000,543.6000000000001
906,0.822162390551625,0.27466146582115647,0.0008077232722692744,0.010736268039642852,1800000,9000000,9795600000,544.2
907,0.8206218015872448,0.2793018334221594,0.0025783566931788003,0.010700540059226191,1800000,9000000,9806400000,544.8000000000001
908,0.8204108608528337,0.276567684425643,0.0017388770119000439,0.010664930973809168,1800000,9000000,9817200000,545.4000000000001
909,0.8208037570793725,0.277483350412908,0.0013783004013772499,0.010629440387734914,1800000,9000000,9828000000,546.0000000000001
910,0.8223594101128963,0.2806811745787057,0.0023230927096257216,0.010594067906663207,1800000,9000000,9838800000,546.6000000000001
911,0.8207489181460099,0.2759554404813816,0.0,0.010558813137566122,1800000,9000000,9849600000,547.2
912,0.8213447189857694,0.2818052398233842,0.00032069122578227564,0.01052367568872364,1800000,9000000,9860400000,547.8000000000001
913,0.8209563460533772,0.28189320950054814,0.00130499522515681,0.010488655169719302,1800000,9000000,9871200000,548.4000000000001
914,0.8216893166898305,0.2746281130435728,0.0003863134428582847,0.010453751191435868,1800000,9000000,9882000000,549.0000000000001
915,0.8223781055708663,0.27467285202917446,0.002188771674988425,0.010418963366051004,1800000,9000000,9892800000,549.6000000000001
916,0.8234088323376142,0.2799041592869939,0.000572435297261297,0.01038429130703295,1800000,9000000,9903600000,550.2
917,0.8193496531866837,0.2771390104635605,0.0,0.010349734629136251,1800000,9000000,9914400000,550.8000000000001
918,0.8195111630717857,0.28145707415126164,0.002041232515778167,0.010315292948397467,1800000,9000000,9925200000,551.4000000000001
919,0.8199633560633739,0.2795028997701829,0.0012156020501053878,0.0102809658821309,1800000,9000000,9936000000,552.0000000000001
920,0.8202648744090967,0.27937525935131385,0.000818802885458143,0.010246753048924351,1800000,9000000,9946800000,552.6000000000001
921,0.8214800438162404,0.279179783794014,0.0013174997093886105,0.010212654068634879,1800000,9000000,9957600000,553.2
922,0.8213620533177247,0.2805790232473594,0.0005476198318641764,0.010178668562384568,1800000,9000000,9968400000,553.8000000000001
923,0.8224319858490963,0.27715271820656395,0.0,0.010144796152556337,1800000,9000000,9979200000,554.4000000000001
924,0.824376675416052,0.2745525318256726,0.00198509251143836,0.010111036462789725,1800000,9000000,9990000000,555.0000000000001
925,0.8207519580800477,0.284259656353636,0.0012255580330536337,0.010077389117976725,1800000,9000000,10000800000,555.6000000000001
926,0.82163676650952,0.2754543074804257,0.00033814030296558704,0.010043853744257604,1800000,9000000,10011600000,556.2
927,0.8213065851471921,0.2790117275901998,0.0020695291343565342,0.010010429969016745,1800000,9000000,10022400000,556.8000000000001
928,0.8201304249413094,0.2794605553170739,0.0,0.009977117420878534,1800000,9000000,10033200000,557.4000000000001
929,0.8205021229797304,0.27946947844881764,0.0006446660620314937,0.009943915729703197,1800000,9000000,10044000000,558.0000000000001
930,0.8209704180039081,0.2798151488531166,0.00011866359640202257,0.009910824526582717,1800000,9000000,10054800000,558.6000000000001
931,0.8220230729003711,0.2748725322907783,0.000574250313493372,0.009877843443836716,1800000,9000000,10065600000,559.2
932,0.819226079342346,0.2824546705629024,0.0009319880464251174,0.009844972115008389,1800000,9000000,10076400000,559.8000000000001
933,0.8216817658920099,0.27723135518720116,0.0010141193189301839,0.009812210174860397,1800000,9000000,10087200000,560.4000000000001
934,0.8212770772272844,0.28390850715689897,0.0006135181800519958,0.009779557259370852,1800000,9000000,10098000000,561.0000000000001
935,0.8192563140200694,0.28031061997886253,0.0008053689465816387,0.00974701300572925,1800000,9000000,10108800000,561.6000000000001
936,0.8188931196381884,0.27987390244244453,0.0009495653108620277,0.009714577052332429,1800000,9000000,10119600000,562.2
937,0.8215921727287935,0.27885230289738844,0.0022570563751128144,0.00968224903878058,1800000,9000000,10130400000,562.8000000000001
938,0.8212247928533439,0.2759026991939727,0.0,0.009650028605873223,1800000,9000000,10141200000,563.4000000000001
939,0.8202520736121444,0.2827883297453798,0.0012662383490668109,0.009617915395605208,1800000,9000000,10152000000,564.0000000000001
940,0.821933107094524,0.2710445256628411,0.0,0.009585909051162758,1800000,9000000,10162800000,564.6000000000001
941,0.8227518307084803,0.2788892339791231,0.00016909822804947515,0.009554009216919498,1800000,9000000,10173600000,565.2
942,0.8218465370276927,0.27471714110809997,0.0016446091186015082,0.009522215538432497,1800000,9000000,10184400000,565.8000000000001
943,0.8222178004913033,0.2773495436576002,0.0,0.009490527662438332,1800000,9000000,10195200000,566.4000000000001
944,0.8215239994849258,0.2742610359721355,0.0010240416517385419,0.00945894523684917,1800000,9000000,10206000000,567.0000000000001
945,0.8192215152551755,0.27313820459048954,0.0,0.009427467910748841,1800000,9000000,10216800000,567.6000000000001
946,0.8199607854099531,0.2804821605407257,0.0,0.009396095334388952,1800000,9000000,10227600000,568.2
947,0.8212597180321625,0.2732528096048155,0.0012937729959624222,0.009364827159185005,1800000,9000000,10238400000,568.8000000000001
948,0.8195898485900417,0.27859081501900007,0.0,0.009333663037712504,1800000,9000000,10249200000,569.4000000000001
949,0.8183869466999694,0.2800437306181922,0.0014665907082011841,0.009302602623703115,1800000,9000000,10260000000,570.0000000000001
950,0.8215873633317321,0.27901977329699046,0.0007617020277139407,0.009271645572040809,1800000,9000000,10270800000,570.6000000000001
951,0.8214209388690537,0.2794201661161526,0.0,0.00924079153875802,1800000,9000000,10281600000,571.2
952,0.8192860494762835,0.2795570127168732,0.0,0.009210040181031845,1800000,9000000,10292400000,571.8000000000001
953,0.8192899071750427,0.2758445044328307,0.0017429658349293541,0.009179391157180212,1800000,9000000,10303200000,572.4000000000001
954,0.8228217629257477,0.27589011730382984,0.001884710562960146,0.009148844126658095,1800000,9000000,10314000000,573.0000000000001
955,0.8175574130983994,0.2788493245876588,0.001509060511256093,0.009118398750053738,1800000,9000000,10324800000,573.6000000000001
956,0.8220082855045967,0.27525849602874347,0.0,0.009088054689084853,1800000,9000000,10335600000,574.2
957,0.820165556750408,0.28740661358524333,0.0015860943673371073,0.009057811606594903,1800000,9000000,10346400000,574.8000000000001
958,0.8191516911407556,0.2785115215066047,0.0020164253556307545,0.009027669166549323,1800000,9000000,10357200000,575.4000000000001
959,0.8195375512017777,0.28202007985247046,0.00027346741092186327,0.008997627034031805,1800000,9000000,10368000000,576.0000000000001
960,0.8212333842804244,0.2789125784514889,0.00023610909935646958,0.008967684875240566,1800000,9000000,10378800000,576.6000000000001
961,0.8198905273839541,0.2749866079563985,0.001296277169254762,0.00893784235748465,1800000,9000000,10389600000,577.2
962,0.8216541788180987,0.2776753987392538,0.0011740905228518894,0.008908099149180209,1800000,9000000,10400400000,577.8000000000001
963,0.8200311413745786,0.27834044448999967,0.0005327445544314087,0.008878454919846852,1800000,9000000,10411200000,578.4000000000001
964,0.8227657202025189,0.27801695133006643,0.0017284810611381798,0.008848909340103947,1800000,9000000,10422000000,579.0000000000001
965,0.8221287722036149,0.28263499219698424,0.0,0.00881946208166697,1800000,9000000,10432800000,579.6000000000001
966,0.8217015471337525,0.274504216199453,0.0008454600965515048,0.008790112817343857,1800000,9000000,10443600000,580.2
967,0.8189164604830483,0.27985148413056204,0.0,0.008760861221031375,1800000,9000000,10454400000,580.8000000000001
968,0.8221264691829252,0.28407626014179477,0.0008500200423952129,0.008731706967711477,1800000,9000000,10465200000,581.4000000000001
969,0.8197815851059413,0.28192116676778944,0.0003976885797360937,0.008702649733447719,1800000,9000000,10476000000,582.0000000000001
970,0.8227836346562316,0.27359555731923946,0.0,0.008673689195381645,1800000,9000000,10486800000,582.6000000000001
971,0.8205497895090705,0.2755749441445223,0.0,0.0086448250317292,1800000,9000000,10497600000,583.2
972,0.8212050734086394,0.2791792011206805,0.0,0.008616056921777155,1800000,9000000,10508400000,583.8000000000001
973,0.8227608087739279,0.2782933237912201,0.0,0.008587384545879555,1800000,9000000,10519200000,584.4000000000001
974,0.820918433810934,0.2785708586456032,0.0007557630606029,0.00855880758545414,1800000,9000000,10530000000,585.0000000000001
975,0.8184591131537742,0.27968806478608754,0.0008607835133812947,0.008530325722978842,1800000,9000000,10540800000,585.6000000000001
976,0.8215256447206583,0.2772551641492673,0.0018673560539571856,0.008501938641988227,1800000,9000000,10551600000,586.2
977,0.8205697983444158,0.2799850283329879,0.00012085285041630944,0.00847364602706999,1800000,9000000,10562400000,586.8000000000001
978,0.8210732449652336,0.2809515693182288,0.0005320071944278369,0.008445447563861456,1800000,9000000,10573200000,587.4000000000001
979,0.8193760985784186,0.2840326412911634,0.0005130209844892875,0.008417342939046071,1800000,9000000,10584000000,588.0000000000001
980,0.823170253340835,0.276490589891291,0.0009968262643733237,0.008389331840349944,1800000,9000000,10594800000,588.6000000000001
981,0.8225323363719195,0.28197760703831987,0.0003087105414529553,0.008361413956538348,1800000,9000000,10605600000,589.2
982,0.8190056863591977,0.2783267170623286,0.0033158833347026444,0.008333588977412296,1800000,9000000,10616400000,589.8000000000001
983,0.8199756644228088,0.27921223328977596,0.0013567601058414552,0.008305856593805061,1800000,9000000,10627200000,590.4000000000001
984,0.820857304994268,0.27997061862193956,0.0004898893790269614,0.008278216497578768,1800000,9000000,10638000000,591.0000000000001
985,0.8217992998939736,0.28090537214801603,0.0,0.008250668381620944,1800000,9000000,10648800000,591.6000000000001
986,0.8216468669392692,0.281591051327851,0.0003896442865180545,0.008223211939841133,1800000,9000000,10659600000,592.2
987,0.8226557122730539,0.27861035742986767,0.0,0.008195846867167478,1800000,9000000,10670400000,592.8000000000001
988,0.8210446580549776,0.2805636587803267,0.00242803270832799,0.008168572859543331,1800000,9000000,10681200000,593.4000000000001
989,0.8207615441854959,0.2824119185088795,8.40960647633882e-05,0.008141389613923886,1800000,9000000,10692000000,594.0000000000001
990,0.819158858712689,0.28197480580416906,0.0015476900251921626,0.008114296828272803,1800000,9000000,10702800000,594.6000000000001
991,0.8213815237248044,0.27668080334637635,0.0012974933564794977,0.008087294201558844,1800000,9000000,10713600000,595.2
992,0.8221052199758229,0.2758758220233075,0.0,0.00806038143375255,1800000,9000000,10724400000,595.8000000000001
993,0.8210465302606107,0.2794253965598446,0.0,0.008033558225822888,1800000,9000000,10735200000,596.4000000000001
994,0.8252245034605564,0.2766247068612568,0.0019534202532851927,0.008006824279733942,1800000,9000000,10746000000,597.0000000000001
995,0.8218414007560257,0.28106426685814834,0.0,0.00798017929844159,1800000,9000000,10756800000,597.6000000000001
996,0.8204478348648576,0.28353890815035077,0.001723932354931301,0.007953622985890214,1800000,9000000,10767600000,598.2
997,0.821295070687541,0.2752886080943769,0.0005609243862424955,0.007927155047009393,1800000,9000000,10778400000,598.8000000000001
998,0.8196267163280273,0.27834869255898265,0.001220298036202154,0.007900775187710651,1800000,9000000,10789200000,599.4000000000001
999,0.8193877776104543,0.2779758115043079,0.0009997432511548057,0.007874483114884165,1800000,9000000,10800000000,600.0000000000001
