round,test_accuracy,train_objective,mfg,hfr_tau,downlink_bytes,uplink_bytes,cumulative_serialized_bytes,single_device_elapsed_seconds
0,0.499413851814168,0.5940133250129017,0.1204010505200696,0.35,1800000,3600000,5400000,0.5700000000000001
1,0.5019565695692683,0.6005993851147711,0.1194643354624441,0.3488352756190831,1800000,3600000,10800000,1.1400000000000001
2,0.5012115761043147,0.597089925773737,0.12097522235724195,0.34767442718926206,1800000,3600000,16200000,1.7100000000000002
3,0.5032144611780882,0.5963088412724897,0.11775401724003466,0.34651744181220884,1800000,3600000,21600000,2.2800000000000002
4,0.504297362627238,0.5912850790579071,0.11792129279664296,0.3453643066325185,1800000,3600000,27000000,2.8500000000000005
5,0.5022203919794697,0.5921975495627417,0.11889244993150257,0.3442150088375661,1800000,3600000,32400000,3.4200000000000004
6,0.5061292300830191,0.5946101325653553,0.11495926694040313,0.3430695356573643,1800000,3600000,37800000,3.99
7,0.5056302874135642,0.5885020334672691,0.11781943021352993,0.3419278743644216,1800000,3600000,43200000,4.5600000000000005
8,0.5034716616055223,0.6004029375497058,0.11615181342919989,0.34079001227360073,1800000,3600000,48600000,5.130000000000001
9,0.505694849606644,0.5932744861253569,0.11580932297539316,0.33965593674197786,1800000,3600000,54000000,5.700000000000001
10,0.5072225673873151,0.5874067812336703,0.11706564225299163,0.33852563516870204,1800000,3600000,59400000,6.2700000000000005
11,0.5097052767142806,0.594609680912743,0.11624473895191711,0.3373990949948554,1800000,3600000,64800000,6.840000000000001
12,0.5086222058167166,0.5884145578546385,0.11255304016236892,0.3362763037033131,1800000,3600000,70200000,7.410000000000001
13,0.5087637633465936,0.5893861341860601,0.11327610589437459,0.335157248818605,1800000,3600000,75600000,7.98
14,0.5096344917664264,0.5875117754477535,0.11253394533555183,0.3340419179067763,1800000,3600000,81000000,8.55
15,0.5113254680162373,0.5895127124598157,0.11162421742680492,0.33293029857524986,1800000,3600000,86400000,9.120000000000001
16,0.5121347320742803,0.5879996021078581,0.11322127588015943,0.3318223784726884,1800000,3600000,91800000,9.690000000000001
17,0.511125636704606,0.5941087160732155,0.11194195893941848,0.3307181452888571,1800000,3600000,97200000,10.260000000000002
18,0.5138237531706916,0.5849293000315281,0.11165443462587821,0.32961758675448705,1800000,3600000,102600000,10.830000000000002
19,0.5131252140619921,0.585480187679843,0.10978003804902954,0.32852069064113865,1800000,3600000,108000000,11.400000000000002
20,0.5154999428789588,0.5876829548529598,0.11271508918643727,0.3274274447610662,1800000,3600000,113400000,11.97
21,0.5144294822821237,0.581564662477395,0.10982507059350789,0.32633783696708185,1800000,3600000,118800000,12.540000000000001
22,0.5137043157538782,0.5805739940993427,0.10898208332395672,0.3252518551524212,1800000,3600000,124200000,13.110000000000001
23,0.516935084502255,0.581070828879764,0.10996335787585242,0.32416948725060846,1800000,3600000,129600000,13.680000000000001
24,0.515192692978325,0.5874295110459656,0.11132534542696115,0.3230907212353225,1800000,3600000,135000000,14.250000000000002
25,0.5178598705530448,0.5871464309379957,0.10873234182281803,0.32201554512026315,1800000,3600000,140400000,14.820000000000002
26,0.5196295849257803,0.5814655111955067,0.1079851159427999,0.320943946959018,1800000,3600000,145800000,15.390000000000002
27,0.5173144079829333,0.5855475545201848,0.10979490066411787,0.31987591484492983,1800000,3600000,151200000,15.96
28,0.5187108282198852,0.5867125983774218,0.10597602110528637,0.3188114369109642,1800000,3600000,156600000,16.53
29,0.5158622686368677,0.5846353097916485,0.10690216740797259,0.3177505013295776,1800000,3600000,162000000,17.1
30,0.5215180857922773,0.5778061095537843,0.10612857863478274,0.3166930963125858,1800000,3600000,167400000,17.67
31,0.5230838711221943,0.5760669324159127,0.10468724227899348,0.3156392101110335,1800000,3600000,172800000,18.240000000000002
32,0.5206116638146435,0.5754397409076623,0.1058416688756954,0.3145888310150631,1800000,3600000,178200000,18.810000000000002
33,0.5228133947487141,0.574888927802572,0.1061780690969789,0.3135419473537849,1800000,3600000,183600000,19.380000000000003
34,0.5246280184859368,0.5771753398272399,0.10607783768216257,0.31249854749514744,1800000,3600000,189000000,19.950000000000003
35,0.5211693703190845,0.5799774138963644,0.10444601527045959,0.3114586198458083,1800000,3600000,194400000,20.520000000000003
36,0.5228120302264131,0.5765220361672042,0.1029495274871045,0.3104221528510051,1800000,3600000,199800000,21.090000000000003
37,0.5252165122104022,0.5742460974732024,0.10411259697879967,0.3093891349944272,1800000,3600000,205200000,21.660000000000004
38,0.5230629105680709,0.5728054169167157,0.10337509678919038,0.30835955479808785,1800000,3600000,210600000,22.230000000000004
39,0.5268248074223607,0.5750565771136387,0.10232685608183087,0.30733340082219646,1800000,3600000,216000000,22.800000000000004
40,0.5257637494684936,0.5707534171296674,0.10157914962793176,0.3063106616650316,1800000,3600000,221400000,23.37
41,0.5255204272609596,0.5770517324763073,0.10143859434424844,0.3052913259628144,1800000,3600000,226800000,23.94
42,0.5258515741332237,0.5785000931252745,0.10156948606972438,0.304275382389582,1800000,3600000,232200000,24.51
43,0.5299132583788844,0.572377339723884,0.10011615128448126,0.3032628196570622,1800000,3600000,237600000,25.080000000000002
44,0.5316031876949582,0.5652367884978032,0.10090743276624486,0.3022536265145474,1800000,3600000,243000000,25.650000000000002
45,0.530657632994162,0.5704973270767385,0.09803466905014346,0.3012477917487702,1800000,3600000,248400000,26.220000000000002
46,0.5265087486683201,0.57484978100727,0.099566820703567,0.30024530418377837,1800000,3600000,253800000,26.790000000000003
47,0.5300097754111793,0.5646531622859642,0.09869097383193164,0.2992461526808108,1800000,3600000,259200000,27.360000000000003
48,0.5305425486895236,0.5688387664260088,0.09714023797266359,0.2982503261381739,1800000,3600000,264600000,27.930000000000003
49,0.5364817381799194,0.5681322193885953,0.09941497785329471,0.2972578134911182,1800000,3600000,270000000,28.500000000000004
50,0.5278085099968203,0.5758049032630521,0.09853513395444133,0.29626860371171493,1800000,3600000,275400000,29.070000000000004
51,0.5314220072219059,0.5656303637325962,0.09636051017446776,0.2952826858087343,1800000,3600000,280800000,29.640000000000004
52,0.5363737489819452,0.5606343489350706,0.0953916867413529,0.29430004882752275,1800000,3600000,286200000,30.210000000000004
53,0.5344671307773453,0.5676412743994985,0.09795378215751405,0.29332068184988147,1800000,3600000,291600000,30.780000000000005
54,0.537990150123904,0.5575341609402241,0.09542017729192194,0.2923445739939452,1800000,3600000,297000000,31.350000000000005
55,0.5368907622174531,0.5667148618173367,0.09562789370038771,0.29137171441406096,1800000,3600000,302400000,31.92
56,0.5328383566553349,0.559678567715022,0.09744105683662618,0.2904020923006678,1800000,3600000,307800000,32.49
57,0.5371587338652976,0.5681618891750453,0.09556703641663739,0.2894356968801768,1800000,3600000,313200000,33.06
58,0.5370013916590595,0.5699566657327695,0.09669107048464685,0.2884725174148511,1800000,3600000,318600000,33.63
59,0.5379070865062369,0.5678483018207302,0.09606950088899018,0.2875125432026867,1800000,3600000,324000000,34.2
60,0.5381387049070189,0.560883335863604,0.09484846914337955,0.2865557635772936,1800000,3600000,329400000,34.77
61,0.5371626905732648,0.5637790290969661,0.09399315615635395,0.2856021679077773,1800000,3600000,334800000,35.34
62,0.5419836280800208,0.5559932028480098,0.09465973178174712,0.28465174559862044,1800000,3600000,340200000,35.910000000000004
63,0.5411102461646928,0.5572629306084399,0.09456690876672727,0.28370448608956544,1800000,3600000,345600000,36.480000000000004
64,0.5412403126161283,0.5599602901502092,0.09124810817778911,0.2827603788554969,1800000,3600000,351000000,37.050000000000004
65,0.539678160719523,0.5569632421865578,0.09311355288002014,0.28181941340632466,1800000,3600000,356400000,37.620000000000005
66,0.5383085953146658,0.5617068211506134,0.09339282013252719,0.28088157928686747,1800000,3600000,361800000,38.190000000000005
67,0.5402796866375282,0.5677596579684672,0.09377805014184938,0.2799468660767365,1800000,3600000,367200000,38.760000000000005
68,0.5449203263538704,0.5633185965985325,0.09169301124247378,0.2790152633902198,1800000,3600000,372600000,39.330000000000005
69,0.5440566893641154,0.551159719468758,0.09202972391816744,0.2780867608761669,1800000,3600000,378000000,39.900000000000006
70,0.5443332418063744,0.556537745807476,0.09188199667207227,0.2771613482178736,1800000,3600000,383400000,40.470000000000006
71,0.5436410709481123,0.5565249727730387,0.08975557179030183,0.27623901513296745,1800000,3600000,388800000,41.040000000000006
72,0.5472066573205284,0.5492048227209736,0.0910816138559926,0.2753197513732937,1800000,3600000,394200000,41.61000000000001
73,0.5459123073392941,0.5526022495626998,0.08898765658188394,0.274403546724801,1800000,3600000,399600000,42.18000000000001
74,0.5471446177246064,0.5570716899445467,0.09087374654496107,0.27349039100742834,1800000,3600000,405000000,42.75000000000001
75,0.5481542199241147,0.549726485280903,0.09043317353935039,0.2725802740749917,1800000,3600000,410400000,43.32000000000001
76,0.5489014777303313,0.5487762619543877,0.08774621137282734,0.27167318581507127,1800000,3600000,415800000,43.89000000000001
77,0.5490729214190105,0.5487287997179577,0.08947555933165276,0.2707691161488994,1800000,3600000,421200000,44.46000000000001
78,0.5456150539437193,0.5507895395452741,0.08922302862916164,0.26986805503124817,1800000,3600000,426600000,45.03000000000001
79,0.5465492850321442,0.5530865189887635,0.08659506136944128,0.26896999245031816,1800000,3600000,432000000,45.60000000000001
80,0.5499751267002863,0.5508784002881753,0.08691703948000344,0.26807491842762704,1800000,3600000,437400000,46.17
81,0.548754339602254,0.5499487672109874,0.08598678653091057,0.2671828230178986,1800000,3600000,442800000,46.74
82,0.5516138527068222,0.5463092107160826,0.0858769626899351,0.2662936963089525,1800000,3600000,448200000,47.31
83,0.551906969508715,0.5404767938503332,0.08748135792162048,0.26540752842159393,1800000,3600000,453600000,47.88
84,0.5517689405762606,0.5422921149320206,0.08453759549495442,0.2645243095095039,1800000,3600000,459000000,48.45
85,0.5503381563025337,0.5545410545841557,0.08526514941405641,0.26364402975912987,1800000,3600000,464400000,49.02
86,0.549502097940907,0.5472767947128923,0.08610266626166362,0.26276667938957665,1800000,3600000,469800000,49.59
87,0.5528904702325406,0.5437627334908399,0.08427439928374023,0.2618922486524978,1800000,3600000,475200000,50.160000000000004
88,0.5526106366318667,0.5391672076290235,0.08510299951375665,0.26102072783198726,1800000,3600000,480600000,50.730000000000004
89,0.5530311641972665,0.5429412228088071,0.08296233068761692,0.2601521072444713,1800000,3600000,486000000,51.300000000000004
90,0.5545509221271276,0.5468516711022641,0.08399458931789965,0.25928637723860126,1800000,3600000,491400000,51.870000000000005
91,0.5558279995404212,0.5436613609239336,0.08223954743363808,0.2584235281951458,1800000,3600000,496800000,52.440000000000005
92,0.5553923770199337,0.5399935339651871,0.08458070085736362,0.25756355052688457,1800000,3600000,502200000,53.010000000000005
93,0.5538468941981868,0.5411046461877318,0.08174345640662069,0.25670643467850124,1800000,3600000,507600000,53.580000000000005
94,0.5543106042246642,0.5441806343549965,0.0828004551251508,0.2558521711264775,1800000,3600000,513000000,54.150000000000006
95,0.5582065216742668,0.5409305079622685,0.08218232714267283,0.2550007503789875,1800000,3600000,518400000,54.720000000000006
96,0.5601977588244814,0.5330422240765205,0.08230338880071765,0.2541521629757918,1800000,3600000,523800000,55.290000000000006
97,0.5595032746606425,0.5374636802769777,0.08010196283693437,0.2533063994881328,1800000,3600000,529200000,55.86000000000001
98,0.5584443213364535,0.5416867929977752,0.08107182065801949,0.2524634505186297,1800000,3600000,534600000,56.43000000000001
99,0.5575822732780888,0.5427335068502865,0.080526156213793,0.25162330670117417,1800000,3600000,540000000,57.00000000000001
100,0.560595756132648,0.5394253564891954,0.07919669050609482,0.2507859587008262,1800000,3600000,545400000,57.57000000000001
101,0.5607051109339797,0.5360017401188956,0.07921378843517757,0.24995139721371062,1800000,3600000,550800000,58.14000000000001
102,0.5598140658968696,0.5378008363812768,0.0795303608445171,0.24911961296691337,1800000,3600000,556200000,58.71000000000001
103,0.5589761267427538,0.5399908763239535,0.07905062364262487,0.24829059671837875,1800000,3600000,561600000,59.28000000000001
104,0.5622006975727346,0.5373438666541104,0.07696671693887625,0.24746433925680647,1800000,3600000,567000000,59.85000000000001
105,0.5611548620840937,0.5437782343860852,0.07800634865110397,0.2466408314015497,1800000,3600000,572400000,60.42000000000001
106,0.5646709041921547,0.530918315949561,0.07901664738219485,0.24582006400251258,1800000,3600000,577800000,60.99000000000001
107,0.5660159071070306,0.5354680264228237,0.07856295431600825,0.24500202794004897,1800000,3600000,583200000,61.56000000000001
108,0.5619143258550675,0.5380635653774164,0.07773700876582994,0.24418671412486084,1800000,3600000,588600000,62.13000000000001
109,0.5636143641234246,0.5393817134343014,0.07634554457208764,0.24337411349789742,1800000,3600000,594000000,62.70000000000001
110,0.5629318587632938,0.5364228954761342,0.07782076827684946,0.24256421703025452,1800000,3600000,599400000,63.27000000000001
111,0.5641829500022582,0.5377651348630398,0.0765664339090976,0.24175701572307412,1800000,3600000,604800000,63.84
112,0.5660563154866669,0.5400229997104329,0.07760078128545435,0.2409525006074445,1800000,3600000,610200000,64.41000000000001
113,0.567434755077622,0.5309527988867739,0.07711189080699966,0.24015066274430058,1800000,3600000,615600000,64.98
114,0.5675668579169517,0.5383903139794339,0.07515305487206947,0.23935149322432453,1800000,3600000,621000000,65.55000000000001
115,0.5652263813558053,0.5372454831964625,0.075874989525672,0.23855498316784673,1800000,3600000,626400000,66.12
116,0.5682229772775538,0.5304304908951378,0.07574496327908069,0.23776112372474734,1800000,3600000,631800000,66.69000000000001
117,0.5714838557387673,0.5309527635161844,0.07425684938473377,0.2369699060743576,1800000,3600000,637200000,67.26
118,0.5691178948646454,0.5315602568664746,0.07573056634061,0.23618132142536227,1800000,3600000,642600000,67.83000000000001
119,0.5697803506803054,0.5301527850247965,0.07436400391853368,0.2353953610157015,1800000,3600000,648000000,68.4
120,0.570538195821425,0.5281635683172277,0.07174960248247274,0.23461201611247376,1800000,3600000,653400000,68.97000000000001
121,0.5699785681304207,0.5297760981978196,0.0737052332116071,0.23383127801183873,1800000,3600000,658800000,69.54
122,0.5699236773476317,0.5273161111831545,0.07251991632255743,0.23305313803892064,1800000,3600000,664200000,70.11000000000001
123,0.5695027476536076,0.5327788894884397,0.07275659196628859,0.23227758754771177,1800000,3600000,669600000,70.68
124,0.572689632290629,0.531145901641179,0.07205658571898363,0.23150461792097646,1800000,3600000,675000000,71.25000000000001
125,0.5712412533528147,0.5232450788752547,0.07278516486958675,0.2307342205701553,1800000,3600000,680400000,71.82000000000001
126,0.5738730912372713,0.5204867873446666,0.07289856282673085,0.22996638693526986,1800000,3600000,685800000,72.39000000000001
127,0.5743816301645944,0.522020619090886,0.07423531318728079,0.22920110848482736,1800000,3600000,691200000,72.96000000000001
128,0.5733825062650336,0.5277887963213258,0.07153462761893171,0.22843837671572612,1800000,3600000,696600000,73.53
129,0.5739443625300396,0.5243297257250737,0.07084723056828042,0.22767818315316077,1800000,3600000,702000000,74.10000000000001
130,0.5736792338947863,0.5248835243897471,0.07111139081705276,0.2269205193505284,1800000,3600000,707400000,74.67
131,0.5732037739743223,0.5283515135753075,0.06881097986595616,0.2261653768893345,1800000,3600000,712800000,75.24000000000001
132,0.5761837150628438,0.5218710204278248,0.07141047149797988,0.22541274737909947,1800000,3600000,718200000,75.81
133,0.5749935072389374,0.5246499009828716,0.06936085036719594,0.22466262245726548,1800000,3600000,723600000,76.38000000000001
134,0.5748397074834816,0.5212606156503867,0.06956358075421919,0.22391499378910354,1800000,3600000,729000000,76.95
135,0.5777492858426005,0.5248896575933453,0.06936755822629928,0.22316985306762066,1800000,3600000,734400000,77.52000000000001
136,0.5779812820855486,0.5200300306034346,0.07070741571743211,0.22242719201346783,1800000,3600000,739800000,78.09
137,0.5780427325112864,0.5282101406332924,0.07140189344409587,0.22168700237484795,1800000,3600000,745200000,78.66000000000001
138,0.5768668432442945,0.5247125243826757,0.0674252626133628,0.22094927592742405,1800000,3600000,750600000,79.23
139,0.5776051607760342,0.5261282793891362,0.06823994108266804,0.22021400447422812,1800000,3600000,756000000,79.80000000000001
140,0.5784288433127093,0.5231328225808175,0.06984251534391253,0.2194811798455696,1800000,3600000,761400000,80.37
141,0.5805786602428811,0.5187036418918781,0.06869856083418217,0.21875079389894525,1800000,3600000,766800000,80.94000000000001
142,0.5806845836734317,0.5221581525266557,0.06828203794361173,0.21802283851894808,1800000,3600000,772200000,81.51
143,0.5791766638398225,0.520806882865316,0.06642269991332818,0.21729730561717747,1800000,3600000,777600000,82.08000000000001
144,0.5810158472079912,0.5210503421258724,0.06710682159146163,0.2165741871321493,1800000,3600000,783000000,82.65
145,0.5817480272530577,0.5190139451967636,0.06739196195122281,0.21585347502920627,1800000,3600000,788400000,83.22000000000001
146,0.5809177081386067,0.5193266778194867,0.0670376151677631,0.2151351613004287,1800000,3600000,793800000,83.79
147,0.5800373454716441,0.5163722097230365,0.06688697808976189,0.21441923796454562,1800000,3600000,799200000,84.36000000000001
148,0.5812626526648503,0.5207273537651551,0.0646443681149027,0.21370569706684586,1800000,3600000,804600000,84.93
149,0.5837664136679905,0.5144126126302562,0.06662841124384379,0.2129945306790899,1800000,3600000,810000000,85.50000000000001
150,0.5851493260023629,0.5137828631818393,0.06485017067317046,0.21228573089942168,1800000,3600000,815400000,86.07000000000001
151,0.5823596019616423,0.519144714264708,0.06616334630538896,0.2115792898522808,1800000,3600000,820800000,86.64000000000001
152,0.5860915532587073,0.509947859997229,0.0656178412254714,0.21087519968831503,1800000,3600000,826200000,87.21000000000001
153,0.5851813901966438,0.5172176180919361,0.06436484181669129,0.21017345258429304,1800000,3600000,831600000,87.78000000000002
154,0.5849226873499683,0.5148218125953832,0.06442951212812552,0.20947404074301768,1800000,3600000,837000000,88.35000000000001
155,0.5851968648694742,0.5138801962244446,0.06623646110045328,0.20877695639323893,1800000,3600000,842400000,88.92000000000002
156,0.5835754767656911,0.518573021011885,0.06365712871745902,0.20808219178956802,1800000,3600000,847800000,89.49000000000001
157,0.5887071028996661,0.5091670357267206,0.06521867414960077,0.2073897392123911,1800000,3600000,853200000,90.06000000000002
158,0.5862702107114415,0.5086371394149096,0.06330022054991227,0.20669959096778348,1800000,3600000,858600000,90.63000000000001
159,0.5886004688364819,0.5106958599847481,0.06303286511399922,0.20601173938742431,1800000,3600000,864000000,91.20000000000002
160,0.5873296630816405,0.5120167359414226,0.06393987916941686,0.20532617682851112,1800000,3600000,869400000,91.77000000000001
161,0.5874547848357352,0.5103701488002088,0.06353254220250419,0.2046428956736751,1800000,3600000,874800000,92.34
162,0.5882910092542153,0.5116060179797629,0.06268321478395884,0.20396188833089637,1800000,3600000,880200000,92.91000000000001
163,0.5887324208162475,0.5052215030830414,0.06245470092991555,0.2032831472334197,1800000,3600000,885600000,93.48
164,0.5875367337255064,0.5136559124789871,0.06316471163485793,0.20260666483967038,1800000,3600000,891000000,94.05000000000001
165,0.5906742505349957,0.5132396309636368,0.06290500821362399,0.20193243363317032,1800000,3600000,896400000,94.62
166,0.5909823781296714,0.5097480384706892,0.0621302136746373,0.20126044612245486,1800000,3600000,901800000,95.19000000000001
167,0.5915798093590423,0.5064879663672208,0.06109923460234866,0.20059069484098904,1800000,3600000,907200000,95.76
168,0.5920174446289208,0.5046850156112794,0.06307086727556638,0.1999231723470852,1800000,3600000,912600000,96.33000000000001
169,0.5871846416431618,0.5154372008021723,0.060809519618626774,0.1992578712238198,1800000,3600000,918000000,96.9
170,0.5901755436165229,0.5085799877916057,0.05978568347470369,0.19859478407895134,1800000,3600000,923400000,97.47000000000001
171,0.5938107951223502,0.5114776720075677,0.0591507146639537,0.19793390354483797,1800000,3600000,928800000,98.04
172,0.5908221907639499,0.5106994716412636,0.06065872814152392,0.19727522227835592,1800000,3600000,934200000,98.61000000000001
173,0.5927113572777605,0.5057176577934192,0.060016986237498425,0.1966187329608177,1800000,3600000,939600000,99.18
174,0.5946425333111361,0.5066076562164468,0.05974037528177133,0.1959644282978907,1800000,3600000,945000000,99.75000000000001
175,0.5953135523833631,0.5014883535196434,0.06055867865491881,0.19531230101951647,1800000,3600000,950400000,100.32000000000001
176,0.5940461143036195,0.5105732315900754,0.059659532802119476,0.1946623438798296,1800000,3600000,955800000,100.89000000000001
177,0.5952948902641726,0.5032307430316953,0.0601348273127621,0.19401454965707748,1800000,3600000,961200000,101.46000000000001
178,0.5969169194079693,0.5023226083895543,0.05736688019933723,0.19336891115353974,1800000,3600000,966600000,102.03000000000002
179,0.5931557954950665,0.5094559177313165,0.061837629305760256,0.1927254211954487,1800000,3600000,972000000,102.60000000000001
180,0.5944969064332717,0.5003538357597271,0.05962100534693601,0.19208407263290928,1800000,3600000,977400000,103.17000000000002
181,0.5953895248606105,0.5062250313595572,0.05913603937613149,0.19144485833981967,1800000,3600000,982800000,103.74000000000001
182,0.5954634709790771,0.5065037521110531,0.058176913162044194,0.19080777121379236,1800000,3600000,988200000,104.31000000000002
183,0.5954246889580179,0.5065292900622062,0.05729616755859253,0.19017280417607493,1800000,3600000,993600000,104.88000000000001
184,0.5976247599809944,0.5044114851720047,0.05789488746182689,0.1895399501714715,1800000,3600000,999000000,105.45000000000002
185,0.5987992295772722,0.4985805223463179,0.05631615141875551,0.1889092021682644,1800000,3600000,1004400000,106.02000000000001
186,0.5980729963461039,0.49765432253265407,0.05662316013762801,0.18828055315813605,1800000,3600000,1009800000,106.59000000000002
187,0.6007671078964445,0.4995193128422002,0.05800554126917399,0.18765399615609096,1800000,3600000,1015200000,107.16000000000001
188,0.6002558802844178,0.4992336469078251,0.05770264515473574,0.18702952420037813,1800000,3600000,1020600000,107.73000000000002
189,0.5986403102207686,0.49583663233751235,0.056291034629069724,0.186407130352414,1800000,3600000,1026000000,108.30000000000001
190,0.5995303455442332,0.49601336264804347,0.05459969081446005,0.1857868076967049,1800000,3600000,1031400000,108.87000000000002
191,0.6022125663909295,0.4968560492623297,0.05629838293482468,0.1851685493407704,1800000,3600000,1036800000,109.44000000000001
192,0.6007626247222081,0.5057865161946924,0.056622444384900765,0.18455234841506699,1800000,3600000,1042200000,110.01
193,0.601368687190684,0.5054220988678708,0.055218415515245575,0.18393819807291129,1800000,3600000,1047600000,110.58000000000001
194,0.603376408910664,0.49674678254147936,0.055238499062262275,0.18332609149040435,1800000,3600000,1053000000,111.15
195,0.601515505063539,0.5017476302112319,0.05557357652143405,0.1827160218663556,1800000,3600000,1058400000,111.72000000000001
196,0.6027799701972397,0.4934224629923341,0.05569662406013674,0.1821079824222074,1800000,3600000,1063800000,112.29
197,0.6007556148394418,0.49654575581765964,0.05454365498671349,0.1815019664019596,1800000,3600000,1069200000,112.86000000000001
198,0.6031996831472136,0.49324408977128475,0.05546750591086869,0.1808979670720947,1800000,3600000,1074600000,113.43
199,0.6054688156628321,0.4975981052081783,0.05374161506330433,0.18029597772150285,1800000,3600000,1080000000,114.00000000000001
200,0.6032503639306606,0.497118299153617,0.0530106201694816,0.1796959916614072,1800000,3600000,1085400000,114.57000000000001
201,0.605589938444408,0.4907283861112728,0.054113967777745194,0.17909800222528985,1800000,3600000,1090800000,115.14000000000001
202,0.604331835889361,0.4963870946536899,0.054609593370312806,0.1785020027688176,1800000,3600000,1096200000,115.71000000000001
203,0.6068735753246591,0.49141911465098825,0.05293340886017925,0.1779079866697681,1800000,3600000,1101600000,116.28000000000002
204,0.6043456334937413,0.4946361161068173,0.0515186550873014,0.17731594732795633,1800000,3600000,1107000000,116.85000000000001
205,0.6070985754345501,0.4948720881885423,0.05170562714996319,0.1767258781651614,1800000,3600000,1112400000,117.42000000000002
206,0.6081600032073159,0.48559893107678054,0.053076630697417096,0.1761377726250531,1800000,3600000,1117800000,117.99000000000001
207,0.6064123256424664,0.49300400023101576,0.05357966806510849,0.17555162417311942,1800000,3600000,1123200000,118.56000000000002
208,0.6075097241831006,0.49202894567883415,0.05295392347137981,0.17496742629659376,1800000,3600000,1128600000,119.13000000000001
209,0.6089608373118279,0.4887356872130546,0.0524922167254828,0.17438517250438257,1800000,3600000,1134000000,119.70000000000002
210,0.6070524362255486,0.4913493250244104,0.05311091635713847,0.17380485632699333,1800000,3600000,1139400000,120.27000000000001
211,0.6081880160584652,0.49180687593361444,0.05114215638264876,0.17322647131646246,1800000,3600000,1144800000,120.84000000000002
212,0.6093627835222833,0.49321918970967343,0.051570465911247955,0.17265001104628397,1800000,3600000,1150200000,121.41000000000001
213,0.6113418697611842,0.49209247707786924,0.0516051314622187,0.17207546911133778,1800000,3600000,1155600000,121.98000000000002
214,0.6074137264703254,0.49165897793523056,0.050284713276860134,0.1715028391278187,1800000,3600000,1161000000,122.55000000000001
215,0.610574524089531,0.49048988632234714,0.04944617183159632,0.17093211473316547,1800000,3600000,1166400000,123.12000000000002
216,0.6096915661814103,0.4924069409421397,0.04904026321191281,0.1703632895859901,1800000,3600000,1171800000,123.69000000000001
217,0.6136422172596254,0.48802554890379596,0.04859218840510633,0.1697963573660072,1800000,3600000,1177200000,124.26000000000002
218,0.6093240827321698,0.48613051397895163,0.050157681655495744,0.1692313117739642,1800000,3600000,1182600000,124.83000000000001
219,0.6092106802064101,0.48597732703053115,0.05013769169333191,0.16866814653157083,1800000,3600000,1188000000,125.40000000000002
220,0.6131013176108892,0.4828396649413035,0.048878912774283224,0.16810685538142978,1800000,3600000,1193400000,125.97000000000001
221,0.6115775271601396,0.48749859427278996,0.04976407973322577,0.16754743208696687,1800000,3600000,1198800000,126.54000000000002
222,0.6125728108093311,0.4914618001450048,0.04795434427604046,0.16698987043236202,1800000,3600000,1204200000,127.11000000000001
223,0.6130908136694784,0.4884197143622613,0.049689670530353,0.16643416422248,1800000,3600000,1209600000,127.68
224,0.6128025279428698,0.49087868033678844,0.04893335577830024,0.1658803072828016,1800000,3600000,1215000000,128.25
225,0.612163850646328,0.48787956377357644,0.04881095305350081,0.16532829345935512,1800000,3600000,1220400000,128.82000000000002
226,0.6110230164386973,0.4841632581752271,0.04767989982678036,0.16477811661864805,1800000,3600000,1225800000,129.39000000000001
227,0.6115012992402936,0.48745452463145966,0.04801422224313053,0.1642297706475986,1800000,3600000,1231200000,129.96
228,0.6101067320039795,0.4909726498888407,0.046086260560145316,0.1636832494534682,1800000,3600000,1236600000,130.53
229,0.6154269385873601,0.4834904758983053,0.04654970220844024,0.1631385469637935,1800000,3600000,1242000000,131.10000000000002
230,0.6143717114411488,0.4840526771564781,0.04846316248480812,0.162595657126319,1800000,3600000,1247400000,131.67000000000002
231,0.6123340349833886,0.4879930686861034,0.04773988640191838,0.16205457390892983,1800000,3600000,1252800000,132.24
232,0.6138424160948958,0.4863581672827271,0.047210764635271976,0.16151529129958464,1800000,3600000,1258200000,132.81
233,0.617395815020534,0.4823495935337643,0.047420492190321094,0.1609778033062489,1800000,3600000,1263600000,133.38000000000002
234,0.6136395140527336,0.48228701141955016,0.048117951825336826,0.16044210395682823,1800000,3600000,1269000000,133.95000000000002
235,0.6189481990658791,0.48012627231286104,0.04664882405618404,0.1599081872991022,1800000,3600000,1274400000,134.52
236,0.6158137950586179,0.4873675036021461,0.04774057559194414,0.15937604740065797,1800000,3600000,1279800000,135.09
237,0.615593495678072,0.48276123865787446,0.045923915920645424,0.15884567834882454,1800000,3600000,1285200000,135.66000000000003
238,0.62068018000078,0.4811125538307246,0.048012250009055915,0.15831707425060695,1800000,3600000,1290600000,136.23000000000002
239,0.6188941153044835,0.48255885303014046,0.04548084165347757,0.15779022923262095,1800000,3600000,1296000000,136.8
240,0.6163277730824016,0.482886833352194,0.045556918509270405,0.15726513744102755,1800000,3600000,1301400000,137.37
241,0.6206312813550007,0.47682957331190623,0.04511357276485624,0.1567417930414681,1800000,3600000,1306800000,137.94000000000003
242,0.6167751203497633,0.48415139130959817,0.04451160717493606,0.1562201902189995,1800000,3600000,1312200000,138.51000000000002
243,0.6168145819323139,0.482767524283501,0.04629183964339387,0.15570032317802937,1800000,3600000,1317600000,139.08
244,0.6184593171060673,0.48434056940923104,0.045338305282788406,0.15518218614225202,1800000,3600000,1323000000,139.65
245,0.6210897644905188,0.4816784476922377,0.04557999978195938,0.15466577335458384,1800000,3600000,1328400000,140.22000000000003
246,0.61878278026022,0.4775037949759752,0.044319172720247456,0.15415107907709974,1800000,3600000,1333800000,140.79000000000002
247,0.6211718082345575,0.47777621769726225,0.045555260706739965,0.15363809759096905,1800000,3600000,1339200000,141.36
248,0.620854506202245,0.47429043223977035,0.04578087734741595,0.15312682319639226,1800000,3600000,1344600000,141.93
249,0.6207072432286009,0.4856131962939162,0.04667760036972848,0.15261725021253744,1800000,3600000,1350000000,142.50000000000003
250,0.6233172095564811,0.4743736951816738,0.044252688194139404,0.15210937297747737,1800000,3600000,1355400000,143.07000000000002
251,0.6212701854748124,0.4750891358615677,0.04533830975980412,0.1516031858481264,1800000,3600000,1360800000,143.64000000000001
252,0.6224192489502486,0.47722450807092714,0.044127994666818,0.15109868320017789,1800000,3600000,1366200000,144.21
253,0.621726729257483,0.4783159373903258,0.04422487575051098,0.15059585942804166,1800000,3600000,1371600000,144.78000000000003
254,0.6234423038695301,0.47507035154845784,0.04110157827681203,0.15009470894478177,1800000,3600000,1377000000,145.35000000000002
255,0.6228520514626669,0.47943146332271735,0.04352703808167141,0.14959522618205434,1800000,3600000,1382400000,145.92000000000002
256,0.624811938061901,0.47720664779301475,0.04495630777205682,0.14909740559004572,1800000,3600000,1387800000,146.49
257,0.6215202586699312,0.4779825567955755,0.04405385179845154,0.14860124163741095,1800000,3600000,1393200000,147.06
258,0.6238335213492547,0.47253685709424775,0.042105072032149,0.1481067288112121,1800000,3600000,1398600000,147.63000000000002
259,0.6254006243485194,0.4732743991190712,0.043351081283196966,0.14761386161685705,1800000,3600000,1404000000,148.20000000000002
260,0.6278805531078058,0.4772499124625354,0.04176983696694115,0.14712263457803865,1800000,3600000,1409400000,148.77
261,0.6298193026752009,0.4673752275019912,0.04283496172531933,0.14663304223667364,1800000,3600000,1414800000,149.34
262,0.624634572635595,0.4740695404637071,0.04216722616513085,0.14614507915284203,1800000,3600000,1420200000,149.91000000000003
263,0.6222718031140522,0.478759744331955,0.04208546199971152,0.14565873990472678,1800000,3600000,1425600000,150.48000000000002
264,0.6261364246530777,0.4750818626508152,0.04426496104410637,0.14517401908855349,1800000,3600000,1431000000,151.05
265,0.6261949872098278,0.4802238673699815,0.04160554851218466,0.14469091131853026,1800000,3600000,1436400000,151.62
266,0.624465556290213,0.473343187554969,0.04141970404058125,0.14420941122678804,1800000,3600000,1441800000,152.19000000000003
267,0.6273038205766445,0.47056627006462104,0.04155362600085402,0.1437295134633209,1800000,3600000,1447200000,152.76000000000002
268,0.6248435542042143,0.477696051162336,0.041543345814570955,0.1432512126959265,1800000,3600000,1452600000,153.33
269,0.6270800580102516,0.47199048932541904,0.04090479466906143,0.14277450361014693,1800000,3600000,1458000000,153.9
270,0.628066550443856,0.4710926348439742,0.04299875094178335,0.14229938090920968,1800000,3600000,1463400000,154.47000000000003
271,0.6294932825461996,0.4714850506269329,0.04100287406113438,0.14182583931396875,1800000,3600000,1468800000,155.04000000000002
272,0.6276405579678845,0.463738540780219,0.04113751221745474,0.14135387356284596,1800000,3600000,1474200000,155.61
273,0.6307085420718918,0.4720636273544248,0.038760656229962664,0.14088347841177257,1800000,3600000,1479600000,156.18
274,0.6288281501780164,0.4708691518111132,0.03985964881649344,0.14041464863413097,1800000,3600000,1485000000,156.75000000000003
275,0.6288204944968714,0.4713839679904216,0.038889070652761294,0.13994737902069657,1800000,3600000,1490400000,157.32000000000002
276,0.6289301666963778,0.47730126297335596,0.039334834660591865,0.13948166437957993,1800000,3600000,1495800000,157.89000000000001
277,0.6314843520935794,0.46954126675471985,0.040196031840187246,0.1390174995361692,1800000,3600000,1501200000,158.46
278,0.62939487173616,0.47407889939056896,0.04028126404183499,0.13855487933307245,1800000,3600000,1506600000,159.03000000000003
279,0.6306537692589812,0.4718762117363686,0.038791692987042034,0.13809379863006038,1800000,3600000,1512000000,159.60000000000002
280,0.6320825104660818,0.46568077047820333,0.038895846351371964,0.13763425230400939,1800000,3600000,1517400000,160.17000000000002
281,0.630351790049141,0.4698680728582239,0.040210960897465564,0.1371762352488444,1800000,3600000,1522800000,160.74
282,0.6329845995854269,0.4664972813519382,0.0404244861523627,0.1367197423754824,1800000,3600000,1528200000,161.31000000000003
283,0.6290238750147101,0.4693274978779518,0.03793233561084167,0.13626476861177553,1800000,3600000,1533600000,161.88000000000002
284,0.6335917297214311,0.4675335150747322,0.03970102545676524,0.13581130890245519,1800000,3600000,1539000000,162.45000000000002
285,0.6323056236515088,0.463844264333625,0.039600490906855836,0.1353593582090754,1800000,3600000,1544400000,163.02
286,0.6329534206360592,0.4666159083774916,0.037912969667431864,0.13490891150995724,1800000,3600000,1549800000,163.59000000000003
287,0.6324431630728421,0.47045650663944244,0.039740469712658655,0.13445996380013267,1800000,3600000,1555200000,164.16000000000003
288,0.636175161455388,0.4639366060140456,0.03860785311194275,0.1340125100912892,1800000,3600000,1560600000,164.73000000000002
289,0.6340998824844671,0.4703378962660462,0.037638370659671495,0.13356654541171437,1800000,3600000,1566000000,165.3
290,0.6346589574415208,0.45839512175582026,0.03767139448118095,0.13312206480624048,1800000,3600000,1571400000,165.87
291,0.6348764920855118,0.4654921290867629,0.03877415090505752,0.1326790633361896,1800000,3600000,1576800000,166.44000000000003
292,0.6361395387087921,0.465247331769764,0.03915204812117541,0.1322375360793185,1800000,3600000,1582200000,167.01000000000002
293,0.6352385322865675,0.46118231491860356,0.036839722854522215,0.13179747812976436,1800000,3600000,1587600000,167.58
294,0.6343703069950987,0.46378554440697745,0.03653347251891366,0.13135888459798983,1800000,3600000,1593000000,168.15
295,0.634908489294326,0.4632413970879531,0.03600367611324545,0.13092175061072892,1800000,3600000,1598400000,168.72000000000003
296,0.6363464205170478,0.46030231602872895,0.03608124959821594,0.13048607131093282,1800000,3600000,1603800000,169.29000000000002
297,0.6346157345307308,0.46658250278806074,0.036396443335627006,0.13005184185771598,1800000,3600000,1609200000,169.86
298,0.6377708944308113,0.46737221032519877,0.03715810348961976,0.1296190574263022,1800000,3600000,1614600000,170.43
299,0.6347886464478583,0.46744837664437816,0.03505089010043509,0.12918771320797112,1800000,3600000,1620000000,171.00000000000003
300,0.6369598163916523,0.46729846572138356,0.0366970375584787,0.1287578044100048,1800000,3600000,1625400000,171.57000000000002
301,0.6353633007990492,0.467425627976811,0.037101446704730506,0.12832932625563434,1800000,3600000,1630800000,172.14000000000001
302,0.6381422443540495,0.46502376028612974,0.036001961101731705,0.12790227398398704,1800000,3600000,1636200000,172.71
303,0.638706519809891,0.4585359493868974,0.0339739713467604,0.12747664285003316,1800000,3600000,1641600000,173.28000000000003
304,0.640336511600553,0.46179513592175847,0.03505690858147656,0.12705242812453352,1800000,3600000,1647000000,173.85000000000002
305,0.6395471334953973,0.45422192998496685,0.03400763582481773,0.1266296250939869,1800000,3600000,1652400000,174.42000000000002
306,0.6396490998725515,0.4623800757629545,0.03296496230879815,0.1262082290605774,1800000,3600000,1657800000,174.99
307,0.6399234818976735,0.46029363429162534,0.03412565075218146,0.12578823534212255,1800000,3600000,1663200000,175.56000000000003
308,0.6392154114736684,0.45637567307751203,0.035684396803638566,0.12536963927202122,1800000,3600000,1668600000,176.13000000000002
309,0.6384062578657248,0.4608612724661504,0.03396971634981969,0.12495243619920157,1800000,3600000,1674000000,176.70000000000002
310,0.6414751656441812,0.4635463406263597,0.034880343459261644,0.12453662148806965,1800000,3600000,1679400000,177.27
311,0.6403008230358792,0.46129367890762946,0.03484828281709415,0.12412219051845777,1800000,3600000,1684800000,177.84000000000003
312,0.6400369479475393,0.46175251226409697,0.03596444870505911,0.12370913868557305,1800000,3600000,1690200000,178.41000000000003
313,0.6419018684715843,0.46128194330522887,0.03542323353517394,0.12329746139994645,1800000,3600000,1695600000,178.98000000000002
314,0.6391408853835353,0.4576839635854424,0.034374577539406474,0.12288715408738168,1800000,3600000,1701000000,179.55
315,0.6391064257162407,0.4560246484401386,0.032446659692605004,0.12247821218890435,1800000,3600000,1706400000,180.12000000000003
316,0.6401716690404446,0.45967691149488615,0.034761739346176684,0.12207063116071146,1800000,3600000,1711800000,180.69000000000003
317,0.6402777697198234,0.465814207792311,0.035875661669363595,0.12166440647412063,1800000,3600000,1717200000,181.26000000000002
318,0.6390415791001803,0.4635174183851907,0.03364005025713203,0.12125953361552008,1800000,3600000,1722600000,181.83
319,0.6438573237933046,0.4556983626210282,0.03279821206171556,0.12085600808631838,1800000,3600000,1728000000,182.40000000000003
320,0.6436369978599994,0.457304253307196,0.035438701136769474,0.12045382540289432,1800000,3600000,1733400000,182.97000000000003
321,0.643280342719126,0.4522167394573671,0.03407639581744592,0.12005298109654731,1800000,3600000,1738800000,183.54000000000002
322,0.644759714477226,0.4555735353697298,0.03321620913257565,0.11965347071344763,1800000,3600000,1744200000,184.11
323,0.6426503061333516,0.45555227432715256,0.03203162639552877,0.11925528981458684,1800000,3600000,1749600000,184.68
324,0.6416667032674715,0.4586749016022633,0.0322944932715164,0.11885843397572868,1800000,3600000,1755000000,185.25000000000003
325,0.6442809084926886,0.4583788709331421,0.03280187484484222,0.11846289878735977,1800000,3600000,1760400000,185.82000000000002
326,0.6420796606868324,0.45833172270299233,0.03247512995318772,0.11806867985464056,1800000,3600000,1765800000,186.39000000000001
327,0.6473010117916072,0.4517708855466978,0.03373862345401312,0.11767577279735666,1800000,3600000,1771200000,186.96
328,0.6439941074483081,0.45293717612939344,0.03174239085450108,0.11728417324987007,1800000,3600000,1776600000,187.53000000000003
329,0.6414818187475367,0.4573224465764831,0.03231944523453266,0.11689387686107064,1800000,3600000,1782000000,188.10000000000002
330,0.6470501583477474,0.4526860786680739,0.03114532611165651,0.11650487929432783,1800000,3600000,1787400000,188.67000000000002
331,0.6433812038198602,0.45452236564545584,0.02983978248769985,0.11611717622744248,1800000,3600000,1792800000,189.24
332,0.6461551348237287,0.4529943854026456,0.031103541827547876,0.1157307633525987,1800000,3600000,1798200000,189.81000000000003
333,0.6459206464999661,0.4558221856252658,0.03304946177235581,0.11534563637631616,1800000,3600000,1803600000,190.38000000000002
334,0.6454453049998065,0.4538359732661589,0.030033518544944307,0.11496179101940228,1800000,3600000,1809000000,190.95000000000002
335,0.6462913939312617,0.44578744083424543,0.03173760575619944,0.11457922301690467,1800000,3600000,1814400000,191.52
336,0.6480693273134738,0.4520660867449523,0.03133615548078285,0.1141979281180638,1800000,3600000,1819800000,192.09000000000003
337,0.6459371731688229,0.45212862582450103,0.03187545031216081,0.11381790208626583,1800000,3600000,1825200000,192.66000000000003
338,0.6474516250665341,0.4545197689225042,0.03127997765787259,0.1134391406989953,1800000,3600000,1830600000,193.23000000000002
339,0.6504141085850433,0.45004917975049724,0.03155167524028234,0.11306163974778852,1800000,3600000,1836000000,193.8
340,0.6494861213556642,0.4507664499468078,0.030724580888062902,0.11268539503818656,1800000,3600000,1841400000,194.37000000000003
341,0.6477307499027725,0.44869823597043634,0.03129798610097617,0.11231040238968878,1800000,3600000,1846800000,194.94000000000003
342,0.6486463901587204,0.45559977515208877,0.03098243754705127,0.11193665763570637,1800000,3600000,1852200000,195.51000000000002
343,0.6461047344463665,0.4528474557012992,0.029118852897906573,0.11156415662351593,1800000,3600000,1857600000,196.08
344,0.648751581333466,0.4503786217348984,0.030581562926473644,0.11119289521421355,1800000,3600000,1863000000,196.65000000000003
345,0.6498092634067398,0.44415160849200364,0.02959816794993685,0.11082286928266864,1800000,3600000,1868400000,197.22000000000003
346,0.6482511234033458,0.4487096574072502,0.02948374193992826,0.11045407471747809,1800000,3600000,1873800000,197.79000000000002
347,0.6489210347209056,0.45536188476879164,0.029732515510525828,0.11008650742092078,1800000,3600000,1879200000,198.36
348,0.6499602089389952,0.45170684398609506,0.02901424336607986,0.10972016330891185,1800000,3600000,1884600000,198.93000000000004
349,0.6489887113516296,0.45070699680599985,0.031010820819257205,0.10935503831095737,1800000,3600000,1890000000,199.50000000000003
350,0.6501648297907847,0.45035935034116714,0.02970336665850268,0.10899112837010919,1800000,3600000,1895400000,200.07000000000002
351,0.6511838567700577,0.45150552000606897,0.02814931853751828,0.10862842944291975,1800000,3600000,1900800000,200.64000000000001
352,0.6508092156709343,0.45144911013235733,0.031043231350936503,0.10826693749939725,1800000,3600000,1906200000,201.21
353,0.6506313297929277,0.4518055027104406,0.027781829714849302,0.10790664852296081,1800000,3600000,1911600000,201.78000000000003
354,0.648424976417029,0.4520770759082001,0.02779699813411657,0.10754755851039594,1800000,3600000,1917000000,202.35000000000002
355,0.6523864904167456,0.45293374269824355,0.03020208347859755,0.10718966347180982,1800000,3600000,1922400000,202.92000000000002
356,0.6539069303521369,0.44607121264585714,0.02981131217463752,0.10683295943058728,1800000,3600000,1927800000,203.49
357,0.6509248632012457,0.4473511228169354,0.02936807363690393,0.10647744242334642,1800000,3600000,1933200000,204.06000000000003
358,0.6495307630826458,0.4536616759127232,0.029222812075622683,0.10612310849989458,1800000,3600000,1938600000,204.63000000000002
359,0.6521729935818471,0.4461437319473145,0.02927375044827382,0.10576995372318454,1800000,3600000,1944000000,205.20000000000002
360,0.6516427704381752,0.4484859362938659,0.029213696420953512,0.10541797416927075,1800000,3600000,1949400000,205.77
361,0.6535421091468608,0.44080679798837114,0.02915573162140729,0.10506716592726555,1800000,3600000,1954800000,206.34000000000003
362,0.6538197461847398,0.44299829365672827,0.02790364152971479,0.10471752509929605,1800000,3600000,1960200000,206.91000000000003
363,0.6541390279644708,0.4506059031631009,0.028056200586415374,0.10436904780046058,1800000,3600000,1965600000,207.48000000000002
364,0.6525294494455443,0.44934460317211355,0.028232388198632902,0.1040217301587855,1800000,3600000,1971000000,208.05
365,0.6547966118096635,0.4446015111938655,0.027895623857682357,0.1036755683151824,1800000,3600000,1976400000,208.62000000000003
366,0.6534094914626076,0.4449257721960406,0.027967881674835375,0.10333055842340497,1800000,3600000,1981800000,209.19000000000003
367,0.6562822460428838,0.44410853348022267,0.027022532129102102,0.10298669665000641,1800000,3600000,1987200000,209.76000000000002
368,0.6528392517597585,0.45158751944658987,0.028788530284693612,0.10264397917429686,1800000,3600000,1992600000,210.33
369,0.649792582820699,0.4485936785389497,0.028171343526737384,0.10230240218830079,1800000,3600000,1998000000,210.90000000000003
370,0.6522974683241434,0.4408148889826279,0.026435447355350708,0.10196196189671484,1800000,3600000,2003400000,211.47000000000003
371,0.655468127673849,0.44645884261980767,0.02665747726068127,0.10162265451686568,1800000,3600000,2008800000,212.04000000000002
372,0.6522058259575171,0.45102734630596325,0.027249880304818418,0.10128447627866771,1800000,3600000,2014200000,212.61
373,0.6557514420504431,0.44525694821967915,0.0281927846584462,0.10094742342458156,1800000,3600000,2019600000,213.18000000000004
374,0.6550308393671377,0.4423662574460819,0.02537607783841836,0.10061149220957201,1800000,3600000,2025000000,213.75000000000003
375,0.6578824142903898,0.4322957723713771,0.027114871458031146,0.10027667890106652,1800000,3600000,2030400000,214.32000000000002
376,0.6546781029961952,0.44874692964897844,0.02587053830623126,0.09994297977891384,1800000,3600000,2035800000,214.89000000000001
377,0.6549074293949353,0.44666022937235683,0.025821825416270476,0.09961039113534248,1800000,3600000,2041200000,215.46000000000004
378,0.6567161269833531,0.44416944804699865,0.027183404558750963,0.09927890927491963,1800000,3600000,2046600000,216.03000000000003
379,0.6554844461493886,0.4441566993102682,0.026709707484844705,0.09894853051451011,1800000,3600000,2052000000,216.60000000000002
380,0.6561045523001733,0.44458176152288137,0.02654136683219172,0.09861925118323542,1800000,3600000,2057400000,217.17000000000002
381,0.6604887424365433,0.44025859014824864,0.02562684549518526,0.09829106762243292,1800000,3600000,2062800000,217.74000000000004
382,0.6567681807256245,0.43949232253823173,0.02637988524780379,0.09796397618561521,1800000,3600000,2068200000,218.31000000000003
383,0.6576824241633721,0.4443994490350065,0.02620729793643756,0.09763797323842967,1800000,3600000,2073600000,218.88000000000002
384,0.6581312554455515,0.44466928303893294,0.028002598827164268,0.09731305515861795,1800000,3600000,2079000000,219.45000000000002
385,0.6596872803801733,0.43853685911286583,0.024452631507029577,0.09698921833597579,1800000,3600000,2084400000,220.02
386,0.6555052813389738,0.4465574766415829,0.024858915854415405,0.09666645917231301,1800000,3600000,2089800000,220.59000000000003
387,0.6586547503064075,0.4374014712641927,0.028561238746223266,0.09634477408141331,1800000,3600000,2095200000,221.16000000000003
388,0.6591347988409799,0.4397906476865324,0.027257169019591444,0.09602415948899462,1800000,3600000,2100600000,221.73000000000002
389,0.6562321132136033,0.44593016466545937,0.025629148452026292,0.09570461183266925,1800000,3600000,2106000000,222.3
390,0.6591786189774662,0.4389980547048945,0.024486742613675953,0.0953861275619044,1800000,3600000,2111400000,222.87000000000003
391,0.6590377929664893,0.4402254350883389,0.02419936692450671,0.09506870313798271,1800000,3600000,2116800000,223.44000000000003
392,0.6618002206151599,0.43895997416971994,0.02650165102702324,0.09475233503396285,1800000,3600000,2122200000,224.01000000000002
393,0.6601441968348237,0.43355371897349243,0.026720942293293654,0.09443701973464037,1800000,3600000,2127600000,224.58
394,0.6624121213307307,0.4406742652063809,0.022972769265972214,0.0941227537365088,1800000,3600000,2133000000,225.15000000000003
395,0.6611510539722527,0.43651089542007815,0.023630305385147207,0.0938095335477204,1800000,3600000,2138400000,225.72000000000003
396,0.6599588823542517,0.441695816342841,0.024726873727313393,0.09349735568804761,1800000,3600000,2143800000,226.29000000000002
397,0.663121292950472,0.4372086147565492,0.026202670324139955,0.09318621668884443,1800000,3600000,2149200000,226.86
398,0.6583740332715287,0.44002307891159165,0.02228907876122571,0.09287611309300757,1800000,3600000,2154600000,227.43000000000004
399,0.6602058010921859,0.43408841998102843,0.024408934536829376,0.09256704145493838,1800000,3600000,2160000000,228.00000000000003
400,0.6618223067075005,0.4372267665597989,0.023278732136637986,0.09225899834050437,1800000,3600000,2165400000,228.57000000000002
401,0.6631414272958444,0.4401119876781689,0.023061000772878468,0.09195198032700107,1800000,3600000,2170800000,229.14000000000001
402,0.6605118722134791,0.4431946675655005,0.02359339123684941,0.09164598400311409,1800000,3600000,2176200000,229.71000000000004
403,0.6625875706305422,0.43581204408205115,0.023308010610807315,0.09134100596888113,1800000,3600000,2181600000,230.28000000000003
404,0.6582306328182751,0.4381055400016107,0.02433502766095419,0.09103704283565418,1800000,3600000,2187000000,230.85000000000002
405,0.6598484746771834,0.4376752619342182,0.023306674679651303,0.09073409122606202,1800000,3600000,2192400000,231.42000000000002
406,0.6635895847157324,0.43048583184110173,0.024137065753166282,0.09043214777397252,1800000,3600000,2197800000,231.99000000000004
407,0.662467466722757,0.43858612054909063,0.022582212114362468,0.09013120912445531,1800000,3600000,2203200000,232.56000000000003
408,0.6600356750806339,0.4396531449414814,0.02430627281512588,0.08983127193374456,1800000,3600000,2208600000,233.13000000000002
409,0.6634493019872338,0.4372578199453787,0.024135226348662664,0.08953233286920169,1800000,3600000,2214000000,233.70000000000002
410,0.6665864201800122,0.4292323707508021,0.022269496801696636,0.08923438860927849,1800000,3600000,2219400000,234.27000000000004
411,0.6637479543798742,0.4333466237924617,0.022026349157994615,0.08893743584348009,1800000,3600000,2224800000,234.84000000000003
412,0.664155137823572,0.4354899699894689,0.02361025906189605,0.0886414712723283,1800000,3600000,2230200000,235.41000000000003
413,0.6653468268833843,0.4377127950816186,0.022923779332477513,0.08834649160732481,1800000,3600000,2235600000,235.98000000000002
414,0.6623294966592601,0.44057833057068785,0.022360885393448965,0.08805249357091477,1800000,3600000,2241000000,236.55000000000004
415,0.6641507988387443,0.4368403892743342,0.023056186133112035,0.08775947389645031,1800000,3600000,2246400000,237.12000000000003
416,0.666279835321248,0.4283707284755991,0.023258707542190386,0.0874674293281542,1800000,3600000,2251800000,237.69000000000003
417,0.6673898903857461,0.44017093642129074,0.022301599564743074,0.08717635662108388,1800000,3600000,2257200000,238.26000000000002
418,0.6661461845161083,0.4332577246094302,0.022169189065348992,0.08688625254109507,1800000,3600000,2262600000,238.83
419,0.667379279129339,0.43752372624506275,0.022538924014788145,0.08659711386480617,1800000,3600000,2268000000,239.40000000000003
420,0.6668029858647075,0.43049976246118715,0.02243066523245853,0.08630893737956227,1800000,3600000,2273400000,239.97000000000003
421,0.6662693884382085,0.43160310540292,0.02372164636003058,0.0860217198833994,1800000,3600000,2278800000,240.54000000000002
422,0.6669644956792062,0.4370033354843961,0.022482016396039868,0.08573545818500913,1800000,3600000,2284200000,241.11
423,0.6642069327951675,0.4377511405300381,0.02238269948541618,0.08545014910370298,1800000,3600000,2289600000,241.68000000000004
424,0.6672524440299206,0.4330408297542015,0.023298163130497363,0.08516578946937708,1800000,3600000,2295000000,242.25000000000003
425,0.6686555345142138,0.43186247690383217,0.021946778572961796,0.08488237612247704,1800000,3600000,2300400000,242.82000000000002
426,0.6662644348189459,0.43225717059651575,0.019432138752952365,0.08459990591396276,1800000,3600000,2305800000,243.39000000000001
427,0.667302134366309,0.43464005843542164,0.02264395267440187,0.08431837570527342,1800000,3600000,2311200000,243.96000000000004
428,0.6689107870296567,0.4286759712402273,0.02094310853913547,0.08403778236829273,1800000,3600000,2316600000,244.53000000000003
429,0.6664826801447649,0.4307534314456379,0.021856969047572658,0.08375812278531408,1800000,3600000,2322000000,245.10000000000002
430,0.6677666079390414,0.4322249545390738,0.020877357705182613,0.08347939384900584,1800000,3600000,2327400000,245.67000000000002
431,0.6681054144027473,0.42786668412483153,0.02198343627479312,0.08320159246237699,1800000,3600000,2332800000,246.24000000000004
432,0.668102484028604,0.42958156921785373,0.021104893415794114,0.08292471553874262,1800000,3600000,2338200000,246.81000000000003
433,0.668886515180555,0.4268586438911821,0.020334371868445916,0.08264876000168955,1800000,3600000,2343600000,247.38000000000002
434,0.668421274407647,0.4272291585450261,0.02151019350968271,0.08237372278504237,1800000,3600000,2349000000,247.95000000000002
435,0.6675075020847002,0.43050415600468933,0.020642987263687625,0.08209960083282918,1800000,3600000,2354400000,248.52000000000004
436,0.6704439272650536,0.430839429384599,0.020956926669582175,0.08182639109924764,1800000,3600000,2359800000,249.09000000000003
437,0.6691660775848756,0.43183143605071256,0.019895416189402184,0.08155409054863126,1800000,3600000,2365200000,249.66000000000003
438,0.6704545641218893,0.4256412348386936,0.02236503637825701,0.08128269615541558,1800000,3600000,2370600000,250.23000000000002
439,0.6723517755481999,0.4315082918800578,0.020288153219457945,0.08101220490410453,1800000,3600000,2376000000,250.80000000000004
440,0.6707183329777705,0.4296192934852664,0.02080469619064397,0.080742613789237,1800000,3600000,2381400000,251.37000000000003
441,0.669494422656648,0.42614429092957573,0.021071420486648455,0.08047391981535335,1800000,3600000,2386800000,251.94000000000003
442,0.6673447004449692,0.4340493415501456,0.021672623588747896,0.08020611999696223,1800000,3600000,2392200000,252.51000000000002
443,0.6702732687009807,0.4281769290979866,0.021288871338184145,0.07993921135850737,1800000,3600000,2397600000,253.08000000000004
444,0.6708639775121149,0.43361320403076714,0.01940545841008717,0.07967319093433445,1800000,3600000,2403000000,253.65000000000003
445,0.6697909251088066,0.42643511278322355,0.01915172742988917,0.07940805576865827,1800000,3600000,2408400000,254.22000000000003
446,0.6692082788538152,0.42756303985820693,0.01896996969170934,0.07914380291552983,1800000,3600000,2413800000,254.79000000000002
447,0.6689546598802201,0.4270714085900846,0.020454350567741773,0.07888042943880355,1800000,3600000,2419200000,255.36
448,0.6700933844575487,0.43460669834995364,0.020833361598546513,0.07861793241210478,1800000,3600000,2424600000,255.93000000000004
449,0.672995190284575,0.4244921637092069,0.020631064763883107,0.07835630891879723,1800000,3600000,2430000000,256.5
450,0.6725815847597058,0.4225482538668588,0.01973468204241691,0.07809555605195043,1800000,3600000,2435400000,257.07000000000005
451,0.671944294884934,0.43266920941881865,0.01861243008642879,0.07783567091430767,1800000,3600000,2440800000,257.64000000000004
452,0.6713376822918042,0.432431771263864,0.018660649760682033,0.07757665061825365,1800000,3600000,2446200000,258.21000000000004
453,0.673094153219411,0.42819157351147874,0.018800379171181738,0.07731849228578236,1800000,3600000,2451600000,258.78000000000003
454,0.6700884635527522,0.42498108217303326,0.018061884267371053,0.07706119304846527,1800000,3600000,2457000000,259.35
455,0.6744451764038091,0.4287551268394993,0.01895846773664699,0.07680475004741931,1800000,3600000,2462400000,259.92
456,0.6725852398027121,0.42822277164977013,0.018274906873086576,0.07654916043327516,1800000,3600000,2467800000,260.49
457,0.6712996801653244,0.4258168120188723,0.021166843917660935,0.07629442136614559,1800000,3600000,2473200000,261.06
458,0.6739071739904302,0.42144483121058546,0.019886340690381803,0.0760405300155939,1800000,3600000,2478600000,261.63000000000005
459,0.6732595161104941,0.42927569951213246,0.019511686413542735,0.07578748356060247,1800000,3600000,2484000000,262.20000000000005
460,0.6748940223033577,0.4293883302883585,0.019071641161827507,0.07553527918954141,1800000,3600000,2489400000,262.77000000000004
461,0.6706835391612894,0.4295144583051941,0.01763851736190657,0.07528391410013736,1800000,3600000,2494800000,263.34000000000003
462,0.6729331050295498,0.4314027482948902,0.018539038399844693,0.07503338549944227,1800000,3600000,2500200000,263.91
463,0.6744686703201875,0.42330791833132947,0.01726806915855613,0.07478369060380248,1800000,3600000,2505600000,264.48
464,0.6729325560461413,0.42569480648160596,0.019482924889408264,0.07453482663882764,1800000,3600000,2511000000,265.05
465,0.6742551617978122,0.4220592575509681,0.01966917935120238,0.07428679083936006,1800000,3600000,2516400000,265.62
466,0.6740136313553287,0.426484852648499,0.020723486320334262,0.07403958044944386,1800000,3600000,2521800000,266.19000000000005
467,0.6733127809977586,0.4212003765907056,0.017309191244507673,0.07379319272229437,1800000,3600000,2527200000,266.76000000000005
468,0.6740625524576557,0.4270935488050566,0.0179716135360926,0.07354762492026765,1800000,3600000,2532600000,267.33000000000004
469,0.674949843064821,0.4263948562103172,0.015949163914855784,0.07330287431483005,1800000,3600000,2538000000,267.90000000000003
470,0.6726775150019225,0.4251610572720592,0.01730868670763866,0.07305893818652787,1800000,3600000,2543400000,268.47
471,0.6753872453211829,0.42031961273151125,0.020406059433620446,0.07281581382495715,1800000,3600000,2548800000,269.04
472,0.6730737583484434,0.4252101473069778,0.019007072943349437,0.07257349852873365,1800000,3600000,2554200000,269.61
473,0.6745692640672352,0.4265022653877425,0.01867839867610136,0.07233198960546265,1800000,3600000,2559600000,270.18
474,0.6766056301771343,0.42952876208118596,0.017851530307429767,0.0720912843717092,1800000,3600000,2565000000,270.75000000000006
475,0.6764076361098713,0.4255276790021374,0.018513258211480584,0.07185138015296824,1800000,3600000,2570400000,271.32000000000005
476,0.6755145880010818,0.42054252947745424,0.017558128757585247,0.07161227428363486,1800000,3600000,2575800000,271.89000000000004
477,0.6750769027319503,0.4270645722437883,0.017339262512861078,0.07137396410697469,1800000,3600000,2581200000,272.46000000000004
478,0.6791405009117524,0.42296851660578144,0.01906897252605888,0.07113644697509448,1800000,3600000,2586600000,273.03000000000003
479,0.6770968570273598,0.4250817013753477,0.018255241881027413,0.0708997202489125,1800000,3600000,2592000000,273.6
480,0.677076641805397,0.4241638999857313,0.018295520128525457,0.07066378129812938,1800000,3600000,2597400000,274.17
481,0.6769900823350296,0.4274513238082863,0.018136949470795773,0.0704286275011988,1800000,3600000,2602800000,274.74
482,0.6784401318513561,0.4216662036513342,0.018032417605780428,0.07019425624529835,1800000,3600000,2608200000,275.31
483,0.677681331543751,0.42154168269567344,0.016763456587425354,0.06996066492630057,1800000,3600000,2613600000,275.88000000000005
484,0.6754002611361096,0.43111195727490537,0.01818771359586648,0.06972785094874395,1800000,3600000,2619000000,276.45000000000005
485,0.674905981215784,0.42662780502724756,0.017251472291569012,0.06949581172580413,1800000,3600000,2624400000,277.02000000000004
486,0.6760218990830661,0.4265362725679446,0.016601251643489794,0.06926454467926513,1800000,3600000,2629800000,277.59000000000003
487,0.6761167040575377,0.42213481411827797,0.018749451719890894,0.06903404723949072,1800000,3600000,2635200000,278.16
488,0.676041367752427,0.4279193128677071,0.017295270520759694,0.06880431684539587,1800000,3600000,2640600000,278.73
489,0.6785292473351398,0.4260223474799691,0.01770517162471415,0.06857535094441827,1800000,3600000,2646000000,279.3
490,0.6780154682644958,0.42622620290347324,0.015997068565626524,0.06834714699249,1800000,3600000,2651400000,279.87
491,0.6796006545109933,0.42196251378094696,0.01705001766371039,0.06811970245400925,1800000,3600000,2656800000,280.44000000000005
492,0.6778997605270481,0.4177871277079144,0.01723524557145631,0.06789301480181216,1800000,3600000,2662200000,281.01000000000005
493,0.676416790090802,0.42602953100631025,0.01805452059883125,0.06766708151714468,1800000,3600000,2667600000,281.58000000000004
494,0.6764794282138288,0.4229233111934304,0.016441277014380872,0.06744190008963466,1800000,3600000,2673000000,282.15000000000003
495,0.6803175635593598,0.4180411040848964,0.015969751351796128,0.06721746801726394,1800000,3600000,2678400000,282.72
496,0.6798412463132802,0.41418809172227783,0.017197047217011003,0.0669937828063405,1800000,3600000,2683800000,283.29
497,0.6781354922940739,0.4238952628283568,0.016742728473256228,0.0667708419714708,1800000,3600000,2689200000,283.86
498,0.6793126287635839,0.41686946836186134,0.017424979500298664,0.06654864303553219,1800000,3600000,2694600000,284.43
499,0.6774547123750692,0.42252846845229625,0.016624351964101846,0.06632718352964527,1800000,3600000,2700000000,285.00000000000006
500,0.681407612692613,0.4170392445724979,0.017095300306427808,0.06610646099314664,1800000,3600000,2705400000,285.57000000000005
501,0.6774257389525085,0.42604470687688084,0.014821449975029568,0.06588647297356137,1800000,3600000,2710800000,286.14000000000004
502,0.6824194462030594,0.4179131930638104,0.016376244687141862,0.06566721702657587,1800000,3600000,2716200000,286.71000000000004
503,0.6828875134894211,0.41828056010407827,0.01676028954455278,0.06544869071601069,1800000,3600000,2721600000,287.28000000000003
504,0.6803745694421887,0.41833913209209783,0.01700667119452871,0.06523089161379349,1800000,3600000,2727000000,287.85
505,0.6809130838521312,0.4141026683319329,0.01663711908924208,0.06501381729993197,1800000,3600000,2732400000,288.42
506,0.6804522215980565,0.41972695010116634,0.015635646396874245,0.0647974653624871,1800000,3600000,2737800000,288.99
507,0.6773080615524687,0.42435884977276206,0.01591329966346744,0.06458183339754624,1800000,3600000,2743200000,289.56000000000006
508,0.68054728885524,0.41817169794528103,0.014884416336818734,0.06436691900919644,1800000,3600000,2748600000,290.13000000000005
509,0.6825999954836529,0.41972852032021474,0.01666461945824577,0.06415271980949783,1800000,3600000,2754000000,290.70000000000005
510,0.6840731991692576,0.41477394196023787,0.016378895256411622,0.06393923341845713,1800000,3600000,2759400000,291.27000000000004
511,0.6827568817469758,0.4160493582853109,0.01714077380659702,0.0637264574640011,1800000,3600000,2764800000,291.84000000000003
512,0.6816517920268121,0.41584049472899665,0.015508071537760277,0.06351438958195028,1800000,3600000,2770200000,292.41
513,0.6814310152102857,0.42108043224679653,0.016986023818574926,0.06330302741599274,1800000,3600000,2775600000,292.98
514,0.6837252557546444,0.4162924766772248,0.016386665172662827,0.06309236861765771,1800000,3600000,2781000000,293.55
515,0.6838013165935352,0.41732395311180615,0.015947132961848,0.06288241084628979,1800000,3600000,2786400000,294.12
516,0.6818407843739052,0.4148339462571266,0.01515641758430653,0.06267315176902262,1800000,3600000,2791800000,294.69000000000005
517,0.6828365714700917,0.4159893889226546,0.014957905657905066,0.062464589060753244,1800000,3600000,2797200000,295.26000000000005
518,0.6856744758395688,0.4122797695405999,0.015501276908160678,0.06225672040411608,1800000,3600000,2802600000,295.83000000000004
519,0.6807653321701567,0.4179616776548347,0.014975594928553174,0.06204954348945723,1800000,3600000,2808000000,296.40000000000003
520,0.6833557897411984,0.4130539389347218,0.014046561405144965,0.061843056014808856,1800000,3600000,2813400000,296.97
521,0.681465430649698,0.4153328382070273,0.01505660109215995,0.06163725568586356,1800000,3600000,2818800000,297.54
522,0.6826189011082102,0.4168909106635567,0.014210935940285397,0.0614321402159489,1800000,3600000,2824200000,298.11
523,0.6829886696958987,0.4195492514264393,0.014389070448396967,0.061227707326001996,1800000,3600000,2829600000,298.68
524,0.6841687710129671,0.41240580439409835,0.015356680657813922,0.06102395474454419,1800000,3600000,2835000000,299.25000000000006
525,0.6857819909212046,0.4088495880064709,0.015780936579112798,0.060820880207655796,1800000,3600000,2840400000,299.82000000000005
526,0.6848681773063523,0.41359007663296626,0.01542503668883044,0.06061848145895099,1800000,3600000,2845800000,300.39000000000004
527,0.6823542998969425,0.41094282799634296,0.014472228371933436,0.06041675624955272,1800000,3600000,2851200000,300.96000000000004
528,0.685893064353461,0.4127403525767485,0.013752124238015934,0.06021570233806768,1800000,3600000,2856600000,301.53000000000003
529,0.6865110638453276,0.40979754900599874,0.014999737623133289,0.06001531749056146,1800000,3600000,2862000000,302.1
530,0.6831898678245186,0.41236623853274,0.014221055768150795,0.059815599480533686,1800000,3600000,2867400000,302.67
531,0.6841632024749248,0.4103126281140363,0.016002465738191588,0.059616546088893295,1800000,3600000,2872800000,303.24
532,0.6829497803878158,0.4141594414835211,0.016063269694021793,0.0594181551039339,1800000,3600000,2878200000,303.81000000000006
533,0.6843785454975267,0.4149519901991604,0.012733290335460126,0.059220424321309195,1800000,3600000,2883600000,304.38000000000005
534,0.687694282035066,0.4156413608250444,0.014819331920975206,0.059023351544008416,1800000,3600000,2889000000,304.95000000000005
535,0.6880619709728779,0.40865373153805606,0.014049001977478402,0.05882693458233204,1800000,3600000,2894400000,305.52000000000004
536,0.6848320580239474,0.41877597312857917,0.015123832743332354,0.05863117125386736,1800000,3600000,2899800000,306.09000000000003
537,0.6835843359928844,0.4130178208314211,0.015532162263228339,0.05843605938346424,1800000,3600000,2905200000,306.66
538,0.6858087666287872,0.4180811384418609,0.014064498451721762,0.05824159680321103,1800000,3600000,2910600000,307.23
539,0.6831736744360415,0.41796215115798224,0.014076147170657844,0.05804778135241038,1800000,3600000,2916000000,307.8
540,0.6878201040657602,0.41435424707833063,0.014007261253636613,0.05785461087755528,1800000,3600000,2921400000,308.37000000000006
541,0.6851135274118823,0.4147150169899737,0.013695139218335418,0.05766208323230516,1800000,3600000,2926800000,308.94000000000005
542,0.6880029655811019,0.40845338623421,0.014207434503871463,0.05747019627746195,1800000,3600000,2932200000,309.51000000000005
543,0.6845931605165931,0.4133332727209442,0.012928057999314516,0.05727894788094641,1800000,3600000,2937600000,310.08000000000004
544,0.6856023386431974,0.4175955640639732,0.012945797887537351,0.05708833591777441,1800000,3600000,2943000000,310.65000000000003
545,0.6839135956326274,0.41818310224287003,0.01308942746926779,0.05689835827003326,1800000,3600000,2948400000,311.22
546,0.6858837201886995,0.41317795132723406,0.014234670547999845,0.05670901282685826,1800000,3600000,2953800000,311.79
547,0.6869665175930372,0.4092479305777405,0.013027174601471679,0.05652029748440921,1800000,3600000,2959200000,312.36
548,0.687213451213914,0.40885652433671,0.014651175556394645,0.05633221014584703,1800000,3600000,2964600000,312.93
549,0.6892459529712187,0.40962389350082556,0.014196875836138103,0.05614474872131046,1800000,3600000,2970000000,313.50000000000006
550,0.6866294843882578,0.4171638316228089,0.013202334220870226,0.05595791112789286,1800000,3600000,2975400000,314.07000000000005
551,0.6862090557225582,0.4149879128163737,0.013457185850210777,0.05577169528961905,1800000,3600000,2980800000,314.64000000000004
552,0.6882414516442216,0.4133375756558355,0.013111194766789763,0.05558609913742223,1800000,3600000,2986200000,315.21000000000004
553,0.6866509305195003,0.41302731890140365,0.012577899702368707,0.05540112060912105,1800000,3600000,2991600000,315.78000000000003
554,0.6883922591392397,0.4090983340257053,0.01157318208222341,0.0552167576493966,1800000,3600000,2997000000,316.35
555,0.6874867715296428,0.41484125750430595,0.013593529640141377,0.05503300820976966,1800000,3600000,3002400000,316.92
556,0.6889181064963121,0.4076565190844575,0.009855963688779397,0.05484987024857791,1800000,3600000,3007800000,317.49
557,0.6870105232046808,0.410243533113901,0.01381909201512202,0.0546673417309532,1800000,3600000,3013200000,318.06000000000006
558,0.6861517708933886,0.4112419599560549,0.013517185286583862,0.054485420628799054,1800000,3600000,3018600000,318.63000000000005
559,0.6881739421252627,0.40984272841569924,0.01168336710831474,0.054304104920767995,1800000,3600000,3024000000,319.20000000000005
560,0.6855030744098355,0.41559670723852177,0.01246582508914024,0.05412339259223918,1800000,3600000,3029400000,319.77000000000004
561,0.6899644215246262,0.4120894862595239,0.012567877063809971,0.053943281635295985,1800000,3600000,3034800000,320.34000000000003
562,0.6890023924826292,0.40727231538873493,0.012035909826968894,0.05376377004870373,1800000,3600000,3040200000,320.91
563,0.6879563255234458,0.4153975845798684,0.012336035375459409,0.05358485583788735,1800000,3600000,3045600000,321.48
564,0.6897765246086386,0.4075961248058347,0.01232512317046203,0.05340653701490936,1800000,3600000,3051000000,322.05
565,0.6885159958480465,0.41541159399260214,0.013537475194654253,0.05322881159844763,1800000,3600000,3056400000,322.62000000000006
566,0.6875218894843256,0.40792108364592494,0.01266242257974125,0.05305167761377351,1800000,3600000,3061800000,323.19000000000005
567,0.6896293167799257,0.40969422202312705,0.012978506982133774,0.0528751330927298,1800000,3600000,3067200000,323.76000000000005
568,0.6899625051348516,0.40984010416937405,0.014341487233558662,0.052699176073708866,1800000,3600000,3072600000,324.33000000000004
569,0.687496963614039,0.409697541321772,0.012987173918855354,0.052523804601630926,1800000,3600000,3078000000,324.90000000000003
570,0.692535320214294,0.40776879454805565,0.011305256197042673,0.05234901672792227,1800000,3600000,3083400000,325.47
571,0.6928564200414628,0.4124354153949818,0.012628451227827235,0.0521748105104936,1800000,3600000,3088800000,326.04
572,0.689229440262025,0.408894408774976,0.01270205524613955,0.052001184013718484,1800000,3600000,3094200000,326.61
573,0.6885946140379485,0.41475903727581925,0.010507403229441947,0.05182813530841186,1800000,3600000,3099600000,327.18000000000006
574,0.6906450568890912,0.40379135734336763,0.010679876162068658,0.05165566247180853,1800000,3600000,3105000000,327.75000000000006
575,0.6909133434996038,0.4088147415902796,0.011211572020013574,0.05148376358754188,1800000,3600000,3110400000,328.32000000000005
576,0.6912331196572282,0.40561732174230464,0.011807756705774067,0.05131243674562255,1800000,3600000,3115800000,328.89000000000004
577,0.6909571047141723,0.4119873548915146,0.011033848053856514,0.05114168004241717,1800000,3600000,3121200000,329.46000000000004
578,0.6899068582908089,0.41134633529397685,0.010956821194264521,0.05097149158062731,1800000,3600000,3126600000,330.03000000000003
579,0.6919572879141818,0.41348811412634207,0.012183349416358196,0.050801869469268304,1800000,3600000,3132000000,330.6
580,0.6900990593489891,0.4139560648614755,0.01247479906415322,0.05063281182364827,1800000,3600000,3137400000,331.17
581,0.6910415397844814,0.41242894042084316,0.012951684595255511,0.050464316765347184,1800000,3600000,3142800000,331.74
582,0.6896210759593266,0.4092280482441666,0.013036389637479991,0.05029638242219602,1800000,3600000,3148200000,332.31000000000006
583,0.6926363894925712,0.41040012401951326,0.01071153687263727,0.05012900692825588,1800000,3600000,3153600000,332.88000000000005
584,0.690809768256125,0.4110608854282876,0.01190351397765166,0.049962188423797335,1800000,3600000,3159000000,333.45000000000005
585,0.6908570834231033,0.4080542777307131,0.010686245984626162,0.04979592505527975,1800000,3600000,3164400000,334.02000000000004
586,0.6910122722323178,0.4094150338739576,0.009686985186458984,0.04963021497533063,1800000,3600000,3169800000,334.59000000000003
587,0.6904181242050532,0.40926308606184675,0.013074128682985724,0.04946505634272516,1800000,3600000,3175200000,335.16
588,0.6925281121773557,0.4059894111554618,0.012178142209854487,0.04930044732236575,1800000,3600000,3180600000,335.73
589,0.6921509806110675,0.4136280703056366,0.009511440267427309,0.04913638608526156,1800000,3600000,3186000000,336.3
590,0.6932545218937978,0.4098710559076625,0.009890511724585063,0.04897287080850829,1800000,3600000,3191400000,336.87000000000006
591,0.6916554817075661,0.4103889889021204,0.013363563074189106,0.048809899675267825,1800000,3600000,3196800000,337.44000000000005
592,0.6891495557456261,0.40087281065138053,0.010924515264188625,0.04864747087474814,1800000,3600000,3202200000,338.01000000000005
593,0.6934882948445256,0.40551928893429195,0.012520790409304657,0.048485582602183115,1800000,3600000,3207600000,338.58000000000004
594,0.6921735586697052,0.4121730007104629,0.010574083904298193,0.048324233058812484,1800000,3600000,3213000000,339.15000000000003
595,0.6925141469081396,0.4060072353097036,0.009994221467436176,0.04816342045186189,1800000,3600000,3218400000,339.72
596,0.6962064727914672,0.39998867885708694,0.011061056621422968,0.04800314299452295,1800000,3600000,3223800000,340.29
597,0.6916635732882527,0.4080778193178384,0.008696727327350159,0.047843398905933344,1800000,3600000,3229200000,340.86
598,0.6912831331745156,0.40727640855858066,0.010848140007110115,0.04768418641115714,1800000,3600000,3234600000,341.43000000000006
599,0.6951917027185408,0.4038560926843652,0.01149463331010903,0.04752550374116498,1800000,3600000,3240000000,342.00000000000006
600,0.6951848489309896,0.4056937647559417,0.01004104045677775,0.04736734913281444,1800000,3600000,3245400000,342.57000000000005
601,0.6943535971032055,0.40354804557276386,0.011925145872169873,0.047209720828830466,1800000,3600000,3250800000,343.14000000000004
602,0.6963655105924101,0.4101342574414612,0.011198263772322954,0.047052617077785845,1800000,3600000,3256200000,343.71000000000004
603,0.6959345186014115,0.4046931595049055,0.010195159837572621,0.04689603613408174,1800000,3600000,3261600000,344.28000000000003
604,0.6943061474102424,0.4063374210274962,0.011549089331279294,0.04673997625792825,1800000,3600000,3267000000,344.85
605,0.6940659939398579,0.40725808770184146,0.009652325318365441,0.046584435715325154,1800000,3600000,3272400000,345.42
606,0.6935954326961192,0.4063623349832841,0.011517671871994489,0.0464294127780426,1800000,3600000,3277800000,345.99000000000007
607,0.6965609051797845,0.40325068824579985,0.012383271385979357,0.04627490572360191,1800000,3600000,3283200000,346.56000000000006
608,0.6962571651600004,0.4003291325353067,0.010100563716289295,0.04612091283525647,1800000,3600000,3288600000,347.13000000000005
609,0.6948408518991785,0.40521145393754465,0.010132088608098192,0.04596743240197259,1800000,3600000,3294000000,347.70000000000005
610,0.6953367124307374,0.4113226801036557,0.011170799619085977,0.04581446271841051,1800000,3600000,3299400000,348.27000000000004
611,0.6948715819278529,0.4043497323407468,0.01066468477963081,0.04566200208490554,1800000,3600000,3304800000,348.84000000000003
612,0.6959751264271459,0.40197881938262864,0.009702652491898701,0.04551004880744906,1800000,3600000,3310200000,349.41
613,0.6928086247375803,0.41069962289636097,0.011367977756650847,0.045358601197669775,1800000,3600000,3315600000,349.98
614,0.6946013801080079,0.4092386545421004,0.011884372086502355,0.045207657572814884,1800000,3600000,3321000000,350.55
615,0.695786969827015,0.403452896158034,0.010704877319442207,0.04505721625573148,1800000,3600000,3326400000,351.12000000000006
616,0.697377343737546,0.40009094952039487,0.010912387032740115,0.044907275574847784,1800000,3600000,3331800000,351.69000000000005
617,0.69454046648167,0.40692067387532266,0.01080353607207575,0.04475783386415471,1800000,3600000,3337200000,352.26000000000005
618,0.6972939980302401,0.4019276914537598,0.010737548765598319,0.04460888946318726,1800000,3600000,3342600000,352.83000000000004
619,0.698199813913943,0.3977465456388982,0.009957737877689332,0.04446044071700611,1800000,3600000,3348000000,353.40000000000003
620,0.6959921038239811,0.401936609941642,0.010179030499168924,0.04431248597617924,1800000,3600000,3353400000,353.97
621,0.69472772260724,0.40695281383454274,0.010962183897295068,0.04416502359676357,1800000,3600000,3358800000,354.54
622,0.6959076726456999,0.4070873444342611,0.0105648721267548,0.04401805194028666,1800000,3600000,3364200000,355.11
623,0.6974363936329341,0.39750511765786317,0.008390841877005064,0.0438715693737286,1800000,3600000,3369600000,355.68000000000006
624,0.6979843079768177,0.40514162732013365,0.010116567292423894,0.04372557426950384,1800000,3600000,3375000000,356.25000000000006
625,0.6958450229207577,0.3984114485410122,0.00933838872735204,0.043580065005443036,1800000,3600000,3380400000,356.82000000000005
626,0.6971152020575393,0.3986850218214578,0.00953251675939029,0.04343503996477511,1800000,3600000,3385800000,357.39000000000004
627,0.6986783245599759,0.40206749912324224,0.00925481248405397,0.04329049753610919,1800000,3600000,3391200000,357.96000000000004
628,0.6954743595000862,0.4071188624385511,0.008350461240813858,0.04314643611341682,1800000,3600000,3396600000,358.53000000000003
629,0.6993949315197141,0.39912061813239796,0.009659338791462368,0.04300285409601406,1800000,3600000,3402000000,359.1
630,0.69854374304808,0.4014859579041139,0.009516726446979894,0.042859749888543665,1800000,3600000,3407400000,359.67
631,0.696903581004103,0.40579380453853464,0.008930467080303038,0.04271712190095742,1800000,3600000,3412800000,360.24000000000007
632,0.6967694952994957,0.40630408780697547,0.00991014649041801,0.04257496854849846,1800000,3600000,3418200000,360.81000000000006
633,0.6970383491532092,0.40044020342250236,0.007973532771194511,0.04243328825168358,1800000,3600000,3423600000,361.38000000000005
634,0.6965396345590098,0.40881740463351673,0.010447350770541763,0.042292079436285844,1800000,3600000,3429000000,361.95000000000005
635,0.6953226715940466,0.4055098005788727,0.00904026937626375,0.04215134053331695,1800000,3600000,3434400000,362.52000000000004
636,0.6999992330105063,0.39963173067571445,0.009147172439606029,0.04201106997900985,1800000,3600000,3439800000,363.09000000000003
637,0.6994492318471749,0.39707097011952763,0.007333847260546251,0.0418712662148014,1800000,3600000,3445200000,363.66
638,0.6957963961283554,0.4059587692381004,0.010947255953048669,0.04173192768731502,1800000,3600000,3450600000,364.23
639,0.6994382176623893,0.4042517720195464,0.009743342282069604,0.04159305284834337,1800000,3600000,3456000000,364.80000000000007
640,0.6972009420178098,0.4042207579602467,0.010406478537961072,0.041454640154831295,1800000,3600000,3461400000,365.37000000000006
641,0.6978751376517357,0.4008455161399986,0.010144843944052512,0.041316688068858534,1800000,3600000,3466800000,365.94000000000005
642,0.6980700487212066,0.39762726731112374,0.010021684399665604,0.041179195057622714,1800000,3600000,3472200000,366.51000000000005
643,0.698511640171426,0.4049331219922026,0.008969838861835389,0.0410421595934223,1800000,3600000,3477600000,367.08000000000004
644,0.6976975824080092,0.4011719923606742,0.010529149344406664,0.040905580153639626,1800000,3600000,3483000000,367.65000000000003
645,0.7002499435475827,0.3955847717660024,0.011333151757083878,0.040769455220723935,1800000,3600000,3488400000,368.22
646,0.7016295036476125,0.39805873085922494,0.009490523949125836,0.04063378328217458,1800000,3600000,3493800000,368.79
647,0.699053668833988,0.3997261857008464,0.009214730126142356,0.04049856283052418,1800000,3600000,3499200000,369.36
648,0.697612468568108,0.40394503266377824,0.00851156714069221,0.040363792363321875,1800000,3600000,3504600000,369.93000000000006
649,0.6992345418306163,0.3984829747000123,0.007074123042966114,0.04022947038311665,1800000,3600000,3510000000,370.50000000000006
650,0.6973009961594325,0.40194780067573127,0.007853259931978307,0.0400955953974407,1800000,3600000,3515400000,371.07000000000005
651,0.6984407424369393,0.3996572334326046,0.009047398493853321,0.03996216591879277,1800000,3600000,3520800000,371.64000000000004
652,0.6990668519226771,0.4002152496787152,0.008923503051100509,0.03982918046462173,1800000,3600000,3526200000,372.21000000000004
653,0.7010067282379178,0.3978545587159256,0.007897290711566349,0.039696637557310066,1800000,3600000,3531600000,372.78000000000003
654,0.6997036985011132,0.40040115699358664,0.009304375372139736,0.03956453572415745,1800000,3600000,3537000000,373.35
655,0.7013177463718058,0.4004027937871756,0.00963330771918358,0.039432873497364365,1800000,3600000,3542400000,373.92
656,0.6993714521658554,0.39830719891667304,0.008131435402694016,0.03930164941401582,1800000,3600000,3547800000,374.49000000000007
657,0.701269610764886,0.39833751608068535,0.010658095846363116,0.03917086201606511,1800000,3600000,3553200000,375.06000000000006
658,0.6997576972582296,0.40281897990427223,0.008805217545402658,0.03904050985031756,1800000,3600000,3558600000,375.63000000000005
659,0.6990328932577766,0.4028661560538772,0.008133490431882315,0.03891059146841445,1800000,3600000,3564000000,376.20000000000005
660,0.7003940127026592,0.3983828145497213,0.01030882893600305,0.03878110542681685,1800000,3600000,3569400000,376.77000000000004
661,0.7012653939090904,0.39757655309353346,0.008905137627380837,0.03865205028678966,1800000,3600000,3574800000,377.34000000000003
662,0.699349848591079,0.40891658665098074,0.009279027131304376,0.03852342461438552,1800000,3600000,3580200000,377.91
663,0.7017585162308907,0.40034924667662214,0.008301179212035855,0.03839522698042899,1800000,3600000,3585600000,378.48
664,0.7014974407811255,0.39499915930505214,0.010331378569809074,0.03826745596050058,1800000,3600000,3591000000,379.05000000000007
665,0.7024641291985357,0.3978003887048587,0.010654457513354976,0.03814011013492099,1800000,3600000,3596400000,379.62000000000006
666,0.6997617011980024,0.4044859422682716,0.007325462386027934,0.038013188088735286,1800000,3600000,3601800000,380.19000000000005
667,0.7019213726615594,0.39765971875402134,0.008362900310250387,0.03788668841169722,1800000,3600000,3607200000,380.76000000000005
668,0.7039154956614216,0.39950430083142147,0.010032104070488861,0.03776060969825349,1800000,3600000,3612600000,381.33000000000004
669,0.701358206237014,0.4001647018178201,0.008262413324433145,0.03763495054752823,1800000,3600000,3618000000,381.90000000000003
670,0.6995351348034852,0.3968876241329381,0.007478122870384778,0.037509709563307354,1800000,3600000,3623400000,382.47
671,0.7061948906347925,0.3952229126844365,0.006783516909984601,0.03738488535402309,1800000,3600000,3628800000,383.04
672,0.7016971796421588,0.3960109185813271,0.006588043869429899,0.03726047653273848,1800000,3600000,3634200000,383.61
673,0.7019536978630272,0.3979045639257733,0.00841279923334708,0.03713648171713203,1800000,3600000,3639600000,384.18000000000006
674,0.7005107048027939,0.4038505555033297,0.007654275076758119,0.03701289952948227,1800000,3600000,3645000000,384.75000000000006
675,0.702726845690429,0.39536117712745505,0.00880353323835273,0.036889728596652516,1800000,3600000,3650400000,385.32000000000005
676,0.7026330547989659,0.39694924631028783,0.008609631009702766,0.03676696755007558,1800000,3600000,3655800000,385.89000000000004
677,0.7014740168942872,0.39865756946354614,0.008835572708968377,0.03664461502573857,1800000,3600000,3661200000,386.46000000000004
678,0.7012433005696462,0.3974129648769973,0.008085443458817627,0.03652266966416776,1800000,3600000,3666600000,387.03000000000003
679,0.702854073214652,0.3995192596008685,0.00945500116179968,0.0364011301104134,1800000,3600000,3672000000,387.6
680,0.7014241675213128,0.39887129763647206,0.008683948730787261,0.03627999501403475,1800000,3600000,3677400000,388.17
681,0.7024913268732921,0.4028227025125859,0.007641450661985927,0.036159263029085065,1800000,3600000,3682800000,388.74000000000007
682,0.7014000710655685,0.40322086475461943,0.006954485404493601,0.036038932814096605,1800000,3600000,3688200000,389.31000000000006
683,0.6996491546021172,0.3938492464319013,0.006456441515526554,0.035919003032065744,1800000,3600000,3693600000,389.88000000000005
684,0.7026560540428096,0.4002269462923013,0.008005930513400901,0.035799472350438115,1800000,3600000,3699000000,390.45000000000005
685,0.7048217812843647,0.3980381169776312,0.007703983154924564,0.03568033944109379,1800000,3600000,3704400000,391.02000000000004
686,0.7037587651424645,0.39448183797026387,0.007730509678255414,0.035561602980332556,1800000,3600000,3709800000,391.59000000000003
687,0.7017464127036517,0.396312357663908,0.007411338871780666,0.035443261648859185,1800000,3600000,3715200000,392.16
688,0.7054266145612701,0.3970039155515464,0.006055283225810308,0.03532531413176878,1800000,3600000,3720600000,392.73
689,0.7020106567323152,0.3985182506288082,0.009185238481764106,0.035207759118532155,1800000,3600000,3726000000,393.30000000000007
690,0.7034784218523067,0.3978638853761019,0.008709930893631241,0.03509059530298131,1800000,3600000,3731400000,393.87000000000006
691,0.7048313416832319,0.39276784114736113,0.007088673836266775,0.03497382138329483,1800000,3600000,3736800000,394.44000000000005
692,0.7034427465883287,0.39301163694460034,0.00776882207178485,0.03485743606198353,1800000,3600000,3742200000,395.01000000000005
693,0.7037038038636301,0.3995075612228173,0.006951715699003692,0.034741438045875976,1800000,3600000,3747600000,395.58000000000004
694,0.7042682961433281,0.39462381380406336,0.00728091828756116,0.03462582604610413,1800000,3600000,3753000000,396.15000000000003
695,0.7047211833117738,0.3933535339904411,0.007421485524586693,0.034510598778089034,1800000,3600000,3758400000,396.72
696,0.7036839056318877,0.396099100792872,0.008283603564611133,0.03439575496152654,1800000,3600000,3763800000,397.29
697,0.704676015701943,0.4020347562360117,0.007116463987440033,0.034281293320373024,1800000,3600000,3769200000,397.86000000000007
698,0.7043794931898505,0.39665485841600434,0.008942822268300902,0.0341672125828313,1800000,3600000,3774600000,398.43000000000006
699,0.70297379358128,0.3961749233461577,0.00864517626257685,0.034053511481336465,1800000,3600000,3780000000,399.00000000000006
700,0.7038699739776771,0.39637368689543523,0.00931379085503112,0.03394018875254177,1800000,3600000,3785400000,399.57000000000005
701,0.7069545790256769,0.390875086826738,0.0066881617893823605,0.03382724313730462,1800000,3600000,3790800000,400.14000000000004
702,0.7028900645339314,0.40128268534258116,0.007608796266443635,0.03371467338067256,1800000,3600000,3796200000,400.71000000000004
703,0.7053286982283279,0.39418602866792074,0.007109394781590772,0.03360247823186937,1800000,3600000,3801600000,401.28000000000003
704,0.7026329217295281,0.3989274926045306,0.007989334232157428,0.03349065644428111,1800000,3600000,3807000000,401.85
705,0.7049463313281975,0.39950474796168295,0.00822007069409715,0.033379206775442365,1800000,3600000,3812400000,402.42
706,0.7057201118976554,0.3950751899533995,0.006262755917468856,0.03326812798702229,1800000,3600000,3817800000,402.99000000000007
707,0.7042761475605706,0.40178192271945956,0.00960426842929225,0.033157418844811035,1800000,3600000,3823200000,403.56000000000006
708,0.7044848331536809,0.3991075038043885,0.008539125536396602,0.03304707811870582,1800000,3600000,3828600000,404.13000000000005
709,0.7028585789910988,0.39375533333070806,0.00700248190923682,0.032937104582697475,1800000,3600000,3834000000,404.70000000000005
710,0.7040442465284316,0.39710541128399235,0.007171659800929078,0.03282749701485669,1800000,3600000,3839400000,405.27000000000004
711,0.7056942260958855,0.3939985004102361,0.0067557700895368175,0.03271825419732046,1800000,3600000,3844800000,405.84000000000003
712,0.7058146548161007,0.3928485783342009,0.005661989253947842,0.03260937491627859,1800000,3600000,3850200000,406.41
713,0.7039775219966109,0.39967839336153427,0.006639487054494726,0.03250085796196018,1800000,3600000,3855600000,406.98
714,0.7047118605434776,0.38991023856880197,0.006241209538164419,0.03239270212862015,1800000,3600000,3861000000,407.55000000000007
715,0.7042390784581184,0.39646526808927957,0.005701231951999041,0.03228490621452591,1800000,3600000,3866400000,408.12000000000006
716,0.7047820080835855,0.38824963141062196,0.007425282248145025,0.032177469021943995,1800000,3600000,3871800000,408.69000000000005
717,0.7055540349663584,0.3973221900860903,0.0054179012310939904,0.032070389357126694,1800000,3600000,3877200000,409.26000000000005
718,0.7062567179530377,0.3895298023258063,0.007883948600081316,0.03196366603029886,1800000,3600000,3882600000,409.83000000000004
719,0.7034569259657274,0.3929342299821326,0.005354654011189265,0.031857297855644666,1800000,3600000,3888000000,410.40000000000003
720,0.704846766737238,0.3920216449146771,0.007034945369074281,0.03175128365129438,1800000,3600000,3893400000,410.97
721,0.7069304326472511,0.3855421139944047,0.009338814643534213,0.03164562223931132,1800000,3600000,3898800000,411.54
722,0.7057011805047565,0.3941652604631058,0.007677172705482091,0.03154031244567872,1800000,3600000,3904200000,412.11000000000007
723,0.7042872166352445,0.39380696130432047,0.007161217951540057,0.03143535310028667,1800000,3600000,3909600000,412.68000000000006
724,0.7039997416888985,0.3935567039308041,0.008150713544466745,0.03133074303691914,1800000,3600000,3915000000,413.25000000000006
725,0.7052425709324006,0.39155965652334557,0.007656078796534839,0.031226481093241037,1800000,3600000,3920400000,413.82000000000005
726,0.705469196889823,0.39869546850533577,0.00793110887016683,0.03112256611078522,1800000,3600000,3925800000,414.39000000000004
727,0.7065373622568393,0.3933094640144131,0.005151151633455493,0.03101899693493971,1800000,3600000,3931200000,414.96000000000004
728,0.7060646483153822,0.3964112957416425,0.007145543464608399,0.03091577241493482,1800000,3600000,3936600000,415.53000000000003
729,0.7056258091251311,0.39451343328128025,0.005048759948375603,0.03081289140383039,1800000,3600000,3942000000,416.1
730,0.7063973950794954,0.39569880843667893,0.00432811149130297,0.030710352758503014,1800000,3600000,3947400000,416.6700000000001
731,0.7086674816364343,0.39723965324697413,0.0062068720178282775,0.030608155339633344,1800000,3600000,3952800000,417.24000000000007
732,0.7056937073561154,0.3984877526183121,0.0054350662606367905,0.030506298011693453,1800000,3600000,3958200000,417.81000000000006
733,0.7058431958591722,0.39323660220570067,0.005681248543265481,0.03040477964293421,1800000,3600000,3963600000,418.38000000000005
734,0.7088531971917569,0.39294532731401494,0.007533345556997912,0.030303599105372694,1800000,3600000,3969000000,418.95000000000005
735,0.7065567665106153,0.3898708064875715,0.0057265926945085635,0.030202755274779673,1800000,3600000,3974400000,419.52000000000004
736,0.70350899778454,0.3927433556438041,0.0069661599948473325,0.030102247030667106,1800000,3600000,3979800000,420.09000000000003
737,0.706664463117426,0.398941349156315,0.005930886362254333,0.030002073256275682,1800000,3600000,3985200000,420.66
738,0.7101686467680968,0.3902271295030651,0.007342042765952346,0.02990223283856243,1800000,3600000,3990600000,421.23
739,0.7084462655749185,0.38314620479970024,0.004599197940911678,0.02980272466818835,1800000,3600000,3996000000,421.80000000000007
740,0.7080772581388285,0.3913814121107624,0.006629321335623187,0.02970354763950609,1800000,3600000,4001400000,422.37000000000006
741,0.7075426459395626,0.39342605697439875,0.00529645214062734,0.02960470065054764,1800000,3600000,4006800000,422.94000000000005
742,0.7083693527195757,0.3889036066537704,0.005260162822373888,0.029506182603012115,1800000,3600000,4012200000,423.51000000000005
743,0.702890689656563,0.3971361330560001,0.00658542428676408,0.029407992402253506,1800000,3600000,4017600000,424.08000000000004
744,0.706104348143726,0.3919998875657715,0.006415956823658108,0.029310128957268585,1800000,3600000,4023000000,424.65000000000003
745,0.7058998909118888,0.39144770327291567,0.008118893059810084,0.02921259118068473,1800000,3600000,4028400000,425.22
746,0.7084811488179392,0.3914452200263071,0.005486123964538792,0.029115377988747873,1800000,3600000,4033800000,425.79
747,0.7074926493938415,0.3919350189065051,0.006488363962521271,0.02901848830131043,1800000,3600000,4039200000,426.36000000000007
748,0.70624611577999,0.3953175142820834,0.004917189411017516,0.02892192104181934,1800000,3600000,4044600000,426.93000000000006
749,0.7080616217241325,0.39283172123099874,0.00571412929242093,0.028825675137304024,1800000,3600000,4050000000,427.50000000000006
750,0.7078802418991204,0.3946705123991668,0.006596051402891974,0.02872974951836458,1800000,3600000,4055400000,428.07000000000005
751,0.7069666451350367,0.3934188557326909,0.005556512569077061,0.028634143119159794,1800000,3600000,4060800000,428.64000000000004
752,0.7083421619716679,0.3905883590607725,0.0066710534004400055,0.02853885487739537,1800000,3600000,4066200000,429.21000000000004
753,0.7084679719319069,0.39433212695852354,0.00600473897900227,0.028443883734312093,1800000,3600000,4071600000,429.78000000000003
754,0.7082079335127159,0.38814839495941583,0.006141982064952864,0.028349228634674047,1800000,3600000,4077000000,430.35
755,0.7099115182650512,0.3950027436792211,0.005603408099106842,0.028254888526756925,1800000,3600000,4082400000,430.9200000000001
756,0.7113984550174277,0.3900162915163672,0.005377137308015107,0.02816086236233635,1800000,3600000,4087800000,431.49000000000007
757,0.7080469487694335,0.3874917131721445,0.00579142532338291,0.028067149096676187,1800000,3600000,4093200000,432.06000000000006
758,0.7110402832546164,0.3927013974128731,0.0072064396156982695,0.027973747688516962,1800000,3600000,4098600000,432.63000000000005
759,0.7087626185723879,0.3912770156982136,0.004663359238565977,0.02788065710006431,1800000,3600000,4104000000,433.20000000000005
760,0.7079233592814664,0.3928315568570426,0.005916316017486395,0.027787876296977376,1800000,3600000,4109400000,433.77000000000004
761,0.7080411806654929,0.39415535459975304,0.004150362770859407,0.0276954042483574,1800000,3600000,4114800000,434.34000000000003
762,0.7103609381447963,0.3824997838100431,0.006742586851543236,0.027603239926736228,1800000,3600000,4120200000,434.91
763,0.7087915388085444,0.3909665634500035,0.004068966227528687,0.027511382308064894,1800000,3600000,4125600000,435.4800000000001
764,0.7084341141120294,0.39176032710121217,0.005976920632561195,0.02741983037170224,1800000,3600000,4131000000,436.05000000000007
765,0.708797099392862,0.39651551125043244,0.005296443847428246,0.02732858310040361,1800000,3600000,4136400000,436.62000000000006
766,0.708854797113157,0.3898869907397374,0.004219324051279654,0.027237639480309456,1800000,3600000,4141800000,437.19000000000005
767,0.7089790625198149,0.3900919391439638,0.005616090832293742,0.0271469985009342,1800000,3600000,4147200000,437.76000000000005
768,0.7068038193237884,0.39175824787421293,0.007013352865709328,0.027056659155154907,1800000,3600000,4152600000,438.33000000000004
769,0.7094338798754709,0.38751276840148424,0.005331991276816213,0.026966620439200145,1800000,3600000,4158000000,438.90000000000003
770,0.7100460552707067,0.39703673045617444,0.004916586694611633,0.02687688135263881,1800000,3600000,4163400000,439.47
771,0.7123419900130679,0.38791730024475773,0.0025509779353048204,0.026787440898369028,1800000,3600000,4168800000,440.04
772,0.7082267569030696,0.3944619167532032,0.006586907641360485,0.02669829808260703,1800000,3600000,4174200000,440.61000000000007
773,0.7094476608396085,0.3980493095274985,0.007580230112960087,0.026609451914876178,1800000,3600000,4179600000,441.18000000000006
774,0.7114969995960176,0.3884285396127269,0.006619731516690193,0.026520901407995918,1800000,3600000,4185000000,441.75000000000006
775,0.7096929425972841,0.39674703394933847,0.0044067054244268725,0.026432645578070815,1800000,3600000,4190400000,442.32000000000005
776,0.7101080687596181,0.39192522683516867,0.006044276501132172,0.026344683444479648,1800000,3600000,4195800000,442.89000000000004
777,0.7105520398706184,0.38897018000414474,0.005770811884033977,0.02625701402986444,1800000,3600000,4201200000,443.46000000000004
778,0.7112640369616625,0.3911971964879574,0.005667703706914615,0.026169636360119694,1800000,3600000,4206600000,444.03000000000003
779,0.7103151396698069,0.3894765840624304,0.0055047455904342,0.02608254946438153,1800000,3600000,4212000000,444.6
780,0.7092688954122015,0.3900949927642216,0.005683895213052279,0.025995752375016855,1800000,3600000,4217400000,445.1700000000001
781,0.7118302703353266,0.3829444832196757,0.004834058273352421,0.025909244127612686,1800000,3600000,4222800000,445.74000000000007
782,0.7085827821733495,0.3864962169699831,0.0051802688667446665,0.025823023760965385,1800000,3600000,4228200000,446.31000000000006
783,0.7096177886886385,0.3916844165229536,0.007275448480313196,0.025737090317069982,1800000,3600000,4233600000,446.88000000000005
784,0.7083492904078112,0.3932958273600807,0.005996692376380115,0.02565144284110955,1800000,3600000,4239000000,447.45000000000005
785,0.712881818989548,0.3904593255785654,0.00495082968730671,0.025566080381444596,1800000,3600000,4244400000,448.02000000000004
786,0.7115135959147655,0.39415160262098486,0.006227404280019229,0.025481001989602455,1800000,3600000,4249800000,448.59000000000003
787,0.7120960746911504,0.38918067111492305,0.006699255402167809,0.025396206720266795,1800000,3600000,4255200000,449.16
788,0.7105410226726376,0.38918482530027027,0.004724994433269884,0.02531169363126709,1800000,3600000,4260600000,449.7300000000001
789,0.7105903686190759,0.39032125497483544,0.00521683771643864,0.025227461783568134,1800000,3600000,4266000000,450.30000000000007
790,0.7110704020664899,0.3884119154154955,0.004806896709567379,0.02514351024125965,1800000,3600000,4271400000,450.87000000000006
791,0.7104813797698911,0.3914744822388455,0.0062868239485312696,0.025059838071545854,1800000,3600000,4276800000,451.44000000000005
792,0.7092940365169457,0.38991704211924055,0.005139694947122343,0.024976444344735116,1800000,3600000,4282200000,452.01000000000005
793,0.7098934040346893,0.3944364568891487,0.006364534930545609,0.024893328134229613,1800000,3600000,4287600000,452.58000000000004
794,0.7123680383747011,0.3880506505847677,0.0040702097091675484,0.024810488516515048,1800000,3600000,4293000000,453.15000000000003
795,0.7113654034433093,0.3880523601378486,0.0064450157256606124,0.024727924571150358,1800000,3600000,4298400000,453.72
796,0.7094644329064927,0.39288214526815773,0.004500663649467404,0.024645635380757525,1800000,3600000,4303800000,454.2900000000001
797,0.7111408754501523,0.3884427540819365,0.004262145863921403,0.02456362003101136,1800000,3600000,4309200000,454.86000000000007
798,0.7100384737857286,0.38576093424157826,0.005724211032989602,0.024481877610629373,1800000,3600000,4314600000,455.43000000000006
799,0.7143865030187486,0.3863727782793228,0.0042112164769775445,0.024400407211361594,1800000,3600000,4320000000,456.00000000000006
800,0.7125555877443338,0.38682112432134075,0.004895623288201303,0.02431920792798054,1800000,3600000,4325400000,456.57000000000005
801,0.711470925288355,0.3894273664537073,0.0021378433243994725,0.024238278858271095,1800000,3600000,4330800000,457.14000000000004
802,0.7117837909432875,0.38871925148333253,0.004486879257957115,0.024157619103020552,1800000,3600000,4336200000,457.71000000000004
803,0.7110379165190868,0.38927308590601545,0.003776627699600756,0.024077227766008576,1800000,3600000,4341600000,458.28000000000003
804,0.7126893097081469,0.3911229803020042,0.006150273296036386,0.02399710395399727,1800000,3600000,4347000000,458.85
805,0.7099702480122272,0.3874208642096889,0.007145774587454023,0.02391724677672123,1800000,3600000,4352400000,459.4200000000001
806,0.7137168981575477,0.3836666046247879,0.0029134230065595255,0.02383765534687765,1800000,3600000,4357800000,459.99000000000007
807,0.7115484566612311,0.3886172121859253,0.004829678159012595,0.023758328780116505,1800000,3600000,4363200000,460.56000000000006
808,0.712731204021945,0.39437778574546256,0.004298853316594783,0.023679266195030673,1800000,3600000,4368600000,461.13000000000005
809,0.7125070298721348,0.39026820324269074,0.004377484123499307,0.023600466713146178,1800000,3600000,4374000000,461.70000000000005
810,0.7146559269064653,0.38699101535891156,0.002746457155001581,0.023521929458912412,1800000,3600000,4379400000,462.27000000000004
811,0.709490687139959,0.38849598021224785,0.0044104385319203,0.02344365355969242,1800000,3600000,4384800000,462.84000000000003
812,0.7114101184718263,0.38772516255303463,0.004008095129557609,0.023365638145753154,1800000,3600000,4390200000,463.41
813,0.7120761009141681,0.3836986579904591,0.004233388705297056,0.023287882350255897,1800000,3600000,4395600000,463.9800000000001
814,0.7110155694327656,0.3897835144543594,0.005348776398372094,0.023210385309246566,1800000,3600000,4401000000,464.55000000000007
815,0.7128842038624884,0.3844985595824653,0.00539656769317912,0.02313314616164612,1800000,3600000,4406400000,465.12000000000006
816,0.7114226049679051,0.3887688022493666,0.005283590015653524,0.023056164049241032,1800000,3600000,4411800000,465.69000000000005
817,0.7115591718070148,0.3902556619849343,0.004943488623994885,0.0229794381166737,1800000,3600000,4417200000,466.26000000000005
818,0.7122505243318712,0.3905395507354464,0.002911157139348142,0.022902967511432955,1800000,3600000,4422600000,466.83000000000004
819,0.7125439777683673,0.3913163946083415,0.004865913197136722,0.022826751383844632,1800000,3600000,4428000000,467.40000000000003
820,0.712374904104002,0.3853713587657551,0.005126530835665567,0.022750788887062088,1800000,3600000,4433400000,467.97
821,0.7133338494161197,0.38694409064025864,0.005160251324923097,0.02267507917705679,1800000,3600000,4438800000,468.5400000000001
822,0.7124556724567112,0.39048610750863344,0.006393191018028191,0.022599621412608965,1800000,3600000,4444200000,469.11000000000007
823,0.7126559955651107,0.3866520559370163,0.004471445930838076,0.02252441475529824,1800000,3600000,4449600000,469.68000000000006
824,0.711815376971067,0.38200768297011284,0.003526009215342827,0.022449458369494302,1800000,3600000,4455000000,470.25000000000006
825,0.7145362860387681,0.3894605966767224,0.003553708133322981,0.022374751422347648,1800000,3600000,4460400000,470.82000000000005
826,0.7156487413207927,0.38225761537620745,0.0028916674766186236,0.02230029308378033,1800000,3600000,4465800000,471.39000000000004
827,0.7138749061044749,0.382970200248261,0.003318756748398855,0.022226082526476697,1800000,3600000,4471200000,471.96000000000004
828,0.7134167360757497,0.3829292959775837,0.006037648169651284,0.022152118925874254,1800000,3600000,4476600000,472.53000000000003
829,0.7147529286607918,0.38439614063915695,0.002983060255104961,0.02207840146015444,1800000,3600000,4482000000,473.1000000000001
830,0.715528528282975,0.3813025296458185,0.003838761495066366,0.022004929310233547,1800000,3600000,4487400000,473.6700000000001
831,0.7125954142306439,0.39220622108372283,0.006349971455031661,0.0219317016597536,1800000,3600000,4492800000,474.24000000000007
832,0.7131287576741909,0.38334474102057847,0.005291488423945157,0.021858717695073287,1800000,3600000,4498200000,474.81000000000006
833,0.7116816222300695,0.3937974917967094,0.005733851889493804,0.021785976605258914,1800000,3600000,4503600000,475.38000000000005
834,0.7133730738155991,0.3901980370776516,0.003906504120440291,0.02171347758207541,1800000,3600000,4509000000,475.95000000000005
835,0.7121178789143252,0.3831936509185408,0.0038715300953166658,0.02164121981997731,1800000,3600000,4514400000,476.52000000000004
836,0.713883331264754,0.38468579109054457,0.0037760942878624095,0.021569202516099856,1800000,3600000,4519800000,477.09000000000003
837,0.7129011784630289,0.3803365842841201,0.005348972907523566,0.021497424870250043,1800000,3600000,4525200000,477.66
838,0.7126500851082431,0.3876818155284584,0.003910467580446083,0.021425886084897733,1800000,3600000,4530600000,478.2300000000001
839,0.7159460720303695,0.3852875057351513,0.0042984552595806465,0.021354585365166795,1800000,3600000,4536000000,478.80000000000007
840,0.712405806222417,0.38768488242614885,0.004597106795857111,0.02128352191882629,1800000,3600000,4541400000,479.37000000000006
841,0.7117095755541926,0.3912134108531764,0.004343498021948065,0.021212694956281617,1800000,3600000,4546800000,479.94000000000005
842,0.7134087137145593,0.38623134857321534,0.005213496018642776,0.02114210369056581,1800000,3600000,4552200000,480.51000000000005
843,0.7152051786686296,0.38811529581969123,0.004718649235276486,0.021071747337330738,1800000,3600000,4557600000,481.08000000000004
844,0.7137964030234257,0.38644920845588665,0.0039838312313150125,0.021001625114838426,1800000,3600000,4563000000,481.65000000000003
845,0.7144372352205359,0.386825764496881,0.0032170560379771933,0.020931736243952347,1800000,3600000,4568400000,482.22
846,0.7162313149394103,0.38233937297306386,0.004012396919021089,0.02086207994812878,1800000,3600000,4573800000,482.7900000000001
847,0.7167112982325888,0.3841094718596454,0.0035442469480596542,0.02079265545340814,1800000,3600000,4579200000,483.36000000000007
848,0.7141309682194571,0.39143559269111144,0.00530071120583942,0.02072346198840646,1800000,3600000,4584600000,483.93000000000006
849,0.7126476386255258,0.3821669177953152,0.00407096955366019,0.020654498784306745,1800000,3600000,4590000000,484.50000000000006
850,0.7161705723134223,0.38302198190220743,0.005026200043486294,0.020585765074850458,1800000,3600000,4595400000,485.07000000000005
851,0.7145953965509247,0.38467529203057305,0.004003713973060732,0.020517260096329024,1800000,3600000,4600800000,485.64000000000004
852,0.7122989593833653,0.3869533572650687,0.004938693834176921,0.020448983087575288,1800000,3600000,4606200000,486.21000000000004
853,0.7136196110720211,0.38935618548050716,0.003642158994058306,0.02038093328995513,1800000,3600000,4611600000,486.78000000000003
854,0.7161304583368887,0.3844788720706081,0.002567854506238777,0.020313109947358986,1800000,3600000,4617000000,487.3500000000001
855,0.7131966498998183,0.38781221100789265,0.004174362043764328,0.02024551230619346,1800000,3600000,4622400000,487.9200000000001
856,0.7118545450879442,0.3882628179408334,0.004571381090111707,0.020178139615372955,1800000,3600000,4627800000,488.49000000000007
857,0.7161879494711548,0.3810980147026651,0.005767617584430727,0.020110991126311338,1800000,3600000,4633200000,489.06000000000006
858,0.7157868456294325,0.38406658713148295,0.0044947445057288895,0.020044066092913575,1800000,3600000,4638600000,489.63000000000005
859,0.717884999947587,0.379265549711242,0.004441205560206768,0.019977363771567502,1800000,3600000,4644000000,490.20000000000005
860,0.7115095200271109,0.39095483445291435,0.002940940043102253,0.01991088342113553,1800000,3600000,4649400000,490.77000000000004
861,0.7158889142261435,0.39411552969039987,0.00522943928553162,0.019844624302946416,1800000,3600000,4654800000,491.34000000000003
862,0.714878344332818,0.38179640275147214,0.00474375144118192,0.019778585680787053,1800000,3600000,4660200000,491.9100000000001
863,0.7154379789374299,0.3854811910369525,0.0024830111237872984,0.019712766820894304,1800000,3600000,4665600000,492.4800000000001
864,0.7155035411368802,0.38382721884892795,0.004529138436022588,0.019647166991946803,1800000,3600000,4671000000,493.05000000000007
865,0.7175440602920288,0.38804588125226447,0.004278578609020003,0.019581785465056904,1800000,3600000,4676400000,493.62000000000006
866,0.7153824936069075,0.378255082176708,0.0020352023341757702,0.019516621513762517,1800000,3600000,4681800000,494.19000000000005
867,0.7156823287616898,0.3816479809818842,0.0035767547544537145,0.019451674414019068,1800000,3600000,4687200000,494.76000000000005
868,0.7155700889853509,0.3874192287763086,0.004204321642891155,0.019386943444191458,1800000,3600000,4692600000,495.33000000000004
869,0.714369957447199,0.38890690229399977,0.0050131750708779016,0.01932242788504602,1800000,3600000,4698000000,495.90000000000003
870,0.7157352491395002,0.38711848398397186,0.0020534931316682067,0.01925812701974253,1800000,3600000,4703400000,496.47
871,0.7146724475517877,0.3903204694197024,0.004034888250560605,0.01919404013382628,1800000,3600000,4708800000,497.0400000000001
872,0.7176830178417617,0.38396955877457556,0.0038916228126860764,0.019130166515220096,1800000,3600000,4714200000,497.61000000000007
873,0.7152021854273416,0.39088530371375657,0.0019289309047947618,0.01906650545421645,1800000,3600000,4719600000,498.18000000000006
874,0.7170041131547097,0.3841433503181382,0.006316791720366194,0.01900305624346956,1800000,3600000,4725000000,498.75000000000006
875,0.716454999789977,0.38189780441162685,0.001395140495378804,0.018939818177987563,1800000,3600000,4730400000,499.32000000000005
876,0.7174966765951304,0.38140236638154323,0.00229122528422229,0.018876790555124607,1800000,3600000,4735800000,499.89000000000004
877,0.7167261307642332,0.37860290876342056,0.003964788200420074,0.018813972674573135,1800000,3600000,4741200000,500.46000000000004
878,0.7176737101129633,0.3786095106712118,0.0040537571524313885,0.01875136383835605,1800000,3600000,4746600000,501.03000000000003
879,0.7170183317767141,0.384924033261705,0.0023544938307493626,0.018688963350818977,1800000,3600000,4752000000,501.6000000000001
880,0.7157809734162868,0.3877789670441225,0.004493752393743999,0.018626770518622528,1800000,3600000,4757400000,502.1700000000001
881,0.7130965096905054,0.3829311883956057,0.004617889139590915,0.018564784650734575,1800000,3600000,4762800000,502.74000000000007
882,0.7172180167067918,0.38102709307407984,0.004652068205746681,0.018503005058422627,1800000,3600000,4768200000,503.31000000000006
883,0.717758307104828,0.38438908928206333,0.0038545289757777328,0.018441431055246132,1800000,3600000,4773600000,503.88000000000005
884,0.716968040433165,0.38465254608557053,0.006444741475495442,0.01838006195704887,1800000,3600000,4779000000,504.45000000000005
885,0.7163537675716197,0.3832648323673025,0.0034873738504374967,0.018318897081951332,1800000,3600000,4784400000,505.02000000000004
886,0.715708362262742,0.3823197736646822,0.0032937838176589104,0.018257935750343183,1800000,3600000,4789800000,505.59000000000003
887,0.7160523781880602,0.38553807559340325,0.004924070031979013,0.018197177284875646,1800000,3600000,4795200000,506.1600000000001
888,0.7156839642530284,0.38808531188675766,0.0017464725247619125,0.01813662101045404,1800000,3600000,4800600000,506.7300000000001
889,0.719884907163865,0.37457149436001264,0.003939803835226658,0.018076266254230255,1800000,3600000,4806000000,507.30000000000007
890,0.7176611721514738,0.38305777728892504,0.005930776206455737,0.018016112345595265,1800000,3600000,4811400000,507.87000000000006
891,0.717482935690055,0.37782819041328103,0.004141092179438023,0.017956158616171686,1800000,3600000,4816800000,508.44000000000005
892,0.7167745697403253,0.3804718726265957,0.003393162437630503,0.017896404399806366,1800000,3600000,4822200000,509.01000000000005
893,0.7162436677644312,0.3843169211355728,0.00183805536036984,0.01783684903256293,1800000,3600000,4827600000,509.58000000000004
894,0.7169441769242806,0.3824428877434847,0.00392107726479732,0.017777491852714475,1800000,3600000,4833000000,510.15000000000003
895,0.7178526095297328,0.38081753946131697,0.0036711013733531565,0.017718332200736167,1800000,3600000,4838400000,510.72
896,0.7144699569936224,0.3845860580173922,0.003300697712895145,0.017659369419297934,1800000,3600000,4843800000,511.2900000000001
897,0.7150278008145927,0.38766897106402515,0.0030475122495720796,0.017600602853257152,1800000,3600000,4849200000,511.86000000000007
898,0.718928487820745,0.3818012741888519,0.002649463970524457,0.017542031849651377,1800000,3600000,4854600000,512.4300000000001
899,0.7169104643086527,0.38312449456469816,0.0014782635704063637,0.017483655757691067,1800000,3600000,4860000000,513.0
900,0.7144283268412249,0.3883010322043303,0.004137744935928779,0.01742547392875238,1800000,3600000,4865400000,513.57
901,0.7183833420584502,0.38739723568002304,0.0037202142812290677,0.01736748571636995,1800000,3600000,4870800000,514.1400000000001
902,0.719167464079489,0.38224034238335247,0.0044670803132174286,0.01730969047622972,1800000,3600000,4876200000,514.71
903,0.7167280046575665,0.3838664455842955,0.0026392235709758174,0.01725208756616176,1800000,3600000,4881600000,515.2800000000001
904,0.7175131590880205,0.38121807665772317,0.002211711250560895,0.017194676346133125,1800000,3600000,4887000000,515.85
905,0.7181887734340601,0.37644834758890233,0.0034918333360446914,0.017137456178240796,1800000,3600000,4892400000,516.4200000000001
906,0.7194855919639823,0.3835926042320861,0.0030752472701021548,0.017080426426704536,1800000,3600000,4897800000,516.99
907,0.7202700514898308,0.3850988086319363,0.0029533440509216485,0.01702358645785985,1800000,3600000,4903200000,517.5600000000001
908,0.7188076948997854,0.38109098347688697,0.0031801536093380624,0.01696693564015095,1800000,3600000,4908600000,518.1300000000001
909,0.7166253157097733,0.38588511049361196,0.003550154314687486,0.016910473344123725,1800000,3600000,4914000000,518.7
910,0.7187979088817615,0.3736840435422831,0.003989073711428444,0.016854198942418738,1800000,3600000,4919400000,519.2700000000001
911,0.7181203125341274,0.37995715348704034,0.00262724110730428,0.016798111809764284,1800000,3600000,4924800000,519.84
912,0.7189279397487875,0.3853550454482299,0.0030603102454594593,0.01674221132296943,1800000,3600000,4930200000,520.4100000000001
913,0.7205260211370962,0.38364268629633946,0.002881088233438912,0.01668649686091707,1800000,3600000,4935600000,520.98
914,0.7186732251427697,0.3816193040606461,0.004058216985383449,0.016630967804557063,1800000,3600000,4941000000,521.5500000000001
915,0.7148626306176555,0.3852551833924132,0.004237389715919483,0.016575623536899325,1800000,3600000,4946400000,522.12
916,0.7174063377827019,0.3833392513453228,0.003287773555482483,0.016520463443006964,1800000,3600000,4951800000,522.69
917,0.7172255291110913,0.3841716259026434,0.0015192693549683333,0.016465486909989488,1800000,3600000,4957200000,523.2600000000001
918,0.7183963569697204,0.3788580618931358,0.002916546181393541,0.01641069332699597,1800000,3600000,4962600000,523.83
919,0.7169781141194896,0.37937443428145295,0.0030366188167599622,0.01635608208520825,1800000,3600000,4968000000,524.4000000000001
920,0.719811420400274,0.382732225252156,0.0020206617155464133,0.016301652577834193,1800000,3600000,4973400000,524.97
921,0.7209479001556751,0.38251472249499985,0.003524761832477589,0.016247404200100943,1800000,3600000,4978800000,525.5400000000001
922,0.7174262818448538,0.38604928833668095,0.004803434570569894,0.016193336349248175,1800000,3600000,4984200000,526.11
923,0.717163534551802,0.3819897990938909,0.0029243583916879557,0.016139448424521443,1800000,3600000,4989600000,526.6800000000001
924,0.7171682165785911,0.38568863944105986,0.0034393712136891685,0.01608573982716547,1800000,3600000,4995000000,527.2500000000001
925,0.7198806911019808,0.37957720873688067,0.003070127961415946,0.016032209960417515,1800000,3600000,5000400000,527.82
926,0.7205816333074422,0.38475265872287184,0.0025500605561877975,0.015978858229500733,1800000,3600000,5005800000,528.3900000000001
927,0.7180394551081596,0.38488442412212315,0.0012026665518796267,0.01592568404161755,1800000,3600000,5011200000,528.96
928,0.7204336699472424,0.3805306755715621,0.004183310772591948,0.01587268680594312,1800000,3600000,5016600000,529.5300000000001
929,0.7180061467334421,0.3813208386994549,0.0033985754875671104,0.01581986593361872,1800000,3600000,5022000000,530.1
930,0.718460522699746,0.38298270343474533,0.002523425470015532,0.01576722083774523,1800000,3600000,5027400000,530.6700000000001
931,0.7156773977931495,0.3880826749612262,0.0025867610085957126,0.015714750933376594,1800000,3600000,5032800000,531.24
932,0.7222692756509306,0.377318924330466,0.004779256451736499,0.015662455637513346,1800000,3600000,5038200000,531.8100000000001
933,0.7205489053672133,0.3820668409395784,0.001927079877714239,0.015610334369096087,1800000,3600000,5043600000,532.3800000000001
934,0.7184309674601682,0.38266178320672545,0.003760233397272775,0.015558386548999083,1800000,3600000,5049000000,532.95
935,0.7192114112988691,0.37560714546514895,0.0015849928339448478,0.015506611600023803,1800000,3600000,5054400000,533.5200000000001
936,0.7177275416713677,0.3852478221390381,0.0022184878281230743,0.0154550089468925,1800000,3600000,5059800000,534.09
937,0.720094720953131,0.38057953421371904,0.004649967110585794,0.015403578016241832,1800000,3600000,5065200000,534.6600000000001
938,0.7213331762871111,0.38294988712926126,0.0028992619364942066,0.01535231823661649,1800000,3600000,5070600000,535.23
939,0.7186548843305774,0.37575139754173814,0.0031962690732071438,0.015301229038462828,1800000,3600000,5076000000,535.8000000000001
940,0.7205604617273675,0.3865744628207777,0.003225943389274863,0.01525030985412257,1800000,3600000,5081400000,536.37
941,0.7173113298660323,0.3811904821026429,0.0014797234472087289,0.015199560117826475,1800000,3600000,5086800000,536.94
942,0.719804247631584,0.37791414588988453,0.003298010391541449,0.015148979265688062,1800000,3600000,5092200000,537.5100000000001
943,0.720187491901206,0.373960330953035,0.0026109389077316613,0.015098566735697346,1800000,3600000,5097600000,538.08
944,0.7207300247266405,0.37988374907460765,0.0022444031123332467,0.015048321967714589,1800000,3600000,5103000000,538.6500000000001
945,0.7189760493200975,0.37854160913172685,0.00277612008065639,0.014998244403464065,1800000,3600000,5108400000,539.22
946,0.7214771684361391,0.3814087171042769,0.004454988078797278,0.014948333486527878,1800000,3600000,5113800000,539.7900000000001
947,0.7187776803545571,0.37993331213631054,0.0018332792619533411,0.01489858866233978,1800000,3600000,5119200000,540.36
948,0.7195067298780115,0.3766226569710912,0.0027611220319450585,0.014849009378178984,1800000,3600000,5124600000,540.9300000000001
949,0.7218483350708437,0.3815824961670046,0.0020278315813443168,0.014799595083164046,1800000,3600000,5130000000,541.5000000000001
950,0.7193360464348623,0.3786414966487334,0.0025869272543920727,0.01475034522824674,1800000,3600000,5135400000,542.07
951,0.7218910257240108,0.37591680486269524,0.001961692966074638,0.014701259266205942,1800000,3600000,5140800000,542.6400000000001
952,0.7206060954387603,0.37952690670652306,0.0012903649272753674,0.01465233665164157,1800000,3600000,5146200000,543.21
953,0.719656776624161,0.3774172012785065,0.0030744510548770814,0.014603576840968517,1800000,3600000,5151600000,543.7800000000001
954,0.7195511057875071,0.38051852582118023,0.003655660825447573,0.014554979292410605,1800000,3600000,5157000000,544.35
955,0.7216497327473005,0.3805312392943163,0.0025249245213618326,0.014506543465994582,1800000,3600000,5162400000,544.9200000000001
956,0.7196492996629381,0.3770957052474992,0.0021776650269355164,0.014458268823544085,1800000,3600000,5167800000,545.49
957,0.722384060736111,0.3803236957707259,0.0033707025415942327,0.014410154828673707,1800000,3600000,5173200000,546.0600000000001
958,0.7206674047254205,0.3835727308466174,0.003056941854327315,0.014362200946783012,1800000,3600000,5178600000,546.6300000000001
959,0.7202826423963322,0.38117353243013485,0.003457829716551844,0.014314406645050596,1800000,3600000,5184000000,547.2
960,0.7214097041898544,0.380319921133783,0.00270240904734664,0.014266771392428173,1800000,3600000,5189400000,547.7700000000001
961,0.7235725317273534,0.37572122609481995,0.0038479577965554942,0.014219294659634668,1800000,3600000,5194800000,548.34
962,0.7210155436652931,0.380907138046497,0.003483356706837741,0.014171975919150332,1800000,3600000,5200200000,548.9100000000001
963,0.7219383565781847,0.37442217034205144,0.004858746715729929,0.0141248146452109,1800000,3600000,5205600000,549.48
964,0.7208308038156016,0.3783666742877793,0.0020640210993281235,0.014077810313801734,1800000,3600000,5211000000,550.0500000000001
965,0.7228321411519473,0.37899395392980834,0.0028129632572805,0.014030962402651998,1800000,3600000,5216400000,550.62
966,0.7225337272848523,0.37730330567276293,0.002052903085523869,0.013984270391228862,1800000,3600000,5221800000,551.19
967,0.7221383818060227,0.3774822662195422,0.002358166356013307,0.013937733760731734,1800000,3600000,5227200000,551.7600000000001
968,0.7221680541879343,0.3804511063473537,0.0011164729374476678,0.01389135199408644,1800000,3600000,5232600000,552.33
969,0.7184200325905445,0.38098829284214814,0.002520901551997015,0.013845124575939553,1800000,3600000,5238000000,552.9000000000001
970,0.7216086463834921,0.3808205427696328,0.003514072546628009,0.013799050992652615,1800000,3600000,5243400000,553.47
971,0.7224321242114704,0.38354811932488964,0.003386260937129678,0.013753130732296451,1800000,3600000,5248800000,554.0400000000001
972,0.7212939018981691,0.3748001336666726,0.0023629308367914626,0.013707363284645472,1800000,3600000,5254200000,554.61
973,0.717835112340307,0.3866513922937573,0.0020002959165959073,0.013661748141172018,1800000,3600000,5259600000,555.1800000000001
974,0.7207184808299456,0.3765001397431138,0.0017625177810360357,0.013616284795040677,1800000,3600000,5265000000,555.7500000000001
975,0.7174023650894914,0.38158481769244135,0.002942430013605808,0.013570972741102702,1800000,3600000,5270400000,556.32
976,0.7214013983224142,0.37761833057530636,0.003482658304294689,0.013525811475890359,1800000,3600000,5275800000,556.8900000000001
977,0.7223494149021403,0.37996476706015764,0.0004758568805282102,0.013480800497611346,1800000,3600000,5281200000,557.46
978,0.7230880630078282,0.36987553715370647,0.0025421633649466936,0.013435939306143226,1800000,3600000,5286600000,558.0300000000001
979,0.7213304319507806,0.38219259887260365,0.0013749763983392465,0.01339122740302784,1800000,3600000,5292000000,558.6
980,0.7211981907901958,0.37381871507784353,0.0018015794359900242,0.013346664291465818,1800000,3600000,5297400000,559.1700000000001
981,0.7209710447936853,0.3761417138355708,0.0031350421738365873,0.013302249476311008,1800000,3600000,5302800000,559.74
982,0.7234217839190549,0.37549329422369365,0.0036615145188696697,0.013257982464065015,1800000,3600000,5308200000,560.3100000000001
983,0.7189174066210502,0.3803045099719027,0.002491271522495555,0.013213862762871688,1800000,3600000,5313600000,560.8800000000001
984,0.7197078120867489,0.38377707297704644,0.0007362942768965272,0.013169889882511677,1800000,3600000,5319000000,561.45
985,0.7212404746052299,0.3789923610608072,0.0017241769339177344,0.013126063334396957,1800000,3600000,5324400000,562.0200000000001
986,0.7217321960058548,0.38167130699088586,0.0029407731379346358,0.013082382631565439,1800000,3600000,5329800000,562.59
987,0.7214266533703646,0.37826735941841555,0.00409725654931442,0.013038847288675532,1800000,3600000,5335200000,563.1600000000001
988,0.7223210572525836,0.37240159375529125,0.0013314723772803534,0.012995456822000755,1800000,3600000,5340600000,563.73
989,0.7221883650379386,0.3759705090672573,0.0030504550223572737,0.012952210749424363,1800000,3600000,5346000000,564.3000000000001
990,0.7212145650660005,0.38004578055331456,0.00265609259438936,0.012909108590434005,1800000,3600000,5351400000,564.8700000000001
991,0.7242913979111751,0.37337192854934953,0.0005927609422015931,0.012866149866116342,1800000,3600000,5356800000,565.44
992,0.7206124537540096,0.37551608994126584,0.002366762605589229,0.012823334099151783,1800000,3600000,5362200000,566.0100000000001
993,0.724256120420755,0.3717478235695689,0.002272294015571799,0.01278066081380914,1800000,3600000,5367600000,566.58
994,0.7218331461240386,0.3807011926981184,0.002123526826709769,0.01273812953594036,1800000,3600000,5373000000,567.1500000000001
995,0.7236286517997972,0.37963582166034787,0.0013911948851866424,0.012695739792975256,1800000,3600000,5378400000,567.72
996,0.7211786060929046,0.3766643275551612,0.003534008221659805,0.012653491113916249,1800000,3600000,5383800000,568.2900000000001
997,0.7189745485347485,0.3793320028193958,0.004011474251990818,0.012611383029333125,1800000,3600000,5389200000,568.86
998,0.7197349787785735,0.378802287778124,0.002792045538885711,0.012569415071357852,1800000,3600000,5394600000,569.4300000000001
999,0.7210988713088825,0.37380026022238944,0.0020797798961141732,0.012527586773679353,1800000,3600000,5400000000,570.0000000000001
