round,test_accuracy,train_objective,mfg,hfr_tau,downlink_bytes,uplink_bytes,cumulative_serialized_bytes,single_device_elapsed_seconds
0,0.5034833056169462,0.5952816690069741,0.07211549253979445,0.22,1800000,3600000,5400000,0.5700000000000001
1,0.5061500369230555,0.5971353873533759,0.06968468729763308,0.2192678875319951,1800000,3600000,10800000,1.1400000000000001
2,0.5126329826131231,0.584457711664666,0.06961461217583738,0.21853821137610757,1800000,3600000,16200000,1.7100000000000002
3,0.515375949933067,0.5894149199730602,0.07055038695900506,0.21781096342481698,1800000,3600000,21600000,2.2800000000000002
4,0.5182358271559984,0.5778397934150281,0.06982286670497849,0.21708613559758305,1800000,3600000,27000000,2.8500000000000005
5,0.5218413435403984,0.5783846689062434,0.06848522956029449,0.21636371984075584,1800000,3600000,32400000,3.4200000000000004
6,0.525537200305821,0.5746686969981473,0.06726599711725628,0.21564370812748615,1800000,3600000,37800000,3.99
7,0.5286364767355406,0.5730340326885818,0.06738285650825358,0.21492609245763647,1800000,3600000,43200000,4.5600000000000005
8,0.5325267413542698,0.5672191257093394,0.067445490665636,0.2142108648576919,1800000,3600000,48600000,5.130000000000001
9,0.5360915124294836,0.5658068413900111,0.06805999486302731,0.21349801738067178,1800000,3600000,54000000,5.700000000000001
10,0.5395868567987686,0.5655945570376909,0.06815703140794399,0.2127875421060413,1800000,3600000,59400000,6.2700000000000005
11,0.5402661917043843,0.561590633509618,0.06680976957654544,0.21207943113962338,1800000,3600000,64800000,6.840000000000001
12,0.5447913693222737,0.5562543970518669,0.06667921547217662,0.2113736766135111,1800000,3600000,70200000,7.410000000000001
13,0.5471292628408062,0.5511702274541537,0.06682097870142234,0.2106702706859803,1800000,3600000,75600000,7.98
14,0.5532129111011441,0.5421534652870671,0.0655058883693419,0.20996920554140228,1800000,3600000,81000000,8.55
15,0.553014799212746,0.5432619590702744,0.06473184978253609,0.20927047339015709,1800000,3600000,86400000,9.120000000000001
16,0.5565027968322617,0.5422550877952391,0.06816504937005527,0.208574066468547,1800000,3600000,91800000,9.690000000000001
17,0.5607350217551645,0.5412399867475436,0.06625393246894011,0.2078799770387102,1800000,3600000,97200000,10.260000000000002
18,0.5636893689314819,0.5364369899074024,0.06480470865222794,0.20718819738853472,1800000,3600000,102600000,10.830000000000002
19,0.5668853974043856,0.5332723084987467,0.06479025035823106,0.2064987198315729,1800000,3600000,108000000,11.400000000000002
20,0.5698983489939021,0.5333633144139175,0.0636684870516908,0.2058115367069559,1800000,3600000,113400000,11.97
21,0.5751485958098861,0.5263289325050108,0.06565678080202407,0.2051266403793086,1800000,3600000,118800000,12.540000000000001
22,0.5757341670401236,0.5281667273363689,0.06311213166907448,0.20444402323866478,1800000,3600000,124200000,13.110000000000001
23,0.5757876920853123,0.5220240373427867,0.0640096452451319,0.20376367770038248,1800000,3600000,129600000,13.680000000000001
24,0.5767695704947259,0.5231094979433636,0.06241784431335131,0.20308559620505987,1800000,3600000,135000000,14.250000000000002
25,0.582805062735093,0.5187867339369123,0.06277946943431062,0.20240977121845113,1800000,3600000,140400000,14.820000000000002
26,0.5848710857443933,0.5132712855444045,0.06231789009981341,0.20173619523138275,1800000,3600000,145800000,15.390000000000002
27,0.5884797761567333,0.5081814262411055,0.06185068837549677,0.2010648607596702,1800000,3600000,151200000,15.96
28,0.5913394984576988,0.5120458797519096,0.06263934050467751,0.20039576034403467,1800000,3600000,156600000,16.53
29,0.5911349822515157,0.5132087812264471,0.06232270154199661,0.19972888655002022,1800000,3600000,162000000,17.1
30,0.595125977757495,0.507026143693287,0.06224233249447316,0.1990642319679111,1800000,3600000,167400000,17.67
31,0.5986634183354043,0.49936930338143465,0.060985917322354824,0.19840178921264964,1800000,3600000,172800000,18.240000000000002
32,0.6011621646931959,0.5011288842716176,0.06098439962831984,0.19774155092375395,1800000,3600000,178200000,18.810000000000002
33,0.6034550755873213,0.5024314238491202,0.061571843930802755,0.1970835097652362,1800000,3600000,183600000,19.380000000000003
34,0.6047213570826696,0.49248488302363036,0.0617427529007735,0.19642765842552126,1800000,3600000,189000000,19.950000000000003
35,0.6066425890957746,0.4981996488582692,0.060437169542166776,0.19577398961736522,1800000,3600000,194400000,20.520000000000003
36,0.6082876088356259,0.4894632592469141,0.060556573131577224,0.19512249607777465,1800000,3600000,199800000,21.090000000000003
37,0.6108256093889025,0.4927606967610502,0.05992448786926835,0.1944731705679257,1800000,3600000,205200000,21.660000000000004
38,0.6137721121748605,0.4871924855716677,0.06137009489357893,0.1938260058730838,1800000,3600000,210600000,22.230000000000004
39,0.6143685946232643,0.4851048730057657,0.06077806449086452,0.1931809948025235,1800000,3600000,216000000,22.800000000000004
40,0.6169319670571354,0.4798233617437348,0.059610121718440774,0.19253813018944846,1800000,3600000,221400000,23.37
41,0.618649248864546,0.47879655386209,0.0604787922180253,0.19189740489091192,1800000,3600000,226800000,23.94
42,0.6201486679977614,0.4803438497635372,0.058561249070838914,0.1912588117877373,1800000,3600000,232200000,24.51
43,0.6224178860045186,0.4757677420653738,0.05953128573953691,0.1906223437844391,1800000,3600000,237600000,25.080000000000002
44,0.626644090486064,0.4742071887112263,0.05684511666811138,0.1899879938091441,1800000,3600000,243000000,25.650000000000002
45,0.62791071646981,0.4728236713683204,0.05871450444152172,0.18935575481351272,1800000,3600000,248400000,26.220000000000002
46,0.6310499788522633,0.467903791014494,0.05770948483801287,0.1887256197726607,1800000,3600000,253800000,26.790000000000003
47,0.6275620186886297,0.4725724937287956,0.057582886817287966,0.1880975816850811,1800000,3600000,259200000,27.360000000000003
48,0.634045269095517,0.4669372920950325,0.05771739113049633,0.1874716335725665,1800000,3600000,264600000,27.930000000000003
49,0.6367898446115453,0.4673304831532854,0.058408276679704454,0.18684776848013143,1800000,3600000,270000000,28.500000000000004
50,0.636465981404859,0.4667251117172504,0.05662642802584353,0.1862259794759351,1800000,3600000,275400000,29.070000000000004
51,0.6406145152622664,0.4598091666379327,0.05599727023366803,0.18560625965120442,1800000,3600000,280800000,29.640000000000004
52,0.6383594872929813,0.4613140355379446,0.0561061357461117,0.18498860212015716,1800000,3600000,286200000,30.210000000000004
53,0.6435446870867981,0.4546670273914073,0.05621274613603445,0.18437300001992551,1800000,3600000,291600000,30.780000000000005
54,0.6431813340694408,0.46043383645404073,0.0571340927280611,0.18375944651047985,1800000,3600000,297000000,31.350000000000005
55,0.6441083192756227,0.4574814829420287,0.05621185375815599,0.1831479347745526,1800000,3600000,302400000,31.92
56,0.6469691828841073,0.45689531290876034,0.05580707557934574,0.18253845801756263,1800000,3600000,307800000,32.49
57,0.6486633770679779,0.4503267518614592,0.05708873519140254,0.1819310094675397,1800000,3600000,313200000,33.06
58,0.6494548780367242,0.4572419690612103,0.05612153504522831,0.18132558237504928,1800000,3600000,318600000,33.63
59,0.6491793056581404,0.4444897458639096,0.05568142569239134,0.18072217001311738,1800000,3600000,324000000,34.2
60,0.6511169161575596,0.4458266893786577,0.054668501300427476,0.18012076567715601,1800000,3600000,329400000,34.77
61,0.6556889318775552,0.4370613916036035,0.05718300305119984,0.1795213626848886,1800000,3600000,334800000,35.34
62,0.6566955099889212,0.4433653843849935,0.054546850099200656,0.17892395437627573,1800000,3600000,340200000,35.910000000000004
63,0.6541048719256685,0.4453206081802495,0.053488762783281595,0.17832853411344116,1800000,3600000,345600000,36.480000000000004
64,0.6627654842285381,0.43896455129479733,0.05631211342807527,0.17773509528059805,1800000,3600000,351000000,37.050000000000004
65,0.658608747750319,0.4382170725873369,0.053342079704532995,0.17714363128397553,1800000,3600000,356400000,37.620000000000005
66,0.6620998285659953,0.4431748074360775,0.05341773602129928,0.17655413555174526,1800000,3600000,361800000,38.190000000000005
67,0.6657467894320956,0.43608704136630005,0.05338972175010453,0.17596660153394866,1800000,3600000,367200000,38.760000000000005
68,0.6640933465909429,0.43596877479393975,0.05371087610659065,0.1753810227024239,1800000,3600000,372600000,39.330000000000005
69,0.6636727249979916,0.43183959746190226,0.052919249229053736,0.17479739255073348,1800000,3600000,378000000,39.900000000000006
70,0.6687384847214768,0.4277411119803053,0.05307124739864129,0.17421570459409197,1800000,3600000,383400000,40.470000000000006
71,0.6684034948407771,0.4277058423820871,0.05153301383398646,0.17363595236929383,1800000,3600000,388800000,41.040000000000006
72,0.6672336651895143,0.4329480016319763,0.050695108215383394,0.17305812943464177,1800000,3600000,394200000,41.61000000000001
73,0.6704224060575437,0.42993106612125176,0.05253930137313325,0.17248222936987492,1800000,3600000,399600000,42.18000000000001
74,0.6709530134238074,0.4231375376426095,0.05150601011860132,0.1719082457760978,1800000,3600000,405000000,42.75000000000001
75,0.6742846339781977,0.42252577240684636,0.05398228033831845,0.17133617227570908,1800000,3600000,410400000,43.32000000000001
76,0.6741089633233452,0.4183341750697562,0.05086022376849165,0.17076600251233054,1800000,3600000,415800000,43.89000000000001
77,0.676698103074407,0.4249031369670837,0.05054939943714085,0.17019773015073678,1800000,3600000,421200000,44.46000000000001
78,0.6742427852294282,0.4268072823226526,0.051344812213163164,0.16963134887678458,1800000,3600000,426600000,45.03000000000001
79,0.6795453556622079,0.41828420342215644,0.053927245622145764,0.16906685239734287,1800000,3600000,432000000,45.60000000000001
80,0.6813239546324054,0.4183936044679026,0.04926407157643236,0.16850423444022272,1800000,3600000,437400000,46.17
81,0.6824731832468113,0.419552085809659,0.05000197437203468,0.1679434887541077,1800000,3600000,442800000,46.74
82,0.6814442299821135,0.41312162509009304,0.052020022800820166,0.16738460910848446,1800000,3600000,448200000,47.31
83,0.6819874834214804,0.4190123575306265,0.04984318179068149,0.16682758929357333,1800000,3600000,453600000,47.88
84,0.6848806182242805,0.41794030402794663,0.05016828503242715,0.1662724231202596,1800000,3600000,459000000,48.45
85,0.6823910893532971,0.4148527383876034,0.048970480274777906,0.1657191044200245,1800000,3600000,464400000,49.02
86,0.6860649128392861,0.4151342347425198,0.04997025251643368,0.16516762704487678,1800000,3600000,469800000,49.59
87,0.6884226675156025,0.40860799313327906,0.04882164694105649,0.16461798486728435,1800000,3600000,475200000,50.160000000000004
88,0.688314697676118,0.4145771096568887,0.04934527372489673,0.16407017178010627,1800000,3600000,480600000,50.730000000000004
89,0.6872356689602036,0.4142604285034326,0.048549116441435676,0.16352418169652483,1800000,3600000,486000000,51.300000000000004
90,0.6885558762966784,0.40697360348103,0.04921036855667324,0.16298000854997793,1800000,3600000,491400000,51.870000000000005
91,0.6925921097005405,0.41099303433332784,0.04843618228607394,0.16243764629409166,1800000,3600000,496800000,52.440000000000005
92,0.6907497660537568,0.406784727965829,0.0469203594443345,0.16189708890261317,1800000,3600000,502200000,53.010000000000005
93,0.6912991229173844,0.406989013318728,0.04928149274062096,0.16135833036934363,1800000,3600000,507600000,53.580000000000005
94,0.6939279083305646,0.4076749223550996,0.04759805826545152,0.1608213647080716,1800000,3600000,513000000,54.150000000000006
95,0.6950524884456005,0.4070539558979037,0.049443190535130084,0.16028618595250646,1800000,3600000,518400000,54.720000000000006
96,0.6932142769288019,0.408106669934963,0.04777020035763313,0.159752788156212,1800000,3600000,523800000,55.290000000000006
97,0.6980291764626559,0.39963141728815327,0.04778873532814467,0.15922116539254064,1800000,3600000,529200000,55.86000000000001
98,0.6982631357104173,0.40487474697754444,0.047721270169375725,0.15869131175456724,1800000,3600000,534600000,56.43000000000001
99,0.700272273912494,0.39583411149054554,0.047821657317415035,0.15816322135502375,1800000,3600000,540000000,57.00000000000001
100,0.7008918573631006,0.3981955853033392,0.048527225953532475,0.15763688832623365,1800000,3600000,545400000,57.57000000000001
101,0.699711045253779,0.4061053018579782,0.04679202739009762,0.1571123068200467,1800000,3600000,550800000,58.14000000000001
102,0.7011532197856716,0.40168771915291684,0.04585805879411548,0.15658947100777412,1800000,3600000,556200000,58.71000000000001
103,0.7031450829291439,0.39793866040364534,0.04503340536002527,0.1560683750801238,1800000,3600000,561600000,59.28000000000001
104,0.7047978403051294,0.39802687625573396,0.045493150956825205,0.1555490132471355,1800000,3600000,567000000,59.85000000000001
105,0.7021219190003424,0.4023802859533138,0.04593792466083808,0.15503137973811695,1800000,3600000,572400000,60.42000000000001
106,0.7062676241528602,0.3946733993471789,0.044205696844125286,0.15451546880157935,1800000,3600000,577800000,60.99000000000001
107,0.7013190243374222,0.4000635654282098,0.0451456157074142,0.15400127470517364,1800000,3600000,583200000,61.56000000000001
108,0.7057264260894095,0.39822211014048686,0.04589485261274417,0.15348879173562682,1800000,3600000,588600000,62.13000000000001
109,0.7058937478616647,0.392685784983244,0.04498239679211856,0.1529780141986784,1800000,3600000,594000000,62.70000000000001
110,0.7060665000529889,0.39257227835217745,0.046152046044504555,0.15246893641901713,1800000,3600000,599400000,63.27000000000001
111,0.7072577317704397,0.38813788939994365,0.04499735429341206,0.15196155274021803,1800000,3600000,604800000,63.84
112,0.7091627103004615,0.3878561609092082,0.04592225795729603,0.1514558575246794,1800000,3600000,610200000,64.41000000000001
113,0.7087646716671328,0.39302518435973693,0.04307953281528417,0.1509518451535604,1800000,3600000,615600000,64.98
114,0.7116945355351626,0.3870157876617756,0.04606582187811713,0.15044951002671828,1800000,3600000,621000000,65.55000000000001
115,0.71218487599138,0.3848681692683307,0.042493976922701474,0.14994884656264654,1800000,3600000,626400000,66.12
116,0.712592911013481,0.3853004425543086,0.0442749888836553,0.14944984919841262,1800000,3600000,631800000,66.69000000000001
117,0.7123354950355422,0.3812447649930615,0.0436015920980888,0.14895251238959623,1800000,3600000,637200000,67.26
118,0.7137874661367639,0.3857173470092321,0.04434059598681063,0.1484568306102277,1800000,3600000,642600000,67.83000000000001
119,0.7187552760581079,0.37776731832103083,0.04424899149863955,0.14796279835272666,1800000,3600000,648000000,68.4
120,0.7144795787941629,0.3870881680449481,0.04227545303666511,0.14747041012784065,1800000,3600000,653400000,68.97000000000001
121,0.7139739106032582,0.3878491301583671,0.043894741794559496,0.14697966046458436,1800000,3600000,658800000,69.54
122,0.7161593091521524,0.3813531982995118,0.0423034722417284,0.14649054391017868,1800000,3600000,664200000,70.11000000000001
123,0.7160990208049786,0.3782880356994134,0.04286177647634538,0.14600305502999028,1800000,3600000,669600000,70.68
124,0.7148296037149536,0.3843681321522107,0.04255425437508143,0.14551718840747094,1800000,3600000,675000000,71.25000000000001
125,0.716693635764214,0.3825560165447217,0.04146405354533268,0.14503293864409764,1800000,3600000,680400000,71.82000000000001
126,0.7177489915022014,0.38097572010476416,0.041970584308963055,0.1445503003593125,1800000,3600000,685800000,72.39000000000001
127,0.7159672572981155,0.38696575187448196,0.041456466018362594,0.14406926819046292,1800000,3600000,691200000,72.96000000000001
128,0.7191162903147315,0.3850159902028827,0.04198969364204652,0.14358983679274215,1800000,3600000,696600000,73.53
129,0.7191224311716146,0.3788901777043071,0.04175796182733631,0.14311200083912964,1800000,3600000,702000000,74.10000000000001
130,0.7204673335394218,0.3779910184031647,0.04211398865129622,0.14263575502033213,1800000,3600000,707400000,74.67
131,0.7206230677802596,0.37654054710476165,0.04123560866311143,0.14216109404472455,1800000,3600000,712800000,75.24000000000001
132,0.7215566370190029,0.3752917703925377,0.04128624147065858,0.14168801263829112,1800000,3600000,718200000,75.81
133,0.7212833138199326,0.37927538348191175,0.04233174322653203,0.14121650554456688,1800000,3600000,723600000,76.38000000000001
134,0.7225906985133621,0.37413232069205765,0.0410178867776633,0.14074656752457937,1800000,3600000,729000000,76.95
135,0.7202826554115178,0.37967585456423497,0.04217584675074061,0.14027819335679012,1800000,3600000,734400000,77.52000000000001
136,0.7245649232555729,0.37509652229989127,0.040216510460363335,0.13981137783703693,1800000,3600000,739800000,78.09
137,0.7240857617823224,0.37576818534778955,0.04020776702389912,0.13934611577847586,1800000,3600000,745200000,78.66000000000001
138,0.7240379872047777,0.3735702133562303,0.040814534882158596,0.13888240201152371,1800000,3600000,750600000,79.23
139,0.7237291339436982,0.37403322227235375,0.04137845915424344,0.13842023138380052,1800000,3600000,756000000,79.80000000000001
140,0.7255983487022074,0.3694441185678005,0.040642971484515,0.13795959876007233,1800000,3600000,761400000,80.37
141,0.7257259458701595,0.3735782779086511,0.04090371079066825,0.13750049902219416,1800000,3600000,766800000,80.94000000000001
142,0.7255882430901489,0.3733175918389884,0.04037619698838759,0.13704292706905308,1800000,3600000,772200000,81.51
143,0.7234023801622326,0.37870515177612407,0.0396116711228464,0.13658687781651155,1800000,3600000,777600000,82.08000000000001
144,0.7282651860275601,0.37926625200575387,0.04062042022453973,0.13613234619735098,1800000,3600000,783000000,82.65
145,0.7258204221325185,0.3781914268644626,0.03909312488266246,0.1356793271612154,1800000,3600000,788400000,83.22000000000001
146,0.7273104259329389,0.3714243745724317,0.03943188031102387,0.1352278156745552,1800000,3600000,793800000,83.79
147,0.7257793834153554,0.3737702225297548,0.0371824453910136,0.13477780672057155,1800000,3600000,799200000,84.36000000000001
148,0.7266318916244918,0.3700953920905741,0.037848507093571924,0.13432929529916027,1800000,3600000,804600000,84.93
149,0.728331878051553,0.37376345929913485,0.03892477203545957,0.13388227642685652,1800000,3600000,810000000,85.50000000000001
150,0.7290024583144049,0.3713284483552704,0.038863892911260765,0.13343674513677936,1800000,3600000,815400000,86.07000000000001
151,0.7277173933623926,0.37121768461483684,0.036806503239389866,0.1329926964785765,1800000,3600000,820800000,86.64000000000001
152,0.7297411435458138,0.3701437133765494,0.03786812557228101,0.13255012551836945,1800000,3600000,826200000,87.21000000000001
153,0.7308235639447441,0.37166282410510293,0.038091366109108495,0.1321090273386985,1800000,3600000,831600000,87.78000000000002
154,0.733021960408408,0.36889265469037685,0.03751413489946851,0.13166939703846825,1800000,3600000,837000000,88.35000000000001
155,0.731367431679088,0.3755350549157205,0.038118220384131575,0.13123122973289303,1800000,3600000,842400000,88.92000000000002
156,0.7318098964096559,0.3684778162776767,0.036954742906270516,0.13079452055344276,1800000,3600000,847800000,89.49000000000001
157,0.7306044621087421,0.368805952638465,0.03732371568602705,0.13035926464778871,1800000,3600000,853200000,90.06000000000002
158,0.7335611706628776,0.36824499832604424,0.03714772419812234,0.12992545717974963,1800000,3600000,858600000,90.63000000000001
159,0.7321320260844246,0.36580400117131506,0.036391007009220905,0.12949309332923814,1800000,3600000,864000000,91.20000000000002
160,0.7330383704456886,0.36774288036495395,0.03710901744701937,0.129062168292207,1800000,3600000,869400000,91.77000000000001
161,0.7331455205925812,0.36620907052532814,0.036564192477648076,0.1286326772805958,1800000,3600000,874800000,92.34
162,0.7332040872242475,0.36086716040680583,0.036537816462343164,0.12820461552227772,1800000,3600000,880200000,92.91000000000001
163,0.7331817635655709,0.3672863042316695,0.03690567895847668,0.12777797826100667,1800000,3600000,885600000,93.48
164,0.7353818243562185,0.3647825457128237,0.03674576684305799,0.12735276075636423,1800000,3600000,891000000,94.05000000000001
165,0.7334351046642861,0.36694805562025784,0.037782630940019726,0.12692895828370707,1800000,3600000,896400000,94.62
166,0.734228944004326,0.36944429442451887,0.03656786227722841,0.12650656613411448,1800000,3600000,901800000,95.19000000000001
167,0.7361764418225313,0.3615189608977604,0.0351691769776042,0.12608557961433597,1800000,3600000,907200000,95.76
168,0.7383609137472624,0.3613815611263198,0.0361959330415636,0.12566599404673928,1800000,3600000,912600000,96.33000000000001
169,0.7358160553087035,0.3660532945443249,0.03672785306581176,0.12524780476925818,1800000,3600000,918000000,96.9
170,0.7356902544409137,0.36202420717785616,0.03687397165224302,0.12483100713534084,1800000,3600000,923400000,97.47000000000001
171,0.735796182629431,0.35788756975724406,0.034620964506501935,0.12441559651389816,1800000,3600000,928800000,98.04
172,0.7354394252507213,0.36212196444378836,0.03432206093397936,0.12400156828925231,1800000,3600000,934200000,98.61000000000001
173,0.7390258903648113,0.36071571241171324,0.03396660785950634,0.12358891786108542,1800000,3600000,939600000,99.18
174,0.7353100658327392,0.3700663017807594,0.034985310280956965,0.12317764064438845,1800000,3600000,945000000,99.75000000000001
175,0.7394253798076149,0.35808324867168634,0.033793885960243006,0.12276773206941036,1800000,3600000,950400000,100.32000000000001
176,0.737271490928286,0.35917412482810634,0.03463025638719505,0.1223591875816072,1800000,3600000,955800000,100.89000000000001
177,0.7392065331781023,0.35917663583594805,0.03294627861398494,0.12195200264159156,1800000,3600000,961200000,101.46000000000001
178,0.7379033824964499,0.35920391800561413,0.03437645433132829,0.12154617272508213,1800000,3600000,966600000,102.03000000000002
179,0.739199433497826,0.36215108285302,0.034299096085223454,0.12114169332285347,1800000,3600000,972000000,102.60000000000001
180,0.7385152876812705,0.36541370971171855,0.0339459619301291,0.12073855994068583,1800000,3600000,977400000,103.17000000000002
181,0.7385280421045985,0.36495901695084376,0.03332218846276276,0.12033676809931522,1800000,3600000,982800000,103.74000000000001
182,0.7407098595301902,0.3606324313167081,0.032989654586691695,0.11993631333438377,1800000,3600000,988200000,104.31000000000002
183,0.7400065142726817,0.35674910726944176,0.03335221857551807,0.11953719119638996,1800000,3600000,993600000,104.88000000000001
184,0.7384027711807433,0.36944596442174327,0.032689381751173904,0.11913939725063923,1800000,3600000,999000000,105.45000000000002
185,0.740071306341747,0.3561503772373862,0.0336667781790501,0.11874292707719478,1800000,3600000,1004400000,106.02000000000001
186,0.7410081979341355,0.36258042474931856,0.031652632353211065,0.11834777627082839,1800000,3600000,1009800000,106.59000000000002
187,0.7427745823567607,0.3551567961051015,0.03172599138490481,0.11795394044097147,1800000,3600000,1015200000,107.16000000000001
188,0.7410248763619453,0.36449937427820067,0.034129374272492234,0.11756141521166627,1800000,3600000,1020600000,107.73000000000002
189,0.7431125076280387,0.35895044222673084,0.032396877942397,0.11717019622151738,1800000,3600000,1026000000,108.30000000000001
190,0.7432625441263001,0.36116977513429627,0.03214029097360906,0.11678027912364307,1800000,3600000,1031400000,108.87000000000002
191,0.7394926414147808,0.3593196346039451,0.032132458942014504,0.11639165958562711,1800000,3600000,1036800000,109.44000000000001
192,0.7402677052839527,0.36019192172322984,0.031219019087502697,0.11600433328947068,1800000,3600000,1042200000,110.01
193,0.745449649308502,0.349954292010447,0.03202591900373866,0.11561829593154425,1800000,3600000,1047600000,110.58000000000001
194,0.7433632182846648,0.3579143939983007,0.032171289189492504,0.11523354322253988,1800000,3600000,1053000000,111.15
195,0.7408151858637362,0.35998773963384867,0.032882209786745734,0.11485007088742354,1800000,3600000,1058400000,111.72000000000001
196,0.7422664052439386,0.3537861459574461,0.0315053124967753,0.11446787466538752,1800000,3600000,1063800000,112.29
197,0.7446074062122543,0.35630298874148336,0.031182099184470027,0.11408695030980319,1800000,3600000,1069200000,112.86000000000001
198,0.7468154376938962,0.35681500936998584,0.03184358699320127,0.11370729358817382,1800000,3600000,1074600000,113.43
199,0.7444794784733371,0.3578830642486617,0.03106851592165702,0.1133289002820875,1800000,3600000,1080000000,114.00000000000001
200,0.7455597154423725,0.3579065132147221,0.031577222088897905,0.11295176618717025,1800000,3600000,1085400000,114.57000000000001
201,0.7460247477440987,0.35578047363180004,0.03035000754716553,0.11257588711303934,1800000,3600000,1090800000,115.14000000000001
202,0.7444269343789156,0.35304580871740526,0.031057792509942353,0.11220125888325679,1800000,3600000,1096200000,115.71000000000001
203,0.7446934494556091,0.356655721115162,0.03271534645632899,0.11182787733528282,1800000,3600000,1101600000,116.28000000000002
204,0.743385888564224,0.3609044514396708,0.03265863978224306,0.1114557383204297,1800000,3600000,1107000000,116.85000000000001
205,0.7455633047654138,0.35780007995032603,0.03222465906900113,0.11108483770381573,1800000,3600000,1112400000,117.42000000000002
206,0.744336182478596,0.35651979457978267,0.031322168666096835,0.11071517136431909,1800000,3600000,1117800000,117.99000000000001
207,0.7455658318331088,0.3597641381078114,0.03086019704257446,0.11034673519453223,1800000,3600000,1123200000,118.56000000000002
208,0.7499403098127523,0.3450791219638969,0.030692115699319605,0.10997952510071608,1800000,3600000,1128600000,119.13000000000001
209,0.7452739359045875,0.354453599541217,0.029283243493531085,0.10961353700275477,1800000,3600000,1134000000,119.70000000000002
210,0.7466473615961866,0.3558935196793201,0.02936656624067869,0.1092487668341101,1800000,3600000,1139400000,120.27000000000001
211,0.745606013553282,0.35640225129805453,0.0287207662671361,0.10888521054177641,1800000,3600000,1144800000,120.84000000000002
212,0.7463347785116825,0.3535296058368825,0.02857511731321261,0.10852286408623565,1800000,3600000,1150200000,121.41000000000001
213,0.7448458286264559,0.35719029428640153,0.03058331748529727,0.10816172344141232,1800000,3600000,1155600000,121.98000000000002
214,0.7452642525844909,0.35380040168086646,0.029959315269823837,0.1078017845946289,1800000,3600000,1161000000,122.55000000000001
215,0.746705529060891,0.3525706965816764,0.030733985263066473,0.10744304354656116,1800000,3600000,1166400000,123.12000000000002
216,0.7465181126092822,0.35231862672803577,0.028988894037337783,0.10708549631119377,1800000,3600000,1171800000,123.69000000000001
217,0.7443688668302858,0.35335713971734145,0.027503157730661597,0.10672913891577596,1800000,3600000,1177200000,124.26000000000002
218,0.7473820214252802,0.3532967636952187,0.02863934383428281,0.1063739674007775,1800000,3600000,1182600000,124.83000000000001
219,0.7466284738079236,0.3530011621941913,0.03089209004853162,0.10601997781984454,1800000,3600000,1188000000,125.40000000000002
220,0.7456550586682907,0.35586110245234404,0.029158417423730917,0.10566716623975587,1800000,3600000,1193400000,125.97000000000001
221,0.7477274937357087,0.35325184521862946,0.02991456565494674,0.10531552874037918,1800000,3600000,1198800000,126.54000000000002
222,0.748104101669743,0.34925035547274297,0.029353579263103082,0.10496506141462757,1800000,3600000,1204200000,127.11000000000001
223,0.7449809390076836,0.3559234300672597,0.028098812914557087,0.10461576036841601,1800000,3600000,1209600000,127.68
224,0.7464584725325646,0.3498315279453187,0.030156623396413503,0.10426762172061814,1800000,3600000,1215000000,128.25
225,0.7451037646641941,0.35209793124371225,0.027118234290468876,0.10392064160302324,1800000,3600000,1220400000,128.82000000000002
226,0.745150851115798,0.35152544159394783,0.028848713068829017,0.10357481616029306,1800000,3600000,1225800000,129.39000000000001
227,0.7445861633577489,0.3578747082543224,0.028693967538141095,0.10323014154991914,1800000,3600000,1231200000,129.96
228,0.7452248837776281,0.35346790331127464,0.026971988853928222,0.10288661394218003,1800000,3600000,1236600000,130.53
229,0.744734986303462,0.3565943297405207,0.027459739110766105,0.10254422952009878,1800000,3600000,1242000000,131.10000000000002
230,0.7454786351109712,0.35213526313767085,0.0293035969962807,0.10220298447940052,1800000,3600000,1247400000,131.67000000000002
231,0.7447279793736341,0.3558066673538255,0.028462570371734854,0.10186287502847018,1800000,3600000,1252800000,132.24
232,0.744518363550858,0.3556336121457722,0.02527011569022725,0.10152389738831034,1800000,3600000,1258200000,132.81
233,0.7479467256294807,0.35267428826915054,0.02786850792283315,0.1011860477924993,1800000,3600000,1263600000,133.38000000000002
234,0.7444711831823674,0.35338984851792943,0.02714452349811741,0.10084932248714917,1800000,3600000,1269000000,133.95000000000002
235,0.7459734111537794,0.35398917865620894,0.02668675949808667,0.10051371773086425,1800000,3600000,1274400000,134.52
236,0.7473819258641767,0.3558528041079002,0.026657301829680718,0.1001792297946993,1800000,3600000,1279800000,135.09
237,0.7476276334559684,0.3575617417027382,0.027087487466092058,0.09984585496211829,1800000,3600000,1285200000,135.66000000000003
238,0.7470090063173428,0.35373934707248805,0.0275126604104877,0.09951358952895295,1800000,3600000,1290600000,136.23000000000002
239,0.7429630354033734,0.35192204039023245,0.026115645792787284,0.09918242980336175,1800000,3600000,1296000000,136.8
240,0.7429757065727401,0.3596167713641714,0.02755517192538564,0.09885237210578875,1800000,3600000,1301400000,137.37
241,0.7470277638937595,0.3585898495308594,0.026993923371826253,0.09852341276892282,1800000,3600000,1306800000,137.94000000000003
242,0.74569862019474,0.352582773774737,0.026601419968163915,0.09819554813765684,1800000,3600000,1312200000,138.51000000000002
243,0.7491445827308835,0.3497767247702461,0.02693439501102892,0.09786877456904704,1800000,3600000,1317600000,139.08
244,0.7469388000288135,0.3465650552755895,0.02584344545116689,0.09754308843227269,1800000,3600000,1323000000,139.65
245,0.7479227295189049,0.35079058033065974,0.025187298700298347,0.09721848610859557,1800000,3600000,1328400000,140.22000000000003
246,0.7466500960001362,0.35870088058054045,0.027710208124934264,0.09689496399131985,1800000,3600000,1333800000,140.79000000000002
247,0.7474628853473311,0.3529532518253551,0.026508136109207513,0.09657251848575199,1800000,3600000,1339200000,141.36
248,0.7470406512417119,0.3561122483548915,0.025096281754046997,0.09625114600916085,1800000,3600000,1344600000,141.93
249,0.7442113027802277,0.3585038221828111,0.0273269812362653,0.09593084299073784,1800000,3600000,1350000000,142.50000000000003
250,0.7478694523284889,0.358350122268325,0.025778483967389212,0.0956116058715572,1800000,3600000,1355400000,143.07000000000002
251,0.7447586026168799,0.3528551038080275,0.026829067845041438,0.0952934311045366,1800000,3600000,1360800000,143.64000000000001
252,0.7456372422289483,0.3538876216203711,0.026192326358246545,0.09497631515439754,1800000,3600000,1366200000,144.21
253,0.7464097199282996,0.35165071829889477,0.02452792939297798,0.0946602544976262,1800000,3600000,1371600000,144.78000000000003
254,0.7490361493859624,0.35483321405661955,0.025680613604967595,0.09434524562243425,1800000,3600000,1377000000,145.35000000000002
255,0.7463596692737895,0.35715485024551863,0.026623075635318447,0.09403128502871988,1800000,3600000,1382400000,145.92000000000002
256,0.7462842606658382,0.3522045224817464,0.02523366088908517,0.09371836922802874,1800000,3600000,1387800000,146.49
257,0.7488704091717805,0.34845486121822816,0.025231238797832893,0.09340649474351545,1800000,3600000,1393200000,147.06
258,0.7457261146098491,0.35201788558249775,0.02408938159790209,0.09309565810990474,1800000,3600000,1398600000,147.63000000000002
259,0.7462820740634456,0.35154791958775544,0.024473202781281102,0.09278585587345302,1800000,3600000,1404000000,148.20000000000002
260,0.7477827206383613,0.3503646489326279,0.023625028991092627,0.09247708459191002,1800000,3600000,1409400000,148.77
261,0.7465047704537622,0.3501868576290963,0.025741319313708395,0.09216934083448058,1800000,3600000,1414800000,149.34
262,0.7439514444278771,0.354656322630293,0.024523328753908495,0.09186262118178642,1800000,3600000,1420200000,149.91000000000003
263,0.7447092008912604,0.36037023717680966,0.02422161116698034,0.09155692222582827,1800000,3600000,1425600000,150.48000000000002
264,0.7447020411026517,0.36073269838640976,0.0251007157536156,0.0912522405699479,1800000,3600000,1431000000,151.05
265,0.7479343819694579,0.35205009971784595,0.024700156275175248,0.09094857282879044,1800000,3600000,1436400000,151.62
266,0.7448225332399688,0.35934214052008806,0.023566207593664488,0.09064591562826678,1800000,3600000,1441800000,152.19000000000003
267,0.7457690657546834,0.35053132130859965,0.02431122410584429,0.090344265605516,1800000,3600000,1447200000,152.76000000000002
268,0.7461313389121935,0.35909481050789865,0.02293396934581616,0.0900436194088681,1800000,3600000,1452600000,153.33
269,0.7467971216947473,0.35363200814595974,0.025609370762933844,0.08974397369780665,1800000,3600000,1458000000,153.9
270,0.7459294619876424,0.35262208319503063,0.022844721428902388,0.08944532514293181,1800000,3600000,1463400000,154.47000000000003
271,0.743392678709407,0.35444173742398494,0.02495353456514634,0.08914767042592323,1800000,3600000,1468800000,155.04000000000002
272,0.7448072769204216,0.35831401513439604,0.023094511251935946,0.08885100623950319,1800000,3600000,1474200000,155.61
273,0.74590253110658,0.35335127864396254,0.023518681962080915,0.08855532928739991,1800000,3600000,1479600000,156.18
274,0.7456841985071444,0.3531466309703594,0.02367528145167806,0.08826063628431091,1800000,3600000,1485000000,156.75000000000003
275,0.7476189253106585,0.35309041500129845,0.022951780834514796,0.08796692395586642,1800000,3600000,1490400000,157.32000000000002
276,0.7475759709873795,0.3569887685951835,0.022709906541093162,0.08767418903859311,1800000,3600000,1495800000,157.89000000000001
277,0.7468203748775722,0.3581960977818718,0.023018672693741513,0.0873824282798778,1800000,3600000,1501200000,158.46
278,0.7454486539310456,0.3567926923125896,0.023186792517540706,0.08709163843793126,1800000,3600000,1506600000,159.03000000000003
279,0.7455958286585318,0.3512243838499024,0.02344282480768706,0.08680181628175224,1800000,3600000,1512000000,159.60000000000002
280,0.7466417047379056,0.34716326471474696,0.022283629635738485,0.08651295859109161,1800000,3600000,1517400000,160.17000000000002
281,0.7441313392573731,0.35668743501615097,0.021956828720327944,0.0862250621564165,1800000,3600000,1522800000,160.74
282,0.7471941244337381,0.35021174213375683,0.021723648640284796,0.08593812377887465,1800000,3600000,1528200000,161.31000000000003
283,0.7458976778447701,0.3566625201894332,0.022465868557846127,0.08565214027025891,1800000,3600000,1533600000,161.88000000000002
284,0.7456116388190754,0.3556471747046682,0.021793094222822426,0.08536710845297184,1800000,3600000,1539000000,162.45000000000002
285,0.7472761667039998,0.3550343911819734,0.02253528893248372,0.08508302515999028,1800000,3600000,1544400000,163.02
286,0.7435019018916081,0.35513392307958047,0.025035523888922703,0.08479988723483026,1800000,3600000,1549800000,163.59000000000003
287,0.74474691430758,0.35359516859751217,0.021993022391494702,0.08451769153151197,1800000,3600000,1555200000,164.16000000000003
288,0.7451045701710821,0.35804461940696186,0.0206384856211233,0.08423643491452465,1800000,3600000,1560600000,164.73000000000002
289,0.7459909630163386,0.3515282109944377,0.021705371991460415,0.08395611425879189,1800000,3600000,1566000000,165.3
290,0.7468383318677638,0.3534993411814549,0.021602941420767893,0.08367672644963688,1800000,3600000,1571400000,165.87
291,0.7470590646196471,0.3552898204820187,0.01951107850172748,0.08339826838274775,1800000,3600000,1576800000,166.44000000000003
292,0.74616938070325,0.34948268731640614,0.0222166522216527,0.08312073696414307,1800000,3600000,1582200000,167.01000000000002
293,0.7449150118255887,0.3596881382058502,0.022031628012791918,0.08284412911013761,1800000,3600000,1587600000,167.58
294,0.7470581722271927,0.35108984612478206,0.02006942305182647,0.0825684417473079,1800000,3600000,1593000000,168.15
295,0.7458379848103959,0.35460168057268354,0.024305913898863895,0.08229367181245818,1800000,3600000,1598400000,168.72000000000003
296,0.7457189531695511,0.3557690298709328,0.02246488046769132,0.08201981625258635,1800000,3600000,1603800000,169.29000000000002
297,0.7429114826640837,0.3581760030763436,0.022219081802286,0.08174687202485005,1800000,3600000,1609200000,169.86
298,0.7484511300977758,0.3525043911718189,0.020332169715186987,0.08147483609653282,1800000,3600000,1614600000,170.43
299,0.7445667352844264,0.3555047808671612,0.020607489029097602,0.08120370544501043,1800000,3600000,1620000000,171.00000000000003
300,0.7483260733337632,0.35158198464329204,0.019904327868210753,0.08093347705771732,1800000,3600000,1625400000,171.57000000000002
301,0.7467600142680053,0.3516203949872061,0.021236410601552767,0.08066414793211302,1800000,3600000,1630800000,172.14000000000001
302,0.7476064450021779,0.34209706582263494,0.02126266741683494,0.080395715075649,1800000,3600000,1636200000,172.71
303,0.7451530211822379,0.3552113698120991,0.019746449652424447,0.08012817550573513,1800000,3600000,1641600000,173.28000000000003
304,0.7485690761917515,0.35062012788109015,0.018508854325557392,0.0798615262497068,1800000,3600000,1647000000,173.85000000000002
305,0.746101160067098,0.3583065668337314,0.02159537302935494,0.07959576434479178,1800000,3600000,1652400000,174.42000000000002
306,0.7478772373732941,0.35148975297627855,0.01827592239570747,0.07933088683807722,1800000,3600000,1657800000,174.99
307,0.7479626011075761,0.3524922365959043,0.019470456408780288,0.07906689078647704,1800000,3600000,1663200000,175.56000000000003
308,0.745238429835695,0.3538098824097478,0.019996307466198463,0.07880377325669904,1800000,3600000,1668600000,176.13000000000002
309,0.7471619836729464,0.3516093304762656,0.019028928834740735,0.07854153132521242,1800000,3600000,1674000000,176.70000000000002
310,0.7481219315228411,0.34943448132356575,0.020098920569775833,0.07828016207821521,1800000,3600000,1679400000,177.27
311,0.7433244969374838,0.3539172726386345,0.019507430738003553,0.07801966261160202,1800000,3600000,1684800000,177.84000000000003
312,0.7448114765425788,0.3601862778295361,0.019806787224003256,0.07776003003093164,1800000,3600000,1690200000,178.41000000000003
313,0.7467307200493212,0.35210877006152425,0.021282790947887476,0.07750126145139492,1800000,3600000,1695600000,178.98000000000002
314,0.7449650213918082,0.3597667588083024,0.021675638558425497,0.07724335399778277,1800000,3600000,1701000000,179.55
315,0.7443340567695349,0.35136959468560985,0.01948741357300404,0.07698630480445418,1800000,3600000,1706400000,180.12000000000003
316,0.7489017238219393,0.3475948895601029,0.020209081857330065,0.07673011101530436,1800000,3600000,1711800000,180.69000000000003
317,0.7455213359970235,0.3574384647492177,0.021052552579851773,0.07647476978373298,1800000,3600000,1717200000,181.26000000000002
318,0.7471107398447434,0.3547408906602383,0.01983824296279688,0.07622027827261263,1800000,3600000,1722600000,181.83
319,0.7422418802493019,0.3531436065196303,0.019872507216418894,0.07596663365425728,1800000,3600000,1728000000,182.40000000000003
320,0.7464227219618788,0.3528480940544749,0.019774221811924883,0.07571383311039072,1800000,3600000,1733400000,182.97000000000003
321,0.7430113458295502,0.3581840609296737,0.02021038750760268,0.07546187383211546,1800000,3600000,1738800000,183.54000000000002
322,0.7473748133660675,0.35717661216797525,0.01868203952810916,0.07521075301988138,1800000,3600000,1744200000,184.11
323,0.7452926475661947,0.3575498434985858,0.01849925632630906,0.07496046788345459,1800000,3600000,1749600000,184.68
324,0.7467401352555979,0.3515391526925369,0.01961702711212158,0.0747110156418866,1800000,3600000,1755000000,185.25000000000003
325,0.7449347630809167,0.35342373566753976,0.020453162570460082,0.07446239352348329,1800000,3600000,1760400000,185.82000000000002
326,0.7467769208833597,0.3499796316192736,0.017353298957581836,0.07421459876577408,1800000,3600000,1765800000,186.39000000000001
327,0.7438252596192698,0.35679452082775864,0.019036835124375977,0.07396762861548134,1800000,3600000,1771200000,186.96
328,0.7451362771885331,0.3549741736528284,0.020433862356788707,0.07372148032848977,1800000,3600000,1776600000,187.53000000000003
329,0.7459153940025499,0.3545528176089806,0.019328249614670848,0.07347615116981583,1800000,3600000,1782000000,188.10000000000002
330,0.7459150981432948,0.3513016181019797,0.01933679665808509,0.07323163841357751,1800000,3600000,1787400000,188.67000000000002
331,0.7470788798383127,0.3611386937217704,0.019001544190689695,0.07298793934296385,1800000,3600000,1792800000,189.24
332,0.7468475686137122,0.3498231948801722,0.017521667197784002,0.0727450512502049,1800000,3600000,1798200000,189.81000000000003
333,0.7449945842747073,0.34950639474830547,0.017754619763677978,0.0725029714365416,1800000,3600000,1803600000,190.38000000000002
334,0.7450612394518484,0.35187004888167955,0.01848717423441635,0.07226169721219572,1800000,3600000,1809000000,190.95000000000002
335,0.7464202829005331,0.3559215790445443,0.01826375528335201,0.07202122589634008,1800000,3600000,1814400000,191.52
336,0.7450973714951329,0.351356405592245,0.01867052117109296,0.07178155481706869,1800000,3600000,1819800000,192.09000000000003
337,0.7457480728486985,0.3510755027780817,0.01788464132008204,0.0715426813113671,1800000,3600000,1825200000,192.66000000000003
338,0.7448245943485882,0.3555551264902012,0.01898937984323762,0.07130460272508277,1800000,3600000,1830600000,193.23000000000002
339,0.7437987661349795,0.35698134537477094,0.017932916455341435,0.07106731641289565,1800000,3600000,1836000000,193.8
340,0.7461781363062246,0.35879988956461123,0.01853496550739262,0.0708308197382887,1800000,3600000,1841400000,194.37000000000003
341,0.7467689736405771,0.35145829271772705,0.01845842802134575,0.07059511007351867,1800000,3600000,1846800000,194.94000000000003
342,0.7469236180757616,0.3525266832049857,0.016547879818154868,0.07036018479958688,1800000,3600000,1852200000,195.51000000000002
343,0.7467943996806814,0.35282485390768326,0.01751247152029236,0.07012604130621002,1800000,3600000,1857600000,196.08
344,0.746338009282882,0.3539100462335607,0.016793775554287474,0.06989267699179139,1800000,3600000,1863000000,196.65000000000003
345,0.7489959881879665,0.35453745978376155,0.016459714994084537,0.06966008926339172,1800000,3600000,1868400000,197.22000000000003
346,0.7452007653114592,0.359072150776905,0.01580337311126283,0.06942827553670051,1800000,3600000,1873800000,197.79000000000002
347,0.7460908506233216,0.356004586557726,0.016311784443104087,0.06919723323600736,1800000,3600000,1879200000,198.36
348,0.744977465655538,0.3579507741995416,0.016589344221938227,0.06896695979417317,1800000,3600000,1884600000,198.93000000000004
349,0.7482996149580815,0.3462889882451637,0.020205978222404615,0.06873745265260178,1800000,3600000,1890000000,199.50000000000003
350,0.7490840094410279,0.34591828024503374,0.017322995557156818,0.06850870926121148,1800000,3600000,1895400000,200.07000000000002
351,0.7464886270590155,0.3517391000459378,0.016461430019532933,0.06828072707840671,1800000,3600000,1900800000,200.64000000000001
352,0.7436589370793354,0.3533424334752762,0.017769485574877675,0.06805350357104971,1800000,3600000,1906200000,201.21
353,0.7469635085317564,0.3546043533459904,0.017915682650437532,0.06782703621443252,1800000,3600000,1911600000,201.78000000000003
354,0.7472326520825744,0.35220977358772526,0.015412643162300057,0.06760132249224887,1800000,3600000,1917000000,202.35000000000002
355,0.7443489087637564,0.35553241626613424,0.015264549398852726,0.06737635989656618,1800000,3600000,1922400000,202.92000000000002
356,0.7471374763754682,0.34989855002023046,0.01816991937002228,0.06715214592779772,1800000,3600000,1927800000,203.49
357,0.746947056469931,0.3563660963086384,0.017292161685630875,0.0669286780946749,1800000,3600000,1933200000,204.06000000000003
358,0.7441295216926365,0.35811930989293134,0.017084044238776727,0.06670595391421945,1800000,3600000,1938600000,204.63000000000002
359,0.747370506182366,0.3534857819711053,0.01621078878784868,0.066483970911716,1800000,3600000,1944000000,205.20000000000002
360,0.7464875421736181,0.3568072714355843,0.01654260356172276,0.06626272662068447,1800000,3600000,1949400000,205.77
361,0.7482708185693769,0.35251279628812654,0.01703333412118834,0.06604221858285264,1800000,3600000,1954800000,206.34000000000003
362,0.7458141647777211,0.3519176850334955,0.0163343047972522,0.06582244434812895,1800000,3600000,1960200000,206.91000000000003
363,0.7464671974860363,0.3555478999308185,0.01682925764929485,0.06560340147457523,1800000,3600000,1965600000,207.48000000000002
364,0.7449987031597123,0.3526063144025945,0.017227373291311042,0.06538508752837947,1800000,3600000,1971000000,208.05
365,0.7451718666378887,0.35539500509475014,0.016448239152634842,0.06516750008382895,1800000,3600000,1976400000,208.62000000000003
366,0.7463594256395417,0.3466625346772692,0.01567626306240994,0.06495063672328313,1800000,3600000,1981800000,209.19000000000003
367,0.7435573702665955,0.35492245525123844,0.016399779401499087,0.0647344950371469,1800000,3600000,1987200000,209.76000000000002
368,0.7457934838467973,0.3604120624702185,0.015861170078870508,0.06451907262384375,1800000,3600000,1992600000,210.33
369,0.7441744882604534,0.35301130208762277,0.015481052832706196,0.06430436708978908,1800000,3600000,1998000000,210.90000000000003
370,0.7473800675974333,0.35351341254896207,0.015478794799741387,0.06409037604936363,1800000,3600000,2003400000,211.47000000000003
371,0.7444360765765943,0.35659634968239906,0.015570100319505665,0.063877097124887,1800000,3600000,2008800000,212.04000000000002
372,0.7456540464236927,0.35136373917805364,0.01899672991940576,0.06366452794659114,1800000,3600000,2014200000,212.61
373,0.7440710502411887,0.3604236959827434,0.013502198206532014,0.06345266615259412,1800000,3600000,2019600000,213.18000000000004
374,0.7440696521162726,0.3512314098568594,0.01578132955744457,0.06324150938887384,1800000,3600000,2025000000,213.75000000000003
375,0.7434386534221196,0.35662021744620953,0.016054626060096815,0.06303105530924182,1800000,3600000,2030400000,214.32000000000002
376,0.7464660724960946,0.3521695634544116,0.015270930049115537,0.06282130157531728,1800000,3600000,2035800000,214.89000000000001
377,0.7477901505158355,0.35408816606036303,0.016879380240479438,0.06261224585650099,1800000,3600000,2041200000,215.46000000000004
378,0.7440463641983026,0.35760989750667505,0.015377399392948044,0.06240388582994949,1800000,3600000,2046600000,216.03000000000003
379,0.7460158289619254,0.3554736166184911,0.013871340639342856,0.06219621918054922,1800000,3600000,2052000000,216.60000000000002
380,0.7489669831226718,0.34869563785984375,0.015904246701429415,0.061989243600890837,1800000,3600000,2057400000,217.17000000000002
381,0.7461721741500409,0.3549809426548707,0.016210107399093742,0.06178295679124355,1800000,3600000,2062800000,217.74000000000004
382,0.7461017801284198,0.3531414428222087,0.016762265763531528,0.06157735645952957,1800000,3600000,2068200000,218.31000000000003
383,0.7481429957318879,0.34590500539367136,0.015281870811711422,0.061372440321298655,1800000,3600000,2073600000,218.88000000000002
384,0.7437809860093301,0.3601289863206077,0.016661443155218267,0.06116820609970271,1800000,3600000,2079000000,219.45000000000002
385,0.7455950699162818,0.35230663548239166,0.014303528826258356,0.0609646515254705,1800000,3600000,2084400000,220.02
386,0.7449385154168242,0.353449567763834,0.014471242614860208,0.060761774336882464,1800000,3600000,2089800000,220.59000000000003
387,0.7453618000974028,0.35330005315577784,0.013357293232507216,0.06055957227974552,1800000,3600000,2095200000,221.16000000000003
388,0.7467290967080893,0.3570037600142187,0.013787600735060145,0.06035804310736805,1800000,3600000,2100600000,221.73000000000002
389,0.7453372028035828,0.35915544963037677,0.014158966183262213,0.060157184580534956,1800000,3600000,2106000000,222.3
390,0.7471447265980652,0.3537285994533525,0.015764740179588704,0.05995699446748277,1800000,3600000,2111400000,222.87000000000003
391,0.7428363077710971,0.3564283219280836,0.015464506354783613,0.05975747054387485,1800000,3600000,2116800000,223.44000000000003
392,0.7458149393258177,0.35037441521144613,0.01449163234091571,0.05955861059277665,1800000,3600000,2122200000,224.01000000000002
393,0.7446683388060017,0.36075721502203345,0.01429566787291087,0.0593604124046311,1800000,3600000,2127600000,224.58
394,0.7473364494349809,0.3565156953071817,0.014952723112198635,0.0591628737772341,1800000,3600000,2133000000,225.15000000000003
395,0.7454559509689558,0.35119501576343426,0.013896921121015647,0.05896599251570996,1800000,3600000,2138400000,225.72000000000003
396,0.746446644247006,0.35115210657578805,0.012935705234993973,0.058769766432487075,1800000,3600000,2143800000,226.29000000000002
397,0.7453831322406158,0.36078371867097797,0.013409695944711803,0.05857419334727365,1800000,3600000,2149200000,226.86
398,0.7454552381146957,0.35447287083143353,0.012984671285988259,0.05837927108703333,1800000,3600000,2154600000,227.43000000000004
399,0.7464157105750332,0.34909662180705386,0.013296083425878496,0.05818499748596127,1800000,3600000,2160000000,228.00000000000003
400,0.7466687673210546,0.35556408521263827,0.015010192437556188,0.05799137038545989,1800000,3600000,2165400000,228.57000000000002
401,0.7453424189462282,0.3550038949891,0.013975203114014456,0.05779838763411496,1800000,3600000,2170800000,229.14000000000001
402,0.7467226067488206,0.35457215587896995,0.015931102654043693,0.05760604708767172,1800000,3600000,2176200000,229.71000000000004
403,0.745388848009805,0.35606931543310155,0.012970314517021131,0.057414346609011,1800000,3600000,2181600000,230.28000000000003
404,0.7482270255349891,0.3544336497646969,0.013156830667471062,0.05722328406812549,1800000,3600000,2187000000,230.85000000000002
405,0.7495523009941418,0.3438629134099109,0.015224454303894753,0.05703285734209613,1800000,3600000,2192400000,231.42000000000002
406,0.7447510855715792,0.35183566292375884,0.01294017133953235,0.05684306431506844,1800000,3600000,2197800000,231.99000000000004
407,0.7470826915202482,0.3531998006676873,0.014071997502148737,0.05665390287822906,1800000,3600000,2203200000,232.56000000000003
408,0.7474106599225671,0.3508017695579134,0.016013894243685378,0.056465370929782294,1800000,3600000,2208600000,233.13000000000002
409,0.7446269974546139,0.3533207226558801,0.012490801009038856,0.05627746637492678,1800000,3600000,2214000000,233.70000000000002
410,0.7446280534470544,0.3528393551344408,0.013312828065556311,0.05609018712583219,1800000,3600000,2219400000,234.27000000000004
411,0.7440728134833428,0.35661655544518106,0.013897860693860233,0.05590353110161606,1800000,3600000,2224800000,234.84000000000003
412,0.7460238687490686,0.3504784723586632,0.013975074554706904,0.05571749622832065,1800000,3600000,2230200000,235.41000000000003
413,0.7446342269145687,0.35364753371098034,0.014241468460683979,0.05553208043888989,1800000,3600000,2235600000,235.98000000000002
414,0.7476701019294812,0.35102688961379297,0.014628816349271117,0.05534728167314643,1800000,3600000,2241000000,236.55000000000004
415,0.7471184277693711,0.35209237817118466,0.013290191275676209,0.05516309787776877,1800000,3600000,2246400000,237.12000000000003
416,0.7476238848187114,0.35269550075189715,0.01412739689676193,0.05497952700626836,1800000,3600000,2251800000,237.69000000000003
417,0.746323776230596,0.3484970904897797,0.012250495593644897,0.054796567018967006,1800000,3600000,2257200000,238.26000000000002
418,0.7462700987640146,0.3525128446157531,0.013734744411434715,0.05461421588297405,1800000,3600000,2262600000,238.83
419,0.7485440364418845,0.3492946841599937,0.013174713605129519,0.05443247157216389,1800000,3600000,2268000000,239.40000000000003
420,0.749166855777927,0.35108199600133944,0.011610382126366054,0.05425133206715343,1800000,3600000,2273400000,239.97000000000003
421,0.7483265391187971,0.34934534262870837,0.012741627323475899,0.05407079535527962,1800000,3600000,2278800000,240.54000000000002
422,0.7469941857440049,0.3528726877365384,0.011884314491018773,0.05389085943057717,1800000,3600000,2284200000,241.11
423,0.746784172607073,0.3559351457194644,0.012450306309350269,0.05371152229375616,1800000,3600000,2289600000,241.68000000000004
424,0.7485945335226248,0.3469711641950718,0.01179069240004261,0.053532781952179885,1800000,3600000,2295000000,242.25000000000003
425,0.7461635470384261,0.3524671392181547,0.010664146875354615,0.05335463641984271,1800000,3600000,2300400000,242.82000000000002
426,0.7457517477882731,0.35634954517988915,0.011771163224106946,0.05317708371734802,1800000,3600000,2305800000,243.39000000000001
427,0.7446958343252364,0.35505513141422723,0.013984285364326074,0.05300012187188616,1800000,3600000,2311200000,243.96000000000004
428,0.7489737182012534,0.34924649104630207,0.013738287768009984,0.05282374891721258,1800000,3600000,2316600000,244.53000000000003
429,0.7434383226290115,0.35360069796728855,0.012728822797907345,0.052647962893626,1800000,3600000,2322000000,245.10000000000002
430,0.7423641262779445,0.353847303917784,0.013390082162875542,0.05247276184794653,1800000,3600000,2327400000,245.67000000000002
431,0.7475798744396902,0.348367794213371,0.015322097512329547,0.05229814383349411,1800000,3600000,2332800000,246.24000000000004
432,0.7430517353314007,0.3564892792539648,0.012503011860917252,0.05212410691006679,1800000,3600000,2338200000,246.81000000000003
433,0.7474303130229049,0.3537384506613385,0.009986747207481583,0.051950649143919156,1800000,3600000,2343600000,247.38000000000002
434,0.7447622326739451,0.3576373660462424,0.013222669901802339,0.05177776860774092,1800000,3600000,2349000000,247.95000000000002
435,0.7487137984765058,0.351846436542203,0.014497934961946617,0.051605463380635486,1800000,3600000,2354400000,248.52000000000004
436,0.7480567619090186,0.35319827527600084,0.013268121235302634,0.05143373154809852,1800000,3600000,2359800000,249.09000000000003
437,0.7464541635416991,0.3565873297573962,0.013073183535507302,0.051262571201996794,1800000,3600000,2365200000,249.66000000000003
438,0.7477714470462732,0.35628464588219044,0.012617871092588846,0.05109198044054694,1800000,3600000,2370600000,250.23000000000002
439,0.7477954250705333,0.3504840252646552,0.01185003819385901,0.05092195736829428,1800000,3600000,2376000000,250.80000000000004
440,0.7455123508088497,0.3559645505364022,0.013010810347257038,0.05075250009609183,1800000,3600000,2381400000,251.37000000000003
441,0.7481787766001676,0.3448581893628721,0.012250173508509434,0.05058360674107924,1800000,3600000,2386800000,251.94000000000003
442,0.7470672866577523,0.3521729501140584,0.011221307580985643,0.05041527542666197,1800000,3600000,2392200000,252.51000000000002
443,0.7451955900719681,0.35229438183154665,0.012430286207625856,0.05024750428249035,1800000,3600000,2397600000,253.08000000000004
444,0.7456937219470916,0.3580505293912633,0.012764907350752206,0.050080291444438804,1800000,3600000,2403000000,253.65000000000003
445,0.7444877503147312,0.3574962010083096,0.010945171378051604,0.0499136350545852,1800000,3600000,2408400000,254.22000000000003
446,0.7451862852361226,0.3552142225081725,0.01209792742259686,0.04974753326119018,1800000,3600000,2413800000,254.79000000000002
447,0.7457580092358028,0.3541123687228302,0.010494448320399538,0.04958198421867652,1800000,3600000,2419200000,255.36
448,0.7465787660196586,0.3546907649838796,0.0104722707811591,0.04941698608760872,1800000,3600000,2424600000,255.93000000000004
449,0.7471606249845253,0.3506269817065187,0.013239977450847977,0.04925253703467255,1800000,3600000,2430000000,256.5
450,0.746775870458182,0.35034398303136166,0.011943953098704153,0.04908863523265456,1800000,3600000,2435400000,257.07000000000005
451,0.7462416838280007,0.35653323146145455,0.01115119121456458,0.04892527886042197,1800000,3600000,2440800000,257.64000000000004
452,0.7473175729824421,0.3495637633234472,0.010897518868982091,0.048762466102902295,1800000,3600000,2446200000,258.21000000000004
453,0.7489371835486086,0.3512047711810377,0.013287274625788381,0.0486001951510632,1800000,3600000,2451600000,258.78000000000003
454,0.7452941195480821,0.3543298885858457,0.011228359123523615,0.04843846420189246,1800000,3600000,2457000000,259.35
455,0.7459285072452175,0.3554318507834511,0.00939881932370845,0.04827727145837786,1800000,3600000,2462400000,259.92
456,0.7457851905518409,0.3559181580664831,0.013509994452198634,0.04811661512948724,1800000,3600000,2467800000,260.49
457,0.7477621982508258,0.35100449477950646,0.012277038903527935,0.047956493430148656,1800000,3600000,2473200000,261.06
458,0.7474587339861165,0.3542834041578231,0.011985355707038235,0.047796904581230454,1800000,3600000,2478600000,261.63000000000005
459,0.7474411914412501,0.35247652583883443,0.010006182852518704,0.04763784680952156,1800000,3600000,2484000000,262.20000000000005
460,0.7467897615762635,0.35340489324224933,0.0103644792710622,0.04747931834771174,1800000,3600000,2489400000,262.77000000000004
461,0.7450218786551239,0.3586319351885902,0.010281899843423651,0.04732131743437206,1800000,3600000,2494800000,263.34000000000003
462,0.7446252856336094,0.35842165484381633,0.010842318527080211,0.047163842313935146,1800000,3600000,2500200000,263.91
463,0.7477507409670424,0.35108732778007057,0.00991220353334069,0.04700689123667585,1800000,3600000,2505600000,264.48
464,0.7472075219956916,0.35643339757094633,0.012187597077136725,0.04685046245869167,1800000,3600000,2511000000,265.05
465,0.7482171368412411,0.3520347596405742,0.009531378854255573,0.04669455424188347,1800000,3600000,2516400000,265.62
466,0.7440399297784565,0.3575878837112787,0.009877321892427017,0.04653916485393615,1800000,3600000,2521800000,266.19000000000005
467,0.74554733434515,0.3516762745726761,0.012269106147568784,0.046384292568299325,1800000,3600000,2527200000,266.76000000000005
468,0.7481672036085724,0.36057616198011466,0.010520367275005273,0.04622993566416824,1800000,3600000,2532600000,267.33000000000004
469,0.7465421748573927,0.3547284238876927,0.011271570380375975,0.046076092426464606,1800000,3600000,2538000000,267.90000000000003
470,0.7467269047807127,0.35337380868434637,0.011326163012607129,0.04592276114581752,1800000,3600000,2543400000,268.47
471,0.7479281616906992,0.35353815598994714,0.011357095084651849,0.0457699401185445,1800000,3600000,2548800000,269.04
472,0.7470245789486254,0.3532207416519229,0.009884762136624708,0.04561762764663259,1800000,3600000,2554200000,269.61
473,0.7455817206427748,0.35566775689781177,0.009820803340766774,0.045465822037719386,1800000,3600000,2559600000,270.18
474,0.7456175695320401,0.35102144160695115,0.011508579350494572,0.045314521605074355,1800000,3600000,2565000000,270.75000000000006
475,0.7448773872528125,0.3569593443071249,0.010878110243172995,0.04516372466758004,1800000,3600000,2570400000,271.32000000000005
476,0.744573333434885,0.3592687217016682,0.00979259059498139,0.04501342954971334,1800000,3600000,2575800000,271.89000000000004
477,0.7444190011417727,0.35609459591942344,0.01056408971370162,0.04486363458152695,1800000,3600000,2581200000,272.46000000000004
478,0.7462307975200602,0.3551678267137655,0.009248185395824029,0.044714338098630825,1800000,3600000,2586600000,273.03000000000003
479,0.74067513224873,0.3495300633489747,0.01197485267767242,0.04456553844217358,1800000,3600000,2592000000,273.6
480,0.7452630926207218,0.3535309563067021,0.010282467067292522,0.04441723395882419,1800000,3600000,2597400000,274.17
481,0.7447515775783617,0.3491407077953572,0.01090416042342734,0.04426942300075353,1800000,3600000,2602800000,274.74
482,0.7489362021625315,0.351665230211803,0.010616651324894845,0.04412210392561611,1800000,3600000,2608200000,275.31
483,0.7427940975474738,0.35696576891136056,0.00979463117981463,0.04397527509653179,1800000,3600000,2613600000,275.88000000000005
484,0.7469883974986794,0.3516511001678262,0.010043121218753661,0.043828934882067634,1800000,3600000,2619000000,276.45000000000005
485,0.7473713957910132,0.35309344124774106,0.00983816162106659,0.043683081656219744,1800000,3600000,2624400000,277.02000000000004
486,0.7459217205090891,0.35382134031547813,0.008785138740602879,0.043537713798395224,1800000,3600000,2629800000,277.59000000000003
487,0.7443497804531709,0.3548775865480703,0.01094102220295841,0.04339282969339417,1800000,3600000,2635200000,278.16
488,0.7471861878046181,0.3506277251789305,0.010997999205473426,0.04324842773139169,1800000,3600000,2640600000,278.73
489,0.7448145787611077,0.3546678609939694,0.009021463235937575,0.04310450630792006,1800000,3600000,2646000000,279.3
490,0.7461429544765225,0.3560018720480945,0.01012717808378383,0.04296106382385086,1800000,3600000,2651400000,279.87
491,0.7439542885455926,0.3537373609203423,0.009575938289899768,0.042818098685377254,1800000,3600000,2656800000,280.44000000000005
492,0.7468369504470229,0.3519342369044026,0.009505025704868539,0.04267560930399622,1800000,3600000,2662200000,281.01000000000005
493,0.7479454813778075,0.3540874883030661,0.010008288829045513,0.04253359409649095,1800000,3600000,2667600000,281.58000000000004
494,0.7455337388402005,0.3585613215580352,0.009594936108430438,0.04239205148491322,1800000,3600000,2673000000,282.15000000000003
495,0.745019264001203,0.3518766568988699,0.011775282450598615,0.04225097989656591,1800000,3600000,2678400000,282.72
496,0.7468272549155087,0.3495951993292132,0.00909323425891334,0.042110377763985456,1800000,3600000,2683800000,283.29
497,0.7448463632869872,0.35395986706236504,0.010066006272724729,0.041970243524924504,1800000,3600000,2689200000,283.86
498,0.743934735523322,0.3567817007981227,0.008693301305748358,0.04183057562233452,1800000,3600000,2694600000,284.43
499,0.7444759403964211,0.349640466133848,0.008902070333974754,0.04169137250434846,1800000,3600000,2700000000,285.00000000000006
500,0.7465384675340613,0.3533817591773718,0.00900221144907296,0.041552632624263605,1800000,3600000,2705400000,285.57000000000005
501,0.7459026924346869,0.3570271591577881,0.00743440476388889,0.0414143544405243,1800000,3600000,2710800000,286.14000000000004
502,0.7478374472102335,0.35278948114787045,0.007588393840229385,0.04127653641670483,1800000,3600000,2716200000,286.71000000000004
503,0.7450284185359016,0.3553598618875908,0.009695114704098716,0.04113917702149243,1800000,3600000,2721600000,287.28000000000003
504,0.744953522515465,0.3585669209702161,0.01009765941015477,0.04100227472867019,1800000,3600000,2727000000,287.85
505,0.7453238758796907,0.35208389337702395,0.009274075647605856,0.0408658280171001,1800000,3600000,2732400000,288.42
506,0.7455315233169866,0.35923972561927947,0.006341044149573932,0.04072983537070618,1800000,3600000,2737800000,288.99
507,0.7472380847850795,0.3515006069516114,0.008392988601983913,0.04059429527845764,1800000,3600000,2743200000,289.56000000000006
508,0.7446614797430984,0.3551976457739922,0.007640557889818927,0.04045920623435205,1800000,3600000,2748600000,290.13000000000005
509,0.7468572682613321,0.3493832033585235,0.009645390832473314,0.040324566737398634,1800000,3600000,2754000000,290.70000000000005
510,0.7492290650700484,0.3464685747442053,0.008035560230645685,0.040190375291601625,1800000,3600000,2759400000,291.27000000000004
511,0.7473794610428702,0.3565408261838025,0.007723514849975764,0.04005663040594355,1800000,3600000,2764800000,291.84000000000003
512,0.7443407004255759,0.3545737611691677,0.009827903995225724,0.03992333059436875,1800000,3600000,2770200000,292.41
513,0.7471391156591828,0.34901848334898244,0.009260699161934999,0.03979047437576686,1800000,3600000,2775600000,292.98
514,0.7456238695963743,0.3549809392637546,0.008023109187693542,0.039658060273956276,1800000,3600000,2781000000,293.55
515,0.7433604815840503,0.3584884867202505,0.008021815765223955,0.039526086817667866,1800000,3600000,2786400000,294.12
516,0.7444518409241009,0.35004594880981654,0.010517830331661008,0.03939455254052851,1800000,3600000,2791800000,294.69000000000005
517,0.7446394917706127,0.35445556990279903,0.011208409884310632,0.039263455981044894,1800000,3600000,2797200000,295.26000000000005
518,0.7451088393101417,0.35494703068951877,0.009435602870385118,0.039132795682587256,1800000,3600000,2802600000,295.83000000000004
519,0.7476114130829259,0.358759320413616,0.009391920837802995,0.03900257019337312,1800000,3600000,2808000000,296.40000000000003
520,0.7486541276745902,0.34951097591618097,0.008643353086113857,0.03887277806645128,1800000,3600000,2813400000,296.97
521,0.7476830437278755,0.35875587646847246,0.007698311470722276,0.03874341785968567,1800000,3600000,2818800000,297.54
522,0.7457451523620907,0.3607519223898617,0.009896195099260057,0.03861448813573931,1800000,3600000,2824200000,298.11
523,0.7440440224611876,0.3506282115482104,0.009120759665032018,0.0384859874620584,1800000,3600000,2829600000,298.68
524,0.7445430822346447,0.35494510446468824,0.009139086832754753,0.03835791441085635,1800000,3600000,2835000000,299.25000000000006
525,0.7470635713885062,0.35927009493358075,0.00829452159842756,0.03823026755909793,1800000,3600000,2840400000,299.82000000000005
526,0.7455938761511464,0.3572252746381478,0.009784657667833905,0.038103045488483485,1800000,3600000,2845800000,300.39000000000004
527,0.7443526366498155,0.3506786915441175,0.008739451098845613,0.03797624678543314,1800000,3600000,2851200000,300.96000000000004
528,0.7443424543770337,0.3574260357596221,0.008191761692500927,0.03784987004107112,1800000,3600000,2856600000,301.53000000000003
529,0.7455836073385926,0.3514485445237082,0.009395685379621066,0.03772391385121006,1800000,3600000,2862000000,302.1
530,0.7471254576374075,0.3537515529911058,0.007993038631797187,0.03759837681633546,1800000,3600000,2867400000,302.67
531,0.7470444694730779,0.3573965788447349,0.008874573989022343,0.037473257541590074,1800000,3600000,2872800000,303.24
532,0.7471130116018507,0.3550977444697661,0.008324249073701452,0.03734855463675846,1800000,3600000,2878200000,303.81000000000006
533,0.7448109796159864,0.3537308773341321,0.008481171451971355,0.037224266716251495,1800000,3600000,2883600000,304.38000000000005
534,0.7467327276899537,0.3497795229036456,0.007914379788468751,0.037100392399091006,1800000,3600000,2889000000,304.95000000000005
535,0.7450780286768465,0.35683575628363184,0.009554041107169115,0.03697693030889443,1800000,3600000,2894400000,305.52000000000004
536,0.745391545829414,0.35228600502109747,0.008181433212072306,0.03685387907385949,1800000,3600000,2899800000,306.09000000000003
537,0.7481894123031644,0.35059589035456573,0.008475593178964924,0.036731237326748954,1800000,3600000,2905200000,306.66
538,0.7446698808022643,0.35559035171387093,0.007351891779459912,0.036609003704875506,1800000,3600000,2910600000,307.23
539,0.7448769824609441,0.3585596204418914,0.01010539930793875,0.036487176850086525,1800000,3600000,2916000000,307.8
540,0.7466380646223103,0.3494448858936943,0.008341794412551482,0.036365755408749034,1800000,3600000,2921400000,308.37000000000006
541,0.7455812307322559,0.3560514214806528,0.008433166333014764,0.036244738031734676,1800000,3600000,2926800000,308.94000000000005
542,0.7453369281400978,0.354477631122666,0.0074442353950283785,0.03612412337440466,1800000,3600000,2932200000,309.51000000000005
543,0.7477820495530623,0.3509968790806504,0.00653448406176587,0.03600391009659489,1800000,3600000,2937600000,310.08000000000004
544,0.7464389958282643,0.35410256588899636,0.009544513612558498,0.035884096862601064,1800000,3600000,2943000000,310.65000000000003
545,0.7465511703249681,0.35400498961715876,0.00813531983335807,0.03576468234116376,1800000,3600000,2948400000,311.22
546,0.7470818208405966,0.3538987993736688,0.008693173359230765,0.035645665205453765,1800000,3600000,2953800000,311.79
547,0.7461761393196928,0.3520189919741195,0.00683875795588203,0.035527044133057226,1800000,3600000,2959200000,312.36
548,0.745948694152312,0.3547772855951704,0.006367906609813233,0.035408817805960995,1800000,3600000,2964600000,312.93
549,0.7469992293969695,0.35928361750606014,0.0072410960247729535,0.035290984910538004,1800000,3600000,2970000000,313.50000000000006
550,0.7450167036436017,0.3533007637931672,0.01063703137377714,0.03517354413753266,1800000,3600000,2975400000,314.07000000000005
551,0.7482973439880314,0.35197454335564093,0.007222056264433027,0.03505649418204626,1800000,3600000,2980800000,314.64000000000004
552,0.7455627468094534,0.35423649001793855,0.008405585314905626,0.03493983374352255,1800000,3600000,2986200000,315.21000000000004
553,0.7449971693899983,0.35329058093200644,0.008850187611428318,0.03482356152573324,1800000,3600000,2991600000,315.78000000000003
554,0.7467101358189533,0.3477907112325029,0.007891819211913068,0.03470767623676358,1800000,3600000,2997000000,316.35
555,0.7457411276519431,0.3525085468021952,0.0067388455022543954,0.034592176588998075,1800000,3600000,3002400000,316.92
556,0.7471094084409513,0.35159711683577044,0.008901788412627426,0.03447706129910612,1800000,3600000,3007800000,317.49
557,0.7476434164047938,0.3488874367351003,0.006906471509350018,0.03436232908802773,1800000,3600000,3013200000,318.06000000000006
558,0.7448602612352806,0.35541437044591556,0.007173073668581529,0.034247978680959405,1800000,3600000,3018600000,318.63000000000005
559,0.7444200321807757,0.35545862368851316,0.008080415972189734,0.03413400880733988,1800000,3600000,3024000000,319.20000000000005
560,0.7466224130724706,0.3538792379805218,0.006987771576231202,0.03402041820083606,1800000,3600000,3029400000,319.77000000000004
561,0.74415617602964,0.34949513896189466,0.006855720849694823,0.03390720559932891,1800000,3600000,3034800000,320.34000000000003
562,0.747241584940059,0.34885361083951066,0.0069779568728990955,0.033794369744899494,1800000,3600000,3040200000,320.91
563,0.7454241850313575,0.354235528884379,0.008353143050316486,0.033681909383814906,1800000,3600000,3045600000,321.48
564,0.7460171605382188,0.3567423180492438,0.006918724002119519,0.033569823266514455,1800000,3600000,3051000000,322.05
565,0.7466849935098205,0.3536953411824319,0.008432361559547056,0.03345811014759566,1800000,3600000,3056400000,322.62000000000006
566,0.7466309137173447,0.35206200460478504,0.008489682828642158,0.03334676878580049,1800000,3600000,3061800000,323.19000000000005
567,0.7478424865167135,0.35325626104524854,0.006320762266752975,0.03323579794400159,1800000,3600000,3067200000,323.76000000000005
568,0.7460319744186035,0.34537539414032425,0.007091656963030321,0.03312519638918843,1800000,3600000,3072600000,324.33000000000004
569,0.7464921446198841,0.3517303696748818,0.0071847504575793635,0.03301496289245373,1800000,3600000,3078000000,324.90000000000003
570,0.7483017593241111,0.35223595345927905,0.008181449286197125,0.03290509622897971,1800000,3600000,3083400000,325.47
571,0.7442239562998231,0.3565736499870284,0.006981707780022634,0.03279559517802455,1800000,3600000,3088800000,326.04
572,0.7474875307856891,0.35437673404194275,0.00602002376265852,0.032686458522908766,1800000,3600000,3094200000,326.61
573,0.7467332116735282,0.3554481663981711,0.008023595289840839,0.03257768505100174,1800000,3600000,3099600000,327.18000000000006
574,0.7480684180379752,0.35292682451980817,0.008691343018431809,0.03246927355370822,1800000,3600000,3105000000,327.75000000000006
575,0.7454667328068603,0.35490702729822604,0.00816373637174942,0.03236122282645489,1800000,3600000,3110400000,328.32000000000005
576,0.7480671180430235,0.35088496325849994,0.008027101266013066,0.03225353166867703,1800000,3600000,3115800000,328.89000000000004
577,0.748796877896315,0.35259780667181184,0.007169336038312816,0.03214619888380508,1800000,3600000,3121200000,329.46000000000004
578,0.7469142719065732,0.35305338541901876,0.0071926015215322825,0.032039223279251454,1800000,3600000,3126600000,330.03000000000003
579,0.7418518115320175,0.35926238143517647,0.006977026006287894,0.03193260366639722,1800000,3600000,3132000000,330.6
580,0.743426835195931,0.35265780376988554,0.007029049711927764,0.031826338860578916,1800000,3600000,3137400000,331.17
581,0.7441969305556386,0.3570823460366799,0.006094925956315372,0.03172042768107538,1800000,3600000,3142800000,331.74
582,0.7446291726783898,0.3531899722052203,0.006487593452177012,0.031614868951094645,1800000,3600000,3148200000,332.31000000000006
583,0.7420275710751422,0.356234604219762,0.0076019786728379135,0.03150966149776084,1800000,3600000,3153600000,332.88000000000005
584,0.744573003471609,0.35610497203454516,0.007777365409683467,0.03140480415210119,1800000,3600000,3159000000,333.45000000000005
585,0.7447353269442637,0.3577172944396191,0.006046225229222803,0.03130029574903299,1800000,3600000,3164400000,334.02000000000004
586,0.7463553125746197,0.3588660794915612,0.006924268179904901,0.031196135127350685,1800000,3600000,3169800000,334.59000000000003
587,0.7462488698497767,0.34923828345627744,0.006132928558887581,0.03109232112971296,1800000,3600000,3175200000,335.16
588,0.7452024354073409,0.3569562656659497,0.006317758501342476,0.0309888526026299,1800000,3600000,3180600000,335.73
589,0.7481031872847209,0.35263489368458817,0.005855459377635279,0.030885728396450124,1800000,3600000,3186000000,336.3
590,0.7452143743310973,0.3569837859765472,0.007094924538949908,0.03078294736534807,1800000,3600000,3191400000,336.87000000000006
591,0.7443360645473371,0.35548564644008546,0.007059556400916292,0.030680508367311208,1800000,3600000,3196800000,337.44000000000005
592,0.7462846055916725,0.35745669088039367,0.005403219788795473,0.030578410264127404,1800000,3600000,3202200000,338.01000000000005
593,0.7460514966621165,0.3533772620881262,0.007003750674789031,0.030476651921372246,1800000,3600000,3207600000,338.58000000000004
594,0.7462584072278651,0.35425587146137216,0.007197750268042069,0.03037523220839642,1800000,3600000,3213000000,339.15000000000003
595,0.7447399498518914,0.35554040155492717,0.005807588449215631,0.030274149998313186,1800000,3600000,3218400000,339.72
596,0.7454340723964406,0.3572535117081493,0.006014409753288581,0.030173404167985855,1800000,3600000,3223800000,340.29
597,0.7449150409296302,0.35588318500800675,0.006650273764720951,0.030072993598015248,1800000,3600000,3229200000,340.86
598,0.7447287828049313,0.3532766707744965,0.006751551074525361,0.029972917172727348,1800000,3600000,3234600000,341.43000000000006
599,0.7460528755865237,0.35403617398993537,0.007431844511997305,0.02987317378016085,1800000,3600000,3240000000,342.00000000000006
600,0.7458767867208773,0.3529423407862839,0.004287304852989965,0.029773762312054794,1800000,3600000,3245400000,342.57000000000005
601,0.746285591454753,0.3499176327041366,0.007664687512626443,0.029674681663836296,1800000,3600000,3250800000,343.14000000000004
602,0.7478268093174548,0.34993683867335784,0.006582647652639532,0.029575930734608246,1800000,3600000,3256200000,343.71000000000004
603,0.7450939054318702,0.35528518910738427,0.007142522178277412,0.029477508427137096,1800000,3600000,3261600000,344.28000000000003
604,0.7436023906531689,0.3591462586903112,0.00558473858048586,0.029379413647840618,1800000,3600000,3267000000,344.85
605,0.7460642739485055,0.35486180661823946,0.006938694027254911,0.02928164530677581,1800000,3600000,3272400000,345.42
606,0.7455885155295092,0.3571025728147781,0.005312916994884068,0.02918420231762678,1800000,3600000,3277800000,345.99000000000007
607,0.7468546529212587,0.3518102406211967,0.0065795886687753016,0.029087083597692635,1800000,3600000,3283200000,346.56000000000006
608,0.7477710806977487,0.3532133789483143,0.006749853921110329,0.028990288067875493,1800000,3600000,3288600000,347.13000000000005
609,0.746533830915323,0.3519454549746542,0.006790187850850672,0.028893814652668486,1800000,3600000,3294000000,347.70000000000005
610,0.7468805757253372,0.35909102758766426,0.005751452743474248,0.028797662280143754,1800000,3600000,3299400000,348.27000000000004
611,0.7473173670968598,0.3530706879058162,0.007216892961180938,0.028701829881940626,1800000,3600000,3304800000,348.84000000000003
612,0.7453085516900881,0.3522726498878983,0.007122645129493364,0.0286063163932537,1800000,3600000,3310200000,349.41
613,0.7464566945431723,0.35289300467221324,0.004801174182407864,0.028511120752821004,1800000,3600000,3315600000,349.98
614,0.7498109501387333,0.3487249869586924,0.005971940530374256,0.028416241902912216,1800000,3600000,3321000000,350.55
615,0.7458838138689969,0.3522992846436966,0.006300237852811101,0.02832167878931693,1800000,3600000,3326400000,351.12000000000006
616,0.7465379649503956,0.3447966572682595,0.005657438871121383,0.028227430361332895,1800000,3600000,3331800000,351.69000000000005
617,0.7478585775557373,0.35167405836245547,0.006010432618117922,0.028133495571754392,1800000,3600000,3337200000,352.26000000000005
618,0.7487087227745123,0.35277688448594174,0.005500473479744647,0.028039873376860563,1800000,3600000,3342600000,352.83000000000004
619,0.7466726562731449,0.3532942279344557,0.004730143238868421,0.027946562736403842,1800000,3600000,3348000000,353.40000000000003
620,0.7457588311606629,0.3557476200179983,0.00450207631412119,0.027853562613598382,1800000,3600000,3353400000,353.97
621,0.7472181723198152,0.35551916505080605,0.004413577308383256,0.02776087197510853,1800000,3600000,3358800000,354.54
622,0.7448563015937121,0.3581762423859421,0.0074713195346535165,0.027668489791037327,1800000,3600000,3364200000,355.11
623,0.7457936134948405,0.3555730378727484,0.007445617802413476,0.027576415034915123,1800000,3600000,3369600000,355.68000000000006
624,0.7463350112472509,0.3518587731653559,0.006080153662690633,0.027484646683688132,1800000,3600000,3375000000,356.25000000000006
625,0.746608782901676,0.35261294178570884,0.005934367834405281,0.02739318371770705,1800000,3600000,3380400000,356.82000000000005
626,0.7431023304631922,0.35287378752983456,0.004327675043690615,0.027302025120715785,1800000,3600000,3385800000,357.39000000000004
627,0.7442097423876175,0.3576407954886332,0.006036749797659681,0.027211169879840062,1800000,3600000,3391200000,357.96000000000004
628,0.7451601878100538,0.3601910935529565,0.00845038729122179,0.02712061698557629,1800000,3600000,3396600000,358.53000000000003
629,0.7463479302172187,0.35478790639125735,0.007594339693192688,0.027030365431780265,1800000,3600000,3402000000,359.1
630,0.7453503918575434,0.3565156366160518,0.005475732126721209,0.02694041421565602,1800000,3600000,3407400000,359.67
631,0.7448899049062321,0.35559205396768634,0.006108459624315652,0.026850762337744662,1800000,3600000,3412800000,360.24000000000007
632,0.7471309684795844,0.3551346713671429,0.00588798970249725,0.026761408801913317,1800000,3600000,3418200000,360.81000000000006
633,0.7478964762680296,0.35117020587219216,0.005405289983813681,0.02667235261534397,1800000,3600000,3423600000,361.38000000000005
634,0.744803968842342,0.3564983666280863,0.004012108763572527,0.02658359278852253,1800000,3600000,3429000000,361.95000000000005
635,0.7449647116132754,0.3555995762306521,0.00673453831622007,0.026495128335227797,1800000,3600000,3434400000,362.52000000000004
636,0.7441686525162899,0.3565889481990074,0.0035648115709137037,0.02640695827252048,1800000,3600000,3439800000,363.09000000000003
637,0.7484432859238059,0.3521281208017241,0.006368896016957514,0.02631908162073231,1800000,3600000,3445200000,363.66
638,0.7481406785466218,0.3475275998734529,0.005303432788940472,0.026231497403455158,1800000,3600000,3450600000,364.23
639,0.7453527074422857,0.35151727130071336,0.006790800573110264,0.026144204647530124,1800000,3600000,3456000000,364.80000000000007
640,0.7458586646309538,0.3534900625931531,0.0052450544084327025,0.026057202383036816,1800000,3600000,3461400000,365.37000000000006
641,0.7461940004613965,0.3517395220439391,0.005149851432695446,0.025970489643282507,1800000,3600000,3466800000,365.94000000000005
642,0.745712480413837,0.3523450965302475,0.0058618254017556845,0.025884065464791422,1800000,3600000,3472200000,366.51000000000005
643,0.742933857144371,0.3589291661093635,0.0034654248264070287,0.025797928887294017,1800000,3600000,3477600000,367.08000000000004
644,0.7438547586842121,0.3540470636647716,0.004285398331504718,0.02571207895371634,1800000,3600000,3483000000,367.65000000000003
645,0.7468851670375877,0.3539389864568653,0.005593132124136177,0.025626514710169333,1800000,3600000,3488400000,368.22
646,0.747748731043751,0.351636688064727,0.006820678276121056,0.025541235205938307,1800000,3600000,3493800000,368.79
647,0.7464236515408009,0.3509450106885,0.005240710047773906,0.02545623949347234,1800000,3600000,3499200000,369.36
648,0.7464460670758255,0.35640806407513387,0.0027517984892124095,0.025371526628373754,1800000,3600000,3504600000,369.93000000000006
649,0.7454981815511244,0.35409404844841325,0.005233294341096551,0.025287095669387614,1800000,3600000,3510000000,370.50000000000006
650,0.7465643732044047,0.35596307716047815,0.004988561725936742,0.025202945678391302,1800000,3600000,3515400000,371.07000000000005
651,0.7427209003291038,0.35291957334853025,0.006254123631498075,0.02511907572038403,1800000,3600000,3520800000,371.64000000000004
652,0.7472608979867386,0.3459154084877528,0.004348622449413443,0.02503548486347652,1800000,3600000,3526200000,372.21000000000004
653,0.7454743269302734,0.35550849363988835,0.004846997009604553,0.024952172178880617,1800000,3600000,3531600000,372.78000000000003
654,0.7487915119009456,0.34932609200824144,0.006988420851225655,0.024869136740898967,1800000,3600000,3537000000,373.35
655,0.7449468539066089,0.35447022791024624,0.0046202244590194536,0.024786377626914748,1800000,3600000,3542400000,373.92
656,0.7466061675930022,0.3500609341068384,0.0016648917464770563,0.024703893917381377,1800000,3600000,3547800000,374.49000000000007
657,0.7451482326575084,0.356588336472323,0.005341528871856944,0.024621684695812353,1800000,3600000,3553200000,375.06000000000006
658,0.7451554822633047,0.3540768997676154,0.0048596229851063915,0.02453974904877104,1800000,3600000,3558600000,375.63000000000005
659,0.7481584924728757,0.3516402732250571,0.005295778384285469,0.02445808606586051,1800000,3600000,3564000000,376.20000000000005
660,0.7464439838802681,0.3498989070852255,0.006703372137098755,0.024376694839713452,1800000,3600000,3569400000,376.77000000000004
661,0.7448574421990213,0.3515427884127821,0.006296412693055976,0.024295574465982076,1800000,3600000,3574800000,377.34000000000003
662,0.7434962234929552,0.35578046075097564,0.006076101872375626,0.024214724043328046,1800000,3600000,3580200000,377.91
663,0.7452348940815449,0.3574293372272977,0.0035793535376523857,0.02413414267341251,1800000,3600000,3585600000,378.48
664,0.7421815848651669,0.35855531077323516,0.0052040701971865725,0.02405382946088608,1800000,3600000,3591000000,379.05000000000007
665,0.7475436821433283,0.3538158635385221,0.005187165204237486,0.02397378351337891,1800000,3600000,3596400000,379.62000000000006
666,0.7481993648222509,0.3558908026135991,0.007230188105320136,0.02389400394149075,1800000,3600000,3601800000,380.19000000000005
667,0.7455628514306012,0.3545553713441086,0.006201544285654347,0.023814489858781113,1800000,3600000,3607200000,380.76000000000005
668,0.7458792526033879,0.35650487184048074,0.0049338603662733614,0.02373524038175934,1800000,3600000,3612600000,381.33000000000004
669,0.7445773750905361,0.3522604269015548,0.005121335970210584,0.02365625462987489,1800000,3600000,3618000000,381.90000000000003
670,0.743862524287345,0.36369460344240956,0.005271290439769591,0.023577531725507483,1800000,3600000,3623400000,382.47
671,0.7460725849779526,0.35256365873961376,0.004447848192139224,0.023499070793957372,1800000,3600000,3628800000,383.04
672,0.7467994640328336,0.3539370112236572,0.00541633397462608,0.023420870963435616,1800000,3600000,3634200000,383.61
673,0.7447376425176716,0.3537912209158035,0.005524201914774856,0.02334293136505442,1800000,3600000,3639600000,384.18000000000006
674,0.7484659537678651,0.349223271189362,0.006601784407587951,0.02326525113281743,1800000,3600000,3645000000,384.75000000000006
675,0.7464229434913678,0.35572585561712977,0.0021977687470565044,0.023187829403610152,1800000,3600000,3650400000,385.32000000000005
676,0.7472474726240488,0.3449467939217662,0.00401166606691625,0.023110665317190367,1800000,3600000,3655800000,385.89000000000004
677,0.7481298178085994,0.3506901314570932,0.005347210308130326,0.023033758016178532,1800000,3600000,3661200000,386.46000000000004
678,0.7449875334455804,0.35713434846596054,0.003707962630310217,0.022957106646048307,1800000,3600000,3666600000,387.03000000000003
679,0.7454175111088039,0.35392074835468934,0.004910776373289944,0.022880710355116993,1800000,3600000,3672000000,387.6
680,0.7477262270342376,0.35504193070244316,0.004557739097483355,0.02280456829453613,1800000,3600000,3677400000,388.17
681,0.746258770240034,0.3529054889988657,0.004654341103536552,0.022728679618282042,1800000,3600000,3682800000,388.74000000000007
682,0.7460814692768264,0.35193638735906274,0.004480765055013514,0.02265304348314644,1800000,3600000,3688200000,389.31000000000006
683,0.7474058656275693,0.351951587455025,0.004730620847723067,0.02257765904872704,1800000,3600000,3693600000,389.88000000000005
684,0.7456475772387637,0.35306703445140597,0.003742052052669416,0.022502525477418246,1800000,3600000,3699000000,390.45000000000005
685,0.7470814176763395,0.35527449067806866,0.006527842136962669,0.02242764193440181,1800000,3600000,3704400000,391.02000000000004
686,0.7492511928318446,0.3522009416736506,0.003694702715281586,0.02235300758763761,1800000,3600000,3709800000,391.59000000000003
687,0.7433737338297084,0.3549695994544102,0.004220547949454954,0.02227862160785435,1800000,3600000,3715200000,392.16
688,0.7464214253309593,0.3525087322047032,0.00432363199137687,0.02220448316854038,1800000,3600000,3720600000,392.73
689,0.746357088781329,0.3532751485585602,0.007420079049831875,0.0221305914459345,1800000,3600000,3726000000,393.30000000000007
690,0.7476374887090387,0.3501245184752825,0.004692201727167725,0.022056945619016825,1800000,3600000,3731400000,393.87000000000006
691,0.7450889499230383,0.3556746243533304,0.004725930766026746,0.02198354486949961,1800000,3600000,3736800000,394.44000000000005
692,0.7468661826562579,0.3513626453893218,0.0042501562202780716,0.02191038838181822,1800000,3600000,3742200000,395.01000000000005
693,0.7452102481105598,0.3562195956617024,0.0029792352366965155,0.021837475343122043,1800000,3600000,3747600000,395.58000000000004
694,0.7487100406034523,0.35701298502660045,0.0065497998360342456,0.021764804943265458,1800000,3600000,3753000000,396.15000000000003
695,0.7458049200890174,0.3539923831197365,0.0034313542097704195,0.021692376374798823,1800000,3600000,3758400000,396.72
696,0.7478224333707321,0.3480462891985291,0.005179657304101424,0.02162018883295954,1800000,3600000,3763800000,397.29
697,0.7478974807009201,0.3492779341935484,0.00283950840967006,0.021548241515663043,1800000,3600000,3769200000,397.86000000000007
698,0.745844551422796,0.3526501125649107,0.004735827315390917,0.021476533623493964,1800000,3600000,3774600000,398.43000000000006
699,0.7469540043677834,0.3537704924698237,0.004952297808872864,0.021405064359697207,1800000,3600000,3780000000,399.00000000000006
700,0.7441905444011914,0.3576349817124518,0.005152840593434804,0.021333832930169112,1800000,3600000,3785400000,399.57000000000005
701,0.7464345374464503,0.354612348623972,0.004741795468517016,0.021262838543448622,1800000,3600000,3790800000,400.14000000000004
702,0.7467367760233138,0.35146633966996793,0.004457636587206446,0.02119208041070847,1800000,3600000,3796200000,400.71000000000004
703,0.7442173412619156,0.3551202336790333,0.004906742845601599,0.02112155774574646,1800000,3600000,3801600000,401.28000000000003
704,0.7475481057434448,0.348434122604168,0.003762645750961428,0.021051269764976704,1800000,3600000,3807000000,401.85
705,0.7415996465912887,0.3601022261726138,0.004408675332986005,0.020981215687420916,1800000,3600000,3812400000,402.42
706,0.747085407931534,0.3507871562197352,0.0031425112163021534,0.02091139473469973,1800000,3600000,3817800000,402.99000000000007
707,0.7457305264224623,0.3565602897138305,0.0037187109155505417,0.020841806131024078,1800000,3600000,3823200000,403.56000000000006
708,0.7448252027126968,0.35665909021706815,0.005440150504366633,0.020772449103186517,1800000,3600000,3828600000,404.13000000000005
709,0.7471922501918388,0.35474662283662023,0.004820932447540046,0.0207033228805527,1800000,3600000,3834000000,404.70000000000005
710,0.7443053724544549,0.36377026258628864,0.0034757174831655958,0.020634426695052777,1800000,3600000,3839400000,405.27000000000004
711,0.7451470890447591,0.361710763848544,0.0033379610389696205,0.020565759781172862,1800000,3600000,3844800000,405.84000000000003
712,0.7478338335976537,0.3467616350519782,0.00470068458721537,0.020497321375946544,1800000,3600000,3850200000,406.41
713,0.746838301004291,0.3497315370873729,0.0035503527520357007,0.0204291107189464,1800000,3600000,3855600000,406.98
714,0.745897684898392,0.3518039416697408,0.004772086454223948,0.020361127052275524,1800000,3600000,3861000000,407.55000000000007
715,0.7458654191858825,0.3547027305313802,0.003594161914469467,0.020293369620559148,1800000,3600000,3866400000,408.12000000000006
716,0.7486602719695056,0.35196938037715636,0.005346798640268852,0.020225837670936227,1800000,3600000,3871800000,408.69000000000005
717,0.7465954012543312,0.35514773414414225,0.0024098908731188503,0.020158530453051063,1800000,3600000,3877200000,409.26000000000005
718,0.7447982803883652,0.35285944802317426,0.004598796088569598,0.020091447219045,1800000,3600000,3882600000,409.83000000000004
719,0.7455745257148411,0.3548144184040276,0.003553358179144808,0.020024587223548076,1800000,3600000,3888000000,410.40000000000003
720,0.7478328707480318,0.35659993870936985,0.004207135767197611,0.019957949723670754,1800000,3600000,3893400000,410.97
721,0.7432965627126237,0.3539482576453935,0.003771806262766904,0.01989153397899569,1800000,3600000,3898800000,411.54
722,0.7467643075120902,0.35244939932603847,0.004578463782937369,0.01982533925156948,1800000,3600000,3904200000,412.11000000000007
723,0.7454705859097372,0.3600551528699781,0.004777544075178393,0.019759364805894478,1800000,3600000,3909600000,412.68000000000006
724,0.7447205654233031,0.35435189558913854,0.002801413575910714,0.019693609908920603,1800000,3600000,3915000000,413.25000000000006
725,0.7450050051650926,0.3564380590431637,0.004866087534514538,0.019628073830037226,1800000,3600000,3920400000,413.82000000000005
726,0.7454229468667047,0.3515512106004594,0.0031404133833292554,0.019562755841064997,1800000,3600000,3925800000,414.39000000000004
727,0.7461562983609522,0.3519619407640246,0.00429028915363035,0.019497655216247817,1800000,3600000,3931200000,414.96000000000004
728,0.7459218351322516,0.3544714285430822,0.004326744273290993,0.019432771232244746,1800000,3600000,3936600000,415.53000000000003
729,0.7463030646237296,0.34754735021067645,0.003741860173038897,0.019368103168121962,1800000,3600000,3942000000,416.1
730,0.7475764212563567,0.35178023639884964,0.003601021111571973,0.019303650305344755,1800000,3600000,3947400000,416.6700000000001
731,0.7461105711048017,0.35306156745122247,0.003522192339519002,0.01923941192776953,1800000,3600000,3952800000,417.24000000000007
732,0.7475425194340825,0.3552675750324949,0.0041984838422783775,0.019175387321635887,1800000,3600000,3958200000,417.81000000000006
733,0.7458837723708375,0.3530499879797638,0.002405482322082479,0.019111575775558647,1800000,3600000,3963600000,418.38000000000005
734,0.7449778867309527,0.3571565523551971,0.0035604357249900604,0.01904797658051998,1800000,3600000,3969000000,418.95000000000005
735,0.7478021473260309,0.3502885496048958,0.0027885150627721678,0.01898458902986151,1800000,3600000,3974400000,419.52000000000004
736,0.7468602402299986,0.35720869045879217,0.0026315077284310246,0.01892141241927647,1800000,3600000,3979800000,420.09000000000003
737,0.7465806876291927,0.3544824447381762,0.003670678512778794,0.01885844604680186,1800000,3600000,3985200000,420.66
738,0.748136628663317,0.35568658136259185,0.002423290343629008,0.018795689212810673,1800000,3600000,3990600000,421.23
739,0.7458602389300376,0.3537027512002232,0.003182246659499337,0.018733141220004107,1800000,3600000,3996000000,421.80000000000007
740,0.7480020869244206,0.34824610399172606,0.0038356631895451448,0.01867080137340383,1800000,3600000,4001400000,422.37000000000006
741,0.7449767890578216,0.35502897462659794,0.005490709512439699,0.01860866898034423,1800000,3600000,4006800000,422.94000000000005
742,0.7476364972979953,0.35250361611491143,0.003982603595031199,0.01854674335046476,1800000,3600000,4012200000,423.51000000000005
743,0.7474247258179616,0.35234075281574606,0.002915245484538418,0.018485023795702205,1800000,3600000,4017600000,424.08000000000004
744,0.7473770847691765,0.3557094071511103,0.0033838767671990084,0.01842350963028311,1800000,3600000,4023000000,424.65000000000003
745,0.7465732097572283,0.3525483629134504,0.003894040679505241,0.018362200170716117,1800000,3600000,4028400000,425.22
746,0.743402662249059,0.36044206307808563,0.0037419938891165823,0.018301094735784378,1800000,3600000,4033800000,425.79
747,0.7465904521688622,0.35911550631370887,0.003258308606427585,0.018240192646537985,1800000,3600000,4039200000,426.36000000000007
748,0.7435223654784853,0.3566995986149794,0.0034721991258625617,0.018179493226286442,1800000,3600000,4044600000,426.93000000000006
749,0.7444072004221245,0.36020312251314673,0.0024983450681535574,0.018118995800591103,1800000,3600000,4050000000,427.50000000000006
750,0.746116285937194,0.3513076302058931,0.0029652775956845296,0.018058699697257735,1800000,3600000,4055400000,428.07000000000005
751,0.7461265300536692,0.3556166928792021,0.003929303990404014,0.017998604246329014,1800000,3600000,4060800000,428.64000000000004
752,0.7466056643624812,0.35268184498049604,0.0027197325472551755,0.01793870878007709,1800000,3600000,4066200000,429.21000000000004
753,0.7481081821194336,0.3479992066993513,0.004442353381376154,0.017879012632996176,1800000,3600000,4071600000,429.78000000000003
754,0.7443712748629042,0.35017448996970424,0.003460747045377537,0.017819515141795115,1800000,3600000,4077000000,430.35
755,0.7473703700589177,0.35054405526045995,0.0032268527094146122,0.017760215645390067,1800000,3600000,4082400000,430.9200000000001
756,0.7459232810989167,0.354866653898089,0.0033971015975143765,0.017701113484897137,1800000,3600000,4087800000,431.49000000000007
757,0.7456696581014939,0.3560844190894386,0.003733988259920223,0.017642208003625034,1800000,3600000,4093200000,432.06000000000006
758,0.7469232517253168,0.35047763970893786,0.0027557597643894983,0.017583498547067807,1800000,3600000,4098600000,432.63000000000005
759,0.7474138688724243,0.34718965272179636,0.004535053004605391,0.017524984462897568,1800000,3600000,4104000000,433.20000000000005
760,0.7469366841427248,0.3559342475205056,0.0027597135025288957,0.01746666510095721,1800000,3600000,4109400000,433.77000000000004
761,0.747242572641227,0.35331992055487405,0.004352254311985154,0.017408539813253226,1800000,3600000,4114800000,434.34000000000003
762,0.7451597590088899,0.3571541055127321,0.0036881095179169144,0.017350607953948487,1800000,3600000,4120200000,434.91
763,0.7460865586986023,0.35679170677831823,0.0035377019062659823,0.017292868879355078,1800000,3600000,4125600000,435.4800000000001
764,0.7466592669130315,0.3509669441948607,0.003025473650075917,0.017235321947927124,1800000,3600000,4131000000,436.05000000000007
765,0.7458387707857038,0.3583748540597905,0.0024602854086061845,0.017177966520253697,1800000,3600000,4136400000,436.62000000000006
766,0.7442282712504216,0.3567240424444211,0.0028306531818431974,0.01712080195905166,1800000,3600000,4141800000,437.19000000000005
767,0.7441756022015773,0.3526894983098611,0.0033046818694829334,0.017063827629158642,1800000,3600000,4147200000,437.76000000000005
768,0.7482445694930092,0.34978785895829617,0.002534645237511736,0.017007042897525942,1800000,3600000,4152600000,438.33000000000004
769,0.747809197591031,0.35659552690814483,0.002823302920735878,0.016950447133211522,1800000,3600000,4158000000,438.90000000000003
770,0.7469268233839423,0.3519636747106799,0.0035524555944612883,0.01689403970737297,1800000,3600000,4163400000,439.47
771,0.7476145869114249,0.3515529291305359,0.003017466758014804,0.016837819993260533,1800000,3600000,4168800000,440.04
772,0.7465660563273665,0.35275461315184725,0.0037740596572057123,0.016781787366210135,1800000,3600000,4174200000,440.61000000000007
773,0.7468892768531002,0.35052517026305297,0.0029951671603509387,0.016725941203636456,1800000,3600000,4179600000,441.18000000000006
774,0.7454224298113019,0.35471762063080164,0.0036381825064224827,0.016670280885026006,1800000,3600000,4185000000,441.75000000000006
775,0.74751776700222,0.3548408170679436,0.003704055761680026,0.01661480579193023,1800000,3600000,4190400000,442.32000000000005
776,0.7437727645445984,0.3551831999720951,0.002350260674707603,0.016559515307958635,1800000,3600000,4195800000,442.89000000000004
777,0.7445151286906198,0.35682264427711785,0.002926473080448858,0.016504408818771934,1800000,3600000,4201200000,443.46000000000004
778,0.7465325285543931,0.35341517615402557,0.0029203479884492927,0.01644948571207524,1800000,3600000,4206600000,444.03000000000003
779,0.7441696613206583,0.36277283905771696,0.003816734014001763,0.016394745377611247,1800000,3600000,4212000000,444.6
780,0.7476798557086192,0.35798083512239726,0.002808957925777993,0.016340187207153453,1800000,3600000,4217400000,445.1700000000001
781,0.7474880530229688,0.35363424202984167,0.0010518269441649182,0.016285810594499402,1800000,3600000,4222800000,445.74000000000007
782,0.7457630562502268,0.36031840152630396,0.0034467704649192993,0.016231614935463958,1800000,3600000,4228200000,446.31000000000006
783,0.7458578709448237,0.3559749324805111,0.0030528402068624146,0.01617759962787256,1800000,3600000,4233600000,446.88000000000005
784,0.746946607431152,0.34725154251443513,0.0034036453520923248,0.016123764071554577,1800000,3600000,4239000000,447.45000000000005
785,0.7460275660597027,0.35771579496248473,0.0026931263295919892,0.016070107668336605,1800000,3600000,4244400000,448.02000000000004
786,0.7471409516411335,0.35122522108735243,0.004154399445016534,0.01601662982203583,1800000,3600000,4249800000,448.59000000000003
787,0.7455119365955983,0.35733754688524333,0.004636736771047657,0.015963329938453414,1800000,3600000,4255200000,449.16
788,0.7441409753569418,0.34369686460045323,0.0030250057507608063,0.015910207425367886,1800000,3600000,4260600000,449.7300000000001
789,0.7476575803763327,0.3519040135364849,0.003891941353188923,0.015857261692528542,1800000,3600000,4266000000,450.30000000000007
790,0.7485092153560249,0.3497774749337014,0.0049655597482102486,0.015804492151648922,1800000,3600000,4271400000,450.87000000000006
791,0.7478425793241765,0.3507601153340241,0.0035650303883853953,0.015751898216400252,1800000,3600000,4276800000,451.44000000000005
792,0.745987888226385,0.3524008969886043,0.0035371591794499274,0.015699479302404933,1800000,3600000,4282200000,452.01000000000005
793,0.7456037827197332,0.3505457403451127,0.0032214539866359955,0.015647234827230044,1800000,3600000,4287600000,452.58000000000004
794,0.7482686510905607,0.3545870284282051,0.005172885490002671,0.015595164210380888,1800000,3600000,4293000000,453.15000000000003
795,0.745438177896504,0.3557623816483132,0.003909385906052473,0.015543266873294511,1800000,3600000,4298400000,453.72
796,0.7446086808550892,0.3508200892188656,0.003203575212535465,0.015491542239333302,1800000,3600000,4303800000,454.2900000000001
797,0.7453247561313574,0.35290718491855405,0.0037478686779447343,0.01543998973377857,1800000,3600000,4309200000,454.86000000000007
798,0.749199638070085,0.3484426299940288,0.002961892325183682,0.015388608783824179,1800000,3600000,4314600000,455.43000000000006
799,0.7444794065925094,0.3586023425805215,0.003136832597820322,0.015337398818570146,1800000,3600000,4320000000,456.00000000000006
800,0.7482231994321473,0.3549986814259361,0.0024898623530898835,0.01528635926901634,1800000,3600000,4325400000,456.57000000000005
801,0.7459662142505772,0.3537021202484434,0.0020580502332208928,0.01523548956805612,1800000,3600000,4330800000,457.14000000000004
802,0.7473943434005473,0.3513072936806046,0.003478461346999182,0.01518478915047006,1800000,3600000,4336200000,457.71000000000004
803,0.7466440425278795,0.3539545628861762,0.0024885551167915907,0.015134257452919677,1800000,3600000,4341600000,458.28000000000003
804,0.7444652579351558,0.3592250473969383,0.003307133474326653,0.01508389391394114,1800000,3600000,4347000000,458.85
805,0.7447221737284724,0.35350982348700677,0.0017954484091138867,0.015033697973939058,1800000,3600000,4352400000,459.4200000000001
806,0.7439728935403584,0.3589815919628628,0.004231684555879918,0.014983669075180239,1800000,3600000,4357800000,459.99000000000007
807,0.7455839764903777,0.35121261448082974,0.0030617684271090862,0.014933806661787518,1800000,3600000,4363200000,460.56000000000006
808,0.7461378314802988,0.3511914200990269,0.0006239074466450984,0.014884110179733566,1800000,3600000,4368600000,461.13000000000005
809,0.7442579313936638,0.35528686667352777,0.0026727164288760405,0.01483457907683474,1800000,3600000,4374000000,461.70000000000005
810,0.7465071015947092,0.35204699633968356,0.0027205395986351143,0.014785212802744946,1800000,3600000,4379400000,462.27000000000004
811,0.7460252564291214,0.3534427027532327,0.002334559185464691,0.014736010808949521,1800000,3600000,4384800000,462.84000000000003
812,0.7439133882393586,0.35590914375271426,0.0023126502287015706,0.014686972548759124,1800000,3600000,4390200000,463.41
813,0.7480986409566118,0.35233570411905646,0.003485150092618472,0.014638097477303708,1800000,3600000,4395600000,463.9800000000001
814,0.7450425541234857,0.3578928099347878,0.0031442342201007884,0.014589385051526413,1800000,3600000,4401000000,464.55000000000007
815,0.7466337633453716,0.35525226006857474,0.004117527890347377,0.014540834730177563,1800000,3600000,4406400000,465.12000000000006
816,0.7471099450530624,0.35310724979750346,0.0019652138524856476,0.014492445973808648,1800000,3600000,4411800000,465.69000000000005
817,0.7445234955483294,0.36046819212508135,0.0037322301127962316,0.014444218244766325,1800000,3600000,4417200000,466.26000000000005
818,0.7460185584715812,0.3544758627581088,0.001382070034238896,0.01439615100718643,1800000,3600000,4422600000,466.83000000000004
819,0.745542420717982,0.35681977878203297,0.0026238846846516673,0.014348243726988055,1800000,3600000,4428000000,467.40000000000003
820,0.7495151596859153,0.3479869322801026,0.0031537970997540282,0.014300495871867599,1800000,3600000,4433400000,467.97
821,0.7462885055763158,0.3522853689510022,0.0022928746228428614,0.01425290691129284,1800000,3600000,4438800000,468.5400000000001
822,0.746128126670899,0.3525379684753946,0.0014628889161945864,0.014205476316497063,1800000,3600000,4444200000,469.11000000000007
823,0.745171390964517,0.3543015576482455,0.0015165570714319229,0.014158203560473181,1800000,3600000,4449600000,469.68000000000006
824,0.7456314143527749,0.3559123007009223,0.006222102280735348,0.014111088117967848,1800000,3600000,4455000000,470.25000000000006
825,0.7451422506684479,0.3526368742954187,0.0013170183425433375,0.014064129465475665,1800000,3600000,4460400000,470.82000000000005
826,0.7468111973496553,0.3529399128266915,0.0035852325708909663,0.01401732708123335,1800000,3600000,4465800000,471.39000000000004
827,0.747086810950296,0.34381243403633516,0.0023102726335114984,0.013970680445213924,1800000,3600000,4471200000,471.96000000000004
828,0.7448223485178656,0.35056146081805767,0.003989921073264344,0.013924189039120962,1800000,3600000,4476600000,472.53000000000003
829,0.7473929025897091,0.3553684186609089,0.0034920491266020232,0.01387785234638279,1800000,3600000,4482000000,473.1000000000001
830,0.7451430886938514,0.3609844474731566,0.0006225922140621132,0.013831669852146802,1800000,3600000,4487400000,473.6700000000001
831,0.7448705078348715,0.35539705456165477,0.002689191231461339,0.013785641043273693,1800000,3600000,4492800000,474.24000000000007
832,0.7425617092359026,0.35645105954856016,0.003008986393220597,0.01373976540833178,1800000,3600000,4498200000,474.81000000000006
833,0.7487322898530273,0.34775486232850245,0.0013761677867870565,0.013694042437591319,1800000,3600000,4503600000,475.38000000000005
834,0.7450289541270904,0.3526431035014252,0.0028015968691808076,0.01364847162301883,1800000,3600000,4509000000,475.95000000000005
835,0.7489304565344486,0.34803044844783065,0.0016833090081529334,0.013603052458271453,1800000,3600000,4514400000,476.52000000000004
836,0.74650392077406,0.3562034673933035,0.0010446829104962944,0.013557784438691338,1800000,3600000,4519800000,477.09000000000003
837,0.7483369504737029,0.3472590303249415,0.0016790068665135799,0.013512667061300028,1800000,3600000,4525200000,477.66
838,0.7464507673448864,0.35649549185613333,0.001116719697080068,0.013467699824792862,1800000,3600000,4530600000,478.2300000000001
839,0.7454528240424417,0.35536491305466894,0.001758008665446997,0.013422882229533415,1800000,3600000,4536000000,478.80000000000007
840,0.7464026704759118,0.35119477882887445,0.0027864679724141075,0.013378213777547955,1800000,3600000,4541400000,479.37000000000006
841,0.7492317677094312,0.3523132958352237,0.001771502605489334,0.013333693972519876,1800000,3600000,4546800000,479.94000000000005
842,0.7465055319798675,0.35590860395979484,0.003072375943924841,0.013289322319784223,1800000,3600000,4552200000,480.51000000000005
843,0.7454096824859405,0.35674347321176125,0.0022010046659702784,0.01324509832632218,1800000,3600000,4557600000,481.08000000000004
844,0.745300915185386,0.35865226708090164,0.0020722960533860555,0.013201021500755583,1800000,3600000,4563000000,481.65000000000003
845,0.7484660691074464,0.3581811623299804,0.0013638391101871916,0.013157091353341475,1800000,3600000,4568400000,482.22
846,0.7451295358091096,0.3538960881514119,0.0027587884114774063,0.013113307395966662,1800000,3600000,4573800000,482.7900000000001
847,0.7463917622235009,0.3495849564346289,0.0037029518519159565,0.01306966914214226,1800000,3600000,4579200000,483.36000000000007
848,0.7463199930960374,0.3540338998931797,0.0035001532292200477,0.013026176106998346,1800000,3600000,4584600000,483.93000000000006
849,0.7430302410308013,0.36242106920968853,0.0022260102264157677,0.012982827807278526,1800000,3600000,4590000000,484.50000000000006
850,0.7419225779853313,0.35921578530280585,0.003857848974259933,0.012939623761334574,1800000,3600000,4595400000,485.07000000000005
851,0.7473049367858986,0.354361931703804,0.0018800735522199819,0.012896563489121101,1800000,3600000,4600800000,485.64000000000004
852,0.7428921531298741,0.3588677066028665,0.003604188515874131,0.012853646512190182,1800000,3600000,4606200000,486.21000000000004
853,0.7468776633227816,0.35243849821946066,0.0013984681393972944,0.012810872353686081,1800000,3600000,4611600000,486.78000000000003
854,0.7442243324388942,0.35590280363132815,0.0022361657948938886,0.012768240538339934,1800000,3600000,4617000000,487.3500000000001
855,0.7482670246290732,0.3492443403100421,0.0,0.01272575059246446,1800000,3600000,4622400000,487.9200000000001
856,0.7473221896969652,0.35031658532603016,0.0012748773242610618,0.012683402043948716,1800000,3600000,4627800000,488.49000000000007
857,0.7484771014608764,0.3464220746253122,0.0020806452917773465,0.012641194422252843,1800000,3600000,4633200000,489.06000000000006
858,0.7452652238500068,0.3527576998087505,0.004216005734787561,0.012599127258402818,1800000,3600000,4638600000,489.63000000000005
859,0.745597018648866,0.3525333995111302,0.0029267906039337406,0.012557200084985287,1800000,3600000,4644000000,490.20000000000005
860,0.7468597226424534,0.35655315506045754,0.0024004608781386556,0.012515412436142334,1800000,3600000,4649400000,490.77000000000004
861,0.7454575836868509,0.35597933889855243,0.0025335555112203792,0.012473763847566318,1800000,3600000,4654800000,491.34000000000003
862,0.7479310641738086,0.35120425866568733,0.0013786453466384306,0.01243225385649472,1800000,3600000,4660200000,491.9100000000001
863,0.7454425928043444,0.3546532206353014,0.002242549847859663,0.012390882001704991,1800000,3600000,4665600000,492.4800000000001
864,0.7426445177994919,0.35936932957344414,0.00551427087151341,0.01234964782350942,1800000,3600000,4671000000,493.05000000000007
865,0.7459120855647832,0.3542928982924273,0.0021625827813458003,0.012308550863750054,1800000,3600000,4676400000,493.62000000000006
866,0.7436421931891206,0.35384629493916564,0.0018707008040337357,0.012267590665793582,1800000,3600000,4681800000,494.19000000000005
867,0.7463370102186951,0.35166695964212946,0.0022171370049603573,0.012226766774526273,1800000,3600000,4687200000,494.76000000000005
868,0.7464013935694973,0.3523070506977518,0.003710428736199851,0.012186078736348917,1800000,3600000,4692600000,495.33000000000004
869,0.7458800695042198,0.35439063695021206,0.0028522556325228164,0.012145526099171784,1800000,3600000,4698000000,495.90000000000003
870,0.7439162412285545,0.3626940491803099,0.00038687548156504333,0.01210510841240959,1800000,3600000,4703400000,496.47
871,0.750295335268317,0.3508138188227345,0.0025351300197654675,0.01206482522697652,1800000,3600000,4708800000,497.0400000000001
872,0.7438536861690264,0.35535747497605924,0.0004180392691116553,0.012024676095281203,1800000,3600000,4714200000,497.61000000000007
873,0.7478674036271574,0.3540335414341406,0.002163929286415876,0.011984660571221769,1800000,3600000,4719600000,498.18000000000006
874,0.745375870782752,0.3517366963353984,0.001011123678373403,0.011944778210180869,1800000,3600000,4725000000,498.75000000000006
875,0.7430592311454144,0.35733607192729555,0.0023986186199884997,0.011905028569020754,1800000,3600000,4730400000,499.32000000000005
876,0.7467712362955908,0.3548638957766298,0.0019099356106037251,0.011865411206078324,1800000,3600000,4735800000,499.89000000000004
877,0.7466117729040231,0.35892860639036567,0.0010084708108217815,0.011825925681160258,1800000,3600000,4741200000,500.46000000000004
878,0.7448469163036512,0.3484981154778635,0.001396846647567972,0.01178657155553809,1800000,3600000,4746600000,501.03000000000003
879,0.7442994787641266,0.35995960627318474,0.0030809041860096428,0.01174734839194336,1800000,3600000,4752000000,501.6000000000001
880,0.7457794086640248,0.35453447470334504,0.0016220526558393554,0.011708255754562732,1800000,3600000,4757400000,502.1700000000001
881,0.7481200871055651,0.35496863922928973,0.00115682810378385,0.011669293209033163,1800000,3600000,4762800000,502.74000000000007
882,0.7461288887755901,0.34959657513098524,0.002723636460849434,0.011630460322437081,1800000,3600000,4768200000,503.31000000000006
883,0.7455364544247705,0.3512464306562668,0.003600900655619322,0.01159175666329757,1800000,3600000,4773600000,503.88000000000005
884,0.7479816144380673,0.3565488972107706,0.0032111223125011433,0.011553181801573576,1800000,3600000,4779000000,504.45000000000005
885,0.7466093549640721,0.3542230280764824,0.002435879362090518,0.011514735308655124,1800000,3600000,4784400000,505.02000000000004
886,0.746121639609276,0.3511968856075955,0.0023939457985707084,0.011476416757358571,1800000,3600000,4789800000,505.59000000000003
887,0.7450781779733091,0.3566879515033886,0.0010804352076139532,0.011438225721921835,1800000,3600000,4795200000,506.1600000000001
888,0.746328822375275,0.355637819144536,0.0020729816569063967,0.011400161777999683,1800000,3600000,4800600000,506.7300000000001
889,0.7433066494678058,0.3553635510551294,0.0022880904682590847,0.01136222450265902,1800000,3600000,4806000000,507.30000000000007
890,0.7463576940562936,0.35733845018910637,0.0011184605727740872,0.011324413474374167,1800000,3600000,4811400000,507.87000000000006
891,0.7446419010699149,0.3564032598593738,0.0007629255013720485,0.011286728273022203,1800000,3600000,4816800000,508.44000000000005
892,0.7463784906981125,0.355832107659166,0.0022696929653961847,0.011249168479878289,1800000,3600000,4822200000,509.01000000000005
893,0.747242702461145,0.355548304038485,0.0006553458004054198,0.011211733677610984,1800000,3600000,4827600000,509.58000000000004
894,0.7476814176814156,0.35367516371663926,0.003104316316355254,0.01117442345027767,1800000,3600000,4833000000,510.15000000000003
895,0.7483002223532934,0.3461305380304774,0.002696282658342378,0.011137237383319877,1800000,3600000,4838400000,510.72
896,0.7459397495010518,0.3564457329486023,0.0007472632282516782,0.011100175063558702,1800000,3600000,4843800000,511.2900000000001
897,0.7449491089832312,0.3554639061446553,0.002230075498423233,0.01106323607919021,1800000,3600000,4849200000,511.86000000000007
898,0.746307628922542,0.36207758045966576,0.0016527863848303777,0.011026420019780866,1800000,3600000,4854600000,512.4300000000001
899,0.7465069245820547,0.3551056411376591,0.0035880401110895115,0.010989726476262956,1800000,3600000,4860000000,513.0
900,0.7460914870219529,0.3538635373636322,0.0018862492410317434,0.010953155040930068,1800000,3600000,4865400000,513.57
901,0.7454624661870748,0.35032862521467417,0.0011791697450509275,0.010916705307432543,1800000,3600000,4870800000,514.1400000000001
902,0.7463158723301788,0.35392904496836464,0.003010685564107853,0.010880376870772968,1800000,3600000,4876200000,514.71
903,0.7437501779718961,0.3593849449837338,0.0011922931369889953,0.010844169327301678,1800000,3600000,4881600000,515.2800000000001
904,0.7483797536214084,0.3573677094125503,0.0010859037850995722,0.010808082274712251,1800000,3600000,4887000000,515.85
905,0.7465212937525245,0.347755662971234,0.0019012336665114463,0.010772115312037072,1800000,3600000,4892400000,516.4200000000001
906,0.7422747800528791,0.36158495800138785,0.00276058004792482,0.010736268039642852,1800000,3600000,4897800000,516.99
907,0.746665161935363,0.35375004939636695,0.002854533117414753,0.010700540059226191,1800000,3600000,4903200000,517.5600000000001
908,0.7468442956070376,0.3547548112623637,0.0024233846326963096,0.010664930973809168,1800000,3600000,4908600000,518.1300000000001
909,0.7457732596883767,0.3550921955243528,0.0028245496882485523,0.010629440387734914,1800000,3600000,4914000000,518.7
910,0.7469471422784835,0.3521208571150395,0.0025129095906018294,0.010594067906663207,1800000,3600000,4919400000,519.2700000000001
911,0.747094975128936,0.3543937206916646,0.0022009882127334555,0.010558813137566122,1800000,3600000,4924800000,519.84
912,0.7475420659031857,0.3500995635994057,0.0008137285047037594,0.01052367568872364,1800000,3600000,4930200000,520.4100000000001
913,0.7446663474815224,0.3565165910815863,0.003920080415673809,0.010488655169719302,1800000,3600000,4935600000,520.98
914,0.7438765243654722,0.3544999386344141,0.0009850364831504893,0.010453751191435868,1800000,3600000,4941000000,521.5500000000001
915,0.7477067969153585,0.3565349161848621,0.0021505303437342038,0.010418963366051004,1800000,3600000,4946400000,522.12
916,0.7457911814391176,0.35586444943585976,0.0031917614876793435,0.01038429130703295,1800000,3600000,4951800000,522.69
917,0.7501188321860237,0.3543813132796047,0.0009474821548150006,0.010349734629136251,1800000,3600000,4957200000,523.2600000000001
918,0.7458894409401291,0.3468230773269238,0.003696042222369433,0.010315292948397467,1800000,3600000,4962600000,523.83
919,0.7450429390533337,0.3521670127913375,0.0019562710813435576,0.0102809658821309,1800000,3600000,4968000000,524.4000000000001
920,0.7448893664853906,0.3517136028810691,0.0018622582152871927,0.010246753048924351,1800000,3600000,4973400000,524.97
921,0.7469012832432584,0.35337219651891805,0.0025366845585300226,0.010212654068634879,1800000,3600000,4978800000,525.5400000000001
922,0.7463151467128614,0.35615903614152333,0.0025054144298078916,0.010178668562384568,1800000,3600000,4984200000,526.11
923,0.7452558449928736,0.3590575879115212,0.0016423856091590762,0.010144796152556337,1800000,3600000,4989600000,526.6800000000001
924,0.746861421674892,0.3536316237528766,0.0018401782131741698,0.010111036462789725,1800000,3600000,4995000000,527.2500000000001
925,0.7446152358795624,0.3566598770560265,0.0018337180230259486,0.010077389117976725,1800000,3600000,5000400000,527.82
926,0.7460117248811926,0.3500529244359992,0.004028977665173471,0.010043853744257604,1800000,3600000,5005800000,528.3900000000001
927,0.7482335523887857,0.3498711249743184,0.00030766092714099567,0.010010429969016745,1800000,3600000,5011200000,528.96
928,0.7458990257446309,0.3587149195332327,0.001494858581695202,0.009977117420878534,1800000,3600000,5016600000,529.5300000000001
929,0.7479531081219911,0.34822048271274714,0.0011665923105615937,0.009943915729703197,1800000,3600000,5022000000,530.1
930,0.7477488139553947,0.34615988636074285,0.0026592852428801023,0.009910824526582717,1800000,3600000,5027400000,530.6700000000001
931,0.7455342327202152,0.35071132119324105,0.0016707313918106028,0.009877843443836716,1800000,3600000,5032800000,531.24
932,0.7464282674600445,0.3518313296894748,0.001769006753365156,0.009844972115008389,1800000,3600000,5038200000,531.8100000000001
933,0.748206453333967,0.35525805924126796,0.004145384944085143,0.009812210174860397,1800000,3600000,5043600000,532.3800000000001
934,0.7473726084995791,0.356210980977755,0.0012350123388194672,0.009779557259370852,1800000,3600000,5049000000,532.95
935,0.7452114983814415,0.3547992604066524,0.0015108590890115978,0.00974701300572925,1800000,3600000,5054400000,533.5200000000001
936,0.7448145461714167,0.3505768770033616,0.0034785912473090795,0.009714577052332429,1800000,3600000,5059800000,534.09
937,0.7430050143467769,0.356018278227316,0.0024228091191375875,0.00968224903878058,1800000,3600000,5065200000,534.6600000000001
938,0.7471972621583389,0.35452093945043417,0.004122941806048193,0.009650028605873223,1800000,3600000,5070600000,535.23
939,0.7440640296972532,0.3531001172186161,0.0013048355732247416,0.009617915395605208,1800000,3600000,5076000000,535.8000000000001
940,0.7470857492352814,0.35235511820394105,0.0010146198548157976,0.009585909051162758,1800000,3600000,5081400000,536.37
941,0.7462982386223103,0.35468982900484264,0.0015124821872373102,0.009554009216919498,1800000,3600000,5086800000,536.94
942,0.7433098922898325,0.3594167329598859,0.0032157811102456824,0.009522215538432497,1800000,3600000,5092200000,537.5100000000001
943,0.7461692624542073,0.351670578658407,0.00253073445633041,0.009490527662438332,1800000,3600000,5097600000,538.08
944,0.745931094520547,0.35623489890077825,0.0015205460256267798,0.00945894523684917,1800000,3600000,5103000000,538.6500000000001
945,0.7456281469643372,0.3566417140110785,0.0008336697498129027,0.009427467910748841,1800000,3600000,5108400000,539.22
946,0.7454199774051307,0.35452960217444635,0.0013200252766357688,0.009396095334388952,1800000,3600000,5113800000,539.7900000000001
947,0.7476473550890743,0.3531886806259082,0.0,0.009364827159185005,1800000,3600000,5119200000,540.36
948,0.7469612122565863,0.35854745314761305,0.002423421485770087,0.009333663037712504,1800000,3600000,5124600000,540.9300000000001
949,0.7496394496969458,0.3457761968594309,0.0034215349918984414,0.009302602623703115,1800000,3600000,5130000000,541.5000000000001
950,0.7467560993799206,0.3539683300994444,0.0018896218170113854,0.009271645572040809,1800000,3600000,5135400000,542.07
951,0.7475288883021914,0.35496502628440324,0.0029541058471631338,0.00924079153875802,1800000,3600000,5140800000,542.6400000000001
952,0.7439494473775436,0.3520921335565943,0.0015252911913269682,0.009210040181031845,1800000,3600000,5146200000,543.21
953,0.7449863290319647,0.35329793567404094,0.0010615087138338413,0.009179391157180212,1800000,3600000,5151600000,543.7800000000001
954,0.7486790109463956,0.34867655403404496,0.0025400714645698276,0.009148844126658095,1800000,3600000,5157000000,544.35
955,0.7462090994624928,0.3521461955454652,0.001246278511976644,0.009118398750053738,1800000,3600000,5162400000,544.9200000000001
956,0.7458389907376444,0.35456571236018963,0.0014309798758918907,0.009088054689084853,1800000,3600000,5167800000,545.49
957,0.7447470100075279,0.3538958582879158,0.003393156396766602,0.009057811606594903,1800000,3600000,5173200000,546.0600000000001
958,0.7442509624048127,0.35529268566703137,0.001997558144302402,0.009027669166549323,1800000,3600000,5178600000,546.6300000000001
959,0.7475439171413061,0.3540158369679646,0.0011302287051314606,0.008997627034031805,1800000,3600000,5184000000,547.2
960,0.7470964930977387,0.3510413322490954,0.002622499912532707,0.008967684875240566,1800000,3600000,5189400000,547.7700000000001
961,0.7450670165591835,0.35015947688156657,0.0015235172934464339,0.00893784235748465,1800000,3600000,5194800000,548.34
962,0.7474482526419176,0.35738512717771975,0.00032029648928929904,0.008908099149180209,1800000,3600000,5200200000,548.9100000000001
963,0.746556913673079,0.35289377092806984,0.002358436562869668,0.008878454919846852,1800000,3600000,5205600000,549.48
964,0.7469597736060346,0.35453690350698996,0.002115997495321837,0.008848909340103947,1800000,3600000,5211000000,550.0500000000001
965,0.7467891706811088,0.361189093401154,0.0008464184733190028,0.00881946208166697,1800000,3600000,5216400000,550.62
966,0.7447307197584326,0.35763292966492927,0.0007929974463956178,0.008790112817343857,1800000,3600000,5221800000,551.19
967,0.7453522773856829,0.3508899009420475,0.0,0.008760861221031375,1800000,3600000,5227200000,551.7600000000001
968,0.7456953320961667,0.35656276315499313,0.0011504388262281694,0.008731706967711477,1800000,3600000,5232600000,552.33
969,0.7450891488956012,0.3572585484082284,0.0009908757720043,0.008702649733447719,1800000,3600000,5238000000,552.9000000000001
970,0.7458696202391157,0.3521453363882121,0.0,0.008673689195381645,1800000,3600000,5243400000,553.47
971,0.7454154135859301,0.3529372855762783,0.0,0.0086448250317292,1800000,3600000,5248800000,554.0400000000001
972,0.74455986442491,0.3536256403195971,0.0,0.008616056921777155,1800000,3600000,5254200000,554.61
973,0.7465336209009618,0.35252890693288597,0.0015988247470190152,0.008587384545879555,1800000,3600000,5259600000,555.1800000000001
974,0.7472863534677613,0.3536123984631784,0.0025166797879318603,0.00855880758545414,1800000,3600000,5265000000,555.7500000000001
975,0.7444111510608511,0.35564115554052195,0.0017806990194590934,0.008530325722978842,1800000,3600000,5270400000,556.32
976,0.7458210204053918,0.3535986230033235,0.0,0.008501938641988227,1800000,3600000,5275800000,556.8900000000001
977,0.7457641890304884,0.35484825662241526,6.324352166318589e-05,0.00847364602706999,1800000,3600000,5281200000,557.46
978,0.7455070850555819,0.36058161370304376,0.0013778493158593966,0.008445447563861456,1800000,3600000,5286600000,558.0300000000001
979,0.7428482477752606,0.3583366390857874,0.001180061455019931,0.008417342939046071,1800000,3600000,5292000000,558.6
980,0.7483717074471542,0.349463242078062,0.0007923046093791496,0.008389331840349944,1800000,3600000,5297400000,559.1700000000001
981,0.7473851838341299,0.3527909872537176,0.0007544794542895991,0.008361413956538348,1800000,3600000,5302800000,559.74
982,0.7460509623743287,0.34786324145086067,0.002512117557865094,0.008333588977412296,1800000,3600000,5308200000,560.3100000000001
983,0.7452904265396829,0.35909341476301493,0.0021088579596966624,0.008305856593805061,1800000,3600000,5313600000,560.8800000000001
984,0.7474822475684045,0.35357920151330396,0.0016367955832396084,0.008278216497578768,1800000,3600000,5319000000,561.45
985,0.7463114566849787,0.3575427767780887,0.0016078724101039762,0.008250668381620944,1800000,3600000,5324400000,562.0200000000001
986,0.7474474398053801,0.3547164707391613,5.351705157077922e-06,0.008223211939841133,1800000,3600000,5329800000,562.59
987,0.7467508097064164,0.3554765208024243,0.001619379872524853,0.008195846867167478,1800000,3600000,5335200000,563.1600000000001
988,0.7452950935299106,0.3543392104342338,0.00239288970187129,0.008168572859543331,1800000,3600000,5340600000,563.73
989,0.7427009459790191,0.35592769726790546,0.0008488127356902458,0.008141389613923886,1800000,3600000,5346000000,564.3000000000001
990,0.7478774863101876,0.35352709381947856,0.0014761227561069896,0.008114296828272803,1800000,3600000,5351400000,564.8700000000001
991,0.7470077720735919,0.3554434776163115,0.0032675911786851156,0.008087294201558844,1800000,3600000,5356800000,565.44
992,0.7483174967909381,0.34475720929018366,0.0008195215265139248,0.00806038143375255,1800000,3600000,5362200000,566.0100000000001
993,0.7493087438921407,0.35259105709547367,0.001530684022853969,0.008033558225822888,1800000,3600000,5367600000,566.58
994,0.7466608633197066,0.3544017130967081,0.0016762743107400745,0.008006824279733942,1800000,3600000,5373000000,567.1500000000001
995,0.7505892883571322,0.3533001981609457,0.0014996540123967078,0.00798017929844159,1800000,3600000,5378400000,567.72
996,0.7450451889658187,0.3530182464227774,0.00011111316583700139,0.007953622985890214,1800000,3600000,5383800000,568.2900000000001
997,0.7445266342660962,0.3588987863017389,0.0008168713329528443,0.007927155047009393,1800000,3600000,5389200000,568.86
998,0.7458996071594953,0.3531929746368217,0.0022117955931151108,0.007900775187710651,1800000,3600000,5394600000,569.4300000000001
999,0.7476505886918211,0.35615341366818887,0.001009726802595435,0.007874483114884165,1800000,3600000,5400000000,570.0000000000001
