round,test_accuracy,train_objective,mfg,hfr_tau,downlink_bytes,uplink_bytes,cumulative_serialized_bytes,single_device_elapsed_seconds
0,0.5033512095947045,0.5900759672323652,0.0454010505200696,0.22,1800000,3600000,5400000,0.5700000000000001
1,0.5097577082039322,0.5927982464801071,0.04476373626164474,0.2192678875319951,1800000,3600000,10800000,1.1400000000000001
2,0.5128041489709126,0.585497352907139,0.04657282874446239,0.21853821137610757,1800000,3600000,16200000,1.7100000000000002
3,0.518527331754095,0.5809959706964829,0.043648638775389874,0.21781096342481698,1800000,3600000,21600000,2.2800000000000002
4,0.523260584616011,0.5723218570691341,0.044111743792496584,0.21708613559758305,1800000,3600000,27000000,2.8500000000000005
5,0.5247651897618131,0.5696527517803983,0.04537754943349593,0.21636371984075584,1800000,3600000,32400000,3.4200000000000004
6,0.532187979488775,0.5685513831595994,0.04173783870855994,0.21564370812748615,1800000,3600000,37800000,3.99
7,0.5351364968079954,0.558995824072838,0.044890302703436406,0.21492609245763647,1800000,3600000,43200000,4.5600000000000005
8,0.536359953285334,0.567514645869894,0.04351381977326007,0.2142108648576919,1800000,3600000,48600000,5.130000000000001
9,0.5419009415005812,0.5570683942314197,0.04346130096415894,0.21349801738067178,1800000,3600000,54000000,5.700000000000001
10,0.546683255056349,0.5479460935646364,0.04500643431656738,0.2127875421060413,1800000,3600000,59400000,6.2700000000000005
11,0.5523584156464851,0.5519565419805385,0.04447319214143861,0.21207943113962338,1800000,3600000,64800000,6.840000000000001
12,0.554406694012012,0.542630069659343,0.04106800613155607,0.2113736766135111,1800000,3600000,70200000,7.410000000000001
13,0.5576195241866148,0.5405303733460389,0.042076440881157876,0.2106702706859803,1800000,3600000,75600000,7.98
14,0.5615024571648497,0.5356438100493301,0.04161851014377212,0.20996920554140228,1800000,3600000,81000000,8.55
15,0.5661475618449792,0.5346906186310739,0.04099187740798627,0.20927047339015709,1800000,3600000,86400000,9.120000000000001
16,0.5698538538610519,0.5302804803210864,0.042870900915354726,0.208574066468547,1800000,3600000,91800000,9.690000000000001
17,0.5716856455973857,0.5335487071804358,0.041872423421127465,0.2078799770387102,1800000,3600000,97200000,10.260000000000002
18,0.5771694521647459,0.5215836010374738,0.041864617440037784,0.20718819738853472,1800000,3600000,102600000,10.830000000000002
19,0.5792023344851515,0.5194030672566836,0.04026882255707588,0.2064987198315729,1800000,3600000,108000000,11.400000000000002
20,0.5842551291309216,0.5189277686009971,0.043481363207439595,0.2058115367069559,1800000,3600000,113400000,11.97
21,0.5858102768236313,0.5101838679358874,0.04086772638637355,0.2051266403793086,1800000,3600000,118800000,12.540000000000001
22,0.5876591443416748,0.5066191655115462,0.04030001756970729,0.20444402323866478,1800000,3600000,124200000,13.110000000000001
23,0.5934132416658082,0.5045926717162108,0.041555471659970644,0.20376367770038248,1800000,3600000,129600000,13.680000000000001
24,0.5941443277343537,0.508477876289937,0.04319054422180819,0.20308559620505987,1800000,3600000,135000000,14.250000000000002
25,0.5992359723539611,0.5057703291370794,0.04086953547012107,0.20240977121845113,1800000,3600000,140400000,14.820000000000002
26,0.6033819698382206,0.4977131262830664,0.04039321863620953,0.20173619523138275,1800000,3600000,145800000,15.390000000000002
27,0.6033957050926118,0.4994662574105063,0.042472830931835265,0.2010648607596702,1800000,3600000,151200000,15.96
28,0.6070744662590668,0.4983489603382403,0.038922701792759584,0.20039576034403467,1800000,3600000,156600000,16.53
29,0.6064624628308193,0.4940351155976968,0.04011652566066215,0.19972888655002022,1800000,3600000,162000000,17.1
30,0.6143098249211133,0.48501437042494827,0.03960954588099594,0.1990642319679111,1800000,3600000,167400000,17.67
31,0.6180229047945912,0.48112789874351575,0.03843375421278716,0.19840178921264964,1800000,3600000,172800000,18.240000000000002
32,0.6176544899499592,0.4783969147723465,0.03985266543984712,0.19774155092375395,1800000,3600000,178200000,18.810000000000002
33,0.6219172472640996,0.47578507528718644,0.04045249446602591,0.1970835097652362,1800000,3600000,183600000,19.380000000000003
34,0.6257508551850872,0.47605250312808944,0.04061464024550864,0.19642765842552126,1800000,3600000,189000000,19.950000000000003
35,0.6242698609793307,0.47687692323611824,0.03924414761554915,0.19577398961736522,1800000,3600000,194400000,20.520000000000003
36,0.6278495448809065,0.4714845215127108,0.038007946382664116,0.19512249607777465,1800000,3600000,199800000,21.090000000000003
37,0.6321511096222027,0.467311500061402,0.039430263358146256,0.1944731705679257,1800000,3600000,205200000,21.660000000000004
38,0.6318553268929967,0.46401300059178985,0.03895097573360612,0.1938260058730838,1800000,3600000,210600000,22.230000000000004
39,0.6374364450575123,0.4644449394784871,0.038159916804004476,0.1931809948025235,1800000,3600000,216000000,22.800000000000004
40,0.6381566660834116,0.45836050051474936,0.0376683654554659,0.19253813018944846,1800000,3600000,221400000,23.37
41,0.6396573250084314,0.46291483472883543,0.03778294270323295,0.19189740489091192,1800000,3600000,226800000,23.94
42,0.641695789036797,0.4626558782217012,0.03816794846837498,0.1912588117877373,1800000,3600000,232200000,24.51
43,0.6474287498941961,0.4548618482085724,0.03696771329684377,0.1906223437844391,1800000,3600000,237600000,25.080000000000002
44,0.6507545284420357,0.44608544775072567,0.03801108401596431,0.1899879938091441,1800000,3600000,243000000,25.650000000000002
45,0.6514099986578991,0.4497449614130014,0.03538940319429808,0.18935575481351272,1800000,3600000,248400000,26.220000000000002
46,0.6488279080643747,0.4525306216112154,0.03717163541656661,0.1887256197726607,1800000,3600000,253800000,26.790000000000003
47,0.6538620807145875,0.440800856982556,0.0365448707894806,0.1880975816850811,1800000,3600000,259200000,27.360000000000003
48,0.6558949258233661,0.4434863892921663,0.035242222835787415,0.1874716335725665,1800000,3600000,264600000,27.930000000000003
49,0.6633016773614225,0.4413122802070921,0.037764060252430724,0.18684776848013143,1800000,3600000,270000000,28.500000000000004
50,0.6560640564383152,0.44754935682155716,0.0371303274735927,0.1862259794759351,1800000,3600000,275400000,29.070000000000004
51,0.6610817519841115,0.4359706189703907,0.0352008323354208,0.18560625965120442,1800000,3600000,280800000,29.640000000000004
52,0.6674068199770823,0.4296012779399336,0.034476158987957466,0.18498860212015716,1800000,3600000,286200000,30.210000000000004
53,0.6668431839196315,0.43526522125721234,0.03728142984002656,0.18437300001992551,1800000,3600000,291600000,30.780000000000005
54,0.6716793606250159,0.4238449504391123,0.03499002965141097,0.18375944651047985,1800000,3600000,297000000,31.350000000000005
55,0.6718638160245842,0.4317418080102055,0.03543898385320182,0.1831479347745526,1800000,3600000,302400000,31.92
56,0.6690664420295176,0.4234504823408393,0.03749242175892381,0.18253845801756263,1800000,3600000,307800000,32.49
57,0.6746135330976908,0.430707089942652,0.03585771692897834,0.1819310094675397,1800000,3600000,313200000,33.06
58,0.6756550729229471,0.43130298446888177,0.03722011123664558,0.18132558237504928,1800000,3600000,318600000,33.63
59,0.677732295842515,0.42802309248445203,0.036835950344029963,0.18072217001311738,1800000,3600000,324000000,34.2
60,0.6791085583409877,0.4199134824296351,0.03585137956338805,0.18012076567715601,1800000,3600000,329400000,34.77
61,0.6792507663605764,0.42169095330965456,0.035231583586639276,0.1795213626848886,1800000,3600000,334800000,35.34
62,0.6851639590796695,0.4128128718483611,0.036132736035894564,0.17892395437627573,1800000,3600000,340200000,35.910000000000004
63,0.68535731233697,0.4130158644361627,0.03627355341155632,0.17832853411344116,1800000,3600000,345600000,36.480000000000004
64,0.6865290336434942,0.4146715691228433,0.03318746051837049,0.17773509528059805,1800000,3600000,351000000,37.050000000000004
65,0.6859838887483879,0.4106575141576929,0.035284683944752676,0.17714363128397553,1800000,3600000,356400000,37.620000000000005
66,0.6856071078160979,0.4144083086491813,0.03579480465827424,0.17655413555174526,1800000,3600000,361800000,38.190000000000005
67,0.6885471793849461,0.41949216522104926,0.03640996655913459,0.17596660153394866,1800000,3600000,367200000,38.760000000000005
68,0.6941334065158024,0.4141055164366006,0.03455394166073597,0.1753810227024239,1800000,3600000,372600000,39.330000000000005
69,0.6941923687101441,0.40102404012272935,0.03511875411107433,0.17479739255073348,1800000,3600000,378000000,39.900000000000006
70,0.6953689300244156,0.4055020575894348,0.03519821606289286,0.17421570459409197,1800000,3600000,383400000,40.470000000000006
71,0.6955545690712036,0.40461147464994746,0.03329807343733711,0.17363595236929383,1800000,3600000,388800000,41.040000000000006
72,0.699976151261338,0.39643532878016396,0.03484949443806451,0.17305812943464177,1800000,3600000,394200000,41.61000000000001
73,0.6995163615305852,0.3989981953714086,0.03298001638388217,0.17248222936987492,1800000,3600000,399600000,42.18000000000001
74,0.701562168863924,0.4026541388052291,0.035089689443447585,0.1719082457760978,1800000,3600000,405000000,42.75000000000001
75,0.7033645708209898,0.3945161343840279,0.03487180698822155,0.17133617227570908,1800000,3600000,410400000,43.32000000000001
76,0.7048842912543233,0.3927934484303956,0.032406646389033025,0.17076600251233054,1800000,3600000,415800000,43.89000000000001
77,0.70580821454694,0.39199350659002824,0.03435691048097259,0.17019773015073678,1800000,3600000,421200000,44.46000000000001
78,0.7030831919044647,0.3933214015845288,0.03432441401203818,0.16963134887678458,1800000,3600000,426600000,45.03000000000001
79,0.7047309755474088,0.39490482847349884,0.03191560260686949,0.16906685239734287,1800000,3600000,432000000,45.60000000000001
80,0.7088514143197637,0.3920021126686978,0.03245586169947663,0.16850423444022272,1800000,3600000,437400000,46.17
81,0.7083066001316468,0.39039650668159454,0.031743018352422415,0.1679434887541077,1800000,3600000,442800000,46.74
82,0.711823787727195,0.38609927569570973,0.031849736212037495,0.16738460910848446,1800000,3600000,448200000,47.31
83,0.7127566009856869,0.3796271623733612,0.03366980870753723,0.16682758929357333,1800000,3600000,453600000,47.88
84,0.7132406055575665,0.38082044995071457,0.030940862558750136,0.1662724231202596,1800000,3600000,459000000,48.45
85,0.7124145017025095,0.3924647091841799,0.03188237520686071,0.1657191044200245,1800000,3600000,464400000,49.02
86,0.7121660754104738,0.38461281724332547,0.03293299665795031,0.16516762704487678,1800000,3600000,469800000,49.59
87,0.7161253311132914,0.3805278726100892,0.03131698356766139,0.16461798486728435,1800000,3600000,475200000,50.160000000000004
88,0.7163999269928775,0.3753779172680127,0.03235699036553107,0.16407017178010627,1800000,3600000,480600000,50.730000000000004
89,0.7173587199532774,0.3786136670527962,0.030426884169973002,0.16352418169652483,1800000,3600000,486000000,51.300000000000004
90,0.719400864236765,0.38200172899262674,0.03166886486257232,0.16298000854997793,1800000,3600000,491400000,51.870000000000005
91,0.7211847292831477,0.37830463118120705,0.030122707827919794,0.16243764629409166,1800000,3600000,496800000,52.440000000000005
92,0.7212405713504395,0.37414533963468133,0.032671912230708845,0.16189708890261317,1800000,3600000,502200000,53.010000000000005
93,0.7201715011769546,0.37478003920896397,0.030041888217304014,0.16135833036934363,1800000,3600000,507600000,53.580000000000005
94,0.7210968385234607,0.37739440005619995,0.031305280146978226,0.1608213647080716,1800000,3600000,513000000,54.150000000000006
95,0.7254398601553351,0.37369716948120013,0.03089272145174614,0.16028618595250646,1800000,3600000,518400000,54.720000000000006
96,0.7278639361922269,0.365376046708775,0.031218531762251624,0.159752788156212,1800000,3600000,523800000,55.290000000000006
97,0.7275882791846271,0.3693786757529931,0.02922103709212656,0.15922116539254064,1800000,3600000,529200000,55.86000000000001
98,0.7269343906445314,0.37319672368969736,0.030394012110972538,0.15869131175456724,1800000,3600000,534600000,56.43000000000001
99,0.7264638902185331,0.37385188990984236,0.030050654018489015,0.15816322135502375,1800000,3600000,540000000,57.00000000000001
100,0.7298556447041431,0.3701654679177003,0.028922687053421877,0.15763688832623365,1800000,3600000,545400000,57.57000000000001
101,0.7303302322823649,0.36637661877051025,0.029140479340007894,0.1571123068200467,1800000,3600000,550800000,58.14000000000001
102,0.7297916143775444,0.36782328790060204,0.02965694493283696,0.15658947100777412,1800000,3600000,556200000,58.71000000000001
103,0.7292935260476677,0.3696734770190395,0.0293763029387157,0.1560683750801238,1800000,3600000,561600000,59.28000000000001
104,0.7328455969209066,0.3666989673059384,0.027490696652547074,0.1555490132471355,1800000,3600000,567000000,59.85000000000001
105,0.7321151324746195,0.37281796399555944,0.028727837164974707,0.15503137973811695,1800000,3600000,572400000,60.42000000000001
106,0.7359346347186807,0.3596545854230349,0.02993485623903045,0.15451546880157935,1800000,3600000,577800000,60.99000000000001
107,0.7375714013326883,0.363912532197166,0.029677098206103366,0.15400127470517364,1800000,3600000,583200000,61.56000000000001
108,0.733750098246877,0.3662277929856069,0.02904630551444388,0.15348879173562682,1800000,3600000,588600000,62.13000000000001
109,0.7357191365451965,0.3672769410125295,0.027849215126929665,0.1529780141986784,1800000,3600000,594000000,62.70000000000001
110,0.73529455702607,0.3640601972133579,0.02951803669561386,0.15246893641901713,1800000,3600000,599400000,63.27000000000001
111,0.7367927004713505,0.3651553843939474,0.02845652734704861,0.15196155274021803,1800000,3600000,604800000,63.84
112,0.7389024417443671,0.3671768734527326,0.02968292998306062,0.1514558575246794,1800000,3600000,610200000,64.41000000000001
113,0.7405067746406716,0.35788077932372425,0.02938532807761814,0.1509518451535604,1800000,3600000,615600000,64.98
114,0.7408544790078767,0.3651026928885089,0.027617017089678297,0.15044951002671828,1800000,3600000,621000000,65.55000000000001
115,0.7387194997272319,0.36375236482503576,0.02852871611265256,0.14994884656264654,1800000,3600000,626400000,66.12
116,0.7419116730886395,0.3567417950840521,0.02858769669404831,0.14944984919841262,1800000,3600000,631800000,66.69000000000001
117,0.745358390482894,0.35707822877205764,0.02728783511041709,0.14895251238959623,1800000,3600000,637200000,67.26
118,0.7431687083475349,0.3575094433835851,0.028949052871778586,0.1484568306102277,1800000,3600000,642600000,67.83000000000001
119,0.7439980580477328,0.35593507765736904,0.027769242749974037,0.14796279835272666,1800000,3600000,648000000,68.4
120,0.7449135846357171,0.35378817950293545,0.02534084809701217,0.14747041012784065,1800000,3600000,653400000,68.97000000000001
121,0.7445025954949419,0.35525207083329835,0.02748174306818538,0.14697966046458436,1800000,3600000,658800000,69.54
122,0.7445874670784712,0.35265232145231495,0.02648095084434614,0.14649054391017868,1800000,3600000,664200000,70.11000000000001
123,0.7442975874976953,0.357984049644352,0.02690141452885793,0.14600305502999028,1800000,3600000,669600000,70.68
124,0.7476069711895201,0.3562285627422879,0.02638446263851636,0.14551718840747094,1800000,3600000,675000000,71.25000000000001
125,0.7462726987513959,0.3482136334766736,0.027295365391139238,0.14503293864409764,1800000,3600000,680400000,71.82000000000001
126,0.7490104064366525,0.3453494721452853,0.027590359112541003,0.1445503003593125,1800000,3600000,685800000,72.39000000000001
127,0.7496167317184634,0.3467855175370171,0.029107980305122596,0.14406926819046292,1800000,3600000,691200000,72.96000000000001
128,0.7487074614187613,0.3524638411675981,0.02658744353051633,0.14358983679274215,1800000,3600000,696600000,73.53
129,0.7493513867018367,0.34892270155327665,0.02607947611770357,0.14311200083912964,1800000,3600000,702000000,74.10000000000001
130,0.749160688198223,0.34940207008631025,0.026522349719288185,0.14263575502033213,1800000,3600000,707400000,74.67
131,0.7487521627815334,0.35280312476809644,0.024399938695395074,0.14216109404472455,1800000,3600000,712800000,75.24000000000001
132,0.7517916836077537,0.3462630518829149,0.027176719677016094,0.14168801263829112,1800000,3600000,718200000,75.81
133,0.7506538392598491,0.3489895689619599,0.025303680154856692,0.14121650554456688,1800000,3600000,723600000,76.38000000000001
134,0.7505453229043867,0.34555500022948166,0.02568228723484117,0.14074656752457937,1800000,3600000,729000000,76.95
135,0.7534932384925745,0.34914570494337127,0.02566143929825006,0.14027819335679012,1800000,3600000,734400000,77.52000000000001
136,0.7537567574556091,0.344254555233374,0.027175772081876444,0.13981137783703693,1800000,3600000,739800000,78.09
137,0.753843045548101,0.35240982759647776,0.0280440285938069,0.13934611577847586,1800000,3600000,745200000,78.66000000000001
138,0.7526854361801341,0.34889393144683617,0.024240482821577966,0.13888240201152371,1800000,3600000,750600000,79.23
139,0.7534356009943795,0.3502978391707909,0.025227555391989395,0.13842023138380052,1800000,3600000,756000000,79.80000000000001
140,0.7542648212489259,0.34729684464460087,0.02700183555525142,0.13795959876007233,1800000,3600000,761400000,80.37
141,0.75641398731939,0.3428683148153691,0.026028901495748033,0.13750049902219416,1800000,3600000,766800000,80.94000000000001
142,0.7565131902688088,0.3463295459312785,0.025782716339944882,0.13704292706905308,1800000,3600000,772200000,81.51
143,0.7549925972912735,0.3449909494138648,0.024093036054376304,0.13658687781651155,1800000,3600000,777600000,82.08000000000001
144,0.7568132698466543,0.3452529194872093,0.024946138201699948,0.13613234619735098,1800000,3600000,783000000,82.65
145,0.7575212144715969,0.3432407579782244,0.025399584458817664,0.1356793271612154,1800000,3600000,788400000,83.22000000000001
146,0.7566610464905666,0.3435833394675267,0.025212871693778758,0.1352278156745552,1800000,3600000,793800000,83.79
147,0.7557453308020476,0.34066422439263305,0.02522919943741052,0.13477780672057155,1800000,3600000,799200000,84.36000000000001
148,0.7569298882715255,0.34506011815848,0.023152887758837153,0.13432929529916027,1800000,3600000,804600000,84.93
149,0.7593876084931257,0.338791417805121,0.025302565319493247,0.13388227642685652,1800000,3600000,810000000,85.50000000000001
150,0.7607192928537931,0.3382128963304091,0.023689297966118475,0.13343674513677936,1800000,3600000,815400000,86.07000000000001
151,0.7578732557633813,0.34363106046296893,0.02516678824079414,0.1329926964785765,1800000,3600000,820800000,86.64000000000001
152,0.761543909330247,0.33449550392568944,0.02478494185753012,0.13255012551836945,1800000,3600000,826200000,87.21000000000001
153,0.760567562560548,0.3418314457280319,0.02369494781814255,0.1321090273386985,1800000,3600000,831600000,87.78000000000002
154,0.7602378870672994,0.33950661287805206,0.023921972779797716,0.13166939703846825,1800000,3600000,837000000,88.35000000000001
155,0.7604363984025959,0.3386406626913229,0.0258906282808527,0.13123122973289303,1800000,3600000,842400000,88.92000000000002
156,0.7587347443679996,0.3434137534095765,0.023472356892399814,0.13079452055344276,1800000,3600000,847800000,89.49000000000001
157,0.7637815970318086,0.3340925415945782,0.02519432036187647,0.13035926464778871,1800000,3600000,853200000,90.06000000000002
158,0.7612555144835874,0.33365183564276374,0.023435644409008433,0.12992545717974963,1800000,3600000,858600000,90.63000000000001
159,0.7634922544762216,0.3358040743450084,0.023327428785847128,0.12949309332923814,1800000,3600000,864000000,91.20000000000002
160,0.762123690427091,0.3372227085959721,0.024392947366188224,0.129062168292207,1800000,3600000,869400000,91.77000000000001
161,0.7621468998534408,0.33567803378250327,0.024143482172446485,0.1286326772805958,1800000,3600000,874800000,92.34
162,0.7628771425814347,0.33701988465254357,0.02345139630127128,0.12820461552227772,1800000,3600000,880200000,92.91000000000001
163,0.7632085863272327,0.33074533757205626,0.023379496284665464,0.12777797826100667,1800000,3600000,885600000,93.48
164,0.7618990271213752,0.3392936190831183,0.0242454956229374,0.12735276075636423,1800000,3600000,891000000,94.05000000000001
165,0.7649188479568149,0.3389950335418176,0.02414115812674656,0.12692895828370707,1800000,3600000,896400000,94.62
166,0.7651055347943696,0.3356248818059909,0.023521109290374584,0.12650656613411448,1800000,3600000,901800000,95.19000000000001
167,0.7655778582177782,0.3324899175084849,0.02264425817420687,0.12608557961433597,1800000,3600000,907200000,95.76
168,0.7658867950475393,0.33081566519266087,0.02476940352310229,0.12566599404673928,1800000,3600000,912600000,96.33000000000001
169,0.7609217781043764,0.34170006434095757,0.022660955717603248,0.12524780476925818,1800000,3600000,918000000,96.9
170,0.7637770244434685,0.3349785069646601,0.021789409047284474,0.12483100713534084,1800000,3600000,923400000,97.47000000000001
171,0.7672732512231553,0.3380152159067627,0.02130612176893736,0.12441559651389816,1800000,3600000,928800000,98.04
172,0.7641423243969862,0.3373793380082274,0.02296521126461679,0.12400156828925231,1800000,3600000,934200000,98.61000000000001
173,0.7658859408372288,0.33254307423395085,0.022473942281626344,0.12358891786108542,1800000,3600000,939600000,99.18
174,0.7676684081326571,0.3335817813949257,0.022347203557430084,0.12317764064438845,1800000,3600000,945000000,99.75000000000001
175,0.7681876275692441,0.32861427833376244,0.023314780870563094,0.12276773206941036,1800000,3600000,950400000,100.32000000000001
176,0.766765365567476,0.3378539803262189,0.022564313054590196,0.1223591875816072,1800000,3600000,955800000,100.89000000000001
177,0.767856358794587,0.33066927450128086,0.023187692077751936,0.12195200264159156,1800000,3600000,961200000,101.46000000000001
178,0.769317710750875,0.32992181704664875,0.020567238321894214,0.12154617272508213,1800000,3600000,966600000,102.03000000000002
179,0.7653930784545501,0.3372186347718329,0.025184891990829288,0.12114169332285347,1800000,3600000,972000000,102.60000000000001
180,0.7665679119904937,0.32828283020250515,0.02311458614993814,0.12073855994068583,1800000,3600000,977400000,103.17000000000002
181,0.7672915451105444,0.33432301110962326,0.022775354193580743,0.12033676809931522,1800000,3600000,982800000,103.74000000000001
182,0.7671938580847781,0.33477336500535215,0.021961380222201964,0.11993631333438377,1800000,3600000,988200000,104.31000000000002
183,0.7669808541221322,0.3349731248980918,0.02122520741215918,0.11953719119638996,1800000,3600000,993600000,104.88000000000001
184,0.7690041724342274,0.3330320727187717,0.021967922972670553,0.11913939725063923,1800000,3600000,999000000,105.45000000000002
185,0.7699994155835368,0.32738033634005326,0.020532607754677933,0.11874292707719478,1800000,3600000,1004400000,106.02000000000001
186,0.7690915382240783,0.3266357806546797,0.020982464761167174,0.11834777627082839,1800000,3600000,1009800000,106.59000000000002
187,0.7716016430572664,0.32868477768137827,0.02250712392844354,0.11795394044097147,1800000,3600000,1015200000,107.16000000000001
188,0.7709041002852546,0.32858542690698833,0.02234593787430092,0.11756141521166627,1800000,3600000,1020600000,107.73000000000002
189,0.7690999598340014,0.32537698272427956,0.02107547170085978,0.11717019622151738,1800000,3600000,1026000000,108.30000000000001
190,0.7697992218419994,0.32574448635027725,0.019524708788716857,0.11678027912364307,1800000,3600000,1031400000,108.87000000000002
191,0.772288517844772,0.3267800978084871,0.02136342061108756,0.11639165958562711,1800000,3600000,1036800000,109.44000000000001
192,0.7706435503175844,0.3359055905993162,0.02182694280302726,0.11600433328947068,1800000,3600000,1042200000,110.01
193,0.7710525355560898,0.33573825050246514,0.02056181794646808,0.11561829593154425,1800000,3600000,1047600000,110.58000000000001
194,0.7726729203469593,0.32745027110518404,0.020720251000280333,0.11523354322253988,1800000,3600000,1053000000,111.15
195,0.7704258047316718,0.33283733054309916,0.021193125673542288,0.11485007088742354,1800000,3600000,1058400000,111.72000000000001
196,0.7713051799897189,0.3248972531998549,0.02145342033838814,0.11446787466538752,1800000,3600000,1063800000,112.29
197,0.7688968533898317,0.32840451726726977,0.02043715049911798,0.11408695030980319,1800000,3600000,1069200000,112.86000000000001
198,0.7709580658396004,0.325485707078898,0.02149715495262686,0.11370729358817382,1800000,3600000,1074600000,113.43
199,0.7728454546412633,0.3302214662297471,0.01990687410807615,0.1133289002820875,1800000,3600000,1080000000,114.00000000000001
200,0.7702463681085571,0.3301222949757205,0.019310947860689986,0.11295176618717025,1800000,3600000,1085400000,114.57000000000001
201,0.7722064135139485,0.3241119110417323,0.020548824919914267,0.11257588711303934,1800000,3600000,1090800000,115.14000000000001
202,0.7705698843308391,0.33014904621221186,0.021178442920440795,0.11220125888325679,1800000,3600000,1096200000,115.71000000000001
203,0.7727342964158136,0.3255583935598338,0.019635715919145747,0.11182787733528282,1800000,3600000,1101600000,116.28000000000002
204,0.769830123319059,0.3291516262814996,0.018353886891308995,0.1114557383204297,1800000,3600000,1107000000,116.85000000000001
205,0.772207926894542,0.32976273672855044,0.018673253062013253,0.11108483770381573,1800000,3600000,1112400000,117.42000000000002
206,0.772895306027766,0.3208636282563304,0.020176122198819504,0.11071517136431909,1800000,3600000,1117800000,117.99000000000001
207,0.7707746663836539,0.32864165948982826,0.020810498747025407,0.11034673519453223,1800000,3600000,1123200000,118.56000000000002
208,0.7715001862489954,0.3280384836129393,0.02031556902640306,0.10997952510071608,1800000,3600000,1128600000,119.13000000000001
209,0.7725805009592591,0.3251160235656234,0.019984154939244977,0.10961353700275477,1800000,3600000,1134000000,119.70000000000002
210,0.7703023785733466,0.3280993826766124,0.020732627099957497,0.1092487668341101,1800000,3600000,1139400000,120.27000000000001
211,0.7710693110965768,0.3289255808955028,0.018893121601205782,0.10888521054177641,1800000,3600000,1144800000,120.84000000000002
212,0.7718765021208616,0.3307054711110952,0.019450169620298483,0.10852286408623565,1800000,3600000,1150200000,121.41000000000001
213,0.77348907967965,0.3299452671594035,0.019613059736336848,0.10816172344141232,1800000,3600000,1155600000,121.98000000000002
214,0.7691954923664043,0.3298772120391517,0.018420354242215792,0.1078017845946289,1800000,3600000,1161000000,122.55000000000001
215,0.7719919075282629,0.3290725028836152,0.017709015657765156,0.10744304354656116,1800000,3600000,1166400000,123.12000000000002
216,0.7707456256441337,0.3313528814794163,0.017429802103718986,0.10708549631119377,1800000,3600000,1171800000,123.69000000000001
217,0.7743340081529348,0.32733375801048653,0.01710791659449776,0.10672913891577596,1800000,3600000,1177200000,124.26000000000002
218,0.7696546573968475,0.3257999393142739,0.0187990953934518,0.1063739674007775,1800000,3600000,1182600000,124.83000000000001
219,0.769181087926332,0.32600691931060927,0.01890428924180341,0.10601997781984454,1800000,3600000,1188000000,125.40000000000002
220,0.7727126046219045,0.32322837793028814,0.017770194398164622,0.10566716623975587,1800000,3600000,1193400000,125.97000000000001
221,0.7708307366589252,0.32824538477400433,0.0187795476923594,0.10531552874037918,1800000,3600000,1198800000,126.54000000000002
222,0.7714689829622199,0.33256562799211603,0.01709350281725266,0.10496506141462757,1800000,3600000,1204200000,127.11000000000001
223,0.7716309856212616,0.329879542410478,0.01895202587952208,0.10461576036841601,1800000,3600000,1209600000,127.68
224,0.770987733825575,0.3326934744540833,0.018318416132456043,0.10426762172061814,1800000,3600000,1215000000,128.25
225,0.7699951215879699,0.3300482928319345,0.01831822857295588,0.10392064160302324,1800000,3600000,1220400000,128.82000000000002
226,0.7685013805720046,0.3266848940419198,0.017308902627292493,0.10357481616029306,1800000,3600000,1225800000,129.39000000000001
227,0.7686277817114094,0.33032804216034384,0.017764466388096624,0.10323014154991914,1800000,3600000,1231200000,129.96
228,0.7668823549811374,0.33419702691168274,0.015957262052826365,0.10288661394218003,1800000,3600000,1236600000,130.53
229,0.7718527212695344,0.32706469321613096,0.016540978984217372,0.10254422952009878,1800000,3600000,1242000000,131.10000000000002
230,0.7704486700666797,0.32797571853094715,0.018574234403469565,0.10220298447940052,1800000,3600000,1247400000,131.67000000000002
231,0.7680631828385825,0.33226392083090944,0.017970275239977195,0.10186287502847018,1800000,3600000,1252800000,132.24
232,0.7692247635226007,0.33097581985502217,0.017559994078314493,0.10152389738831034,1800000,3600000,1258200000,132.81
233,0.7724323694286898,0.3273130391256085,0.01788808782538585,0.1011860477924993,1800000,3600000,1263600000,133.38000000000002
234,0.7683312799228973,0.3275952455493865,0.018703441133323957,0.10084932248714917,1800000,3600000,1269000000,133.95000000000002
235,0.7732961779617258,0.3257782934170143,0.017351736404294958,0.10051371773086425,1800000,3600000,1274400000,134.52
236,0.769818985634417,0.333362313026347,0.018560442226151417,0.1001792297946993,1800000,3600000,1279800000,135.09
237,0.7692568936871385,0.329097840648808,0.016860269958192696,0.09984585496211829,1800000,3600000,1285200000,135.66000000000003
238,0.7740027783039011,0.3277899555276035,0.019064626430987754,0.09951358952895295,1800000,3600000,1290600000,136.23000000000002
239,0.7718769038783214,0.3295760644563025,0.016648777297199182,0.09918242980336175,1800000,3600000,1296000000,136.8
240,0.7689717390278713,0.3302428674067243,0.016839952061137007,0.09885237210578875,1800000,3600000,1301400000,137.37
241,0.7729374089056237,0.3245234457612832,0.01651124475279202,0.09852341276892282,1800000,3600000,1306800000,137.94000000000003
242,0.768744390879997,0.3321821207793645,0.016023459961082655,0.09819554813765684,1800000,3600000,1312200000,138.51000000000002
243,0.7684479739658565,0.33113413224995836,0.017917417416788105,0.09786877456904704,1800000,3600000,1317600000,139.08
244,0.7697578063241395,0.33304208019115883,0.017077154052069343,0.09754308843227269,1800000,3600000,1323000000,139.65
245,0.7720543237401202,0.33071388844263633,0.01743166736810441,0.09721848610859557,1800000,3600000,1328400000,140.22000000000003
246,0.7694143795623624,0.3268721956738329,0.016283208749337467,0.09689496399131985,1800000,3600000,1333800000,140.79000000000002
247,0.7714714147924739,0.32747661113934584,0.017631216602753328,0.09657251848575199,1800000,3600000,1339200000,141.36
248,0.7708230844095751,0.32432185403244024,0.017968306325051274,0.09625114600916085,1800000,3600000,1344600000,141.93
249,0.7703457546775523,0.33597468484496484,0.018976057427256072,0.09593084299073784,1800000,3600000,1350000000,142.50000000000003
250,0.7726266130459671,0.32506429169218776,0.016661730106281226,0.0956116058715572,1800000,3600000,1355400000,143.07000000000002
251,0.7702514370185665,0.3261078843178136,0.017857495070642156,0.0952934311045366,1800000,3600000,1360800000,143.64000000000001
252,0.7710733017849145,0.3285704552362612,0.01675688368273097,0.09497631515439754,1800000,3600000,1366200000,144.21
253,0.7700545338506822,0.3299881327971265,0.01696303053313922,0.0946602544976262,1800000,3600000,1371600000,144.78000000000003
254,0.7714448079279054,0.3270678474900826,0.013948562636050477,0.09434524562243425,1800000,3600000,1377000000,145.35000000000002
255,0.770530199939902,0.3317533148454822,0.01648241756869054,0.09403128502871988,1800000,3600000,1382400000,145.92000000000002
256,0.7721666731667187,0.3298519126881971,0.018019649672351475,0.09371836922802874,1800000,3600000,1387800000,146.49
257,0.768552519874066,0.3309502955914407,0.017224725124917475,0.09340649474351545,1800000,3600000,1393200000,147.06
258,0.7705442453954042,0.32582613304809827,0.015383047518187084,0.09309565810990474,1800000,3600000,1398600000,147.63000000000002
259,0.7717907452582712,0.3268842782093194,0.016735731375844907,0.09278585587345302,1800000,3600000,1404000000,148.20000000000002
260,0.7739510021895423,0.3311794633807989,0.01526073582003264,0.09247708459191002,1800000,3600000,1409400000,148.77
261,0.7755710085319806,0.3216235216452115,0.016431685192670492,0.09216934083448058,1800000,3600000,1414800000,149.34
262,0.7700684611730112,0.32863565192629085,0.015869351793753882,0.09186262118178642,1800000,3600000,1420200000,149.91000000000003
263,0.7673887975480687,0.3336427498979385,0.015892569023055463,0.09155692222582827,1800000,3600000,1425600000,150.48000000000002
264,0.770937445517842,0.3302808417860509,0.018176630375324812,0.0912522405699479,1800000,3600000,1431000000,151.05
265,0.7706809523654611,0.33573790221434824,0.015621362737430361,0.09094857282879044,1800000,3600000,1436400000,151.62
266,0.7686373809305781,0.32917136291460397,0.015539247412327466,0.09064591562826678,1800000,3600000,1441800000,152.19000000000003
267,0.7711624172370907,0.32670767340417484,0.015776484431242598,0.090344265605516,1800000,3600000,1447200000,152.76000000000002
268,0.7683898327693006,0.3341497725972497,0.015869106868786856,0.0900436194088681,1800000,3600000,1452600000,153.33
269,0.7703149257214459,0.3287556216142247,0.01533304755873382,0.08974397369780665,1800000,3600000,1458000000,153.9
270,0.7709909119072139,0.3281682733806162,0.01752908651841292,0.08944532514293181,1800000,3600000,1463400000,154.47000000000003
271,0.7721080397400194,0.32887029343311314,0.015634884809547,0.08914767042592323,1800000,3600000,1468800000,155.04000000000002
272,0.7699466102503405,0.321432488497763,0.015870792249281212,0.08885100623950319,1800000,3600000,1474200000,155.61
273,0.7727067861886454,0.33006538323767115,0.013594801277144465,0.08855532928739991,1800000,3600000,1479600000,156.18
274,0.7705194802698054,0.3291778217193242,0.01479425622481446,0.08826063628431091,1800000,3600000,1485000000,156.75000000000003
275,0.7702058021070766,0.3299986603802164,0.01392373937540533,0.08796692395586642,1800000,3600000,1490400000,157.32000000000002
276,0.7700103407785679,0.33622108889116586,0.014469165251725891,0.08767418903859311,1800000,3600000,1495800000,157.89000000000001
277,0.7722602790190346,0.3287653398292647,0.01542962644857025,0.0873824282798778,1800000,3600000,1501200000,158.46
278,0.7698674353013725,0.33360633582535654,0.015613726404452355,0.08709163843793126,1800000,3600000,1506600000,159.03000000000003
279,0.770823850693135,0.33170613030221485,0.014222628422765322,0.08680181628175224,1800000,3600000,1512000000,159.60000000000002
280,0.7719509884385104,0.3258122925057747,0.014424861754644,0.08651295859109161,1800000,3600000,1517400000,160.17000000000002
281,0.7699195406767633,0.33030032223060163,0.015837664732010766,0.0862250621564165,1800000,3600000,1522800000,160.74
282,0.7722524964401617,0.32722938449720335,0.01614848844492244,0.08593812377887465,1800000,3600000,1528200000,161.31000000000003
283,0.7679927891308689,0.33035858376179306,0.013753247944934757,0.08565214027025891,1800000,3600000,1533600000,161.88000000000002
284,0.7722625296030895,0.32886271519307375,0.015618460966473189,0.08536710845297184,1800000,3600000,1539000000,162.45000000000002
285,0.7706791752798565,0.3254707127052773,0.01561406427063304,0.08508302515999028,1800000,3600000,1544400000,163.02
286,0.7710305874767287,0.3285387415368221,0.014022297101940435,0.08479988723483026,1800000,3600000,1549800000,163.59000000000003
287,0.770224806083216,0.33267486362906856,0.015945168966627885,0.08451769153151197,1800000,3600000,1555200000,164.16000000000003
288,0.7736621390918851,0.32644962837754854,0.014907543460053057,0.08423643491452465,1800000,3600000,1560600000,164.73000000000002
289,0.7712930507098076,0.3331447280407058,0.014032672896462853,0.08395611425879189,1800000,3600000,1566000000,165.3
290,0.7715591697319696,0.32149490946537146,0.014159930914985552,0.08367672644963688,1800000,3600000,1571400000,165.87
291,0.7714845994381019,0.3288840217341728,0.015356545351956729,0.08339826838274775,1800000,3600000,1576800000,166.44000000000003
292,0.7724563896485261,0.32893048083003,0.01582792589898081,0.08312073696414307,1800000,3600000,1582200000,167.01000000000002
293,0.7712649728735986,0.3251558743315724,0.013608710776780653,0.08284412911013761,1800000,3600000,1587600000,167.58
294,0.7701071808318909,0.3280486705701852,0.013395198888936307,0.0825684417473079,1800000,3600000,1593000000,168.15
295,0.770356637532793,0.327793248849486,0.012957770718160613,0.08229367181245818,1800000,3600000,1598400000,168.72000000000003
296,0.771506681865672,0.3251420546801048,0.01312734370304564,0.08201981625258635,1800000,3600000,1603800000,169.29000000000002
297,0.7694889452616605,0.3317092920571311,0.013534169677387244,0.08174687202485005,1800000,3600000,1609200000,169.86
298,0.7723578883869384,0.3327852163690716,0.014387096271444272,0.08147483609653282,1800000,3600000,1614600000,170.43
299,0.7690902550498749,0.3331467680423615,0.01237078498572261,0.08120370544501043,1800000,3600000,1620000000,171.00000000000003
300,0.7709768686450869,0.33328141346794904,0.014107471665063539,0.08093347705771732,1800000,3600000,1625400000,171.57000000000002
301,0.7690966233012821,0.33369230547457807,0.014602058599076475,0.08066414793211302,1800000,3600000,1630800000,172.14000000000001
302,0.7715926613013084,0.33157334333887084,0.013592390793149112,0.080395715075649,1800000,3600000,1636200000,172.71
303,0.771874853004226,0.32536761619256244,0.011653860281646231,0.08012817550573513,1800000,3600000,1641600000,173.28000000000003
304,0.7732235804567914,0.3289080670655201,0.012825899637577626,0.0798615262497068,1800000,3600000,1647000000,173.85000000000002
305,0.7721537550480779,0.3216153084322862,0.011865373305516663,0.07959576434479178,1800000,3600000,1652400000,174.42000000000002
306,0.7719760887828395,0.33005308685266643,0.01091109193742227,0.07933088683807722,1800000,3600000,1657800000,174.99
307,0.7719716504602543,0.3282454657290445,0.012159819666334346,0.07906689078647704,1800000,3600000,1663200000,175.56000000000003
308,0.7709855696236223,0.3246055149275582,0.013806253549554243,0.07880377325669904,1800000,3600000,1668600000,176.13000000000002
309,0.7698992131853808,0.3293683171464944,0.012178910876739347,0.07854153132521242,1800000,3600000,1674000000,176.70000000000002
310,0.7726917233699523,0.33232978290058857,0.013176527113832846,0.07828016207821521,1800000,3600000,1679400000,177.27
311,0.7712417860650761,0.33035271587843257,0.013231108337792355,0.07801966261160202,1800000,3600000,1684800000,177.84000000000003
312,0.7707031168451656,0.3310863433664707,0.014433570216631487,0.07776003003093164,1800000,3600000,1690200000,178.41000000000003
313,0.7722940414771116,0.33088977029970157,0.01397830654310534,0.07750126145139492,1800000,3600000,1695600000,178.98000000000002
314,0.7692598584176582,0.3275649905513195,0.013015258924407545,0.07724335399778277,1800000,3600000,1701000000,179.55
315,0.7689529923876128,0.32617808176876645,0.011172607705122226,0.07698630480445418,1800000,3600000,1706400000,180.12000000000003
316,0.7697466206523947,0.33010195988293606,0.01357261360092442,0.07673011101530436,1800000,3600000,1711800000,180.69000000000003
317,0.7695818952770521,0.3365100822350823,0.014771123139877886,0.07647476978373298,1800000,3600000,1717200000,181.26000000000002
318,0.7680756653154369,0.33448333216993414,0.012619761270346166,0.07622027827261263,1800000,3600000,1722600000,181.83
319,0.7726221550940454,0.3269335313202874,0.011861836292557326,0.07596663365425728,1800000,3600000,1728000000,182.40000000000003
320,0.7721333563950259,0.3288078947721695,0.014585903602779914,0.07571383311039072,1800000,3600000,1733400000,182.97000000000003
321,0.7715090083652041,0.3239880738112891,0.01330684287341964,0.07546187383211546,1800000,3600000,1738800000,183.54000000000002
322,0.7727214648456858,0.32761178500127,0.012529568465222447,0.07521075301988138,1800000,3600000,1744200000,184.11
323,0.7703459165766686,0.32785666388383555,0.011427567018156668,0.07496046788345459,1800000,3600000,1749600000,184.68
324,0.7690969468858279,0.331244657983907,0.011772685518735799,0.0747110156418866,1800000,3600000,1755000000,185.25000000000003
325,0.7714465561405159,0.3312132232853148,0.012361990367291272,0.07446239352348329,1800000,3600000,1760400000,185.82000000000002
326,0.7689814809793354,0.33142990241048936,0.012116841712278744,0.07421459876577408,1800000,3600000,1765800000,186.39000000000001
327,0.7739397711112681,0.32513212622703686,0.013461605716699947,0.07396762861548134,1800000,3600000,1771200000,186.96
328,0.7703705699513728,0.32656071362632877,0.011546319188067342,0.07372148032848977,1800000,3600000,1776600000,187.53000000000003
329,0.7675967463704811,0.33120751895353867,0.012203996501400825,0.07347615116981583,1800000,3600000,1782000000,188.10000000000002
330,0.7729043108137261,0.32683192620209517,0.01111017846421774,0.07323163841357751,1800000,3600000,1787400000,188.67000000000002
331,0.7689753386451356,0.32892823082018047,0.009884615363164352,0.07298793934296385,1800000,3600000,1792800000,189.24
332,0.7714900073240816,0.32765951290229267,0.011228035942815955,0.0727450512502049,1800000,3600000,1798200000,189.81000000000003
333,0.7709970097970883,0.33074582232814353,0.013253299118909302,0.0725029714365416,1800000,3600000,1803600000,190.38000000000002
334,0.7702639100276738,0.32901736823829153,0.01031638238375843,0.07226169721219572,1800000,3600000,1809000000,190.95000000000002
335,0.7708529894424893,0.32122584532301784,0.012099180612674988,0.07202122589634008,1800000,3600000,1814400000,191.52
336,0.7723746598856523,0.3277607541727737,0.011776127139698575,0.07178155481706869,1800000,3600000,1819800000,192.09000000000003
337,0.7699869872108374,0.3280788117824866,0.012393505812645977,0.0715426813113671,1800000,3600000,1825200000,192.66000000000003
338,0.7712466628248629,0.3307247311641754,0.011875805288399582,0.07130460272508277,1800000,3600000,1830600000,193.23000000000002
339,0.7739551101500401,0.32650817818550043,0.012224964533679302,0.07106731641289565,1800000,3600000,1836000000,193.8
340,0.7727738246678212,0.3274787466346508,0.011475022616546211,0.0708308197382887,1800000,3600000,1841400000,194.37000000000003
341,0.7707658907589654,0.3256630951142434,0.01212527227120284,0.07059511007351867,1800000,3600000,1846800000,194.94000000000003
342,0.7714297022184354,0.3328164630923737,0.01188626139519099,0.07036018479958688,1800000,3600000,1852200000,195.51000000000002
343,0.7686369492379092,0.33031524090975656,0.010098908884733535,0.07012604130621002,1800000,3600000,1857600000,196.08
344,0.7710334282601516,0.32809677480821275,0.011637546732477876,0.06989267699179139,1800000,3600000,1863000000,196.65000000000003
345,0.7718414697530667,0.3221194021456768,0.010729776470455109,0.06966008926339172,1800000,3600000,1868400000,197.22000000000003
346,0.77003441434115,0.32692636646944595,0.010690673280294351,0.06942827553670051,1800000,3600000,1873800000,197.79000000000002
347,0.7704561333154979,0.3338267861741993,0.01101446898124028,0.06919723323600736,1800000,3600000,1879200000,198.36
348,0.7712478361552804,0.3304192167698099,0.010370919477998883,0.06896695979417317,1800000,3600000,1884600000,198.93000000000004
349,0.7700295860602074,0.329666122097422,0.012441921278800862,0.06873745265260178,1800000,3600000,1890000000,199.50000000000003
350,0.7709596687740343,0.32956451135791753,0.011208594362882195,0.06850870926121148,1800000,3600000,1895400000,200.07000000000002
351,0.7717333747282028,0.3309560020479239,0.00972837756998236,0.06828072707840671,1800000,3600000,1900800000,200.64000000000001
352,0.7711141252280921,0.33114420057519955,0.01269582697603669,0.06805350357104971,1800000,3600000,1906200000,201.21
353,0.7706923415031396,0.33174449100022874,0.009507668373724189,0.06782703621443252,1800000,3600000,1911600000,201.78000000000003
354,0.7682427987702738,0.33225925355495534,0.009595787439794844,0.06760132249224887,1800000,3600000,1917000000,202.35000000000002
355,0.7719618298449352,0.3333584032700539,0.012073532211319817,0.06737635989656618,1800000,3600000,1922400000,202.92000000000002
356,0.7732404912350951,0.32673765176289893,0.011755130277196756,0.06715214592779772,1800000,3600000,1927800000,203.49
357,0.7700173478726687,0.3282586381455123,0.011383972210004575,0.0669286780946749,1800000,3600000,1933200000,204.06000000000003
358,0.7683828718360465,0.33480956715932253,0.011310503373258248,0.06670595391421945,1800000,3600000,1938600000,204.63000000000002
359,0.770785424676481,0.32753130085268056,0.011432947873122936,0.066483970911716,1800000,3600000,1944000000,205.20000000000002
360,0.7700162201049501,0.33011248662709103,0.011444114519794383,0.06626272662068447,1800000,3600000,1949400000,205.77
361,0.7716772715942286,0.32267163554100337,0.011457086080550403,0.06604221858285264,1800000,3600000,1954800000,206.34000000000003
362,0.7717173136045715,0.32510072623689656,0.010275649170453918,0.06582244434812895,1800000,3600000,1960200000,206.91000000000003
363,0.7717996905379144,0.33294524058965724,0.010498579360496712,0.06560340147457523,1800000,3600000,1965600000,207.48000000000002
364,0.7699538953488658,0.331920157268792,0.010744857183742268,0.06538508752837947,1800000,3600000,1971000000,208.05
365,0.7719855272200709,0.32741259578345816,0.010477903252950447,0.06516750008382895,1800000,3600000,1976400000,208.62000000000003
366,0.7703635605640573,0.32797170309459095,0.010619692796360932,0.06495063672328313,1800000,3600000,1981800000,209.19000000000003
367,0.7730021510318711,0.32738862849123535,0.009743597405492977,0.0647344950371469,1800000,3600000,1987200000,209.76000000000002
368,0.7693256728510914,0.335101098355257,0.011578573252625613,0.06451907262384375,1800000,3600000,1992600000,210.33
369,0.7660461982532538,0.33234006310639486,0.011030088826530848,0.06430436708978908,1800000,3600000,1998000000,210.90000000000003
370,0.7683189543666054,0.3247934029401659,0.009362620726564755,0.06409037604936363,1800000,3600000,2003400000,211.47000000000003
371,0.7712581586304348,0.3306688116632219,0.009652805537725616,0.063877097124887,1800000,3600000,2008800000,212.04000000000002
372,0.7677650741736818,0.33546809808979855,0.010313091412582732,0.06366452794659114,1800000,3600000,2014200000,212.61
373,0.7710805779185699,0.3299278123515524,0.011323607607946881,0.06345266615259412,1800000,3600000,2019600000,213.18000000000004
374,0.7701305313322111,0.32726656548100846,0.008574242722462728,0.06324150938887384,1800000,3600000,2025000000,213.75000000000003
375,0.7727533288556532,0.3174248578061138,0.01038010944689891,0.06303105530924182,1800000,3600000,2030400000,214.32000000000002
376,0.7693209047287908,0.3341041279163829,0.009202581643373231,0.06282130157531728,1800000,3600000,2035800000,214.89000000000001
377,0.7693227809315283,0.33224487783576384,0.009220407414024464,0.06261224585650099,1800000,3600000,2041200000,215.46000000000004
378,0.7709046890357397,0.32998088599461206,0.01064825959407477,0.06240388582994949,1800000,3600000,2046600000,216.03000000000003
379,0.7694468775100873,0.33019426794956946,0.010240570995066143,0.06219621918054922,1800000,3600000,2052000000,216.60000000000002
380,0.7698415098480003,0.3308448039750544,0.010137975310775614,0.061989243600890837,1800000,3600000,2057400000,217.17000000000002
381,0.7740008811421712,0.3267464514426207,0.009288936487517324,0.06178295679124355,1800000,3600000,2062800000,217.74000000000004
382,0.7700561536571257,0.32620434960673056,0.010107197346991366,0.06157735645952957,1800000,3600000,2068200000,218.31000000000003
383,0.7707468824917451,0.3313349907066335,0.009999570779127076,0.061372440321298655,1800000,3600000,2073600000,218.88000000000002
384,0.7709728484502321,0.3318276900342524,0.01185957308937545,0.06116820609970271,1800000,3600000,2079000000,219.45000000000002
385,0.7723066554545288,0.32591748403851034,0.008374048900006233,0.0609646515254705,1800000,3600000,2084400000,220.02
386,0.7679030839957822,0.3341596739847745,0.008844519120492814,0.060761774336882464,1800000,3600000,2089800000,220.59000000000003
387,0.7708316241833204,0.3252245973872798,0.012610771654712041,0.06055957227974552,1800000,3600000,2095200000,221.16000000000003
388,0.7710913857059691,0.3278340608215432,0.01137037636267784,0.06035804310736805,1800000,3600000,2100600000,221.73000000000002
389,0.7679690529703924,0.33419322490867026,0.009805776040688888,0.060157184580534956,1800000,3600000,2106000000,222.3
390,0.7706965496709455,0.32748012401141524,0.0087265372736186,0.05995699446748277,1800000,3600000,2111400000,222.87000000000003
391,0.7703373507881157,0.3289258772667125,0.00850207649210775,0.05975747054387485,1800000,3600000,2116800000,223.44000000000003
392,0.7728820399083411,0.32787815487653865,0.010867024345300876,0.05955861059277665,1800000,3600000,2122200000,224.01000000000002
393,0.7710089101002864,0.3226890057080298,0.01114872920788744,0.0593604124046311,1800000,3600000,2127600000,224.58
394,0.7730603592318729,0.3300260273052387,0.007462720621140579,0.0591628737772341,1800000,3600000,2133000000,225.15000000000003
395,0.7715834453404815,0.32607850405184935,0.00818217301978095,0.05896599251570996,1800000,3600000,2138400000,225.72000000000003
396,0.7701760541943047,0.331478644502788,0.009340410470965106,0.058769766432487075,1800000,3600000,2143800000,226.29000000000002
397,0.7731238704457235,0.32720603726129766,0.010877629993069295,0.05857419334727365,1800000,3600000,2149200000,226.86
398,0.7681626397892806,0.33023447239383974,0.007025216154460449,0.05837927108703333,1800000,3600000,2154600000,227.43000000000004
399,0.7697810581889432,0.3245131628842711,0.009206005432242167,0.05818499748596127,1800000,3600000,2160000000,228.00000000000003
400,0.7711848341342312,0.3278642391330682,0.008136493287038832,0.05799137038545989,1800000,3600000,2165400000,228.57000000000002
401,0.7722918430032245,0.33096157197078874,0.00797920990212274,0.05779838763411496,1800000,3600000,2170800000,229.14000000000001
402,0.7694507923571222,0.3342557474218574,0.00857180703596143,0.05760604708767172,1800000,3600000,2176200000,229.71000000000004
403,0.7713156095762139,0.3270840051363794,0.00834639273411941,0.057414346609011,1800000,3600000,2181600000,230.28000000000003
404,0.7667484031470923,0.3295877696727936,0.009433136722261148,0.05722328406812549,1800000,3600000,2187000000,230.85000000000002
405,0.7681565871907983,0.32936714942060336,0.008464272248380207,0.05703285734209613,1800000,3600000,2192400000,231.42000000000002
406,0.7716886484415016,0.32238676811533246,0.009353914350561586,0.05684306431506844,1800000,3600000,2197800000,231.99000000000004
407,0.770358088918896,0.33069549835295164,0.007858075209686352,0.05665390287822906,1800000,3600000,2203200000,232.56000000000003
408,0.7677184612413557,0.3319703587807596,0.00964091482187376,0.056465370929782294,1800000,3600000,2208600000,233.13000000000002
409,0.7709248558478734,0.32978226608473915,0.009528412620793788,0.05627746637492678,1800000,3600000,2214000000,233.70000000000002
410,0.7738553437221357,0.32196344720867864,0.007720993629879744,0.05609018712583219,1800000,3600000,2219400000,234.27000000000004
411,0.7708108478363734,0.3262837303359625,0.007535923765868587,0.05590353110161606,1800000,3600000,2224800000,234.84000000000003
412,0.7710125996837441,0.3286325081292968,0.009177679602345487,0.05571749622832065,1800000,3600000,2230200000,235.41000000000003
413,0.7719994538979965,0.3310601680670064,0.008548814883923164,0.05553208043888989,1800000,3600000,2235600000,235.98000000000002
414,0.7687778838456003,0.33412994338434765,0.00804330595615299,0.05534728167314643,1800000,3600000,2241000000,236.55000000000004
415,0.7703955394856561,0.3305956486274224,0.008795762625497994,0.05516309787776877,1800000,3600000,2246400000,237.12000000000003
416,0.7723215209941521,0.32232904280269503,0.009055211797177932,0.05497952700626836,1800000,3600000,2251800000,237.69000000000003
417,0.773229110931646,0.33433171587539084,0.008154804326097286,0.054796567018967006,1800000,3600000,2257200000,238.26000000000002
418,0.7717835280685826,0.32762038105695585,0.008078867984044249,0.05461421588297405,1800000,3600000,2262600000,238.83
419,0.7728153321135186,0.3320876732608832,0.00850485164538655,0.05443247157216389,1800000,3600000,2268000000,239.40000000000003
420,0.772038333002238,0.3252644153236567,0.008452617029502781,0.05425133206715343,1800000,3600000,2273400000,239.97000000000003
421,0.771304612752199,0.32656788108892953,0.00979939867445123,0.05407079535527962,1800000,3600000,2278800000,240.54000000000002
422,0.7718001784991633,0.3321676526644391,0.00861534647157694,0.05389085943057717,1800000,3600000,2284200000,241.11
423,0.7688436537619147,0.33311441956329096,0.008571385455055064,0.05371152229375616,1800000,3600000,2289600000,241.68000000000004
424,0.7716907811005039,0.32860249268361813,0.009541984012918928,0.053532781952179885,1800000,3600000,2295000000,242.25000000000003
425,0.7728960639667929,0.32762194745125306,0.008245514269006698,0.05335463641984271,1800000,3600000,2300400000,242.82000000000002
426,0.770307731257671,0.32821387415779063,0.005785570042099443,0.05317708371734802,1800000,3600000,2305800000,243.39000000000001
427,0.7711487707261837,0.33079342207554696,0.009051861211260628,0.05300012187188616,1800000,3600000,2311200000,243.96000000000004
428,0.7725613345813863,0.3250254236884977,0.007405276849952531,0.05282374891721258,1800000,3600000,2316600000,244.53000000000003
429,0.7699377084995914,0.3272984030908113,0.008373180526752186,0.052647962893626,1800000,3600000,2322000000,245.10000000000002
430,0.7710266850535641,0.3289648774245511,0.007447396611820624,0.05247276184794653,1800000,3600000,2327400000,245.67000000000002
431,0.7711711065837286,0.32480099194385026,0.008607087729225612,0.05229814383349411,1800000,3600000,2332800000,246.24000000000004
432,0.7709743559377624,0.32670969730869526,0.007781943396158993,0.05212410691006679,1800000,3600000,2338200000,246.81000000000003
433,0.7715651298393442,0.32418002923239286,0.007064607207258649,0.051950649143919156,1800000,3600000,2343600000,247.38000000000002
434,0.7709071932020197,0.32474323975065333,0.008293401890425628,0.05177776860774092,1800000,3600000,2349000000,247.95000000000002
435,0.7698012847698598,0.3282103733195298,0.0074789572174128625,0.051605463380635486,1800000,3600000,2354400000,248.52000000000004
436,0.7725461319701907,0.3287372246794619,0.007845447571528157,0.05143373154809852,1800000,3600000,2359800000,249.09000000000003
437,0.7710772608178917,0.3299202528176964,0.006836278255623629,0.051262571201996794,1800000,3600000,2365200000,249.66000000000003
438,0.7721752807741066,0.3239205181864763,0.009358030662268384,0.05109198044054694,1800000,3600000,2370600000,250.23000000000002
439,0.7738825788990567,0.32997748852920106,0.007333071608890309,0.05092195736829428,1800000,3600000,2376000000,250.80000000000004
440,0.7720597746995038,0.3282778517635331,0.007901331403915182,0.05075250009609183,1800000,3600000,2381400000,251.37000000000003
441,0.7706470528189625,0.32499166076726127,0.00821956606964665,0.05058360674107924,1800000,3600000,2386800000,251.94000000000003
442,0.7683090675196917,0.333084974475423,0.008872073911528236,0.05041527542666197,1800000,3600000,2392200000,252.51000000000002
443,0.7710499195667027,0.32740027823226464,0.008539421591678713,0.05024750428249035,1800000,3600000,2397600000,253.08000000000004
444,0.7714534574588195,0.3330237240840625,0.006706904602828032,0.050080291444438804,1800000,3600000,2403000000,253.65000000000003
445,0.7701937778424844,0.32603226004954566,0.006503866384744508,0.0499136350545852,1800000,3600000,2408400000,254.22000000000003
446,0.769425046501065,0.3273462722109571,0.006372599042632605,0.04974753326119018,1800000,3600000,2413800000,254.79000000000002
447,0.7689858829928367,0.327040185477468,0.007907268756533846,0.04958198421867652,1800000,3600000,2419200000,255.36
448,0.7699396020170978,0.3347604807904046,0.008336367871630742,0.04941698608760872,1800000,3600000,2424600000,255.93000000000004
449,0.7726569397069541,0.32483041428682774,0.008183959169093254,0.04925253703467255,1800000,3600000,2430000000,256.5
450,0.7720594018996929,0.32307043672687163,0.007337265425797919,0.04908863523265456,1800000,3600000,2435400000,257.07000000000005
451,0.7712387140407219,0.3333747902630308,0.00626450408905032,0.04892527886042197,1800000,3600000,2440800000,257.64000000000004
452,0.7704492362095223,0.3333202173461459,0.006362016815464704,0.048762466102902295,1800000,3600000,2446200000,258.21000000000004
453,0.7720233730976338,0.32926235363325596,0.0065508424997360514,0.0486001951510632,1800000,3600000,2451600000,258.78000000000003
454,0.7688358790469949,0.32623366667879056,0.005861247876848948,0.04843846420189246,1800000,3600000,2457000000,259.35
455,0.7730113156310098,0.3301889876122986,0.006806536416605933,0.04827727145837786,1800000,3600000,2462400000,259.92
456,0.7709706293457013,0.329837382106781,0.006171486192366207,0.04811661512948724,1800000,3600000,2467800000,260.49
457,0.7695048450772811,0.32761164710691554,0.009111740221272157,0.047956493430148656,1800000,3600000,2473200000,261.06
458,0.7719326377993259,0.3234193674016898,0.007879361096408298,0.047796904581230454,1800000,3600000,2478600000,261.63000000000005
459,0.7711058008235226,0.33142941479910387,0.0075526388100548465,0.04763784680952156,1800000,3600000,2484000000,262.20000000000005
460,0.7725616484113533,0.33172070418036287,0.007160334203808456,0.04747931834771174,1800000,3600000,2489400000,262.77000000000004
461,0.7681730256431315,0.332024971823352,0.00577476046819092,0.04732131743437206,1800000,3600000,2494800000,263.34000000000003
462,0.7702449693565548,0.3340908839678852,0.006722641750069051,0.047163842313935146,1800000,3600000,2500200000,263.91
463,0.7716034284604885,0.32617316019102854,0.005498843690122017,0.04700689123667585,1800000,3600000,2505600000,264.48
464,0.769890722469054,0.3287366400586933,0.007760682294457105,0.04685046245869167,1800000,3600000,2511000000,265.05
465,0.7710372494781893,0.325277169870591,0.007993732073602582,0.04669455424188347,1800000,3600000,2516400000,265.62
466,0.7706201517779008,0.3298783322259269,0.009094647552680312,0.04653916485393615,1800000,3600000,2521800000,266.19000000000005
467,0.7697442441614631,0.32476891342700104,0.0057267749251312,0.046384292568299325,1800000,3600000,2527200000,266.76000000000005
468,0.7703194668799526,0.33083663438275973,0.006435434346085405,0.04622993566416824,1800000,3600000,2532600000,267.33000000000004
469,0.7710327157859963,0.33031198348914187,0.004459037275104719,0.046076092426464606,1800000,3600000,2538000000,267.90000000000003
470,0.7685868515893796,0.3292517206846022,0.005864428775872368,0.04592276114581752,1800000,3600000,2543400000,268.47
471,0.7711235498737204,0.3245833081789737,0.009007487101467876,0.0457699401185445,1800000,3600000,2548800000,269.04
472,0.7686375335005222,0.329646372154899,0.007654003833410105,0.04561762764663259,1800000,3600000,2554200000,269.61
473,0.7699610109932312,0.33111051846174644,0.007370651139027307,0.045465822037719386,1800000,3600000,2559600000,270.18
474,0.7718258485955803,0.3343085436627399,0.0065889234190191675,0.045314521605074355,1800000,3600000,2565000000,270.75000000000006
475,0.7714568242876862,0.33047849082432246,0.007295611769782951,0.04516372466758004,1800000,3600000,2570400000,271.32000000000005
476,0.7703932427577868,0.32566387472074926,0.006385263280018211,0.04501342954971334,1800000,3600000,2575800000,271.89000000000004
477,0.7697855194438736,0.332355955531865,0.00621099923333864,0.04486363458152695,1800000,3600000,2581200000,272.46000000000004
478,0.7736795735162216,0.3284294440013122,0.007985133392131165,0.044714338098630825,1800000,3600000,2586600000,273.03000000000003
479,0.7714668780268822,0.33071168037582527,0.007215649551031819,0.04456553844217358,1800000,3600000,2592000000,273.6
480,0.7712781022718268,0.32996243951930143,0.007299997968749194,0.04441723395882419,1800000,3600000,2597400000,274.17
481,0.7710234719137247,0.3334179342295912,0.00718532155264972,0.04426942300075353,1800000,3600000,2602800000,274.74
482,0.7723059387653212,0.32780039673736916,0.007124508702984249,0.04412210392561611,1800000,3600000,2608200000,275.31
483,0.7713800425977695,0.32784297164165493,0.00589909217320391,0.04397527509653179,1800000,3600000,2613600000,275.88000000000005
484,0.7689323617208635,0.33757985669015145,0.007366719840157369,0.043828934882067634,1800000,3600000,2619000000,276.45000000000005
485,0.7682719553119617,0.3332618309310699,0.006473676058241292,0.043683081656219744,1800000,3600000,2624400000,277.02000000000004
486,0.7692222292654578,0.33333594238555286,0.00586648048757381,0.043537713798395224,1800000,3600000,2629800000,277.59000000000003
487,0.7691518714991199,0.3290996466766957,0.008057533884819137,0.04339282969339417,1800000,3600000,2635200000,278.16
488,0.7689118522284343,0.3350488283916998,0.006646034935618711,0.04324842773139169,1800000,3600000,2640600000,278.73
489,0.7712355272271252,0.33331606758798366,0.007098447901507396,0.04310450630792006,1800000,3600000,2646000000,279.3
490,0.770558020564379,0.33368365060358995,0.005432686996548152,0.04296106382385086,1800000,3600000,2651400000,279.87
491,0.7719799548250977,0.3295832134668425,0.006527809218429916,0.042818098685377254,1800000,3600000,2656800000,280.44000000000005
492,0.7701162830801255,0.32557060515483704,0.0067550418944141355,0.04267560930399622,1800000,3600000,2662200000,281.01000000000005
493,0.768471007730046,0.3339753133670663,0.007616154006544971,0.04253359409649095,1800000,3600000,2667600000,281.58000000000004
494,0.7683718124128763,0.33103092699438286,0.006044580492762324,0.04239205148491322,1800000,3600000,2673000000,282.15000000000003
495,0.7720485844222813,0.3263100832219749,0.0056145585534791665,0.04225097989656591,1800000,3600000,2678400000,282.72
496,0.771411372578558,0.3226179654570001,0.006883192458689947,0.042110377763985456,1800000,3600000,2683800000,283.29
497,0.7695451913385686,0.3324855637838621,0.006470046733034915,0.041970243524924504,1800000,3600000,2689200000,283.86
498,0.7705623666064904,0.3256197305189549,0.007193306415050094,0.04183057562233452,1800000,3600000,2694600000,284.43
499,0.7685449536818599,0.33143822714550547,0.006433523826838384,0.04169137250434846,1800000,3600000,2700000000,285.00000000000006
500,0.772338820778971,0.3261080364861399,0.006945154063681857,0.041552632624263605,1800000,3600000,2705400000,285.57000000000005
501,0.7681983757882475,0.33527207004114185,0.004711823224244705,0.0414143544405243,1800000,3600000,2710800000,286.14000000000004
502,0.7730339724160341,0.3272986668508357,0.0063069756740744,0.04127653641670483,1800000,3600000,2716200000,286.71000000000004
503,0.7733443883694251,0.3278236852240743,0.0067312171606837,0.04113917702149243,1800000,3600000,2721600000,287.28000000000003
504,0.7706742509448411,0.3280394505894454,0.0070176349744859165,0.04100227472867019,1800000,3600000,2727000000,287.85
505,0.7710560286027529,0.3239597235813112,0.006687959208232954,0.0408658280171001,1800000,3600000,2732400000,288.42
506,0.7704388848955339,0.32974028680368894,0.005726203668128439,0.04072983537070618,1800000,3600000,2737800000,288.99
507,0.767138897373107,0.3345280139521237,0.006043415535689891,0.04059429527845764,1800000,3600000,2743200000,289.56000000000006
508,0.7702227498566053,0.32849623694391566,0.005053932891652843,0.04045920623435205,1800000,3600000,2748600000,290.13000000000005
509,0.7721205330084028,0.33020798279546487,0.006873379407746699,0.040324566737398634,1800000,3600000,2754000000,290.70000000000005
510,0.7734392632489606,0.3254078778805348,0.006626741940529679,0.040190375291601625,1800000,3600000,2759400000,291.27000000000004
511,0.7719689211059204,0.3268373189263663,0.007427551190671107,0.04005663040594355,1800000,3600000,2764800000,291.84000000000003
512,0.7707102540858037,0.32678203267000505,0.005833624210021322,0.03992333059436875,1800000,3600000,2770200000,292.41
513,0.7703363460904334,0.3321751013666488,0.0073501969876593,0.03979047437576686,1800000,3600000,2775600000,292.98
514,0.7724779002811364,0.3275398321507328,0.006789304665135668,0.039658060273956276,1800000,3600000,2781000000,293.55
515,0.772401718299403,0.32872355140593834,0.006388085219736446,0.039526086817667866,1800000,3600000,2786400000,294.12
516,0.7702893855037776,0.3263853451272542,0.0056355296626427786,0.03939455254052851,1800000,3600000,2791800000,294.69000000000005
517,0.7711338129839369,0.32769214740880936,0.005475025222279259,0.039263455981044894,1800000,3600000,2797200000,295.26000000000005
518,0.7738207974164265,0.32413344796374216,0.006056252232283545,0.039132795682587256,1800000,3600000,2802600000,295.83000000000004
519,0.7687611722118591,0.32996583761313225,0.005568274891828405,0.03900257019337312,1800000,3600000,2808000000,296.40000000000003
520,0.7712015853760801,0.3252081432998401,0.004676795490251284,0.03887277806645128,1800000,3600000,2813400000,296.97
521,0.7691616177362954,0.3276366511204299,0.005724239382642831,0.03874341785968567,1800000,3600000,2818800000,297.54
522,0.7701659142389502,0.32934389753281673,0.004915829118158395,0.03861448813573931,1800000,3600000,2824200000,298.11
523,0.7703869422007763,0.33215097892156165,0.005131069791752634,0.0384859874620584,1800000,3600000,2829600000,298.68
524,0.7714187349632129,0.3251558404438526,0.0061356380384442475,0.03835791441085635,1800000,3600000,2835000000,299.25000000000006
525,0.772884077132941,0.3217475017947345,0.006596704460139154,0.03823026755909793,1800000,3600000,2840400000,299.82000000000005
526,0.77182281534424,0.32663543859507854,0.006277468122342996,0.038103045488483485,1800000,3600000,2845800000,300.39000000000004
527,0.7691619180778152,0.3241352098154703,0.0053611769966399785,0.03797624678543314,1800000,3600000,2851200000,300.96000000000004
528,0.7725540897499503,0.32607932718025917,0.00467744427690009,0.03784987004107112,1800000,3600000,2856600000,301.53000000000003
529,0.7730259222894776,0.32328269056184866,0.005961283881122085,0.03772391385121006,1800000,3600000,2862000000,302.1
530,0.7695589839113894,0.3259971224458692,0.00521868362979154,0.03759837681633546,1800000,3600000,2867400000,302.67
531,0.7703869995661855,0.3240888310227756,0.0070360311653380175,0.037473257541590074,1800000,3600000,2872800000,303.24
532,0.7690286806153279,0.328080541256009,0.007132629223529457,0.03734855463675846,1800000,3600000,2878200000,303.81000000000006
533,0.7703129697669161,0.32901756592977105,0.003838301076890978,0.037224266716251495,1800000,3600000,2883600000,304.38000000000005
534,0.773484650029285,0.32985099283082536,0.005959851554311348,0.037100392399091006,1800000,3600000,2889000000,304.95000000000005
535,0.7737087011557574,0.32300700135517657,0.005224888750844963,0.03697693030889443,1800000,3600000,2894400000,305.52000000000004
536,0.7703355676437377,0.3332724635087889,0.006334945470729462,0.03685387907385949,1800000,3600000,2899800000,306.09000000000003
537,0.7689450410857865,0.3276571157385189,0.006778360322272135,0.036731237326748954,1800000,3600000,2905200000,306.66
538,0.7710270820224739,0.33286282304817416,0.005345641781394442,0.036609003704875506,1800000,3600000,2910600000,307.23
539,0.7682500137531676,0.33288581184085614,0.0053920962690666855,0.036487176850086525,1800000,3600000,2916000000,307.8
540,0.7727548797274634,0.3294194714166275,0.005357877175781927,0.036365755408749034,1800000,3600000,2921400000,308.37000000000006
541,0.7699071506412727,0.32992139376058327,0.005080283573887435,0.036244738031734676,1800000,3600000,2926800000,308.94000000000005
542,0.7726558464067429,0.323800505408569,0.005626969454956094,0.03612412337440466,1800000,3600000,2932200000,309.51000000000005
543,0.7691057077759709,0.3288207254615665,0.004381846258307925,0.03600391009659489,1800000,3600000,2937600000,310.08000000000004
544,0.769974959986181,0.33322294272098957,0.0044337027148693645,0.035884096862601064,1800000,3600000,2943000000,310.65000000000003
545,0.7681466975249189,0.33395000035057854,0.004611312671234052,0.03576468234116376,1800000,3600000,2948400000,311.22
546,0.7699777079152731,0.32908396360066045,0.0057904004745827214,0.035645665205453765,1800000,3600000,2953800000,311.79
547,0.7709217952615698,0.3252926529092079,0.004616614144169851,0.035527044133057226,1800000,3600000,2959200000,312.36
548,0.7710304217582047,0.3250395537924193,0.00627419014606137,0.035408817805960995,1800000,3600000,2964600000,312.93
549,0.772925018154599,0.32594482831744526,0.005853331440828105,0.035290984910538004,1800000,3600000,2970000000,313.50000000000006
550,0.7701710448069915,0.33362227120407517,0.004892097343695185,0.03517354413753266,1800000,3600000,2975400000,314.07000000000005
551,0.7696135108092315,0.33158345772970044,0.005180123527203374,0.03505649418204626,1800000,3600000,2980800000,314.64000000000004
552,0.7715091996711234,0.33006982762893367,0.0048671745647762546,0.03493983374352255,1800000,3600000,2986200000,315.21000000000004
553,0.7697823686019932,0.32989588081891075,0.004366789716849986,0.03482356152573324,1800000,3600000,2991600000,315.78000000000003
554,0.77138778323912,0.32610280992582497,0.0033948509352645373,0.03470767623676358,1800000,3600000,2997000000,316.35
555,0.770346776458492,0.3319812525754567,0.005447846478269531,0.034592176588998075,1800000,3600000,3002400000,316.92
556,0.7716429859188378,0.3249316396619318,0.001742798180890212,0.03447706129910612,1800000,3600000,3007800000,317.49
557,0.7696006696420483,0.3276533866765335,0.005738314350394289,0.03436232908802773,1800000,3600000,3013200000,318.06000000000006
558,0.7686075757265429,0.3287861551229006,0.00546866617240256,0.034247978680959405,1800000,3600000,3018600000,318.63000000000005
559,0.7704957955982403,0.32752087494272164,0.0036669777682023378,0.03413400880733988,1800000,3600000,3024000000,319.20000000000005
560,0.7676913656330673,0.33340841601529,0.004481437260696279,0.03402041820083606,1800000,3600000,3029400000,319.77000000000004
561,0.7720195384782305,0.3300343693059197,0.004615362996658865,0.03390720559932891,1800000,3600000,3034800000,320.34000000000003
562,0.7709247220196948,0.32534998585166935,0.004115142280715912,0.033794369744899494,1800000,3600000,3040200000,320.91
563,0.769746253373306,0.33360765673000814,0.004446887617654831,0.033681909383814906,1800000,3600000,3045600000,321.48
564,0.771434435380136,0.32593821403433726,0.004467468974573435,0.033569823266514455,1800000,3600000,3051000000,322.05
565,0.7700422730327869,0.33388531680786165,0.005711188838046876,0.03345811014759566,1800000,3600000,3056400000,322.62000000000006
566,0.7689169154599246,0.32652605767032594,0.004867378841666423,0.03334676878580049,1800000,3600000,3061800000,323.19000000000005
567,0.7708934728132435,0.32843006598980923,0.0052145811417253956,0.03323579794400159,1800000,3600000,3067200000,323.76000000000005
568,0.7710961713852206,0.32870643791900506,0.006608555067837655,0.03312519638918843,1800000,3600000,3072600000,324.33000000000004
569,0.7685005191364803,0.3286939857993307,0.005285111700742094,0.03301496289245373,1800000,3600000,3078000000,324.90000000000003
570,0.7734091429627258,0.32689497179962385,0.003633940693377363,0.03290509622897971,1800000,3600000,3083400000,325.47
571,0.7736008868718984,0.3316909485645461,0.004987759697398158,0.03279559517802455,1800000,3600000,3088800000,326.04
572,0.7698449269357629,0.32827892210123816,0.005091865437719222,0.032686458522908766,1800000,3600000,3094200000,326.61
573,0.7690814952247513,0.33427215608901645,0.00292759337983108,0.03257768505100174,1800000,3600000,3099600000,327.18000000000006
574,0.7710037061703573,0.3234327080621015,0.003130324994147956,0.03246927355370822,1800000,3600000,3105000000,327.75000000000006
575,0.7711441333715285,0.3285839517183548,0.003692158740803291,0.03236122282645489,1800000,3600000,3110400000,328.32000000000005
576,0.7713364215339563,0.32551401986557654,0.004318361004501327,0.03225353166867703,1800000,3600000,3115800000,328.89000000000004
577,0.7709332889309408,0.33201117067474606,0.0035743501000303174,0.03214619888380508,1800000,3600000,3121200000,329.46000000000004
578,0.7697562941070819,0.33149689947770383,0.0035271016357584723,0.032039223279251454,1800000,3600000,3126600000,330.03000000000003
579,0.7716803435167747,0.3337650585237491,0.004783289377500858,0.03193260366639722,1800000,3600000,3132000000,330.6
580,0.769696101855185,0.3343590223552796,0.005104280143826103,0.031826338860578916,1800000,3600000,3137400000,331.17
581,0.7705129352451376,0.33295754496018687,0.005610588864998654,0.03172042768107538,1800000,3600000,3142800000,331.74
582,0.7689671893619727,0.3298819348415205,0.0057245996396050975,0.031614868951094645,1800000,3600000,3148200000,332.31000000000006
583,0.7718575847644978,0.33117892874758664,0.00342893561834839,0.03150966149776084,1800000,3600000,3153600000,332.88000000000005
584,0.7699064082674636,0.33196424541694897,0.0046499849451733626,0.03140480415210119,1800000,3600000,3159000000,333.45000000000005
585,0.7698295299898971,0.3290818311639193,0.0034616731173391837,0.03130029574903299,1800000,3600000,3164400000,334.02000000000004
586,0.7698608861195837,0.3305664199866917,0.002491252891043326,0.031196135127350685,1800000,3600000,3169800000,334.59000000000003
587,0.769143265129835,0.33053794513706497,0.00590712182757115,0.03109232112971296,1800000,3600000,3175200000,335.16
588,0.7711301388117682,0.32738738452104926,0.005039746122178415,0.0309888526026299,1800000,3600000,3180600000,335.73
589,0.7706302505853321,0.335148800331372,0.0024015407330000484,0.030885728396450124,1800000,3600000,3186000000,336.3
590,0.7716113917992686,0.3315141860021916,0.002808994984862388,0.03078294736534807,1800000,3600000,3191400000,336.87000000000006
591,0.7698903070997482,0.3321541635099383,0.006310315824752107,0.030680508367311208,1800000,3600000,3196800000,337.44000000000005
592,0.7672626911471843,0.32275967524982235,0.0038994246529308403,0.030578410264127404,1800000,3600000,3202200000,338.01000000000005
593,0.7714800937482845,0.327527490030533,0.005523744034626437,0.030476651921372246,1800000,3600000,3207600000,338.58000000000004
594,0.7700443735416413,0.3343021858385268,0.003604969813308276,0.03037523220839642,1800000,3600000,3213000000,339.15000000000003
595,0.7702643291903636,0.32825705302747965,0.003052928154160429,0.030274149998313186,1800000,3600000,3218400000,339.72
596,0.7738363729051985,0.32235877874335567,0.004147473025020299,0.030173404167985855,1800000,3600000,3223800000,340.29
597,0.7691735406367847,0.3305678519693064,0.0018107428303355362,0.030072993598015248,1800000,3600000,3229200000,340.86
598,0.768673516146173,0.3298860255869233,0.0039896444335846834,0.029972917172727348,1800000,3600000,3234600000,341.43000000000006
599,0.7724628486896276,0.3265849467132784,0.004663516923997298,0.02987317378016085,1800000,3600000,3240000000,342.00000000000006
600,0.7723371042687289,0.3285415094182024,0.003237193960071813,0.029773762312054794,1800000,3600000,3245400000,342.57000000000005
601,0.7713873071686712,0.3265143355072982,0.00514846040318063,0.029674681663836296,1800000,3600000,3250800000,343.14000000000004
602,0.773281019743449,0.33321874829042236,0.004448630903938336,0.029575930734608246,1800000,3600000,3256200000,343.71000000000004
603,0.772732170195558,0.32789550791075905,0.003472471575522742,0.029477508427137096,1800000,3600000,3261600000,344.28000000000003
604,0.7709862838076239,0.32965728463011473,0.004853238112408538,0.029379413647840618,1800000,3600000,3267000000,344.85
605,0.7706289565060924,0.33069512513560695,0.0029832040089114676,0.02928164530677581,1800000,3600000,3272400000,345.42
606,0.7700415618052043,0.329916205874199,0.004875173765874069,0.02918420231762678,1800000,3600000,3277800000,345.99000000000007
607,0.7728905402169777,0.3269210532086067,0.0057672902030810845,0.029087083597692635,1800000,3600000,3283200000,346.56000000000006
608,0.772470644524691,0.324115653170616,0.0035109936007731058,0.028990288067875493,1800000,3600000,3288600000,347.13000000000005
609,0.7709385130077523,0.3291137928289709,0.0035688241267016604,0.028893814652668486,1800000,3600000,3294000000,347.70000000000005
610,0.771318891719431,0.33534050081496203,0.004633735759437381,0.028797662280143754,1800000,3600000,3299400000,348.27000000000004
611,0.770738614855602,0.3284826994129977,0.004153716948568939,0.028701829881940626,1800000,3600000,3304800000,348.84000000000003
612,0.7717273474784236,0.32622659833135087,0.0032176765137993586,0.0286063163932537,1800000,3600000,3310200000,349.41
613,0.768446367425228,0.3350618802087133,0.004908889871760037,0.028511120752821004,1800000,3600000,3315600000,349.98
614,0.7701249769760574,0.33371505767405085,0.005451068949276121,0.028416241902912216,1800000,3600000,3321000000,350.55
615,0.7711967524535034,0.32804311353154564,0.004297255996893115,0.02832167878931693,1800000,3600000,3326400000,351.12000000000006
616,0.7726736427373211,0.3247946505206198,0.004530345002790308,0.028227430361332895,1800000,3600000,3331800000,351.69000000000005
617,0.7697236115091888,0.3317375288478039,0.004446971221916596,0.028133495571754392,1800000,3600000,3337200000,352.26000000000005
618,0.7723643177823583,0.3268573717016416,0.004406359390056609,0.028039873376860563,1800000,3600000,3342600000,352.83000000000004
619,0.7731576361326967,0.32278872342014453,0.003651822677599992,0.027946562736403842,1800000,3600000,3348000000,353.40000000000003
620,0.7708377552993607,0.3270909584662624,0.0038982885797542253,0.027853562613598382,1800000,3600000,3353400000,353.97
621,0.7694615291799553,0.3322190072618275,0.004706514766550315,0.02776087197510853,1800000,3600000,3358800000,354.54
622,0.7705299592099379,0.332465057870023,0.0043341756938404434,0.027668489791037327,1800000,3600000,3364200000,355.11
623,0.7719474841391086,0.3229940271516886,0.0021850184506452554,0.027576415034915123,1800000,3600000,3369600000,355.68000000000006
624,0.7723845254343108,0.3307414098626405,0.003935517579311423,0.027484646683688132,1800000,3600000,3375000000,356.25000000000006
625,0.7701346894006532,0.32412178206111664,0.003182013830559629,0.02739318371770705,1800000,3600000,3380400000,356.82000000000005
626,0.7712946386953485,0.3245055851836486,0.0034007181767882594,0.027302025120715785,1800000,3600000,3385800000,357.39000000000004
627,0.7727478515583551,0.32799797212486304,0.0031474921067341844,0.027211169879840062,1800000,3600000,3391200000,357.96000000000004
628,0.7694342961315468,0.3331589258070905,0.002267521351519992,0.02712061698557629,1800000,3600000,3396600000,358.53000000000003
629,0.7732455961293243,0.32526995352278776,0.0036006820630264218,0.027030365431780265,1800000,3600000,3402000000,359.1
630,0.772285453056159,0.32774424789603485,0.003482255940764961,0.02694041421565602,1800000,3600000,3407400000,359.67
631,0.7705366529089074,0.33216073263373025,0.002920086244652284,0.026850762337744662,1800000,3600000,3412800000,360.24000000000007
632,0.7702942446798978,0.33277933842657337,0.003923759159109844,0.026761408801913317,1800000,3600000,3418200000,360.81000000000006
633,0.7704550906713675,0.327023461904344,0.0020110431619039214,0.02667235261534397,1800000,3600000,3423600000,361.38000000000005
634,0.7698486819630325,0.33550835722949407,0.004508663483307802,0.02658359278852253,1800000,3600000,3429000000,361.95000000000005
635,0.7685243377206461,0.3323081344522732,0.003125289391963129,0.026495128335227797,1800000,3600000,3434400000,362.52000000000004
636,0.7730938297876472,0.32653713389857353,0.003255805118432815,0.02640695827252048,1800000,3600000,3439800000,363.09000000000003
637,0.7724370702967136,0.3240831316699889,0.0014659983404976202,0.02631908162073231,1800000,3600000,3445200000,363.66
638,0.7686777863686722,0.3330773789977836,0.005102831548416721,0.026231497403455158,1800000,3600000,3450600000,364.23
639,0.7722134689110131,0.33147652077092266,0.003922248881939182,0.026144204647530124,1800000,3600000,3456000000,364.80000000000007
640,0.7698703625940343,0.3315513373840222,0.004608623004713591,0.026057202383036816,1800000,3600000,3461400000,365.37000000000006
641,0.7704390349792295,0.3282816188125048,0.004370133511875754,0.025970489643282507,1800000,3600000,3466800000,365.94000000000005
642,0.7705287293306142,0.3251685867017161,0.004270026673069458,0.025884065464791422,1800000,3600000,3472200000,366.51000000000005
643,0.7708654097029626,0.332579352460666,0.00324114181417353,0.025797928887294017,1800000,3600000,3477600000,367.08000000000004
644,0.7699467456140463,0.32892282915463705,0.004823321316404114,0.02571207895371634,1800000,3600000,3483000000,367.65000000000003
645,0.7723948042952283,0.3234399110183568,0.005650101455370468,0.025626514710169333,1800000,3600000,3488400000,368.22
646,0.7736703649212816,0.3260178695855558,0.0038301604447754985,0.025541235205938307,1800000,3600000,3493800000,368.79
647,0.7709908327379676,0.32778902179686675,0.0035769628532182655,0.02545623949347234,1800000,3600000,3499200000,369.36
648,0.7694462363291131,0.3321112649027731,0.00289630589479773,0.025371526628373754,1800000,3600000,3504600000,369.93000000000006
649,0.7709652138003396,0.32675230273028905,0.0014812779798015153,0.025287095669387614,1800000,3600000,3510000000,370.50000000000006
650,0.7689288718170857,0.3303199250180781,0.0022827415659032665,0.025202945678391302,1800000,3600000,3515400000,371.07000000000005
651,0.7699661203917879,0.32813185547775603,0.003499117696455145,0.02511907572038403,1800000,3600000,3520800000,371.64000000000004
652,0.7704900299165677,0.32879207168482466,0.0033973710497680718,0.02503548486347652,1800000,3600000,3526200000,372.21000000000004
653,0.7723280031477971,0.32653328380604624,0.00239321908806974,0.024952172178880617,1800000,3600000,3531600000,372.78000000000003
654,0.7709233663415415,0.3291814891531584,0.0038222760612155616,0.024869136740898967,1800000,3600000,3537000000,373.35
655,0.7724361022974607,0.3292844378615206,0.004173093007125911,0.024786377626914748,1800000,3600000,3542400000,373.92
656,0.770388790474031,0.32728986060849746,0.002693017925950977,0.024703893917381377,1800000,3600000,3547800000,374.49000000000007
657,0.7721862248979827,0.32742090194758866,0.005241388590139057,0.024621684695812353,1800000,3600000,3553200000,375.06000000000006
658,0.7705738798062376,0.3320027973562642,0.003410133842265925,0.02453974904877104,1800000,3600000,3558600000,375.63000000000005
659,0.7697489359607523,0.3321501133509015,0.002759943960378561,0.02445808606586051,1800000,3600000,3564000000,376.20000000000005
660,0.7710102064531937,0.3277666207991868,0.004956733719274097,0.024376694839713452,1800000,3600000,3569400000,376.77000000000004
661,0.7717820287547715,0.3270599182478523,0.003574408031789037,0.024295574465982076,1800000,3600000,3574800000,377.34000000000003
662,0.7697672137369459,0.3384992215051138,0.003969577865062478,0.024214724043328046,1800000,3600000,3580200000,377.91
663,0.7720769000418816,0.33003086286563127,0.003012925323842332,0.02413414267341251,1800000,3600000,3585600000,378.48
664,0.7717171307845174,0.32477946930166024,0.005064235447488899,0.02405382946088608,1800000,3600000,3591000000,379.05000000000007
665,0.7725854120863783,0.3276791058170161,0.005408340882505824,0.02397378351337891,1800000,3600000,3596400000,379.62000000000006
666,0.7697848628295441,0.33446278063672996,0.002100288308671796,0.02389400394149075,1800000,3600000,3601800000,380.19000000000005
667,0.7718466980656664,0.32773439334991433,0.003158585183490555,0.023814489858781113,1800000,3600000,3607200000,380.76000000000005
668,0.7737432690389902,0.32967652745385295,0.00484856462517228,0.02373524038175934,1800000,3600000,3612600000,381.33000000000004
669,0.7710887109633755,0.33043419709145855,0.0030995666238181076,0.02365625462987489,1800000,3600000,3618000000,381.90000000000003
670,0.7691686534308045,0.32725410550561873,0.002335886308813934,0.023577531725507483,1800000,3600000,3623400000,382.47
671,0.7757317048944586,0.3256860984247703,0.0016618082115632657,0.023499070793957372,1800000,3600000,3628800000,383.04
672,0.77113757044717,0.3265705277763159,0.0014867810867096327,0.023420870963435616,1800000,3600000,3634200000,383.61
673,0.7712979453103673,0.32856031647843315,0.0033319007460145323,0.02334293136505442,1800000,3600000,3639600000,384.18000000000006
674,0.7697590881758035,0.33460217213032006,0.002593659590329101,0.02326525113281743,1800000,3600000,3645000000,384.75000000000006
675,0.7718796434611686,0.3262083793567155,0.003763119782871498,0.023187829403610152,1800000,3600000,3650400000,385.32000000000005
676,0.7716905446305726,0.3278917564786811,0.0035893389384465063,0.023110665317190367,1800000,3600000,3655800000,385.89000000000004
677,0.7704364756433246,0.32969511071450874,0.0038353216971568458,0.023033758016178532,1800000,3600000,3661200000,386.46000000000004
678,0.7701110042884473,0.32854526115819627,0.0031051535023279646,0.022957106646048307,1800000,3600000,3666600000,387.03000000000003
679,0.7716272971536554,0.33074603566186506,0.004494592575886337,0.022880710355116993,1800000,3600000,3672000000,387.6
680,0.7701031861313923,0.33019227902639253,0.00374334214880704,0.02280456829453613,1800000,3600000,3677400000,388.17
681,0.7710764138080789,0.3342376155777991,0.0027205670341281163,0.022728679618282042,1800000,3600000,3682800000,388.74000000000007
682,0.7698914991837675,0.33472943663642035,0.0020532459965151763,0.02265304348314644,1800000,3600000,3688200000,389.31000000000006
683,0.7680471959698161,0.3254512050642024,0.00157476790749243,0.02257765904872704,1800000,3600000,3693600000,389.88000000000005
684,0.7709609799357809,0.33192202039933,0.003143744598429204,0.022502525477418246,1800000,3600000,3699000000,390.45000000000005
685,0.7730338621903619,0.329826036071634,0.0028612071379369285,0.02242764193440181,1800000,3600000,3704400000,391.02000000000004
686,0.7718782707635112,0.32636233234921713,0.002907066074732256,0.02235300758763761,1800000,3600000,3709800000,391.59000000000003
687,0.7697736119583237,0.32828515840923594,0.0026071505065214285,0.02227862160785435,1800000,3600000,3715200000,392.16
688,0.7733617755869716,0.3290687545258449,0.0012702732316986548,0.02220448316854038,1800000,3600000,3720600000,392.73
689,0.7698540468875479,0.3306748604735755,0.0044193302985380545,0.0221305914459345,1800000,3600000,3726000000,393.30000000000007
690,0.7712303077189319,0.33011199950947673,0.003963048266658185,0.022056945619016825,1800000,3600000,3731400000,393.87000000000006
691,0.7724919890687274,0.32510719376186564,0.0023607408153234173,0.02198354486949961,1800000,3600000,3736800000,394.44000000000005
692,0.7710124205280375,0.32544196300489153,0.0030597630098419927,0.02191038838181822,1800000,3600000,3742200000,395.01000000000005
693,0.771182768623004,0.3320285964634434,0.002261455251015885,0.021837475343122043,1800000,3600000,3747600000,395.58000000000004
694,0.7716568152201634,0.32723529472722807,0.002609381409261176,0.021764804943265458,1800000,3600000,3753000000,396.15000000000003
695,0.772019519438442,0.32605519786377285,0.002768597471284819,0.021692376374798823,1800000,3600000,3758400000,396.72
696,0.7708923207775585,0.32889068564720114,0.003649289889999255,0.02162018883295954,1800000,3600000,3763800000,397.29
697,0.7717947710748014,0.3349160008631533,0.002500650542400492,0.021548241515663043,1800000,3600000,3769200000,397.86000000000007
698,0.7714088492393072,0.32962550236654764,0.004345435199720107,0.021476533623493964,1800000,3600000,3774600000,398.43000000000006
699,0.7699140100001759,0.3292347069272618,0.004066142012163624,0.021405064359697207,1800000,3600000,3780000000,399.00000000000006
700,0.7707213097044807,0.32952235116863166,0.004753036158139771,0.021333832930169112,1800000,3600000,3785400000,399.57000000000005
701,0.7737172922466757,0.3241123736057392,0.002145613673840444,0.021262838543448622,1800000,3600000,3790800000,400.14000000000004
702,0.7695644126854172,0.3346083371910954,0.003084382051384393,0.02119208041070847,1800000,3600000,3796200000,400.71000000000004
703,0.7719149379987749,0.32759978889747376,0.002603042076290243,0.02112155774574646,1800000,3600000,3801600000,401.28000000000003
704,0.7691313090617656,0.332429105272293,0.0035009709348761903,0.021051269764976704,1800000,3600000,3807000000,401.85
705,0.7713571214215759,0.3330939578683046,0.0037496249909266975,0.020981215687420916,1800000,3600000,3812400000,402.42
706,0.7720435592102056,0.3287517426408493,0.0018101562811825673,0.02091139473469973,1800000,3600000,3817800000,402.99000000000007
707,0.7705125058111577,0.3355455644688724,0.005169443618200957,0.020841806131024078,1800000,3600000,3823200000,403.56000000000006
708,0.7706343553241516,0.3329579816339178,0.004122004593208717,0.020772449103186517,1800000,3600000,3828600000,404.13000000000005
709,0.7689215173284215,0.32769239499338537,0.0026029941599230175,0.0207033228805527,1800000,3600000,3834000000,404.70000000000005
710,0.770020852546832,0.33112880526559196,0.002789734853591516,0.020634426695052777,1800000,3600000,3839400000,405.27000000000004
711,0.7715847505789747,0.3281079759271469,0.002391337833282857,0.020565759781172862,1800000,3600000,3844800000,405.84000000000003
712,0.7716193478189978,0.32704388533130385,0.0013149798577682746,0.020497321375946544,1800000,3600000,3850200000,406.41
713,0.7696966328480586,0.3339592825100866,0.002309830966146477,0.0204291107189464,1800000,3600000,3855600000,406.98
714,0.7703456378479528,0.3242764612643267,0.0019288374830577079,0.020361127052275524,1800000,3600000,3861000000,407.55000000000007
715,0.7697877700979361,0.3309165764494619,0.001406074932088989,0.020293369620559148,1800000,3600000,3866400000,408.12000000000006
716,0.7702458612209961,0.3227857782732113,0.0031472715408276844,0.020225837670936227,1800000,3600000,3871800000,408.69000000000005
717,0.7709332960456399,0.33194292900680883,0.001156968388106779,0.020158530453051063,1800000,3600000,3877200000,409.26000000000005
718,0.7715516327025809,0.3242348875762631,0.0036400254464078454,0.020091447219045,1800000,3600000,3882600000,409.83000000000004
719,0.7686677394001157,0.32772341654774434,0.001127672643968541,0.020024587223548076,1800000,3600000,3888000000,410.40000000000003
720,0.7699737231593209,0.32689468849259423,0.0028248381565142513,0.019957949723670754,1800000,3600000,3893400000,410.97
721,0.7719737756502116,0.32049877099144414,0.005145514223829661,0.01989153397899569,1800000,3600000,3898800000,411.54
722,0.7706611529741726,0.3292052879936897,0.0035006119857368453,0.01982533925156948,1800000,3600000,3904200000,412.11000000000007
723,0.769164060751145,0.32893011718842,0.0030013301066935004,0.019759364805894478,1800000,3600000,3909600000,412.68000000000006
724,0.7687936989278117,0.3287627466918909,0.004007432016224616,0.019693609908920603,1800000,3600000,3915000000,413.25000000000006
725,0.7699538820693989,0.3268483453863473,0.0035293372923042975,0.019628073830037226,1800000,3600000,3920400000,413.82000000000005
726,0.7700981020005598,0.33406656339459895,0.0038208413619957695,0.019562755841064997,1800000,3600000,3925800000,414.39000000000004
727,0.7710841007195811,0.32876272555167124,0.0010572923569760963,0.019497655216247817,1800000,3600000,3931200000,414.96000000000004
728,0.7705294588130344,0.33194648524399034,0.0030680269179849074,0.019432771232244746,1800000,3600000,3936600000,415.53000000000003
729,0.7700089296472574,0.3301303127591539,0.000987520891256283,0.019368103168121962,1800000,3600000,3942000000,416.1
730,0.7706990629243328,0.33139714059184155,0.0002830849437762688,0.019303650305344755,1800000,3600000,3947400000,416.6700000000001
731,0.7728879334129004,0.33301920147050806,0.00217799325938314,0.01923941192776953,1800000,3600000,3952800000,417.24000000000007
732,0.7698331789858113,0.3343482809886162,0.0014222708291271328,0.019175387321635887,1800000,3600000,3958200000,417.81000000000006
733,0.769901922578379,0.3291778754864939,0.001684472233878792,0.019111575775558647,1800000,3600000,3963600000,418.38000000000005
734,0.7728314135534262,0.3289671109523456,0.0035525244212279775,0.01904797658051998,1800000,3600000,3969000000,418.95000000000005
735,0.7704547063863545,0.3259728666118323,0.001761663039132286,0.01898458902986151,1800000,3600000,3974400000,419.52000000000004
736,0.7673268943665915,0.3289254590617526,0.0030170583809056416,0.01892141241927647,1800000,3600000,3979800000,420.09000000000003
737,0.7704025489206403,0.33520326335310074,0.0019975496040371575,0.01885844604680186,1800000,3600000,3985200000,420.66
738,0.7738271536319005,0.3265686226392614,0.0034244079299876437,0.018795689212810673,1800000,3600000,3990600000,421.23
739,0.7720254246652766,0.3195670457093422,0.0006972023449584965,0.018733141220004107,1800000,3600000,3996000000,421.80000000000007
740,0.7715772999501999,0.327881370299391,0.00274290254766875,0.01867080137340383,1800000,3600000,4001400000,422.37000000000006
741,0.7709638002968516,0.33000490261710974,0.0014255479778881286,0.01860866898034423,1800000,3600000,4006800000,422.94000000000005
742,0.7717118487800766,0.3255611105932695,0.0014047113503007193,0.01854674335046476,1800000,3600000,4012200000,423.51000000000005
743,0.7661547559118992,0.3338720668006639,0.0027453638180511505,0.018485023795702205,1800000,3600000,4017600000,424.08000000000004
744,0.7692902124217841,0.3288140232877134,0.002591225917255999,0.01842350963028311,1800000,3600000,4023000000,424.65000000000003
745,0.7690077803787463,0.32833981380605815,0.004309430519942697,0.018362200170716117,1800000,3600000,4028400000,425.22
746,0.7715112899797872,0.3284150788644591,0.0016918688397242196,0.018301094735784378,1800000,3600000,4033800000,425.79
747,0.7704452680989016,0.32898240020144504,0.0027092555445965734,0.018240192646537985,1800000,3600000,4039200000,426.36000000000007
748,0.7691214372204254,0.332442192841648,0.0011531672341673856,0.018179493226286442,1800000,3600000,4044600000,426.93000000000006
749,0.7708598704379539,0.3300334725171773,0.0019651331322102375,0.018118995800591103,1800000,3600000,4050000000,427.50000000000006
750,0.7706016417720862,0.3319491125262009,0.002862021275302179,0.018058699697257735,1800000,3600000,4055400000,428.07000000000005
751,0.7696114194025478,0.3307740814651798,0.0018373887295464613,0.017998604246329014,1800000,3600000,4060800000,428.64000000000004
752,0.7709105332206568,0.32801998781178354,0.002966776342907827,0.01793870878007709,1800000,3600000,4066200000,429.21000000000004
753,0.7709601621027213,0.3318399367877091,0.002315249434956568,0.017879012632996176,1800000,3600000,4071600000,429.78000000000003
754,0.7706241639009972,0.3257321645711346,0.0024672210024822244,0.017819515141795115,1800000,3600000,4077000000,430.35
755,0.772252009523607,0.3326622524206653,0.0019433167219558701,0.017760215645390067,1800000,3600000,4082400000,430.9200000000001
756,0.7736634271580993,0.32775131937569557,0.0017316570546436864,0.017701113484897137,1800000,3600000,4087800000,431.49000000000007
757,0.7702366211649581,0.32530204077661995,0.0021604978660292166,0.017642208003625034,1800000,3600000,4093200000,432.06000000000006
758,0.7731548746404829,0.3305868060270066,0.0035900068594455267,0.017583498547067807,1800000,3600000,4098600000,432.63000000000005
759,0.7708023470486886,0.3292372872219129,0.0010613633204129321,0.017524984462897568,1800000,3600000,4104000000,433.20000000000005
760,0.7698884423147427,0.33086647382376627,0.0023286993054215167,0.01746666510095721,1800000,3600000,4109400000,433.77000000000004
761,0.7699318350905755,0.33226470017467047,0.0005770678629387677,0.017408539813253226,1800000,3600000,4114800000,434.34000000000003
762,0.7721773801666402,0.32068334178819924,0.0031835565749720766,0.017350607953948487,1800000,3600000,4120200000,434.91
763,0.7705339840040588,0.3292241182544891,0.0005241436377466568,0.017292868879355078,1800000,3600000,4125600000,435.4800000000001
764,0.7701027774319018,0.33009166378133975,0.002446249012331234,0.017235321947927124,1800000,3600000,4131000000,436.05000000000007
765,0.7703921951633778,0.33492041547991663,0.0017798667059291094,0.017177966520253697,1800000,3600000,4136400000,436.62000000000006
766,0.7703765390380127,0.3283652488148817,0.0007167851232020587,0.01712080195905166,1800000,3600000,4141800000,437.19000000000005
767,0.770427663681927,0.32864333798185164,0.0021275340769401174,0.017063827629158642,1800000,3600000,4147200000,437.76000000000005
768,0.7681794921870967,0.3303825750109047,0.003538722466097165,0.017007042897525942,1800000,3600000,4152600000,438.33000000000004
769,0.7707368362867362,0.326209811990219,0.0018712316387849927,0.016950447133211522,1800000,3600000,4158000000,438.90000000000003
770,0.771276506461304,0.3358062792655772,0.001469642445933318,0.01689403970737297,1800000,3600000,4163400000,439.47
771,0.7735001466007737,0.3267591436570519,0.0,0.016837819993260533,1800000,3600000,4168800000,440.04
772,0.7693128288938448,0.333375844762428,0.003167428938007543,0.016781787366210135,1800000,3600000,4174200000,440.61000000000007
773,0.7704618576293751,0.3370351127377319,0.004174402005028924,0.016725941203636456,1800000,3600000,4179600000,441.18000000000006
774,0.7724395299724311,0.3274860092363134,0.0032274995108584233,0.016670280885026006,1800000,3600000,4185000000,441.75000000000006
775,0.7705640147415004,0.3358759618051222,0.0010280152449100369,0.01661480579193023,1800000,3600000,4190400000,442.32000000000005
776,0.7709078902480548,0.3311254053467319,0.0026790740888153197,0.016559515307958635,1800000,3600000,4195800000,442.89000000000004
777,0.7712808176767126,0.32824140219805054,0.0024190433956067193,0.016504408818771934,1800000,3600000,4201200000,443.46000000000004
778,0.7719219774576213,0.3305392559919987,0.002329315514009632,0.01644948571207524,1800000,3600000,4206600000,444.03000000000003
779,0.7709024486283542,0.32888927510388305,0.0021796842787691873,0.016394745377611247,1800000,3600000,4212000000,444.6
780,0.7697857780083197,0.3295781101681034,0.002372107581575315,0.016340187207153453,1800000,3600000,4217400000,445.1700000000001
781,0.7722769311479928,0.3224978224070096,0.0015354913333907498,0.016285810594499402,1800000,3600000,4222800000,445.74000000000007
782,0.7689594251872666,0.326119573956066,0.0018948698411568796,0.016231614935463958,1800000,3600000,4228200000,446.31000000000006
783,0.7699246172959617,0.3313775879156303,0.004003164802644796,0.01617759962787256,1800000,3600000,4233600000,446.88000000000005
784,0.7685865074098694,0.3330586103580225,0.0027374716900224498,0.016123764071554577,1800000,3600000,4239000000,447.45000000000005
785,0.7730496265985597,0.33029151796955375,0.0017046198446592675,0.016070107668336605,1800000,3600000,4244400000,448.02000000000004
786,0.7716121957555503,0.33405300278020006,0.0029941533416552746,0.01601662982203583,1800000,3600000,4249800000,448.59000000000003
787,0.7721256678028354,0.32915107800323806,0.0034789116360033545,0.015963329938453414,1800000,3600000,4255200000,449.16
788,0.7705018095103587,0.32922403846254916,0.0015175063137359683,0.015910207425367886,1800000,3600000,4260600000,449.7300000000001
789,0.7704825490556739,0.3304290745382374,0.002022153923656925,0.015857261692528542,1800000,3600000,4266000000,450.30000000000007
790,0.7708941753942026,0.3285881420877828,0.0016249661285290256,0.015804492151648922,1800000,3600000,4271400000,450.87000000000006
791,0.7702369447020394,0.3317189173066972,0.0031175956682791004,0.015751898216400252,1800000,3600000,4276800000,451.44000000000005
792,0.7689815911896153,0.33022948744657094,0.0019831182599362633,0.015699479302404933,1800000,3600000,4282200000,452.01000000000005
793,0.7695131460084077,0.33481671491543025,0.003220559331131286,0.015647234827230044,1800000,3600000,4287600000,452.58000000000004
794,0.7719201646361095,0.3284985243233593,0.0009387848938483173,0.015595164210380888,1800000,3600000,4293000000,453.15000000000003
795,0.7708501104068294,0.32856765317432857,0.003326091591572625,0.015543266873294511,1800000,3600000,4298400000,453.72
796,0.7688819164159891,0.33346466175866135,0.0013941902937579776,0.015491542239333302,1800000,3600000,4303800000,454.2900000000001
797,0.7704913307805898,0.3290922987514989,0.0011680735829505764,0.01543998973377857,1800000,3600000,4309200000,454.86000000000007
798,0.7693220956448253,0.3264773123824815,0.0026424903215348716,0.015388608783824179,1800000,3600000,4314600000,455.43000000000006
799,0.7736034855486229,0.32715579574944853,0.001141798027441783,0.015337398818570146,1800000,3600000,4320000000,456.00000000000006
800,0.7717061245231477,0.32767058754252687,0.001838457989823837,0.01528635926901634,1800000,3600000,4325400000,456.57000000000005
801,0.7705552093319524,0.33034308241010985,0.0,0.01523548956805612,1800000,3600000,4330800000,457.14000000000004
802,0.7708020147068277,0.32970102771979226,0.001454073713034304,0.01518478915047006,1800000,3600000,4336200000,457.71000000000004
803,0.769990271898673,0.33032073052642924,0.0007559291467308788,0.015134257452919677,1800000,3600000,4341600000,458.28000000000003
804,0.7715759880424504,0.3322363019677007,0.003141633403978155,0.01508389391394114,1800000,3600000,4347000000,458.85
805,0.7687914400841064,0.3285996721378097,0.0041491452179049804,0.015033697973939058,1800000,3600000,4352400000,459.4200000000001
806,0.7724727941956628,0.32491070858667276,0.0,0.014983669075180239,1800000,3600000,4357800000,459.99000000000007
807,0.7702392463416543,0.32992642250550214,0.0018569261874818847,0.014933806661787518,1800000,3600000,4363200000,460.56000000000006
808,0.771357076469765,0.33575191329764253,0.001337968602612095,0.014884110179733566,1800000,3600000,4368600000,461.13000000000005
809,0.7710681736630579,0.3317070594517676,0.0014284192928460495,0.01483457907683474,1800000,3600000,4374000000,461.70000000000005
810,0.7731525300684111,0.32849441219696573,0.0,0.014785212802744946,1800000,3600000,4379400000,462.27000000000004
811,0.7679229371546517,0.3300637301975552,0.0014848721009887167,0.014736010808949521,1800000,3600000,4384800000,462.84000000000003
812,0.7697782022763812,0.3293570787484798,0.0010942075909931657,0.014686972548759124,1800000,3600000,4390200000,463.41
813,0.7703802049026734,0.3253945540019537,0.001331133436836971,0.014638097477303708,1800000,3600000,4395600000,463.9800000000001
814,0.7692558794578606,0.3315432044292644,0.0024581069638701593,0.014589385051526413,1800000,3600000,4401000000,464.55000000000007
815,0.7710609052369356,0.3263218582080181,0.0025174378418627136,0.014540834730177563,1800000,3600000,4406400000,465.12000000000006
816,0.7695358824661586,0.33065552475111315,0.002415953681383605,0.014492445973808648,1800000,3600000,4411800000,465.69000000000005
817,0.7696092096667841,0.3322056241251649,0.0020872999245289286,0.014444218244766325,1800000,3600000,4417200000,466.26000000000005
818,0.7702375062556807,0.3325525688116369,6.637037560602637e-05,0.01439615100718643,1800000,3600000,4422600000,466.83000000000004
819,0.7704680869251102,0.33339228545159866,0.002032482852469537,0.014348243726988055,1800000,3600000,4428000000,467.40000000000003
820,0.7702363231304911,0.327509939739266,0.0023044115751273504,0.014300495871867599,1800000,3600000,4433400000,467.97
821,0.7711327604186328,0.32914517963774553,0.0023493979945454764,0.01425290691129284,1800000,3600000,4438800000,468.5400000000001
822,0.770192257012532,0.33274952295281257,0.003593558644097915,0.014205476316497063,1800000,3600000,4444200000,469.11000000000007
823,0.770330434724066,0.328977616778061,0.0016829897191774357,0.014158203560473181,1800000,3600000,4449600000,469.68000000000006
824,0.7694278512570581,0.3243952086841217,0.0007486845505929495,0.014111088117967848,1800000,3600000,4455000000,470.25000000000006
825,0.7720869754512993,0.3319099072641911,0.0007874705782299796,0.014064129465475665,1800000,3600000,4460400000,470.82000000000005
826,0.7731378253364943,0.3247685313605058,0.00013647277132260486,0.01401732708123335,1800000,3600000,4465800000,471.39000000000004
827,0.771302563678622,0.32554254267411387,0.0005745608097257565,0.013970680445213924,1800000,3600000,4471200000,471.96000000000004
828,0.7707831456437767,0.3255628864095567,0.003304407090407544,0.013924189039120962,1800000,3600000,4476600000,472.53000000000003
829,0.7720582681398024,0.3270908011601463,0.000260730303375002,0.01387785234638279,1800000,3600000,4482000000,473.1000000000001
830,0.7727729750732482,0.3240580828555453,0.0011272991135128838,0.013831669852146802,1800000,3600000,4487400000,473.6700000000001
831,0.7697791452171349,0.33502249009723184,0.003649333260198706,0.013785641043273693,1800000,3600000,4492800000,474.24000000000007
832,0.7702519492280284,0.326221549466741,0.002601631205564,0.01373976540833178,1800000,3600000,4498200000,474.81000000000006
833,0.7687444502100479,0.336734663816731,0.0030547326097915654,0.013694042437591319,1800000,3600000,4503600000,475.38000000000005
834,0.7703757135696673,0.33319539732358344,0.0012380799134513428,0.01364847162301883,1800000,3600000,4509000000,475.95000000000005
835,0.76906050528107,0.32625102455179605,0.0012137582661967679,0.013603052458271453,1800000,3600000,4514400000,476.52000000000004
836,0.7707661185748799,0.3278030037804187,0.0011289323122055978,0.013557784438691338,1800000,3600000,4519800000,477.09000000000003
837,0.7697243005408337,0.32351346220631527,0.0027123784306817573,0.013512667061300028,1800000,3600000,4525200000,477.66
838,0.7694137152730887,0.33091818536361284,0.0012843984168513993,0.013467699824792862,1800000,3600000,4530600000,478.2300000000001
839,0.7726503830981485,0.32858319466737235,0.0016828693920704484,0.013422882229533415,1800000,3600000,4536000000,478.80000000000007
840,0.7690509705070154,0.3310397181415504,0.001991962375001719,0.013378213777547955,1800000,3600000,4541400000,479.37000000000006
841,0.7682957648689482,0.3346272215384207,0.0017487533653811687,0.013333693972519876,1800000,3600000,4546800000,479.94000000000005
842,0.7699360993737157,0.32970396291405896,0.002629109610394516,0.013289322319784223,1800000,3600000,4552200000,480.51000000000005
843,0.7716739314887858,0.33164654299953505,0.002144579725109197,0.01324509832632218,1800000,3600000,4557600000,481.08000000000004
844,0.7702066933249816,0.3300389181543308,0.0014200374340616175,0.013201021500755583,1800000,3600000,4563000000,481.65000000000003
845,0.770789232829134,0.3304737668882829,0.0006634969328822423,0.013157091353341475,1800000,3600000,4568400000,482.22
846,0.7725251891873728,0.32604549872510136,0.0014690316490844249,0.013113307395966662,1800000,3600000,4573800000,482.7900000000001
847,0.7729472179603506,0.3278735521318836,0.0010110348193826987,0.01306966914214226,1800000,3600000,4579200000,483.36000000000007
848,0.7703091017769945,0.335257459133574,0.0027776116869740737,0.013026176106998346,1800000,3600000,4584600000,483.93000000000006
849,0.7687681538737817,0.3260464025470593,0.001557942274960325,0.012982827807278526,1800000,3600000,4590000000,484.50000000000006
850,0.7722336366257262,0.32695891758990353,0.0025232047964618386,0.012939623761334574,1800000,3600000,4595400000,485.07000000000005
851,0.7706011768144095,0.32866951176708825,0.0015107107097343353,0.012896563489121101,1800000,3600000,4600800000,485.64000000000004
852,0.7682476220003794,0.33100469464805454,0.002455642666443188,0.012853646512190182,1800000,3600000,4606200000,486.21000000000004
853,0.7695113219615372,0.3334644745909911,0.001169020193045581,0.012810872353686081,1800000,3600000,4611600000,486.78000000000003
854,0.7719653829359069,0.3286439474715899,0.00010458850167348256,0.012768240538339934,1800000,3600000,4617000000,487.3500000000001
855,0.7689749531647673,0.3320339077429437,0.0017209294233378424,0.01272575059246446,1800000,3600000,4622400000,487.9200000000001
856,0.7675763914960764,0.33254097153270123,0.0021277425988497625,0.012683402043948716,1800000,3600000,4627800000,488.49000000000007
857,0.7718535030219389,0.325432461151881,0.003333734124065333,0.012641194422252843,1800000,3600000,4633200000,489.06000000000006
858,0.7713962698459409,0.32845716291497457,0.0020705771340727578,0.012599127258402818,1800000,3600000,4638600000,489.63000000000005
859,0.77343845787788,0.323712091780949,0.002026715490530235,0.012557200084985287,1800000,3600000,4644000000,490.20000000000005
860,0.7670071742456164,0.33545718023440885,0.0005360886435126955,0.012515412436142334,1800000,3600000,4649400000,490.77000000000004
861,0.771330926835033,0.3386735170815104,0.002834188078355341,0.012473763847566318,1800000,3600000,4654800000,491.34000000000003
862,0.770264876963378,0.3264098701209122,0.002358062102348506,0.01243225385649472,1800000,3600000,4660200000,491.9100000000001
863,0.7707691927514302,0.3301499772229522,0.00010684548221643361,0.012390882001704991,1800000,3600000,4665600000,492.4800000000001
864,0.7707795968279377,0.3285511631578704,0.0021624584730133155,0.01234964782350942,1800000,3600000,4671000000,493.05000000000007
865,0.7727651180869674,0.3328248234573259,0.0019213464576424252,0.012308550863750054,1800000,3600000,4676400000,493.62000000000006
866,0.7705487132671138,0.3230888625165017,0.0,0.012267590665793582,1800000,3600000,4681800000,494.19000000000005
867,0.7707938695844656,0.3265364401591084,0.0012383052296071316,0.012226766774526273,1800000,3600000,4687200000,494.76000000000005
868,0.7706271098052611,0.3323622079563984,0.0018752072334662976,0.012186078736348917,1800000,3600000,4692600000,495.33000000000004
869,0.7693726166374154,0.33390424310378336,0.0026933585109945313,0.012145526099171784,1800000,3600000,4698000000,495.90000000000003
870,0.7706837046131425,0.3321700285103295,0.0,0.01210510841240959,1800000,3600000,4703400000,496.47
871,0.7695668567632594,0.3354260602082307,0.0017335561865887824,0.01206482522697652,1800000,3600000,4708800000,497.0400000000001
872,0.7725235377880827,0.32912903882825456,0.0015994776908366437,0.012024676095281203,1800000,3600000,4714200000,497.61000000000007
873,0.7699889726494769,0.3360985164916213,0.0,0.011984660571221769,1800000,3600000,4719600000,498.18000000000006
874,0.7717373237388941,0.3294101397339537,0.004042910606053474,0.011944778210180869,1800000,3600000,4725000000,498.75000000000006
875,0.7711347893690362,0.32721801483256757,0.0,0.011905028569020754,1800000,3600000,4730400000,499.32000000000005
876,0.7721232003497979,0.32677584262687576,3.546264827881257e-05,0.011865411206078324,1800000,3600000,4735800000,499.89000000000004
877,0.7712995434244636,0.32402949610319015,0.0017180305929567095,0.011825925681160258,1800000,3600000,4741200000,500.46000000000004
878,0.7721941659592418,0.3240890548249333,0.001815968625278486,0.01178657155553809,1800000,3600000,4746600000,501.03000000000003
879,0.7714859846413623,0.3304563803970568,0.0001256385792427477,0.01174734839194336,1800000,3600000,4752000000,501.6000000000001
880,0.770195976684764,0.33336396377564526,0.0022737947561520993,0.011708255754562732,1800000,3600000,4757400000,502.1700000000001
881,0.7674590163027074,0.3285686817834037,0.00240679359654417,0.011669293209033163,1800000,3600000,4762800000,502.74000000000007
882,0.7715281791583447,0.3267169306225269,0.0024497993796692304,0.011630460322437081,1800000,3600000,4768200000,503.31000000000006
883,0.7720162774483792,0.33013111893851216,0.0016610516303213795,0.01159175666329757,1800000,3600000,4773600000,503.88000000000005
884,0.7711739702796693,0.33044661623906624,0.004260020514975863,0.011553181801573576,1800000,3600000,4779000000,504.45000000000005
885,0.7705078080916229,0.32911079184729936,0.0013113743192727173,0.011514735308655124,1800000,3600000,4784400000,505.02000000000004
886,0.7698106641876601,0.3282174717397642,0.001126470899810011,0.011476416757358571,1800000,3600000,4789800000,505.59000000000003
887,0.7701030918114551,0.3314873619700084,0.0027654090503930716,0.011438225721921835,1800000,3600000,4795200000,506.1600000000001
888,0.7696832394318796,0.3340860367079065,0.0,0.011400161777999683,1800000,3600000,4800600000,506.7300000000001
889,0.7738328933198378,0.3206235082040398,0.0017983432481799072,0.01136222450265902,1800000,3600000,4806000000,507.30000000000007
890,0.7715580182721842,0.3291609311682147,0.0037978643528918995,0.011324413474374167,1800000,3600000,4811400000,507.87000000000006
891,0.77132879033033,0.323982335773006,0.00201669493272194,0.011286728273022203,1800000,3600000,4816800000,508.44000000000005
892,0.7705695810234606,0.32667686134346036,0.0012772458073609045,0.011249168479878289,1800000,3600000,4822200000,509.01000000000005
893,0.7699879833834445,0.3305726055165594,0.0,0.011211733677610984,1800000,3600000,4827600000,509.58000000000004
894,0.7706379441431614,0.32874912052460387,0.0018220204384353901,0.01117442345027767,1800000,3600000,4833000000,510.15000000000003
895,0.7714959751846893,0.32717417380636055,0.0015804240042096305,0.011137237383319877,1800000,3600000,4838400000,510.72
896,0.7680630674943227,0.33099294751669184,0.0012183663500875154,0.011100175063558702,1800000,3600000,4843800000,511.2900000000001
897,0.7685708021454057,0.3341259697332121,0.0009734935757541192,0.01106323607919021,1800000,3600000,4849200000,511.86000000000007
898,0.7724215255419745,0.3283082364676224,0.0005837248013531383,0.011026420019780866,1800000,3600000,4854600000,512.4300000000001
899,0.7703536835577696,0.3296812753155813,0.0,0.010989726476262956,1800000,3600000,4860000000,513.0
900,0.7678218723340957,0.33490748671145953,0.0020884657523818377,0.010953155040930068,1800000,3600000,4865400000,513.57
901,0.7717273580905616,0.3340532196479117,0.001679115842019982,0.010916705307432543,1800000,3600000,4870800000,514.1400000000001
902,0.7724620945271687,0.3289457119356727,0.0024341299607276274,0.010880376870772968,1800000,3600000,4876200000,514.71
903,0.7699733929792015,0.33062105726266044,0.0006143887779562924,0.010844169327301678,1800000,3600000,4881600000,515.2800000000001
904,0.7707094483252704,0.3280217874204732,0.0001949596196117603,0.010808082274712251,1800000,3600000,4887000000,515.85
905,0.7713361062130683,0.32330101480989415,0.0014831325990968284,0.010772115312037072,1800000,3600000,4892400000,516.4200000000001
906,0.7725841104965825,0.3304940856994859,0.0010745652879009199,0.010736268039642852,1800000,3600000,4897800000,516.99
907,0.7733198975747506,0.3320489625470165,0.0009606488125126454,0.010700540059226191,1800000,3600000,4903200000,517.5600000000001
908,0.7718090099238467,0.3280896684528256,0.0011954132315549655,0.010664930973809168,1800000,3600000,4908600000,518.1300000000001
909,0.7695782406490885,0.3329321855542967,0.0015733370416419095,0.010629440387734914,1800000,3600000,4914000000,518.7
910,0.7717025843029267,0.3207793681211179,0.002020147914001847,0.010594067906663207,1800000,3600000,4919400000,519.2700000000001
911,0.7709768785954116,0.32710058742575615,0.0006661752826418998,0.010558813137566122,1800000,3600000,4924800000,519.84
912,0.7717365362013193,0.33254644899569813,0.0011070730164662657,0.01052367568872364,1800000,3600000,4930200000,520.4100000000001
913,0.7732867873260462,0.3308819201073895,0.0009356483482775711,0.010488655169719302,1800000,3600000,4935600000,520.98
914,0.7713863000085297,0.32890622919488605,0.0021205433169742974,0.010453751191435868,1800000,3600000,4941000000,521.5500000000001
915,0.7675281526970147,0.33258966131305406,0.0023074512614424877,0.010418963366051004,1800000,3600000,4946400000,522.12
916,0.7700244452100186,0.33072114391800617,0.0013655394358812,0.01038429130703295,1800000,3600000,4951800000,522.69
917,0.7697963596194625,0.33160079539427223,0.0,0.010349734629136251,1800000,3600000,4957200000,523.2600000000001
918,0.7709200478921473,0.3263343709707089,0.0010096285869603497,0.010315292948397467,1800000,3600000,4962600000,523.83
919,0.7694548023900399,0.32689774601090266,0.0011373136576838777,0.0102809658821309,1800000,3600000,4968000000,524.4000000000001
920,0.7722412425552403,0.3303024030971897,0.00012893860290437236,0.010246753048924351,1800000,3600000,4973400000,524.97
921,0.7733309923347308,0.33013163031594417,0.0016405904986594325,0.010212654068634879,1800000,3600000,4978800000,525.5400000000001
922,0.7697627797922052,0.33371279038932955,0.0029267848687940853,0.010178668562384568,1800000,3600000,4984200000,526.11
923,0.769453573617337,0.32969976002835594,0.0010552002955192315,0.010144796152556337,1800000,3600000,4989600000,526.6800000000001
924,0.7694119317190244,0.3334449243006265,0.0015776748165581148,0.010111036462789725,1800000,3600000,4995000000,527.2500000000001
925,0.7720782168819967,0.32737968295686476,0.0012158634761404922,0.010077389117976725,1800000,3600000,5000400000,527.82
926,0.7727331039008325,0.33260118812948153,0.000703198314496621,0.010043853744257604,1800000,3600000,5005800000,528.3900000000001
927,0.7701450042989598,0.3327788749313229,0.0,0.010010429969016745,1800000,3600000,5011200000,528.96
928,0.7724934311308637,0.3284709143879409,0.0023511644865267843,0.009977117420878534,1800000,3600000,5016600000,529.5300000000001
929,0.7700202529177997,0.32930673251509723,0.0015737431489992854,0.009943915729703197,1800000,3600000,5022000000,530.1
930,0.770429106506386,0.3310141196281054,0.0007058778815886987,0.009910824526582717,1800000,3600000,5027400000,530.6700000000001
931,0.7676005914583698,0.336159481296006,0.0007764690895096813,0.009877843443836716,1800000,3600000,5032800000,531.24
932,0.7741472110269011,0.32544098895449547,0.0029761912372819454,0.009844972115008389,1800000,3600000,5038200000,531.8100000000001
933,0.7723817139230913,0.33023403238370036,0.00013121251880926661,0.009812210174860397,1800000,3600000,5043600000,532.3800000000001
934,0.7702187802832109,0.33087397038368277,0.001971535160001329,0.009779557259370852,1800000,3600000,5049000000,532.95
935,0.7709543590955432,0.32386419766847485,0.0,0.00974701300572925,1800000,3600000,5054400000,533.5200000000001
936,0.7694257547684554,0.3335496090419503,0.00044404209073700674,0.009714577052332429,1800000,3600000,5059800000,534.09
937,0.771748329298833,0.32892592586801706,0.00288260497949188,0.00968224903878058,1800000,3600000,5065200000,534.6600000000001
938,0.7729423094521463,0.33134075396422613,0.0011389551338606449,0.009650028605873223,1800000,3600000,5070600000,535.23
939,0.7702196715092794,0.3241866103630362,0.0014429894340875398,0.009617915395605208,1800000,3600000,5076000000,535.8000000000001
940,0.772081031738778,0.33505389280936726,0.0014796628611575876,0.009585909051162758,1800000,3600000,5081400000,536.37
941,0.7687878111549912,0.329714000813684,0.0,0.009554009216919498,1800000,3600000,5086800000,536.94
942,0.7712367682698165,0.3264816252516521,0.0015656443753905948,0.009522215538432497,1800000,3600000,5092200000,537.5100000000001
943,0.7715761795884065,0.3225716432658345,0.0008854885151773884,0.009490527662438332,1800000,3600000,5097600000,538.08
944,0.772075006791553,0.3285387670096951,0.0005258407361324639,0.00945894523684917,1800000,3600000,5103000000,538.6500000000001
945,0.7702774527215935,0.3272402057302308,0.0010644182237744164,0.009427467910748841,1800000,3600000,5108400000,539.22
946,0.772735119764292,0.33015076577612396,0.002750119353967887,0.009396095334388952,1800000,3600000,5113800000,539.7900000000001
947,0.7699923058317133,0.3287186866591544,0.00013521639124056465,0.009364827159185005,1800000,3600000,5119200000,540.36
948,0.7706781553598586,0.32545123148924404,0.0010698378463067397,0.009333663037712504,1800000,3600000,5124600000,540.9300000000001
949,0.7729766860474757,0.3304541451903726,0.00034329902019740476,0.009302602623703115,1800000,3600000,5130000000,541.5000000000001
950,0.7704214480318419,0.3275560950517538,0.0009091193651796525,0.009271645572040809,1800000,3600000,5135400000,542.07
951,0.7729336027034276,0.3248742278832784,0.0002905829038346889,0.00924079153875802,1800000,3600000,5140800000,542.6400000000001
952,0.7716059722002874,0.328527029944996,0.0,0.009210040181031845,1800000,3600000,5146200000,543.21
953,0.7706140772061072,0.32645990069656033,0.0014166565399297054,0.009179391157180212,1800000,3600000,5151600000,543.7800000000001
954,0.7704659538678668,0.3296036777408206,0.0020044842438693396,0.009148844126658095,1800000,3600000,5157000000,544.35
955,0.7725222516448004,0.32965872039681643,0.0008803394542922113,0.009118398750053738,1800000,3600000,5162400000,544.9200000000001
956,0.7704796123380809,0.32626539257235637,0.0005396451609783494,0.009088054689084853,1800000,3600000,5167800000,545.49
957,0.773172289792216,0.32953546671462086,0.0017392216683967203,0.009057811606594903,1800000,3600000,5173200000,546.0600000000001
958,0.771413672409661,0.3328264631623769,0.0014319738701606814,0.009027669166549323,1800000,3600000,5178600000,546.6300000000001
959,0.7709870706007701,0.330469104225697,0.0018393486218936759,0.008997627034031805,1800000,3600000,5184000000,547.2
960,0.7720724144524718,0.3296572108711656,0.0010903889464648957,0.008967684875240566,1800000,3600000,5189400000,547.7700000000001
961,0.774193645233081,0.3251001125890923,0.00224237289709417,0.00893784235748465,1800000,3600000,5194800000,548.34
962,0.7715951812470362,0.3303275004647539,0.0018841813194041927,0.008908099149180209,1800000,3600000,5200200000,548.9100000000001
963,0.7724766387178453,0.32388388820239083,0.0032659552534838425,0.008878454919846852,1800000,3600000,5205600000,549.48
964,0.7713278506450982,0.3278696274582827,0.0004775880775721226,0.008848909340103947,1800000,3600000,5211000000,550.0500000000001
965,0.7732880724542317,0.3285380226275239,0.0012328632930523927,0.00881946208166697,1800000,3600000,5216400000,550.62
966,0.772948662494923,0.32688837046269226,0.0004791108971905185,0.008790112817343857,1800000,3600000,5221800000,551.19
967,0.772512440011936,0.32710820801362894,0.0007906567628661266,0.008760861221031375,1800000,3600000,5227200000,551.7600000000001
968,0.7725013541318116,0.3301178064034763,0.0,0.008731706967711477,1800000,3600000,5232600000,552.33
969,0.768712692669578,0.3306956327631147,0.0009658820087817553,0.008702649733447719,1800000,3600000,5238000000,552.9000000000001
970,0.771860784650946,0.3305684045021789,0.001965260657999566,0.008673689195381645,1800000,3600000,5243400000,553.47
971,0.7726438583776803,0.3333363851586797,0.001843631922064793,0.0086448250317292,1800000,3600000,5248800000,554.0400000000001
972,0.7714653493315382,0.3246286862333035,0.0008264600131929845,0.008616056921777155,1800000,3600000,5254200000,554.61
973,0.7679663900682993,0.33652011456576497,0.00046995870089788094,0.008587384545879555,1800000,3600000,5259600000,555.1800000000001
974,0.7708097055400762,0.3264089150329832,0.00023828968781036176,0.00855880758545414,1800000,3600000,5265000000,555.7500000000001
975,0.7674536531303141,0.33153352965161864,0.001424286655170479,0.008530325722978842,1800000,3600000,5270400000,556.32
976,0.7714128657045062,0.3276068631932144,0.001970575390323582,0.008501938641988227,1800000,3600000,5275800000,556.8900000000001
977,0.7723211772990839,0.3299930046632141,0.0,0.00847364602706999,1800000,3600000,5281200000,557.46
978,0.7730202357571896,0.3199433644043451,0.001042128856407534,0.008445447563861456,1800000,3600000,5286600000,558.0300000000001
979,0.7712231300550861,0.33229990076829813,0.0,0.008417342939046071,1800000,3600000,5292000000,558.6
980,0.7710515289179052,0.3239653769501341,0.0003134973301622527,0.008389331840349944,1800000,3600000,5297400000,559.1700000000001
981,0.7707851372801621,0.3263276213490941,0.0016529005076322961,0.008361413956538348,1800000,3600000,5302800000,559.74
982,0.7731967447675339,0.32571833337521466,0.00218528957799058,0.008333588977412296,1800000,3600000,5308200000,560.3100000000001
983,0.7686533495036023,0.33056856708935056,0.0010209396873111197,0.008305856593805061,1800000,3600000,5313600000,560.8800000000001
984,0.7694048503452434,0.33408003471855197,0.0,0.008278216497578768,1800000,3600000,5319000000,561.45
985,0.7708987212522932,0.3293341144137439,0.0002655608280138301,0.008250668381620944,1800000,3600000,5324400000,562.0200000000001
986,0.7713517637258271,0.3320517392709135,0.0014879798430685255,0.008223211939841133,1800000,3600000,5329800000,562.59
987,0.7710076545202535,0.3286863582685266,0.002650262820762393,0.008195846867167478,1800000,3600000,5335200000,563.1600000000001
988,0.7718636038630149,0.3228590471448599,0.0,0.008168572859543331,1800000,3600000,5340600000,563.73
989,0.7716925688141043,0.3264663052910916,0.0016149910630645881,0.008141389613923886,1800000,3600000,5346000000,564.3000000000001
990,0.7706805373886043,0.3305798082307107,0.0012263590225184873,0.008114296828272803,1800000,3600000,5351400000,564.8700000000001
991,0.7737192498373753,0.3239440766231494,0.0,0.008087294201558844,1800000,3600000,5356800000,565.44
992,0.770002296018358,0.32612624767691745,0.000948421272579337,0.00806038143375255,1800000,3600000,5362200000,566.0100000000001
993,0.7736080634361351,0.3223958805541889,0.0008596147162771397,0.008033558225822888,1800000,3600000,5367600000,566.58
994,0.7711472999825991,0.3313870388395579,0.000716486958231417,0.008006824279733942,1800000,3600000,5373000000,567.1500000000001
995,0.7729051262738846,0.3303593471862604,0.0,0.00798017929844159,1800000,3600000,5378400000,567.72
996,0.7704175106359914,0.32742542301207445,0.002138179766681139,0.007953622985890214,1800000,3600000,5383800000,568.2900000000001
997,0.76817599228236,0.3301305590717843,0.002621217959078388,0.007927155047009393,1800000,3600000,5389200000,568.86
998,0.7688990705492109,0.3296381960074866,0.0014073391639091693,0.007900775187710651,1800000,3600000,5394600000,569.4300000000001
999,0.7702257196049443,0.3246734119263276,0.0007006012837419808,0.007874483114884165,1800000,3600000,5400000000,570.0000000000001
