round,test_accuracy,train_objective,mfg,hfr_tau,downlink_bytes,uplink_bytes,cumulative_serialized_bytes,single_device_elapsed_seconds
0,0.499700362801151,0.5982857724882471,0.12052780279076121,0.35,1800000,18000000,19800000,0.65
1,0.5010366318528894,0.6044043867273694,0.12207488513065416,0.3488352756190831,1800000,18000000,39600000,1.3
2,0.5025495488380415,0.6041532835465673,0.11961074695225488,0.34767442718926206,1800000,18000000,59400000,1.9500000000000002
3,0.5032369104694304,0.6009807975235231,0.11920945943844924,0.34651744181220884,1800000,18000000,79200000,2.6
4,0.5054596850618965,0.5892586800262263,0.11875438601410368,0.3453643066325185,1800000,18000000,99000000,3.25
5,0.5040102814285663,0.5971419361395963,0.11765303613372463,0.3442150088375661,1800000,18000000,118800000,3.9000000000000004
6,0.5052145966093906,0.6004827713147213,0.11796726640081932,0.3430695356573643,1800000,18000000,138600000,4.55
7,0.5057033286715015,0.595537726005075,0.11770056743019176,0.3419278743644216,1800000,18000000,158400000,5.2
8,0.5096764672420314,0.5893338555468057,0.11519529029374011,0.34079001227360073,1800000,18000000,178200000,5.8500000000000005
9,0.5072058819573481,0.5913983622075376,0.11628116298606123,0.33965593674197786,1800000,18000000,198000000,6.5
10,0.5091980241587192,0.5882619707663392,0.11495849194544043,0.33852563516870204,1800000,18000000,217800000,7.15
11,0.5072183066052103,0.594943889530904,0.1147755773682632,0.3373990949948554,1800000,18000000,237600000,7.800000000000001
12,0.5101209262253106,0.5891374361781619,0.11425996937560041,0.3362763037033131,1800000,18000000,257400000,8.450000000000001
13,0.5147382713013713,0.5844771616830166,0.11264537593576161,0.335157248818605,1800000,18000000,277200000,9.1
14,0.5119972119891838,0.5867650863438575,0.11193032719181574,0.3340419179067763,1800000,18000000,297000000,9.75
15,0.5143058714797575,0.5886008988816965,0.11301727316862245,0.33293029857524986,1800000,18000000,316800000,10.4
16,0.5134007113406294,0.5869948887144527,0.11042672622338111,0.3318223784726884,1800000,18000000,336600000,11.05
17,0.5176307431884258,0.5837587143268071,0.11257778203761128,0.3307181452888571,1800000,18000000,356400000,11.700000000000001
18,0.5151230349603821,0.5790309168836856,0.11288152224447554,0.32961758675448705,1800000,18000000,376200000,12.35
19,0.5158469500304839,0.5811300389593138,0.11253244143922568,0.32852069064113865,1800000,18000000,396000000,13.0
20,0.5167200921204889,0.585146685490561,0.11080870910854355,0.3274274447610662,1800000,18000000,415800000,13.65
21,0.5180240952238458,0.5823676557301216,0.11084111670037737,0.32633783696708185,1800000,18000000,435600000,14.3
22,0.5179414671329605,0.5818675701231231,0.11055515042539116,0.3252518551524212,1800000,18000000,455400000,14.950000000000001
23,0.5211563661008577,0.5813958178236048,0.11044842576663595,0.32416948725060846,1800000,18000000,475200000,15.600000000000001
24,0.5222250672126761,0.5767392923843382,0.11043543473700425,0.3230907212353225,1800000,18000000,495000000,16.25
25,0.5214235296973722,0.5767153880728313,0.10800043858171823,0.32201554512026315,1800000,18000000,514800000,16.900000000000002
26,0.5239365632133048,0.574359122369891,0.10684916839093671,0.320943946959018,1800000,18000000,534600000,17.55
27,0.5259267559797504,0.5703433304167933,0.10822078216760053,0.31987591484492983,1800000,18000000,554400000,18.2
28,0.5231598947602437,0.5746409951319347,0.10764303121166409,0.3188114369109642,1800000,18000000,574200000,18.85
29,0.5233365391787135,0.5774768673116919,0.10616678465967913,0.3177505013295776,1800000,18000000,594000000,19.5
30,0.5268394385536757,0.5725773026834599,0.10571318628001401,0.3166930963125858,1800000,18000000,613800000,20.150000000000002
31,0.5274659440419138,0.5753977618835667,0.10712182577849302,0.3156392101110335,1800000,18000000,633600000,20.8
32,0.5279467805612598,0.5701366899130358,0.10449120996074182,0.3145888310150631,1800000,18000000,653400000,21.45
33,0.529319881029031,0.5724814830680949,0.10608191901081733,0.3135419473537849,1800000,18000000,673200000,22.1
34,0.5266941056021825,0.573661392063295,0.10454521886962624,0.31249854749514744,1800000,18000000,693000000,22.75
35,0.5285708013697016,0.571051228267839,0.10463224496964438,0.3114586198458083,1800000,18000000,712800000,23.400000000000002
36,0.5270839593994214,0.5845252500860962,0.10406411116423524,0.3104221528510051,1800000,18000000,732600000,24.05
37,0.5291278643583299,0.5726622358937782,0.10239318423266934,0.3093891349944272,1800000,18000000,752400000,24.7
38,0.5307371519280795,0.5673301750873234,0.10199703836086776,0.30835955479808785,1800000,18000000,772200000,25.35
39,0.5343911579610268,0.5653767212985965,0.10371697308658286,0.30733340082219646,1800000,18000000,792000000,26.0
40,0.5314435327345697,0.5685530686338177,0.10230172287093103,0.3063106616650316,1800000,18000000,811800000,26.650000000000002
41,0.5330900987877591,0.569056105053661,0.10272913604150574,0.3052913259628144,1800000,18000000,831600000,27.3
42,0.5308167579191472,0.569356337657979,0.10234280454231362,0.304275382389582,1800000,18000000,851400000,27.95
43,0.5343743412757147,0.562273594734021,0.09877864802717741,0.3032628196570622,1800000,18000000,871200000,28.6
44,0.53673876269755,0.567332604087049,0.09943481812103658,0.3022536265145474,1800000,18000000,891000000,29.25
45,0.5364955105600566,0.565249777594163,0.10054184939750221,0.3012477917487702,1800000,18000000,910800000,29.900000000000002
46,0.5387842777736435,0.5678731527813164,0.09879757030735074,0.30024530418377837,1800000,18000000,930600000,30.55
47,0.5396828697165637,0.5564018388238464,0.09979617142886706,0.2992461526808108,1800000,18000000,950400000,31.200000000000003
48,0.5405062748856497,0.5587135789265606,0.09761283857269033,0.2982503261381739,1800000,18000000,970200000,31.85
49,0.5385457954186569,0.5646437067866107,0.0979685775358185,0.2972578134911182,1800000,18000000,990000000,32.5
50,0.542002750891912,0.5547056593190786,0.09860507348819939,0.29626860371171493,1800000,18000000,1009800000,33.15
51,0.5419298170896922,0.5621064794387448,0.09660745254013862,0.2952826858087343,1800000,18000000,1029600000,33.800000000000004
52,0.5424081169540598,0.5564972230966307,0.09633660007846691,0.29430004882752275,1800000,18000000,1049400000,34.45
53,0.5419961008361703,0.5597331688204241,0.09881455354748706,0.29332068184988147,1800000,18000000,1069200000,35.1
54,0.5434846147031623,0.5578641951744236,0.09651842362578575,0.2923445739939452,1800000,18000000,1089000000,35.75
55,0.5470099137113794,0.5535516271799832,0.09616376531112346,0.29137171441406096,1800000,18000000,1108800000,36.4
56,0.5432329600980392,0.5542548835164417,0.09679189015924143,0.2904020923006678,1800000,18000000,1128600000,37.050000000000004
57,0.5438894511019102,0.5613402122447703,0.09574173669271475,0.2894356968801768,1800000,18000000,1148400000,37.7
58,0.5467491169961375,0.5534231141490041,0.09441264648419212,0.2884725174148511,1800000,18000000,1168200000,38.35
59,0.5482359276974516,0.5505789118407917,0.0944995976130053,0.2875125432026867,1800000,18000000,1188000000,39.0
60,0.5462705813470786,0.5487602813926549,0.09332344866501084,0.2865557635772936,1800000,18000000,1207800000,39.65
61,0.5471226265578791,0.557749535753588,0.09398970575745005,0.2856021679077773,1800000,18000000,1227600000,40.300000000000004
62,0.549607859793539,0.551316907687268,0.09379330358966396,0.28465174559862044,1800000,18000000,1247400000,40.95
63,0.5490172933227796,0.553560582107358,0.09411739639812339,0.28370448608956544,1800000,18000000,1267200000,41.6
64,0.5527017273148671,0.5469068102228076,0.09347679687104174,0.2827603788554969,1800000,18000000,1287000000,42.25
65,0.5516795445417562,0.5536167809754218,0.09056496177796049,0.28181941340632466,1800000,18000000,1306800000,42.9
66,0.5540316311515737,0.547052841025577,0.0912820423183518,0.28088157928686747,1800000,18000000,1326600000,43.550000000000004
67,0.5534040377846116,0.5468619082172099,0.09180628749960625,0.2799468660767365,1800000,18000000,1346400000,44.2
68,0.5550109370495091,0.5458267244877083,0.09082665302201264,0.2790152633902198,1800000,18000000,1366200000,44.85
69,0.5568947288675115,0.5401574449615698,0.08931686169264841,0.2780867608761669,1800000,18000000,1386000000,45.5
70,0.5571257148857448,0.5413413081336874,0.09178548345451207,0.2771613482178736,1800000,18000000,1405800000,46.15
71,0.5551628370521376,0.5433826618249097,0.09021546035154811,0.27623901513296745,1800000,18000000,1425600000,46.800000000000004
72,0.5557331951562738,0.5407808078687288,0.09011113244948174,0.2753197513732937,1800000,18000000,1445400000,47.45
73,0.5571903080148951,0.5410835396895853,0.09019571724711713,0.274403546724801,1800000,18000000,1465200000,48.1
74,0.5586789319708033,0.5368468590514928,0.09023654486544082,0.27349039100742834,1800000,18000000,1485000000,48.75
75,0.5588813971714155,0.5441281311129668,0.08949949893477165,0.2725802740749917,1800000,18000000,1504800000,49.4
76,0.5588864181566846,0.5426232026593464,0.09003616244672161,0.27167318581507127,1800000,18000000,1524600000,50.050000000000004
77,0.5587991542693798,0.5431076802444176,0.08788242999092118,0.2707691161488994,1800000,18000000,1544400000,50.7
78,0.5595650264562231,0.5377272382349976,0.08829395716393813,0.26986805503124817,1800000,18000000,1564200000,51.35
79,0.5662484143453684,0.5313449969717653,0.08846530055737893,0.26896999245031816,1800000,18000000,1584000000,52.0
80,0.5621603467239819,0.5371681682664462,0.0870032211380139,0.26807491842762704,1800000,18000000,1603800000,52.65
81,0.5613419039500535,0.537679219783943,0.08644520191822407,0.2671828230178986,1800000,18000000,1623600000,53.300000000000004
82,0.5636766364875619,0.538460737923212,0.08634971267135962,0.2662936963089525,1800000,18000000,1643400000,53.95
83,0.5636637169042268,0.5382773426806876,0.086248038299663,0.26540752842159393,1800000,18000000,1663200000,54.6
84,0.5674248111009098,0.5298651073564057,0.08672565230543834,0.2645243095095039,1800000,18000000,1683000000,55.25
85,0.5642266702361972,0.5430297940022952,0.08510118133706965,0.26364402975912987,1800000,18000000,1702800000,55.9
86,0.5658061426310949,0.5355822503755676,0.08562457393947512,0.26276667938957665,1800000,18000000,1722600000,56.550000000000004
87,0.5673746067810828,0.5309451841057806,0.08392219469580191,0.2618922486524978,1800000,18000000,1742400000,57.2
88,0.5643754448304257,0.5320123140025642,0.08287019778184616,0.26102072783198726,1800000,18000000,1762200000,57.85
89,0.5660485448533513,0.5340731894548795,0.08330425951526128,0.2601521072444713,1800000,18000000,1782000000,58.5
90,0.568228176317186,0.5305056829642687,0.08371905880893661,0.25928637723860126,1800000,18000000,1801800000,59.15
91,0.5704372978047467,0.5320013162460902,0.08219734076252933,0.2584235281951458,1800000,18000000,1821600000,59.800000000000004
92,0.5689204555099735,0.5320311974555386,0.0834662977587529,0.25756355052688457,1800000,18000000,1841400000,60.45
93,0.5689710199508499,0.5343465257270257,0.08413789039419424,0.25670643467850124,1800000,18000000,1861200000,61.1
94,0.5707206780327914,0.525089027765446,0.08241801303707452,0.2558521711264775,1800000,18000000,1881000000,61.75
95,0.57155011934302,0.531360812834625,0.08157779078516335,0.2550007503789875,1800000,18000000,1900800000,62.400000000000006
96,0.5723586735805527,0.5256060717435352,0.08093942979848905,0.2541521629757918,1800000,18000000,1920600000,63.050000000000004
97,0.5721226589423172,0.5318738128552729,0.0815204382684901,0.2533063994881328,1800000,18000000,1940400000,63.7
98,0.576823404069472,0.525789274145219,0.0804262290869822,0.2524634505186297,1800000,18000000,1960200000,64.35000000000001
99,0.5737649813943313,0.5271161304305442,0.08137232213169976,0.25162330670117417,1800000,18000000,1980000000,65.0
100,0.57750469181351,0.5227069014402401,0.0799417311039729,0.2507859587008262,1800000,18000000,1999800000,65.65
101,0.575744989969652,0.528500121590429,0.07890467934338259,0.24995139721371062,1800000,18000000,2019600000,66.3
102,0.5766549045953299,0.5188307510754684,0.07954592468375841,0.24911961296691337,1800000,18000000,2039400000,66.95
103,0.577121038935145,0.5302261699500973,0.08051153464390196,0.24829059671837875,1800000,18000000,2059200000,67.60000000000001
104,0.5786037943525716,0.5167838602252186,0.07860330735363644,0.24746433925680647,1800000,18000000,2079000000,68.25
105,0.5780138476059669,0.5184803747147955,0.07905617194176694,0.2466408314015497,1800000,18000000,2098800000,68.9
106,0.5796308254844474,0.5206583676838961,0.0799725729367535,0.24582006400251258,1800000,18000000,2118600000,69.55
107,0.5836755949299958,0.5155328451275736,0.07823735805354742,0.24500202794004897,1800000,18000000,2138400000,70.2
108,0.5829909329764215,0.5152565896230917,0.07706391700321637,0.24418671412486084,1800000,18000000,2158200000,70.85000000000001
109,0.5834336388315402,0.5204638646708634,0.07742097037536615,0.24337411349789742,1800000,18000000,2178000000,71.5
110,0.5835231825981323,0.5174825585839609,0.080108539558132,0.24256421703025452,1800000,18000000,2197800000,72.15
111,0.5840980930434208,0.5146163724164786,0.07781388593063591,0.24175701572307412,1800000,18000000,2217600000,72.8
112,0.5863624995923797,0.5085110324846449,0.07655299878477526,0.2409525006074445,1800000,18000000,2237400000,73.45
113,0.5841072392268828,0.5103985994630441,0.0754381485391102,0.24015066274430058,1800000,18000000,2257200000,74.10000000000001
114,0.5815369691130071,0.5163181819589692,0.07437594632619685,0.23935149322432453,1800000,18000000,2277000000,74.75
115,0.5846564380955537,0.5190849213988541,0.07561440271034416,0.23855498316784673,1800000,18000000,2296800000,75.4
116,0.5824438526232717,0.5201303343567196,0.07461258749390108,0.23776112372474734,1800000,18000000,2316600000,76.05
117,0.5864471908502618,0.5158955418786683,0.07508209176226006,0.2369699060743576,1800000,18000000,2336400000,76.7
118,0.5859626404765376,0.5191760065760981,0.07498284398753596,0.23618132142536227,1800000,18000000,2356200000,77.35000000000001
119,0.5894461513023166,0.5108989172878682,0.07534113597077513,0.2353953610157015,1800000,18000000,2376000000,78.0
120,0.588640425911276,0.5139548952189077,0.07488252999956044,0.23461201611247376,1800000,18000000,2395800000,78.65
121,0.5903947956359088,0.5092816064917105,0.0741133717466224,0.23383127801183873,1800000,18000000,2415600000,79.3
122,0.5875860411785337,0.5129675536598751,0.07509772917797308,0.23305313803892064,1800000,18000000,2435400000,79.95
123,0.5902157575840864,0.5077929166255274,0.0739847438749526,0.23227758754771177,1800000,18000000,2455200000,80.60000000000001
124,0.5913493044325823,0.5104878465949276,0.07096686269932674,0.23150461792097646,1800000,18000000,2475000000,81.25
125,0.5913090592931513,0.5055405437382353,0.07179903533807877,0.2307342205701553,1800000,18000000,2494800000,81.9
126,0.5916738727655755,0.5065070583084416,0.07216430360452224,0.22996638693526986,1800000,18000000,2514600000,82.55
127,0.5928250625153872,0.5071429063278635,0.0731049054047886,0.22920110848482736,1800000,18000000,2534400000,83.2
128,0.5933584633969589,0.5035713550099075,0.0709992629476562,0.22843837671572612,1800000,18000000,2554200000,83.85000000000001
129,0.5925608855871277,0.5100051177198333,0.07133514562310542,0.22767818315316077,1800000,18000000,2574000000,84.5
130,0.5901819469787858,0.5119029103267124,0.07277825243254568,0.2269205193505284,1800000,18000000,2593800000,85.15
131,0.5938990487811808,0.5048287455549001,0.07003084549621875,0.2261653768893345,1800000,18000000,2613600000,85.8
132,0.5942306013633378,0.5046828973786587,0.07021530500764483,0.22541274737909947,1800000,18000000,2633400000,86.45
133,0.5951966434015499,0.5028523293852404,0.06957754807796557,0.22466262245726548,1800000,18000000,2653200000,87.10000000000001
134,0.5955494768148063,0.5095046131505527,0.06879376227531254,0.22391499378910354,1800000,18000000,2673000000,87.75
135,0.5939254368206754,0.5013129216469022,0.0694725174848406,0.22316985306762066,1800000,18000000,2692800000,88.4
136,0.5964998776918904,0.5016695365690863,0.07042208631496341,0.22242719201346783,1800000,18000000,2712600000,89.05
137,0.5956861640833582,0.5039617073429455,0.07055016381422057,0.22168700237484795,1800000,18000000,2732400000,89.7
138,0.5983775190719939,0.49935805943885214,0.06969612360991731,0.22094927592742405,1800000,18000000,2752200000,90.35000000000001
139,0.5997537522376977,0.4979969814371347,0.06829247670219786,0.22021400447422812,1800000,18000000,2772000000,91.0
140,0.5994570862232038,0.502444634456103,0.06823402980143005,0.2194811798455696,1800000,18000000,2791800000,91.65
141,0.6007386555410624,0.4929750335039264,0.06865017264438847,0.21875079389894525,1800000,18000000,2811600000,92.3
142,0.6018900979130369,0.4980966124496066,0.06821849248328143,0.21802283851894808,1800000,18000000,2831400000,92.95
143,0.6012774983230029,0.49946158869498963,0.06772991175319688,0.21729730561717747,1800000,18000000,2851200000,93.60000000000001
144,0.6039526456518877,0.4926992349338293,0.06699951977840912,0.2165741871321493,1800000,18000000,2871000000,94.25
145,0.6015368704695678,0.49843927441376906,0.06660338458047163,0.21585347502920627,1800000,18000000,2890800000,94.9
146,0.6043760219088335,0.492780934873204,0.06740690621422302,0.2151351613004287,1800000,18000000,2910600000,95.55
147,0.6031868345081108,0.4951539958046835,0.06733147522038913,0.21441923796454562,1800000,18000000,2930400000,96.2
148,0.6008332296471895,0.5047025766606873,0.06597146003354629,0.21370569706684586,1800000,18000000,2950200000,96.85000000000001
149,0.6032397803599111,0.49001238940867897,0.06829662050886885,0.2129945306790899,1800000,18000000,2970000000,97.5
150,0.6041570577074893,0.5027713429921669,0.0651817129666028,0.21228573089942168,1800000,18000000,2989800000,98.15
151,0.6061332496873287,0.4909831002581847,0.06563795052177776,0.2115792898522808,1800000,18000000,3009600000,98.8
152,0.6065679234401797,0.4987696191298737,0.06515675438622648,0.21087519968831503,1800000,18000000,3029400000,99.45
153,0.606070709796638,0.4914303285748857,0.06435651835494988,0.21017345258429304,1800000,18000000,3049200000,100.10000000000001
154,0.6082002507356596,0.49788003190919367,0.06429035215805223,0.20947404074301768,1800000,18000000,3069000000,100.75
155,0.6067787350929383,0.49711506471309036,0.06579042301541758,0.20877695639323893,1800000,18000000,3088800000,101.4
156,0.6066888813407934,0.49569217388239656,0.06372281710327099,0.20808219178956802,1800000,18000000,3108600000,102.05
157,0.6058761612452421,0.4942536725371081,0.06288049366755305,0.2073897392123911,1800000,18000000,3128400000,102.7
158,0.6084449944748888,0.49657321733393306,0.06254302236438151,0.20669959096778348,1800000,18000000,3148200000,103.35000000000001
159,0.6093326061243955,0.49105374463842977,0.06228394041357276,0.20601173938742431,1800000,18000000,3168000000,104.0
160,0.6111264986573386,0.49268644919873694,0.06205887361256667,0.20532617682851112,1800000,18000000,3187800000,104.65
161,0.6118138998204055,0.4861090365908417,0.06228735132827027,0.2046428956736751,1800000,18000000,3207600000,105.3
162,0.6124550770253907,0.48707290470351056,0.06315901664164812,0.20396188833089637,1800000,18000000,3227400000,105.95
163,0.6105507130609913,0.4854166573460141,0.06301104471033304,0.2032831472334197,1800000,18000000,3247200000,106.60000000000001
164,0.6132896567983982,0.48657757801136575,0.06333278466319837,0.20260666483967038,1800000,18000000,3267000000,107.25
165,0.6140283295206812,0.483792484401707,0.06324757412151016,0.20193243363317032,1800000,18000000,3286800000,107.9
166,0.6142994518668126,0.48900970891817946,0.062156358554728834,0.20126044612245486,1800000,18000000,3306600000,108.55
167,0.6136313955294097,0.49003014247866183,0.061238307079263365,0.20059069484098904,1800000,18000000,3326400000,109.2
168,0.6151286870122326,0.4882419209787135,0.05969430692181275,0.1999231723470852,1800000,18000000,3346200000,109.85000000000001
169,0.6152183725805499,0.4842219119408091,0.0599591898655719,0.1992578712238198,1800000,18000000,3366000000,110.5
170,0.6154512857159805,0.4904535445725871,0.06053126034168877,0.19859478407895134,1800000,18000000,3385800000,111.15
171,0.6128595225676605,0.48747306813729663,0.061331312577521405,0.19793390354483797,1800000,18000000,3405600000,111.8
172,0.6148302327722697,0.4835259501356418,0.06019471623789283,0.19727522227835592,1800000,18000000,3425400000,112.45
173,0.6176975506692032,0.48279320346573334,0.060568728008889,0.1966187329608177,1800000,18000000,3445200000,113.10000000000001
174,0.6178373508635902,0.48354401897465416,0.06091419399822166,0.1959644282978907,1800000,18000000,3465000000,113.75
175,0.6190952432714348,0.4843967538749631,0.05918709224112409,0.19531230101951647,1800000,18000000,3484800000,114.4
176,0.6186881726793588,0.4793580378567667,0.05950130051454945,0.1946623438798296,1800000,18000000,3504600000,115.05
177,0.6169415076262001,0.4878864128610968,0.05862974347883772,0.19401454965707748,1800000,18000000,3524400000,115.7
178,0.6194937941120655,0.4776855597731705,0.05939014830191496,0.19336891115353974,1800000,18000000,3544200000,116.35000000000001
179,0.6199857694362426,0.48206528218913525,0.06134584492711582,0.1927254211954487,1800000,18000000,3564000000,117.0
180,0.6219145017879354,0.4797425789574907,0.05991743127000457,0.19208407263290928,1800000,18000000,3583800000,117.65
181,0.6207345680293735,0.477712849509067,0.05886470753792766,0.19144485833981967,1800000,18000000,3603600000,118.3
182,0.6204508967646908,0.4854351468834552,0.057450448212120926,0.19080777121379236,1800000,18000000,3623400000,118.95
183,0.6224534547154359,0.47572441947294275,0.057356892548849875,0.19017280417607493,1800000,18000000,3643200000,119.60000000000001
184,0.6222698343423413,0.4751737723775492,0.057599800950583355,0.1895399501714715,1800000,18000000,3663000000,120.25
185,0.6228005211287093,0.47533769261677994,0.058293583104341844,0.1889092021682644,1800000,18000000,3682800000,120.9
186,0.6239292684259117,0.4687318656380667,0.05669182214881342,0.18828055315813605,1800000,18000000,3702600000,121.55
187,0.625479518921939,0.4770995249125321,0.055914140780865144,0.18765399615609096,1800000,18000000,3722400000,122.2
188,0.6282939384121325,0.47404253316362077,0.05707603428282074,0.18702952420037813,1800000,18000000,3742200000,122.85000000000001
189,0.6235319287773459,0.47493598068699716,0.0575409837037352,0.186407130352414,1800000,18000000,3762000000,123.5
190,0.6276392491950913,0.4667925585388927,0.05651331599468356,0.1857868076967049,1800000,18000000,3781800000,124.15
191,0.6247241518697323,0.47643867916176313,0.058317405939634734,0.1851685493407704,1800000,18000000,3801600000,124.80000000000001
192,0.6249449032244199,0.4769286951103709,0.057193921918948204,0.18455234841506699,1800000,18000000,3821400000,125.45
193,0.6271582736225042,0.4697859737706031,0.05601266220171275,0.18393819807291129,1800000,18000000,3841200000,126.10000000000001
194,0.6296398986957382,0.4680466890301089,0.05566194020784165,0.18332609149040435,1800000,18000000,3861000000,126.75
195,0.6254128287105655,0.47197026448606544,0.054877902634937505,0.1827160218663556,1800000,18000000,3880800000,127.4
196,0.6282348514993932,0.47029844436477314,0.05536241893378054,0.1821079824222074,1800000,18000000,3900600000,128.05
197,0.629877601920271,0.47757079676181985,0.05383807869501837,0.1815019664019596,1800000,18000000,3920400000,128.70000000000002
198,0.6310139118418345,0.470798177828311,0.055254536597628655,0.1808979670720947,1800000,18000000,3940200000,129.35
199,0.6285086674119392,0.47490229661832517,0.05362246592805094,0.18029597772150285,1800000,18000000,3960000000,130.0
200,0.6310152552423522,0.4731608963517778,0.053820272489701046,0.1796959916614072,1800000,18000000,3979800000,130.65
201,0.6337881422545811,0.4624000919368826,0.053452310244791884,0.17909800222528985,1800000,18000000,3999600000,131.3
202,0.6302100513444951,0.4719723077906775,0.053323829349889426,0.1785020027688176,1800000,18000000,4019400000,131.95000000000002
203,0.6320477327892727,0.463845795326707,0.053931933427614494,0.1779079866697681,1800000,18000000,4039200000,132.6
204,0.6335036364641171,0.46655990368810263,0.05367328739916185,0.17731594732795633,1800000,18000000,4059000000,133.25
205,0.6334295048268102,0.46604766522045565,0.05125730679817116,0.1767258781651614,1800000,18000000,4078800000,133.9
206,0.6311168755090626,0.47025857351199046,0.051224549847156076,0.1761377726250531,1800000,18000000,4098600000,134.55
207,0.6325871771183933,0.4602455122082253,0.052507691177262894,0.17555162417311942,1800000,18000000,4118400000,135.20000000000002
208,0.6323184224894601,0.465593868254872,0.050669411054106606,0.17496742629659376,1800000,18000000,4138200000,135.85
209,0.6361124167733605,0.46154522348453086,0.05336478965515413,0.17438517250438257,1800000,18000000,4158000000,136.5
210,0.6341399733945287,0.4637333018956964,0.050821827002998955,0.17380485632699333,1800000,18000000,4177800000,137.15
211,0.6334258565420493,0.46810744077575606,0.051403283603506766,0.17322647131646246,1800000,18000000,4197600000,137.8
212,0.6370161835614053,0.4602184571165305,0.05031330851162022,0.17265001104628397,1800000,18000000,4217400000,138.45000000000002
213,0.6391502400232433,0.4598510201373153,0.04940437157984425,0.17207546911133778,1800000,18000000,4237200000,139.1
214,0.638383488692014,0.46270024640758445,0.05011981953952171,0.1715028391278187,1800000,18000000,4257000000,139.75
215,0.6368402972228749,0.4651922925767334,0.053057689704295787,0.17093211473316547,1800000,18000000,4276800000,140.4
216,0.6381293281326031,0.46342273811522966,0.049769582776064816,0.1703632895859901,1800000,18000000,4296600000,141.05
217,0.6379344778572572,0.4653791770834169,0.05134377641797431,0.1697963573660072,1800000,18000000,4316400000,141.70000000000002
218,0.6397722432267198,0.45677782336498096,0.050702266643025906,0.1692313117739642,1800000,18000000,4336200000,142.35
219,0.6380044779960983,0.463736781700015,0.0489396542182517,0.16866814653157083,1800000,18000000,4356000000,143.0
220,0.642051679493218,0.45545122477329614,0.05122869099502815,0.16810685538142978,1800000,18000000,4375800000,143.65
221,0.6440273417913449,0.4628884013750417,0.04963902147245631,0.16754743208696687,1800000,18000000,4395600000,144.3
222,0.6435171713241653,0.45781783177338903,0.0501790375007062,0.16698987043236202,1800000,18000000,4415400000,144.95000000000002
223,0.6400921569037421,0.4582627038415388,0.04876436726410583,0.16643416422248,1800000,18000000,4435200000,145.6
224,0.6423447385645529,0.4544066710074923,0.04932566149532224,0.1658803072828016,1800000,18000000,4455000000,146.25
225,0.6419309635855801,0.45622162077124323,0.049021283919831724,0.16532829345935512,1800000,18000000,4474800000,146.9
226,0.6429642949089318,0.46126467897168005,0.04714804130633454,0.16477811661864805,1800000,18000000,4494600000,147.55
227,0.6439573636193867,0.45507342331046496,0.04807289249751251,0.1642297706475986,1800000,18000000,4514400000,148.20000000000002
228,0.6437618845617669,0.45467661448241015,0.04892290317605184,0.1636832494534682,1800000,18000000,4534200000,148.85
229,0.6452024234425129,0.45516318776355374,0.04761184354032495,0.1631385469637935,1800000,18000000,4554000000,149.5
230,0.6425692740533244,0.451107251289488,0.04709518590356178,0.162595657126319,1800000,18000000,4573800000,150.15
231,0.6458674859067544,0.45597647833910815,0.04683406088905668,0.16205457390892983,1800000,18000000,4593600000,150.8
232,0.6470650101881197,0.4573411468153175,0.046587174604253614,0.16151529129958464,1800000,18000000,4613400000,151.45000000000002
233,0.6461708135900938,0.4550536142346896,0.04962096503687037,0.1609778033062489,1800000,18000000,4633200000,152.1
234,0.6461809199659544,0.45391429354883883,0.0457291793849721,0.16044210395682823,1800000,18000000,4653000000,152.75
235,0.65074432053146,0.44770273768596713,0.04797563234863831,0.1599081872991022,1800000,18000000,4672800000,153.4
236,0.6489295570309154,0.45218462030058154,0.047283563891612465,0.15937604740065797,1800000,18000000,4692600000,154.05
237,0.6502548657068493,0.45232329821519285,0.044939754974120144,0.15884567834882454,1800000,18000000,4712400000,154.70000000000002
238,0.6480593909373675,0.45235727491189964,0.048968099702571856,0.15831707425060695,1800000,18000000,4732200000,155.35
239,0.6499379161868802,0.44857326900621985,0.046657720398413774,0.15779022923262095,1800000,18000000,4752000000,156.0
240,0.6506501640940117,0.44785757994544495,0.04482246434931834,0.15726513744102755,1800000,18000000,4771800000,156.65
241,0.6462723661544038,0.45572263320190315,0.04484358851306484,0.1567417930414681,1800000,18000000,4791600000,157.3
242,0.6484586062866756,0.45168755849059444,0.044812012123749204,0.1562201902189995,1800000,18000000,4811400000,157.95000000000002
243,0.6492727559809991,0.4508307552396538,0.04574132493321964,0.15570032317802937,1800000,18000000,4831200000,158.6
244,0.6501444322739749,0.44270546377825176,0.04568741419899612,0.15518218614225202,1800000,18000000,4851000000,159.25
245,0.6498640887308704,0.4475653155788264,0.045045193409600594,0.15466577335458384,1800000,18000000,4870800000,159.9
246,0.6510365332533674,0.4515789606110623,0.04452149754600733,0.15415107907709974,1800000,18000000,4890600000,160.55
247,0.6498617811801242,0.44559503275482704,0.045316576224820944,0.15363809759096905,1800000,18000000,4910400000,161.20000000000002
248,0.65248549587904,0.44649375067948904,0.04503853540835351,0.15312682319639226,1800000,18000000,4930200000,161.85
249,0.652983637400054,0.4484651117089304,0.044485239687591306,0.15261725021253744,1800000,18000000,4950000000,162.5
250,0.6511733168080122,0.4414815766294085,0.042361395093300884,0.15210937297747737,1800000,18000000,4969800000,163.15
251,0.6550626378835918,0.44573386894799993,0.0455015257936082,0.1516031858481264,1800000,18000000,4989600000,163.8
252,0.6557558446200825,0.4425820882497783,0.04502152661549084,0.15109868320017789,1800000,18000000,5009400000,164.45000000000002
253,0.6559288097508191,0.44590470114943065,0.04264276219516373,0.15059585942804166,1800000,18000000,5029200000,165.1
254,0.6550341792374968,0.44290917839856947,0.042437524972967544,0.15009470894478177,1800000,18000000,5049000000,165.75
255,0.654321059061827,0.4453272171105632,0.04456807996632885,0.14959522618205434,1800000,18000000,5068800000,166.4
256,0.6532065275276191,0.4447600680705353,0.043274372548436475,0.14909740559004572,1800000,18000000,5088600000,167.05
257,0.6552742254679959,0.44374377672735177,0.042627029382652726,0.14860124163741095,1800000,18000000,5108400000,167.70000000000002
258,0.655992241355832,0.4468272219461423,0.0416836518906299,0.1481067288112121,1800000,18000000,5128200000,168.35
259,0.6592811479360434,0.4391936582582541,0.040502625979019845,0.14761386161685705,1800000,18000000,5148000000,169.0
260,0.6585916226946562,0.4396532959924419,0.04284992781399989,0.14712263457803865,1800000,18000000,5167800000,169.65
261,0.6549659172291976,0.4465714566382293,0.04338211785238228,0.14663304223667364,1800000,18000000,5187600000,170.3
262,0.6582415559657767,0.44637037518306605,0.04108050285933957,0.14614507915284203,1800000,18000000,5207400000,170.95000000000002
263,0.658141383484216,0.4373778760162125,0.042056136985310424,0.14565873990472678,1800000,18000000,5227200000,171.6
264,0.6595820257483371,0.4408051773336693,0.04260168711653851,0.14517401908855349,1800000,18000000,5247000000,172.25
265,0.6595708906997064,0.4402084752970896,0.04325373805521805,0.14469091131853026,1800000,18000000,5266800000,172.9
266,0.6599490022204937,0.43999983276274435,0.041534628162151775,0.14420941122678804,1800000,18000000,5286600000,173.55
267,0.6603877505543366,0.4414856454922525,0.040500316366468045,0.1437295134633209,1800000,18000000,5306400000,174.20000000000002
268,0.659227468820894,0.4432570623518267,0.03996979911100757,0.1432512126959265,1800000,18000000,5326200000,174.85
269,0.6579702165779812,0.4450066146049742,0.041637121028965954,0.14277450361014693,1800000,18000000,5346000000,175.5
270,0.6624854083442463,0.43576692293214614,0.04059179021315455,0.14229938090920968,1800000,18000000,5365800000,176.15
271,0.6621936001871401,0.43589591165085256,0.03963646479530157,0.14182583931396875,1800000,18000000,5385600000,176.8
272,0.6615887339941919,0.43808902296626784,0.04030106970934303,0.14135387356284596,1800000,18000000,5405400000,177.45000000000002
273,0.6629983378720501,0.43631488620694575,0.040158711762383524,0.14088347841177257,1800000,18000000,5425200000,178.1
274,0.6642278458893333,0.43455320206830234,0.04109396040270492,0.14041464863413097,1800000,18000000,5445000000,178.75
275,0.6633569039817807,0.43691199403775044,0.04176952202629941,0.13994737902069657,1800000,18000000,5464800000,179.4
276,0.6632455106204797,0.4349206423408941,0.0390298837574575,0.13948166437957993,1800000,18000000,5484600000,180.05
277,0.6641187850869118,0.4383289698833219,0.04077011558441052,0.1390174995361692,1800000,18000000,5504400000,180.70000000000002
278,0.6642550289776419,0.438222730284601,0.04001017278716865,0.13855487933307245,1800000,18000000,5524200000,181.35
279,0.6649796258869518,0.437574629550804,0.03958077821198577,0.13809379863006038,1800000,18000000,5544000000,182.0
280,0.6651540915905639,0.4388703241881756,0.03761735761053444,0.13763425230400939,1800000,18000000,5563800000,182.65
281,0.6664155281504619,0.43370770140971293,0.03953817891115413,0.1371762352488444,1800000,18000000,5583600000,183.3
282,0.6669017892721489,0.4294726407736816,0.03934341396282033,0.1367197423754824,1800000,18000000,5603400000,183.95000000000002
283,0.666884081435777,0.4384978454951363,0.040158242381659326,0.13626476861177553,1800000,18000000,5623200000,184.6
284,0.6666759975474963,0.43105155003669327,0.03907449266810704,0.13581130890245519,1800000,18000000,5643000000,185.25
285,0.6664598519811732,0.4365870486160344,0.036914651972501725,0.1353593582090754,1800000,18000000,5662800000,185.9
286,0.6695033053160382,0.43073427085753446,0.03770500247326501,0.13490891150995724,1800000,18000000,5682600000,186.55
287,0.6668720287746583,0.4361869493970102,0.03676011673229057,0.13445996380013267,1800000,18000000,5702400000,187.20000000000002
288,0.6661328544695896,0.4297910607055766,0.03832148367199727,0.1340125100912892,1800000,18000000,5722200000,187.85
289,0.6679158689460309,0.43343874919542164,0.037888715434567254,0.13356654541171437,1800000,18000000,5742000000,188.5
290,0.6713504601556295,0.4303075943569695,0.03743607301244678,0.13312206480624048,1800000,18000000,5761800000,189.15
291,0.6652633622339783,0.4389459192634952,0.03703603118127138,0.1326790633361896,1800000,18000000,5781600000,189.8
292,0.6699350844970828,0.4217106549529991,0.03696799642474853,0.1322375360793185,1800000,18000000,5801400000,190.45000000000002
293,0.6701011898544736,0.4286147204398048,0.03720430331921394,0.13179747812976436,1800000,18000000,5821200000,191.1
294,0.6695669482698741,0.4337926688372374,0.03818629444877675,0.13135888459798983,1800000,18000000,5841000000,191.75
295,0.6719594820401869,0.4302132815057597,0.03792252740945086,0.13092175061072892,1800000,18000000,5860800000,192.4
296,0.670917616849541,0.4334956863242351,0.036208907532764525,0.13048607131093282,1800000,18000000,5880600000,193.05
297,0.6735858106013197,0.42455550084180393,0.036179353911706416,0.13005184185771598,1800000,18000000,5900400000,193.70000000000002
298,0.6714768241199736,0.4295971973138554,0.03616931527205161,0.1296190574263022,1800000,18000000,5920200000,194.35
299,0.6688730189818775,0.4269103723246565,0.03637038247199545,0.12918771320797112,1800000,18000000,5940000000,195.0
300,0.6725733151637597,0.43146423843203247,0.03624034354127937,0.1287578044100048,1800000,18000000,5959800000,195.65
301,0.668316928860631,0.42855425612439707,0.03554220397951466,0.12832932625563434,1800000,18000000,5979600000,196.3
302,0.6735507102512768,0.4201276869299703,0.037450306045289046,0.12790227398398704,1800000,18000000,5999400000,196.95000000000002
303,0.6712731224292505,0.42790287051839776,0.03486163028619862,0.12747664285003316,1800000,18000000,6019200000,197.6
304,0.6717616323269858,0.42783137607997446,0.03550476364363233,0.12705242812453352,1800000,18000000,6039000000,198.25
305,0.6737317824990343,0.4304830849805496,0.036898457670990856,0.1266296250939869,1800000,18000000,6058800000,198.9
306,0.6735028138261063,0.42760564804999274,0.0359524633782817,0.1262082290605774,1800000,18000000,6078600000,199.55
307,0.6773551672678384,0.4245719446060529,0.034798417333148667,0.12578823534212255,1800000,18000000,6098400000,200.20000000000002
308,0.676157697262486,0.4273952842566916,0.033769861731787455,0.12536963927202122,1800000,18000000,6118200000,200.85
309,0.6774629173411076,0.42211953067356733,0.03371571764652173,0.12495243619920157,1800000,18000000,6138000000,201.5
310,0.67586198288474,0.42477338479962257,0.0347594193488476,0.12453662148806965,1800000,18000000,6157800000,202.15
311,0.6749682929453168,0.4238322079938417,0.036387883774088206,0.12412219051845777,1800000,18000000,6177600000,202.8
312,0.6767328369098397,0.4260658831793005,0.0336170488530482,0.12370913868557305,1800000,18000000,6197400000,203.45000000000002
313,0.6768593461533038,0.4210873365308616,0.033909845042272124,0.12329746139994645,1800000,18000000,6217200000,204.1
314,0.6757030846175962,0.42688112290835245,0.033976671986843114,0.12288715408738168,1800000,18000000,6237000000,204.75
315,0.6785609879381552,0.4230197086948214,0.032582653269434395,0.12247821218890435,1800000,18000000,6256800000,205.4
316,0.6773988960033612,0.42369679572813373,0.03197940374758177,0.12207063116071146,1800000,18000000,6276600000,206.05
317,0.6764216323106559,0.42660471454925175,0.03432832770911821,0.12166440647412063,1800000,18000000,6296400000,206.70000000000002
318,0.6781143115798238,0.4208890349069547,0.03545998927748891,0.12125953361552008,1800000,18000000,6316200000,207.35
319,0.6797831860367852,0.41878805746696296,0.03419340638997345,0.12085600808631838,1800000,18000000,6336000000,208.0
320,0.6803682976494715,0.4171891896483728,0.03393389433340335,0.12045382540289432,1800000,18000000,6355800000,208.65
321,0.6799703334501895,0.4200290616213313,0.034012393749820145,0.12005298109654731,1800000,18000000,6375600000,209.3
322,0.6791790037117339,0.4168169339663129,0.033536771769490714,0.11965347071344763,1800000,18000000,6395400000,209.95000000000002
323,0.6793974512934313,0.41861502137557244,0.03309789286245283,0.11925528981458684,1800000,18000000,6415200000,210.6
324,0.6810031757134185,0.4140781669493966,0.03344913759711813,0.11885843397572868,1800000,18000000,6435000000,211.25
325,0.6821204732915401,0.4120527265954768,0.03453180282142531,0.11846289878735977,1800000,18000000,6454800000,211.9
326,0.6805503418852782,0.41388491239695363,0.03327104934373421,0.11806867985464056,1800000,18000000,6474600000,212.55
327,0.680753695008845,0.4213934610631659,0.03175440913396614,0.11767577279735666,1800000,18000000,6494400000,213.20000000000002
328,0.6822443489811797,0.42029554311744616,0.031186062214955537,0.11728417324987007,1800000,18000000,6514200000,213.85
329,0.6816384656248918,0.4166480670362548,0.031955813370711426,0.11689387686107064,1800000,18000000,6534000000,214.5
330,0.6827863366866664,0.41539317906066153,0.03202345840522442,0.11650487929432783,1800000,18000000,6553800000,215.15
331,0.6818358154831772,0.4135795182787683,0.03160601116090793,0.11611717622744248,1800000,18000000,6573600000,215.8
332,0.682030954062103,0.4200421032949437,0.029862235941777275,0.1157307633525987,1800000,18000000,6593400000,216.45000000000002
333,0.682810094633665,0.4155513943526597,0.032362992348598504,0.11534563637631616,1800000,18000000,6613200000,217.1
334,0.682119107122749,0.41696675494141855,0.031003709111944583,0.11496179101940228,1800000,18000000,6633000000,217.75
335,0.6842442860032782,0.4118303266400721,0.030427491055392813,0.11457922301690467,1800000,18000000,6652800000,218.4
336,0.6842414213615279,0.4152157465701156,0.030811880951682406,0.1141979281180638,1800000,18000000,6672600000,219.05
337,0.6839881082769544,0.41350119361951,0.0322902786655658,0.11381790208626583,1800000,18000000,6692400000,219.70000000000002
338,0.6866111267790499,0.41135980288517937,0.03176222915042425,0.1134391406989953,1800000,18000000,6712200000,220.35
339,0.6851132768990041,0.41990779668199196,0.02941239309982244,0.11306163974778852,1800000,18000000,6732000000,221.0
340,0.6881320902941632,0.40643663251004974,0.031349728208189806,0.11268539503818656,1800000,18000000,6751800000,221.65
341,0.686421201597118,0.416104065839446,0.029698336110355508,0.11231040238968878,1800000,18000000,6771600000,222.3
342,0.6883106687449186,0.41221263029435884,0.03113253551464996,0.11193665763570637,1800000,18000000,6791400000,222.95000000000002
343,0.6867391141350655,0.410594307935153,0.030823201181564834,0.11156415662351593,1800000,18000000,6811200000,223.6
344,0.684551320774533,0.41493924733516463,0.029908439320948773,0.11119289521421355,1800000,18000000,6831000000,224.25
345,0.6861175347903278,0.4136700717094252,0.03042029184392306,0.11082286928266864,1800000,18000000,6850800000,224.9
346,0.6886577541979133,0.40836546037517446,0.029156461684730357,0.11045407471747809,1800000,18000000,6870600000,225.55
347,0.689947154734551,0.4071883164370732,0.029900597061956188,0.11008650742092078,1800000,18000000,6890400000,226.20000000000002
348,0.686832761484336,0.41296181620626315,0.02852797485387904,0.10972016330891185,1800000,18000000,6910200000,226.85
349,0.6883019026803229,0.40636524280587166,0.03006909133766608,0.10935503831095737,1800000,18000000,6930000000,227.5
350,0.6893010554430872,0.41287996215894646,0.028802572283475006,0.10899112837010919,1800000,18000000,6949800000,228.15
351,0.6884369140417802,0.41169287747782096,0.02903808886531426,0.10862842944291975,1800000,18000000,6969600000,228.8
352,0.6880485278222871,0.40794523382021214,0.029250039547284643,0.10826693749939725,1800000,18000000,6989400000,229.45000000000002
353,0.6898633798750832,0.40847516914963733,0.030513132117073332,0.10790664852296081,1800000,18000000,7009200000,230.1
354,0.6901570339683913,0.4091572097471933,0.029582461916181253,0.10754755851039594,1800000,18000000,7029000000,230.75
355,0.690918154650805,0.40979340830710903,0.030728851450172685,0.10718966347180982,1800000,18000000,7048800000,231.4
356,0.6906514306095315,0.4061606118243319,0.031218453307187238,0.10683295943058728,1800000,18000000,7068600000,232.05
357,0.6881723911454838,0.41190940225624223,0.02841364654044964,0.10647744242334642,1800000,18000000,7088400000,232.70000000000002
358,0.6925349073210249,0.40792985309532775,0.02827283044478837,0.10612310849989458,1800000,18000000,7108200000,233.35
359,0.6903013375110779,0.4120416131359633,0.02734952819478686,0.10576995372318454,1800000,18000000,7128000000,234.0
360,0.6924384989417938,0.4146123795046111,0.027025286828378216,0.10541797416927075,1800000,18000000,7147800000,234.65
361,0.6934703447845909,0.40073813219308047,0.029019402082055515,0.10506716592726555,1800000,18000000,7167600000,235.3
362,0.6926494540666467,0.40262756077334516,0.02781796691543674,0.10471752509929605,1800000,18000000,7187400000,235.95000000000002
363,0.6946550487788344,0.4064536642169158,0.028031716539321194,0.10436904780046058,1800000,18000000,7207200000,236.6
364,0.694076923728521,0.40361580754806464,0.02708403026819183,0.1040217301587855,1800000,18000000,7227000000,237.25
365,0.6917291766929479,0.410431554743152,0.027204476278224803,0.1036755683151824,1800000,18000000,7246800000,237.9
366,0.6969536070448634,0.4019525190309274,0.028386769390438042,0.10333055842340497,1800000,18000000,7266600000,238.55
367,0.6960705429694224,0.4026684510646644,0.027201446395343772,0.10298669665000641,1800000,18000000,7286400000,239.20000000000002
368,0.6957517055285736,0.40491297585287583,0.028079676514507396,0.10264397917429686,1800000,18000000,7306200000,239.85
369,0.6957173049095429,0.4061512862251982,0.026264615822060973,0.10230240218830079,1800000,18000000,7326000000,240.5
370,0.693260155737553,0.4033947587225629,0.027868735405760577,0.10196196189671484,1800000,18000000,7345800000,241.15
371,0.6947670601522444,0.40503296408186434,0.029341025250603763,0.10162265451686568,1800000,18000000,7365600000,241.8
372,0.6980141078114346,0.40524411573379143,0.027216438935792467,0.10128447627866771,1800000,18000000,7385400000,242.45000000000002
373,0.6972659499642369,0.39633278396322996,0.026673893533136612,0.10094742342458156,1800000,18000000,7405200000,243.1
374,0.6969275044237491,0.403026121080568,0.026814293744211966,0.10061149220957201,1800000,18000000,7425000000,243.75
375,0.6949644399911825,0.41099145572875595,0.027218681581037383,0.10027667890106652,1800000,18000000,7444800000,244.4
376,0.6954234034222659,0.40438112382025226,0.02686442921558248,0.09994297977891384,1800000,18000000,7464600000,245.05
377,0.6975009229299581,0.40136291277264147,0.026947709415135062,0.09961039113534248,1800000,18000000,7484400000,245.70000000000002
378,0.6960184330393012,0.40621306268917623,0.02775463060884296,0.09927890927491963,1800000,18000000,7504200000,246.35
379,0.6977566053958683,0.4032095714911224,0.02572979212855361,0.09894853051451011,1800000,18000000,7524000000,247.0
380,0.7004793979397811,0.4007689714045305,0.02646634578923265,0.09861925118323542,1800000,18000000,7543800000,247.65
381,0.6978782052127867,0.4034503764159986,0.02604183452079249,0.09829106762243292,1800000,18000000,7563600000,248.3
382,0.7001126667802604,0.39977401123869083,0.026183514583421653,0.09796397618561521,1800000,18000000,7583400000,248.95000000000002
383,0.6979813867758079,0.4026399073816491,0.026317580292615366,0.09763797323842967,1800000,18000000,7603200000,249.60000000000002
384,0.7005211797397396,0.39659181762392937,0.02699264124899991,0.09731305515861795,1800000,18000000,7623000000,250.25
385,0.7005173167704777,0.3982235945334439,0.025309281465801754,0.09698921833597579,1800000,18000000,7642800000,250.9
386,0.700050963580668,0.3981532853784982,0.024176308023522795,0.09666645917231301,1800000,18000000,7662600000,251.55
387,0.6977035487230833,0.4074794204019396,0.023743936842456615,0.09634477408141331,1800000,18000000,7682400000,252.20000000000002
388,0.7023441565929165,0.3921775122737632,0.02508136191875606,0.09602415948899462,1800000,18000000,7702200000,252.85000000000002
389,0.699665032318575,0.39818631828650175,0.024976051591476818,0.09570461183266925,1800000,18000000,7722000000,253.5
390,0.6991034522207379,0.4051753470023058,0.025343597781964138,0.0953861275619044,1800000,18000000,7741800000,254.15
391,0.70260499542618,0.3964304185054601,0.025225036760364136,0.09506870313798271,1800000,18000000,7761600000,254.8
392,0.7007154275363331,0.39804267274841876,0.02554796129610376,0.09475233503396285,1800000,18000000,7781400000,255.45000000000002
393,0.7025986898152291,0.3965018114661977,0.024156044455448573,0.09443701973464037,1800000,18000000,7801200000,256.1
394,0.7047379776576044,0.39385391445231577,0.024929536910473005,0.0941227537365088,1800000,18000000,7821000000,256.75
395,0.7046635574381812,0.3951203141834358,0.025554690612163814,0.0938095335477204,1800000,18000000,7840800000,257.40000000000003
396,0.7024484815358322,0.3986759476039884,0.022409595755313545,0.09349735568804761,1800000,18000000,7860600000,258.05
397,0.7028558868605372,0.3988099958163141,0.02516092725918103,0.09318621668884443,1800000,18000000,7880400000,258.7
398,0.7032129398242554,0.3952488028718135,0.02339913597286722,0.09287611309300757,1800000,18000000,7900200000,259.35
399,0.7024029428733599,0.39672685058793666,0.023636686510086238,0.09256704145493838,1800000,18000000,7920000000,260.0
400,0.7034932521476496,0.3999578162796434,0.025100716998955597,0.09225899834050437,1800000,18000000,7939800000,260.65000000000003
401,0.7022088259860043,0.3999516795707601,0.022721596918101945,0.09195198032700107,1800000,18000000,7959600000,261.3
402,0.7018453170512269,0.4032007779792226,0.024566568550251865,0.09164598400311409,1800000,18000000,7979400000,261.95
403,0.7034725705570493,0.393944890151151,0.02314444868337965,0.09134100596888113,1800000,18000000,7999200000,262.6
404,0.7065655017508189,0.39850971702656407,0.024435364169218744,0.09103704283565418,1800000,18000000,8019000000,263.25
405,0.7055679571196573,0.3977213119206714,0.022794960885375394,0.09073409122606202,1800000,18000000,8038800000,263.90000000000003
406,0.7045360947646814,0.393571955985323,0.02419681721603076,0.09043214777397252,1800000,18000000,8058600000,264.55
407,0.7042367535965108,0.39227857795385535,0.023315966780781884,0.09013120912445531,1800000,18000000,8078400000,265.2
408,0.7054518966479648,0.3941220742788637,0.023267540587460393,0.08983127193374456,1800000,18000000,8098200000,265.85
409,0.7055391231038638,0.3929326239823014,0.024739655638896362,0.08953233286920169,1800000,18000000,8118000000,266.5
410,0.7059092691048872,0.39372654409685015,0.023626529798764825,0.08923438860927849,1800000,18000000,8137800000,267.15000000000003
411,0.7058831287899547,0.396107156061871,0.02185397638277273,0.08893743584348009,1800000,18000000,8157600000,267.8
412,0.7051243164151548,0.39306090018134154,0.022202894640617095,0.0886414712723283,1800000,18000000,8177400000,268.45
413,0.7094774047171833,0.39675419666711637,0.022726770757549943,0.08834649160732481,1800000,18000000,8197200000,269.1
414,0.7076852196240142,0.3908665431191349,0.022901517592616407,0.08805249357091477,1800000,18000000,8217000000,269.75
415,0.7066095557901603,0.3917360097423897,0.021957374895186694,0.08775947389645031,1800000,18000000,8236800000,270.40000000000003
416,0.7095250017311961,0.3925985501569751,0.024102994323342692,0.0874674293281542,1800000,18000000,8256600000,271.05
417,0.7064546328523537,0.39251218620278777,0.02337037008464271,0.08717635662108388,1800000,18000000,8276400000,271.7
418,0.7093022756538492,0.3902471412092103,0.021726831842317676,0.08688625254109507,1800000,18000000,8296200000,272.35
419,0.7080751277588241,0.3861677555743722,0.02135040272408997,0.08659711386480617,1800000,18000000,8316000000,273.0
420,0.7076417517691107,0.38930716726808456,0.022373446486423965,0.08630893737956227,1800000,18000000,8335800000,273.65000000000003
421,0.709359550183112,0.3964207987500441,0.023144510616297822,0.0860217198833994,1800000,18000000,8355600000,274.3
422,0.7108997993530491,0.38660741422094114,0.021986637701445527,0.08573545818500913,1800000,18000000,8375400000,274.95
423,0.7090733438792768,0.3895528122465195,0.02298193935727945,0.08545014910370298,1800000,18000000,8395200000,275.6
424,0.7106399983478878,0.3889071412079932,0.02231191579489648,0.08516578946937708,1800000,18000000,8415000000,276.25
425,0.7094756364175301,0.3967454895068276,0.022977604176372634,0.08488237612247704,1800000,18000000,8434800000,276.90000000000003
426,0.709112673227825,0.390635087794522,0.021128783316080747,0.08459990591396276,1800000,18000000,8454600000,277.55
427,0.7104033238592731,0.3890659752087833,0.021294745036104516,0.08431837570527342,1800000,18000000,8474400000,278.2
428,0.7091840163170504,0.3885164271654357,0.02068547446721899,0.08403778236829273,1800000,18000000,8494200000,278.85
429,0.7110738140600902,0.38944724341008724,0.023265166026417334,0.08375812278531408,1800000,18000000,8514000000,279.5
430,0.7102995892681436,0.38613404351483194,0.02061743890670767,0.08347939384900584,1800000,18000000,8533800000,280.15000000000003
431,0.7096006937376645,0.3878836839263073,0.01977879345230453,0.08320159246237699,1800000,18000000,8553600000,280.8
432,0.7107215916254973,0.3864782710323541,0.02140316222949289,0.08292471553874262,1800000,18000000,8573400000,281.45
433,0.7133295029493255,0.3871348206878843,0.02033424886509189,0.08264876000168955,1800000,18000000,8593200000,282.1
434,0.7124680827567348,0.3864635204868921,0.021451149837448048,0.08237372278504237,1800000,18000000,8613000000,282.75
435,0.7114295289501401,0.3940505351830507,0.019683367011355393,0.08209960083282918,1800000,18000000,8632800000,283.40000000000003
436,0.7132224390508913,0.38754529403696847,0.02212454790432849,0.08182639109924764,1800000,18000000,8652600000,284.05
437,0.7113689243434197,0.39140727280809356,0.020920055999250797,0.08155409054863126,1800000,18000000,8672400000,284.7
438,0.7152235429433724,0.38146340118927685,0.020901161509527654,0.08128269615541558,1800000,18000000,8692200000,285.35
439,0.7159986284362971,0.38545333698470274,0.02132614436722682,0.08101220490410453,1800000,18000000,8712000000,286.0
440,0.7168562608121383,0.38203148268414006,0.02090624860884277,0.080742613789237,1800000,18000000,8731800000,286.65000000000003
441,0.7134226973821665,0.3843081786107329,0.020844088460325268,0.08047391981535335,1800000,18000000,8751600000,287.3
442,0.7126425266657006,0.382779275744895,0.02009579071213251,0.08020611999696223,1800000,18000000,8771400000,287.95
443,0.7142466089079085,0.38828431214110315,0.019207822514075424,0.07993921135850737,1800000,18000000,8791200000,288.6
444,0.7139605880264436,0.38459252210000533,0.02161170061008944,0.07967319093433445,1800000,18000000,8811000000,289.25
445,0.7133005796565843,0.39121731483825817,0.020256462870239845,0.07940805576865827,1800000,18000000,8830800000,289.90000000000003
446,0.7164929603861748,0.38825216256178297,0.019641360151986115,0.07914380291552983,1800000,18000000,8850600000,290.55
447,0.7134775931108147,0.38882568841482423,0.020489212825185062,0.07888042943880355,1800000,18000000,8870400000,291.2
448,0.7177091144216787,0.386014973188676,0.01940592668676796,0.07861793241210478,1800000,18000000,8890200000,291.85
449,0.7145169734706177,0.3880437460756584,0.021059473682507848,0.07835630891879723,1800000,18000000,8910000000,292.5
450,0.7149355291671814,0.38432795823237526,0.01937829376975342,0.07809555605195043,1800000,18000000,8929800000,293.15000000000003
451,0.7170664544791943,0.3805413750632541,0.022215953159882902,0.07783567091430767,1800000,18000000,8949600000,293.8
452,0.7191522747109349,0.3762448031809189,0.01996385289780885,0.07757665061825365,1800000,18000000,8969400000,294.45
453,0.716009918697578,0.3892679874765191,0.021777205298989504,0.07731849228578236,1800000,18000000,8989200000,295.1
454,0.7132847397681764,0.3820379779078113,0.01957334984655643,0.07706119304846527,1800000,18000000,9009000000,295.75
455,0.7204242610368266,0.37529248979124646,0.019508967880753108,0.07680475004741931,1800000,18000000,9028800000,296.40000000000003
456,0.7185136039270725,0.3912135830601842,0.0192347777235964,0.07654916043327516,1800000,18000000,9048600000,297.05
457,0.7150867958050805,0.38904845241030683,0.01849118236373713,0.07629442136614559,1800000,18000000,9068400000,297.7
458,0.718216944675831,0.38009498649797957,0.01971800103485619,0.0760405300155939,1800000,18000000,9088200000,298.35
459,0.717897963898878,0.38056298080181844,0.0194650299201259,0.07578748356060247,1800000,18000000,9108000000,299.0
460,0.7177872042401395,0.3810068476545016,0.019625155920712647,0.07553527918954141,1800000,18000000,9127800000,299.65000000000003
461,0.7174664564030315,0.378423277197849,0.0201185005377372,0.07528391410013736,1800000,18000000,9147600000,300.3
462,0.7189065557675463,0.384279376677939,0.02049911930240019,0.07503338549944227,1800000,18000000,9167400000,300.95
463,0.7184609516648334,0.3785208652089973,0.01767611187493303,0.07478369060380248,1800000,18000000,9187200000,301.6
464,0.7221630822296996,0.3787590299368627,0.01841277070263444,0.07453482663882764,1800000,18000000,9207000000,302.25
465,0.7216744715085575,0.3783783984511773,0.018169552728160943,0.07428679083936006,1800000,18000000,9226800000,302.90000000000003
466,0.7191293174886967,0.37779481676856164,0.018415959391150923,0.07403958044944386,1800000,18000000,9246600000,303.55
467,0.7229522927695541,0.37755000513044806,0.019379523320264967,0.07379319272229437,1800000,18000000,9266400000,304.2
468,0.7218314837702171,0.37469840842354374,0.017949266310753633,0.07354762492026765,1800000,18000000,9286200000,304.85
469,0.719896132237402,0.37347340744115776,0.018637970269182763,0.07330287431483005,1800000,18000000,9306000000,305.5
470,0.7187397597455807,0.37692343584634547,0.016814467896791897,0.07305893818652787,1800000,18000000,9325800000,306.15000000000003
471,0.7209313832023333,0.37657706581943207,0.01936029736599728,0.07281581382495715,1800000,18000000,9345600000,306.8
472,0.7203246940079332,0.38379871454406306,0.01715749162412812,0.07257349852873365,1800000,18000000,9365400000,307.45
473,0.7191747960905618,0.37763929846636507,0.019642843774056517,0.07233198960546265,1800000,18000000,9385200000,308.1
474,0.7198279097026342,0.3803050299287032,0.018856654754510132,0.0720912843717092,1800000,18000000,9405000000,308.75
475,0.7210964228679692,0.38420677346867077,0.017737694029544254,0.07185138015296824,1800000,18000000,9424800000,309.40000000000003
476,0.7201051170039418,0.3734489059960926,0.017124907957175053,0.07161227428363486,1800000,18000000,9444600000,310.05
477,0.7188596866589889,0.3802955605904474,0.019236643384777572,0.07137396410697469,1800000,18000000,9464400000,310.7
478,0.7215859529904686,0.38068715571536565,0.017319797370033887,0.07113644697509448,1800000,18000000,9484200000,311.35
479,0.7218799821731021,0.37566974168791484,0.0179819801309266,0.0708997202489125,1800000,18000000,9504000000,312.0
480,0.7231448221644406,0.3773362069152245,0.018080816947905462,0.07066378129812938,1800000,18000000,9523800000,312.65000000000003
481,0.7221000895823911,0.3775487299293519,0.017558817052004832,0.0704286275011988,1800000,18000000,9543600000,313.3
482,0.7226863479358702,0.37667491687976745,0.018965551875626187,0.07019425624529835,1800000,18000000,9563400000,313.95
483,0.7247482009529511,0.37100287145925304,0.017481022798105633,0.06996066492630057,1800000,18000000,9583200000,314.6
484,0.7228987770522213,0.3772695623767778,0.01772253364117709,0.06972785094874395,1800000,18000000,9603000000,315.25
485,0.7255423907415626,0.37431621150297617,0.01911811362423163,0.06949581172580413,1800000,18000000,9622800000,315.90000000000003
486,0.7230584545474595,0.38079437286233375,0.017303044411982375,0.06926454467926513,1800000,18000000,9642600000,316.55
487,0.7231273737348921,0.37844388680307434,0.018704452261492265,0.06903404723949072,1800000,18000000,9662400000,317.2
488,0.724390212433326,0.3752246081645415,0.017580605731089913,0.06880431684539587,1800000,18000000,9682200000,317.85
489,0.7254884929997898,0.370442489703347,0.016374500210383433,0.06857535094441827,1800000,18000000,9702000000,318.5
490,0.7219462495260328,0.3772449230594992,0.016718208814885685,0.06834714699249,1800000,18000000,9721800000,319.15000000000003
491,0.7238103986887721,0.37782914834625336,0.015621542004778027,0.06811970245400925,1800000,18000000,9741600000,319.8
492,0.7258403754217049,0.3768047091863951,0.015662303671941557,0.06789301480181216,1800000,18000000,9761400000,320.45
493,0.7236481516908172,0.37857071673120996,0.016782105526385233,0.06766708151714468,1800000,18000000,9781200000,321.1
494,0.7248013779923006,0.3812528597772684,0.015334286465388775,0.06744190008963466,1800000,18000000,9801000000,321.75
495,0.7247465834537042,0.3728260092939898,0.0158523457663978,0.06721746801726394,1800000,18000000,9820800000,322.40000000000003
496,0.7267417800067592,0.37070768890394423,0.018049356107318996,0.0669937828063405,1800000,18000000,9840600000,323.05
497,0.7227997419078576,0.3736331419025159,0.01664286820080202,0.0667708419714708,1800000,18000000,9860400000,323.7
498,0.7255828818561237,0.372008890769141,0.015868965769542272,0.06654864303553219,1800000,18000000,9880200000,324.35
499,0.7248825199631277,0.37035968907613037,0.017028202293599585,0.06632718352964527,1800000,18000000,9900000000,325.0
500,0.7260624328685414,0.3744137149202957,0.017102778250910135,0.06610646099314664,1800000,18000000,9919800000,325.65000000000003
501,0.730073586410358,0.3702983312972102,0.016248707209629794,0.06588647297356137,1800000,18000000,9939600000,326.3
502,0.7252935863959717,0.3678061900658492,0.016352757400576613,0.06566721702657587,1800000,18000000,9959400000,326.95
503,0.7271348818934283,0.3719567126400406,0.017628074229462547,0.06544869071601069,1800000,18000000,9979200000,327.6
504,0.7281524090263385,0.3750381025791933,0.015855334864592015,0.06523089161379349,1800000,18000000,9999000000,328.25
505,0.7277107604396893,0.37618740732727163,0.016682774107099212,0.06501381729993197,1800000,18000000,10018800000,328.90000000000003
506,0.7282779702297653,0.371636643622366,0.01482839522276887,0.0647974653624871,1800000,18000000,10038600000,329.55
507,0.7267289316373562,0.37083782742229643,0.01654115575668607,0.06458183339754624,1800000,18000000,10058400000,330.2
508,0.7276862660985668,0.37121625913726347,0.016681701730236465,0.06436691900919644,1800000,18000000,10078200000,330.85
509,0.7283730066918882,0.3670719037308023,0.015159361292342674,0.06415271980949783,1800000,18000000,10098000000,331.5
510,0.7277835511855557,0.3723718925846156,0.01641564645052075,0.06393923341845713,1800000,18000000,10117800000,332.15000000000003
511,0.7276224713534369,0.3765893536950721,0.015117115648670297,0.0637264574640011,1800000,18000000,10137600000,332.8
512,0.7277037096740878,0.3695537669537554,0.01611658410243206,0.06351438958195028,1800000,18000000,10157400000,333.45
513,0.7278040906142698,0.37013685212896474,0.01579022362146611,0.06330302741599274,1800000,18000000,10177200000,334.1
514,0.7263110788952749,0.37511800812897744,0.017689883894000252,0.06309236861765771,1800000,18000000,10197000000,334.75
515,0.7316889614033553,0.37047080175009006,0.017039878451175237,0.06288241084628979,1800000,18000000,10216800000,335.40000000000003
516,0.7288165878030761,0.37372677928133463,0.014991035874708224,0.06267315176902262,1800000,18000000,10236600000,336.05
517,0.729202803139782,0.3725686918160279,0.014373882048103238,0.062464589060753244,1800000,18000000,10256400000,336.7
518,0.7293329422469299,0.36647819839476903,0.014753626594516794,0.06225672040411608,1800000,18000000,10276200000,337.35
519,0.7310999066190059,0.3710840228321343,0.014464622420111402,0.06204954348945723,1800000,18000000,10296000000,338.0
520,0.7326158659150905,0.36665577719676556,0.013570890457933431,0.061843056014808856,1800000,18000000,10315800000,338.65000000000003
521,0.7287712505176396,0.37161593555928274,0.014784884486717506,0.06163725568586356,1800000,18000000,10335600000,339.3
522,0.7295405556580088,0.36723919247456893,0.01423580932509805,0.0614321402159489,1800000,18000000,10355400000,339.95
523,0.7312159168285031,0.37345822711653,0.012916868120908786,0.061227707326001996,1800000,18000000,10375200000,340.6
524,0.7296651327978545,0.370247250727517,0.01578007289179194,0.06102395474454419,1800000,18000000,10395000000,341.25
525,0.7329235103061407,0.3724432217582254,0.014653819684493512,0.060820880207655796,1800000,18000000,10414800000,341.90000000000003
526,0.7318750209544977,0.3688545163952316,0.013880477410899091,0.06061848145895099,1800000,18000000,10434600000,342.55
527,0.7293977473243194,0.3620316602844554,0.014096881945365732,0.06041675624955272,1800000,18000000,10454400000,343.2
528,0.7297878214867208,0.37242308646266115,0.014104350853581919,0.06021570233806768,1800000,18000000,10474200000,343.85
529,0.7326233045951954,0.3726851747785908,0.014994303421206619,0.06001531749056146,1800000,18000000,10494000000,344.5
530,0.7311312274719121,0.3655796894288943,0.014956735000813261,0.059815599480533686,1800000,18000000,10513800000,345.15000000000003
531,0.7321222098600455,0.3658051272020409,0.01480991464015241,0.059616546088893295,1800000,18000000,10533600000,345.8
532,0.7306337888690938,0.36601230332733126,0.013763019617926244,0.0594181551039339,1800000,18000000,10553400000,346.45
533,0.7296446121089624,0.368263591073976,0.014075149534195027,0.059220424321309195,1800000,18000000,10573200000,347.1
534,0.7322872763896997,0.36694961490010203,0.011556078738569628,0.059023351544008416,1800000,18000000,10593000000,347.75
535,0.7337213521650727,0.36871255564457395,0.01401042554851987,0.05882693458233204,1800000,18000000,10612800000,348.40000000000003
536,0.7338512239120558,0.36958973213887947,0.01263747239562882,0.05863117125386736,1800000,18000000,10632600000,349.05
537,0.7331570495763469,0.3652624289168945,0.013507241767942725,0.05843605938346424,1800000,18000000,10652400000,349.7
538,0.7336804299135258,0.3655815537740131,0.014377149593748383,0.05824159680321103,1800000,18000000,10672200000,350.35
539,0.7342650650476503,0.3676213390724602,0.01459756778798965,0.05804778135241038,1800000,18000000,10692000000,351.0
540,0.7353072263865094,0.3654044363930116,0.012479454313565865,0.05785461087755528,1800000,18000000,10711800000,351.65000000000003
541,0.7339895612496689,0.3619195022408347,0.013437040162526403,0.05766208323230516,1800000,18000000,10731600000,352.3
542,0.7333069301923971,0.36462979484809943,0.014038869021360513,0.05747019627746195,1800000,18000000,10751400000,352.95
543,0.7341548368870521,0.36807906609477437,0.012842519756557962,0.05727894788094641,1800000,18000000,10771200000,353.6
544,0.7354586624842241,0.36928341743697773,0.014173013305227026,0.05708833591777441,1800000,18000000,10791000000,354.25
545,0.735062327148717,0.36230356064767294,0.015214545405479047,0.05689835827003326,1800000,18000000,10810800000,354.90000000000003
546,0.7382087564304777,0.36398547313374,0.013457642205142239,0.05670901282685826,1800000,18000000,10830600000,355.55
547,0.7365555881785569,0.37071600551868733,0.013344747935192152,0.05652029748440921,1800000,18000000,10850400000,356.2
548,0.7345233844205263,0.36418068311931334,0.01342548222536237,0.05633221014584703,1800000,18000000,10870200000,356.85
549,0.7341752598994992,0.36502120501952684,0.014001096938224395,0.05614474872131046,1800000,18000000,10890000000,357.5
550,0.737304996052221,0.3666295801127973,0.012931848299961681,0.05595791112789286,1800000,18000000,10909800000,358.15000000000003
551,0.7373380073409855,0.35744530933180013,0.012781549136167605,0.05577169528961905,1800000,18000000,10929600000,358.8
552,0.7359765474771718,0.3637669911211079,0.012408905637957372,0.05558609913742223,1800000,18000000,10949400000,359.45
553,0.7360974677861363,0.3589803728392079,0.013441477949694032,0.05540112060912105,1800000,18000000,10969200000,360.1
554,0.736559024779824,0.35979345977905686,0.014766906807246995,0.0552167576493966,1800000,18000000,10989000000,360.75
555,0.7356616525193379,0.36549108527247387,0.012989258720057975,0.05503300820976966,1800000,18000000,11008800000,361.40000000000003
556,0.7351032074700106,0.3630468881528885,0.01283867004921336,0.05484987024857791,1800000,18000000,11028600000,362.05
557,0.7384417897029053,0.36207420235257176,0.014298862558658452,0.0546673417309532,1800000,18000000,11048400000,362.7
558,0.738792386607191,0.3633381155477864,0.01330216818087807,0.054485420628799054,1800000,18000000,11068200000,363.35
559,0.7369640539594363,0.3623937849627086,0.012830285336565921,0.054304104920767995,1800000,18000000,11088000000,364.0
560,0.7376635246355018,0.36271532215586894,0.012800080412351068,0.05412339259223918,1800000,18000000,11107800000,364.65000000000003
561,0.7379583332050584,0.35576091253391995,0.015282875588797483,0.053943281635295985,1800000,18000000,11127600000,365.3
562,0.7365213938243635,0.3603489412495585,0.011903087202448051,0.05376377004870373,1800000,18000000,11147400000,365.95
563,0.7388761849764794,0.36029832414869933,0.012398807117922008,0.05358485583788735,1800000,18000000,11167200000,366.6
564,0.7388248514902992,0.3539487831146997,0.012223555613409173,0.05340653701490936,1800000,18000000,11187000000,367.25
565,0.7377861326983582,0.36740422045639687,0.013404537486305863,0.05322881159844763,1800000,18000000,11206800000,367.90000000000003
566,0.7374202356972259,0.35765188253809577,0.011746848018590408,0.05305167761377351,1800000,18000000,11226600000,368.55
567,0.7378003222864921,0.356271316684077,0.010446619904466999,0.0528751330927298,1800000,18000000,11246400000,369.2
568,0.7417566178911219,0.35261300147358926,0.013010067963058383,0.052699176073708866,1800000,18000000,11266200000,369.85
569,0.7386295961928464,0.3650054399366127,0.011545344253879933,0.052523804601630926,1800000,18000000,11286000000,370.5
570,0.7366483170571407,0.3677053484632642,0.011976347647337876,0.05234901672792227,1800000,18000000,11305800000,371.15000000000003
571,0.7405173016777453,0.3636407785216265,0.013640904660139416,0.0521748105104936,1800000,18000000,11325600000,371.8
572,0.7386569327536026,0.3654574489403632,0.013059790756913015,0.052001184013718484,1800000,18000000,11345400000,372.45
573,0.7406018332465933,0.3589267226882502,0.011125662390692938,0.05182813530841186,1800000,18000000,11365200000,373.1
574,0.7410356995875295,0.36106349922538883,0.012796602170354771,0.05165566247180853,1800000,18000000,11385000000,373.75
575,0.7413639785791348,0.358880194606285,0.011343574158090059,0.05148376358754188,1800000,18000000,11404800000,374.40000000000003
576,0.7389304418172872,0.3596641368470171,0.012640494549490736,0.05131243674562255,1800000,18000000,11424600000,375.05
577,0.7408648870604859,0.35668220792831906,0.011150799755616224,0.05114168004241717,1800000,18000000,11444400000,375.7
578,0.7398217392806532,0.3624017197847655,0.012019780986412772,0.05097149158062731,1800000,18000000,11464200000,376.35
579,0.7407982178033578,0.3590920432268051,0.010996291809690122,0.050801869469268304,1800000,18000000,11484000000,377.0
580,0.7386176157767409,0.36024762096803387,0.014211721410181783,0.05063281182364827,1800000,18000000,11503800000,377.65000000000003
581,0.741699945749107,0.36138963258560447,0.011382596984581009,0.050464316765347184,1800000,18000000,11523600000,378.3
582,0.7416254339680229,0.35840644747740563,0.011854642460332295,0.05029638242219602,1800000,18000000,11543400000,378.95
583,0.7423407974676263,0.3602175269048884,0.012050383133683298,0.05012900692825588,1800000,18000000,11563200000,379.6
584,0.7428802563154313,0.35907313948960534,0.012668826552117972,0.049962188423797335,1800000,18000000,11583000000,380.25
585,0.7403402637830973,0.36143205348445084,0.012433447521048541,0.04979592505527975,1800000,18000000,11602800000,380.90000000000003
586,0.7407911175103847,0.35799316404719944,0.011201198610546735,0.04963021497533063,1800000,18000000,11622600000,381.55
587,0.7417914035512319,0.3629971008148957,0.011659955770164003,0.04946505634272516,1800000,18000000,11642400000,382.2
588,0.7425691167313903,0.35550436078062114,0.010997204905209638,0.04930044732236575,1800000,18000000,11662200000,382.85
589,0.7418526875608394,0.36078460450536953,0.010507884207122287,0.04913638608526156,1800000,18000000,11682000000,383.5
590,0.7443122836564721,0.3570583391491241,0.010281110243254992,0.04897287080850829,1800000,18000000,11701800000,384.15000000000003
591,0.7422739623054349,0.3605198691490682,0.010269938314082247,0.048809899675267825,1800000,18000000,11721600000,384.8
592,0.7425554958528416,0.3597083221579036,0.009682180752124313,0.04864747087474814,1800000,18000000,11741400000,385.45
593,0.7417778985048104,0.353822728633062,0.011868936394017567,0.048485582602183115,1800000,18000000,11761200000,386.1
594,0.7425994342663106,0.35704517740168495,0.012595411081976845,0.048324233058812484,1800000,18000000,11781000000,386.75
595,0.7446022418920899,0.3538946863826316,0.012373409884189678,0.04816342045186189,1800000,18000000,11800800000,387.40000000000003
596,0.7393976061894254,0.36141332775077434,0.010543353159786323,0.04800314299452295,1800000,18000000,11820600000,388.05
597,0.7430190395853898,0.36066599275957933,0.011096814335817804,0.047843398905933344,1800000,18000000,11840400000,388.7
598,0.7455951315461742,0.353068839006425,0.011390203540718855,0.04768418641115714,1800000,18000000,11860200000,389.35
599,0.7425664880572824,0.35961414855682533,0.011461322742173966,0.04752550374116498,1800000,18000000,11880000000,390.0
600,0.7429072017722277,0.3617057616303677,0.008376458222272787,0.04736734913281444,1800000,18000000,11899800000,390.65000000000003
601,0.7453954897586749,0.3534792790708008,0.00895159778054083,0.047209720828830466,1800000,18000000,11919600000,391.3
602,0.7459912885767724,0.3598329121055461,0.010951102640189869,0.047052617077785845,1800000,18000000,11939400000,391.95
603,0.7439205577524685,0.3559517473080907,0.011593950112551933,0.04689603613408174,1800000,18000000,11959200000,392.6
604,0.7472178332293313,0.34963188799911726,0.011856281043837125,0.04673997625792825,1800000,18000000,11979000000,393.25
605,0.743203801841154,0.3522989571524318,0.011411883332427361,0.046584435715325154,1800000,18000000,11998800000,393.90000000000003
606,0.7462966915840882,0.35615086314317507,0.011507243606641774,0.0464294127780426,1800000,18000000,12018600000,394.55
607,0.7449647558036354,0.3542569151180781,0.010316116893392987,0.04627490572360191,1800000,18000000,12038400000,395.2
608,0.7432918331706138,0.3558883973320276,0.009807607537842229,0.04612091283525647,1800000,18000000,12058200000,395.85
609,0.7495443763067393,0.347906355557287,0.008930955351145976,0.04596743240197259,1800000,18000000,12078000000,396.5
610,0.7465647387862273,0.3554885364515502,0.01212184859164113,0.04581446271841051,1800000,18000000,12097800000,397.15000000000003
611,0.747239005998478,0.35192280229593287,0.011641517973682788,0.04566200208490554,1800000,18000000,12117600000,397.8
612,0.7434096672782906,0.3601552880890772,0.009899179235618996,0.04551004880744906,1800000,18000000,12137400000,398.45
613,0.7445559985883052,0.3543679800880493,0.010045953751109848,0.045358601197669775,1800000,18000000,12157200000,399.1
614,0.7438476880875423,0.35757194860536173,0.010767630777615663,0.045207657572814884,1800000,18000000,12177000000,399.75
615,0.746066126496816,0.349752090069547,0.01067225372528978,0.04505721625573148,1800000,18000000,12196800000,400.40000000000003
616,0.743594541462731,0.35359955209496347,0.011518760436832436,0.044907275574847784,1800000,18000000,12216600000,401.05
617,0.74685622804978,0.34849942335701406,0.009443903410407892,0.04475783386415471,1800000,18000000,12236400000,401.7
618,0.7458928093633967,0.3520199747117625,0.008722854957918096,0.04460888946318726,1800000,18000000,12256200000,402.35
619,0.7479244877905243,0.3502373940706104,0.008949560961619581,0.04446044071700611,1800000,18000000,12276000000,403.0
620,0.7455036541602503,0.35736669671509474,0.010865363018075632,0.04431248597617924,1800000,18000000,12295800000,403.65000000000003
621,0.7508688127657135,0.3449314715006867,0.009848161872178723,0.04416502359676357,1800000,18000000,12315600000,404.3
622,0.7460561708946328,0.3545346564339186,0.010046262582070902,0.04401805194028666,1800000,18000000,12335400000,404.95
623,0.7501463426535362,0.3507375414880125,0.010829694414236354,0.0438715693737286,1800000,18000000,12355200000,405.6
624,0.7511810814910689,0.34878546189529586,0.010209601398982847,0.04372557426950384,1800000,18000000,12375000000,406.25
625,0.7490900320174241,0.3562052370305409,0.010512593313382713,0.043580065005443036,1800000,18000000,12394800000,406.90000000000003
626,0.7477262872758668,0.35103161811469663,0.010027996688552062,0.04343503996477511,1800000,18000000,12414600000,407.55
627,0.7532116048221192,0.3481555424444014,0.010838697022395438,0.04329049753610919,1800000,18000000,12434400000,408.2
628,0.7459243071416183,0.35316190789307156,0.010140892572839543,0.04314643611341682,1800000,18000000,12454200000,408.85
629,0.747706142215035,0.3557908958784177,0.011202287886836209,0.04300285409601406,1800000,18000000,12474000000,409.5
630,0.7483833162373535,0.35973270316525346,0.010640681770851592,0.042859749888543665,1800000,18000000,12493800000,410.15000000000003
631,0.7475759279151585,0.35128142451946875,0.008241113350486459,0.04271712190095742,1800000,18000000,12513600000,410.8
632,0.7480907279315696,0.351833894265982,0.010494098801588643,0.04257496854849846,1800000,18000000,12533400000,411.45
633,0.7488450370585045,0.3519365004615545,0.01017726258024979,0.04243328825168358,1800000,18000000,12553200000,412.1
634,0.7494269829430545,0.3571702647719327,0.009999491230006013,0.042292079436285844,1800000,18000000,12573000000,412.75
635,0.7472625768954632,0.35094217970959957,0.008310265907298386,0.04215134053331695,1800000,18000000,12592800000,413.40000000000003
636,0.7506782017321147,0.3545942062223221,0.008833186679319866,0.04201106997900985,1800000,18000000,12612600000,414.05
637,0.747649788608847,0.3527694379007523,0.009291220330562832,0.0418712662148014,1800000,18000000,12632400000,414.7
638,0.749052112851225,0.3536761247650428,0.011013376024810024,0.04173192768731502,1800000,18000000,12652200000,415.35
639,0.7519918185336746,0.34783212171505873,0.009843400532245902,0.04159305284834337,1800000,18000000,12672000000,416.0
640,0.7487558773856455,0.35305385504673187,0.008033255798412419,0.041454640154831295,1800000,18000000,12691800000,416.65000000000003
641,0.7495896862479802,0.34902950293682034,0.009695764564053707,0.041316688068858534,1800000,18000000,12711600000,417.3
642,0.7496834560961569,0.3486402891601134,0.009913006367783856,0.041179195057622714,1800000,18000000,12731400000,417.95
643,0.7516951758332625,0.3444996046504262,0.00844152706395177,0.0410421595934223,1800000,18000000,12751200000,418.6
644,0.7500971206637154,0.34592837449726666,0.011129910190378392,0.040905580153639626,1800000,18000000,12771000000,419.25
645,0.753600733368686,0.3496316659967295,0.007733381588819607,0.040769455220723935,1800000,18000000,12790800000,419.90000000000003
646,0.752024262952585,0.3490508096169427,0.009012030627894956,0.04063378328217458,1800000,18000000,12810600000,420.55
647,0.7503953869759564,0.352435396440339,0.009367170636086917,0.04049856283052418,1800000,18000000,12830400000,421.2
648,0.749574944071988,0.34937204033663005,0.010134197341740344,0.040363792363321875,1800000,18000000,12850200000,421.85
649,0.7512200150026677,0.34275995216366534,0.01012156714325409,0.04022947038311665,1800000,18000000,12870000000,422.5
650,0.7506883418458153,0.34714275854989385,0.008989340189834,0.0400955953974407,1800000,18000000,12889800000,423.15000000000003
651,0.7499287232964075,0.35268205324867363,0.008148526031778068,0.03996216591879277,1800000,18000000,12909600000,423.8
652,0.7521667137999086,0.35233446791586687,0.009817618463406692,0.03982918046462173,1800000,18000000,12929400000,424.45
653,0.7512761335897526,0.34772844752395726,0.008837525759385888,0.039696637557310066,1800000,18000000,12949200000,425.1
654,0.7502790881984731,0.3536343700501399,0.009606375754407344,0.03956453572415745,1800000,18000000,12969000000,425.75
655,0.7522392586671686,0.3504135569832713,0.007964798829626935,0.039432873497364365,1800000,18000000,12988800000,426.40000000000003
656,0.7517553087008066,0.34897281918288675,0.008874676054445712,0.03930164941401582,1800000,18000000,13008600000,427.05
657,0.7529104032204,0.3466688913298836,0.008674359790418567,0.03917086201606511,1800000,18000000,13028400000,427.7
658,0.7514219331299261,0.34518113386086635,0.010212067691221923,0.03904050985031756,1800000,18000000,13048200000,428.35
659,0.751923752449327,0.34772848631134395,0.008375164844554302,0.03891059146841445,1800000,18000000,13068000000,429.0
660,0.753488537952318,0.34786396920789586,0.011276671774594613,0.03878110542681685,1800000,18000000,13087800000,429.65000000000003
661,0.7497639193194722,0.3504254196724706,0.007886887368990413,0.03865205028678966,1800000,18000000,13107600000,430.3
662,0.7527725209158912,0.34390468801128227,0.008768864094347873,0.03852342461438552,1800000,18000000,13127400000,430.95
663,0.751913847078555,0.3450556378656462,0.009323449710639984,0.03839522698042899,1800000,18000000,13147200000,431.6
664,0.7533546897407911,0.34434912315227234,0.01025734974334711,0.03826745596050058,1800000,18000000,13167000000,432.25
665,0.7542355962812323,0.344248978775132,0.00987816163039698,0.03814011013492099,1800000,18000000,13186800000,432.90000000000003
666,0.7535651612544452,0.34879933323590506,0.008657792685903826,0.038013188088735286,1800000,18000000,13206600000,433.55
667,0.7529848275032012,0.34587207221973987,0.007943099961950872,0.03788668841169722,1800000,18000000,13226400000,434.2
668,0.7514042402875408,0.34942498196478755,0.008067639890393418,0.03776060969825349,1800000,18000000,13246200000,434.85
669,0.7535391157789579,0.3480462919881354,0.009248803612089589,0.03763495054752823,1800000,18000000,13266000000,435.5
670,0.7555491342031313,0.3387306141162698,0.008633889525645104,0.037509709563307354,1800000,18000000,13285800000,436.15000000000003
671,0.7510016951827045,0.3416256797002557,0.00826272549261261,0.03738488535402309,1800000,18000000,13305600000,436.8
672,0.752612326768849,0.34066478384703125,0.007004187854965207,0.03726047653273848,1800000,18000000,13325400000,437.45
673,0.7554550664362474,0.34573993387331325,0.008948703766348442,0.03713648171713203,1800000,18000000,13345200000,438.1
674,0.7569048787757209,0.3415003086248597,0.008496639463226933,0.03701289952948227,1800000,18000000,13365000000,438.75
675,0.7544434103352597,0.34652048722879913,0.00734704190652549,0.036889728596652516,1800000,18000000,13384800000,439.40000000000003
676,0.7537414306432357,0.34539326775987583,0.00839839555717293,0.03676696755007558,1800000,18000000,13404600000,440.05
677,0.7559371699658699,0.3381841318378265,0.008359254329532988,0.03664461502573857,1800000,18000000,13424400000,440.7
678,0.7548898587053111,0.3454356752933919,0.007849193907535476,0.03652266966416776,1800000,18000000,13444200000,441.35
679,0.753273996296381,0.3460657117904193,0.00879327761954716,0.0364011301104134,1800000,18000000,13464000000,442.0
680,0.7540660251563134,0.3434340063226309,0.0074921776685636125,0.03627999501403475,1800000,18000000,13483800000,442.65000000000003
681,0.7547641915993422,0.34709199550843794,0.006624321536786887,0.036159263029085065,1800000,18000000,13503600000,443.3
682,0.7544540606574217,0.3431130314925004,0.007940151466006335,0.036038932814096605,1800000,18000000,13523400000,443.95
683,0.7583886746074582,0.3426771693411917,0.008291926133887566,0.035919003032065744,1800000,18000000,13543200000,444.6
684,0.7557211527288474,0.34021252673526764,0.007678800204099118,0.035799472350438115,1800000,18000000,13563000000,445.25
685,0.7544364269452488,0.3468508607106593,0.006772492983404587,0.03568033944109379,1800000,18000000,13582800000,445.90000000000003
686,0.7565526265235408,0.3450751166004627,0.006665641769417726,0.035561602980332556,1800000,18000000,13602600000,446.55
687,0.7560379210890497,0.3446067576425378,0.0071610336514047945,0.035443261648859185,1800000,18000000,13622400000,447.2
688,0.7527727009194238,0.3458378482172006,0.00779131749619885,0.03532531413176878,1800000,18000000,13642200000,447.85
689,0.7573466953642971,0.3438678430139052,0.007969122301794555,0.035207759118532155,1800000,18000000,13662000000,448.5
690,0.753405189627087,0.3434865762492475,0.007627071346159997,0.03509059530298131,1800000,18000000,13681800000,449.15000000000003
691,0.7558638257178547,0.34380511815826537,0.007430752519974733,0.03497382138329483,1800000,18000000,13701600000,449.8
692,0.7551690088398747,0.3457047554405171,0.007029280639807574,0.03485743606198353,1800000,18000000,13721400000,450.45
693,0.7559996182613831,0.3476331901857423,0.007729065040985437,0.034741438045875976,1800000,18000000,13741200000,451.1
694,0.7572762119921471,0.34613729694996553,0.007707656105510523,0.03462582604610413,1800000,18000000,13761000000,451.75
695,0.7565337480228456,0.34354733689308375,0.006747743765254687,0.034510598778089034,1800000,18000000,13780800000,452.40000000000003
696,0.7573231952317074,0.3395837638394025,0.007732931368665576,0.03439575496152654,1800000,18000000,13800600000,453.05
697,0.7540971170392751,0.34456531303962556,0.007054796352168065,0.034281293320373024,1800000,18000000,13820400000,453.7
698,0.7571410443537574,0.34344802957143716,0.006028926448000159,0.0341672125828313,1800000,18000000,13840200000,454.35
699,0.7575262178339056,0.3455126386106492,0.008123453279182435,0.034053511481336465,1800000,18000000,13860000000,455.0
700,0.7580119990372942,0.3422087829120122,0.006829404402322796,0.03394018875254177,1800000,18000000,13879800000,455.65000000000003
701,0.758839596159073,0.3362689233316359,0.007260695833108418,0.03382724313730462,1800000,18000000,13899600000,456.3
702,0.7600582043771961,0.33805217676746074,0.00797609909655608,0.03371467338067256,1800000,18000000,13919400000,456.95
703,0.7594387511309311,0.3411361384407267,0.008935548122246478,0.03360247823186937,1800000,18000000,13939200000,457.6
704,0.7565471712331264,0.3451185358250373,0.007997294815265333,0.03349065644428111,1800000,18000000,13959000000,458.25
705,0.7582360804232379,0.33947718885776135,0.007898416375776707,0.033379206775442365,1800000,18000000,13978800000,458.90000000000003
706,0.7587982978035909,0.3485991369758362,0.007007119412192814,0.03326812798702229,1800000,18000000,13998600000,459.55
707,0.75683995735381,0.3451686959740206,0.006525951806294619,0.033157418844811035,1800000,18000000,14018400000,460.2
708,0.7562520726761107,0.34712194223116244,0.0069362219867774655,0.03304707811870582,1800000,18000000,14038200000,460.85
709,0.7556657377360338,0.3379852500438795,0.006417950856429039,0.032937104582697475,1800000,18000000,14058000000,461.5
710,0.7598263316239594,0.3384868299474275,0.007840596909348439,0.03282749701485669,1800000,18000000,14077800000,462.15000000000003
711,0.7598688724303594,0.33786842449619214,0.0069383899320704,0.03271825419732046,1800000,18000000,14097600000,462.8
712,0.7569003834857208,0.3432735071208712,0.00621521885012782,0.03260937491627859,1800000,18000000,14117400000,463.45
713,0.7591634362151136,0.34404725088338867,0.0046285820697115265,0.03250085796196018,1800000,18000000,14137200000,464.1
714,0.7576505861655048,0.34083943259689276,0.006624359454224078,0.03239270212862015,1800000,18000000,14157000000,464.75
715,0.7581150648408249,0.3385383049373853,0.007053785575545054,0.03228490621452591,1800000,18000000,14176800000,465.40000000000003
716,0.7564053264199969,0.3371421272908749,0.005323813508898218,0.032177469021943995,1800000,18000000,14196600000,466.05
717,0.7594477220291533,0.33406586162988694,0.006009595701259782,0.032070389357126694,1800000,18000000,14216400000,466.7
718,0.7580153660136838,0.3429131011417029,0.007456503128546233,0.03196366603029886,1800000,18000000,14236200000,467.35
719,0.7585061845937134,0.34189824590240087,0.008350581274373202,0.031857297855644666,1800000,18000000,14256000000,468.0
720,0.7585554375551639,0.343640796777168,0.007692681619605755,0.03175128365129438,1800000,18000000,14275800000,468.65000000000003
721,0.7576842136974562,0.34060037026977463,0.006521052203784126,0.03164562223931132,1800000,18000000,14295600000,469.3
722,0.7597709811444632,0.33720778114688715,0.0066630166538506905,0.03154031244567872,1800000,18000000,14315400000,469.95
723,0.7600924510639694,0.3416948616835909,0.0070628726589364865,0.03143535310028667,1800000,18000000,14335200000,470.6
724,0.7588881332736275,0.33792284507258197,0.006914809975451556,0.03133074303691914,1800000,18000000,14355000000,471.25
725,0.7608407802169613,0.34172146183468305,0.00786034216643417,0.031226481093241037,1800000,18000000,14374800000,471.90000000000003
726,0.7607236015238711,0.3392314178250371,0.006050485736899798,0.03112256611078522,1800000,18000000,14394600000,472.55
727,0.7611624713933224,0.33644646904000564,0.0066027623014479255,0.03101899693493971,1800000,18000000,14414400000,473.2
728,0.7576211308960357,0.33988654973031024,0.005534924228218535,0.03091577241493482,1800000,18000000,14434200000,473.85
729,0.7605986775911009,0.33881632096712927,0.0055369235097455834,0.03081289140383039,1800000,18000000,14454000000,474.5
730,0.7612182186110527,0.33492244114721686,0.00577819223200845,0.030710352758503014,1800000,18000000,14473800000,475.15000000000003
731,0.7618501690198302,0.33867922573457176,0.005131435670580071,0.030608155339633344,1800000,18000000,14493600000,475.8
732,0.7597030092950869,0.3408392993086465,0.006190426943457255,0.030506298011693453,1800000,18000000,14513400000,476.45
733,0.7592630109661838,0.3463640459598648,0.007127115298310623,0.03040477964293421,1800000,18000000,14533200000,477.1
734,0.763109538095453,0.3351832295562455,0.007274413124186387,0.030303599105372694,1800000,18000000,14553000000,477.75
735,0.7625852966430757,0.3348178846314648,0.007032957947978856,0.030202755274779673,1800000,18000000,14572800000,478.40000000000003
736,0.7603776596701558,0.33509987227367244,0.006014692811979847,0.030102247030667106,1800000,18000000,14592600000,479.05
737,0.7593338187320123,0.3395312053967722,0.005377650860805403,0.030002073256275682,1800000,18000000,14612400000,479.7
738,0.7629723593414321,0.33827320372376996,0.006087225424615403,0.02990223283856243,1800000,18000000,14632200000,480.35
739,0.7602542319513544,0.33336619947950497,0.0059312149111642705,0.02980272466818835,1800000,18000000,14652000000,481.0
740,0.7611213970693477,0.34016427876473576,0.006020993221607131,0.02970354763950609,1800000,18000000,14671800000,481.65000000000003
741,0.7617856925065037,0.33963045273351944,0.005710768572480035,0.02960470065054764,1800000,18000000,14691600000,482.3
742,0.7630716669486162,0.3417198159312504,0.008184588245247737,0.029506182603012115,1800000,18000000,14711400000,482.95
743,0.7599632394777323,0.3361992036167803,0.006095135372067696,0.029407992402253506,1800000,18000000,14731200000,483.6
744,0.7608953532958992,0.34077582733803585,0.007096133636804204,0.029310128957268585,1800000,18000000,14751000000,484.25
745,0.7622311364221512,0.3374630190602255,0.006654391208578119,0.02921259118068473,1800000,18000000,14770800000,484.90000000000003
746,0.7602750499745514,0.3435699198213868,0.005496899647078185,0.029115377988747873,1800000,18000000,14790600000,485.55
747,0.7606456015039852,0.3396845215358279,0.006274543985668799,0.02901848830131043,1800000,18000000,14810400000,486.2
748,0.7612566736317601,0.3416364297785658,0.0074653031513404145,0.02892192104181934,1800000,18000000,14830200000,486.85
749,0.7607596968232085,0.3345777580429702,0.006151232944870157,0.028825675137304024,1800000,18000000,14850000000,487.5
750,0.7640416853422187,0.336016580211857,0.006194011065442645,0.02872974951836458,1800000,18000000,14869800000,488.15000000000003
751,0.7600425998790604,0.34085486751216176,0.0033523218753081572,0.028634143119159794,1800000,18000000,14889600000,488.8
752,0.7629898345567563,0.33721110233501583,0.00636014375184117,0.02853885487739537,1800000,18000000,14909400000,489.45
753,0.7603800266153967,0.33376512990147017,0.006732366419544615,0.028443883734312093,1800000,18000000,14929200000,490.1
754,0.7611946580996996,0.335398428524334,0.00809152422504968,0.028349228634674047,1800000,18000000,14949000000,490.75
755,0.7630485019741449,0.33664901290798177,0.00646795285748661,0.028254888526756925,1800000,18000000,14968800000,491.40000000000003
756,0.7616859020336293,0.33922656074445556,0.00558246751599467,0.02816086236233635,1800000,18000000,14988600000,492.05
757,0.7622286996665198,0.33908181030877316,0.007571968504639436,0.028067149096676187,1800000,18000000,15008400000,492.7
758,0.7616399789939027,0.3368909455179154,0.005610912590796665,0.027973747688516962,1800000,18000000,15028200000,493.35
759,0.7635762382239005,0.3361448834932507,0.005185277692164352,0.02788065710006431,1800000,18000000,15048000000,494.0
760,0.764873588531756,0.3421697752914281,0.005985759510569824,0.027787876296977376,1800000,18000000,15067800000,494.65000000000003
761,0.7658262213258786,0.3408308856828896,0.006315705572854698,0.0276954042483574,1800000,18000000,15087600000,495.3
762,0.7644984298240219,0.33383454449888034,0.0036400744648425907,0.027603239926736228,1800000,18000000,15107400000,495.95
763,0.7613796570251701,0.3265769769572482,0.006208496167290935,0.027511382308064894,1800000,18000000,15127200000,496.6
764,0.7624327836507799,0.3377251083653888,0.005419889950446274,0.02741983037170224,1800000,18000000,15147000000,497.25
765,0.7644183879829666,0.330206750393113,0.004669683019238965,0.02732858310040361,1800000,18000000,15166800000,497.90000000000003
766,0.7618110269243328,0.33986481153315345,0.004997075396941446,0.027237639480309456,1800000,18000000,15186600000,498.55
767,0.7622296239533063,0.344139764793738,0.006910295293955683,0.0271469985009342,1800000,18000000,15206400000,499.20000000000005
768,0.762896201505214,0.33000203228709013,0.005255221647600608,0.027056659155154907,1800000,18000000,15226200000,499.85
769,0.7631796669233347,0.34077216064503196,0.00329762477401987,0.026966620439200145,1800000,18000000,15246000000,500.5
770,0.7634790312930204,0.34040212227564093,0.00587927511824096,0.02687688135263881,1800000,18000000,15265800000,501.15000000000003
771,0.7633434554633785,0.33688850939138676,0.005972604867634572,0.026787440898369028,1800000,18000000,15285600000,501.8
772,0.7641018581304935,0.33568862998798843,0.005327602703064134,0.02669829808260703,1800000,18000000,15305400000,502.45000000000005
773,0.7647474272125871,0.3326704608402876,0.004467575380333064,0.026609451914876178,1800000,18000000,15325200000,503.1
774,0.7648036294508204,0.3414939115290014,0.005100400547992089,0.026520901407995918,1800000,18000000,15345000000,503.75
775,0.7643431279848605,0.342158000550253,0.005661141292204718,0.026432645578070815,1800000,18000000,15364800000,504.40000000000003
776,0.7616982554158671,0.3358768936748378,0.004866622500501476,0.026344683444479648,1800000,18000000,15384600000,505.05
777,0.7641076680394899,0.33155622693742554,0.005209228057144663,0.02625701402986444,1800000,18000000,15404400000,505.70000000000005
778,0.7628779102118756,0.34052797578970184,0.005561594232175541,0.026169636360119694,1800000,18000000,15424200000,506.35
779,0.7659778647186374,0.3317544535933338,0.00695453884369077,0.02608254946438153,1800000,18000000,15444000000,507.0
780,0.7646548292645899,0.33100925365343337,0.006261716613978544,0.025995752375016855,1800000,18000000,15463800000,507.65000000000003
781,0.7674416267096517,0.3367174567392551,0.004328200776416948,0.025909244127612686,1800000,18000000,15483600000,508.3
782,0.7642515505705777,0.33771092006691694,0.003586963280806596,0.025823023760965385,1800000,18000000,15503400000,508.95000000000005
783,0.765754964227277,0.3309951565674321,0.0031683519908750775,0.025737090317069982,1800000,18000000,15523200000,509.6
784,0.7642258732999178,0.3376566528849895,0.005400428224627759,0.02565144284110955,1800000,18000000,15543000000,510.25
785,0.7664817495333688,0.33585548860438375,0.00654476780743979,0.025566080381444596,1800000,18000000,15562800000,510.90000000000003
786,0.7679285143472838,0.332306898742911,0.004804724412964676,0.025481001989602455,1800000,18000000,15582600000,511.55
787,0.7628745644334263,0.3342273983829629,0.005485117431917398,0.025396206720266795,1800000,18000000,15602400000,512.2
788,0.7630502409498495,0.33610935781941087,0.006328343091806982,0.02531169363126709,1800000,18000000,15622200000,512.85
789,0.7661502786397537,0.3395197427928296,0.002977084049585253,0.025227461783568134,1800000,18000000,15642000000,513.5
790,0.7643667860483128,0.3381869855843426,0.003484917307945014,0.02514351024125965,1800000,18000000,15661800000,514.15
791,0.7666750641920275,0.3291553012783746,0.006577089263902267,0.025059838071545854,1800000,18000000,15681600000,514.8000000000001
792,0.7651621889170883,0.3345778788849866,0.002898679296844129,0.024976444344735116,1800000,18000000,15701400000,515.45
793,0.7676560486893478,0.33018954312971943,0.00398844583559088,0.024893328134229613,1800000,18000000,15721200000,516.1
794,0.7682591934629992,0.33010651796177903,0.003054410207452314,0.024810488516515048,1800000,18000000,15741000000,516.75
795,0.7655613553616663,0.33487374661576835,0.004502041666406786,0.024727924571150358,1800000,18000000,15760800000,517.4
796,0.7673518543586865,0.3303848110721769,0.0044054691971769505,0.024645635380757525,1800000,18000000,15780600000,518.0500000000001
797,0.7640255972086525,0.3361679523973443,0.006027636851724479,0.02456362003101136,1800000,18000000,15800400000,518.7
798,0.7682803134882099,0.33033042604881274,0.0063674914797532305,0.024481877610629373,1800000,18000000,15820200000,519.35
799,0.7638346683118138,0.33569292652530625,0.004367366801288043,0.024400407211361594,1800000,18000000,15840000000,520.0
800,0.7658161727836555,0.33932001147045604,0.005538455620107699,0.02431920792798054,1800000,18000000,15859800000,520.65
801,0.7655360420003622,0.33846338982070834,0.0051441337628116614,0.024238278858271095,1800000,18000000,15879600000,521.3000000000001
802,0.7664847949351498,0.33519854744552263,0.0056953983753669545,0.024157619103020552,1800000,18000000,15899400000,521.95
803,0.767594121181871,0.337932180877118,0.004861241978018045,0.024077227766008576,1800000,18000000,15919200000,522.6
804,0.7656723165179592,0.3354144010768715,0.0029337071572543205,0.02399710395399727,1800000,18000000,15939000000,523.25
805,0.7685291575422134,0.33097745086778513,0.003448994917680838,0.02391724677672123,1800000,18000000,15958800000,523.9
806,0.768437862605507,0.3320399712132736,0.004263073635711249,0.02383765534687765,1800000,18000000,15978600000,524.5500000000001
807,0.7703851516203777,0.3279107100452371,0.005611943722573421,0.023758328780116505,1800000,18000000,15998400000,525.2
808,0.767523029629206,0.33645523550544126,0.0046080432408303305,0.023679266195030673,1800000,18000000,16018200000,525.85
809,0.7670702540547181,0.33384407670077515,0.005202683498247259,0.023600466713146178,1800000,18000000,16038000000,526.5
810,0.7663160305304441,0.33264782546014104,0.0055932928282510595,0.023521929458912412,1800000,18000000,16057800000,527.15
811,0.7664315083382078,0.3322553473368939,0.005412753929192227,0.02344365355969242,1800000,18000000,16077600000,527.8000000000001
812,0.7682360960378772,0.3326960174299564,0.004317025182597972,0.023365638145753154,1800000,18000000,16097400000,528.45
813,0.769318969629422,0.3339431831482586,0.00357570397006394,0.023287882350255897,1800000,18000000,16117200000,529.1
814,0.7681720640393499,0.33563435129242364,0.004206647858848835,0.023210385309246566,1800000,18000000,16137000000,529.75
815,0.7671481610052149,0.32798930722840763,0.004442566450553937,0.02313314616164612,1800000,18000000,16156800000,530.4
816,0.766271114250276,0.3294939875786081,0.0023649474362653416,0.023056164049241032,1800000,18000000,16176600000,531.0500000000001
817,0.7680886326588432,0.3319784449786794,0.0036163224028706777,0.0229794381166737,1800000,18000000,16196400000,531.7
818,0.7703116965127825,0.33333013441077486,0.004747890477586331,0.022902967511432955,1800000,18000000,16216200000,532.35
819,0.7685614867355158,0.3279606491389029,0.004756262619547416,0.022826751383844632,1800000,18000000,16236000000,533.0
820,0.7682403210742577,0.33105658142305877,0.005475155138371476,0.022750788887062088,1800000,18000000,16255800000,533.65
821,0.7679403323961157,0.3311733970597521,0.004021138752838795,0.02267507917705679,1800000,18000000,16275600000,534.3000000000001
822,0.7680193250040275,0.3366746501847812,0.003434519726929392,0.022599621412608965,1800000,18000000,16295400000,534.95
823,0.7708642817860418,0.3310010104257527,0.0033432246580107506,0.02252441475529824,1800000,18000000,16315200000,535.6
824,0.7676656585037507,0.3309536185998188,0.003698401661299417,0.022449458369494302,1800000,18000000,16335000000,536.25
825,0.7714374714913435,0.32979243381159085,0.004112035053196609,0.022374751422347648,1800000,18000000,16354800000,536.9
826,0.7694324752658033,0.3312076140953834,0.004976203720295569,0.02230029308378033,1800000,18000000,16374600000,537.5500000000001
827,0.7697877547072526,0.33539124668137565,0.002231022114851311,0.022226082526476697,1800000,18000000,16394400000,538.2
828,0.769682032411657,0.33025878963781674,0.005153787762989849,0.022152118925874254,1800000,18000000,16414200000,538.85
829,0.7680506905314197,0.33147895755437523,0.004129024780260674,0.02207840146015444,1800000,18000000,16434000000,539.5
830,0.7688242992262627,0.3312937606164927,0.0055344400365273634,0.022004929310233547,1800000,18000000,16453800000,540.15
831,0.7713209594080821,0.32521555788222445,0.0032162041482015646,0.0219317016597536,1800000,18000000,16473600000,540.8000000000001
832,0.7708354071142826,0.33122293490288157,0.002661701144713791,0.021858717695073287,1800000,18000000,16493400000,541.45
833,0.7666045508153212,0.33443063587117955,0.004856329400745428,0.021785976605258914,1800000,18000000,16513200000,542.1
834,0.7690554069248395,0.33134483494010325,0.004167245628635227,0.02171347758207541,1800000,18000000,16533000000,542.75
835,0.7699683678537562,0.3297685453296919,0.0045086186226505,0.02164121981997731,1800000,18000000,16552800000,543.4
836,0.7685205313355785,0.32823936094690126,0.0026182872147261617,0.021569202516099856,1800000,18000000,16572600000,544.0500000000001
837,0.7684903238981675,0.33071288832202694,0.004555518037419176,0.021497424870250043,1800000,18000000,16592400000,544.7
838,0.7711461868175968,0.3238270595714881,0.0035014700216026186,0.021425886084897733,1800000,18000000,16612200000,545.35
839,0.7678058574139325,0.32781931593716424,0.0035791681871397254,0.021354585365166795,1800000,18000000,16632000000,546.0
840,0.7687265898009076,0.332425745792585,0.0029176968409394682,0.02128352191882629,1800000,18000000,16651800000,546.65
841,0.7685815972322111,0.3330708116663225,0.005157157819247481,0.021212694956281617,1800000,18000000,16671600000,547.3000000000001
842,0.7698027377377402,0.33415487809831246,0.0031820001462318625,0.02114210369056581,1800000,18000000,16691400000,547.95
843,0.7705027482648509,0.3363082418813942,0.00455685502942083,0.021071747337330738,1800000,18000000,16711200000,548.6
844,0.7694332487845948,0.3320433222344299,0.0033609748943797283,0.021001625114838426,1800000,18000000,16731000000,549.25
845,0.7716130663200699,0.3334989417198519,0.0031843176227442965,0.020931736243952347,1800000,18000000,16750800000,549.9
846,0.7740536360914396,0.3268921275008464,0.00495573804899052,0.02086207994812878,1800000,18000000,16770600000,550.5500000000001
847,0.7637249669843672,0.3334867505052775,0.00433633876603503,0.02079265545340814,1800000,18000000,16790400000,551.2
848,0.7712296140101469,0.3312747284759109,0.0034625610589964413,0.02072346198840646,1800000,18000000,16810200000,551.85
849,0.7715792918897167,0.32913792553094573,0.004577679817500166,0.020654498784306745,1800000,18000000,16830000000,552.5
850,0.7707476308828396,0.32889114709525397,0.004047641392136848,0.020585765074850458,1800000,18000000,16849800000,553.15
851,0.7717493640011749,0.328673267646133,0.006399623738516252,0.020517260096329024,1800000,18000000,16869600000,553.8000000000001
852,0.77239074001092,0.32203393605497643,0.0036394288817776324,0.020448983087575288,1800000,18000000,16889400000,554.45
853,0.7735471859483091,0.32773206306579084,0.005914052384594781,0.02038093328995513,1800000,18000000,16909200000,555.1
854,0.7716889735356246,0.32933244666986006,0.0045937363801849705,0.020313109947358986,1800000,18000000,16929000000,555.75
855,0.7703432310054562,0.3334128241509787,0.004716080309188889,0.02024551230619346,1800000,18000000,16948800000,556.4
856,0.7710323112164884,0.33055997189656927,0.003120012929434996,0.020178139615372955,1800000,18000000,16968600000,557.0500000000001
857,0.7714666506518137,0.32839076760056696,0.0033966074147091727,0.020110991126311338,1800000,18000000,16988400000,557.7
858,0.7699924168811068,0.3311978035501816,0.0026542076169657836,0.020044066092913575,1800000,18000000,17008200000,558.35
859,0.7725134677871442,0.33309498341150084,0.002652954470310361,0.019977363771567502,1800000,18000000,17028000000,559.0
860,0.7703619256976617,0.32665190198071764,0.004138537139982338,0.01991088342113553,1800000,18000000,17047800000,559.65
861,0.7709791830859644,0.33501402879024506,0.0049916947243111255,0.019844624302946416,1800000,18000000,17067600000,560.3000000000001
862,0.7708865980250337,0.3259783224130319,0.0037090842219533026,0.019778585680787053,1800000,18000000,17087400000,560.95
863,0.7720954956422181,0.3287646820015841,0.003891568574599019,0.019712766820894304,1800000,18000000,17107200000,561.6
864,0.7729573290247701,0.3294486150410423,0.005451007161284981,0.019647166991946803,1800000,18000000,17127000000,562.25
865,0.772512680094329,0.32595993990610767,0.003992511268423041,0.019581785465056904,1800000,18000000,17146800000,562.9
866,0.7721774869413558,0.3287881778504494,0.0021794360623136645,0.019516621513762517,1800000,18000000,17166600000,563.5500000000001
867,0.7716778561846253,0.3335243119730254,0.0044257799181034825,0.019451674414019068,1800000,18000000,17186400000,564.2
868,0.7728251970589121,0.32077873356549236,0.003713847974206687,0.019386943444191458,1800000,18000000,17206200000,564.85
869,0.7728202106294001,0.3261555855229802,0.0028067770677595535,0.01932242788504602,1800000,18000000,17226000000,565.5
870,0.7714653502215727,0.32546352165995673,0.0025171346658016845,0.01925812701974253,1800000,18000000,17245800000,566.15
871,0.7709194603324095,0.32891991360386486,0.004426447337927518,0.01919404013382628,1800000,18000000,17265600000,566.8000000000001
872,0.7695541137169672,0.3278281809768053,0.003917734287621266,0.019130166515220096,1800000,18000000,17285400000,567.45
873,0.7709640747162844,0.32769552012878056,0.004320396912830199,0.01906650545421645,1800000,18000000,17305200000,568.1
874,0.7723633996923407,0.32154514095589537,0.004225229520250398,0.01900305624346956,1800000,18000000,17325000000,568.75
875,0.7712586882568776,0.33195618247661385,0.004004552068960408,0.018939818177987563,1800000,18000000,17344800000,569.4
876,0.7698862764818729,0.3321693322821575,0.002649751786034119,0.018876790555124607,1800000,18000000,17364600000,570.0500000000001
877,0.7719929313244138,0.33148846210996336,0.0018043126242311064,0.018813972674573135,1800000,18000000,17384400000,570.7
878,0.7742003919446162,0.32633825985519815,0.0034486511487663704,0.01875136383835605,1800000,18000000,17404200000,571.35
879,0.7707142658097355,0.330490275227911,0.002857075757927464,0.018688963350818977,1800000,18000000,17424000000,572.0
880,0.7736882987161363,0.32958876245670016,0.004197363153146032,0.018626770518622528,1800000,18000000,17443800000,572.65
881,0.772628043946502,0.32513980797684444,0.0052555933395352535,0.018564784650734575,1800000,18000000,17463600000,573.3000000000001
882,0.7721210380726496,0.3253708247988698,0.004152276971192983,0.018503005058422627,1800000,18000000,17483400000,573.95
883,0.7739839492286748,0.3193138342537103,0.0021637586002865414,0.018441431055246132,1800000,18000000,17503200000,574.6
884,0.7742589873475364,0.3338480308170354,0.004512643979078806,0.01838006195704887,1800000,18000000,17523000000,575.25
885,0.7709923691734881,0.3375993416671755,0.004315165940503512,0.018318897081951332,1800000,18000000,17542800000,575.9
886,0.7738664764146127,0.33006185734208005,0.004189685196281493,0.018257935750343183,1800000,18000000,17562600000,576.5500000000001
887,0.7712776723881901,0.3274222513398874,0.004996268447763132,0.018197177284875646,1800000,18000000,17582400000,577.2
888,0.774592702636339,0.3247384140791734,0.0019986095976108165,0.01813662101045404,1800000,18000000,17602200000,577.85
889,0.7724541677963548,0.32430698090147,0.004035399136997951,0.018076266254230255,1800000,18000000,17622000000,578.5
890,0.7728401045634636,0.33102957501154723,0.0028591919123569167,0.018016112345595265,1800000,18000000,17641800000,579.15
891,0.7745631989017747,0.33120539244841524,0.00408414133859384,0.017956158616171686,1800000,18000000,17661600000,579.8000000000001
892,0.7725562871731172,0.32655764319291014,0.003970195903228415,0.017896404399806366,1800000,18000000,17681400000,580.45
893,0.7747311027438527,0.32971925452566453,0.001748036683063337,0.01783684903256293,1800000,18000000,17701200000,581.1
894,0.7766169156465605,0.3195115051759102,0.0032383056615021585,0.017777491852714475,1800000,18000000,17721000000,581.75
895,0.7756397135740719,0.3277275908343582,0.0030307466908139217,0.017718332200736167,1800000,18000000,17740800000,582.4
896,0.7722362704338386,0.3352109205438894,0.0029637653980312257,0.017659369419297934,1800000,18000000,17760600000,583.0500000000001
897,0.7746231360026387,0.3267666391834734,0.004660725024177661,0.017600602853257152,1800000,18000000,17780400000,583.7
898,0.7742983063643797,0.3286001314634166,0.002448639739339749,0.017542031849651377,1800000,18000000,17800200000,584.35
899,0.7755176642999482,0.31933395075303694,0.0033375207279498437,0.017483655757691067,1800000,18000000,17820000000,585.0
900,0.7744315378243998,0.3252192817214505,0.0017738121846887108,0.01742547392875238,1800000,18000000,17839800000,585.65
901,0.7735952446696607,0.32965771405132127,0.002247736666592972,0.01736748571636995,1800000,18000000,17859600000,586.3000000000001
902,0.7726461648198089,0.329114344116055,0.0030945157109239525,0.01730969047622972,1800000,18000000,17879400000,586.95
903,0.7764417702319324,0.31965773193766445,0.0029282476868559646,0.01725208756616176,1800000,18000000,17899200000,587.6
904,0.7727567630639768,0.3247408458081364,0.0035164690273165452,0.017194676346133125,1800000,18000000,17919000000,588.25
905,0.7721566483463816,0.3270781880911187,0.0035419967167749154,0.017137456178240796,1800000,18000000,17938800000,588.9
906,0.7743508483210809,0.3289578230601862,0.003938562317046644,0.017080426426704536,1800000,18000000,17958600000,589.5500000000001
907,0.7724995691088395,0.32859578817036394,0.004245728993178081,0.01702358645785985,1800000,18000000,17978400000,590.2
908,0.7746856369618759,0.3268313440642776,0.0032573721808198722,0.01696693564015095,1800000,18000000,17998200000,590.85
909,0.7732775459706958,0.32942891256891477,0.0022429692599725748,0.016910473344123725,1800000,18000000,18018000000,591.5
910,0.7742195140331474,0.32430135783563263,0.0019368807036064207,0.016854198942418738,1800000,18000000,18037800000,592.15
911,0.7758140195245922,0.3294275305208241,0.003565916076100271,0.016798111809764284,1800000,18000000,18057600000,592.8000000000001
912,0.7754335004163881,0.3256829609220883,0.0021176829821592446,0.01674221132296943,1800000,18000000,18077400000,593.45
913,0.7739820199851569,0.3266813867782452,0.0021617777343836903,0.01668649686091707,1800000,18000000,18097200000,594.1
914,0.7749825735037925,0.3256958881227711,0.0030153858956860637,0.016630967804557063,1800000,18000000,18117000000,594.75
915,0.7779095321223973,0.3252995729517301,0.0033622064094511513,0.016575623536899325,1800000,18000000,18136800000,595.4
916,0.7742537851597342,0.32555752772430824,0.002722434022379033,0.016520463443006964,1800000,18000000,18156600000,596.0500000000001
917,0.7734553106499042,0.32499500382707946,0.005834451457072079,0.016465486909989488,1800000,18000000,18176400000,596.7
918,0.777078603883218,0.3202462645291835,0.0029375154672229126,0.01641069332699597,1800000,18000000,18196200000,597.35
919,0.7787560230621627,0.31429990411774145,0.004945099994139552,0.01635608208520825,1800000,18000000,18216000000,598.0
920,0.7729204226501469,0.32727031531317996,0.003859287984272861,0.016301652577834193,1800000,18000000,18235800000,598.65
921,0.773333431480914,0.33294668671694233,0.0024678880939158544,0.016247404200100943,1800000,18000000,18255600000,599.3000000000001
922,0.7753538282210553,0.32418892817462713,0.0046350958021889295,0.016193336349248175,1800000,18000000,18275400000,599.95
923,0.7755058075232282,0.3268658276996977,0.002420905965553884,0.016139448424521443,1800000,18000000,18295200000,600.6
924,0.7753190184320766,0.32708348405136833,0.0036152513187380146,0.01608573982716547,1800000,18000000,18315000000,601.25
925,0.7762790165589587,0.32243354071256314,0.0015090037241263174,0.016032209960417515,1800000,18000000,18334800000,601.9
926,0.7744941244216257,0.333027505284043,0.0013621642837997991,0.015978858229500733,1800000,18000000,18354600000,602.5500000000001
927,0.7776190354846428,0.31845674475232005,0.002121694016609015,0.01592568404161755,1800000,18000000,18374400000,603.2
928,0.7733373337845055,0.32531675161977897,0.002495336357950107,0.01587268680594312,1800000,18000000,18394200000,603.85
929,0.7756497559091736,0.324710019974013,0.0018658173889516984,0.01581986593361872,1800000,18000000,18414000000,604.5
930,0.776330397771086,0.3196983740349331,0.0023668147212383512,0.01576722083774523,1800000,18000000,18433800000,605.15
931,0.7756004100360351,0.32482729767377216,0.0036565798166557527,0.015714750933376594,1800000,18000000,18453600000,605.8000000000001
932,0.7731428006540324,0.32486718164351264,0.003266765043279035,0.015662455637513346,1800000,18000000,18473400000,606.45
933,0.7719082051936706,0.3276314784614561,0.003398290839942426,0.015610334369096087,1800000,18000000,18493200000,607.1
934,0.773820699492379,0.331746199508769,0.0025402410342924018,0.015558386548999083,1800000,18000000,18513000000,607.75
935,0.7766685525188438,0.3170667659301667,0.005777633328945859,0.015506611600023803,1800000,18000000,18532800000,608.4
936,0.773659435586328,0.3296963509696895,0.0022679560998218177,0.0154550089468925,1800000,18000000,18552600000,609.0500000000001
937,0.774794841859404,0.3248677375097997,0.0034701962758902946,0.015403578016241832,1800000,18000000,18572400000,609.7
938,0.7758898146475647,0.32578547365602367,0.001541820992964639,0.01535231823661649,1800000,18000000,18592200000,610.35
939,0.7749977966233264,0.33043786270149617,0.0017176023208026288,0.015301229038462828,1800000,18000000,18612000000,611.0
940,0.7756158161980098,0.325948428686178,0.0019133174521963477,0.01525030985412257,1800000,18000000,18631800000,611.65
941,0.7752354848681894,0.3256561067319591,0.0031487697915688127,0.015199560117826475,1800000,18000000,18651600000,612.3000000000001
942,0.7761327429921777,0.3253173530779634,0.004584851888678956,0.015148979265688062,1800000,18000000,18671400000,612.95
943,0.7742247771347104,0.3208718005304869,0.0031835135006380863,0.015098566735697346,1800000,18000000,18691200000,613.6
944,0.7782706070139104,0.32239949979611104,0.002910197503589999,0.015048321967714589,1800000,18000000,18711000000,614.25
945,0.7764172825427988,0.3251357458843911,0.003015953058944904,0.014998244403464065,1800000,18000000,18730800000,614.9
946,0.7751797122030609,0.32557311798022603,0.0030365722196324025,0.014948333486527878,1800000,18000000,18750600000,615.5500000000001
947,0.7779541000779323,0.32644813583220045,0.0020719263342373036,0.01489858866233978,1800000,18000000,18770400000,616.2
948,0.7736962930291272,0.3249866542709216,0.0036280677895457105,0.014849009378178984,1800000,18000000,18790200000,616.85
949,0.7767599929042163,0.32250508147725004,0.0016539955533151126,0.014799595083164046,1800000,18000000,18810000000,617.5
950,0.7776715748892107,0.3292103325527224,0.002917106310651317,0.01475034522824674,1800000,18000000,18829800000,618.15
951,0.7776620737870275,0.3254221778826844,0.0030565590740726685,0.014701259266205942,1800000,18000000,18849600000,618.8000000000001
952,0.7796402090085363,0.3245270112184461,0.003969631312267164,0.01465233665164157,1800000,18000000,18869400000,619.45
953,0.7751056089063485,0.321084609853151,0.0,0.014603576840968517,1800000,18000000,18889200000,620.1
954,0.7755592462796526,0.3215886113783126,0.0030911853952314307,0.014554979292410605,1800000,18000000,18909000000,620.75
955,0.7783374157764,0.31951722279662154,0.0021482679202656264,0.014506543465994582,1800000,18000000,18928800000,621.4
956,0.7784926568833328,0.31941632858686386,0.0028377888132076075,0.014458268823544085,1800000,18000000,18948600000,622.0500000000001
957,0.7793645684652036,0.32491188048244896,0.0012168596657798872,0.014410154828673707,1800000,18000000,18968400000,622.7
958,0.7750019332899506,0.32511153339816407,0.002193053036659411,0.014362200946783012,1800000,18000000,18988200000,623.35
959,0.7788796647560602,0.3228348189216109,0.00291126186113674,0.014314406645050596,1800000,18000000,19008000000,624.0
960,0.7759067538032448,0.3200293396044087,0.0031827656635545574,0.014266771392428173,1800000,18000000,19027800000,624.65
961,0.7777372789280629,0.32859199316647286,0.0016538670851166588,0.014219294659634668,1800000,18000000,19047600000,625.3000000000001
962,0.7792090889044249,0.3212506764985053,0.003200330515764676,0.014171975919150332,1800000,18000000,19067400000,625.95
963,0.7776885447014952,0.3178313621832487,0.0038240177368685947,0.0141248146452109,1800000,18000000,19087200000,626.6
964,0.775944737129594,0.32403029685582013,0.0008087105775074668,0.014077810313801734,1800000,18000000,19107000000,627.25
965,0.7765526818591404,0.326780048985289,0.0041627637444308875,0.014030962402651998,1800000,18000000,19126800000,627.9
966,0.7797082018034128,0.32259992383207575,0.003603559463522657,0.013984270391228862,1800000,18000000,19146600000,628.5500000000001
967,0.7771279960526071,0.32341304209866417,0.0013984493144181933,0.013937733760731734,1800000,18000000,19166400000,629.2
968,0.7810675147833636,0.3160145122254841,0.002082739646110912,0.01389135199408644,1800000,18000000,19186200000,629.85
969,0.7775373994761984,0.3202068379180006,0.002059187682215617,0.013845124575939553,1800000,18000000,19206000000,630.5
970,0.780028916867402,0.32068758622205296,0.0008890312874317071,0.013799050992652615,1800000,18000000,19225800000,631.15
971,0.7784036820789267,0.31982593478993643,0.0026530045051209993,0.013753130732296451,1800000,18000000,19245600000,631.8000000000001
972,0.7786448779937829,0.318891153492676,0.0033930823299993724,0.013707363284645472,1800000,18000000,19265400000,632.45
973,0.7766160794740004,0.3223707359166579,0.0037618491987829843,0.013661748141172018,1800000,18000000,19285200000,633.1
974,0.7778453663310976,0.3248698925855506,0.00293636732646625,0.013616284795040677,1800000,18000000,19305000000,633.75
975,0.7796047481128205,0.3190328678317399,0.002613431770597339,0.013570972741102702,1800000,18000000,19324800000,634.4
976,0.7790883361925013,0.31831000571438106,0.0012185720288811694,0.013525811475890359,1800000,18000000,19344600000,635.0500000000001
977,0.7782760651627038,0.3205716696511578,0.0022902494137756646,0.013480800497611346,1800000,18000000,19364400000,635.7
978,0.7776344621163958,0.3232461853942061,0.0029899106618398977,0.013435939306143226,1800000,18000000,19384200000,636.35
979,0.7801703666591446,0.31800613982493814,0.004020896599496728,0.01339122740302784,1800000,18000000,19404000000,637.0
980,0.7802981841358678,0.32003664106517143,0.0021468302561248142,0.013346664291465818,1800000,18000000,19423800000,637.65
981,0.7806021871352342,0.3144006838723169,0.0012002935473323694,0.013302249476311008,1800000,18000000,19443600000,638.3000000000001
982,0.7768043760250604,0.321708995856924,0.003486101173800037,0.013257982464065015,1800000,18000000,19463400000,638.95
983,0.7773108802437579,0.32139929381017396,0.0010462770670932717,0.013213862762871688,1800000,18000000,19483200000,639.6
984,0.7785577931764365,0.3220183474066137,0.003487144007259309,0.013169889882511677,1800000,18000000,19503000000,640.25
985,0.7798255889680542,0.32151374807715455,0.002801000582877733,0.013126063334396957,1800000,18000000,19522800000,640.9
986,0.7784244151077514,0.32328094637533283,0.003054074298067158,0.013082382631565439,1800000,18000000,19542600000,641.5500000000001
987,0.778909847516025,0.3256118809648093,0.0037230523785774083,0.013038847288675532,1800000,18000000,19562400000,642.2
988,0.7775993356029895,0.3250384707670387,0.0012226638029507353,0.012995456822000755,1800000,18000000,19582200000,642.85
989,0.7799218720776706,0.3166633638157822,0.002220724364142208,0.012952210749424363,1800000,18000000,19602000000,643.5
990,0.7751308262476937,0.32753041706466557,0.001342364504653486,0.012909108590434005,1800000,18000000,19621800000,644.15
991,0.7780362260332022,0.31998507463224246,0.0004841892741426436,0.012866149866116342,1800000,18000000,19641600000,644.8000000000001
992,0.7790402343497232,0.31546385848260133,0.0033953146063020415,0.012823334099151783,1800000,18000000,19661400000,645.45
993,0.7782355168987286,0.32158847411031566,0.0019744514882237755,0.01278066081380914,1800000,18000000,19681200000,646.1
994,0.7801956157912736,0.3171564811088057,0.002269877682009899,0.01273812953594036,1800000,18000000,19701000000,646.75
995,0.7819226742881377,0.31325974431991044,0.0018925182968089226,0.012695739792975256,1800000,18000000,19720800000,647.4
996,0.7814058122528547,0.3141929060618645,0.000670136656783338,0.012653491113916249,1800000,18000000,19740600000,648.0500000000001
997,0.776478739918359,0.3272307404902416,0.0006749808960427918,0.012611383029333125,1800000,18000000,19760400000,648.7
998,0.7782902471350432,0.32679143219216505,0.0008841238829856114,0.012569415071357852,1800000,18000000,19780200000,649.35
999,0.7782595421421198,0.3183829540449868,0.0018784028198471623,0.012527586773679353,1800000,18000000,19800000000,650.0
