round,test_accuracy,train_objective,mfg,hfr_tau,downlink_bytes,uplink_bytes,cumulative_serialized_bytes,single_device_elapsed_seconds
0,0.5043708763527944,0.5939270543572088,0.029890640709942993,0.22,1800000,18000000,19800000,0.65
1,0.5117608367371482,0.587430631639449,0.031111220047634162,0.2192678875319951,1800000,18000000,39600000,1.3
2,0.5176465899215861,0.5849790910684464,0.029293996427920705,0.21853821137610757,1800000,18000000,59400000,1.9500000000000002
3,0.5243031493870994,0.5776830589944529,0.030080694261431187,0.21781096342481698,1800000,18000000,79200000,2.6
4,0.5271297608996591,0.5737693589911215,0.029327786606820526,0.21708613559758305,1800000,18000000,99000000,3.25
5,0.5348151635502093,0.5667768342841998,0.028991158974876606,0.21636371984075584,1800000,18000000,118800000,3.9000000000000004
6,0.5402678790725786,0.5551564924236915,0.029062081982409314,0.21564370812748615,1800000,18000000,138600000,4.55
7,0.5455842699934618,0.5528246523223289,0.028798452182224557,0.21492609245763647,1800000,18000000,158400000,5.2
8,0.550789808376933,0.5467381763288471,0.029048635410868478,0.2142108648576919,1800000,18000000,178200000,5.8500000000000005
9,0.5575233360340456,0.5413049224779523,0.029425143265691657,0.21349801738067178,1800000,18000000,198000000,6.5
10,0.561385801321052,0.542129876158931,0.02948943151398872,0.2127875421060413,1800000,18000000,217800000,7.15
11,0.5623192337305146,0.5386421498848134,0.028170663898467476,0.21207943113962338,1800000,18000000,237600000,7.800000000000001
12,0.5697789924255122,0.5252235962831338,0.028534668679282657,0.2113736766135111,1800000,18000000,257400000,8.450000000000001
13,0.5802387756422882,0.5201382075145764,0.029184363177373565,0.2106702706859803,1800000,18000000,277200000,9.1
14,0.5830506952942199,0.5130699085703547,0.029036125269553015,0.20996920554140228,1800000,18000000,297000000,9.75
15,0.5864985886107785,0.5168501884586825,0.027862169268690624,0.20927047339015709,1800000,18000000,316800000,10.4
16,0.58886720539448,0.5081932621999975,0.02882196172298588,0.208574066468547,1800000,18000000,336600000,11.05
17,0.5938217483205529,0.5080470286741908,0.027278177975855848,0.2078799770387102,1800000,18000000,356400000,11.700000000000001
18,0.5992128463457222,0.5002352044304031,0.028534518093679892,0.20718819738853472,1800000,18000000,376200000,12.35
19,0.6037367081273181,0.49732915601861705,0.027939222741417743,0.2064987198315729,1800000,18000000,396000000,13.0
20,0.6076585094071254,0.4978486775306541,0.0270844230122881,0.2058115367069559,1800000,18000000,415800000,13.65
21,0.6114020115442034,0.49238601105167024,0.028449584743923766,0.2051266403793086,1800000,18000000,435600000,14.3
22,0.6167682844129374,0.48436771884987034,0.025915155533415193,0.20444402323866478,1800000,18000000,455400000,14.950000000000001
23,0.6206303435475432,0.48170748472830893,0.027943803472272835,0.20376367770038248,1800000,18000000,475200000,15.600000000000001
24,0.6234142436078044,0.4794094373837889,0.027792322481876672,0.20308559620505987,1800000,18000000,495000000,16.25
25,0.626527024457519,0.4783073135821899,0.027313164465474996,0.20240977121845113,1800000,18000000,514800000,16.900000000000002
26,0.6267686112316851,0.4700307526764139,0.028023557523920786,0.20173619523138275,1800000,18000000,534600000,17.55
27,0.6362013425643511,0.4597811261183145,0.027546148208626803,0.2010648607596702,1800000,18000000,554400000,18.2
28,0.6400134005351431,0.45570171790118985,0.028337407137924635,0.20039576034403467,1800000,18000000,574200000,18.85
29,0.6414345875621603,0.4565733221988869,0.025579979905271687,0.19972888655002022,1800000,18000000,594000000,19.5
30,0.6446476331351542,0.45481622946589306,0.026657233969176408,0.1990642319679111,1800000,18000000,613800000,20.150000000000002
31,0.6524658299235627,0.4442500028006496,0.028510059957283403,0.19840178921264964,1800000,18000000,633600000,20.8
32,0.6530051903977634,0.4449901490564635,0.02467545747442468,0.19774155092375395,1800000,18000000,653400000,21.45
33,0.6536030179206503,0.44723949565880733,0.025673408937304548,0.1970835097652362,1800000,18000000,673200000,22.1
34,0.6609094047656626,0.4410538433167078,0.026188531741722372,0.19642765842552126,1800000,18000000,693000000,22.75
35,0.6627914531779494,0.4313480256150807,0.02659527481902596,0.19577398961736522,1800000,18000000,712800000,23.400000000000002
36,0.665653689887167,0.4314516473783547,0.026723043623439604,0.19512249607777465,1800000,18000000,732600000,24.05
37,0.670105141038562,0.43429638271973775,0.024588573527338273,0.1944731705679257,1800000,18000000,752400000,24.7
38,0.6708550839836749,0.42625874602982966,0.026270542745672486,0.1938260058730838,1800000,18000000,772200000,25.35
39,0.6711204683794627,0.42796501967888767,0.02636103567792093,0.1931809948025235,1800000,18000000,792000000,26.0
40,0.6770687001124531,0.41961890409942826,0.026385004205233837,0.19253813018944846,1800000,18000000,811800000,26.650000000000002
41,0.6828064846411425,0.42095659872725205,0.025946838330672725,0.19189740489091192,1800000,18000000,831600000,27.3
42,0.6877019688818837,0.41517022132729253,0.02662313778661887,0.1912588117877373,1800000,18000000,851400000,27.95
43,0.6906079903072975,0.40788775666848043,0.026105677814807382,0.1906223437844391,1800000,18000000,871200000,28.6
44,0.6895124674905415,0.4140021038469278,0.023532869333278635,0.1899879938091441,1800000,18000000,891000000,29.25
45,0.6916599272911274,0.40471644569810034,0.023855978931644668,0.18935575481351272,1800000,18000000,910800000,29.900000000000002
46,0.6986842763795831,0.4007336785930837,0.02628720051286056,0.1887256197726607,1800000,18000000,930600000,30.55
47,0.6987371922266167,0.40349765048006925,0.023793006067344528,0.1880975816850811,1800000,18000000,950400000,31.200000000000003
48,0.6990740065767048,0.3972424108944307,0.025746802174298117,0.1874716335725665,1800000,18000000,970200000,31.85
49,0.7028346817038963,0.4004476064132034,0.025006601841505008,0.18684776848013143,1800000,18000000,990000000,32.5
50,0.7062297253357928,0.39628967017340316,0.025166423749700805,0.1862259794759351,1800000,18000000,1009800000,33.15
51,0.7080014977284024,0.39240536579480845,0.02459334161689334,0.18560625965120442,1800000,18000000,1029600000,33.800000000000004
52,0.7105338760965648,0.3845327339236571,0.02444041680291747,0.18498860212015716,1800000,18000000,1049400000,34.45
53,0.7145538048111494,0.3822535413088056,0.02311951375853165,0.18437300001992551,1800000,18000000,1069200000,35.1
54,0.718525588135402,0.38356606484413663,0.02424646456856472,0.18375944651047985,1800000,18000000,1089000000,35.75
55,0.7218371438713164,0.3736301279929654,0.02362618161999369,0.1831479347745526,1800000,18000000,1108800000,36.4
56,0.7195176861063874,0.3765593678040841,0.02405849097480563,0.18253845801756263,1800000,18000000,1128600000,37.050000000000004
57,0.7238912455337232,0.37534264735663947,0.022846731205774032,0.1819310094675397,1800000,18000000,1148400000,37.7
58,0.72595066337165,0.37320894773103575,0.02326088129666281,0.18132558237504928,1800000,18000000,1168200000,38.35
59,0.7271701883000694,0.37734320746387995,0.02248292894739539,0.18072217001311738,1800000,18000000,1188000000,39.0
60,0.7292919329223081,0.3691364709903276,0.021969663725852295,0.18012076567715601,1800000,18000000,1207800000,39.65
61,0.7306721289622908,0.36855044196157444,0.023885868056786098,0.1795213626848886,1800000,18000000,1227600000,40.300000000000004
62,0.7323402206666341,0.37068321136264654,0.023715559969399818,0.17892395437627573,1800000,18000000,1247400000,40.95
63,0.7371286801188441,0.356951140942264,0.02509313679968199,0.17832853411344116,1800000,18000000,1267200000,41.6
64,0.73788641023391,0.3651906735820588,0.02344319247882829,0.17773509528059805,1800000,18000000,1287000000,42.25
65,0.7395386921947904,0.35672511708759996,0.023979478811411437,0.17714363128397553,1800000,18000000,1306800000,42.9
66,0.7423598738810946,0.3568329374786776,0.022249420011105598,0.17655413555174526,1800000,18000000,1326600000,43.550000000000004
67,0.744819693465198,0.3471536829768251,0.022748973445286303,0.17596660153394866,1800000,18000000,1346400000,44.2
68,0.746285010354591,0.350827684860685,0.02331311740669585,0.1753810227024239,1800000,18000000,1366200000,44.85
69,0.7465913414378319,0.34974877412306277,0.02383309087244456,0.17479739255073348,1800000,18000000,1386000000,45.5
70,0.7494363578142093,0.3544306188345582,0.022185337430897258,0.17421570459409197,1800000,18000000,1405800000,46.15
71,0.7516689426744512,0.3526477973103139,0.022992123701693904,0.17363595236929383,1800000,18000000,1425600000,46.800000000000004
72,0.7551978280842268,0.3462590478826089,0.02260026030920543,0.17305812943464177,1800000,18000000,1445400000,47.45
73,0.7544435127139676,0.3462164168725012,0.02351590532221764,0.17248222936987492,1800000,18000000,1465200000,48.1
74,0.757118276937841,0.34410314911368745,0.022918710008821844,0.1719082457760978,1800000,18000000,1485000000,48.75
75,0.7575979271763067,0.3425757889840004,0.02379753858269839,0.17133617227570908,1800000,18000000,1504800000,49.4
76,0.7596942703630207,0.34079102491554547,0.023144005724853586,0.17076600251233054,1800000,18000000,1524600000,50.050000000000004
77,0.7597815381858272,0.34221709039414405,0.023049891898029723,0.17019773015073678,1800000,18000000,1544400000,50.7
78,0.7602480337106916,0.341139363095203,0.02262187352323662,0.16963134887678458,1800000,18000000,1564200000,51.35
79,0.7615459755580325,0.33262252393027275,0.02132586371815656,0.16906685239734287,1800000,18000000,1584000000,52.0
80,0.7661069211054965,0.33817108902133547,0.02216035368771112,0.16850423444022272,1800000,18000000,1603800000,52.65
81,0.7649318602371398,0.3372153669689186,0.022827223795264983,0.1679434887541077,1800000,18000000,1623600000,53.300000000000004
82,0.7701560104289904,0.3321264686239754,0.020763100655850714,0.16738460910848446,1800000,18000000,1643400000,53.95
83,0.7705709509958244,0.3294779432493583,0.02227797335351875,0.16682758929357333,1800000,18000000,1663200000,54.6
84,0.7717408039948731,0.32584596790092224,0.0237222354609651,0.1662724231202596,1800000,18000000,1683000000,55.25
85,0.7732590090534115,0.3237366945555326,0.019094417530380183,0.1657191044200245,1800000,18000000,1702800000,55.9
86,0.7732064149966165,0.33009566583278765,0.021691733724026843,0.16516762704487678,1800000,18000000,1722600000,56.550000000000004
87,0.7760098154448731,0.32422698463760335,0.02075263777186249,0.16461798486728435,1800000,18000000,1742400000,57.2
88,0.7767274233475246,0.3223239746651283,0.021291866313031194,0.16407017178010627,1800000,18000000,1762200000,57.85
89,0.780554115033002,0.3230267896638051,0.02023512230308058,0.16352418169652483,1800000,18000000,1782000000,58.5
90,0.7823203225664114,0.31579582830090996,0.021998138180001264,0.16298000854997793,1800000,18000000,1801800000,59.15
91,0.7806584318733025,0.3182022309629413,0.022938923677797575,0.16243764629409166,1800000,18000000,1821600000,59.800000000000004
92,0.782562017467471,0.31394874366103903,0.020535440008903554,0.16189708890261317,1800000,18000000,1841400000,60.45
93,0.7829306653779841,0.3124645320797489,0.021851643304471313,0.16135833036934363,1800000,18000000,1861200000,61.1
94,0.7860042787480581,0.31474772715495963,0.01999076550226569,0.1608213647080716,1800000,18000000,1881000000,61.75
95,0.7850955732158735,0.31336682851666553,0.020765332124491984,0.16028618595250646,1800000,18000000,1900800000,62.400000000000006
96,0.7857385048677904,0.30986022976140626,0.021098569847060582,0.159752788156212,1800000,18000000,1920600000,63.050000000000004
97,0.7876920229204414,0.3099506359849185,0.020462386098347666,0.15922116539254064,1800000,18000000,1940400000,63.7
98,0.7870445060204272,0.3172619073985476,0.02191196030409229,0.15869131175456724,1800000,18000000,1960200000,64.35000000000001
99,0.7909165205025138,0.3099466915018219,0.018644795447894776,0.15816322135502375,1800000,18000000,1980000000,65.0
100,0.7920271775125235,0.3074106924683798,0.018861266753168498,0.15763688832623365,1800000,18000000,1999800000,65.65
101,0.7911063278470415,0.31217198481029595,0.018637824923061434,0.1571123068200467,1800000,18000000,2019600000,66.3
102,0.7945368597011281,0.29800762155680127,0.018134822566574307,0.15658947100777412,1800000,18000000,2039400000,66.95
103,0.7971360451826884,0.3039285254782902,0.021672488316047428,0.1560683750801238,1800000,18000000,2059200000,67.60000000000001
104,0.794933098043954,0.30559384214122703,0.019263711504514898,0.1555490132471355,1800000,18000000,2079000000,68.25
105,0.7942099628033936,0.3035648903410606,0.018920162581066345,0.15503137973811695,1800000,18000000,2098800000,68.9
106,0.7971714361384284,0.3004023133076873,0.019605004869258993,0.15451546880157935,1800000,18000000,2118600000,69.55
107,0.800067543746406,0.29693066799309076,0.018729034826616392,0.15400127470517364,1800000,18000000,2138400000,70.2
108,0.8002166622083019,0.29986855800841217,0.01865502645570789,0.15348879173562682,1800000,18000000,2158200000,70.85000000000001
109,0.7999100564112328,0.30275422716265116,0.020772746593002798,0.1529780141986784,1800000,18000000,2178000000,71.5
110,0.800798866070604,0.3039879297981141,0.019246446454693124,0.15246893641901713,1800000,18000000,2197800000,72.15
111,0.805399092535872,0.29672430776547515,0.01908404920256223,0.15196155274021803,1800000,18000000,2217600000,72.8
112,0.8030931877431319,0.301175452794807,0.019974710178431797,0.1514558575246794,1800000,18000000,2237400000,73.45
113,0.8017345046850372,0.2971490383451969,0.021173798946074154,0.1509518451535604,1800000,18000000,2257200000,74.10000000000001
114,0.8057348424348774,0.2999287019684349,0.019378807059389182,0.15044951002671828,1800000,18000000,2277000000,74.75
115,0.8064275869628381,0.29560043261377883,0.01996783799893938,0.14994884656264654,1800000,18000000,2296800000,75.4
116,0.8104928008591236,0.28589400977645824,0.018419141404099663,0.14944984919841262,1800000,18000000,2316600000,76.05
117,0.8058514534412876,0.2969313640126921,0.01776919127136179,0.14895251238959623,1800000,18000000,2336400000,76.7
118,0.8073982089453561,0.29107466922455333,0.01861373205017865,0.1484568306102277,1800000,18000000,2356200000,77.35000000000001
119,0.8091520222179928,0.2873054839730714,0.01818613462112419,0.14796279835272666,1800000,18000000,2376000000,78.0
120,0.8093700592697879,0.290068867048756,0.018588887004855167,0.14747041012784065,1800000,18000000,2395800000,78.65
121,0.808397561730645,0.29052857205211613,0.018374002180572547,0.14697966046458436,1800000,18000000,2415600000,79.3
122,0.813310098190831,0.2877337755086638,0.018878335890335426,0.14649054391017868,1800000,18000000,2435400000,79.95
123,0.8139753455518186,0.2887104079520249,0.015969246443373702,0.14600305502999028,1800000,18000000,2455200000,80.60000000000001
124,0.815192451914937,0.28611240505022056,0.019449973376896808,0.14551718840747094,1800000,18000000,2475000000,81.25
125,0.8136389079055439,0.2887541968929968,0.018107074337583937,0.14503293864409764,1800000,18000000,2494800000,81.9
126,0.815792886132687,0.2814785204369197,0.018000801914876328,0.1445503003593125,1800000,18000000,2514600000,82.55
127,0.8139335827990898,0.28750680525235034,0.017664373490221798,0.14406926819046292,1800000,18000000,2534400000,83.2
128,0.8189915931879633,0.27883884164897116,0.018380645951114688,0.14358983679274215,1800000,18000000,2554200000,83.85000000000001
129,0.8184677415368762,0.2846258795927396,0.019447940949363793,0.14311200083912964,1800000,18000000,2574000000,84.5
130,0.816266095504899,0.2866076550984888,0.017513395923578166,0.14263575502033213,1800000,18000000,2593800000,85.15
131,0.8175895413532509,0.2815770170443513,0.01887948009230967,0.14216109404472455,1800000,18000000,2613600000,85.8
132,0.8191767272389018,0.2786491152995048,0.018018444442666624,0.14168801263829112,1800000,18000000,2633400000,86.45
133,0.8188303603564113,0.2801789984965661,0.017148509274153453,0.14121650554456688,1800000,18000000,2653200000,87.10000000000001
134,0.8179706290916484,0.28061958970469464,0.01773092677374645,0.14074656752457937,1800000,18000000,2673000000,87.75
135,0.8190609055521911,0.28291131638468714,0.016748411934649692,0.14027819335679012,1800000,18000000,2692800000,88.4
136,0.8198530526542259,0.2810780980066916,0.0175609865636012,0.13981137783703693,1800000,18000000,2712600000,89.05
137,0.8223455502445133,0.2815613186262813,0.017621980697111832,0.13934611577847586,1800000,18000000,2732400000,89.7
138,0.8240711054565583,0.2731331647302143,0.01707684890452203,0.13888240201152371,1800000,18000000,2752200000,90.35000000000001
139,0.8232299066084294,0.2808923660938547,0.018832649816441435,0.13842023138380052,1800000,18000000,2772000000,91.0
140,0.8239014769032633,0.2785038371216312,0.01686777247941906,0.13795959876007233,1800000,18000000,2791800000,91.65
141,0.8211494605913252,0.27773284632380163,0.01635378612534778,0.13750049902219416,1800000,18000000,2811600000,92.3
142,0.8220247879686218,0.2782851249616557,0.01788509909238228,0.13704292706905308,1800000,18000000,2831400000,92.95
143,0.8239845239923285,0.273489775872312,0.018491892688401915,0.13658687781651155,1800000,18000000,2851200000,93.60000000000001
144,0.8255767747961814,0.27820013937414967,0.016769533851087225,0.13613234619735098,1800000,18000000,2871000000,94.25
145,0.8252036086895777,0.2693295765989298,0.01625564649048565,0.1356793271612154,1800000,18000000,2890800000,94.9
146,0.8268681875567356,0.2696807394868575,0.017948103514094118,0.1352278156745552,1800000,18000000,2910600000,95.55
147,0.8269924354258446,0.27082068143646504,0.017745192044420308,0.13477780672057155,1800000,18000000,2930400000,96.2
148,0.8276152246695951,0.26954361112636854,0.016047148115954108,0.13432929529916027,1800000,18000000,2950200000,96.85000000000001
149,0.8275790109682896,0.2735067223066643,0.017043819907152907,0.13388227642685652,1800000,18000000,2970000000,97.5
150,0.8281518708216291,0.27326121607329956,0.016177031616619656,0.13343674513677936,1800000,18000000,2989800000,98.15
151,0.8290354038168959,0.2711217467355613,0.01667595532194676,0.1329926964785765,1800000,18000000,3009600000,98.8
152,0.8280256437282678,0.26965398889423525,0.016242495680089883,0.13255012551836945,1800000,18000000,3029400000,99.45
153,0.827742104920203,0.27176391935019373,0.015391360907992691,0.1321090273386985,1800000,18000000,3049200000,100.10000000000001
154,0.8308718027281664,0.27522393607672896,0.01604814861683005,0.13166939703846825,1800000,18000000,3069000000,100.75
155,0.8300899002650964,0.26523291783919634,0.015558885423979107,0.13123122973289303,1800000,18000000,3088800000,101.4
156,0.8314996960876568,0.2676105421428949,0.016562028507399375,0.13079452055344276,1800000,18000000,3108600000,102.05
157,0.8349263384536343,0.265801045879021,0.01687412598940225,0.13035926464778871,1800000,18000000,3128400000,102.7
158,0.8323326707791769,0.2683792214831376,0.014894398237530143,0.12992545717974963,1800000,18000000,3148200000,103.35000000000001
159,0.828800491000855,0.26922667888652374,0.014123466686090127,0.12949309332923814,1800000,18000000,3168000000,104.0
160,0.8335095061908255,0.2704842290985812,0.01410100095597117,0.129062168292207,1800000,18000000,3187800000,104.65
161,0.8344513838908405,0.2677515566837335,0.015523521591681348,0.1286326772805958,1800000,18000000,3207600000,105.3
162,0.8310328730129393,0.2706483540309744,0.01615239538756562,0.12820461552227772,1800000,18000000,3227400000,105.95
163,0.8356759041701396,0.25973979277481957,0.015796372656241127,0.12777797826100667,1800000,18000000,3247200000,106.60000000000001
164,0.8348703014265779,0.2651886326687021,0.015730501820355826,0.12735276075636423,1800000,18000000,3267000000,107.25
165,0.8324142458238116,0.2646595501677756,0.017407502823339503,0.12692895828370707,1800000,18000000,3286800000,107.9
166,0.8323361904959383,0.26874903592302635,0.014633019163468812,0.12650656613411448,1800000,18000000,3306600000,108.55
167,0.8334712513173678,0.2669718254997264,0.017928926805385673,0.12608557961433597,1800000,18000000,3326400000,109.2
168,0.8348250867115256,0.26237317324719317,0.01526733628156363,0.12566599404673928,1800000,18000000,3346200000,109.85000000000001
169,0.8344522721399664,0.2662178394313254,0.01610960599575859,0.12524780476925818,1800000,18000000,3366000000,110.5
170,0.8362521815214606,0.26002299984944477,0.015235441466306811,0.12483100713534084,1800000,18000000,3385800000,111.15
171,0.8370610239522082,0.26357365432936797,0.012593906940192141,0.12441559651389816,1800000,18000000,3405600000,111.8
172,0.8360835906957077,0.2616458559335046,0.015550050958872848,0.12400156828925231,1800000,18000000,3425400000,112.45
173,0.8362844889784466,0.2640085056285169,0.015545399240358549,0.12358891786108542,1800000,18000000,3445200000,113.10000000000001
174,0.8370701949713901,0.26232606405386316,0.014137367044944817,0.12317764064438845,1800000,18000000,3465000000,113.75
175,0.836581876820574,0.2622835698498321,0.01531186621324506,0.12276773206941036,1800000,18000000,3484800000,114.4
176,0.8367038395387815,0.2586714213496503,0.015298634772788684,0.1223591875816072,1800000,18000000,3504600000,115.05
177,0.8379604782648953,0.26725696813997957,0.013412731916916403,0.12195200264159156,1800000,18000000,3524400000,115.7
178,0.837815062751766,0.2611346009173803,0.016389317273855657,0.12154617272508213,1800000,18000000,3544200000,116.35000000000001
179,0.8375720326720086,0.26043199485636,0.0156430026785161,0.12114169332285347,1800000,18000000,3564000000,117.0
180,0.8398665960259026,0.2642473996728256,0.01591096164226001,0.12073855994068583,1800000,18000000,3583800000,117.65
181,0.8394356321979761,0.2589541620726177,0.015369673372709789,0.12033676809931522,1800000,18000000,3603600000,118.3
182,0.8371269564527957,0.2598582515549019,0.015240852596215104,0.11993631333438377,1800000,18000000,3623400000,118.95
183,0.8399937922954198,0.2583913472846911,0.014295063163641666,0.11953719119638996,1800000,18000000,3643200000,119.60000000000001
184,0.8416037889408042,0.2581516323742752,0.013497578437812267,0.11913939725063923,1800000,18000000,3663000000,120.25
185,0.8376518835579682,0.2628117917986548,0.014573260106896685,0.11874292707719478,1800000,18000000,3682800000,120.9
186,0.8398305350242433,0.26162573841937853,0.01476977518662929,0.11834777627082839,1800000,18000000,3702600000,121.55
187,0.840781351385992,0.2592943380935467,0.01468269392664848,0.11795394044097147,1800000,18000000,3722400000,122.2
188,0.8410001983131091,0.25972855307527437,0.014051377245921638,0.11756141521166627,1800000,18000000,3742200000,122.85000000000001
189,0.8379168390752011,0.2673070296433136,0.015088676375659827,0.11717019622151738,1800000,18000000,3762000000,123.5
190,0.8425331723802136,0.2538339289078768,0.014479706844740696,0.11678027912364307,1800000,18000000,3781800000,124.15
191,0.8390618420244126,0.2616416255087698,0.0144846697476388,0.11639165958562711,1800000,18000000,3801600000,124.80000000000001
192,0.8412758996268774,0.2530829390205365,0.01483334118923036,0.11600433328947068,1800000,18000000,3821400000,125.45
193,0.8385443441511162,0.26167353095559265,0.011760912872771218,0.11561829593154425,1800000,18000000,3841200000,126.10000000000001
194,0.8402814538711089,0.26379078198337147,0.013203793795955992,0.11523354322253988,1800000,18000000,3861000000,126.75
195,0.8394763911760846,0.2591925994791953,0.01441149258092775,0.11485007088742354,1800000,18000000,3880800000,127.4
196,0.8416677597250998,0.2627454986522449,0.01355794554814365,0.11446787466538752,1800000,18000000,3900600000,128.05
197,0.8415254622581276,0.2593462357492107,0.013871941826157355,0.11408695030980319,1800000,18000000,3920400000,128.70000000000002
198,0.8422001768722642,0.25149442689934187,0.013617326394862553,0.11370729358817382,1800000,18000000,3940200000,129.35
199,0.8407074794600374,0.2615719184115637,0.012527351501675613,0.1133289002820875,1800000,18000000,3960000000,130.0
200,0.8426432458878632,0.25713166138080723,0.014106029206869236,0.11295176618717025,1800000,18000000,3979800000,130.65
201,0.8391615797462298,0.2581069886765482,0.012664204873493208,0.11257588711303934,1800000,18000000,3999600000,131.3
202,0.8383003046374319,0.26022424279237866,0.012410695633946612,0.11220125888325679,1800000,18000000,4019400000,131.95000000000002
203,0.8383769554206237,0.2656108249941419,0.014082557190231578,0.11182787733528282,1800000,18000000,4039200000,132.6
204,0.8391414235215346,0.25966251947463365,0.01164075113493541,0.1114557383204297,1800000,18000000,4059000000,133.25
205,0.8389911178630962,0.25650610392911033,0.013659670523439723,0.11108483770381573,1800000,18000000,4078800000,133.9
206,0.840038029931515,0.2598625981586456,0.012934896263786296,0.11071517136431909,1800000,18000000,4098600000,134.55
207,0.8391552924129583,0.2616774553825928,0.012265422456902215,0.11034673519453223,1800000,18000000,4118400000,135.20000000000002
208,0.8402044901943678,0.25928557299474875,0.011954268635703173,0.10997952510071608,1800000,18000000,4138200000,135.85
209,0.8399541448154835,0.25689021779395604,0.011934345352755626,0.10961353700275477,1800000,18000000,4158000000,136.5
210,0.8417039787354318,0.26111714273281933,0.01292792022862748,0.1092487668341101,1800000,18000000,4177800000,137.15
211,0.8389957439735612,0.26164895698339524,0.01299308014335448,0.10888521054177641,1800000,18000000,4197600000,137.8
212,0.8417162646636984,0.2591548048853879,0.01403043807278986,0.10852286408623565,1800000,18000000,4217400000,138.45000000000002
213,0.8406838598585109,0.2588755163563671,0.01175504403940477,0.10816172344141232,1800000,18000000,4237200000,139.1
214,0.8414404979606991,0.25754540619745026,0.012026729666465365,0.1078017845946289,1800000,18000000,4257000000,139.75
215,0.842367459931079,0.2555778800301777,0.01200138394455902,0.10744304354656116,1800000,18000000,4276800000,140.4
216,0.8408700605222423,0.2597340712627709,0.011919004087757182,0.10708549631119377,1800000,18000000,4296600000,141.05
217,0.8410731307767413,0.2576777792599551,0.013301317242474365,0.10672913891577596,1800000,18000000,4316400000,141.70000000000002
218,0.8379930009827319,0.2640755758115668,0.013444613657224916,0.1063739674007775,1800000,18000000,4336200000,142.35
219,0.839823497343201,0.2603286153768301,0.012245358862951538,0.10601997781984454,1800000,18000000,4356000000,143.0
220,0.8439694700423667,0.2544095355482403,0.013052890909849369,0.10566716623975587,1800000,18000000,4375800000,143.65
221,0.8387087187949149,0.25793187237198517,0.011911675523845127,0.10531552874037918,1800000,18000000,4395600000,144.3
222,0.838694529775516,0.26073086659770517,0.011782300571993675,0.10496506141462757,1800000,18000000,4415400000,144.95000000000002
223,0.8411140998939157,0.2553645869503194,0.012131502667844636,0.10461576036841601,1800000,18000000,4435200000,145.6
224,0.8431463158359386,0.25800752633144375,0.012618606130309315,0.10426762172061814,1800000,18000000,4455000000,146.25
225,0.8383410851921991,0.25819710843709603,0.013122810881738934,0.10392064160302324,1800000,18000000,4474800000,146.9
226,0.8414631735218696,0.25767960857207317,0.012995781018932449,0.10357481616029306,1800000,18000000,4494600000,147.55
227,0.8402114678939984,0.2555738372895287,0.012676750761294542,0.10323014154991914,1800000,18000000,4514400000,148.20000000000002
228,0.8426666067021166,0.2537490264861339,0.011122413781318993,0.10288661394218003,1800000,18000000,4534200000,148.85
229,0.8412516365772269,0.2553013330975522,0.011743496153092167,0.10254422952009878,1800000,18000000,4554000000,149.5
230,0.8400849593565805,0.262010718314655,0.01197124083349692,0.10220298447940052,1800000,18000000,4573800000,150.15
231,0.839831799646573,0.25851754489649736,0.010974088489438557,0.10186287502847018,1800000,18000000,4593600000,150.8
232,0.8403191035703786,0.2607969366555558,0.011762411626995798,0.10152389738831034,1800000,18000000,4613400000,151.45000000000002
233,0.8406786225279248,0.25691357689674715,0.01273753619242444,0.1011860477924993,1800000,18000000,4633200000,152.1
234,0.8406775282035825,0.2582471260199122,0.010592315583941353,0.10084932248714917,1800000,18000000,4653000000,152.75
235,0.839135152784384,0.2617960845967172,0.012978839485788011,0.10051371773086425,1800000,18000000,4672800000,153.4
236,0.8424061848411061,0.2568379900294936,0.012321861997472424,0.1001792297946993,1800000,18000000,4692600000,154.05
237,0.8412900881871168,0.26322640799843805,0.011540428822780103,0.09984585496211829,1800000,18000000,4712400000,154.70000000000002
238,0.8393981807203689,0.26194903754932436,0.012053139579988213,0.09951358952895295,1800000,18000000,4732200000,155.35
239,0.8393338329520539,0.2660056037306348,0.01137138838430521,0.09918242980336175,1800000,18000000,4752000000,156.0
240,0.8432803336252415,0.25546339949077085,0.010862771097819052,0.09885237210578875,1800000,18000000,4771800000,156.65
241,0.840716734921515,0.25952185877062206,0.011697230129727664,0.09852341276892282,1800000,18000000,4791600000,157.3
242,0.8419829614206554,0.2640980879409866,0.010867493547741332,0.09819554813765684,1800000,18000000,4811400000,157.95000000000002
243,0.8369720215968686,0.26788499640014596,0.00990514957513689,0.09786877456904704,1800000,18000000,4831200000,158.6
244,0.8404247250052425,0.2573891299542324,0.012556655699268641,0.09754308843227269,1800000,18000000,4851000000,159.25
245,0.8406727760859918,0.2563234899881056,0.012131802108572495,0.09721848610859557,1800000,18000000,4870800000,159.9
246,0.8415837078922176,0.25802420623245736,0.010111998980496356,0.09689496399131985,1800000,18000000,4890600000,160.55
247,0.840765475083079,0.26062995700340585,0.013017022243050078,0.09657251848575199,1800000,18000000,4910400000,161.20000000000002
248,0.8393997410241971,0.26277446339284766,0.008975612669892243,0.09625114600916085,1800000,18000000,4930200000,161.85
249,0.8410630231129615,0.26004081098144827,0.012250458720580774,0.09593084299073784,1800000,18000000,4950000000,162.5
250,0.8398606728681363,0.2614467649174179,0.011319822476336509,0.0956116058715572,1800000,18000000,4969800000,163.15
251,0.8396612806337109,0.26427210190978717,0.008547291581287756,0.0952934311045366,1800000,18000000,4989600000,163.8
252,0.8409660880178867,0.26007248659562887,0.010557861904718996,0.09497631515439754,1800000,18000000,5009400000,164.45000000000002
253,0.839679789827595,0.2634601802583892,0.009941468909521531,0.0946602544976262,1800000,18000000,5029200000,165.1
254,0.8397229619859139,0.26141600546299176,0.010171603358699682,0.09434524562243425,1800000,18000000,5049000000,165.75
255,0.8404456746492499,0.25499314610539886,0.008657470644958403,0.09403128502871988,1800000,18000000,5068800000,166.4
256,0.8413782127771973,0.2630112767591535,0.009267174539017695,0.09371836922802874,1800000,18000000,5088600000,167.05
257,0.8408029531687331,0.2632900244526879,0.011168364545294027,0.09340649474351545,1800000,18000000,5108400000,167.70000000000002
258,0.841523000045978,0.2643931317805271,0.011589760271589833,0.09309565810990474,1800000,18000000,5128200000,168.35
259,0.8406075681206316,0.2558287766303795,0.011464986728277617,0.09278585587345302,1800000,18000000,5148000000,169.0
260,0.8410358287234561,0.2509397775709792,0.008796234009514988,0.09247708459191002,1800000,18000000,5167800000,169.65
261,0.8407744332654679,0.26310060025023957,0.010331990276463652,0.09216934083448058,1800000,18000000,5187600000,170.3
262,0.8411639174335502,0.2580369433535095,0.010133271107878653,0.09186262118178642,1800000,18000000,5207400000,170.95000000000002
263,0.8421565424405265,0.2588415077990139,0.010556241483682647,0.09155692222582827,1800000,18000000,5227200000,171.6
264,0.8386028065172593,0.26206403777835524,0.011121811231162433,0.0912522405699479,1800000,18000000,5247000000,172.25
265,0.8393973692156107,0.2578792294720225,0.012256761441175457,0.09094857282879044,1800000,18000000,5266800000,172.9
266,0.8396832598313918,0.25407334238474355,0.011088727005373182,0.09064591562826678,1800000,18000000,5286600000,173.55
267,0.839297633035304,0.26088851825557097,0.010072324498272877,0.090344265605516,1800000,18000000,5306400000,174.20000000000002
268,0.8387875750594515,0.2591307369068151,0.010893280643206299,0.0900436194088681,1800000,18000000,5326200000,174.85
269,0.8410186203967076,0.2522670292748504,0.010912454937197832,0.08974397369780665,1800000,18000000,5346000000,175.5
270,0.8394276330113398,0.25668054791387257,0.01044016327944873,0.08944532514293181,1800000,18000000,5365800000,176.15
271,0.8403255221686838,0.2573082806945927,0.009910524015397841,0.08914767042592323,1800000,18000000,5385600000,176.8
272,0.8415786039874732,0.25906926899311317,0.0096100249929759,0.08885100623950319,1800000,18000000,5405400000,177.45000000000002
273,0.8412318199265335,0.2589997285899713,0.009274597122329663,0.08855532928739991,1800000,18000000,5425200000,178.1
274,0.8417984353319108,0.2612724451133118,0.010468454675259588,0.08826063628431091,1800000,18000000,5445000000,178.75
275,0.8411106169747183,0.2542219302295147,0.010491436625067548,0.08796692395586642,1800000,18000000,5464800000,179.4
276,0.8430387422954745,0.25732876243932984,0.008310224288605061,0.08767418903859311,1800000,18000000,5484600000,180.05
277,0.8406910668244143,0.2661543336880478,0.007668503017579468,0.0873824282798778,1800000,18000000,5504400000,180.70000000000002
278,0.8397284935318418,0.26083689558940604,0.008827160595218377,0.08709163843793126,1800000,18000000,5524200000,181.35
279,0.8430645006054496,0.2561085018992763,0.010765755697583628,0.08680181628175224,1800000,18000000,5544000000,182.0
280,0.8385456302094721,0.2603805141923408,0.01032647553481525,0.08651295859109161,1800000,18000000,5563800000,182.65
281,0.8390523262097704,0.26236676052658403,0.011275051883886148,0.0862250621564165,1800000,18000000,5583600000,183.3
282,0.8414480964905617,0.25732383952916804,0.009056447177098064,0.08593812377887465,1800000,18000000,5603400000,183.95000000000002
283,0.8399765441522956,0.2666323624584366,0.008504328676956118,0.08565214027025891,1800000,18000000,5623200000,184.6
284,0.8410163504590507,0.26240923600860094,0.009830718643666265,0.08536710845297184,1800000,18000000,5643000000,185.25
285,0.8419046771005828,0.25854575043846534,0.009425028267540726,0.08508302515999028,1800000,18000000,5662800000,185.9
286,0.8388295968775225,0.26729887271448516,0.009999285520831291,0.08479988723483026,1800000,18000000,5682600000,186.55
287,0.838012117166134,0.26488565018077126,0.009395678326964006,0.08451769153151197,1800000,18000000,5702400000,187.20000000000002
288,0.8412145910322342,0.25359536675152256,0.01093442265836464,0.08423643491452465,1800000,18000000,5722200000,187.85
289,0.8373492948212451,0.2674131339298467,0.008982313028194706,0.08395611425879189,1800000,18000000,5742000000,188.5
290,0.839863323952853,0.2617343685148668,0.009370703180513812,0.08367672644963688,1800000,18000000,5761800000,189.15
291,0.8398755967737205,0.2680898048001691,0.010342682629821954,0.08339826838274775,1800000,18000000,5781600000,189.8
292,0.8404806434541152,0.26032216913721407,0.009833208438731101,0.08312073696414307,1800000,18000000,5801400000,190.45000000000002
293,0.8423066426769069,0.25164537630693073,0.01103883494196051,0.08284412911013761,1800000,18000000,5821200000,191.1
294,0.8380899270249592,0.2620767502146062,0.008080871348878409,0.0825684417473079,1800000,18000000,5841000000,191.75
295,0.83946773207967,0.25608904693351453,0.008257465666812472,0.08229367181245818,1800000,18000000,5860800000,192.4
296,0.8404560965393011,0.2579020299683099,0.009571216983981907,0.08201981625258635,1800000,18000000,5880600000,193.05
297,0.8385878846533005,0.26322412003536394,0.010299858891030828,0.08174687202485005,1800000,18000000,5900400000,193.70000000000002
298,0.8401212831845777,0.2604566892217001,0.0090644423489232,0.08147483609653282,1800000,18000000,5920200000,194.35
299,0.8386781977873684,0.25852702041319336,0.008656777902379642,0.08120370544501043,1800000,18000000,5940000000,195.0
300,0.8392448902083027,0.25544765588137447,0.00875265455377658,0.08093347705771732,1800000,18000000,5959800000,195.65
301,0.8388941799554139,0.26088749244422244,0.009444883122207422,0.08066414793211302,1800000,18000000,5979600000,196.3
302,0.8402516926082257,0.25887940379365115,0.008816700989236858,0.080395715075649,1800000,18000000,5999400000,196.95000000000002
303,0.8403509802604824,0.2560299372145392,0.010227436198682728,0.08012817550573513,1800000,18000000,6019200000,197.6
304,0.8404081980620045,0.2597900664158069,0.008826264330987819,0.0798615262497068,1800000,18000000,6039000000,198.25
305,0.8418032479635416,0.2548798206804138,0.00961751546453963,0.07959576434479178,1800000,18000000,6058800000,198.9
306,0.8383303759586181,0.2588279923450001,0.009881139544831953,0.07933088683807722,1800000,18000000,6078600000,199.55
307,0.8410984882258041,0.2557924410261611,0.008979060245991008,0.07906689078647704,1800000,18000000,6098400000,200.20000000000002
308,0.8396803006068506,0.2562380559944585,0.009007305352009496,0.07880377325669904,1800000,18000000,6118200000,200.85
309,0.8406782080509618,0.2596197874192496,0.007557333741774933,0.07854153132521242,1800000,18000000,6138000000,201.5
310,0.8406304060078756,0.2608357389546003,0.007827366637498608,0.07828016207821521,1800000,18000000,6157800000,202.15
311,0.8388875496290881,0.2619219806568151,0.007677239842444427,0.07801966261160202,1800000,18000000,6177600000,202.8
312,0.8423222778319504,0.25806420925508705,0.008040930028070954,0.07776003003093164,1800000,18000000,6197400000,203.45000000000002
313,0.8394683964020073,0.263803183934884,0.007684470873405988,0.07750126145139492,1800000,18000000,6217200000,204.1
314,0.8404248576635979,0.25790712134842253,0.008783939767849367,0.07724335399778277,1800000,18000000,6237000000,204.75
315,0.8404119221611658,0.2551096200818451,0.008727070182363626,0.07698630480445418,1800000,18000000,6256800000,205.4
316,0.8372374927498927,0.2661382294849363,0.008737861819462765,0.07673011101530436,1800000,18000000,6276600000,206.05
317,0.8386760594849954,0.2613690512925198,0.009673156493552153,0.07647476978373298,1800000,18000000,6296400000,206.70000000000002
318,0.8411872235391732,0.2580682017145923,0.009679159300961086,0.07622027827261263,1800000,18000000,6316200000,207.35
319,0.8388588854254306,0.2639160211832564,0.008944455747305872,0.07596663365425728,1800000,18000000,6336000000,208.0
320,0.839906571181882,0.2657107675032938,0.009017190506936928,0.07571383311039072,1800000,18000000,6355800000,208.65
321,0.8398275419629775,0.2611934738102565,0.006819544475244292,0.07546187383211546,1800000,18000000,6375600000,209.3
322,0.8429608283672337,0.2614006168551305,0.008083793058961291,0.07521075301988138,1800000,18000000,6395400000,209.95000000000002
323,0.8414143325154523,0.2599734732756571,0.008664992074137604,0.07496046788345459,1800000,18000000,6415200000,210.6
324,0.8413467734918345,0.25755118135059263,0.010754624741667548,0.0747110156418866,1800000,18000000,6435000000,211.25
325,0.8379995988864574,0.26670423833551593,0.006705849612742468,0.07446239352348329,1800000,18000000,6454800000,211.9
326,0.841721686043651,0.2626166229627337,0.0073971671107851,0.07421459876577408,1800000,18000000,6474600000,212.55
327,0.8418837393357084,0.25704198381596066,0.006515493053614568,0.07396762861548134,1800000,18000000,6494400000,213.20000000000002
328,0.8409388377465212,0.25751694464986635,0.007033570663078403,0.07372148032848977,1800000,18000000,6514200000,213.85
329,0.840007204393127,0.25732352258272934,0.008569118064176444,0.07347615116981583,1800000,18000000,6534000000,214.5
330,0.8399171595295977,0.2646748149606193,0.0074913672871530015,0.07323163841357751,1800000,18000000,6553800000,215.15
331,0.837114389605949,0.26576897998872484,0.008005850216536537,0.07298793934296385,1800000,18000000,6573600000,215.8
332,0.8391409945622816,0.2613914801807722,0.00927778745682972,0.0727450512502049,1800000,18000000,6593400000,216.45000000000002
333,0.8412906687534379,0.2547769793865886,0.009130448156128929,0.0725029714365416,1800000,18000000,6613200000,217.1
334,0.8409346490789341,0.2611968439099544,0.0075128293591583154,0.07226169721219572,1800000,18000000,6633000000,217.75
335,0.8400803123295034,0.2641638974819886,0.007366369542570653,0.07202122589634008,1800000,18000000,6652800000,218.4
336,0.8382014403496879,0.26263273093795575,0.007610334926270328,0.07178155481706869,1800000,18000000,6672600000,219.05
337,0.8431703908512894,0.2565694459619749,0.007136275132257416,0.0715426813113671,1800000,18000000,6692400000,219.70000000000002
338,0.8426154978106649,0.2543626758694071,0.008015218997753084,0.07130460272508277,1800000,18000000,6712200000,220.35
339,0.8393346440278474,0.260116640566356,0.0070585067180142826,0.07106731641289565,1800000,18000000,6732000000,221.0
340,0.8409959940852164,0.2621114911171391,0.007868009530997424,0.0708308197382887,1800000,18000000,6751800000,221.65
341,0.8430733648447024,0.256789957042229,0.007555577545400935,0.07059511007351867,1800000,18000000,6771600000,222.3
342,0.8416064240709417,0.25665963491880317,0.007728915636553196,0.07036018479958688,1800000,18000000,6791400000,222.95000000000002
343,0.841974462547898,0.25681280460235173,0.007993139985291163,0.07012604130621002,1800000,18000000,6811200000,223.6
344,0.8423256958338463,0.2605281653187742,0.006980426275695396,0.06989267699179139,1800000,18000000,6831000000,224.25
345,0.8389853551828064,0.2625701195529467,0.006171185905864718,0.06966008926339172,1800000,18000000,6850800000,224.9
346,0.8400691119186607,0.26007614298295334,0.007208388711691733,0.06942827553670051,1800000,18000000,6870600000,225.55
347,0.8408747183126453,0.26426358071596884,0.006777863385161945,0.06919723323600736,1800000,18000000,6890400000,226.20000000000002
348,0.8427004473010443,0.2616828014851878,0.006133789695064253,0.06896695979417317,1800000,18000000,6910200000,226.85
349,0.8392087487679339,0.2606546910731887,0.008007441424419703,0.06873745265260178,1800000,18000000,6930000000,227.5
350,0.8397039396692006,0.2582449624059949,0.007202452342256822,0.06850870926121148,1800000,18000000,6949800000,228.15
351,0.8414320629062717,0.255598707748589,0.005615280270379531,0.06828072707840671,1800000,18000000,6969600000,228.8
352,0.8395429952131152,0.2616368502955294,0.008166366082718611,0.06805350357104971,1800000,18000000,6989400000,229.45000000000002
353,0.8419085460361966,0.25576603125408176,0.007994091186553847,0.06782703621443252,1800000,18000000,7009200000,230.1
354,0.8411298664593538,0.25928265611086715,0.007834733116651808,0.06760132249224887,1800000,18000000,7029000000,230.75
355,0.8400576457119652,0.2596193162682287,0.0077764649653506174,0.06737635989656618,1800000,18000000,7048800000,231.4
356,0.8433751186842224,0.259746965591346,0.007879591099250755,0.06715214592779772,1800000,18000000,7068600000,232.05
357,0.8389258833356275,0.2607679301827904,0.007011642399674737,0.0669286780946749,1800000,18000000,7088400000,232.70000000000002
358,0.8367502598852559,0.26203779774959035,0.005549863925924567,0.06670595391421945,1800000,18000000,7108200000,233.35
359,0.8378707030633311,0.2650641913261745,0.00676613380277869,0.066483970911716,1800000,18000000,7128000000,234.0
360,0.8374332828082949,0.2625665207026382,0.008756763178602592,0.06626272662068447,1800000,18000000,7147800000,234.65
361,0.8389375600275435,0.2604433824748656,0.007480709341261377,0.06604221858285264,1800000,18000000,7167600000,235.3
362,0.838994448334687,0.2636302703894245,0.005976804727010338,0.06582244434812895,1800000,18000000,7187400000,235.95000000000002
363,0.8396873712104137,0.26247685054323033,0.00684677344510378,0.06560340147457523,1800000,18000000,7207200000,236.6
364,0.8427594300379734,0.26430019076367856,0.008779376478562065,0.06538508752837947,1800000,18000000,7227000000,237.25
365,0.8390538758112409,0.25950595844367225,0.006254324209626334,0.06516750008382895,1800000,18000000,7246800000,237.9
366,0.8401389618556998,0.2614193710864953,0.005056247934121588,0.06495063672328313,1800000,18000000,7266600000,238.55
367,0.8415502529693181,0.258635423713846,0.006424596110697516,0.0647344950371469,1800000,18000000,7286400000,239.20000000000002
368,0.8412622501079483,0.26290657269422824,0.00713418704503253,0.06451907262384375,1800000,18000000,7306200000,239.85
369,0.8418127870807823,0.252078698033529,0.004551216780096405,0.06430436708978908,1800000,18000000,7326000000,240.5
370,0.8392995631680372,0.26323388375936285,0.006908947740214794,0.06409037604936363,1800000,18000000,7345800000,241.15
371,0.8403166383644011,0.259259337669152,0.006821873190019565,0.063877097124887,1800000,18000000,7365600000,241.8
372,0.8391165506375292,0.25764362196984475,0.0076896193038283964,0.06366452794659114,1800000,18000000,7385400000,242.45000000000002
373,0.8407986676363027,0.25824594044479626,0.005857599626635901,0.06345266615259412,1800000,18000000,7405200000,243.1
374,0.8392822562886953,0.26146700018066793,0.007953216343645523,0.06324150938887384,1800000,18000000,7425000000,243.75
375,0.8415023008082635,0.26308222385971297,0.0066754815066023395,0.06303105530924182,1800000,18000000,7444800000,244.4
376,0.840294333386545,0.25566713890955245,0.005359500592746743,0.06282130157531728,1800000,18000000,7464600000,245.05
377,0.841871377322454,0.2572250061010999,0.007450253392045757,0.06261224585650099,1800000,18000000,7484400000,245.70000000000002
378,0.8402387992555027,0.26205132459681507,0.006539535802016547,0.06240388582994949,1800000,18000000,7504200000,246.35
379,0.8385259359352677,0.26079437417389706,0.007912698706720239,0.06219621918054922,1800000,18000000,7524000000,247.0
380,0.8396928171909372,0.2537872832898547,0.006431486629261014,0.061989243600890837,1800000,18000000,7543800000,247.65
381,0.8369223375634487,0.26202194940028595,0.0071389027294946105,0.06178295679124355,1800000,18000000,7563600000,248.3
382,0.8398336044135306,0.2652402135170186,0.008117373456676477,0.06157735645952957,1800000,18000000,7583400000,248.95000000000002
383,0.8401852317911429,0.25757275378684286,0.006621960961303443,0.061372440321298655,1800000,18000000,7603200000,249.60000000000002
384,0.8411060509626724,0.2603961776702243,0.007048681863615386,0.06116820609970271,1800000,18000000,7623000000,250.25
385,0.8418439143262604,0.26048332200938706,0.007445309432051057,0.0609646515254705,1800000,18000000,7642800000,250.9
386,0.8411046627298047,0.2599430387318687,0.0050819943184919865,0.060761774336882464,1800000,18000000,7662600000,251.55
387,0.8415497631667692,0.2558414115820754,0.005450964459667725,0.06055957227974552,1800000,18000000,7682400000,252.20000000000002
388,0.8425043156905395,0.2570515026716487,0.007442004315629907,0.06035804310736805,1800000,18000000,7702200000,252.85000000000002
389,0.8430808549016545,0.2549242193566802,0.006416622891442074,0.060157184580534956,1800000,18000000,7722000000,253.5
390,0.8416353851585819,0.26155129748481115,0.00780219548182062,0.05995699446748277,1800000,18000000,7741800000,254.15
391,0.8413762649854417,0.2627101545573965,0.006552628479176771,0.05975747054387485,1800000,18000000,7761600000,254.8
392,0.8412531518782118,0.26137590431177,0.006399519595037052,0.05955861059277665,1800000,18000000,7781400000,255.45000000000002
393,0.8402782454051587,0.26189835100526504,0.005754610744823674,0.0593604124046311,1800000,18000000,7801200000,256.1
394,0.8431304505906161,0.2541493723292748,0.007479427081633401,0.0591628737772341,1800000,18000000,7821000000,256.75
395,0.8407400412570945,0.25692215339285696,0.00504390085215535,0.05896599251570996,1800000,18000000,7840800000,257.40000000000003
396,0.8387327711583343,0.2647572474452596,0.005528382285958468,0.058769766432487075,1800000,18000000,7860600000,258.05
397,0.8403556788204563,0.25685918620022585,0.006126114850971848,0.05857419334727365,1800000,18000000,7880400000,258.7
398,0.8417774941765971,0.2583233895527487,0.0066950890915789315,0.05837927108703333,1800000,18000000,7900200000,259.35
399,0.8410141743889854,0.26075461775945463,0.007168686182070672,0.05818499748596127,1800000,18000000,7920000000,260.0
400,0.8411214738388502,0.262065544786762,0.006637084879583322,0.05799137038545989,1800000,18000000,7939800000,260.65000000000003
401,0.8380487517344531,0.2682634554739193,0.0062140944515838665,0.05779838763411496,1800000,18000000,7959600000,261.3
402,0.8412220138511557,0.26320977632655385,0.005843577073661162,0.05760604708767172,1800000,18000000,7979400000,261.95
403,0.8388318008098649,0.2623399383586835,0.006907613206334127,0.057414346609011,1800000,18000000,7999200000,262.6
404,0.8424357735718185,0.2568927117785382,0.0057901196464529596,0.05722328406812549,1800000,18000000,8019000000,263.25
405,0.8426237694695545,0.2597265519945606,0.006101612469527116,0.05703285734209613,1800000,18000000,8038800000,263.90000000000003
406,0.8396698012061005,0.2604160297578539,0.0055726817976119,0.05684306431506844,1800000,18000000,8058600000,264.55
407,0.8412859679304736,0.25744987304771016,0.006529183618249973,0.05665390287822906,1800000,18000000,8078400000,265.2
408,0.8411369539051915,0.25811661522312157,0.008657662942922039,0.056465370929782294,1800000,18000000,8098200000,265.85
409,0.8394838891079556,0.2610318449285849,0.006408014722474264,0.05627746637492678,1800000,18000000,8118000000,266.5
410,0.8402520249907718,0.25749624707950136,0.005756728239191497,0.05609018712583219,1800000,18000000,8137800000,267.15000000000003
411,0.8391279793548874,0.26040052227284244,0.007603627028474405,0.05590353110161606,1800000,18000000,8157600000,267.8
412,0.8384370077071952,0.2612026784255488,0.005131183178788013,0.05571749622832065,1800000,18000000,8177400000,268.45
413,0.8382110838585974,0.26388317512805864,0.007073244827415921,0.05553208043888989,1800000,18000000,8197200000,269.1
414,0.8398924594709505,0.25659039689789626,0.004842085900103099,0.05534728167314643,1800000,18000000,8217000000,269.75
415,0.8399376136963108,0.2609173092211208,0.006106081349469816,0.05516309787776877,1800000,18000000,8236800000,270.40000000000003
416,0.8390884842676501,0.2619581944040311,0.007446267655855813,0.05497952700626836,1800000,18000000,8256600000,271.05
417,0.8393297484956207,0.26147294147081096,0.0058159939167462815,0.054796567018967006,1800000,18000000,8276400000,271.7
418,0.8398475963775841,0.25978990075165814,0.005345506220436903,0.05461421588297405,1800000,18000000,8296200000,272.35
419,0.8401155700116069,0.2643560615645206,0.0052032996825103,0.05443247157216389,1800000,18000000,8316000000,273.0
420,0.8405466623362599,0.26077872345085956,0.005486330887430408,0.05425133206715343,1800000,18000000,8335800000,273.65000000000003
421,0.8421351498339882,0.25276335925773974,0.0035618546667295792,0.05407079535527962,1800000,18000000,8355600000,274.3
422,0.8422874146930017,0.2526537161035726,0.006614780898865825,0.05389085943057717,1800000,18000000,8375400000,274.95
423,0.841947336540295,0.2561279848036168,0.006095158893373306,0.05371152229375616,1800000,18000000,8395200000,275.6
424,0.8421292263995922,0.25892548012710315,0.006381769740444292,0.053532781952179885,1800000,18000000,8415000000,276.25
425,0.8407563664406819,0.2540022701230004,0.006494221171623719,0.05335463641984271,1800000,18000000,8434800000,276.90000000000003
426,0.8385803625976246,0.2587850336809811,0.006019287753518949,0.05317708371734802,1800000,18000000,8454600000,277.55
427,0.8422943311259937,0.25778911122584386,0.00635430714604299,0.05300012187188616,1800000,18000000,8474400000,278.2
428,0.8408969845390976,0.2580592839158411,0.007498719786926479,0.05282374891721258,1800000,18000000,8494200000,278.85
429,0.8399231247972173,0.26460821731889694,0.005023225861359199,0.052647962893626,1800000,18000000,8514000000,279.5
430,0.837865669622268,0.26267159102970605,0.006745014270062201,0.05247276184794653,1800000,18000000,8533800000,280.15000000000003
431,0.8416943123953254,0.2616620258286695,0.0052688702538133125,0.05229814383349411,1800000,18000000,8553600000,280.8
432,0.8387150527859917,0.26261302581620244,0.005820717711355615,0.05212410691006679,1800000,18000000,8573400000,281.45
433,0.8419382507597322,0.26019912933654477,0.006341510432040829,0.051950649143919156,1800000,18000000,8593200000,282.1
434,0.8408226016001018,0.25492911329416773,0.007655578563747396,0.05177776860774092,1800000,18000000,8613000000,282.75
435,0.8419469801520648,0.2581145037777052,0.005431393399418797,0.051605463380635486,1800000,18000000,8632800000,283.40000000000003
436,0.8392722510567285,0.2624041019760244,0.004537627713590299,0.05143373154809852,1800000,18000000,8652600000,284.05
437,0.8406953149645175,0.2573959836886879,0.007107444067820973,0.051262571201996794,1800000,18000000,8672400000,284.7
438,0.8415461313809359,0.25214339737982233,0.0057348055498144535,0.05109198044054694,1800000,18000000,8692200000,285.35
439,0.8381155660142005,0.26518409671662924,0.0058884564243957375,0.05092195736829428,1800000,18000000,8712000000,286.0
440,0.8422159338781522,0.2584787222208037,0.007096110658523698,0.05075250009609183,1800000,18000000,8731800000,286.65000000000003
441,0.8409517979416635,0.2530424519186515,0.005914860441132885,0.05058360674107924,1800000,18000000,8751600000,287.3
442,0.8414870234792643,0.25893639059827595,0.00477603146808333,0.05041527542666197,1800000,18000000,8771400000,287.95
443,0.8405681194535949,0.2661256137520908,0.00843741203880058,0.05024750428249035,1800000,18000000,8791200000,288.6
444,0.838244712481266,0.2610862188117926,0.003792228620084513,0.050080291444438804,1800000,18000000,8811000000,289.25
445,0.8405628066889871,0.2604236421961526,0.0062639176916021045,0.0499136350545852,1800000,18000000,8830800000,289.90000000000003
446,0.840821383492342,0.2609667485110749,0.005231588474222338,0.04974753326119018,1800000,18000000,8850600000,290.55
447,0.8408457126028996,0.25283382617423,0.004676572385544101,0.04958198421867652,1800000,18000000,8870400000,291.2
448,0.8407284350765579,0.26137945546430097,0.005305409104856804,0.04941698608760872,1800000,18000000,8890200000,291.85
449,0.8385871258944511,0.26171644403141686,0.003634032654314838,0.04925253703467255,1800000,18000000,8910000000,292.5
450,0.8412750840724305,0.2612501893105746,0.0050090063027407655,0.04908863523265456,1800000,18000000,8929800000,293.15000000000003
451,0.8410446589841556,0.2657606828436206,0.005579208504417579,0.04892527886042197,1800000,18000000,8949600000,293.8
452,0.8377746849024282,0.2589414875762192,0.005020132796849899,0.048762466102902295,1800000,18000000,8969400000,294.45
453,0.8418604519647322,0.25601902508282925,0.004507997943536157,0.0486001951510632,1800000,18000000,8989200000,295.1
454,0.8408023673934675,0.25875228540747613,0.004182247524984112,0.04843846420189246,1800000,18000000,9009000000,295.75
455,0.8388188684354065,0.2627980120896874,0.002970224522726759,0.04827727145837786,1800000,18000000,9028800000,296.40000000000003
456,0.8439517312091649,0.26284462118409746,0.005682072770140952,0.04811661512948724,1800000,18000000,9048600000,297.05
457,0.8387817345509538,0.26165560211715766,0.004654251560654941,0.047956493430148656,1800000,18000000,9068400000,297.7
458,0.8396990676579056,0.25326153135215224,0.004242777124777717,0.047796904581230454,1800000,18000000,9088200000,298.35
459,0.8378079298686402,0.25918935620828654,0.0038130336204867544,0.04763784680952156,1800000,18000000,9108000000,299.0
460,0.8412849270978996,0.2555459924527205,0.00524291492413797,0.04747931834771174,1800000,18000000,9127800000,299.65000000000003
461,0.8385388354398129,0.2568903071025178,0.004596028260965406,0.04732131743437206,1800000,18000000,9147600000,300.3
462,0.8410026321977528,0.25847860506865983,0.0040519094104663565,0.047163842313935146,1800000,18000000,9167400000,300.95
463,0.8401374397147581,0.2562532747513976,0.00517803407066191,0.04700689123667585,1800000,18000000,9187200000,301.6
464,0.8411958953544821,0.25775912775213855,0.005919447343718335,0.04685046245869167,1800000,18000000,9207000000,302.25
465,0.8405538638946278,0.2645699402847084,0.002893828079859428,0.04669455424188347,1800000,18000000,9226800000,302.90000000000003
466,0.8406323109064628,0.25486033063261265,0.004592695768500246,0.04653916485393615,1800000,18000000,9246600000,303.55
467,0.8417036593631572,0.2555652777610844,0.003124355425335684,0.046384292568299325,1800000,18000000,9266400000,304.2
468,0.8408127662093169,0.2544892303915136,0.003918558876266295,0.04622993566416824,1800000,18000000,9286200000,304.85
469,0.8419893450811898,0.2571728743492338,0.005318467731986395,0.046076092426464606,1800000,18000000,9306000000,305.5
470,0.8377238135732589,0.2603010254710678,0.005550417344309453,0.04592276114581752,1800000,18000000,9325800000,306.15000000000003
471,0.8411755282369617,0.2580166438631016,0.0032098570154044754,0.0457699401185445,1800000,18000000,9345600000,306.8
472,0.8386746590808187,0.2641388566456918,0.004946359668240936,0.04561762764663259,1800000,18000000,9365400000,307.45
473,0.8407327344307696,0.255488462528871,0.005403677907827032,0.045465822037719386,1800000,18000000,9385200000,308.1
474,0.8409228259287941,0.25692013073022996,0.003571181556691994,0.045314521605074355,1800000,18000000,9405000000,308.75
475,0.838778758081226,0.257467084414105,0.005113938666655458,0.04516372466758004,1800000,18000000,9424800000,309.40000000000003
476,0.8427817821780221,0.2648100535487842,0.005632445019203236,0.04501342954971334,1800000,18000000,9444600000,310.05
477,0.8405805183731018,0.25944094931014355,0.003374505207496034,0.04486363458152695,1800000,18000000,9464400000,310.7
478,0.840909392434401,0.2591296209334893,0.0035211204640620422,0.044714338098630825,1800000,18000000,9484200000,311.35
479,0.8394392570711409,0.2609056395781294,0.005377115965726698,0.04456553844217358,1800000,18000000,9504000000,312.0
480,0.8404114513177308,0.26454076667347104,0.00491974399607611,0.04441723395882419,1800000,18000000,9523800000,312.65000000000003
481,0.8426365970348532,0.2537093531265781,0.005538352157796695,0.04426942300075353,1800000,18000000,9543600000,313.3
482,0.839218813410161,0.26103692611824636,0.004267842769919409,0.04412210392561611,1800000,18000000,9563400000,313.95
483,0.8410883040488905,0.25335417882087347,0.004780763185838947,0.04397527509653179,1800000,18000000,9583200000,314.6
484,0.842228183035052,0.2605392975454409,0.003274267629185886,0.043828934882067634,1800000,18000000,9603000000,315.25
485,0.8395740351444784,0.259357796019616,0.004633598965670279,0.043683081656219744,1800000,18000000,9622800000,315.90000000000003
486,0.8435569883786711,0.2585461069212054,0.00424926669797045,0.043537713798395224,1800000,18000000,9642600000,316.55
487,0.8402936002610856,0.2574582549113379,0.007116350716747688,0.04339282969339417,1800000,18000000,9662400000,317.2
488,0.8386958375839767,0.2537366946108714,0.0032344026806269527,0.04324842773139169,1800000,18000000,9682200000,317.85
489,0.8414990132803061,0.2576144833978675,0.004942961863867107,0.04310450630792006,1800000,18000000,9702000000,318.5
490,0.8402390082125867,0.2621596725710925,0.005302011129337168,0.04296106382385086,1800000,18000000,9721800000,319.15000000000003
491,0.8409940668181343,0.25984227780422625,0.0039085889241242296,0.042818098685377254,1800000,18000000,9741600000,319.8
492,0.8388889164530179,0.26219375297273106,0.004033512084466419,0.04267560930399622,1800000,18000000,9761400000,320.45
493,0.8419645598768547,0.2590865795878386,0.0035717209134155446,0.04253359409649095,1800000,18000000,9781200000,321.1
494,0.8408292554706805,0.26069585051692773,0.004786244241193769,0.04239205148491322,1800000,18000000,9801000000,321.75
495,0.8400749731390648,0.2649261287876199,0.005101929973876479,0.04225097989656591,1800000,18000000,9820800000,322.40000000000003
496,0.8435076605224756,0.26119108424976734,0.0031202793013422186,0.042110377763985456,1800000,18000000,9840600000,323.05
497,0.8423775779327464,0.25550283488835834,0.00419860521616422,0.041970243524924504,1800000,18000000,9860400000,323.7
498,0.8421233898415179,0.2588933975696173,0.003601221821249978,0.04183057562233452,1800000,18000000,9880200000,324.35
499,0.8418461653798497,0.2600585754665195,0.0027925478218168566,0.04169137250434846,1800000,18000000,9900000000,325.0
500,0.8431048106736978,0.2569145808002121,0.004168320143540379,0.041552632624263605,1800000,18000000,9919800000,325.65000000000003
501,0.8412384053744894,0.2583405315094874,0.00520029918300828,0.0414143544405243,1800000,18000000,9939600000,326.3
502,0.8377163353462731,0.2668347771541577,0.004347287397352363,0.04127653641670483,1800000,18000000,9959400000,326.95
503,0.8403177956195123,0.2612067719129154,0.005465002985283735,0.04113917702149243,1800000,18000000,9979200000,327.6
504,0.8414105859319088,0.254938218200284,0.004887511470693738,0.04100227472867019,1800000,18000000,9999000000,328.25
505,0.8400133276693539,0.26048437465735946,0.003956581033491448,0.0408658280171001,1800000,18000000,10018800000,328.90000000000003
506,0.8397856044691024,0.25641070214777834,0.002949097783302729,0.04072983537070618,1800000,18000000,10038600000,329.55
507,0.8409280486527907,0.2595282770297743,0.0041181787962391875,0.04059429527845764,1800000,18000000,10058400000,330.2
508,0.8389238129290335,0.2610761663617754,0.003109182742732511,0.04045920623435205,1800000,18000000,10078200000,330.85
509,0.8402849263811337,0.2622924824710597,0.002874886689832967,0.040324566737398634,1800000,18000000,10098000000,331.5
510,0.8413554632320417,0.264526980141495,0.003596270216599237,0.040190375291601625,1800000,18000000,10117800000,332.15000000000003
511,0.8400830915060425,0.2588443078372948,0.003157411290161087,0.04005663040594355,1800000,18000000,10137600000,332.8
512,0.8426223078877775,0.2584586343657692,0.005950949750003206,0.03992333059436875,1800000,18000000,10157400000,333.45
513,0.8399978471020012,0.26370133590869305,0.004927294099059268,0.03979047437576686,1800000,18000000,10177200000,334.1
514,0.8384614429098541,0.26162178151945203,0.003114948388301532,0.039658060273956276,1800000,18000000,10197000000,334.75
515,0.8377773104302356,0.2628720584912842,0.0033684226490815566,0.039526086817667866,1800000,18000000,10216800000,335.40000000000003
516,0.8381672312614398,0.26116048612152504,0.004234200057531018,0.03939455254052851,1800000,18000000,10236600000,336.05
517,0.8387956795171088,0.25798041412863143,0.0031852976813415944,0.039263455981044894,1800000,18000000,10256400000,336.7
518,0.8391929914275222,0.26333258148564087,0.003662177160141354,0.039132795682587256,1800000,18000000,10276200000,337.35
519,0.8405793458600563,0.26642820221121677,0.0059749745947346375,0.03900257019337312,1800000,18000000,10296000000,338.0
520,0.8383829298145558,0.26641585177486826,0.0046468038370040335,0.03887277806645128,1800000,18000000,10315800000,338.65000000000003
521,0.8392574924452304,0.25445757237826105,0.00510882669544719,0.03874341785968567,1800000,18000000,10335600000,339.3
522,0.8387814917239452,0.2647492157076006,0.003231613466919642,0.03861448813573931,1800000,18000000,10355400000,339.95
523,0.8406203634416043,0.258490472243162,0.0031254261348530868,0.0384859874620584,1800000,18000000,10375200000,340.6
524,0.8396546946750404,0.2636084957455974,0.004857417979223283,0.03835791441085635,1800000,18000000,10395000000,341.25
525,0.840024923829576,0.26183407012061755,0.0026218776662780656,0.03823026755909793,1800000,18000000,10414800000,341.90000000000003
526,0.8412425445000447,0.26252802495516064,0.0027980709115523936,0.038103045488483485,1800000,18000000,10434600000,342.55
527,0.8396835164316672,0.2582533368587824,0.0050166156729669915,0.03797624678543314,1800000,18000000,10454400000,343.2
528,0.8388131573000034,0.2594465961433937,0.004844482283520834,0.03784987004107112,1800000,18000000,10474200000,343.85
529,0.8420898915272929,0.2590129457675103,0.0045842974129403835,0.03772391385121006,1800000,18000000,10494000000,344.5
530,0.8417495667147218,0.2623607051942779,0.0031034278362862874,0.03759837681633546,1800000,18000000,10513800000,345.15000000000003
531,0.8391126886802949,0.2635471674840735,0.003781336772219462,0.037473257541590074,1800000,18000000,10533600000,345.8
532,0.8394151679293412,0.25595136736950674,0.004588354433768326,0.03734855463675846,1800000,18000000,10553400000,346.45
533,0.8408010471400336,0.2609292904499537,0.004932702136820311,0.037224266716251495,1800000,18000000,10573200000,347.1
534,0.8418901777795459,0.2602123379345752,0.0017559400437085564,0.037100392399091006,1800000,18000000,10593000000,347.75
535,0.8389499026534898,0.2635549624753362,0.0033303217240762454,0.03697693030889443,1800000,18000000,10612800000,348.40000000000003
536,0.8420938398706803,0.2569865038259849,0.0026473354647270626,0.03685387907385949,1800000,18000000,10632600000,349.05
537,0.8436070588659428,0.2603309680944008,0.0009399473450504695,0.036731237326748954,1800000,18000000,10652400000,349.7
538,0.839533192725496,0.26342761135358134,0.00449452261419268,0.036609003704875506,1800000,18000000,10672200000,350.35
539,0.843227102654527,0.25517998432082345,0.002710215303192309,0.036487176850086525,1800000,18000000,10692000000,351.0
540,0.8424689900062268,0.2599869714602459,0.0025492559294442094,0.036365755408749034,1800000,18000000,10711800000,351.65000000000003
541,0.8416820197424361,0.2550707009796631,0.0031875556189761203,0.036244738031734676,1800000,18000000,10731600000,352.3
542,0.8403244914157275,0.2608591146794783,0.0029076253699714585,0.03612412337440466,1800000,18000000,10751400000,352.95
543,0.8412854532893795,0.2548920507188883,0.004023989681923976,0.03600391009659489,1800000,18000000,10771200000,353.6
544,0.8412490792804386,0.25569453781774354,0.0048142009458639196,0.035884096862601064,1800000,18000000,10791000000,354.25
545,0.8417710006711532,0.25649519488378714,0.0032016502504659027,0.03576468234116376,1800000,18000000,10810800000,354.90000000000003
546,0.8413355105559677,0.25722982038203707,0.004862513532268455,0.035645665205453765,1800000,18000000,10830600000,355.55
547,0.8386306650159249,0.2605975518383633,0.003276034300237861,0.035527044133057226,1800000,18000000,10850400000,356.2
548,0.8418869989380307,0.2567424083617908,0.0035105903550038163,0.035408817805960995,1800000,18000000,10870200000,356.85
549,0.8408926912301102,0.258505020139251,0.0027768370840564006,0.035290984910538004,1800000,18000000,10890000000,357.5
550,0.8399578301661128,0.2622175449768891,0.005406985257802166,0.03517354413753266,1800000,18000000,10909800000,358.15000000000003
551,0.8401994713748071,0.26153029653286286,0.0014095994481412326,0.03505649418204626,1800000,18000000,10929600000,358.8
552,0.8400753780478156,0.2657896842158014,0.00442992504282785,0.03493983374352255,1800000,18000000,10949400000,359.45
553,0.8402917598129405,0.2554129524563781,0.002737325724062864,0.03482356152573324,1800000,18000000,10969200000,360.1
554,0.8380074688479895,0.26344429946006037,0.002958980089922833,0.03470767623676358,1800000,18000000,10989000000,360.75
555,0.8397698323341566,0.2589088754096311,0.0022438488672526834,0.034592176588998075,1800000,18000000,11008800000,361.40000000000003
556,0.8366705642911614,0.26465430657533434,0.003285412876081151,0.03447706129910612,1800000,18000000,11028600000,362.05
557,0.8406941175760921,0.2649558527946643,0.002711069658391734,0.03436232908802773,1800000,18000000,11048400000,362.7
558,0.8411869860034025,0.2561842604073715,0.00392983217322311,0.034247978680959405,1800000,18000000,11068200000,363.35
559,0.8380945633032965,0.25930764215640545,0.0021307841707647063,0.03413400880733988,1800000,18000000,11088000000,364.0
560,0.8422192890238961,0.25978256923818166,0.0025643169286117306,0.03402041820083606,1800000,18000000,11107800000,364.65000000000003
561,0.8426571239766947,0.25631763956064185,0.003769480262821671,0.03390720559932891,1800000,18000000,11127600000,365.3
562,0.8387178011389343,0.25720760826225514,0.003232363360823218,0.033794369744899494,1800000,18000000,11147400000,365.95
563,0.8414309487407428,0.2568806687433409,0.0027656176686868834,0.033681909383814906,1800000,18000000,11167200000,366.6
564,0.8431417250730566,0.2584585423687415,0.003846776798071809,0.033569823266514455,1800000,18000000,11187000000,367.25
565,0.8413083963333273,0.2569366987104112,0.0029453295094460452,0.03345811014759566,1800000,18000000,11206800000,367.90000000000003
566,0.841659530290523,0.2548065118047327,0.0027486923582072946,0.03334676878580049,1800000,18000000,11226600000,368.55
567,0.8413853248340312,0.26238935708985034,0.002886783142668843,0.03323579794400159,1800000,18000000,11246400000,369.2
568,0.840817581841168,0.25960159772485886,0.0037749161661549493,0.03312519638918843,1800000,18000000,11266200000,369.85
569,0.8411350873043353,0.2562314103617671,0.003480185378612623,0.03301496289245373,1800000,18000000,11286000000,370.5
570,0.843800251950855,0.2558875478869681,0.0037944578184515502,0.03290509622897971,1800000,18000000,11305800000,371.15000000000003
571,0.8404409008955358,0.259738369402815,0.0020958692358236503,0.03279559517802455,1800000,18000000,11325600000,371.8
572,0.8400389881990215,0.2598147359812515,0.0042529154153381045,0.032686458522908766,1800000,18000000,11345400000,372.45
573,0.8424128131998225,0.25505822389389254,0.003480067066292792,0.03257768505100174,1800000,18000000,11365200000,373.1
574,0.8401567181972083,0.26084019004630027,0.00425080563992965,0.03246927355370822,1800000,18000000,11385000000,373.75
575,0.8407340588753012,0.26033788587448337,0.004781047987770969,0.03236122282645489,1800000,18000000,11404800000,374.40000000000003
576,0.8428049700628149,0.2558539298357262,0.0033556328615234952,0.03225353166867703,1800000,18000000,11424600000,375.05
577,0.8432309532140393,0.25254514495767777,0.0014911355289538811,0.03214619888380508,1800000,18000000,11444400000,375.7
578,0.8402889991122384,0.25845997951707,0.0041702395679266615,0.032039223279251454,1800000,18000000,11464200000,376.35
579,0.839128888697677,0.2616538120128703,0.0034848528484005513,0.03193260366639722,1800000,18000000,11484000000,377.0
580,0.8391119577891649,0.2618273018732425,0.0033535121958621367,0.031826338860578916,1800000,18000000,11503800000,377.65000000000003
581,0.8371782418293469,0.25800463905386983,0.002738958729395206,0.03172042768107538,1800000,18000000,11523600000,378.3
582,0.8429351619065885,0.25637562295233524,0.003728696096704712,0.031614868951094645,1800000,18000000,11543400000,378.95
583,0.8408186412887174,0.26126215902557115,0.001380382020875229,0.03150966149776084,1800000,18000000,11563200000,379.6
584,0.8402769990188924,0.25605246675655124,0.0043434680745579385,0.03140480415210119,1800000,18000000,11583000000,380.25
585,0.8396030369324132,0.2625430621304569,0.003166977752401613,0.03130029574903299,1800000,18000000,11602800000,380.90000000000003
586,0.8403276868633752,0.2640022405228546,0.0031173281155459955,0.031196135127350685,1800000,18000000,11622600000,381.55
587,0.8391701899534756,0.2628989594021639,0.0036942971209354475,0.03109232112971296,1800000,18000000,11642400000,382.2
588,0.8415120096537811,0.2567262366809064,0.0023159336620797145,0.0309888526026299,1800000,18000000,11662200000,382.85
589,0.840323849017814,0.2586123262257723,0.0028986677561317793,0.030885728396450124,1800000,18000000,11682000000,383.5
590,0.8360736864634715,0.26408817385985195,0.0027701102811883405,0.03078294736534807,1800000,18000000,11701800000,384.15000000000003
591,0.8402631558878602,0.2596395496377313,0.0039010460981480167,0.030680508367311208,1800000,18000000,11721600000,384.8
592,0.8379714197307019,0.2621101158184956,0.00226806609523975,0.030578410264127404,1800000,18000000,11741400000,385.45
593,0.8393137773267544,0.25429657401152683,0.004515190094572582,0.030476651921372246,1800000,18000000,11761200000,386.1
594,0.8400647387820677,0.2567980587240159,0.004304621765625226,0.03037523220839642,1800000,18000000,11781000000,386.75
595,0.8406029986500039,0.2594774099817254,0.0024510721244463416,0.030274149998313186,1800000,18000000,11800800000,387.40000000000003
596,0.8400225371666131,0.26116544081746895,0.0013045457432650856,0.030173404167985855,1800000,18000000,11820600000,388.05
597,0.8397196706484332,0.25950436267417276,0.0031978816088002703,0.030072993598015248,1800000,18000000,11840400000,388.7
598,0.8418669230001412,0.2559388916051635,0.0031152172354848837,0.029972917172727348,1800000,18000000,11860200000,389.35
599,0.8411785279861143,0.2624445879882278,0.0028041674498216164,0.02987317378016085,1800000,18000000,11880000000,390.0
600,0.8388530981767357,0.2629792659807809,0.0012138374166004693,0.029773762312054794,1800000,18000000,11899800000,390.65000000000003
601,0.8400761383577524,0.26631804491755345,0.0020225354923048017,0.029674681663836296,1800000,18000000,11919600000,391.3
602,0.8416358654025675,0.2554567651684013,0.0035343855871350183,0.029575930734608246,1800000,18000000,11939400000,391.95
603,0.8403984004439035,0.26093078783736184,0.003915249112366247,0.029477508427137096,1800000,18000000,11959200000,392.6
604,0.840772347190096,0.2610732197605007,0.0034034426648284154,0.029379413647840618,1800000,18000000,11979000000,393.25
605,0.8393507971435301,0.26286819198203054,0.0022825140283797476,0.02928164530677581,1800000,18000000,11998800000,393.90000000000003
606,0.8385678117555181,0.2577019315353491,0.0018459363581377097,0.02918420231762678,1800000,18000000,12018600000,394.55
607,0.8426218097937477,0.25321949186541587,0.003516790357345137,0.029087083597692635,1800000,18000000,12038400000,395.2
608,0.8406991246441617,0.2537884468553908,0.003272306700343894,0.028990288067875493,1800000,18000000,12058200000,395.85
609,0.8398388378828767,0.2613285344318675,0.004025075806093366,0.028893814652668486,1800000,18000000,12078000000,396.5
610,0.8429642998382321,0.2574064464687023,0.0030650450859474924,0.028797662280143754,1800000,18000000,12097800000,397.15000000000003
611,0.8401859861072865,0.26121266131909,0.0035153738670424253,0.028701829881940626,1800000,18000000,12117600000,397.8
612,0.8421667122526783,0.2604360144402494,0.0034633078846119988,0.0286063163932537,1800000,18000000,12137400000,398.45
613,0.8405585146505138,0.2569055735014393,0.001901347688742008,0.028511120752821004,1800000,18000000,12157200000,399.1
614,0.8394456355235458,0.2560983562628124,0.0024773752892422525,0.028416241902912216,1800000,18000000,12177000000,399.75
615,0.8419046596096018,0.2515116909183621,0.003592043366339547,0.02832167878931693,1800000,18000000,12196800000,400.40000000000003
616,0.8395800358320691,0.2544166355286795,0.0015372553616934894,0.028227430361332895,1800000,18000000,12216600000,401.05
617,0.8409984222597915,0.25475338891434696,0.002897257667979829,0.028133495571754392,1800000,18000000,12236400000,401.7
618,0.8421823243505072,0.26321926196549267,0.0027426265811087247,0.028039873376860563,1800000,18000000,12256200000,402.35
619,0.8413985844884596,0.26069034604158536,0.0010097369707012694,0.027946562736403842,1800000,18000000,12276000000,403.0
620,0.840394008610374,0.2568274074047341,0.0013085291388542546,0.027853562613598382,1800000,18000000,12295800000,403.65000000000003
621,0.841050407840595,0.26056224632157937,0.0025488296732573863,0.02776087197510853,1800000,18000000,12315600000,404.3
622,0.8369697096209621,0.2641877981877396,0.0034308637951834414,0.027668489791037327,1800000,18000000,12335400000,404.95
623,0.8386726203370457,0.26313551674232155,0.003184499880308599,0.027576415034915123,1800000,18000000,12355200000,405.6
624,0.8429762500597873,0.2573788478044941,0.0034087202578741474,0.027484646683688132,1800000,18000000,12375000000,406.25
625,0.8408370007690509,0.2603192804293794,0.0031422065973921885,0.02739318371770705,1800000,18000000,12394800000,406.90000000000003
626,0.8387070875588786,0.26098479767504584,0.0030459013260185565,0.027302025120715785,1800000,18000000,12414600000,407.55
627,0.8396296987137806,0.2613023887435384,0.0005533313283142376,0.027211169879840062,1800000,18000000,12434400000,408.2
628,0.8421088517979418,0.257127615234231,8.914815416553347e-05,0.02712061698557629,1800000,18000000,12454200000,408.85
629,0.8399960386842343,0.2682298568222091,0.0011990935846822122,0.027030365431780265,1800000,18000000,12474000000,409.5
630,0.8382587232483522,0.25942421484916794,0.0008756515536776372,0.02694041421565602,1800000,18000000,12493800000,410.15000000000003
631,0.842557994492644,0.25944683138771424,0.0018815429990348765,0.026850762337744662,1800000,18000000,12513600000,410.8
632,0.840813503677904,0.2600530802680509,0.0027919261204933004,0.026761408801913317,1800000,18000000,12533400000,411.45
633,0.8387576391690398,0.2650236828724326,0.0031102857981795537,0.02667235261534397,1800000,18000000,12553200000,412.1
634,0.8406763559720897,0.25881768368235475,0.0010573404747479343,0.02658359278852253,1800000,18000000,12573000000,412.75
635,0.8418428393361844,0.25894228789914303,0.0032588579819074607,0.026495128335227797,1800000,18000000,12592800000,413.40000000000003
636,0.8396260053665463,0.26611061498087557,0.0024495033746951074,0.02640695827252048,1800000,18000000,12612600000,414.05
637,0.8416491231838436,0.2582558464884972,0.0021432146866922092,0.02631908162073231,1800000,18000000,12632400000,414.7
638,0.8413943887022124,0.255439827771967,0.002578965105771398,0.026231497403455158,1800000,18000000,12652200000,415.35
639,0.8390239429684183,0.2585097439662187,0.0024278231849633623,0.026144204647530124,1800000,18000000,12672000000,416.0
640,0.8401931630607437,0.2616902098088005,0.0014019262770212937,0.026057202383036816,1800000,18000000,12691800000,416.65000000000003
641,0.8404511279811177,0.26216998108918105,0.0025458385277896353,0.025970489643282507,1800000,18000000,12711600000,417.3
642,0.8411385012028897,0.2625717195980408,0.0017983190863186168,0.025884065464791422,1800000,18000000,12731400000,417.95
643,0.8416547665065923,0.26063193511815635,0.00212850307089673,0.025797928887294017,1800000,18000000,12751200000,418.6
644,0.8383242984987178,0.26589602934915973,0.00042307774385267694,0.02571207895371634,1800000,18000000,12771000000,419.25
645,0.839456638857477,0.2564773406330897,0.0019092119772808384,0.025626514710169333,1800000,18000000,12790800000,419.90000000000003
646,0.8409129085778524,0.25992128205624887,0.0016969647705335233,0.025541235205938307,1800000,18000000,12810600000,420.55
647,0.8400558862455276,0.26149971009322115,0.0006999887851712955,0.02545623949347234,1800000,18000000,12830400000,421.2
648,0.8384561580649695,0.26123672910511225,0.0011612673493897412,0.025371526628373754,1800000,18000000,12850200000,421.85
649,0.8401745164503783,0.25932833059603766,0.003011327848895743,0.025287095669387614,1800000,18000000,12870000000,422.5
650,0.8409107633211165,0.25703130773278937,0.001510068856235417,0.025202945678391302,1800000,18000000,12889800000,423.15000000000003
651,0.8405028275333798,0.2610146792845105,0.002261470629565109,0.02511907572038403,1800000,18000000,12909600000,423.8
652,0.839185047721919,0.2549888630148578,0.003171762125733457,0.02503548486347652,1800000,18000000,12929400000,424.45
653,0.8387534445617532,0.2599502491339154,0.0015862498625301034,0.024952172178880617,1800000,18000000,12949200000,425.1
654,0.8408757159769649,0.25765580915925446,0.00281734186033939,0.024869136740898967,1800000,18000000,12969000000,425.75
655,0.8408159177117671,0.25791813671544406,0.002789637764745865,0.024786377626914748,1800000,18000000,12988800000,426.40000000000003
656,0.8443444257329924,0.2558962034942554,0.0011993851586792753,0.024703893917381377,1800000,18000000,13008600000,427.05
657,0.8419729569335482,0.2560638643101382,0.0004451000840246654,0.024621684695812353,1800000,18000000,13028400000,427.7
658,0.8417508803186016,0.2582091101412125,0.002589290054024527,0.02453974904877104,1800000,18000000,13048200000,428.35
659,0.8426665223211192,0.25715347466489447,0.0016419614963104354,0.02445808606586051,1800000,18000000,13068000000,429.0
660,0.843253205815571,0.259262195372521,0.0,0.024376694839713452,1800000,18000000,13087800000,429.65000000000003
661,0.841309574941044,0.26086095120121827,0.004710629989910816,0.024295574465982076,1800000,18000000,13107600000,430.3
662,0.8402644529504227,0.25738353531448477,0.003232386754032356,0.024214724043328046,1800000,18000000,13127400000,430.95
663,0.8406146278599357,0.2632766334409684,0.002800388075782463,0.02413414267341251,1800000,18000000,13147200000,431.6
664,0.8381703531853225,0.25672428974498623,0.00014470150275100284,0.02405382946088608,1800000,18000000,13167000000,432.25
665,0.8375748046475515,0.26627911562798817,0.0010415559989606642,0.02397378351337891,1800000,18000000,13186800000,432.90000000000003
666,0.840350917459828,0.2584116413756633,0.002114509905937426,0.02389400394149075,1800000,18000000,13206600000,433.55
667,0.8383836854273659,0.26473718413416947,0.0035011361980229294,0.023814489858781113,1800000,18000000,13226400000,434.2
668,0.8378818303502957,0.2626950364428007,0.001415567074202543,0.02373524038175934,1800000,18000000,13246200000,434.85
669,0.8401082308765521,0.2610357232128379,0.0017722741368910667,0.02365625462987489,1800000,18000000,13266000000,435.5
670,0.8405892918450585,0.26404923337578484,0.0022812004276476132,0.023577531725507483,1800000,18000000,13285800000,436.15000000000003
671,0.8407132976582514,0.2564918747552096,0.0032950924221945657,0.023499070793957372,1800000,18000000,13305600000,436.8
672,0.842249249437595,0.2603317242436418,0.00040504637120055125,0.023420870963435616,1800000,18000000,13325400000,437.45
673,0.8383549932864661,0.25842914022048546,0.0017708724426870423,0.02334293136505442,1800000,18000000,13345200000,438.1
674,0.8400282667315511,0.258835430072772,0.002026747233239451,0.02326525113281743,1800000,18000000,13365000000,438.75
675,0.8422699174539388,0.25222667757185807,0.002120854203191787,0.023187829403610152,1800000,18000000,13384800000,439.40000000000003
676,0.8386429422521521,0.2596973429642238,0.0023456399960266236,0.023110665317190367,1800000,18000000,13404600000,440.05
677,0.8388828590141667,0.25918654738723423,0.0025124967503777915,0.023033758016178532,1800000,18000000,13424400000,440.7
678,0.842235985171225,0.25881664511269276,0.002642325342252731,0.022957106646048307,1800000,18000000,13444200000,441.35
679,0.8409846901856712,0.2550429826377173,0.0012310618740494095,0.022880710355116993,1800000,18000000,13464000000,442.0
680,0.8377964372810783,0.2656119125341562,0.0007605398132081687,0.02280456829453613,1800000,18000000,13483800000,442.65000000000003
681,0.8413158582691835,0.2581121940158185,0.0016429790050445504,0.022728679618282042,1800000,18000000,13503600000,443.3
682,0.8388144186046719,0.25913513106094144,0.0019235389601792547,0.02265304348314644,1800000,18000000,13523400000,443.95
683,0.8409184793331395,0.25563888386595135,0.0017966123545229374,0.02257765904872704,1800000,18000000,13543200000,444.6
684,0.8420817107216723,0.26308173355317443,0.002671538422132756,0.022502525477418246,1800000,18000000,13563000000,445.25
685,0.8401519657200445,0.2605456439365946,0.00322099828879097,0.02242764193440181,1800000,18000000,13582800000,445.90000000000003
686,0.8428841264207587,0.25535930048454136,6.60600289530903e-05,0.02235300758763761,1800000,18000000,13602600000,446.55
687,0.8408207868613149,0.25858380223983757,0.0022140769246439328,0.02227862160785435,1800000,18000000,13622400000,447.2
688,0.8410944987800905,0.256728500541377,0.001998127838640118,0.02220448316854038,1800000,18000000,13642200000,447.85
689,0.8381035167898341,0.26358197241242665,0.0017319741630759215,0.0221305914459345,1800000,18000000,13662000000,448.5
690,0.8396740085495857,0.2607157814958084,0.003841880887240955,0.022056945619016825,1800000,18000000,13681800000,449.15000000000003
691,0.8386557125654991,0.26175963405061786,0.0019007197243765138,0.02198354486949961,1800000,18000000,13701600000,449.8
692,0.8365880674717537,0.2602848765124256,0.0012769672711021988,0.02191038838181822,1800000,18000000,13721400000,450.45
693,0.8432237719315484,0.2587711582809023,0.00014775535814186692,0.021837475343122043,1800000,18000000,13741200000,451.1
694,0.8431200516886495,0.2559071917630592,0.0029421110061767955,0.021764804943265458,1800000,18000000,13761000000,451.75
695,0.8402976343959406,0.25885899949003216,0.0021928737488676048,0.021692376374798823,1800000,18000000,13780800000,452.40000000000003
696,0.8411274283390351,0.25767271678708203,0.003426593365111864,0.02162018883295954,1800000,18000000,13800600000,453.05
697,0.842859616344384,0.2572435865317741,0.0012882471764958086,0.021548241515663043,1800000,18000000,13820400000,453.7
698,0.837826895929673,0.2549007209569705,0.0014925092662864015,0.021476533623493964,1800000,18000000,13840200000,454.35
699,0.8418130579994338,0.26099086549091016,0.0019283146672108386,0.021405064359697207,1800000,18000000,13860000000,455.0
700,0.8408538809140781,0.2587518818448533,0.0008347554054979407,0.021333832930169112,1800000,18000000,13879800000,455.65000000000003
701,0.8410798697657317,0.25871431659128724,0.001716391793499995,0.021262838543448622,1800000,18000000,13899600000,456.3
702,0.8378799425416218,0.2670786018419535,0.0014561674611975382,0.02119208041070847,1800000,18000000,13919400000,456.95
703,0.841737615622144,0.25467175069262427,0.002695623777315888,0.02112155774574646,1800000,18000000,13939200000,457.6
704,0.8422579981272718,0.25799243900892976,0.0025868473986888365,0.021051269764976704,1800000,18000000,13959000000,458.25
705,0.8373196082494049,0.25476793577461565,0.0021120444894634264,0.020981215687420916,1800000,18000000,13978800000,458.90000000000003
706,0.8403238121243254,0.25761468840869034,0.001478717248364133,0.02091139473469973,1800000,18000000,13998600000,459.55
707,0.8411556815167164,0.2520627266138756,0.0018295652851739487,0.020841806131024078,1800000,18000000,14018400000,460.2
708,0.8397437076930663,0.262576932964691,0.0018727764557095454,0.020772449103186517,1800000,18000000,14038200000,460.85
709,0.8409723846121099,0.2643731195208407,0.001030676470557814,0.0207033228805527,1800000,18000000,14058000000,461.5
710,0.8405104070121675,0.26022286327445115,0.0022261036256785694,0.020634426695052777,1800000,18000000,14077800000,462.15000000000003
711,0.8385161563403979,0.25923963783901466,0.002442856395678655,0.020565759781172862,1800000,18000000,14097600000,462.8
712,0.8401929101029854,0.2596424908386799,0.000519579188689149,0.020497321375946544,1800000,18000000,14117400000,463.45
713,0.837903481030323,0.26144532187777286,0.0,0.0204291107189464,1800000,18000000,14137200000,464.1
714,0.8403731905094786,0.2635879436915564,0.0006199983852782885,0.020361127052275524,1800000,18000000,14157000000,464.75
715,0.8386186847378203,0.2623049663402781,0.002676756482373403,0.020293369620559148,1800000,18000000,14176800000,465.40000000000003
716,0.8425279353184255,0.25417645155333224,0.00023179102706624146,0.020225837670936227,1800000,18000000,14196600000,466.05
717,0.8395884528739925,0.26262428819320244,0.0023761279520118183,0.020158530453051063,1800000,18000000,14216400000,466.7
718,0.839331858217742,0.26172949908334986,0.00018310686514862325,0.020091447219045,1800000,18000000,14236200000,467.35
719,0.8393850114120185,0.2615988225033867,0.0,0.020024587223548076,1800000,18000000,14256000000,468.0
720,0.8393994562560093,0.2611370845507069,0.0010652417270931975,0.019957949723670754,1800000,18000000,14275800000,468.65000000000003
721,0.8396892646492652,0.25624622797985797,0.0014085397415548916,0.01989153397899569,1800000,18000000,14295600000,469.3
722,0.8400172233525326,0.2586864602990534,0.0009361824142273009,0.01982533925156948,1800000,18000000,14315400000,469.95
723,0.839058651347206,0.26202013118388606,0.0008421550569652286,0.019759364805894478,1800000,18000000,14335200000,470.6
724,0.838951706178236,0.26172335949818104,0.000587703149695342,0.019693609908920603,1800000,18000000,14355000000,471.25
725,0.8405524603000196,0.254456349542836,0.0022476762820280455,0.019628073830037226,1800000,18000000,14374800000,471.90000000000003
726,0.8418501262519433,0.2620124812546705,0.002473419909729436,0.019562755841064997,1800000,18000000,14394600000,472.55
727,0.8413084217683986,0.25646050188077213,0.0012529192972867327,0.019497655216247817,1800000,18000000,14414400000,473.2
728,0.8408322744912156,0.25750310577619484,0.0015108733979110871,0.019432771232244746,1800000,18000000,14434200000,473.85
729,0.8405774358406972,0.2603084975199688,0.0020814460185100267,0.019368103168121962,1800000,18000000,14454000000,474.5
730,0.8382714456392294,0.26238890741108856,0.002060536118314836,0.019303650305344755,1800000,18000000,14473800000,475.15000000000003
731,0.839910100754196,0.26042775155645276,0.003196153227564903,0.01923941192776953,1800000,18000000,14493600000,475.8
732,0.8391315283221056,0.2591806151139841,0.002534286207812245,0.019175387321635887,1800000,18000000,14513400000,476.45
733,0.8412730164369453,0.2599031198742743,0.003270966600369721,0.019111575775558647,1800000,18000000,14533200000,477.1
734,0.8405144427116694,0.26015276453076047,0.002249826285666887,0.01904797658051998,1800000,18000000,14553000000,477.75
735,0.8392673607397707,0.25552200945489784,0.0015707000047767974,0.01898458902986151,1800000,18000000,14572800000,478.40000000000003
736,0.8401482163730961,0.25734638526709547,0.002130180244774847,0.01892141241927647,1800000,18000000,14592600000,479.05
737,0.8391658850676146,0.25515719938291165,0.0017158160165569325,0.01885844604680186,1800000,18000000,14612400000,479.7
738,0.8401426045119897,0.2597309535505767,0.00119278800773348,0.018795689212810673,1800000,18000000,14632200000,480.35
739,0.8388090878089611,0.2626766828139086,0.0027296382176100076,0.018733141220004107,1800000,18000000,14652000000,481.0
740,0.8380172088805594,0.26276264235413455,0.0024619113604055563,0.01867080137340383,1800000,18000000,14671800000,481.65000000000003
741,0.8400193236332335,0.26010765082230053,0.0008809934324493265,0.01860866898034423,1800000,18000000,14691600000,482.3
742,0.8414632822122958,0.25947839579032084,0.0011596247575246267,0.01854674335046476,1800000,18000000,14711400000,482.95
743,0.8409882389647725,0.2588052189469426,0.0019019589030339714,0.018485023795702205,1800000,18000000,14731200000,483.6
744,0.8410837654097064,0.25629980189403745,0.002643361827442573,0.01842350963028311,1800000,18000000,14751000000,484.25
745,0.8385729035275682,0.26451548641210765,0.0,0.018362200170716117,1800000,18000000,14770800000,484.90000000000003
746,0.8421638143943951,0.25625427912499277,0.0007700348910354499,0.018301094735784378,1800000,18000000,14790600000,485.55
747,0.8368727467068827,0.2637677492221436,0.002515293484883615,0.018240192646537985,1800000,18000000,14810400000,486.2
748,0.8398325224721785,0.2630606915976219,0.0022771091713333037,0.018179493226286442,1800000,18000000,14830200000,486.85
749,0.8374852107144167,0.257800171085767,0.0025690967791003835,0.018118995800591103,1800000,18000000,14850000000,487.5
750,0.8415440357235797,0.25275386010401235,0.0013756918525562136,0.018058699697257735,1800000,18000000,14869800000,488.15000000000003
751,0.8392786582622558,0.26355000698956776,0.0006320624388380055,0.017998604246329014,1800000,18000000,14889600000,488.8
752,0.8404794024230922,0.2620363277149727,0.0020182527185103904,0.01793870878007709,1800000,18000000,14909400000,489.45
753,0.8410755232043327,0.25670773446354633,0.0,0.017879012632996176,1800000,18000000,14929200000,490.1
754,0.8407762072699171,0.26196139654114686,0.002032679368098705,0.017819515141795115,1800000,18000000,14949000000,490.75
755,0.8411141961468503,0.25675503933234856,0.0007690659883103103,0.017760215645390067,1800000,18000000,14968800000,491.40000000000003
756,0.8435160300611422,0.2602301262694074,0.0009852210175941547,0.017701113484897137,1800000,18000000,14988600000,492.05
757,0.8377302926789336,0.26213150230670507,0.0009899718473629494,0.017642208003625034,1800000,18000000,15008400000,492.7
758,0.8388550569006469,0.2577027745545423,0.0004722612924229904,0.017583498547067807,1800000,18000000,15028200000,493.35
759,0.8401172074252715,0.2631737805281836,0.0018260631700743953,0.017524984462897568,1800000,18000000,15048000000,494.0
760,0.841905486357265,0.26392094790348813,0.0018382236810753536,0.01746666510095721,1800000,18000000,15067800000,494.65000000000003
761,0.8401810240200845,0.25508254462996444,0.0009507575229605046,0.017408539813253226,1800000,18000000,15087600000,495.3
762,0.8375716780729271,0.26128878351241014,0.0016387384705620531,0.017350607953948487,1800000,18000000,15107400000,495.95
763,0.8403426114810231,0.25793291825846054,0.002825950333525987,0.017292868879355078,1800000,18000000,15127200000,496.6
764,0.8391211625913214,0.26033605872662136,0.0012260867782760327,0.017235321947927124,1800000,18000000,15147000000,497.25
765,0.8406237679722253,0.2607367716061942,0.0001054757769556056,0.017177966520253697,1800000,18000000,15166800000,497.90000000000003
766,0.8423044265061856,0.25611925979502953,0.0024882883448126476,0.01712080195905166,1800000,18000000,15186600000,498.55
767,0.8392215619182042,0.2619286465467903,0.001106396015656725,0.017063827629158642,1800000,18000000,15206400000,499.20000000000005
768,0.8412060168425575,0.25811853249355804,0.00176977474671467,0.017007042897525942,1800000,18000000,15226200000,499.85
769,0.8389844427881555,0.2607536831890274,0.0025015468708632902,0.016950447133211522,1800000,18000000,15246000000,500.5
770,0.8413928474546054,0.25725536263810556,0.0008071196436674837,0.01689403970737297,1800000,18000000,15265800000,501.15000000000003
771,0.8407430172758292,0.25996023691191006,0.0009539721407430439,0.016837819993260533,1800000,18000000,15285600000,501.8
772,0.8385069999635034,0.2608746611503617,0.0009708559410772394,0.016781787366210135,1800000,18000000,15305400000,502.45000000000005
773,0.8403434288365004,0.2659005936308526,0.003514790089717305,0.016725941203636456,1800000,18000000,15325200000,503.1
774,0.8381691765994836,0.267574190714036,0.0006300610439976465,0.016670280885026006,1800000,18000000,15345000000,503.75
775,0.8404335317534845,0.2553025276960004,0.0003998774496356233,0.01661480579193023,1800000,18000000,15364800000,504.40000000000003
776,0.8400418594927058,0.2610860561803014,0.0020366702290821183,0.016559515307958635,1800000,18000000,15384600000,505.05
777,0.8409010853796709,0.25453881770354864,0.0025300195061192157,0.016504408818771934,1800000,18000000,15404400000,505.70000000000005
778,0.843412606511843,0.2577480561865399,0.003121914573887389,0.01644948571207524,1800000,18000000,15424200000,506.35
779,0.8394133569223052,0.261289250012427,0.0018840625735653963,0.016394745377611247,1800000,18000000,15444000000,507.0
780,0.8397322169220716,0.25615511960331716,0.0016334182800735865,0.016340187207153453,1800000,18000000,15463800000,507.65000000000003
781,0.8413805224523996,0.25912097791861183,0.000981974452866087,0.016285810594499402,1800000,18000000,15483600000,508.3
782,0.8398550647177613,0.2607851182051917,0.0004219483682428942,0.016231614935463958,1800000,18000000,15503400000,508.95000000000005
783,0.8411096401935497,0.2528290586893314,0.0017344993121952118,0.01617759962787256,1800000,18000000,15523200000,509.6
784,0.8423106760903627,0.2609616831569173,0.0,0.016123764071554577,1800000,18000000,15543000000,510.25
785,0.8391898660045182,0.2635676662378871,0.0010128900842564475,0.016070107668336605,1800000,18000000,15562800000,510.90000000000003
786,0.8382747087315722,0.26029527140913894,0.0006980652855494452,0.01601662982203583,1800000,18000000,15582600000,511.55
787,0.8410495376225984,0.2539076757402655,0.001011411379628712,0.015963329938453414,1800000,18000000,15602400000,512.2
788,0.8397318072234891,0.26534197813217864,0.0018170255145331018,0.015910207425367886,1800000,18000000,15622200000,512.85
789,0.8377825094481263,0.2631924449078512,0.0007413719335460062,0.015857261692528542,1800000,18000000,15642000000,513.5
790,0.8389647452155163,0.2581959686532582,0.0020556534190631884,0.015804492151648922,1800000,18000000,15661800000,514.15
791,0.8377040157897263,0.2611564629554118,0.00047878622890058006,0.015751898216400252,1800000,18000000,15681600000,514.8000000000001
792,0.8386162833805073,0.2620139134098855,0.0007453131530669887,0.015699479302404933,1800000,18000000,15701400000,515.45
793,0.8382080755859198,0.26036865864056596,0.002271335472692048,0.015647234827230044,1800000,18000000,15721200000,516.1
794,0.8426191431958155,0.2600538634656286,0.0,0.015595164210380888,1800000,18000000,15741000000,516.75
795,0.8376200025862044,0.26353025970431465,0.0,0.015543266873294511,1800000,18000000,15760800000,517.4
796,0.839651074570954,0.2583640030831086,0.0012937014698574932,0.015491542239333302,1800000,18000000,15780600000,518.0500000000001
797,0.8410766536321687,0.26426410743792383,0.0021477027953942882,0.01543998973377857,1800000,18000000,15800400000,518.7
798,0.8416084014128485,0.2582754304845576,0.0012459297179936142,0.015388608783824179,1800000,18000000,15820200000,519.35
799,0.8433951785914662,0.25878909906196845,0.002368410888319721,0.015337398818570146,1800000,18000000,15840000000,520.0
800,0.841256967598962,0.2607251927846645,0.0010868287796871475,0.01528635926901634,1800000,18000000,15859800000,520.65
801,0.840030233678172,0.26050695850462785,0.002735833725489368,0.01523548956805612,1800000,18000000,15879600000,521.3000000000001
802,0.8417246570084559,0.25900244405368256,0.00010667867328310139,0.01518478915047006,1800000,18000000,15899400000,521.95
803,0.8385497416607365,0.25653494225995377,0.0006393541551123375,0.015134257452919677,1800000,18000000,15919200000,522.6
804,0.8420696261613616,0.2582803489361347,0.002715683878800606,0.01508389391394114,1800000,18000000,15939000000,523.25
805,0.8396849697229793,0.26122329081702983,0.0004643721519618397,0.015033697973939058,1800000,18000000,15958800000,523.9
806,0.840040476887359,0.2608384317092324,0.0013296770785552689,0.014983669075180239,1800000,18000000,15978600000,524.5500000000001
807,0.8422702443657856,0.25785123298748286,0.0012372090321365254,0.014933806661787518,1800000,18000000,15998400000,525.2
808,0.8403243439035115,0.2594197796530282,0.0004486805631289683,0.014884110179733566,1800000,18000000,16018200000,525.85
809,0.8391869490081275,0.26174598456612636,0.0010723855711967094,0.01483457907683474,1800000,18000000,16038000000,526.5
810,0.8424323185854906,0.2571086274609988,0.0010936796929099932,0.014785212802744946,1800000,18000000,16057800000,527.15
811,0.8371098133266225,0.2577810028840502,0.0,0.014736010808949521,1800000,18000000,16077600000,527.8000000000001
812,0.8394137922217119,0.2574799161827337,0.001008731670216993,0.014686972548759124,1800000,18000000,16097400000,528.45
813,0.8379299787642407,0.26330093743851074,0.0017413170909472491,0.014638097477303708,1800000,18000000,16117200000,529.1
814,0.8398532600309172,0.2589361223011621,0.0010609185214377399,0.014589385051526413,1800000,18000000,16137000000,529.75
815,0.8403392729219661,0.2647374294203437,0.0012043039727980516,0.014540834730177563,1800000,18000000,16156800000,530.4
816,0.8419342864507946,0.2549362332391632,0.0013405975712213409,0.014492445973808648,1800000,18000000,16176600000,531.0500000000001
817,0.8423921544997741,0.2583388610639202,0.0,0.014444218244766325,1800000,18000000,16196400000,531.7
818,0.8400771304979068,0.25588433083749423,0.0016089205209739625,0.01439615100718643,1800000,18000000,16216200000,532.35
819,0.8415555540686789,0.2575724146462626,0.0018467938178728142,0.014348243726988055,1800000,18000000,16236000000,533.0
820,0.8434598739968824,0.2539276775443104,0.002714334939320712,0.014300495871867599,1800000,18000000,16255800000,533.65
821,0.840727814936292,0.2581072468719494,0.0017482067240214435,0.01425290691129284,1800000,18000000,16275600000,534.3000000000001
822,0.8432754014834954,0.26021753200012576,0.0021409882545965634,0.014205476316497063,1800000,18000000,16295400000,534.95
823,0.8415215472773195,0.2585284206957196,0.0026971464630765954,0.014158203560473181,1800000,18000000,16315200000,535.6
824,0.8393601671577802,0.26041469570156867,0.0012423452112567833,0.014111088117967848,1800000,18000000,16335000000,536.25
825,0.8395248332888902,0.2627323159997403,0.0011444216397906274,0.014064129465475665,1800000,18000000,16354800000,536.9
826,0.8401152643091164,0.26159067172508194,0.00012424625583729748,0.01401732708123335,1800000,18000000,16374600000,537.5500000000001
827,0.8399797266973084,0.2644455639551692,0.00152158986155334,0.013970680445213924,1800000,18000000,16394400000,538.2
828,0.8438483496542379,0.2514922848479127,0.001138063277864918,0.013924189039120962,1800000,18000000,16414200000,538.85
829,0.8404270384729459,0.2565290117642045,0.0008290917815965182,0.01387785234638279,1800000,18000000,16434000000,539.5
830,0.8396949211385797,0.2653893348303711,0.0009938183859992324,0.013831669852146802,1800000,18000000,16453800000,540.15
831,0.8404794873643523,0.25351495880178576,0.0012971109464145123,0.013785641043273693,1800000,18000000,16473600000,540.8000000000001
832,0.838908474322082,0.2629923222373767,0.0021919423302340433,0.01373976540833178,1800000,18000000,16493400000,541.45
833,0.8396650638704864,0.2643718322820936,0.0,0.013694042437591319,1800000,18000000,16513200000,542.1
834,0.8417960220262108,0.25595714629102795,0.0025713237710570584,0.01364847162301883,1800000,18000000,16533000000,542.75
835,0.8377434752832227,0.2574026155381896,0.001314821446978457,0.013603052458271453,1800000,18000000,16552800000,543.4
836,0.8392541929378221,0.2609900380585079,0.00013032276213651784,0.013557784438691338,1800000,18000000,16572600000,544.0500000000001
837,0.8446644561493176,0.2517502804367384,0.0,0.013512667061300028,1800000,18000000,16592400000,544.7
838,0.837517376854335,0.25913542565200504,0.0007674418155545583,0.013467699824792862,1800000,18000000,16612200000,545.35
839,0.837246841163434,0.2673006735808499,0.00036471388852962424,0.013422882229533415,1800000,18000000,16632000000,546.0
840,0.8413981672694677,0.26596058516814375,0.0008611283783678814,0.013378213777547955,1800000,18000000,16651800000,546.65
841,0.8412478091958245,0.2568151364155034,0.0,0.013333693972519876,1800000,18000000,16671600000,547.3000000000001
842,0.8391955794144237,0.2636074321791792,0.0016756664233661752,0.013289322319784223,1800000,18000000,16691400000,547.95
843,0.8419882758863848,0.25739368448736083,0.001878192042821745,0.01324509832632218,1800000,18000000,16711200000,548.6
844,0.8402472439863258,0.26054335890432656,0.0018067099629061314,0.013201021500755583,1800000,18000000,16731000000,549.25
845,0.838257677823408,0.26168407201487304,0.0008413023700290012,0.013157091353341475,1800000,18000000,16750800000,549.9
846,0.8391933229384171,0.260686156480513,0.0007586554395915045,0.013113307395966662,1800000,18000000,16770600000,550.5500000000001
847,0.8398681153326404,0.26034609374959605,0.0011363519919313468,0.01306966914214226,1800000,18000000,16790400000,551.2
848,0.8411371438046351,0.25845218251578467,0.0013922365164842703,0.013026176106998346,1800000,18000000,16810200000,551.85
849,0.8414828120754395,0.26172315284323083,0.001909378097296936,0.012982827807278526,1800000,18000000,16830000000,552.5
850,0.8415305261360194,0.25597174430586594,0.00015377530400890603,0.012939623761334574,1800000,18000000,16849800000,553.15
851,0.8401222043470136,0.25918531219930585,0.002279655183222155,0.012896563489121101,1800000,18000000,16869600000,553.8000000000001
852,0.8387492124733216,0.26137240479161805,0.0006509774058763374,0.012853646512190182,1800000,18000000,16889400000,554.45
853,0.8416973373343424,0.25899525371074644,0.0002735930002701546,0.012810872353686081,1800000,18000000,16909200000,555.1
854,0.839469502428259,0.2609182591820198,0.0003972053265852433,0.012768240538339934,1800000,18000000,16929000000,555.75
855,0.8386743768028707,0.25897405272659385,0.00031508960515735766,0.01272575059246446,1800000,18000000,16948800000,556.4
856,0.8413732959255569,0.25585502766030105,0.0005018255301659494,0.012683402043948716,1800000,18000000,16968600000,557.0500000000001
857,0.8420889409084649,0.2595276530699708,0.0,0.012641194422252843,1800000,18000000,16988400000,557.7
858,0.8401595460311682,0.25813446752759345,0.0011629666250673265,0.012599127258402818,1800000,18000000,17008200000,558.35
859,0.8392927647240278,0.2605038585407532,0.0018744594533228781,0.012557200084985287,1800000,18000000,17028000000,559.0
860,0.8390922529175611,0.25952194321859057,0.001267784732734767,0.012515412436142334,1800000,18000000,17047800000,559.65
861,0.8418246660723493,0.2593928310128931,0.002325274693683747,0.012473763847566318,1800000,18000000,17067600000,560.3000000000001
862,0.8404907927279298,0.26002476913929445,0.0015023967243961388,0.01243225385649472,1800000,18000000,17087400000,560.95
863,0.839319697875927,0.2586658901714594,0.0004613540769933894,0.012390882001704991,1800000,18000000,17107200000,561.6
864,0.8402134587963588,0.2629267083657495,0.0014431085408218337,0.01234964782350942,1800000,18000000,17127000000,562.25
865,0.8385822719335315,0.2562699640834646,0.0008819142220998384,0.012308550863750054,1800000,18000000,17146800000,562.9
866,0.8411024367560952,0.25761589381731126,0.0008151093755857388,0.012267590665793582,1800000,18000000,17166600000,563.5500000000001
867,0.840461217697318,0.25922960327863553,0.0,0.012226766774526273,1800000,18000000,17186400000,564.2
868,0.8407567139109012,0.2643086164798008,0.0007988943831153881,0.012186078736348917,1800000,18000000,17206200000,564.85
869,0.8410809552924434,0.2576644567520751,0.0,0.012145526099171784,1800000,18000000,17226000000,565.5
870,0.8391904292735737,0.2607861454767427,0.0009863255167230343,0.01210510841240959,1800000,18000000,17245800000,566.15
871,0.8418306988344588,0.25696081827963807,0.00019281117202590143,0.01206482522697652,1800000,18000000,17265600000,566.8000000000001
872,0.840668045888414,0.2588225972713719,0.0,0.012024676095281203,1800000,18000000,17285400000,567.45
873,0.8417434425523548,0.25558668312509186,0.00028014081208600924,0.011984660571221769,1800000,18000000,17305200000,568.1
874,0.839658682299844,0.26299502890421017,0.0014128196688649247,0.011944778210180869,1800000,18000000,17325000000,568.75
875,0.8427309855894407,0.2591099920591196,0.0017510950845430746,0.011905028569020754,1800000,18000000,17344800000,569.4
876,0.8410663961829633,0.2565765155557988,0.0020976952639612015,0.011865411206078324,1800000,18000000,17364600000,570.0500000000001
877,0.8381634527077699,0.2660583938218868,0.0023250351133145383,0.011825925681160258,1800000,18000000,17384400000,570.7
878,0.8403253328631425,0.25791723817961154,0.0,0.01178657155553809,1800000,18000000,17404200000,571.35
879,0.838351787140511,0.261347831027288,0.0008658402800769117,0.01174734839194336,1800000,18000000,17424000000,572.0
880,0.840008049108396,0.2580580110411971,0.00035057744034883295,0.011708255754562732,1800000,18000000,17443800000,572.65
881,0.8391816706957014,0.2592293057250163,0.0025383452699214264,0.011669293209033163,1800000,18000000,17463600000,573.3000000000001
882,0.8414503452792911,0.2611427496808757,0.0013099814207618824,0.011630460322437081,1800000,18000000,17483400000,573.95
883,0.8390503381146597,0.2585450699802428,0.0009449147575191953,0.01159175666329757,1800000,18000000,17503200000,574.6
884,0.839796490736377,0.25914409734778066,0.0006820382371416213,0.011553181801573576,1800000,18000000,17523000000,575.25
885,0.8409003381567842,0.2609225899155509,0.002256594582827156,0.011514735308655124,1800000,18000000,17542800000,575.9
886,0.8432723414894284,0.2565033688454975,0.0006513827914088682,0.011476416757358571,1800000,18000000,17562600000,576.5500000000001
887,0.8386228659525504,0.2596643578734037,0.0,0.011438225721921835,1800000,18000000,17582400000,577.2
888,0.8419553611709635,0.25279350716793414,0.0013455108421753228,0.011400161777999683,1800000,18000000,17602200000,577.85
889,0.8386677346860544,0.2632914112235587,5.334643313153445e-05,0.01136222450265902,1800000,18000000,17622000000,578.5
890,0.8365884187574779,0.2656474150481622,0.0020027387263496688,0.011324413474374167,1800000,18000000,17641800000,579.15
891,0.8418365940195479,0.25596491868795934,0.0007665054932630591,0.011286728273022203,1800000,18000000,17661600000,579.8000000000001
892,0.8409087247268299,0.25658543457865784,0.0,0.011249168479878289,1800000,18000000,17681400000,580.45
893,0.8401671942295232,0.2621589296897222,0.00010880455899152657,0.011211733677610984,1800000,18000000,17701200000,581.1
894,0.838213257872813,0.26233302398140274,0.001237831358695048,0.01117442345027767,1800000,18000000,17721000000,581.75
895,0.8407436397417337,0.2608346199329579,0.00026862874148791244,0.011137237383319877,1800000,18000000,17740800000,582.4
896,0.8379319438238528,0.2553543766363857,0.0005038609537881156,0.011100175063558702,1800000,18000000,17760600000,583.0500000000001
897,0.8406728473472662,0.26340792558784876,0.0012109313412889434,0.01106323607919021,1800000,18000000,17780400000,583.7
898,0.8422114540531697,0.2552241790472365,0.00022442615158427476,0.011026420019780866,1800000,18000000,17800200000,584.35
899,0.8376687556319659,0.2647159155115108,0.0,0.010989726476262956,1800000,18000000,17820000000,585.0
900,0.839465662530337,0.258598939187499,0.0006867812849096018,0.010953155040930068,1800000,18000000,17839800000,585.65
901,0.8394825735629838,0.2595037694241243,0.0,0.010916705307432543,1800000,18000000,17859600000,586.3000000000001
902,0.8394381858507024,0.2670863278208953,8.56189100040956e-05,0.010880376870772968,1800000,18000000,17879400000,586.95
903,0.8392368754859452,0.26044108668575977,0.0009465909163205925,0.010844169327301678,1800000,18000000,17899200000,587.6
904,0.8420875534562615,0.25757786377039527,0.0001914662553469355,0.010808082274712251,1800000,18000000,17919000000,588.25
905,0.839983017873863,0.2562628036587496,0.0,0.010772115312037072,1800000,18000000,17938800000,588.9
906,0.8397185342670519,0.26249630500477344,0.001240556984416265,0.010736268039642852,1800000,18000000,17958600000,589.5500000000001
907,0.8415706386361699,0.25638520652906677,0.0010245902109038657,0.010700540059226191,1800000,18000000,17978400000,590.2
908,0.8418492783679398,0.255184616952712,0.0002940898384888612,0.010664930973809168,1800000,18000000,17998200000,590.85
909,0.8391216824197123,0.26687225594246616,0.0028372860702642138,0.010629440387734914,1800000,18000000,18018000000,591.5
910,0.840571177618126,0.26265759831834434,0.0013958969548633388,0.010594067906663207,1800000,18000000,18037800000,592.15
911,0.8392274505824288,0.26470423185949804,0.0007320126864518539,0.010558813137566122,1800000,18000000,18057600000,592.8000000000001
912,0.8407918964490352,0.2585592303390586,0.0,0.01052367568872364,1800000,18000000,18077400000,593.45
913,0.8392940611930151,0.2624163268583175,0.001761796603563735,0.010488655169719302,1800000,18000000,18097200000,594.1
914,0.8411400946041001,0.25459075269192477,0.0014501224059593164,0.010453751191435868,1800000,18000000,18117000000,594.75
915,0.8416353585780656,0.259702237743249,0.0006583030833520859,0.010418963366051004,1800000,18000000,18136800000,595.4
916,0.8386427807588916,0.26535379665854875,0.0004309239254626354,0.01038429130703295,1800000,18000000,18156600000,596.0500000000001
917,0.841406497937209,0.2578120522935279,0.0025615633089426035,0.010349734629136251,1800000,18000000,18176400000,596.7
918,0.8409887766651484,0.26145999937802705,0.0014062146441308774,0.010315292948397467,1800000,18000000,18196200000,597.35
919,0.8401765235069872,0.25904249676688307,0.0,0.0102809658821309,1800000,18000000,18216000000,598.0
920,0.8407328087168258,0.2628447373734328,0.0,0.010246753048924351,1800000,18000000,18235800000,598.65
921,0.8401568456255379,0.2636322568623612,0.00038294432800901944,0.010212654068634879,1800000,18000000,18255600000,599.3000000000001
922,0.8397734935912871,0.25806595939276367,0.0019798495385234273,0.010178668562384568,1800000,18000000,18275400000,599.95
923,0.8398166886424632,0.2603022413064212,0.0012800412289387534,0.010144796152556337,1800000,18000000,18295200000,600.6
924,0.8405808564936701,0.25275149758476123,0.0016301899586910291,0.010111036462789725,1800000,18000000,18315000000,601.25
925,0.8417979368758768,0.2567825790553982,0.0,0.010077389117976725,1800000,18000000,18334800000,601.9
926,0.841346100119171,0.26267332845280716,0.0013799135575237572,0.010043853744257604,1800000,18000000,18354600000,602.5500000000001
927,0.8393519561118152,0.2608881791975579,0.0014201744437969616,0.010010429969016745,1800000,18000000,18374400000,603.2
928,0.841728137646129,0.2627923161022302,0.0,0.009977117420878534,1800000,18000000,18394200000,603.85
929,0.8385309009858657,0.26427476813292655,0.0,0.009943915729703197,1800000,18000000,18414000000,604.5
930,0.8415550366904356,0.25517146236144395,0.0009992408470720542,0.009910824526582717,1800000,18000000,18433800000,605.15
931,0.838212122373422,0.25865551098343637,0.000545828376750445,0.009877843443836716,1800000,18000000,18453600000,605.8000000000001
932,0.8392493944472318,0.25744307447723036,0.0,0.009844972115008389,1800000,18000000,18473400000,606.45
933,0.8391021125816753,0.2543943692064739,0.0009672104004531808,0.009812210174860397,1800000,18000000,18493200000,607.1
934,0.8423982699422649,0.2562943627192194,0.00027250212280287707,0.009779557259370852,1800000,18000000,18513000000,607.75
935,0.840216311837138,0.2590381842446623,0.0,0.00974701300572925,1800000,18000000,18532800000,608.4
936,0.841495072451586,0.25912023964781644,0.0012636110238242698,0.009714577052332429,1800000,18000000,18552600000,609.0500000000001
937,0.8389613104229481,0.26211200730223166,3.650067381908567e-05,0.00968224903878058,1800000,18000000,18572400000,609.7
938,0.8407012461553882,0.2607998316025771,0.0013803448606550344,0.009650028605873223,1800000,18000000,18592200000,610.35
939,0.8430367978664871,0.25679948590437257,0.0008341372177906295,0.009617915395605208,1800000,18000000,18612000000,611.0
940,0.8362263513189155,0.2578544821449118,0.00014621133514674178,0.009585909051162758,1800000,18000000,18631800000,611.65
941,0.8422366070510314,0.26196831690642597,0.0,0.009554009216919498,1800000,18000000,18651600000,612.3000000000001
942,0.8406980992114139,0.26318276051152373,0.001325501045395916,0.009522215538432497,1800000,18000000,18671400000,612.95
943,0.8418387852317281,0.2536542154495138,0.0002468233986559554,0.009490527662438332,1800000,18000000,18691200000,613.6
944,0.8395345620905837,0.25464209095111895,0.0,0.00945894523684917,1800000,18000000,18711000000,614.25
945,0.840882911160319,0.2539454514807104,0.0012114446279978314,0.009427467910748841,1800000,18000000,18730800000,614.9
946,0.8382826818533096,0.26261609461810936,0.0022056816484110862,0.009396095334388952,1800000,18000000,18750600000,615.5500000000001
947,0.837301326101468,0.25890403038798765,0.0001583232243600745,0.009364827159185005,1800000,18000000,18770400000,616.2
948,0.8418314537653135,0.2563214844667211,0.0004184104128339318,0.009333663037712504,1800000,18000000,18790200000,616.85
949,0.8406451919776454,0.25606784180609277,0.00035825635479504777,0.009302602623703115,1800000,18000000,18810000000,617.5
950,0.841398168418027,0.2618282076086994,0.0,0.009271645572040809,1800000,18000000,18829800000,618.15
951,0.8387878849105921,0.2661270695330499,0.0007270456305676191,0.00924079153875802,1800000,18000000,18849600000,618.8000000000001
952,0.8415999925057729,0.2534165889260524,0.00016264238440402245,0.009210040181031845,1800000,18000000,18869400000,619.45
953,0.8409528496784362,0.2590266090961165,0.0,0.009179391157180212,1800000,18000000,18889200000,620.1
954,0.8392557173154884,0.25876811455593185,0.000411383847397575,0.009148844126658095,1800000,18000000,18909000000,620.75
955,0.8367127107721367,0.2607526425743741,0.0,0.009118398750053738,1800000,18000000,18928800000,621.4
956,0.8402171348757161,0.2547486910150772,0.0005841098365501943,0.009088054689084853,1800000,18000000,18948600000,622.0500000000001
957,0.838704836558092,0.25985783705738996,0.0010310407944390892,0.009057811606594903,1800000,18000000,18968400000,622.7
958,0.8427598395331848,0.2550976995892184,0.00013208394089934765,0.009027669166549323,1800000,18000000,18988200000,623.35
959,0.8390468561102415,0.25634243014270774,0.00042100833059508836,0.008997627034031805,1800000,18000000,19008000000,624.0
960,0.8409819612658644,0.2630702308551882,0.0021816798624311714,0.008967684875240566,1800000,18000000,19027800000,624.65
961,0.8364109154253333,0.26423749428464555,0.0,0.00893784235748465,1800000,18000000,19047600000,625.3000000000001
962,0.8412538698546067,0.2599695349150273,0.003015862895309765,0.008908099149180209,1800000,18000000,19067400000,625.95
963,0.8391513514410127,0.26099776967170746,0.0006103888503617415,0.008878454919846852,1800000,18000000,19087200000,626.6
964,0.8406252890926847,0.25767157721435197,0.0018804191109415946,0.008848909340103947,1800000,18000000,19107000000,627.25
965,0.8399490770276605,0.25704866945258364,0.0,0.00881946208166697,1800000,18000000,19126800000,627.9
966,0.8402101746542323,0.2595369182478354,0.00014763000674158358,0.008790112817343857,1800000,18000000,19146600000,628.5500000000001
967,0.841973226815908,0.2556711262999262,0.00018650590436935735,0.008760861221031375,1800000,18000000,19166400000,629.2
968,0.8377731263924711,0.26393946511927713,4.347396939486997e-05,0.008731706967711477,1800000,18000000,19186200000,629.85
969,0.8403441504914362,0.26132594016433275,0.0,0.008702649733447719,1800000,18000000,19206000000,630.5
970,0.8409503978565621,0.26478280362556655,0.001827638738424142,0.008673689195381645,1800000,18000000,19225800000,631.15
971,0.839884280946327,0.26250219151714876,0.002473367623597525,0.0086448250317292,1800000,18000000,19245600000,631.8000000000001
972,0.8404469421911315,0.2625944190010965,0.0024254986332438015,0.008616056921777155,1800000,18000000,19265400000,632.45
973,0.8385302499699346,0.2592135429436594,0.0009754369130176386,0.008587384545879555,1800000,18000000,19285200000,633.1
974,0.8384218835277357,0.2633794706605665,0.0011637251429460669,0.00855880758545414,1800000,18000000,19305000000,633.75
975,0.8404952697497068,0.25246195977572605,0.0012872865991688165,0.008530325722978842,1800000,18000000,19324800000,634.4
976,0.8397595183299515,0.25801460137138055,0.0004108131204774953,0.008501938641988227,1800000,18000000,19344600000,635.0500000000001
977,0.839563828557851,0.25903038215380747,0.0,0.00847364602706999,1800000,18000000,19364400000,635.7
978,0.839784104849921,0.25381080495063074,0.0,0.008445447563861456,1800000,18000000,19384200000,636.35
979,0.8418856105889111,0.26289976337139853,0.0,0.008417342939046071,1800000,18000000,19404000000,637.0
980,0.8412026208767087,0.25752000007408865,0.0,0.008389331840349944,1800000,18000000,19423800000,637.65
981,0.8416257281829745,0.2612876570832008,0.0008033029652005556,0.008361413956538348,1800000,18000000,19443600000,638.3000000000001
982,0.8408343699702796,0.2615944422540643,0.0,0.008333588977412296,1800000,18000000,19463400000,638.95
983,0.8386158618038692,0.2614800760539456,0.00028330787336042587,0.008305856593805061,1800000,18000000,19483200000,639.6
984,0.8383361544001935,0.2579415180196526,0.0018322739310573525,0.008278216497578768,1800000,18000000,19503000000,640.25
985,0.8410760589788883,0.2648080758752479,0.0007460645487837144,0.008250668381620944,1800000,18000000,19522800000,640.9
986,0.8391782566694967,0.25880468981673777,0.0002771839763051356,0.008223211939841133,1800000,18000000,19542600000,641.5500000000001
987,0.8393557019245396,0.2574003838951846,0.0001954693204219484,0.008195846867167478,1800000,18000000,19562400000,642.2
988,0.839874874463968,0.26550932667719557,0.0010795989092149683,0.008168572859543331,1800000,18000000,19582200000,642.85
989,0.8398026594217652,0.2636758041966172,0.0,0.008141389613923886,1800000,18000000,19602000000,643.5
990,0.8390452696300658,0.26007630564267836,0.0009377304725171427,0.008114296828272803,1800000,18000000,19621800000,644.15
991,0.8426859677803386,0.25798369126504506,0.00026623031282366823,0.008087294201558844,1800000,18000000,19641600000,644.8000000000001
992,0.839601901436272,0.2622434906143191,0.0028820259174171968,0.00806038143375255,1800000,18000000,19661400000,645.45
993,0.84384537512015,0.2567268880159942,0.0,0.008033558225822888,1800000,18000000,19681200000,646.1
994,0.8417396621460045,0.25847975331719764,0.0009783370873692329,0.008006824279733942,1800000,18000000,19701000000,646.75
995,0.8407571012834446,0.2606888306194504,0.00039565837874797803,0.00798017929844159,1800000,18000000,19720800000,647.4
996,0.8408550914275913,0.26094463802998324,0.0008693273056939181,0.007953622985890214,1800000,18000000,19740600000,648.0500000000001
997,0.842020987650741,0.26139722349417377,0.0006104459292411966,0.007927155047009393,1800000,18000000,19760400000,648.7
998,0.8412019049918081,0.25720158672366367,0.0013224055199915602,0.007900775187710651,1800000,18000000,19780200000,649.35
999,0.8433911549134678,0.2522727578043301,0.0,0.007874483114884165,1800000,18000000,19800000000,650.0
