round,test_accuracy,train_objective,mfg,hfr_tau,downlink_bytes,uplink_bytes,cumulative_serialized_bytes,single_device_elapsed_seconds
0,0.4992175422571313,0.599080388452872,0.11989064070994299,0.35,1800000,18000000,19800000,0.65
1,0.5015537783406223,0.5976376900359749,0.1207519390885934,0.3488352756190831,1800000,18000000,39600000,1.3
2,0.5024836916022609,0.6001419893877715,0.11857686876325617,0.34767442718926206,1800000,18000000,59400000,1.9500000000000002
3,0.5042805994836893,0.5977056088978631,0.11900714841900492,0.34651744181220884,1800000,18000000,79200000,2.6
4,0.502342080590181,0.5985570393005996,0.11789924541179618,0.3453643066325185,1800000,18000000,99000000,3.25
5,0.5053552352403603,0.5962367625940488,0.11720903957248457,0.3442150088375661,1800000,18000000,118800000,3.9000000000000004
6,0.5062269743021598,0.5891973971941102,0.11692779586062114,0.3430695356573643,1800000,18000000,138600000,4.55
7,0.5070520768690261,0.5913568454467646,0.11631340519433678,0.3419278743644216,1800000,18000000,158400000,5.2
8,0.5078544585386958,0.5896735261670843,0.11621422779799626,0.34079001227360073,1800000,18000000,178200000,5.8500000000000005
9,0.5102714311649609,0.588556827347037,0.11624276967917273,0.33965593674197786,1800000,18000000,198000000,6.5
10,0.5099024392058248,0.5936132382741582,0.11596048103769781,0.33852563516870204,1800000,18000000,217800000,7.15
11,0.5066880338721834,0.5942733497431446,0.11429652007104167,0.3373990949948554,1800000,18000000,237600000,7.800000000000001
12,0.5100821212271114,0.5849204674815346,0.11431670951625808,0.3362763037033131,1800000,18000000,257400000,8.450000000000001
13,0.51655697116097,0.5838200119958946,0.11462396119323362,0.335157248818605,1800000,18000000,277200000,9.1
14,0.5154632915750894,0.5806573122894853,0.11413464749968867,0.3340419179067763,1800000,18000000,297000000,9.75
15,0.5150835396075751,0.5882652374618859,0.112620977291273,0.33293029857524986,1800000,18000000,316800000,10.4
16,0.5137011084841153,0.5833593591103622,0.11324241168075153,0.3318223784726884,1800000,18000000,336600000,11.05
17,0.5149798674183962,0.5868889095763475,0.11136162059780506,0.3307181452888571,1800000,18000000,356400000,11.700000000000001
18,0.5167691346284095,0.5826789161477159,0.1122822987166884,0.32961758675448705,1800000,18000000,376200000,12.35
19,0.5177638303697433,0.5833020337761918,0.11135268133176214,0.32852069064113865,1800000,18000000,396000000,13.0
20,0.5182278639401628,0.5872793229976166,0.11016489418708532,0.3274274447610662,1800000,18000000,415800000,13.65
21,0.5185837518395939,0.5852042707562797,0.11119839779248497,0.32633783696708185,1800000,18000000,435600000,14.3
22,0.520631340301668,0.5805046629611397,0.1083336344385145,0.3252518551524212,1800000,18000000,455400000,14.950000000000001
23,0.5212424420779375,0.5810953861979147,0.11003326693133096,0.32416948725060846,1800000,18000000,475200000,15.600000000000001
24,0.5208419295494381,0.5819817514421552,0.10955408392806022,0.3230907212353225,1800000,18000000,495000000,16.25
25,0.5208356804569716,0.5839986575827373,0.10874853208871135,0.32201554512026315,1800000,18000000,514800000,16.900000000000002
26,0.5180224776260334,0.5787768862820657,0.10913383429182923,0.320943946959018,1800000,18000000,534600000,17.55
27,0.5244635368582139,0.5715189318244518,0.10833263188736594,0.31987591484492983,1800000,18000000,554400000,18.2
28,0.5253459365469874,0.5703691818893456,0.10880139031295677,0.3188114369109642,1800000,18000000,574200000,18.85
29,0.5238983942454785,0.5741095155155688,0.10572275000204422,0.3177505013295776,1800000,18000000,594000000,19.5
30,0.5243025730800319,0.5751612895210153,0.10648007327372057,0.3166930963125858,1800000,18000000,613800000,20.150000000000002
31,0.5293707175440598,0.5673451151801524,0.10801424563673098,0.3156392101110335,1800000,18000000,633600000,20.8
32,0.5272178098104394,0.5707775296437875,0.10386226159744262,0.3145888310150631,1800000,18000000,653400000,21.45
33,0.5251801405194763,0.5756623730599815,0.10454409849444814,0.3135419473537849,1800000,18000000,673200000,22.1
34,0.5299068064984702,0.5720564415839002,0.1047443686657071,0.31249854749514744,1800000,18000000,693000000,22.75
35,0.5292639315294836,0.5648755472635465,0.10483751600491849,0.3114586198458083,1800000,18000000,712800000,23.400000000000002
36,0.5296550805737194,0.5674502566918023,0.10465294094876805,0.3104221528510051,1800000,18000000,732600000,24.05
37,0.5316883344190807,0.572713189339219,0.10220737387212236,0.3093891349944272,1800000,18000000,752400000,24.7
38,0.5300720411921611,0.5670417888213435,0.1035794880123736,0.30835955479808785,1800000,18000000,772200000,25.35
39,0.5280222371833836,0.5710632508749668,0.10336136281131258,0.30733340082219646,1800000,18000000,792000000,26.0
40,0.5317054305018214,0.56498217371006,0.10307794521219285,0.3063106616650316,1800000,18000000,811800000,26.650000000000002
41,0.5352274441528323,0.5685356392155622,0.10233362029989132,0.3052913259628144,1800000,18000000,831600000,27.3
42,0.5379555576636756,0.5649166325455006,0.10270498290823815,0.304275382389582,1800000,18000000,851400000,27.95
43,0.5387417559260707,0.5597539910497072,0.10188380339997237,0.3032628196570622,1800000,18000000,871200000,28.6
44,0.5355731194889527,0.5679414518485166,0.0990084878336153,0.3022536265145474,1800000,18000000,891000000,29.25
45,0.5356933514970468,0.560683021492181,0.09903029795865914,0.3012477917487702,1800000,18000000,910800000,29.900000000000002
46,0.540735548972482,0.5586824060001847,0.10116142285726101,0.30024530418377837,1800000,18000000,930600000,30.55
47,0.5388505935650305,0.5633842491416554,0.09836832971828578,0.2992461526808108,1800000,18000000,950400000,31.200000000000003
48,0.5372930347908283,0.5590233826803072,0.10002442033854952,0.2982503261381739,1800000,18000000,970200000,31.85
49,0.5392020660572941,0.5640802220598056,0.0989877029625418,0.2972578134911182,1800000,18000000,990000000,32.5
50,0.540787439360145,0.561731956149051,0.09885219152671917,0.29626860371171493,1800000,18000000,1009800000,33.15
51,0.5407907721351365,0.5596160913880743,0.09798495502374968,0.2952826858087343,1800000,18000000,1029600000,33.800000000000004
52,0.5415952114691598,0.5534713985510622,0.09753905010699199,0.29430004882752275,1800000,18000000,1049400000,34.45
53,0.5439269840818348,0.5528803620381202,0.09592633653951663,0.29332068184988147,1800000,18000000,1069200000,35.1
54,0.5462496888499098,0.5558419641296289,0.09676264173717788,0.2923445739939452,1800000,18000000,1089000000,35.75
55,0.5479505502452833,0.5475167216189986,0.09585287343661675,0.29137171441406096,1800000,18000000,1108800000,36.4
56,0.5440581008769435,0.5520189530335281,0.09599685306804849,0.2904020923006678,1800000,18000000,1128600000,37.050000000000004
57,0.5468957016097413,0.5523381912806213,0.09449791459096486,0.2894356968801768,1800000,18000000,1148400000,37.7
58,0.5474555352860746,0.5517040758166112,0.09462603239426434,0.2884725174148511,1800000,18000000,1168200000,38.35
59,0.5472112034676819,0.5573021922962674,0.09356318960134763,0.2875125432026867,1800000,18000000,1188000000,39.0
60,0.5479041827062319,0.5505242212064039,0.0927661712218421,0.2865557635772936,1800000,18000000,1207800000,39.65
61,0.5478900795524811,0.5513324913713841,0.09439975514044371,0.2856021679077773,1800000,18000000,1227600000,40.300000000000004
62,0.5481977237735431,0.5548257082557375,0.0939479548644229,0.28465174559862044,1800000,18000000,1247400000,40.95
63,0.5516589834853992,0.5424208375757089,0.09504516322588713,0.28370448608956544,1800000,18000000,1267200000,41.6
64,0.5511221679688864,0.5519549158470825,0.09311596967013064,0.2827603788554969,1800000,18000000,1287000000,42.25
65,0.5515119749306117,0.5447518343517787,0.0933741215337324,0.28181941340632466,1800000,18000000,1306800000,42.9
66,0.5531021787590389,0.5460906326007333,0.09136703858020914,0.28088157928686747,1800000,18000000,1326600000,43.550000000000004
67,0.5543619539509398,0.5376114224910834,0.09159067374454406,0.2799468660767365,1800000,18000000,1346400000,44.2
68,0.5546576058869573,0.5424550893283187,0.09188000090478123,0.2790152633902198,1800000,18000000,1366200000,44.85
69,0.5538241069136047,0.5425160086472899,0.09212625464095628,0.2780867608761669,1800000,18000000,1386000000,45.5
70,0.5555585929117544,0.5483083837370131,0.09020587416191254,0.2771613482178736,1800000,18000000,1405800000,46.15
71,0.5567094210189114,0.5476073189658537,0.09074112172525156,0.27623901513296745,1800000,18000000,1425600000,46.800000000000004
72,0.5591848062569661,0.5422720697098695,0.09007880361071914,0.2753197513732937,1800000,18000000,1445400000,47.45
73,0.5574047391089112,0.5432551904775575,0.09072507355981978,0.274403546724801,1800000,18000000,1465200000,48.1
74,0.5590810004673079,0.5421404255842205,0.08985957853063802,0.27349039100742834,1800000,18000000,1485000000,48.75
75,0.5585889058288918,0.5415848103314154,0.09047117844405299,0.2725802740749917,1800000,18000000,1504800000,49.4
76,0.5597397796160339,0.5407455156625323,0.08955148370540678,0.27167318581507127,1800000,18000000,1524600000,50.050000000000004
77,0.5589073792747609,0.5430912493052104,0.08919227051884591,0.2707691161488994,1800000,18000000,1544400000,50.7
78,0.5584795417581417,0.5429078550477529,0.08850021106378476,0.26986805503124817,1800000,18000000,1564200000,51.35
79,0.5589080275644579,0.5352604719238473,0.08694121423324269,0.26896999245031816,1800000,18000000,1584000000,52.0
80,0.5626239438041631,0.5416540663226688,0.0875137670243433,0.26807491842762704,1800000,18000000,1603800000,52.65
81,0.5606278378155527,0.5415193893905057,0.08791974560945079,0.2671828230178986,1800000,18000000,1623600000,53.300000000000004
82,0.5650544921190814,0.5372279869338844,0.08559577242932784,0.2662936963089525,1800000,18000000,1643400000,53.95
83,0.5646950585351215,0.5353538357100612,0.08685183241041865,0.26540752842159393,1800000,18000000,1663200000,54.6
84,0.565113238960842,0.5324735329349534,0.08803831498441025,0.2645243095095039,1800000,18000000,1683000000,55.25
85,0.5659020600731222,0.531093643535822,0.08315374657901504,0.26364402975912987,1800000,18000000,1702800000,55.9
86,0.5651419648338494,0.5381601159955547,0.08549533724848281,0.26276667938957665,1800000,18000000,1722600000,56.550000000000004
87,0.567259347966747,0.5329774521157294,0.0843015366311571,0.2618922486524978,1800000,18000000,1742400000,57.2
88,0.567312030372689,0.531739367639964,0.08458707729090188,0.26102072783198726,1800000,18000000,1762200000,57.85
89,0.5704945030634059,0.5330864016334012,0.08327765812425328,0.2601521072444713,1800000,18000000,1782000000,58.5
90,0.5716368194046232,0.5264793314626981,0.08478900752639405,0.25928637723860126,1800000,18000000,1801800000,59.15
91,0.5693709931273245,0.5294896697089193,0.08547913120465953,0.2584235281951458,1800000,18000000,1821600000,59.800000000000004
92,0.5706902329449569,0.5258205281835531,0.08282598636088928,0.25756355052688457,1800000,18000000,1841400000,60.45
93,0.570493765371738,0.5249014320859949,0.08389352513165133,0.25670643467850124,1800000,18000000,1861200000,61.1
94,0.5730211402146591,0.5277308656883586,0.08178497547607277,0.2558521711264775,1800000,18000000,1881000000,61.75
95,0.5715847258492399,0.5268776758832991,0.08231285895360402,0.2550007503789875,1800000,18000000,1900800000,62.400000000000006
96,0.5717181370694683,0.5238805975597284,0.08240039829321982,0.2541521629757918,1800000,18000000,1920600000,63.050000000000004
97,0.5731799876683682,0.5244626712369916,0.08151949699211704,0.2533063994881328,1800000,18000000,1940400000,63.7
98,0.5720583266378955,0.5322480867810794,0.08272533056054863,0.2524634505186297,1800000,18000000,1960200000,64.35000000000001
99,0.5754733963290274,0.5253898156753083,0.07921539808225955,0.25162330670117417,1800000,18000000,1980000000,65.0
100,0.5761439894782131,0.5232938805026902,0.07919007089637603,0.2507859587008262,1800000,18000000,1999800000,65.65
101,0.574799643952275,0.5284786687050624,0.07872579583726504,0.24995139721371062,1800000,18000000,2019600000,66.3
102,0.5778229404029254,0.514721540855004,0.07798292166059047,0.24911961296691337,1800000,18000000,2039400000,66.95
103,0.5800308486895239,0.5210337219714547,0.08128167316073844,0.24829059671837875,1800000,18000000,2059200000,67.60000000000001
104,0.5774522855204989,0.5230746546646821,0.07863493584810992,0.24746433925680647,1800000,18000000,2079000000,68.25
105,0.5763689034867296,0.5214059496577246,0.07805437636442145,0.2466408314015497,1800000,18000000,2098800000,68.9
106,0.5789852123672339,0.5185885370788819,0.07850315424105626,0.24582006400251258,1800000,18000000,2118600000,69.55
107,0.5815509559045918,0.5154472558349049,0.07739206215850226,0.24500202794004897,1800000,18000000,2138400000,70.2
108,0.5813842335845506,0.5187009866321635,0.07708387035737116,0.24418671412486084,1800000,18000000,2158200000,70.85000000000001
109,0.5807760379758662,0.5218882455980178,0.07896834192719236,0.24337411349789742,1800000,18000000,2178000000,71.5
110,0.5813772411711845,0.5234095546975337,0.07720972435217585,0.24256421703025452,1800000,18000000,2197800000,72.15
111,0.585703581512916,0.5164198187884312,0.07681593707702102,0.24175701572307412,1800000,18000000,2217600000,72.8
112,0.5831372524672924,0.5211313880706465,0.07747613174130426,0.2409525006074445,1800000,18000000,2237400000,73.45
113,0.5815313530170875,0.5173521900131466,0.07844567422133199,0.24015066274430058,1800000,18000000,2257200000,74.10000000000001
114,0.5852974326098063,0.520366111793506,0.0764220523982586,0.23935149322432453,1800000,18000000,2277000000,74.75
115,0.5857686318993466,0.5162593876772704,0.07678336609456271,0.23855498316784673,1800000,18000000,2296800000,75.4
116,0.589624772395787,0.5067620382397948,0.07500786130613851,0.23776112372474734,1800000,18000000,2316600000,76.05
117,0.58478658650063,0.5179962309533497,0.07413200840054182,0.2369699060743576,1800000,18000000,2336400000,76.7
118,0.5861485056270586,0.5123243725428509,0.07475154821277634,0.23618132142536227,1800000,18000000,2356200000,77.35000000000001
119,0.5877292558224417,0.5087282503686225,0.07409984802339575,0.2353953610157015,1800000,18000000,2376000000,78.0
120,0.5877857782531424,0.5116531480654015,0.07427939226740785,0.23461201611247376,1800000,18000000,2395800000,78.65
121,0.586663093592588,0.5122630401901732,0.07384219035267861,0.23383127801183873,1800000,18000000,2415600000,79.3
122,0.5914365532961459,0.5096073204033489,0.07412509446418897,0.23305313803892064,1800000,18000000,2435400000,79.95
123,0.591973620886916,0.5107121326169276,0.07099545936829049,0.23227758754771177,1800000,18000000,2455200000,80.60000000000001
124,0.5930732347804345,0.5082316221847231,0.07425652107345752,0.23150461792097646,1800000,18000000,2475000000,81.25
125,0.5914126795459851,0.5109804252525556,0.07269483371172095,0.2307342205701553,1800000,18000000,2494800000,81.9
126,0.5934699253044667,0.5038014812651399,0.07237064637190414,0.22996638693526986,1800000,18000000,2514600000,82.55
127,0.5915239692776352,0.509916418773805,0.07181717294881164,0.22920110848482736,1800000,18000000,2534400000,83.2
128,0.5965052112152008,0.5013252236217337,0.07231726685721314,0.22843837671572612,1800000,18000000,2554200000,83.85000000000001
129,0.5959142832099994,0.5071793379196164,0.07316924629005601,0.22767818315316077,1800000,18000000,2574000000,84.5
130,0.5936550641074331,0.5092186864959547,0.07102024524089566,0.2269205193505284,1800000,18000000,2593800000,85.15
131,0.594930254629394,0.5042363037682082,0.07217272949698297,0.2261653768893345,1800000,18000000,2613600000,85.8
132,0.5964783206121055,0.501347521926301,0.07109894662782316,0.22541274737909947,1800000,18000000,2633400000,86.45
133,0.5961017900931477,0.5029075687598298,0.07001711352896056,0.22466262245726548,1800000,18000000,2653200000,87.10000000000001
134,0.5952206754112935,0.5033695433850495,0.07038847899700007,0.22391499378910354,1800000,18000000,2673000000,87.75
135,0.5962981756839405,0.5056740462529378,0.06919575464830875,0.22316985306762066,1800000,18000000,2692800000,88.4
136,0.5970859838419407,0.5038451668189768,0.06979895892626801,0.22242719201346783,1800000,18000000,2712600000,89.05
137,0.5995824127003815,0.5043244561704131,0.0696514185174586,0.22168700237484795,1800000,18000000,2732400000,89.7
138,0.6013200052644398,0.49588426492233273,0.06889858465466382,0.22094927592742405,1800000,18000000,2752200000,90.35000000000001
139,0.6004987885777398,0.5036234841245444,0.07044751264525581,0.22021400447422812,1800000,18000000,2772000000,91.0
140,0.6011981273742348,0.5012071866506597,0.0682765882258124,0.2194811798455696,1800000,18000000,2791800000,91.65
141,0.5984815101924724,0.5004007967226545,0.06755737733146874,0.21875079389894525,1800000,18000000,2811600000,92.3
142,0.5993997143272215,0.500910198603056,0.0688842850167825,0.21802283851894808,1800000,18000000,2831400000,92.95
143,0.601409654398713,0.4960646454659275,0.06928748931914416,0.21729730561717747,1800000,18000000,2851200000,93.60000000000001
144,0.6030592888226282,0.5007176253477029,0.06736235391880124,0.2165741871321493,1800000,18000000,2871000000,94.25
145,0.6027505407645685,0.491782644523939,0.06664649948137183,0.21585347502920627,1800000,18000000,2890800000,94.9
146,0.60448642949534,0.4920624975482531,0.06813779568287533,0.2151351613004287,1800000,18000000,2910600000,95.55
147,0.6046887389169749,0.49312437794533465,0.06773452642724195,0.21441923796454562,1800000,18000000,2930400000,96.2
148,0.6053962037208648,0.4917626320750989,0.06583692454323276,0.21370569706684586,1800000,18000000,2950200000,96.85000000000001
149,0.6054511443091938,0.49563458896576007,0.06663483501637357,0.2129945306790899,1800000,18000000,2970000000,97.5
150,0.6061215042657575,0.49529158262917117,0.06557007886508204,0.21228573089942168,1800000,18000000,2989800000,98.15
151,0.6071087525838699,0.4930483979685873,0.06587182499946055,0.2115792898522808,1800000,18000000,3009600000,98.8
152,0.6062087947260902,0.4914708378964128,0.06524197492161941,0.21087519968831503,1800000,18000000,3029400000,99.45
153,0.6060410189886885,0.4934650052817082,0.06419523370625117,0.21017345258429304,1800000,18000000,3049200000,100.10000000000001
154,0.6092923168441169,0.4968034219607785,0.0646571958348234,0.20947404074301768,1800000,18000000,3069000000,100.75
155,0.608637729709868,0.4866850883944248,0.0639738848074998,0.20877695639323893,1800000,18000000,3088800000,101.4
156,0.6101804365777599,0.4889298016527919,0.06478375469747041,0.20808219178956802,1800000,18000000,3108600000,102.05
157,0.6137454682349924,0.48698191609766284,0.0649033505346714,0.2073897392123911,1800000,18000000,3128400000,102.7
158,0.6112955526856624,0.48941633957665215,0.06273188960661476,0.20669959096778348,1800000,18000000,3148200000,103.35000000000001
159,0.6079123744777075,0.4901147954096712,0.061769990279872636,0.20601173938742431,1800000,18000000,3168000000,104.0
160,0.6127755292835514,0.49121820600585536,0.061557319119845536,0.20532617682851112,1800000,18000000,3187800000,104.65
161,0.6138765752001764,0.48832636537439766,0.0627903936277506,0.2046428956736751,1800000,18000000,3207600000,105.3
162,0.6106221536164597,0.49105907342745403,0.0632305775667907,0.20396188833089637,1800000,18000000,3227400000,105.95
163,0.6154340895110716,0.47998160743388757,0.06268661823054122,0.2032831472334197,1800000,18000000,3247200000,106.60000000000001
164,0.6148021031703829,0.48525683092489713,0.06243356103466046,0.20260666483967038,1800000,18000000,3267000000,107.25
165,0.612524273683079,0.4845495223085082,0.06392412292759243,0.20193243363317032,1800000,18000000,3286800000,107.9
166,0.6126289540241313,0.48845627239483336,0.06096394442458407,0.20126044612245486,1800000,18000000,3306600000,108.55
167,0.6139511616719492,0.486491915145145,0.0640748985191558,0.20059069484098904,1800000,18000000,3326400000,109.2
168,0.6154964583869832,0.48170180157173553,0.06122909278452054,0.1999231723470852,1800000,18000000,3346200000,109.85000000000001
169,0.6153193246712519,0.48535078690003985,0.06188788267698682,0.1992578712238198,1800000,18000000,3366000000,110.5
170,0.6173190411583404,0.47895614021256505,0.06083097077920987,0.19859478407895134,1800000,18000000,3385800000,111.15
171,0.6183317253050233,0.4823029529765528,0.058007418414211746,0.19793390354483797,1800000,18000000,3405600000,111.8
172,0.6175620783530283,0.48016736827618395,0.06078227121116141,0.19727522227835592,1800000,18000000,3425400000,112.45
173,0.6179746190970967,0.48231837550986684,0.060597051987405046,0.1966187329608177,1800000,18000000,3445200000,113.10000000000001
174,0.6189757368393127,0.48042052218594056,0.05900917311415431,0.1959644282978907,1800000,18000000,3465000000,113.75
175,0.6187065143929987,0.4801589322774074,0.06000454355447192,0.19531230101951647,1800000,18000000,3484800000,114.4
176,0.619051172948147,0.47632408794028475,0.059812898469823815,0.1946623438798296,1800000,18000000,3504600000,115.05
177,0.6205340253049736,0.48468342109990126,0.057749294198928595,0.19401454965707748,1800000,18000000,3524400000,115.7
178,0.6206182603364254,0.47833140333272084,0.06054888752678727,0.19336891115353974,1800000,18000000,3544200000,116.35000000000001
179,0.620608238269047,0.47739578925932163,0.05962628745643325,0.1927254211954487,1800000,18000000,3564000000,117.0
180,0.6231390890663747,0.48097490663235354,0.059718664678657454,0.19208407263290928,1800000,18000000,3583800000,117.65
181,0.622947615461431,0.47544217880916284,0.05900249559177068,0.19144485833981967,1800000,18000000,3603600000,118.3
182,0.6208815574288329,0.47610365057886467,0.05869949212402578,0.19080777121379236,1800000,18000000,3623400000,118.95
183,0.6239940645219673,0.47439107505814365,0.05758021533936169,0.19017280417607493,1800000,18000000,3643200000,119.60000000000001
184,0.6258527133195138,0.47390270799556566,0.05660993582479987,0.1895399501714715,1800000,18000000,3663000000,120.25
185,0.6221523696471161,0.4783113057095069,0.05751351250378978,0.1889092021682644,1800000,18000000,3682800000,120.9
186,0.6245854223095191,0.47687085113410277,0.057538609638382296,0.18828055315813605,1800000,18000000,3702600000,121.55
187,0.6260387633792533,0.4740369261002853,0.05728079473552502,0.18765399615609096,1800000,18000000,3722400000,122.2
188,0.6267586752486215,0.473970076139762,0.05647942598244342,0.18702952420037813,1800000,18000000,3742200000,122.85000000000001
189,0.6241749254276504,0.4810489432908643,0.05734735188951176,0.186407130352414,1800000,18000000,3762000000,123.5
190,0.6292894168523883,0.4670776844357022,0.056569685275632525,0.1857868076967049,1800000,18000000,3781800000,124.15
191,0.6263147975349214,0.474388669998261,0.05640662453612334,0.1851685493407704,1800000,18000000,3801600000,124.80000000000001
192,0.6290241232979031,0.4653347153495108,0.05658794308747857,0.18455234841506699,1800000,18000000,3821400000,125.45
193,0.626786397296205,0.4734314778105039,0.05334882995530422,0.18393819807291129,1800000,18000000,3841200000,126.10000000000001
194,0.6290159019829948,0.4750563338714855,0.054625691470334324,0.18332609149040435,1800000,18000000,3861000000,126.75
195,0.6287018039145498,0.4699671867407302,0.055668033598397865,0.1827160218663556,1800000,18000000,3880800000,127.4
196,0.6313827109048692,0.47303054747247547,0.05464979001424197,0.1821079824222074,1800000,18000000,3900600000,128.05
197,0.6317285298368005,0.4691431681705378,0.05479974721127197,0.1815019664019596,1800000,18000000,3920400000,128.70000000000002
198,0.6328899429382785,0.4608046608333276,0.05438174754475275,0.1808979670720947,1800000,18000000,3940200000,129.35
199,0.6318825302206711,0.47039686765093003,0.053129040647949426,0.18029597772150285,1800000,18000000,3960000000,130.0
200,0.634302171657269,0.46547273561140146,0.054545635977419175,0.1796959916614072,1800000,18000000,3979800000,130.65
201,0.6313029749335057,0.4659655934892723,0.052942376302890316,0.17909800222528985,1800000,18000000,3999600000,131.3
202,0.6309227677347257,0.4676017796950849,0.05252807617379303,0.1785020027688176,1800000,18000000,4019400000,131.95000000000002
203,0.6314790889912725,0.47250869142349317,0.054039788719471786,0.1779079866697681,1800000,18000000,4039200000,132.6
204,0.6327218341882382,0.46608210880793005,0.05143847297012629,0.17731594732795633,1800000,18000000,4059000000,133.25
205,0.6330484162961256,0.4624488054960809,0.05329851942897965,0.1767258781651614,1800000,18000000,4078800000,133.9
206,0.6345708308369543,0.4653297972532063,0.052415506462103405,0.1761377726250531,1800000,18000000,4098600000,134.55
207,0.6341622145209816,0.4666705332745694,0.05158842563860192,0.17555162417311942,1800000,18000000,4118400000,135.20000000000002
208,0.6356841562475498,0.46380590694156676,0.051120293969675275,0.17496742629659376,1800000,18000000,4138200000,135.85
209,0.6359051815571437,0.4609391810522958,0.050944019496241014,0.17438517250438257,1800000,18000000,4158000000,136.5
210,0.6381250168980132,0.46469610457023797,0.05178186733724466,0.17380485632699333,1800000,18000000,4177800000,137.15
211,0.635885418267042,0.46475928268991445,0.05169192188108606,0.17322647131646246,1800000,18000000,4197600000,137.8
212,0.6390732137640384,0.46179785578504795,0.05257479362192923,0.17265001104628397,1800000,18000000,4217400000,138.45000000000002
213,0.6385067263961304,0.4610526498187476,0.050145530110462994,0.17207546911133778,1800000,18000000,4237200000,139.1
214,0.6397279285089918,0.4592579756491575,0.05026396050803857,0.1715028391278187,1800000,18000000,4257000000,139.75
215,0.6411181049949585,0.4568272349662982,0.050085971353156414,0.17093211473316547,1800000,18000000,4276800000,140.4
216,0.6400825745267215,0.4605215572582918,0.049851557417589766,0.1703632895859901,1800000,18000000,4296600000,141.05
217,0.6407461720555443,0.4580047379811521,0.05108244341520465,0.1697963573660072,1800000,18000000,4316400000,141.70000000000002
218,0.6381252317669409,0.4639433450273578,0.051074917171677656,0.1692313117739642,1800000,18000000,4336200000,142.35
219,0.6404135837499343,0.45973852897009687,0.04972544180478574,0.16866814653157083,1800000,18000000,4356000000,143.0
220,0.6450160820634903,0.4533629235271167,0.050383352961191695,0.16810685538142978,1800000,18000000,4375800000,143.65
221,0.6402105302857872,0.4564300608811129,0.049093113972884767,0.16754743208696687,1800000,18000000,4395600000,144.3
222,0.6406502184437645,0.45877517792945666,0.048815310322539024,0.16698987043236202,1800000,18000000,4415400000,144.95000000000002
223,0.6435223472882472,0.4529563395559879,0.04901667624884174,0.16643416422248,1800000,18000000,4435200000,145.6
224,0.6460058073349807,0.4551480348324016,0.04935653370532236,0.1658803072828016,1800000,18000000,4455000000,146.25
225,0.6416505099933754,0.45488768363591975,0.04971408025839285,0.16532829345935512,1800000,18000000,4474800000,146.9
226,0.6452212246303064,0.4539215574636364,0.04944097765831788,0.16477811661864805,1800000,18000000,4494600000,147.55
227,0.6444168421114637,0.4513684630720634,0.048976457787335226,0.1642297706475986,1800000,18000000,4514400000,148.20000000000002
228,0.6473180046159916,0.4490976285722588,0.04727721199010173,0.1636832494534682,1800000,18000000,4534200000,148.85
229,0.6463477625495093,0.4502052071252698,0.04775396402215961,0.1631385469637935,1800000,18000000,4554000000,149.5
230,0.6456245215129196,0.45647115615831585,0.04783795453110319,0.162595657126319,1800000,18000000,4573800000,150.15
231,0.6458135098653369,0.4525358346777334,0.04669762188376798,0.16205457390892983,1800000,18000000,4593600000,150.8
232,0.6467416774717532,0.4543743627541813,0.047343336295344776,0.16151529129958464,1800000,18000000,4613400000,151.45000000000002
233,0.6475407794630438,0.4500514199616282,0.048176421430346734,0.1609778033062489,1800000,18000000,4633200000,152.1
234,0.6479779912436902,0.45094666297980457,0.0458897284143568,0.16044210395682823,1800000,18000000,4653000000,152.75
235,0.6468726487100283,0.45405858867107296,0.048135344668054914,0.1599081872991022,1800000,18000000,4672800000,153.4
236,0.650579444131364,0.44866473073923563,0.04733802203642369,0.15937604740065797,1800000,18000000,4692600000,154.05
237,0.6498978450088504,0.45461865117670447,0.04641680397772338,0.15884567834882454,1800000,18000000,4712400000,154.70000000000002
238,0.6484391729175127,0.4529080453521805,0.04679028787367001,0.15831707425060695,1800000,18000000,4732200000,155.35
239,0.6488068020349339,0.4565326346477548,0.04596986561183928,0.15779022923262095,1800000,18000000,4752000000,156.0
240,0.6531840247599243,0.445559708356088,0.04532313083557914,0.15726513744102755,1800000,18000000,4771800000,156.65
241,0.6510498969191889,0.44918869677294815,0.04602002374420472,0.1567417930414681,1800000,18000000,4791600000,157.3
242,0.6527443467270412,0.45333670263460085,0.04505327020436541,0.1562201902189995,1800000,18000000,4811400000,157.95000000000002
243,0.6481603862816624,0.45669663171535213,0.0439544562470638,0.15570032317802937,1800000,18000000,4831200000,158.6
244,0.652038828751588,0.44577502620788684,0.04647003717613152,0.15518218614225202,1800000,18000000,4851000000,159.25
245,0.6527113821799844,0.444284883894113,0.04590980100519846,0.15466577335458384,1800000,18000000,4870800000,159.9
246,0.6540455832124376,0.4455623309122374,0.043755155745588345,0.15415107907709974,1800000,18000000,4890600000,160.55
247,0.6536493900901562,0.4477460419963286,0.04652587516783405,0.15363809759096905,1800000,18000000,4910400000,161.20000000000002
248,0.6527044697504056,0.44946973466663914,0.04235069789672985,0.15312682319639226,1800000,18000000,4930200000,161.85
249,0.6547873431518446,0.4463164909425652,0.04549231025154766,0.15261725021253744,1800000,18000000,4950000000,162.5
250,0.6540033653641608,0.44730407242139336,0.04442897218176632,0.15210937297747737,1800000,18000000,4969800000,163.15
251,0.6542211302719532,0.44971225227154493,0.04152426920828211,0.1516031858481264,1800000,18000000,4989600000,163.8
252,0.655941883013747,0.4450966915997686,0.04340319508562343,0.15109868320017789,1800000,18000000,5009400000,164.45000000000002
253,0.6550703219165425,0.44806964816944167,0.04265568317036764,0.15059585942804166,1800000,18000000,5029200000,165.1
254,0.6555270264132617,0.445611941035644,0.042755222127613554,0.15009470894478177,1800000,18000000,5049000000,165.75
255,0.6566620701599588,0.43877675059468996,0.04111101526053545,0.14959522618205434,1800000,18000000,5068800000,166.4
256,0.6580057416057105,0.4463837479306403,0.041591164258664104,0.14909740559004572,1800000,18000000,5088600000,167.05
257,0.657840421028839,0.446252556592582,0.043363316553534904,0.14860124163741095,1800000,18000000,5108400000,167.70000000000002
258,0.6589692161207038,0.4469469157058013,0.04365618968834413,0.1481067288112121,1800000,18000000,5128200000,168.35
259,0.6584613450521654,0.4379749996988458,0.04340340661710008,0.14761386161685705,1800000,18000000,5148000000,169.0
260,0.6592959826030982,0.43267962369133706,0.0406071553858052,0.14712263457803865,1800000,18000000,5167800000,169.65
261,0.6594397836236122,0.4444352498920952,0.042015922115642264,0.14663304223667364,1800000,18000000,5187600000,170.3
262,0.6602332872296938,0.438967573557366,0.04169072035353102,0.14614507915284203,1800000,18000000,5207400000,170.95000000000002
263,0.6616287580533085,0.43936929218623194,0.041987713055669916,0.14565873990472678,1800000,18000000,5227200000,171.6
264,0.6584766977345287,0.44219014656108585,0.0424278080337003,0.14517401908855349,1800000,18000000,5247000000,172.25
265,0.6596717692245233,0.4376048294631099,0.04343778437088062,0.14469091131853026,1800000,18000000,5266800000,172.9
266,0.6603570052085355,0.4333995970075999,0.04214527495927772,0.14420941122678804,1800000,18000000,5286600000,173.55
267,0.6603695637368531,0.4398165875540219,0.041004894381806586,0.1437295134633209,1800000,18000000,5306400000,174.20000000000002
268,0.6602565344113492,0.4376617775549173,0.04170236737814722,0.1432512126959265,1800000,18000000,5326200000,174.85
269,0.6628834550848779,0.4304021945866801,0.04159855146959097,0.14277450361014693,1800000,18000000,5346000000,175.5
270,0.6616871930719265,0.4344209878532859,0.04100376058749325,0.14229938090920968,1800000,18000000,5365800000,176.15
271,0.6629786609783188,0.43465514188495774,0.04035211111730269,0.14182583931396875,1800000,18000000,5385600000,176.8
272,0.6646241782535728,0.4360236947270136,0.039930088954784136,0.14135387356284596,1800000,18000000,5405400000,177.45000000000002
273,0.6646686896776234,0.4355628588388814,0.039473623065711505,0.14088347841177257,1800000,18000000,5425200000,178.1
274,0.6656254639079779,0.43744541653724467,0.040546925785274364,0.14041464863413097,1800000,18000000,5445000000,178.75
275,0.6653266710175921,0.43000587618664093,0.0404498341578947,0.13994737902069657,1800000,18000000,5464800000,179.4
276,0.6676426917392353,0.43272481299556903,0.03814902757924424,0.13948166437957993,1800000,18000000,5484600000,180.05
277,0.6656817848858299,0.44116361562663226,0.03738818948751987,0.1390174995361692,1800000,18000000,5504400000,180.70000000000002
278,0.6651048567008313,0.4354605324204165,0.038428205760077536,0.13855487933307245,1800000,18000000,5524200000,181.35
279,0.668825388635576,0.43034761386914994,0.040248633174715685,0.13809379863006038,1800000,18000000,5544000000,182.0
280,0.6646899261084612,0.43423621829335174,0.0396916570508888,0.13763425230400939,1800000,18000000,5563800000,182.65
281,0.6655789162300583,0.4358401705062962,0.040523007282431904,0.1371762352488444,1800000,18000000,5583600000,183.3
282,0.6683558701198694,0.43041606589986037,0.038187644426026374,0.1367197423754824,1800000,18000000,5603400000,183.95000000000002
283,0.6672643941042306,0.43934451250650164,0.03751923387604442,0.13626476861177553,1800000,18000000,5623200000,184.6
284,0.6686831726637364,0.43474241380391515,0.038729796032016726,0.13581130890245519,1800000,18000000,5643000000,185.25
285,0.6699493706953155,0.4305010568437327,0.03820874023100808,0.1353593582090754,1800000,18000000,5662800000,185.9
286,0.6672510641974538,0.4388774053945538,0.038668092599421,0.13490891150995724,1800000,18000000,5682600000,186.55
287,0.6668092637349827,0.43608850361192253,0.03795003922220093,0.13445996380013267,1800000,18000000,5702400000,187.20000000000002
288,0.6703863255530231,0.4244236322307336,0.03937479424063227,0.1340125100912892,1800000,18000000,5722200000,187.85
289,0.6668945291670662,0.43786789958402567,0.037309150344045076,0.13356654541171437,1800000,18000000,5742000000,188.5
290,0.669780973157658,0.43181671931006177,0.03758445945994829,0.13312206480624048,1800000,18000000,5761800000,189.15
291,0.67016457902314,0.4378008225507496,0.0384438092935429,0.1326790633361896,1800000,18000000,5781600000,189.8
292,0.6711398800763029,0.4296629325150264,0.03782215510536463,0.1322375360793185,1800000,18000000,5801400000,190.45000000000002
293,0.673335058133411,0.42061696085042666,0.038916049435250386,0.13179747812976436,1800000,18000000,5821200000,191.1
294,0.6694864489016202,0.43068022833794517,0.03584679970485123,0.13135888459798983,1800000,18000000,5841000000,191.75
295,0.6712312910775456,0.42432548793563885,0.03591255214091429,0.13092175061072892,1800000,18000000,5860800000,192.4
296,0.6725856264656165,0.4257725000419945,0.037115904058186266,0.13048607131093282,1800000,18000000,5880600000,193.05
297,0.6710823224124254,0.43072968227623903,0.037734587280918545,0.13005184185771598,1800000,18000000,5900400000,193.70000000000002
298,0.6729795687690295,0.42759840363724827,0.036389651010733784,0.1296190574263022,1800000,18000000,5920200000,194.35
299,0.671899274268842,0.4253059439317198,0.03587290404003462,0.12918771320797112,1800000,18000000,5940000000,195.0
300,0.6728277037287254,0.42186484236095184,0.03586013362587477,0.1287578044100048,1800000,18000000,5959800000,195.65
301,0.6728376797180267,0.4269439926816097,0.03644414884899226,0.12832932625563434,1800000,18000000,5979600000,196.3
302,0.6745548308686912,0.4245762655331857,0.035708185359535974,0.12790227398398704,1800000,18000000,5999400000,196.95000000000002
303,0.6750127123180173,0.4213682051570043,0.037011569476819724,0.12747664285003316,1800000,18000000,6019200000,197.6
304,0.6754274822505392,0.4247707822272722,0.03550347506366654,0.12705242812453352,1800000,18000000,6039000000,198.25
305,0.6771790456429039,0.4195040230010515,0.03618823048770091,0.1266296250939869,1800000,18000000,6058800000,198.9
306,0.6740616515057442,0.4230967167978741,0.03634578399048301,0.1262082290605774,1800000,18000000,6078600000,199.55
307,0.6771842090259736,0.4197067202259916,0.03533805754900755,0.12578823534212255,1800000,18000000,6098400000,200.20000000000002
308,0.6761194370449484,0.41979891955636073,0.03526107725691069,0.12536963927202122,1800000,18000000,6118200000,200.85
309,0.677469733502764,0.4228282619674475,0.033706300309471346,0.12495243619920157,1800000,18000000,6138000000,201.5
310,0.6777732968313618,0.4236928481311142,0.03387194625201316,0.12453662148806965,1800000,18000000,6157800000,202.15
311,0.676380785155778,0.42442874513012513,0.033617849217606584,0.12412219051845777,1800000,18000000,6177600000,202.8
312,0.680164840358267,0.42022164672877044,0.0338779842141841,0.12370913868557305,1800000,18000000,6197400000,203.45000000000002
313,0.6776592711806633,0.42561230915622805,0.03341838326388831,0.12329746139994645,1800000,18000000,6217200000,204.1
314,0.6789630328950085,0.4193689461170119,0.03441512210584809,0.12288715408738168,1800000,18000000,6237000000,204.75
315,0.679296388984886,0.4162251532581249,0.03425593256734296,0.12247821218890435,1800000,18000000,6256800000,205.4
316,0.6764672452360796,0.4269084769987494,0.03416481271376549,0.12207063116071146,1800000,18000000,6276600000,206.05
317,0.6782500946258949,0.42179501615162024,0.034998602728935006,0.12166440647412063,1800000,18000000,6296400000,206.70000000000002
318,0.6811045412406321,0.4181508840131334,0.034903506085104126,0.12125953361552008,1800000,18000000,6316200000,207.35
319,0.6791184884984328,0.42365641811025423,0.03406810667029576,0.12085600808631838,1800000,18000000,6336000000,208.0
320,0.6805074653341092,0.42510987335106654,0.0340405475477244,0.12045382540289432,1800000,18000000,6355800000,208.65
321,0.6807687357903953,0.42025227998283865,0.031743008008075835,0.12005298109654731,1800000,18000000,6375600000,209.3
322,0.6842413333457011,0.4201201118766631,0.03290776185978513,0.11965347071344763,1800000,18000000,6395400000,209.95000000000002
323,0.6830331629923561,0.41835464279875334,0.033389863326984126,0.11925528981458684,1800000,18000000,6415200000,210.6
324,0.6833029466777477,0.4155950081646794,0.03538079404500427,0.11885843397572868,1800000,18000000,6435000000,211.25
325,0.6802921348468226,0.4244117023751507,0.0312337109858036,0.11846289878735977,1800000,18000000,6454800000,211.9
326,0.6843496076904868,0.41998870131589794,0.031827112999875874,0.11806867985464056,1800000,18000000,6474600000,212.55
327,0.6848460724193406,0.41407965073232844,0.03084791433839038,0.11767577279735666,1800000,18000000,6494400000,213.20000000000002
328,0.6842346108473385,0.4142211715490491,0.0312688566627989,0.11728417324987007,1800000,18000000,6514200000,213.85
329,0.6836354489133589,0.41369527806249745,0.03270765654393464,0.11689387686107064,1800000,18000000,6534000000,214.5
330,0.6838769096851186,0.42071506480509835,0.03153354446407953,0.11650487929432783,1800000,18000000,6553800000,215.15
331,0.6814046824181044,0.42147868717656944,0.03195205076597914,0.11611717622744248,1800000,18000000,6573600000,215.8
332,0.6837608698497386,0.4167716048933152,0.03312839451850803,0.1157307633525987,1800000,18000000,6593400000,216.45000000000002
333,0.6862391691240592,0.4098284790159673,0.032885843340264745,0.11534563637631616,1800000,18000000,6613200000,217.1
334,0.6862108199216762,0.4159206730672123,0.031173392752581366,0.11496179101940228,1800000,18000000,6633000000,217.75
335,0.6856832018063377,0.41856100800515433,0.03093247971479999,0.11457922301690467,1800000,18000000,6652800000,218.4
336,0.6841300993875453,0.41670407190009834,0.031082368935571456,0.1141979281180638,1800000,18000000,6672600000,219.05
337,0.6894238731340286,0.4103159636792357,0.030514608531675216,0.11381790208626583,1800000,18000000,6692400000,219.70000000000002
338,0.6891928597710641,0.40778531390900785,0.03130022584112069,0.1134391406989953,1800000,18000000,6712200000,220.35
339,0.6862349448396189,0.41321633975458455,0.03025055956593793,0.11306163974778852,1800000,18000000,6732000000,221.0
340,0.6882182956550443,0.4148891895473112,0.03096747945681745,0.11268539503818656,1800000,18000000,6751800000,221.65
341,0.690616731804304,0.40924659008262737,0.03056283414112894,0.11231040238968878,1800000,18000000,6771600000,222.3
342,0.6894699237691516,0.4087961352205932,0.03064432701878553,0.11193665763570637,1800000,18000000,6791400000,222.95000000000002
343,0.6901571650427755,0.40863010210747425,0.03081707280109881,0.11156415662351593,1800000,18000000,6811200000,223.6
344,0.6908266738848048,0.41202718726781573,0.029713245708490318,0.11119289521421355,1800000,18000000,6831000000,224.25
345,0.6878036842427669,0.4137517904929861,0.028813255681242805,0.11082286928266864,1800000,18000000,6850800000,224.9
346,0.6892038701262274,0.41094138477538666,0.029760071103252423,0.11045407471747809,1800000,18000000,6870600000,225.55
347,0.6903249864843038,0.41481331254431025,0.029239519220304603,0.11008650742092078,1800000,18000000,6890400000,226.20000000000002
348,0.6924653089233834,0.4119179398628487,0.028505778360761427,0.10972016330891185,1800000,18000000,6910200000,226.85
349,0.6892872899898884,0.41057614985123425,0.030290120872967313,0.10935503831095737,1800000,18000000,6930000000,227.5
350,0.6900952492943181,0.4078536527808775,0.029396179097001405,0.10899112837010919,1800000,18000000,6949800000,228.15
351,0.6921352323850013,0.4048955382698594,0.027720409431422635,0.10862842944291975,1800000,18000000,6969600000,228.8
352,0.6905571186351185,0.4106227268735261,0.030183251332598384,0.10826693749939725,1800000,18000000,6989400000,229.45000000000002
353,0.6932327201226812,0.4044418571675971,0.029923084795903984,0.10790664852296081,1800000,18000000,7009200000,230.1
354,0.692763190555429,0.407649332014792,0.029676185949837876,0.10754755851039594,1800000,18000000,7029000000,230.75
355,0.6919992217790197,0.40767774020117414,0.0295307264860839,0.10718966347180982,1800000,18000000,7048800000,231.4
356,0.6956240512923249,0.4074980329832436,0.029547009376179673,0.10683295943058728,1800000,18000000,7068600000,232.05
357,0.6914812796559482,0.40821253386246964,0.02859256411195396,0.10647744242334642,1800000,18000000,7088400000,232.70000000000002
358,0.6896112296825112,0.409176827952335,0.027044634368761887,0.10612310849989458,1800000,18000000,7108200000,233.35
359,0.6910363586882494,0.4118985357012562,0.028175096892959745,0.10576995372318454,1800000,18000000,7128000000,234.0
360,0.6909027391901047,0.4090970643208284,0.03008026145999355,0.10541797416927075,1800000,18000000,7147800000,234.65
361,0.6927099346664831,0.40667100783592597,0.028719083990289645,0.10506716592726555,1800000,18000000,7167600000,235.3
362,0.6930688612945362,0.4095558574295753,0.027130395558123382,0.10471752509929605,1800000,18000000,7187400000,235.95000000000002
363,0.694062945111047,0.408101276642597,0.027915918916206175,0.10436904780046058,1800000,18000000,7207200000,236.6
364,0.6974352900479348,0.4096243307537171,0.029764413696430826,0.1040217301587855,1800000,18000000,7227000000,237.25
365,0.6940291496403406,0.4045306846145726,0.027155588935304627,0.1036755683151824,1800000,18000000,7246800000,237.9
366,0.6954127797476319,0.4061455531945632,0.02587407458829092,0.10333055842340497,1800000,18000000,7266600000,238.55
367,0.6971217476943002,0.40306392898886384,0.027159317779028466,0.10298669665000641,1800000,18000000,7286400000,239.20000000000002
368,0.6971305569553823,0.40703826584679426,0.02778613548351413,0.10264397917429686,1800000,18000000,7306200000,239.85
369,0.6979770438519363,0.39591444126237507,0.02512072242034425,0.10230240218830079,1800000,18000000,7326000000,240.5
370,0.695758910168749,0.40677453675865105,0.02739633969475794,0.10196196189671484,1800000,18000000,7345800000,241.15
371,0.6970702183978029,0.40250575763575014,0.027227479257566353,0.10162265451686568,1800000,18000000,7365600000,241.8
372,0.6961635089967934,0.4005966636105806,0.02801376597451122,0.10128447627866771,1800000,18000000,7385400000,242.45000000000002
373,0.6981381520974079,0.40090645598369107,0.026100612087235082,0.10094742342458156,1800000,18000000,7405200000,243.1
374,0.6969134171032151,0.4038358393661482,0.028115418482792278,0.10061149220957201,1800000,18000000,7425000000,243.75
375,0.6994242906961745,0.40516023397180195,0.026757195919961025,0.10027667890106652,1800000,18000000,7444800000,244.4
376,0.6985063075290568,0.3974551647670406,0.02536104858817638,0.09994297977891384,1800000,18000000,7464600000,245.05
377,0.7003724933548597,0.39872389006869413,0.02737195499474097,0.09961039113534248,1800000,18000000,7484400000,245.70000000000002
378,0.6990282172600498,0.40326190659226796,0.02638170975962798,0.09927890927491963,1800000,18000000,7504200000,246.35
379,0.6976028184340504,0.4017174916751144,0.027675662494454512,0.09894853051451011,1800000,18000000,7524000000,247.0
380,0.6990563291388086,0.3944237713419834,0.026115556454960342,0.09861925118323542,1800000,18000000,7543800000,247.65
381,0.696571646340954,0.4023726406227806,0.02674439353869613,0.09829106762243292,1800000,18000000,7563600000,248.3
382,0.6997678798198614,0.40530593811068777,0.027644598937651386,0.09796397618561521,1800000,18000000,7583400000,248.95000000000002
383,0.7004036460371106,0.3973543395408752,0.026071233550076022,0.09763797323842967,1800000,18000000,7603200000,249.60000000000002
384,0.7016077786637032,0.3998944499691936,0.026420312748961967,0.09731305515861795,1800000,18000000,7623000000,250.25
385,0.70262813249541,0.39969910384023744,0.02673960856047907,0.09698921833597579,1800000,18000000,7642800000,250.9
386,0.7021705507707937,0.39887715069087964,0.0242992703991991,0.09666645917231301,1800000,18000000,7662600000,251.55
387,0.7028965028670385,0.3944946718818061,0.024591524969481197,0.09634477408141331,1800000,18000000,7682400000,252.20000000000002
388,0.7041310912143258,0.3954247271478624,0.02650615550392623,0.09602415948899462,1800000,18000000,7702200000,252.85000000000002
389,0.7049868527830863,0.39301822147524845,0.02540466978504696,0.09570461183266925,1800000,18000000,7722000000,253.5
390,0.7038197942947948,0.3993668883485983,0.026714441889889442,0.0953861275619044,1800000,18000000,7741800000,254.15
391,0.7038382766297147,0.40024814291312355,0.025389376998055525,0.09506870313798271,1800000,18000000,7761600000,254.8
392,0.7039919596331228,0.398637096556859,0.025161071613103887,0.09475233503396285,1800000,18000000,7781400000,255.45000000000002
393,0.70329304521576,0.3988835511946638,0.024441266447311132,0.09443701973464037,1800000,18000000,7801200000,256.1
394,0.70642044073763,0.3908593821822609,0.026091485455431364,0.0941227537365088,1800000,18000000,7821000000,256.75
395,0.7043044223501286,0.3933577722998228,0.02358165969059486,0.0938095335477204,1800000,18000000,7840800000,257.40000000000003
396,0.7025707461291162,0.40091927247447773,0.02399213819357641,0.09349735568804761,1800000,18000000,7860600000,258.05
397,0.704466452916088,0.3927484121045941,0.024516163248256638,0.09318621668884443,1800000,18000000,7880400000,258.7
398,0.7061602749528296,0.39394060877651615,0.02501172421969725,0.09287611309300757,1800000,18000000,7900200000,259.35
399,0.7056681717035121,0.3961006204449279,0.025412201107575322,0.09256704145493838,1800000,18000000,7920000000,260.0
400,0.7060458998446202,0.39714111878099195,0.024807771499102304,0.09225899834050437,1800000,18000000,7939800000,260.65000000000003
401,0.7032428208730036,0.4030693863353688,0.02431224349649074,0.09195198032700107,1800000,18000000,7959600000,261.3
402,0.7066849428459641,0.3977468473317455,0.023869478114726738,0.09164598400311409,1800000,18000000,7979400000,261.95
403,0.70456280865972,0.3966089305088284,0.02486155465835961,0.09134100596888113,1800000,18000000,7999200000,262.6
404,0.7084340815442113,0.39089440380614543,0.023672388772884606,0.09103704283565418,1800000,18000000,8019000000,263.25
405,0.7088886010940876,0.3934617203700275,0.023912495387052434,0.09073409122606202,1800000,18000000,8038800000,263.90000000000003
406,0.706200382267917,0.3938854486960373,0.023312463480737535,0.09043214777397252,1800000,18000000,8058600000,264.55
407,0.7080815264637054,0.3906543145144784,0.024198147903861312,0.09013120912445531,1800000,18000000,8078400000,265.2
408,0.7081967201864259,0.3910568489418872,0.026256092534824582,0.08983127193374456,1800000,18000000,8098200000,265.85
409,0.7068070956497213,0.39370863838681913,0.023936191195916917,0.08953233286920169,1800000,18000000,8118000000,266.5
410,0.7078379065350443,0.38991036553522884,0.02321493204537177,0.08923438860927849,1800000,18000000,8137800000,267.15000000000003
411,0.706975772866612,0.39255272876111785,0.024992137499025638,0.08893743584348009,1800000,18000000,8157600000,267.8
412,0.7065459523678301,0.39309373376491386,0.02245027853024869,0.0886414712723283,1800000,18000000,8177400000,268.45
413,0.706580421059675,0.3955138379269811,0.024323202165681138,0.08834649160732481,1800000,18000000,8197200000,269.1
414,0.7085214328076571,0.3879614235611896,0.02202318122485827,0.08805249357091477,1800000,18000000,8217000000,269.75
415,0.7088254689610858,0.3920294539563458,0.023218589558606666,0.08775947389645031,1800000,18000000,8236800000,270.40000000000003
416,0.7082344694438027,0.3928122092278785,0.024490462549870754,0.0874674293281542,1800000,18000000,8256600000,271.05
417,0.7087331137509661,0.3920695762154655,0.02279214820312123,0.08717635662108388,1800000,18000000,8276400000,271.7
418,0.7095075940580979,0.3901299030711443,0.022253891518002594,0.08688625254109507,1800000,18000000,8296200000,272.35
419,0.7100314546350975,0.3944401769410299,0.022044186525792216,0.08659711386480617,1800000,18000000,8316000000,273.0
420,0.7107176905860598,0.3906076952010596,0.022259988730977304,0.08630893737956227,1800000,18000000,8335800000,273.65000000000003
421,0.7125605805526636,0.38233792853906434,0.020268551889424797,0.0860217198833994,1800000,18000000,8355600000,274.3
422,0.7129665088760798,0.38197462192049453,0.023254784808221338,0.08573545818500913,1800000,18000000,8375400000,274.95
423,0.7128793573300103,0.3851959640139015,0.022668735729806645,0.08545014910370298,1800000,18000000,8395200000,275.6
424,0.7133134390786505,0.3877412674480448,0.022889184681538412,0.08516578946937708,1800000,18000000,8415000000,276.25
425,0.7121920384260425,0.38256659813763977,0.02293573833636984,0.08488237612247704,1800000,18000000,8434800000,276.90000000000003
426,0.7102667634343007,0.38709863284430496,0.022395170206542456,0.08459990591396276,1800000,18000000,8454600000,277.55
427,0.7142307324808707,0.3858527098709669,0.022664816901812483,0.08431837570527342,1800000,18000000,8474400000,278.2
428,0.7130826601947688,0.3858736082601698,0.02374411781394601,0.08403778236829273,1800000,18000000,8494200000,278.85
429,0.712357350645839,0.3921739914702752,0.021203772086343765,0.08375812278531408,1800000,18000000,8514000000,279.5
430,0.710547723659431,0.38998953699254313,0.02286096758209659,0.08347939384900584,1800000,18000000,8533800000,280.15000000000003
431,0.7146234747139445,0.38873286351005043,0.021320488508494325,0.08320159246237699,1800000,18000000,8553600000,280.8
432,0.7118906055702138,0.38943747303198034,0.02180825773491776,0.08292471553874262,1800000,18000000,8573400000,281.45
433,0.7153594782788614,0.38677790181741556,0.02226522802546555,0.08264876000168955,1800000,18000000,8593200000,282.1
434,0.7144887902025421,0.38126292469172746,0.023515728506855894,0.08237372278504237,1800000,18000000,8613000000,282.75
435,0.7158574182592807,0.38420406567048926,0.021228229454948514,0.08209960083282918,1800000,18000000,8632800000,283.40000000000003
436,0.7134262291572234,0.3882501238755295,0.020271402631255122,0.08182639109924764,1800000,18000000,8652600000,284.05
437,0.7150921256078286,0.3829991730453768,0.02277840958835524,0.08155409054863126,1800000,18000000,8672400000,284.7
438,0.7161850691716477,0.37750445958911055,0.021343212409000802,0.08128269615541558,1800000,18000000,8692200000,285.35
439,0.7129959276059747,0.39030373512485494,0.0214345543570769,0.08101220490410453,1800000,18000000,8712000000,286.0
440,0.7173370179677762,0.38335763813117973,0.022580148402598244,0.080742613789237,1800000,18000000,8731800000,286.65000000000003
441,0.7163129052631143,0.3776813445972007,0.021337085741535047,0.08047391981535335,1800000,18000000,8751600000,287.3
442,0.7170874567977916,0.3833359572797486,0.02013669108074692,0.08020611999696223,1800000,18000000,8771400000,287.95
443,0.7164071835598202,0.39028654964586545,0.0237367517346071,0.07993921135850737,1800000,18000000,8791200000,288.6
444,0.7143217141852993,0.38500921710775926,0.01903049318879548,0.07967319093433445,1800000,18000000,8811000000,289.25
445,0.7168770548145605,0.38410939407057915,0.0214413509457757,0.07940805576865827,1800000,18000000,8830800000,289.90000000000003
446,0.7173721888709603,0.3844159431324566,0.020348433253114414,0.07914380291552983,1800000,18000000,8850600000,290.55
447,0.7176323880680081,0.37604715070912154,0.019733070558993614,0.07888042943880355,1800000,18000000,8870400000,291.2
448,0.717750295457727,0.38435759508313194,0.02030180157715573,0.07861793241210478,1800000,18000000,8890200000,291.85
449,0.7158434880115776,0.3844600819142903,0.01857055936806266,0.07835630891879723,1800000,18000000,8910000000,292.5
450,0.7187652667299567,0.3837600066530484,0.019885906242683556,0.07809555605195043,1800000,18000000,8929800000,293.15000000000003
451,0.7187679829653038,0.3880373588624724,0.020396719701271743,0.07783567091430767,1800000,18000000,8949600000,293.8
452,0.7157304729634527,0.38098569951519473,0.019778492331110693,0.07757665061825365,1800000,18000000,8969400000,294.45
453,0.720048028829188,0.37783144821837356,0.01920744194927098,0.07731849228578236,1800000,18000000,8989200000,295.1
454,0.7192210597464955,0.3803335930544481,0.01882301119361064,0.07706119304846527,1800000,18000000,9009000000,295.75
455,0.7174680049180358,0.3841488756070582,0.017552542106776026,0.07680475004741931,1800000,18000000,9028800000,296.40000000000003
456,0.7228306424126304,0.38396570998063195,0.020206177587005394,0.07654916043327516,1800000,18000000,9048600000,297.05
457,0.7178897530110319,0.38254758365707964,0.019120375996321475,0.07629442136614559,1800000,18000000,9068400000,297.7
458,0.7190355278492648,0.373925071160793,0.018651152637545923,0.0760405300155939,1800000,18000000,9088200000,298.35
459,0.7173721681992099,0.3796251178777168,0.018163890744672218,0.07578748356060247,1800000,18000000,9108000000,299.0
460,0.7210762819032532,0.3757546376473669,0.01953648327376083,0.07553527918954141,1800000,18000000,9127800000,299.65000000000003
461,0.7185566469775688,0.3768724955647619,0.018832536533424184,0.07528391410013736,1800000,18000000,9147600000,300.3
462,0.7212462426419913,0.37823499462442134,0.01823158539019713,0.07503338549944227,1800000,18000000,9167400000,300.95
463,0.7206061931504537,0.37578452131570195,0.019301104632782846,0.07478369060380248,1800000,18000000,9187200000,301.6
464,0.7218891377719533,0.3770658853346674,0.019986138457659727,0.07453482663882764,1800000,18000000,9207000000,302.25
465,0.7214709431840016,0.38365286099533463,0.016904364812979186,0.07428679083936006,1800000,18000000,9226800000,302.90000000000003
466,0.7217725768521569,0.3737200646869186,0.018547302289684986,0.07403958044944386,1800000,18000000,9246600000,303.55
467,0.7230664636383766,0.374202473485865,0.01702325500858745,0.07379319272229437,1800000,18000000,9266400000,304.2
468,0.7223974623705677,0.3729045342302628,0.01776197390427493,0.07354762492026765,1800000,18000000,9286200000,304.85
469,0.7237952885628081,0.3753669308676156,0.019106619699687674,0.07330287431483005,1800000,18000000,9306000000,305.5
470,0.7197503616819562,0.3782744773623705,0.019283526862429002,0.07305893818652787,1800000,18000000,9325800000,306.15000000000003
471,0.7234220401463859,0.3757701319536774,0.01688814381398756,0.07281581382495715,1800000,18000000,9345600000,306.8
472,0.7211404958261307,0.38167301990037983,0.018570042600168136,0.07257349852873365,1800000,18000000,9365400000,307.45
473,0.723417258903236,0.3728039380564045,0.0189729749523159,0.07233198960546265,1800000,18000000,9385200000,308.1
474,0.7238254028703958,0.3740175537886283,0.017086309822784713,0.0720912843717092,1800000,18000000,9405000000,308.75
475,0.7218987540792816,0.3743470884160494,0.018575114396692616,0.07185138015296824,1800000,18000000,9424800000,309.40000000000003
476,0.7261185656598275,0.38147327006697884,0.01903988359228368,0.07161227428363486,1800000,18000000,9444600000,310.05
477,0.7241334596005856,0.3758880080826597,0.016728421142922962,0.07137396410697469,1800000,18000000,9464400000,310.7
478,0.724677863498795,0.37536114986909525,0.016821727424775303,0.07113644697509448,1800000,18000000,9484200000,311.35
479,0.7234226318876662,0.37692226476160406,0.01862462676172141,0.0708997202489125,1800000,18000000,9504000000,312.0
480,0.7246091056202993,0.38034311237090246,0.018114370587807623,0.07066378129812938,1800000,18000000,9523800000,312.65000000000003
481,0.7270479083707849,0.36929804179064635,0.01868030565957196,0.0704286275011988,1800000,18000000,9543600000,313.3
482,0.7238431611349159,0.3764125783934915,0.017357333453274823,0.07019425624529835,1800000,18000000,9563400000,313.95
483,0.7259250693208161,0.3685174135489478,0.01781800048290468,0.06996066492630057,1800000,18000000,9583200000,314.6
484,0.7272767488101468,0.3754907317703461,0.01625946013603682,0.06972785094874395,1800000,18000000,9603000000,315.25
485,0.7248337861711693,0.37409804499292504,0.017566954445663543,0.06949581172580413,1800000,18000000,9622800000,315.90000000000003
486,0.729027311192607,0.3730757841072695,0.017130992085069633,0.06926454467926513,1800000,18000000,9642600000,316.55
487,0.7259738831799455,0.371777971992478,0.019946652118833796,0.06903404723949072,1800000,18000000,9662400000,317.2
488,0.7245854707022936,0.3678470614925545,0.016013485382796133,0.06880431684539587,1800000,18000000,9682200000,317.85
489,0.727597388464305,0.3715161082138686,0.017671030331715215,0.06857535094441827,1800000,18000000,9702000000,318.5
490,0.7265455190950383,0.3758531616886409,0.01797926901223122,0.06834714699249,1800000,18000000,9721800000,319.15000000000003
491,0.7275081087932234,0.37332823582913716,0.016535239058460795,0.06811970245400925,1800000,18000000,9741600000,319.8
492,0.7256098866712267,0.3754727827545222,0.016609756496917025,0.06789301480181216,1800000,18000000,9761400000,320.45
493,0.728891857239861,0.37215928222483224,0.01609776082415908,0.06766708151714468,1800000,18000000,9781200000,321.1
494,0.727962280626271,0.3735628253613373,0.017262280067136027,0.06744190008963466,1800000,18000000,9801000000,321.75
495,0.7274131284760622,0.37758797345062245,0.017528161331856834,0.06721746801726394,1800000,18000000,9820800000,322.40000000000003
496,0.7310503501656819,0.3736483946065611,0.015496905011327486,0.0669937828063405,1800000,18000000,9840600000,323.05
497,0.7301242077378995,0.36775620508320517,0.016525823304429796,0.0667708419714708,1800000,18000000,9860400000,323.7
498,0.7300733673902642,0.37094342002087105,0.015879229523548262,0.06654864303553219,1800000,18000000,9880200000,324.35
499,0.7299988999747296,0.37190584087163964,0.015021541586533009,0.06632718352964527,1800000,18000000,9900000000,325.0
500,0.7314597133331475,0.3685596781407624,0.016348495634835522,0.06610646099314664,1800000,18000000,9919800000,325.65000000000003
501,0.7297948888278561,0.3697840480561206,0.017331851283950116,0.06588647297356137,1800000,18000000,9939600000,326.3
502,0.7264738140288454,0.37807729847158544,0.016430410213033316,0.06566721702657587,1800000,18000000,9959400000,326.95
503,0.7292756856675641,0.3722488818648636,0.017499889845926632,0.06544869071601069,1800000,18000000,9979200000,327.6
504,0.7305683051777586,0.36578049895443415,0.01687435493474509,0.06523089161379349,1800000,18000000,9999000000,328.25
505,0.7293702956364381,0.3711274066902753,0.0158955728907024,0.06501381729993197,1800000,18000000,10018800000,328.90000000000003
506,0.7293412423670623,0.36685506424981845,0.014840429057797698,0.0647974653624871,1800000,18000000,10038600000,329.55
507,0.730681779372575,0.36977454630999007,0.015962039749572245,0.06458183339754624,1800000,18000000,10058400000,330.2
508,0.7288750610380136,0.3711249182527953,0.01490576287693158,0.06436691900919644,1800000,18000000,10078200000,330.85
509,0.7304331181182346,0.37214429073395877,0.014624374750431853,0.06415271980949783,1800000,18000000,10098000000,331.5
510,0.731700026502886,0.3741824168706507,0.015298854195657569,0.06393923341845713,1800000,18000000,10117800000,332.15000000000003
511,0.730623455878109,0.3683039434652284,0.014813278429272183,0.0637264574640011,1800000,18000000,10137600000,332.8
512,0.7333579045855733,0.36772303766797343,0.01756028654328995,0.06351438958195028,1800000,18000000,10157400000,333.45
513,0.730928109002249,0.3727710740084452,0.01649028629615802,0.06330302741599274,1800000,18000000,10177200000,334.1
514,0.7295858045366924,0.37049741989261376,0.014631780997334124,0.06309236861765771,1800000,18000000,10197000000,334.75
515,0.7290952079504329,0.3715541609710869,0.014839279939615422,0.06288241084628979,1800000,18000000,10216800000,335.40000000000003
516,0.7296781024796233,0.36964961490334153,0.01565926556352752,0.06267315176902262,1800000,18000000,10236600000,336.05
517,0.7304989638710067,0.36627712977473353,0.014564754204092561,0.062464589060753244,1800000,18000000,10256400000,336.7
518,0.7310881299832197,0.3714374429299434,0.014996206771193914,0.06225672040411608,1800000,18000000,10276200000,337.35
519,0.732665781307265,0.3743417667640081,0.01726375863880436,0.06204954348945723,1800000,18000000,10296000000,338.0
520,0.730660106461898,0.37413867512752597,0.01589052293487645,0.061843056014808856,1800000,18000000,10315800000,338.65000000000003
521,0.7317248562155362,0.3619902086079553,0.016307660746867732,0.06163725568586356,1800000,18000000,10335600000,339.3
522,0.7314384901495629,0.372092217281983,0.014385741653472044,0.0614321402159489,1800000,18000000,10355400000,339.95
523,0.7334664456597255,0.3656443900250408,0.014235026922826285,0.061227707326001996,1800000,18000000,10375200000,340.6
524,0.7326893114230383,0.3705738789975995,0.01592266912246689,0.06102395474454419,1800000,18000000,10395000000,341.25
525,0.7332475274403565,0.3686114665098371,0.013642956209046438,0.060820880207655796,1800000,18000000,10414800000,341.90000000000003
526,0.7346525888974118,0.3691179805577935,0.013775153191337326,0.06061848145895099,1800000,18000000,10434600000,342.55
527,0.7332804571257022,0.3646563961647473,0.01594987732331914,0.06041675624955272,1800000,18000000,10454400000,343.2
528,0.7325964513824563,0.3656633020609408,0.015734098236859846,0.06021570233806768,1800000,18000000,10474200000,343.85
529,0.7360589976669881,0.36504383962781506,0.015430441903353827,0.06001531749056146,1800000,18000000,10494000000,344.5
530,0.7359039451529771,0.3682063267560226,0.013906274402317393,0.059815599480533686,1800000,18000000,10513800000,345.15000000000003
531,0.7334518012263532,0.3692080549380151,0.014541058259643747,0.059616546088893295,1800000,18000000,10533600000,345.8
532,0.7339384779558163,0.36142805734303163,0.015305122998359127,0.0594181551039339,1800000,18000000,10553400000,346.45
533,0.7355080195783686,0.36622231801161864,0.01560668924710329,0.059220424321309195,1800000,18000000,10573200000,347.1
534,0.7367802791154853,0.36532223659863583,0.012387316483705186,0.059023351544008416,1800000,18000000,10593000000,347.75
535,0.7340226009225638,0.36848226420626223,0.013919257596036372,0.05882693458233204,1800000,18000000,10612800000,348.40000000000003
536,0.7373486046537037,0.3617317390429616,0.013194000191850533,0.05863117125386736,1800000,18000000,10632600000,349.05
537,0.7390433612845255,0.3648946656758181,0.011444509674197915,0.05843605938346424,1800000,18000000,10652400000,349.7
538,0.7351505054375678,0.36781029864150955,0.014957150618585463,0.05824159680321103,1800000,18000000,10672200000,350.35
539,0.7390248998498743,0.3593821871254762,0.0131310763851017,0.05804778135241038,1800000,18000000,10692000000,351.0
540,0.738446747402043,0.3640092140644297,0.012928516822869836,0.05785461087755528,1800000,18000000,10711800000,351.65000000000003
541,0.7378392145788846,0.3589135061432146,0.0135253823923137,0.05766208323230516,1800000,18000000,10731600000,352.3
542,0.7366606024515178,0.36452300364368806,0.013204183428669901,0.05747019627746195,1800000,18000000,10751400000,352.95
543,0.7377999607973559,0.358377543210912,0.014279443771131885,0.05727894788094641,1800000,18000000,10771200000,353.6
544,0.7379414650431817,0.3590021520550004,0.015028715153065504,0.05708833591777441,1800000,18000000,10791000000,354.25
545,0.738640747976595,0.35962544757834536,0.013375388008106389,0.05689835827003326,1800000,18000000,10810800000,354.90000000000003
546,0.7383821041930179,0.3601832267449869,0.014995637620369002,0.05670901282685826,1800000,18000000,10830600000,355.55
547,0.7358535912701113,0.3633746255841769,0.013368706849000055,0.05652029748440921,1800000,18000000,10850400000,356.2
548,0.7392857455871514,0.35934366171267,0.013562972847403746,0.05633221014584703,1800000,18000000,10870200000,356.85
549,0.7384667475398993,0.36093096382946194,0.012789090358428398,0.05614474872131046,1800000,18000000,10890000000,357.5
550,0.7377066868859172,0.36446868825708467,0.015379269510412213,0.05595791112789286,1800000,18000000,10909800000,358.15000000000003
551,0.7381226207332781,0.3636071471743919,0.011342074235750114,0.05577169528961905,1800000,18000000,10929600000,358.8
552,0.7381723137486104,0.36769274851500666,0.01432274928524406,0.05558609913742223,1800000,18000000,10949400000,359.45
553,0.7385619770304382,0.3571427352388803,0.01259065770668533,0.05540112060912105,1800000,18000000,10969200000,360.1
554,0.7364504642230192,0.3650013040850307,0.012772977466273481,0.0552167576493966,1800000,18000000,10989000000,360.75
555,0.7383851039697368,0.3602936037740509,0.012018668661498899,0.05503300820976966,1800000,18000000,11008800000,361.40000000000003
556,0.7354576117482529,0.36586725911824286,0.013021211485548172,0.05484987024857791,1800000,18000000,11028600000,362.05
557,0.739652441869363,0.3659975285013935,0.012408002856065012,0.0546673417309532,1800000,18000000,11048400000,362.7
558,0.7403160895970049,0.3570551568137691,0.013588055110240672,0.054485420628799054,1800000,18000000,11068200000,363.35
559,0.7373939501066566,0.36000825535304526,0.011750451378899589,0.054304104920767995,1800000,18000000,11088000000,364.0
560,0.7416884643875156,0.3603133938745622,0.012145582322744482,0.05412339259223918,1800000,18000000,11107800000,364.65000000000003
561,0.7422955946879642,0.3566791688493723,0.013312497143402999,0.053943281635295985,1800000,18000000,11127600000,365.3
562,0.7385250754179603,0.3574003339832292,0.012737284416326796,0.05376377004870373,1800000,18000000,11147400000,365.95
563,0.7414065362361848,0.3569050812478989,0.012232594978052376,0.05358485583788735,1800000,18000000,11167200000,366.6
564,0.7432851368579783,0.35831513058381986,0.013275961833138124,0.05340653701490936,1800000,18000000,11187000000,367.25
565,0.7416191449010582,0.35662595014268034,0.012336873137374898,0.05322881159844763,1800000,18000000,11206800000,367.90000000000003
566,0.7421371295505329,0.35432891254472276,0.012102744843897086,0.05305167761377351,1800000,18000000,11226600000,368.55
567,0.7420292901078169,0.3617453918160646,0.012203494151158898,0.0528751330927298,1800000,18000000,11246400000,369.2
568,0.741627429858151,0.3587917497078758,0.013054434765020159,0.052699176073708866,1800000,18000000,11266200000,369.85
569,0.7421103361977723,0.35525616146833006,0.012722660040348534,0.052523804601630926,1800000,18000000,11286000000,370.5
570,0.74494042125376,0.354747378584063,0.013000036422849923,0.05234901672792227,1800000,18000000,11305800000,371.15000000000003
571,0.7417455115366137,0.35843375876173705,0.011264699072338541,0.0521748105104936,1800000,18000000,11325600000,371.8
572,0.7415075624986138,0.3583461616816591,0.013385143185442499,0.052001184013718484,1800000,18000000,11345400000,372.45
573,0.7440448748658655,0.3534261622278496,0.012575838885825833,0.05182813530841186,1800000,18000000,11365200000,373.1
574,0.7419517923212011,0.3590451159223074,0.013310267041434492,0.05165566247180853,1800000,18000000,11385000000,373.75
575,0.7426916719282878,0.35838027282149676,0.013804343922823306,0.05148376358754188,1800000,18000000,11404800000,374.40000000000003
576,0.7449246498913762,0.35373425000716485,0.012342907703050784,0.05131243674562255,1800000,18000000,11424600000,375.05
577,0.7455122290362973,0.35026386913541974,0.010442533073545316,0.05114168004241717,1800000,18000000,11444400000,375.7
578,0.7427314015138726,0.3560175771154358,0.013085903038133919,0.05097149158062731,1800000,18000000,11464200000,376.35
579,0.7417319496279512,0.3590507510825961,0.012364924895029356,0.050801869469268304,1800000,18000000,11484000000,377.0
580,0.7418752105569665,0.35906404910544093,0.012198134900254676,0.05063281182364827,1800000,18000000,11503800000,377.65000000000003
581,0.7401012210992374,0.3550816597839793,0.011548273605703435,0.050464316765347184,1800000,18000000,11523600000,378.3
582,0.7460174036948652,0.35329338116405845,0.012502844094154584,0.05029638242219602,1800000,18000000,11543400000,378.95
583,0.7440596829594873,0.35802111735480124,0.010119503526021886,0.05012900692825588,1800000,18000000,11563200000,379.6
584,0.7436763792801564,0.35265308649528726,0.013047702913531896,0.049962188423797335,1800000,18000000,11583000000,380.25
585,0.7431602958321626,0.35898580323070756,0.011836465193145986,0.04979592505527975,1800000,18000000,11602800000,380.90000000000003
586,0.7440423657856992,0.36028756160053066,0.011752206870044786,0.04963021497533063,1800000,18000000,11622600000,381.55
587,0.74304183161468,0.35902731774095953,0.012294705347432936,0.04946505634272516,1800000,18000000,11642400000,382.2
588,0.7455401580985185,0.35269808823616905,0.010882008967291001,0.04930044732236575,1800000,18000000,11662200000,382.85
589,0.744508049615225,0.3544281256283613,0.01143054719744449,0.04913638608526156,1800000,18000000,11682000000,383.5
590,0.7404134859033374,0.359748374419986,0.011267930368855553,0.04897287080850829,1800000,18000000,11701800000,384.15000000000003
591,0.7447581021767669,0.3551446033488246,0.012364942797472417,0.048809899675267825,1800000,18000000,11721600000,384.8
592,0.7426210621882141,0.35746047336098336,0.010698174828749091,0.04864747087474814,1800000,18000000,11741400000,385.45
593,0.7441176665816023,0.34949268475667894,0.012911645744186444,0.048485582602183115,1800000,18000000,11761200000,386.1
594,0.7450224267683435,0.35184037073774005,0.012667558674813126,0.048324233058812484,1800000,18000000,11781000000,386.75
595,0.7457140386033705,0.3543663700283588,0.010780624100377237,0.04816342045186189,1800000,18000000,11800800000,387.40000000000003
596,0.7452864836205225,0.35590149436355956,0.009600846058948289,0.04800314299452295,1800000,18000000,11820600000,388.05
597,0.7451360794303571,0.3540879538922489,0.01146106300521782,0.047843398905933344,1800000,18000000,11840400000,388.7
598,0.747435351227812,0.35037046337749267,0.0113454119237154,0.04768418641115714,1800000,18000000,11860200000,389.35
599,0.7468985340637767,0.35672458191056533,0.011001507113155694,0.04752550374116498,1800000,18000000,11880000000,390.0
600,0.7447242417914103,0.35710812236610634,0.009378453212647596,0.04736734913281444,1800000,18000000,11899800000,390.65000000000003
601,0.7460979804755086,0.3602962027997973,0.010154558055091892,0.047209720828830466,1800000,18000000,11919600000,391.3
602,0.7478079682648083,0.3492846623061605,0.01163394502919656,0.047052617077785845,1800000,18000000,11939400000,391.95
603,0.7467203275636612,0.35460886071760406,0.011982475026826105,0.04689603613408174,1800000,18000000,11959200000,392.6
604,0.747243663348338,0.35460190360225863,0.011438464127473322,0.04673997625792825,1800000,18000000,11979000000,393.25
605,0.7459710683854756,0.3562479207400851,0.010285459599724517,0.046584435715325154,1800000,18000000,11998800000,393.90000000000003
606,0.7453366053869656,0.3509331379039016,0.009816934085482214,0.0464294127780426,1800000,18000000,12018600000,394.55
607,0.7495386943774136,0.34630260728174994,0.011455967776823065,0.04627490572360191,1800000,18000000,12038400000,395.2
608,0.7477636699960288,0.3467239015035237,0.011179790838963321,0.04612091283525647,1800000,18000000,12058200000,395.85
609,0.7470506150685537,0.35411675724619046,0.011900993183769207,0.04596743240197259,1800000,18000000,12078000000,396.5
610,0.7503228811693234,0.35004786513761094,0.010909521717525808,0.04581446271841051,1800000,18000000,12097800000,397.15000000000003
611,0.7476909451377733,0.3537077022886031,0.01132853526431667,0.04566200208490554,1800000,18000000,12117600000,397.8
612,0.749817623775309,0.3527851029176186,0.01124527905833121,0.04551004880744906,1800000,18000000,12137400000,398.45
613,0.7483549546932062,0.34910913345874683,0.009652253150610982,0.045358601197669775,1800000,18000000,12157200000,399.1
614,0.7473871813457984,0.3481568104405598,0.010197339053913733,0.045207657572814884,1800000,18000000,12177000000,399.75
615,0.7499908896989169,0.343425460829047,0.011281188953398457,0.04505721625573148,1800000,18000000,12196800000,400.40000000000003
616,0.7478105299003851,0.3461861414603635,0.00919570579763326,0.044907275574847784,1800000,18000000,12216600000,401.05
617,0.7493727612399265,0.346379049934212,0.010525135488170814,0.04475783386415471,1800000,18000000,12236400000,401.7
618,0.7507000903926121,0.3547014959233878,0.010340053831758777,0.04460888946318726,1800000,18000000,12256200000,402.35
619,0.7500593609564822,0.3520295695735628,0.008576835210808478,0.04446044071700611,1800000,18000000,12276000000,403.0
620,0.7491973800785331,0.34802403593657505,0.008845419442151892,0.04431248597617924,1800000,18000000,12295800000,403.65000000000003
621,0.7499959600898644,0.35161669407231005,0.010055632630151091,0.04416502359676357,1800000,18000000,12315600000,404.3
622,0.7460570296355655,0.3551004781731361,0.01090769951468067,0.04401805194028666,1800000,18000000,12335400000,404.95
623,0.7479012963009615,0.3539068407784058,0.010631487991940369,0.0438715693737286,1800000,18000000,12355200000,405.6
624,0.7523458713532629,0.34800922651101845,0.010825979913609115,0.04372557426950384,1800000,18000000,12375000000,406.25
625,0.7503471579651284,0.3508091232333019,0.01052985647354308,0.043580065005443036,1800000,18000000,12394800000,406.90000000000003
626,0.7483573724199294,0.351334512813995,0.010404059625140993,0.04343503996477511,1800000,18000000,12414600000,407.55
627,0.7494197041880507,0.35151238326926826,0.00788211578109798,0.04329049753610919,1800000,18000000,12434400000,408.2
628,0.7520381720161071,0.3471982950160657,0.007388676021318174,0.04314643611341682,1800000,18000000,12454200000,408.85
629,0.7500642689559659,0.35816162655047756,0.008469481658805348,0.04300285409601406,1800000,18000000,12474000000,409.5
630,0.7484654600588909,0.3492174780386292,0.008117016161135556,0.042859749888543665,1800000,18000000,12493800000,410.15000000000003
631,0.7529028354993865,0.3491019903809717,0.009094000001815782,0.04271712190095742,1800000,18000000,12513600000,410.8
632,0.7512960477069971,0.3495705362389578,0.009975590918063099,0.04257496854849846,1800000,18000000,12533400000,411.45
633,0.7493774862119856,0.35440383582948676,0.010265273329328261,0.04243328825168358,1800000,18000000,12553200000,412.1
634,0.7514331071823604,0.348060932472084,0.008183765219428688,0.042292079436285844,1800000,18000000,12573000000,412.75
635,0.7527360970258473,0.34804903020948014,0.010356833963068206,0.04215134053331695,1800000,18000000,12592800000,413.40000000000003
636,0.7506553730028975,0.35508124734452434,0.009519144160102966,0.04201106997900985,1800000,18000000,12612600000,414.05
637,0.7528142053860528,0.34709076428628793,0.009184633390750567,0.0418712662148014,1800000,18000000,12632400000,414.7
638,0.7526947912379767,0.3441394252362027,0.009592274391329737,0.04173192768731502,1800000,18000000,12652200000,415.35
639,0.7504592727506258,0.34707441418401114,0.009413135265119868,0.04159305284834337,1800000,18000000,12672000000,416.0
640,0.751763028144147,0.35012034472539716,0.008359352916918271,0.041454640154831295,1800000,18000000,12691800000,416.65000000000003
641,0.7521551375590168,0.35046597151128195,0.009475491046401744,0.041316688068858534,1800000,18000000,12711600000,417.3
642,0.7529762656038249,0.3507339551971056,0.008700308358233991,0.041179195057622714,1800000,18000000,12731400000,417.95
643,0.7536258971910462,0.34866080443370245,0.00900293952809096,0.0410421595934223,1800000,18000000,12751200000,418.6
644,0.7504284080558274,0.3537919197920501,0.007270071377455736,0.040905580153639626,1800000,18000000,12771000000,419.25
645,0.7516933410017549,0.3442406384888118,0.00872887233933693,0.040769455220723935,1800000,18000000,12790800000,419.90000000000003
646,0.753281818145918,0.34755237248818327,0.008489400975753928,0.04063378328217458,1800000,18000000,12810600000,420.55
647,0.7525566191928473,0.34899897714590145,0.007465309512680204,0.04049856283052418,1800000,18000000,12830400000,421.2
648,0.7510883314626068,0.348604555707475,0.007899580844463117,0.040363792363321875,1800000,18000000,12850200000,421.85
649,0.7529377484817529,0.3465650985646631,0.009722741924693261,0.04022947038311665,1800000,18000000,12870000000,422.5
650,0.753804673278773,0.34413739777513286,0.008194690895525466,0.0400955953974407,1800000,18000000,12889800000,423.15000000000003
651,0.7535270358157665,0.34799047100212377,0.008919407586442921,0.03996216591879277,1800000,18000000,12909600000,423.8
652,0.7523391758301746,0.3418347349066022,0.009803120527332381,0.03982918046462173,1800000,18000000,12929400000,424.45
653,0.7520371150965041,0.3466665785991645,0.008191135810726034,0.039696637557310066,1800000,18000000,12949200000,425.1
654,0.7542885526351311,0.34424297250108826,0.0093958610334484,0.03956453572415745,1800000,18000000,12969000000,425.75
655,0.7543575452833777,0.34437650914383344,0.009341895419215067,0.039432873497364365,1800000,18000000,12988800000,426.40000000000003
656,0.7580144700980105,0.3422261591292373,0.007725486130770923,0.03930164941401582,1800000,18000000,13008600000,427.05
657,0.7557710450587044,0.34226577618498205,0.006945148791493536,0.03917086201606511,1800000,18000000,13028400000,427.7
658,0.7556766402542373,0.34428335020557677,0.009063390497788607,0.03904050985031756,1800000,18000000,13048200000,428.35
659,0.7567195831980389,0.34310041378797473,0.00809021726211494,0.03891059146841445,1800000,18000000,13068000000,429.0
660,0.7574331978419034,0.3450822033461885,0.005715399453555696,0.03878110542681685,1800000,18000000,13087800000,429.65000000000003
661,0.755616129399113,0.3465543967431492,0.011107505504620974,0.03865205028678966,1800000,18000000,13107600000,430.3
662,0.7546972021936269,0.3429507860712806,0.009603725873522633,0.03852342461438552,1800000,18000000,13127400000,430.95
663,0.7551732053096365,0.3487180559912676,0.00914629274161469,0.03839522698042899,1800000,18000000,13147200000,431.6
664,0.7528543933277424,0.34204024960256635,0.006465273249535213,0.03826745596050058,1800000,18000000,13167000000,432.25
665,0.7523839430306809,0.3514699772448588,0.007336895955979646,0.03814011013492099,1800000,18000000,13186800000,432.90000000000003
666,0.7552847906903404,0.34347776814515096,0.008384718798764791,0.038013188088735286,1800000,18000000,13206600000,433.55
667,0.7534419311675429,0.34967893839399244,0.00974631435013473,0.03788668841169722,1800000,18000000,13226400000,434.2
668,0.7530640873149606,0.34751277947813586,0.007635814408582441,0.03776060969825349,1800000,18000000,13246200000,434.85
669,0.7554141388300123,0.3457298152593777,0.00796769017762911,0.03763495054752823,1800000,18000000,13266000000,435.5
670,0.7560184915980571,0.3486200336227862,0.008451884301532625,0.037509709563307354,1800000,18000000,13285800000,436.15000000000003
671,0.7562654310649273,0.3409397413485338,0.00944114286030017,0.03738488535402309,1800000,18000000,13305600000,436.8
672,0.7579239593924518,0.34465701428878504,0.00652656171046487,0.03726047653273848,1800000,18000000,13325400000,437.45
673,0.7541519237213502,0.3426322097856014,0.0078679506274861,0.03713648171713203,1800000,18000000,13345200000,438.1
674,0.7559470626126383,0.3429166341916847,0.008099485816954272,0.03701289952948227,1800000,18000000,13365000000,438.75
675,0.7583102247787299,0.33618637024706693,0.008169350349769266,0.036889728596652516,1800000,18000000,13384800000,439.40000000000003
676,0.7548044080464767,0.34353587716989914,0.008369990481534136,0.03676696755007558,1800000,18000000,13404600000,440.05
677,0.7551651313291965,0.34290427507220445,0.008512797964551629,0.03664461502573857,1800000,18000000,13424400000,440.7
678,0.7586387130804947,0.34241391720342307,0.008618673290040325,0.03652266966416776,1800000,18000000,13444200000,441.35
679,0.7575075237821092,0.33852014904127936,0.007183552177145421,0.0364011301104134,1800000,18000000,13464000000,442.0
680,0.7544390276740452,0.3489693221411893,0.006689267711584433,0.03627999501403475,1800000,18000000,13483800000,442.65000000000003
681,0.7580778575815197,0.3413501947034823,0.007548039358473923,0.036159263029085065,1800000,18000000,13503600000,443.3
682,0.7556954799697534,0.3422540696958599,0.0078050262497533635,0.036038932814096605,1800000,18000000,13523400000,443.95
683,0.7579182568919428,0.338639106307148,0.007654620684163887,0.035919003032065744,1800000,18000000,13543200000,444.6
684,0.759199859619847,0.34596358465499966,0.008506161520098792,0.035799472350438115,1800000,18000000,13563000000,445.25
685,0.7573881421049949,0.3433094675516441,0.009032329509176132,0.03568033944109379,1800000,18000000,13582800000,445.90000000000003
686,0.7602379874387344,0.3380054394665657,0.00585419235318088,0.035561602980332556,1800000,18000000,13602600000,446.55
687,0.7582919906545085,0.341112598446644,0.007979102962955018,0.035443261648859185,1800000,18000000,13622400000,447.2
688,0.758682704483745,0.3391402948377225,0.0077401398315741,0.03532531413176878,1800000,18000000,13642200000,447.85
689,0.7558083845293582,0.34587710467290256,0.007451063982947184,0.035207759118532155,1800000,18000000,13662000000,448.5
690,0.7574951994376775,0.3428945906077166,0.00953814003960862,0.03509059530298131,1800000,18000000,13681800000,449.15000000000003
691,0.7565928886992778,0.3438224579168392,0.007574239349508543,0.03497382138329483,1800000,18000000,13701600000,449.8
692,0.7546408919299007,0.34223205205427865,0.0069278381454336265,0.03485743606198353,1800000,18000000,13721400000,450.45
693,0.761391908771455,0.3406030214409957,0.005776067895727236,0.034741438045875976,1800000,18000000,13741200000,451.1
694,0.761403165943575,0.3376240775081336,0.008547955260136776,0.03462582604610413,1800000,18000000,13761000000,451.75
695,0.7586953920721768,0.34046124181379595,0.007776339412829853,0.034510598778089034,1800000,18000000,13780800000,452.40000000000003
696,0.7596394964130799,0.3391606487130372,0.008987769774646118,0.03439575496152654,1800000,18000000,13800600000,453.05
697,0.7614856627601233,0.3386175401160348,0.006827223310543258,0.034281293320373024,1800000,18000000,13820400000,453.7
698,0.7565665895955703,0.3361610272910731,0.007009373748583357,0.0341672125828313,1800000,18000000,13840200000,454.35
699,0.7606660687857284,0.3421378547046156,0.00742315576770671,0.034053511481336465,1800000,18000000,13860000000,455.0
700,0.7598198796499912,0.3397858831089402,0.006307661041767558,0.03394018875254177,1800000,18000000,13879800000,455.65000000000003
701,0.7601585282366806,0.3396356581203383,0.0071674495321502945,0.03382724313730462,1800000,18000000,13899600000,456.3
702,0.7570709334864426,0.34788761089713266,0.006885464519268629,0.03371467338067256,1800000,18000000,13919400000,456.95
703,0.7610406127303219,0.3353687535844464,0.008103247023676523,0.03360247823186937,1800000,18000000,13939200000,457.6
704,0.7616726760361792,0.33857776110002236,0.00797288335542632,0.03349065644428111,1800000,18000000,13959000000,458.25
705,0.7568456425415485,0.335241901482472,0.007476579333267969,0.033379206775442365,1800000,18000000,13978800000,458.90000000000003
706,0.7599608793246005,0.3379776212084152,0.0068218368119076795,0.03326812798702229,1800000,18000000,13998600000,459.55
707,0.7609034590896694,0.33231494904092257,0.007151355058483501,0.033157418844811035,1800000,18000000,14018400000,460.2
708,0.7596018740401647,0.3427187666175926,0.007173321587535008,0.03304707811870582,1800000,18000000,14038200000,460.85
709,0.7609406190690216,0.344404885063929,0.0063100617697343766,0.032937104582697475,1800000,18000000,14058000000,461.5
710,0.7605883898460462,0.3401448804405725,0.0074844135624836435,0.03282749701485669,1800000,18000000,14077800000,462.15000000000003
711,0.7587035687471777,0.33905222543223484,0.007680175103183408,0.03271825419732046,1800000,18000000,14097600000,462.8
712,0.7604894342046827,0.33934596673698253,0.0057359904641046296,0.03260937491627859,1800000,18000000,14117400000,463.45
713,0.7583087998723466,0.3410400030357493,0.00514726910770031,0.03250085796196018,1800000,18000000,14137200000,464.1
714,0.7608869880579469,0.3430741461430881,0.005794844851406342,0.03239270212862015,1800000,18000000,14157000000,464.75
715,0.759240645876887,0.3416830052012114,0.007830944906265465,0.03228490621452591,1800000,18000000,14176800000,465.40000000000003
716,0.7632577458476131,0.3334466410241447,0.005365403875847051,0.032177469021943995,1800000,18000000,14196600000,466.05
717,0.7604257995055328,0.34178694156166217,0.0074892473635964725,0.032070389357126694,1800000,18000000,14216400000,466.7
718,0.7602764285739252,0.3407849287271667,0.005275814649556788,0.03196366603029886,1800000,18000000,14236200000,467.35
719,0.7604364940225492,0.34054733989285596,0.00392754417011853,0.031857297855644666,1800000,18000000,14256000000,468.0
720,0.7605575405553712,0.33997900025134503,0.006117370382165232,0.03175128365129438,1800000,18000000,14275800000,468.65000000000003
721,0.7609536409740921,0.334981851655031,0.006440500245200353,0.03164562223931132,1800000,18000000,14295600000,469.3
722,0.7613875829389883,0.33731610071259766,0.005948055277921596,0.03154031244567872,1800000,18000000,14315400000,469.95
723,0.7605346863283713,0.3405440962027208,0.005834020470781096,0.03143535310028667,1800000,18000000,14335200000,470.6
724,0.7605331095815028,0.34014195609491427,0.005559640983585896,0.03133074303691914,1800000,18000000,14355000000,471.25
725,0.7622389260444935,0.33276988379836214,0.007199766087104696,0.031226481093241037,1800000,18000000,14374800000,471.90000000000003
726,0.7636413491458531,0.3402212583607607,0.00740574091953471,0.03112256611078522,1800000,18000000,14394600000,472.55
727,0.7632040975065137,0.334564826142657,0.006165550429062009,0.03101899693493971,1800000,18000000,14414400000,473.2
728,0.7628320996522704,0.33550328061514,0.006403893253859277,0.03091577241493482,1800000,18000000,14434200000,473.85
729,0.7626811078848237,0.33820482547584235,0.00695493288705321,0.03081289140383039,1800000,18000000,14454000000,474.5
730,0.7604786629053965,0.3401816901449215,0.006914567975346877,0.030710352758503014,1800000,18000000,14473800000,475.15000000000003
731,0.7622205624576568,0.338117289852992,0.008030807737699068,0.030608155339633344,1800000,18000000,14493600000,475.8
732,0.7615449345518518,0.3367672088842379,0.007349640725623835,0.030506298011693453,1800000,18000000,14513400000,476.45
733,0.7637890681531693,0.3373870681580503,0.008067098171633747,0.03040477964293421,1800000,18000000,14533200000,477.1
734,0.7631328417432334,0.3375343654991965,0.007026811648590809,0.030303599105372694,1800000,18000000,14553000000,477.75
735,0.7619878097816832,0.3328015604129853,0.00632861559122833,0.030202755274779673,1800000,18000000,14572800000,478.40000000000003
736,0.7629704189839964,0.33452418265619516,0.0068691021815048756,0.030102247030667106,1800000,18000000,14592600000,479.05
737,0.7620895456672634,0.33223353878326284,0.006435820126417543,0.030002073256275682,1800000,18000000,14612400000,479.7
738,0.7631674283787683,0.33670612968379815,0.005893949810891122,0.02990223283856243,1800000,18000000,14632200000,480.35
739,0.7619347810773766,0.3395509895454932,0.0074120329327538245,0.02980272466818835,1800000,18000000,14652000000,481.0
740,0.7612434785387582,0.3395363726959358,0.0071256139059508805,0.02970354763950609,1800000,18000000,14671800000,481.65000000000003
741,0.7633458775205214,0.3367810969350126,0.00552607842773638,0.02960470065054764,1800000,18000000,14691600000,482.3
742,0.7648898290166657,0.336051848985951,0.0057861665240124295,0.029506182603012115,1800000,18000000,14711400000,482.95
743,0.7645144882204389,0.3352789696912762,0.006510031465489487,0.029407992402253506,1800000,18000000,14731200000,483.6
744,0.7647094274946472,0.33267413980909666,0.007233038915125105,0.029310128957268585,1800000,18000000,14751000000,484.25
745,0.7622976896610739,0.3407907002786019,0.004474855266670471,0.02921259118068473,1800000,18000000,14770800000,484.90000000000003
746,0.7659874366346248,0.33243065688476314,0.005323141040812936,0.029115377988747873,1800000,18000000,14790600000,485.55
747,0.7607949179484269,0.3398455779805994,0.007050223586393251,0.02901848830131043,1800000,18000000,14810400000,486.2
748,0.7638529564436303,0.3390402576261702,0.006793935783553459,0.02892192104181934,1800000,18000000,14830200000,486.85
749,0.7616036219759482,0.33368175982423554,0.007067892171353214,0.028825675137304024,1800000,18000000,14850000000,487.5
750,0.7657601396645269,0.32853775616306513,0.005856528005663968,0.02872974951836458,1800000,18000000,14869800000,488.15000000000003
751,0.7635921710987099,0.33923649415311363,0.005095011046274725,0.028634143119159794,1800000,18000000,14889600000,488.8
752,0.764890041195498,0.3376256889425669,0.006463385187549004,0.02853885487739537,1800000,18000000,14909400000,489.45
753,0.7655830057750935,0.33220025189278546,0.00428116110975129,0.028443883734312093,1800000,18000000,14929200000,490.1
754,0.765380252321008,0.3373573514900559,0.006442392643063473,0.028349228634674047,1800000,18000000,14949000000,490.75
755,0.7658145231774368,0.3320547123017621,0.005161175640891477,0.028254888526756925,1800000,18000000,14968800000,491.40000000000003
756,0.7683123593852059,0.33543379694534364,0.005359797321639859,0.02816086236233635,1800000,18000000,14988600000,492.05
757,0.7626223454229066,0.33723944956273205,0.005347084796187381,0.028067149096676187,1800000,18000000,15008400000,492.7
758,0.7638425550010505,0.33271527645413873,0.004811980599926282,0.027973747688516962,1800000,18000000,15028200000,493.35
759,0.7651998736263635,0.33809111432709155,0.006148458271858048,0.02788065710006431,1800000,18000000,15048000000,494.0
760,0.7670830442086936,0.3387433900520596,0.006143363735553207,0.027787876296977376,1800000,18000000,15067800000,494.65000000000003
761,0.7654531978745482,0.32981037077550074,0.005238711412465272,0.0276954042483574,1800000,18000000,15087600000,495.3
762,0.7629381930838423,0.335922268501495,0.005909574802447445,0.027603239926736228,1800000,18000000,15107400000,495.95
763,0.7658031936001979,0.33247233613928573,0.0070797374412644234,0.027511382308064894,1800000,18000000,15127200000,496.6
764,0.764675538566637,0.3347816827513058,0.005462892722551987,0.02741983037170224,1800000,18000000,15147000000,497.25
765,0.7662716653453223,0.33508887423309713,0.004325368346754569,0.02732858310040361,1800000,18000000,15166800000,497.90000000000003
766,0.7680455736101597,0.3303781126910555,0.006691335058505762,0.027237639480309456,1800000,18000000,15186600000,498.55
767,0.7650556878753056,0.33609452058968886,0.005292664122081075,0.0271469985009342,1800000,18000000,15206400000,499.20000000000005
768,0.7671328515619,0.3321916977742155,0.005939331226249266,0.027056659155154907,1800000,18000000,15226200000,499.85
769,0.7650037169634302,0.3347344090137528,0.006654458436500754,0.026966620439200145,1800000,18000000,15246000000,500.5
770,0.7675042925618009,0.3311439175309101,0.0049434527420814615,0.02687688135263881,1800000,18000000,15265800000,501.15000000000003
771,0.7669463655709599,0.33375688861677943,0.005073792953351353,0.026787440898369028,1800000,18000000,15285600000,501.8
772,0.7648019844803436,0.33457967663352145,0.00507423038510077,0.02669829808260703,1800000,18000000,15305400000,502.45000000000005
773,0.7667297833843247,0.33951423908302825,0.007601783819234701,0.026609451914876178,1800000,18000000,15325200000,503.1
774,0.7646466357608147,0.3410967315527049,0.004700739450995769,0.026520901407995918,1800000,18000000,15345000000,503.75
775,0.7670018308818463,0.3287342285676386,0.004454305665055825,0.026432645578070815,1800000,18000000,15364800000,504.40000000000003
776,0.7667007347103844,0.33442718096262286,0.006074913123862341,0.026344683444479648,1800000,18000000,15384600000,505.05
777,0.7676502735754808,0.32778962950773877,0.0065521416922319255,0.02625701402986444,1800000,18000000,15404400000,505.70000000000005
778,0.7702518453389011,0.3309088173594818,0.0071279804053733685,0.026169636360119694,1800000,18000000,15424200000,506.35
779,0.7663423847958104,0.3343602221389218,0.005874136147563411,0.02608254946438153,1800000,18000000,15444000000,507.0
780,0.7667507730170906,0.3291365635082981,0.005607563437845944,0.025995752375016855,1800000,18000000,15463800000,507.65000000000003
781,0.7684883467016602,0.3320131536693512,0.0049402547808200924,0.025909244127612686,1800000,18000000,15483600000,508.3
782,0.7670518978094513,0.3335882851135017,0.004364427198948239,0.025823023760965385,1800000,18000000,15503400000,508.95000000000005
783,0.7683952235691223,0.3255434753137589,0.005661239725397292,0.025737090317069982,1800000,18000000,15523200000,509.6
784,0.7696847519423482,0.3335876073049318,0.0037155241977134407,0.02565144284110955,1800000,18000000,15543000000,510.25
785,0.7666521772743428,0.3361053549680625,0.004908341895433379,0.025566080381444596,1800000,18000000,15562800000,510.90000000000003
786,0.7658249991073819,0.3327449810333292,0.00457796641158619,0.025481001989602455,1800000,18000000,15582600000,511.55
787,0.7686875515370903,0.32626966182577355,0.004875823899026058,0.025396206720266795,1800000,18000000,15602400000,512.2
788,0.7674572898517484,0.33761649550391926,0.005666011257973801,0.02531169363126709,1800000,18000000,15622200000,512.85
789,0.76559520670547,0.3353797476505075,0.004574992484884065,0.025227461783568134,1800000,18000000,15642000000,513.5
790,0.7668644037553425,0.3302963101134321,0.005873970116309213,0.02514351024125965,1800000,18000000,15661800000,514.15
791,0.7656903830013705,0.3331700957437676,0.004281860165203183,0.025059838071545854,1800000,18000000,15681600000,514.8000000000001
792,0.7666891073871046,0.3339410894032882,0.004533205177690284,0.024976444344735116,1800000,18000000,15701400000,515.45
793,0.7663671052422731,0.33220962898421263,0.006044106191989236,0.024893328134229613,1800000,18000000,15721200000,516.1
794,0.7708641280862706,0.33180887857517355,0.0021847561468411976,0.024810488516515048,1800000,18000000,15741000000,516.75
795,0.7659506930225299,0.3351995692679891,0.003734862760044897,0.024727924571150358,1800000,18000000,15760800000,517.4
796,0.7680672215902291,0.3299478560638335,0.005021469496708805,0.024645635380757525,1800000,18000000,15780600000,518.0500000000001
797,0.7695780089946759,0.3357627520754166,0.005860589532559281,0.02456362003101136,1800000,18000000,15800400000,518.7
798,0.7701947175999727,0.3296891142974334,0.0049439945717392915,0.024481877610629373,1800000,18000000,15820200000,519.35
799,0.7720662088036001,0.3301180688498345,0.006051713027762635,0.024400407211361594,1800000,18000000,15840000000,520.0
800,0.7700124657534176,0.3319696946302088,0.004755427137740106,0.02431920792798054,1800000,18000000,15859800000,520.65
801,0.7688699544070979,0.3316672377757019,0.006389786999804364,0.024238278858271095,1800000,18000000,15879600000,521.3000000000001
802,0.770648355656761,0.3300787454053774,0.0037460453271904743,0.024157619103020552,1800000,18000000,15899400000,521.95
803,0.7675571742840192,0.3275275096366711,0.0042641924185561906,0.024077227766008576,1800000,18000000,15919200000,522.6
804,0.7711605495238454,0.32918942557365094,0.006326051749270483,0.02399710395399727,1800000,18000000,15939000000,523.25
805,0.7688591412954549,0.3320491192445543,0.00406032739542069,0.02391724677672123,1800000,18000000,15958800000,523.9
806,0.7692976548451307,0.33158125375146064,0.004911277230363702,0.02383765534687765,1800000,18000000,15978600000,524.5500000000001
807,0.7716101875866259,0.3285112897666425,0.004804511397973377,0.023758328780116505,1800000,18000000,15998400000,525.2
808,0.7697468119656202,0.3299973115909195,0.004001742219908195,0.023679266195030673,1800000,18000000,16018200000,525.85
809,0.7686917021880967,0.3322412313861572,0.004611263367980618,0.023600466713146178,1800000,18000000,16038000000,526.5
810,0.7720191178562762,0.3275218281902132,0.004618430251818829,0.023521929458912412,1800000,18000000,16057800000,527.15
811,0.7667784203555214,0.32811239585515134,0.0026704439866095035,0.02344365355969242,1800000,18000000,16077600000,527.8000000000001
812,0.7691639693683449,0.3277297390361007,0.004505396716494325,0.023365638145753154,1800000,18000000,16097400000,528.45
813,0.7677614890785417,0.33346942712420974,0.005224023413099351,0.023287882350255897,1800000,18000000,16117200000,529.1
814,0.7697658672511276,0.3290235150809517,0.004529721842840062,0.023210385309246566,1800000,18000000,16137000000,529.75
815,0.7703327414726355,0.33474396086967423,0.004659259794377739,0.02313314616164612,1800000,18000000,16156800000,530.4
816,0.7720083814407872,0.3248621382491706,0.004781761172345243,0.023056164049241032,1800000,18000000,16176600000,531.0500000000001
817,0.7725466417202806,0.32818437384341365,0.003330317089175522,0.0229794381166737,1800000,18000000,16196400000,531.7
818,0.7703117764204629,0.3256496849149381,0.005022664637464502,0.022902967511432955,1800000,18000000,16216200000,532.35
819,0.7718701258431884,0.32725784287175314,0.005246910231473436,0.022826751383844632,1800000,18000000,16236000000,533.0
820,0.7738541394496469,0.3235334120915459,0.006100878051966572,0.022750788887062088,1800000,18000000,16255800000,533.65
821,0.7712015425680461,0.32763351924019535,0.005121230720474588,0.02267507917705679,1800000,18000000,16275600000,534.3000000000001
822,0.7738283604674474,0.3296645730161738,0.005500547103312894,0.022599621412608965,1800000,18000000,16295400000,534.95
823,0.772153507457198,0.3278964605158411,0.006043293917069363,0.02252441475529824,1800000,18000000,16315200000,535.6
824,0.7700708990458864,0.3297039638134624,0.004575134808956636,0.022449458369494302,1800000,18000000,16335000000,536.25
825,0.7703141080641559,0.33194304122447454,0.004463906705902229,0.022374751422347648,1800000,18000000,16354800000,536.9
826,0.7709828538151674,0.33072308221903096,0.00343047990219252,0.02230029308378033,1800000,18000000,16374600000,537.5500000000001
827,0.7709254034405335,0.33349988721194407,0.0048146249879610584,0.022226082526476697,1800000,18000000,16394400000,538.2
828,0.7748718868018638,0.3204687477002868,0.0044179525729574065,0.022152118925874254,1800000,18000000,16414200000,538.85
829,0.7715282098511177,0.3254278403860327,0.004095887723672469,0.02207840146015444,1800000,18000000,16434000000,539.5
830,0.7708735012304467,0.33421075473850403,0.0042475732438634105,0.022004929310233547,1800000,18000000,16453800000,540.15
831,0.7717352513081593,0.3222591948579787,0.004537876780214057,0.0219317016597536,1800000,18000000,16473600000,540.8000000000001
832,0.7702411979092668,0.3316595986501919,0.005419770992291432,0.021858717695073287,1800000,18000000,16493400000,541.45
833,0.7710745235437819,0.33296237260879813,0.0018616373864438107,0.021785976605258914,1800000,18000000,16513200000,542.1
834,0.7732819948777533,0.3244711734394855,0.005773432819443797,0.02171347758207541,1800000,18000000,16533000000,542.75
835,0.7693057390526654,0.32584035176874687,0.004504147641922334,0.02164121981997731,1800000,18000000,16552800000,543.4
836,0.7708925260104543,0.3293517049858757,0.003306917132924692,0.021569202516099856,1800000,18000000,16572600000,544.0500000000001
837,0.7763786375541891,0.3200360990318669,0.0026677273932988717,0.021497424870250043,1800000,18000000,16592400000,544.7
838,0.7693071862623859,0.32734561624395414,0.003918724811868179,0.021425886084897733,1800000,18000000,16612200000,545.35
839,0.7691120588856304,0.3354354558586535,0.0035034169295418624,0.021354585365166795,1800000,18000000,16632000000,546.0
840,0.7733385742549426,0.3340201781826689,0.003987301683394352,0.02128352191882629,1800000,18000000,16651800000,546.65
841,0.7732631870300234,0.32479975858130455,0.0030066394017003893,0.021212694956281617,1800000,18000000,16671600000,547.3000000000001
842,0.7712857103172568,0.3315173012763461,0.004776930113264088,0.02114210369056581,1800000,18000000,16691400000,547.95
843,0.7741529427103837,0.32522901766336193,0.0049670754550224915,0.021071747337330738,1800000,18000000,16711200000,548.6
844,0.7724862302148059,0.32830437267584645,0.004883262519610205,0.021001625114838426,1800000,18000000,16731000000,549.25
845,0.7705707675686361,0.32937098226964495,0.003905573296142942,0.020931736243952347,1800000,18000000,16750800000,549.9
846,0.7715803009397845,0.32829917847914564,0.0038106937635155012,0.02086207994812878,1800000,18000000,16770600000,550.5500000000001
847,0.7723287669548409,0.32788544212739557,0.0041762065463436925,0.02079265545340814,1800000,18000000,16790400000,551.2
848,0.7736712550358491,0.3259180712845707,0.004419955939122686,0.02072346198840646,1800000,18000000,16810200000,551.85
849,0.7740901695255223,0.329115795393148,0.004925010831736775,0.020654498784306745,1800000,18000000,16830000000,552.5
850,0.7742109170346957,0.3232913534071897,0.003157369600438253,0.020585765074850458,1800000,18000000,16849800000,553.15
851,0.7728754165420766,0.32643210000424283,0.00527125909921383,0.020517260096329024,1800000,18000000,16869600000,553.8000000000001
852,0.7715750344288379,0.3285465828361017,0.003630638807156817,0.020448983087575288,1800000,18000000,16889400000,554.45
853,0.7745955581288615,0.3260970329162273,0.0032413595614854246,0.02038093328995513,1800000,18000000,16909200000,555.1
854,0.7724399117530285,0.3279478498572503,0.0033531245320635966,0.020313109947358986,1800000,18000000,16929000000,555.75
855,0.7717167649600566,0.325931664569408,0.003259208749669141,0.02024551230619346,1800000,18000000,16948800000,556.4
856,0.7744874538264683,0.3227408697593896,0.0034341917196802833,0.020178139615372955,1800000,18000000,16968600000,557.0500000000001
857,0.7752746600717856,0.32634193390665006,0.0025436152739480413,0.020110991126311338,1800000,18000000,16988400000,557.7
858,0.7734166185811915,0.3248773949775701,0.004071967471054685,0.020044066092913575,1800000,18000000,17008200000,558.35
859,0.7726209833888975,0.3271756398758835,0.004771847536934718,0.019977363771567502,1800000,18000000,17028000000,559.0
860,0.7724914110275177,0.3261227851086339,0.004153606412242236,0.01991088342113553,1800000,18000000,17047800000,559.65
861,0.7752945575579807,0.3259229395272617,0.005199576142295282,0.019844624302946416,1800000,18000000,17067600000,560.3000000000001
862,0.7740312121184273,0.326484349748797,0.0043652239309962355,0.019778585680787053,1800000,18000000,17087400000,560.95
863,0.7729304402973467,0.3250551477500397,0.0033127528468784276,0.019712766820894304,1800000,18000000,17107200000,561.6
864,0.7738943199698876,0.3292458471922207,0.004283124496432961,0.019647166991946803,1800000,18000000,17127000000,562.25
865,0.7723330481737585,0.32251918784323763,0.0037105928037529322,0.019581785465056904,1800000,18000000,17146800000,562.9
866,0.7749229249692876,0.32379540560411885,0.0036324958421984506,0.019516621513762517,1800000,18000000,17166600000,563.5500000000001
867,0.7743512153797029,0.32533960559625064,0.0025207489339507997,0.019451674414019068,1800000,18000000,17186400000,564.2
868,0.7747160191469514,0.3303493112437506,0.0035938316744252167,0.019386943444191458,1800000,18000000,17206200000,564.85
869,0.7751093667531685,0.32363604529135,0.001670046737899188,0.01932242788504602,1800000,18000000,17226000000,565.5
870,0.7732877462148171,0.3266888285354993,0.003758992509670631,0.01925812701974253,1800000,18000000,17245800000,566.15
871,0.7759967210951979,0.322794796018899,0.0029544096487920885,0.01919404013382628,1800000,18000000,17265600000,566.8000000000001
872,0.7749025738890668,0.32458806927071915,0.0026374912887296674,0.019130166515220096,1800000,18000000,17285400000,567.45
873,0.7760462772930906,0.32128384838435603,0.003019734637003479,0.01906650545421645,1800000,18000000,17305200000,568.1
874,0.7740296253588996,0.3286240858451545,0.004141477006040189,0.01900305624346956,1800000,18000000,17325000000,568.75
875,0.7771698391214413,0.324671138527119,0.00446885959255174,0.018939818177987563,1800000,18000000,17344800000,569.4
876,0.7755729629172475,0.3220699488215146,0.0048046104270933745,0.018876790555124607,1800000,18000000,17364600000,570.0500000000001
877,0.772737535946721,0.3314843105829357,0.005021144242270576,0.018813972674573135,1800000,18000000,17384400000,570.7
878,0.7749667364805233,0.32327583456223075,0.00225424739639837,0.01875136383835605,1800000,18000000,17404200000,571.35
879,0.7730603155798044,0.32663930258799456,0.0035404665818848497,0.018688963350818977,1800000,18000000,17424000000,572.0
880,0.7747835073811499,0.3232825527684432,0.0030145266054591125,0.018626770518622528,1800000,18000000,17443800000,572.65
881,0.7740238643798785,0.3243871120408392,0.005191659921577521,0.018564784650734575,1800000,18000000,17463600000,573.3000000000001
882,0.7763590805176236,0.3262340144425432,0.003952704012054822,0.018503005058422627,1800000,18000000,17483400000,573.95
883,0.7740254216130087,0.3235699864818938,0.0035770875720668193,0.018441431055246132,1800000,18000000,17503200000,574.6
884,0.7748377297620969,0.32410285832206076,0.0033037033897651154,0.01838006195704887,1800000,18000000,17523000000,575.25
885,0.7760075405370913,0.3258153875352438,0.004867794020224891,0.018318897081951332,1800000,18000000,17542800000,575.9
886,0.7784453156097747,0.32133039472515124,0.0032521582928275476,0.018257935750343183,1800000,18000000,17562600000,576.5500000000001
887,0.7738614207550022,0.3244258030709519,0.0023815177016141467,0.018197177284875646,1800000,18000000,17582400000,577.2
888,0.777259306152584,0.31748956218631363,0.003925563142909012,0.01813662101045404,1800000,18000000,17602200000,577.85
889,0.7740368798972922,0.3279222660123209,0.002623099137587635,0.018076266254230255,1800000,18000000,17622000000,578.5
890,0.7720225748005589,0.3302132590050812,0.004562232950626274,0.018016112345595265,1800000,18000000,17641800000,579.15
891,0.7773355720468728,0.3204659406606345,0.0033157821893223596,0.017956158616171686,1800000,18000000,17661600000,579.8000000000001
892,0.776472336439376,0.32102182286611175,0.00237009986988259,0.017896404399806366,1800000,18000000,17681400000,580.45
893,0.7757952518752506,0.3265308720439949,0.0026377684012327306,0.01783684903256293,1800000,18000000,17701200000,581.1
894,0.7739055742450759,0.3266407076091398,0.003756699550329364,0.017777491852714475,1800000,18000000,17721000000,581.75
895,0.7765000281776963,0.3250782314969954,0.0027774415844601438,0.017718332200736167,1800000,18000000,17740800000,582.4
896,0.7737522182029091,0.3195341022573295,0.0030026585891572708,0.017659369419297934,1800000,18000000,17760600000,583.0500000000001
897,0.7765568220894652,0.3275239508456498,0.003699753749870496,0.017600602853257152,1800000,18000000,17780400000,583.7
898,0.778158944117645,0.3192766889827612,0.002703313154589857,0.017542031849651377,1800000,18000000,17800200000,584.35
899,0.7736795765153693,0.3287050946281073,0.0015446148796757562,0.017483655757691067,1800000,18000000,17820000000,585.0
900,0.7755396302652781,0.322524971452558,0.0031459163051659324,0.01742547392875238,1800000,18000000,17839800000,585.65
901,0.7756195047164713,0.3233668382706368,0.0014268427601846977,0.01736748571636995,1800000,18000000,17859600000,586.3000000000001
902,0.7756378975225936,0.3308866161490041,0.0025251593329918567,0.01730969047622972,1800000,18000000,17879400000,586.95
903,0.7754991853073971,0.3241787768643078,0.0033763926679440228,0.01725208756616176,1800000,18000000,17899200000,587.6
904,0.7784122795881878,0.32125313763846897,0.002611568212485897,0.017194676346133125,1800000,18000000,17919000000,588.25
905,0.776369979005395,0.3198758425272176,0.0014617359267723496,0.017137456178240796,1800000,18000000,17938800000,588.9
906,0.7761675496140044,0.326047289657821,0.0036413753630577467,0.017080426426704536,1800000,18000000,17958600000,589.5500000000001
907,0.7780815279395109,0.31987431722572574,0.00341582449699467,0.01702358645785985,1800000,18000000,17978400000,590.2
908,0.7784218618922655,0.3186120334283863,0.002675778291828578,0.01696693564015095,1800000,18000000,17998200000,590.85
909,0.7757557809517255,0.330238157410453,0.005209466797918906,0.016910473344123725,1800000,18000000,18018000000,591.5
910,0.7772666124651196,0.32596216347135076,0.003758607911775255,0.016854198942418738,1800000,18000000,18037800000,592.15
911,0.775984043570774,0.3279476388711528,0.00308529167604671,0.016798111809764284,1800000,18000000,18057600000,592.8000000000001
912,0.7776094699226729,0.3217416568654209,0.0014743662137410324,0.01674221132296943,1800000,18000000,18077400000,593.45
913,0.7761724380119532,0.32553795003937935,0.004096324465757343,0.01668649686091707,1800000,18000000,18097200000,594.1
914,0.7780790981429138,0.3176517491531111,0.003775330808050299,0.016630967804557063,1800000,18000000,18117000000,594.75
915,0.7786348127244027,0.3227027835969119,0.0029742292287244804,0.016575623536899325,1800000,18000000,18136800000,595.4
916,0.7757025099119825,0.32829406750545786,0.002737604868984175,0.016520463443006964,1800000,18000000,18156600000,596.0500000000001
917,0.7785263270063804,0.32069222322435653,0.004859035957557593,0.016465486909989488,1800000,18000000,18176400000,596.7
918,0.7781685310683414,0.32428024497483404,0.0036945157574507074,0.01641069332699597,1800000,18000000,18196200000,597.35
919,0.7774160291692801,0.3218029911045902,0.0014785697453992253,0.01635608208520825,1800000,18000000,18216000000,598.0
920,0.7780318920689606,0.3255456540212979,0.001338824472369152,0.016301652577834193,1800000,18000000,18235800000,598.65
921,0.7775153336024518,0.3262737688854473,0.002643949928590807,0.016247404200100943,1800000,18000000,18255600000,599.3000000000001
922,0.7771912136306477,0.32064823935340303,0.004231829180654397,0.016193336349248175,1800000,18000000,18275400000,599.95
923,0.7772934686832081,0.32282546126567624,0.003523030944341222,0.016139448424521443,1800000,18000000,18295200000,600.6
924,0.7781165249745507,0.3152158291038806,0.0038642256352482934,0.01608573982716547,1800000,18000000,18315000000,601.25
925,0.7793923227340067,0.31918819319726827,0.001822609584474095,0.016032209960417515,1800000,18000000,18334800000,601.9
926,0.7789990327885782,0.3250203957834,0.003596148247553169,0.015978858229500733,1800000,18000000,18354600000,602.5500000000001
927,0.7770632655219984,0.3231768697873747,0.00362756190132756,0.01592568404161755,1800000,18000000,18374400000,603.2
928,0.7794976542206185,0.3250227995277407,0.0020002223398154512,0.01587268680594312,1800000,18000000,18394200000,603.85
929,0.7763584556407884,0.3264472134780038,0.002011988281011466,0.01581986593361872,1800000,18000000,18414000000,604.5
930,0.779440460833084,0.31728603821879553,0.003180297953184254,0.01576722083774523,1800000,18000000,18433800000,605.15
931,0.7761552479008276,0.3207123854560308,0.002718178679653682,0.015714750933376594,1800000,18000000,18453600000,605.8000000000001
932,0.7772500537447419,0.3194424151797203,0.0011922880365403978,0.015662455637513346,1800000,18000000,18473400000,606.45
933,0.7771601385215352,0.31633634326661403,0.0031222512311391477,0.015610334369096087,1800000,18000000,18493200000,607.1
934,0.780513495882203,0.3181791367792813,0.002418940007528612,0.015558386548999083,1800000,18000000,18513000000,607.75
935,0.7783885716189559,0.32086592446284434,3.369549413242577e-05,0.015506611600023803,1800000,18000000,18532800000,608.4
936,0.7797242003997522,0.3208911116996502,0.0033929459086875506,0.0154550089468925,1800000,18000000,18552600000,609.0500000000001
937,0.7772471413431961,0.3238261763819837,0.002157335231131782,0.015403578016241832,1800000,18000000,18572400000,609.7
938,0.779043615333318,0.3224574624246473,0.003492713023815308,0.01535231823661649,1800000,18000000,18592200000,610.35
939,0.7814355410661719,0.3184007427046878,0.0029380727847341543,0.015301229038462828,1800000,18000000,18612000000,611.0
940,0.7746813047815111,0.31939952868231625,0.0022417479688874725,0.01525030985412257,1800000,18000000,18631800000,611.65
941,0.7807476074933909,0.3234573164640665,0.0014486792188795007,0.015199560117826475,1800000,18000000,18651600000,612.3000000000001
942,0.7792649838247057,0.324615875898232,0.0034043402647769413,0.015148979265688062,1800000,18000000,18671400000,612.95
943,0.7804613916800579,0.31503160900118393,0.002317363869721083,0.015098566735697346,1800000,18000000,18691200000,613.6
944,0.7782127285096211,0.3159639245320816,0.0015998722955476552,0.015048321967714589,1800000,18000000,18711000000,614.25
945,0.779616476155927,0.3152118864851024,0.0032654868562561994,0.014998244403464065,1800000,18000000,18730800000,614.9
946,0.7770714845001796,0.32382729197123933,0.004251524118206356,0.014948333486527878,1800000,18000000,18750600000,615.5500000000001
947,0.7761452059417572,0.3200601505476985,0.0021959986692154064,0.01489858866233978,1800000,18000000,18770400000,616.2
948,0.7807302508072873,0.31742268742474733,0.002447951435599914,0.014849009378178984,1800000,18000000,18790200000,616.85
949,0.7795987466943233,0.3171142870894149,0.002379695428171342,0.014799595083164046,1800000,18000000,18810000000,617.5
950,0.7804063217458327,0.32282005428089366,0.0014351991718364627,0.01475034522824674,1800000,18000000,18829800000,618.15
951,0.7778504782480073,0.3270644761956346,0.0027323777052555578,0.014701259266205942,1800000,18000000,18849600000,618.8000000000001
952,0.7807168677119952,0.31429971371983007,0.002159969152080971,0.01465233665164157,1800000,18000000,18869400000,619.45
953,0.7801238490720405,0.31985560970251226,0.000596254716230205,0.014603576840968517,1800000,18000000,18889200000,620.1
954,0.7784806836730926,0.31954314819832763,0.0023927957452914554,0.014554979292410605,1800000,18000000,18909000000,620.75
955,0.7759914873270712,0.32147386601943956,0.0018056129020108732,0.014506543465994582,1800000,18000000,18928800000,621.4
956,0.7795495653166973,0.31541626057409605,0.002549733675698795,0.014458268823544085,1800000,18000000,18948600000,622.0500000000001
957,0.7780907650278989,0.3204719085875831,0.0029888178422761043,0.014410154828673707,1800000,18000000,18968400000,622.7
958,0.7821991106273405,0.3156584284950627,0.0020820455218993083,0.014362200946783012,1800000,18000000,18988200000,623.35
959,0.7785393148756983,0.316849971377251,0.00236318564418489,0.014314406645050596,1800000,18000000,19008000000,624.0
960,0.7805274531996915,0.32352473892136113,0.004116103983489264,0.014266771392428173,1800000,18000000,19027800000,624.65
961,0.7760092864734099,0.3246391232365689,0.0013164019599263051,0.014219294659634668,1800000,18000000,19047600000,625.3000000000001
962,0.7809049664103188,0.32031843835931517,0.004934873360230023,0.014171975919150332,1800000,18000000,19067400000,625.95
963,0.7788550203439519,0.32129410076876824,0.002521738605057046,0.0141248146452109,1800000,18000000,19087200000,626.6
964,0.780381377627353,0.31791548867968367,0.003784138737048796,0.014077810313801734,1800000,18000000,19107000000,627.25
965,0.7797574329221775,0.3172403135580667,0.0010740529686176586,0.014030962402651998,1800000,18000000,19126800000,627.9
966,0.7800706460790467,0.319676446823021,0.0020361806327416038,0.013984270391228862,1800000,18000000,19146600000,628.5500000000001
967,0.7818856623825127,0.3157586907333216,0.0020675174161459736,0.013937733760731734,1800000,18000000,19166400000,629.2
968,0.7777373751521218,0.32397521635962645,0.0019169764631723992,0.01389135199408644,1800000,18000000,19186200000,629.85
969,0.7803600619338742,0.32131002872189474,0.001816453276401734,0.013845124575939553,1800000,18000000,19206000000,630.5
970,0.7810178219087405,0.3247153795733882,0.003686213004778273,0.013799050992652615,1800000,18000000,19225800000,631.15
971,0.7800030679711406,0.3223834044923352,0.004324522441675387,0.013753130732296451,1800000,18000000,19245600000,631.8000000000001
972,0.7806169429861504,0.3224244182060776,0.004269263621561975,0.013707363284645472,1800000,18000000,19265400000,632.45
973,0.7787513157661418,0.31899247714745227,0.0028118415718552704,0.013661748141172018,1800000,18000000,19285200000,633.1
974,0.7786938659882678,0.3231074882000344,0.0029927988548168758,0.013616284795040677,1800000,18000000,19305000000,633.75
975,0.7808180209685986,0.3121392085568342,0.0031090586292912116,0.013570972741102702,1800000,18000000,19324800000,634.4
976,0.7801328908308848,0.3176412288704473,0.0022253126172428234,0.013525811475890359,1800000,18000000,19344600000,635.0500000000001
977,0.7799876752929058,0.3186065354187527,0.0016095161470739195,0.013480800497611346,1800000,18000000,19364400000,635.7
978,0.7802582791983318,0.31333663060222,0.0017742792556685958,0.013435939306143226,1800000,18000000,19384200000,636.35
979,0.7824099663558254,0.32237540760448424,0.0010743061133801917,0.01339122740302784,1800000,18000000,19404000000,637.0
980,0.7817770122919505,0.31694560865884686,0.0016139736785482012,0.013346664291465818,1800000,18000000,19423800000,637.65
981,0.7822500098998099,0.32066337536636547,0.002581872964645705,0.013302249476311008,1800000,18000000,19443600000,638.3000000000001
982,0.7815083970641873,0.3209204151601566,0.0014824470209842072,0.013257982464065015,1800000,18000000,19463400000,638.95
983,0.7793394897713138,0.3207564480865009,0.0020477060755817477,0.013213862762871688,1800000,18000000,19483200000,639.6
984,0.7791092391574029,0.31716843326244315,0.0035896286368539646,0.013169889882511677,1800000,18000000,19503000000,640.25
985,0.7818984568606339,0.3239856779935023,0.0024964038758683994,0.013126063334396957,1800000,18000000,19522800000,640.9
986,0.7800498244278777,0.3179331220583568,0.002020535930144468,0.013082382631565439,1800000,18000000,19542600000,641.5500000000001
987,0.7802762967277709,0.3164797890919533,0.0019318617946843808,0.013038847288675532,1800000,18000000,19562400000,642.2
988,0.7808443538951716,0.324539847245992,0.0028090596862171318,0.012995456822000755,1800000,18000000,19582200000,642.85
989,0.7808208814777643,0.3226575821406181,0.001609701136173204,0.012952210749424363,1800000,18000000,19602000000,643.5
990,0.7801120927201837,0.31900948255256045,0.00265341075876219,0.012909108590434005,1800000,18000000,19621800000,644.15
991,0.7838012507252001,0.3168684083201835,0.0019750615850837212,0.012866149866116342,1800000,18000000,19641600000,644.8000000000001
992,0.7807655034666089,0.32107988858398223,0.004584035517029067,0.012823334099151783,1800000,18000000,19661400000,645.45
993,0.7850571558756095,0.31551510726053467,0.00020003890219426985,0.01278066081380914,1800000,18000000,19681200000,646.1
994,0.7829994816739615,0.3172199337892406,0.0026667849295432555,0.01273812953594036,1800000,18000000,19701000000,646.75
995,0.7820648200378172,0.31938111186507784,0.0020773659191439275,0.012695739792975256,1800000,18000000,19720800000,647.4
996,0.78221057026766,0.3195891591899145,0.0025443214516683173,0.012653491113916249,1800000,18000000,19740600000,648.0500000000001
997,0.7834240878399712,0.31999412330494353,0.002278753480736114,0.012611383029333125,1800000,18000000,19760400000,648.7
998,0.7826524881966758,0.31575100351879604,0.00298405316996341,0.012569415071357852,1800000,18000000,19780200000,649.35
999,0.784889083202289,0.31077482951550894,0.0,0.012527586773679353,1800000,18000000,19800000000,650.0
