round,test_accuracy,train_objective,mfg,hfr_tau,downlink_bytes,uplink_bytes,cumulative_serialized_bytes,single_device_elapsed_seconds
0,0.500854179264486,0.5953319870904796,0.12012281714889975,0.35,1800000,3600000,5400000,0.5700000000000001
1,0.5009053348200203,0.6021251712733126,0.12024138491418186,0.3488352756190831,1800000,3600000,10800000,1.1400000000000001
2,0.5030607470422451,0.5979269593955238,0.11890241435462308,0.34767442718926206,1800000,3600000,16200000,1.7100000000000002
3,0.5006759479406322,0.5967682438355915,0.11826560202954747,0.34651744181220884,1800000,3600000,21600000,2.2800000000000002
4,0.5063048090959361,0.5945654267108098,0.11748807941622297,0.3453643066325185,1800000,3600000,27000000,2.8500000000000005
5,0.5069032183739464,0.5958306167515545,0.1184399625439263,0.3442150088375661,1800000,3600000,32400000,3.4200000000000004
6,0.5045290905263979,0.5937139205028495,0.11776143150232546,0.3430695356573643,1800000,3600000,37800000,3.99
7,0.5080416932346826,0.589540277569504,0.1165362000451786,0.3419278743644216,1800000,3600000,43200000,4.5600000000000005
8,0.5056732738453339,0.5972996057389784,0.11609752762309612,0.34079001227360073,1800000,3600000,48600000,5.130000000000001
9,0.5081595101814441,0.587995480277972,0.11494448036604041,0.33965593674197786,1800000,3600000,54000000,5.700000000000001
10,0.5086076586624332,0.5864793073724587,0.11524663883285817,0.33852563516870204,1800000,3600000,59400000,6.2700000000000005
11,0.5094465298791796,0.5918239220553104,0.113178694930097,0.3373990949948554,1800000,3600000,64800000,6.840000000000001
12,0.5089390944597584,0.5920303115948714,0.11376193067838641,0.3362763037033131,1800000,3600000,70200000,7.410000000000001
13,0.5087668157643619,0.5903364103968591,0.11322421128077483,0.335157248818605,1800000,3600000,75600000,7.98
14,0.5079287025800832,0.592056349886368,0.11202959654929068,0.3340419179067763,1800000,3600000,81000000,8.55
15,0.5116167031398752,0.5907742092975258,0.11285107451485334,0.33293029857524986,1800000,3600000,86400000,9.120000000000001
16,0.5125983151128484,0.5913864877139611,0.11262095602288048,0.3318223784726884,1800000,3600000,91800000,9.690000000000001
17,0.5116888820164811,0.5910629660065564,0.11308025209611888,0.3307181452888571,1800000,3600000,97200000,10.260000000000002
18,0.5137270190799825,0.5890676231846091,0.11164915916071079,0.32961758675448705,1800000,3600000,102600000,10.830000000000002
19,0.5113642567835412,0.5878098511669443,0.11118470205059737,0.32852069064113865,1800000,3600000,108000000,11.400000000000002
20,0.5112213465543582,0.5929602235487695,0.11048991244195387,0.3274274447610662,1800000,3600000,113400000,11.97
21,0.5164288883062697,0.58220926615769,0.11099840789695647,0.32633783696708185,1800000,3600000,118800000,12.540000000000001
22,0.5161298008251419,0.5831813550448627,0.10934431339344303,0.3252518551524212,1800000,3600000,124200000,13.110000000000001
23,0.5136980841325509,0.5879587748679823,0.10968374930954483,0.32416948725060846,1800000,3600000,129600000,13.680000000000001
24,0.5168376865369977,0.5791779275877005,0.1105724690399843,0.3230907212353225,1800000,3600000,135000000,14.250000000000002
25,0.517612351577745,0.5808999558127879,0.10915189129410095,0.32201554512026315,1800000,3600000,140400000,14.820000000000002
26,0.5173107002007957,0.5809298750616626,0.11025185334127911,0.320943946959018,1800000,3600000,145800000,15.390000000000002
27,0.5179024571911286,0.5795781435304148,0.10684569645370069,0.31987591484492983,1800000,3600000,151200000,15.96
28,0.5163353483012675,0.5780478199327977,0.10832771308587319,0.3188114369109642,1800000,3600000,156600000,16.53
29,0.518928486233648,0.580198120902637,0.1072432485104472,0.3177505013295776,1800000,3600000,162000000,17.1
30,0.520141278361675,0.5819278094295351,0.10543246632539507,0.3166930963125858,1800000,3600000,167400000,17.67
31,0.5196815041624787,0.5781131022920647,0.10602558019255032,0.3156392101110335,1800000,3600000,172800000,18.240000000000002
32,0.5204650552320513,0.5821574325179568,0.10506892637080437,0.3145888310150631,1800000,3600000,178200000,18.810000000000002
33,0.5200025550404328,0.5747525625050135,0.10652428405673542,0.3135419473537849,1800000,3600000,183600000,19.380000000000003
34,0.523210608172326,0.5707087712610137,0.10364465599205534,0.31249854749514744,1800000,3600000,189000000,19.950000000000003
35,0.5265338916882912,0.5706659587368909,0.10361063926107782,0.3114586198458083,1800000,3600000,194400000,20.520000000000003
36,0.5214001594178526,0.5776183820683776,0.10433884273735959,0.3104221528510051,1800000,3600000,199800000,21.090000000000003
37,0.5234074607089074,0.5737478638808824,0.10400220707167514,0.3093891349944272,1800000,3600000,205200000,21.660000000000004
38,0.5258447714087057,0.5784001696577428,0.10249609454037076,0.30835955479808785,1800000,3600000,210600000,22.230000000000004
39,0.5256270798259263,0.5749371953806073,0.10408604969213579,0.30733340082219646,1800000,3600000,216000000,22.800000000000004
40,0.5237060405313467,0.5750529581096312,0.10392989287875046,0.3063106616650316,1800000,3600000,221400000,23.37
41,0.5256687423852191,0.5711059691939,0.10301859252086752,0.3052913259628144,1800000,3600000,226800000,23.94
42,0.5270252576822776,0.5723250768835568,0.10052500173368725,0.304275382389582,1800000,3600000,232200000,24.51
43,0.528555028101449,0.5769655205177966,0.10057424436032815,0.3032628196570622,1800000,3600000,237600000,25.080000000000002
44,0.5259316877120371,0.5727922033095284,0.10179628875091586,0.3022536265145474,1800000,3600000,243000000,25.650000000000002
45,0.5305587578069098,0.5657803098353903,0.10162245511465491,0.3012477917487702,1800000,3600000,248400000,26.220000000000002
46,0.5308881328413321,0.5686404596399355,0.10031835474055878,0.30024530418377837,1800000,3600000,253800000,26.790000000000003
47,0.531869832285706,0.5666324187585993,0.10101148961962395,0.2992461526808108,1800000,3600000,259200000,27.360000000000003
48,0.5297103858409953,0.5692450151990279,0.0972822094150002,0.2982503261381739,1800000,3600000,264600000,27.930000000000003
49,0.5315090694580475,0.5637041882032953,0.0981809659026549,0.2972578134911182,1800000,3600000,270000000,28.500000000000004
50,0.5317089284715262,0.5645092218082591,0.09670752255133097,0.29626860371171493,1800000,3600000,275400000,29.070000000000004
51,0.5325697119818256,0.5698140162269525,0.09826491859634952,0.2952826858087343,1800000,3600000,280800000,29.640000000000004
52,0.5351783589205366,0.5640964639350907,0.0991931065050059,0.29430004882752275,1800000,3600000,286200000,30.210000000000004
53,0.532568959274536,0.5699046643814293,0.0954541474909352,0.29332068184988147,1800000,3600000,291600000,30.780000000000005
54,0.5329093303552088,0.5692611435749397,0.09799670085099778,0.2923445739939452,1800000,3600000,297000000,31.350000000000005
55,0.5345324415619533,0.5674314400975408,0.09525319311494426,0.29137171441406096,1800000,3600000,302400000,31.92
56,0.5354986676202629,0.5685082006677913,0.09565813282712411,0.2904020923006678,1800000,3600000,307800000,32.49
57,0.5338560626734621,0.5652558425364895,0.09604549570623518,0.2894356968801768,1800000,3600000,313200000,33.06
58,0.5355780837459538,0.5596280830889965,0.09611180247892091,0.2884725174148511,1800000,3600000,318600000,33.63
59,0.5370602938057398,0.5607871289421636,0.0942322206835825,0.2875125432026867,1800000,3600000,324000000,34.2
60,0.536342878340613,0.5659203025784677,0.09279024363390137,0.2865557635772936,1800000,3600000,329400000,34.77
61,0.5357818411661814,0.5651953417455747,0.09538343279923979,0.2856021679077773,1800000,3600000,334800000,35.34
62,0.5383326160594347,0.561462981298777,0.09390740378812751,0.28465174559862044,1800000,3600000,340200000,35.910000000000004
63,0.5357201612461562,0.5577843573862741,0.09199811975424768,0.28370448608956544,1800000,3600000,345600000,36.480000000000004
64,0.5397664896892139,0.563668951930827,0.09109698903817032,0.2827603788554969,1800000,3600000,351000000,37.050000000000004
65,0.5394575787602605,0.5677121762189242,0.09346976555007577,0.28181941340632466,1800000,3600000,356400000,37.620000000000005
66,0.5390580974239952,0.5616145660325547,0.09337538145032301,0.28088157928686747,1800000,3600000,361800000,38.190000000000005
67,0.5381486175910072,0.560861470310167,0.09104540759199162,0.2799468660767365,1800000,3600000,367200000,38.760000000000005
68,0.5433272236628771,0.5522338931816132,0.09241982519486994,0.2790152633902198,1800000,3600000,372600000,39.330000000000005
69,0.5446987214579263,0.551116416133502,0.09123624531486425,0.2780867608761669,1800000,3600000,378000000,39.900000000000006
70,0.5417433204022473,0.5605114492848865,0.09194508701751758,0.2771613482178736,1800000,3600000,383400000,40.470000000000006
71,0.5432359339984173,0.5561562701095668,0.08863868107804741,0.27623901513296745,1800000,3600000,388800000,41.040000000000006
72,0.541034352091062,0.5581510135144765,0.09023061555745494,0.2753197513732937,1800000,3600000,394200000,41.61000000000001
73,0.5438786411824941,0.5542628060273154,0.08913195772482418,0.274403546724801,1800000,3600000,399600000,42.18000000000001
74,0.5459298845923578,0.5562805491772411,0.09045033867242604,0.27349039100742834,1800000,3600000,405000000,42.75000000000001
75,0.5455847362771654,0.5570488162008661,0.08931044399039503,0.2725802740749917,1800000,3600000,410400000,43.32000000000001
76,0.5474677054620284,0.5494431929763156,0.08923543518058459,0.27167318581507127,1800000,3600000,415800000,43.89000000000001
77,0.5470378661446428,0.5527530283754235,0.0875914707346729,0.2707691161488994,1800000,3600000,421200000,44.46000000000001
78,0.547854678484683,0.5572536057650112,0.08758945447428144,0.26986805503124817,1800000,3600000,426600000,45.03000000000001
79,0.5496366632823841,0.551932583102198,0.08622167268063975,0.26896999245031816,1800000,3600000,432000000,45.60000000000001
80,0.5512961447376042,0.5474531224406901,0.08766672011065703,0.26807491842762704,1800000,3600000,437400000,46.17
81,0.54696173694606,0.5553182268356676,0.08704519961092899,0.2671828230178986,1800000,3600000,442800000,46.74
82,0.5502685071824195,0.545230785082286,0.08632238587420854,0.2662936963089525,1800000,3600000,448200000,47.31
83,0.5498421528069621,0.5515703980673196,0.08460343280202885,0.26540752842159393,1800000,3600000,453600000,47.88
84,0.5504854775344123,0.5443725605673163,0.08534873695190207,0.2645243095095039,1800000,3600000,459000000,48.45
85,0.5491687160422839,0.5529279106411498,0.08688573824946515,0.26364402975912987,1800000,3600000,464400000,49.02
86,0.5524746573983853,0.5483896866610878,0.08489779736966666,0.26276667938957665,1800000,3600000,469800000,49.59
87,0.551501582593566,0.543894268487717,0.08618208428805571,0.2618922486524978,1800000,3600000,475200000,50.160000000000004
88,0.5531805859954767,0.5485757975476309,0.0824630725056132,0.26102072783198726,1800000,3600000,480600000,50.730000000000004
89,0.5549301111872613,0.5480159831927456,0.08402044360517458,0.2601521072444713,1800000,3600000,486000000,51.300000000000004
90,0.5586382806831588,0.5407057613226024,0.08368148645220715,0.25928637723860126,1800000,3600000,491400000,51.870000000000005
91,0.5506601064471575,0.5456467498408171,0.0851976047034907,0.2584235281951458,1800000,3600000,496800000,52.440000000000005
92,0.5548459231574852,0.5514709576530837,0.08201519445454819,0.25756355052688457,1800000,3600000,502200000,53.010000000000005
93,0.5530954338843372,0.5461490278987915,0.08226206109469851,0.25670643467850124,1800000,3600000,507600000,53.580000000000005
94,0.5569076351532802,0.5489960288174265,0.08270002085087948,0.2558521711264775,1800000,3600000,513000000,54.150000000000006
95,0.5566940928696684,0.5446751181386663,0.08103539681630371,0.2550007503789875,1800000,3600000,518400000,54.720000000000006
96,0.5560523547012038,0.5496028110523596,0.08020794921637663,0.2541521629757918,1800000,3600000,523800000,55.290000000000006
97,0.5555069716291531,0.548030202986402,0.08147810935696262,0.2533063994881328,1800000,3600000,529200000,55.86000000000001
98,0.5554722061251172,0.5491912088652152,0.07926541118765226,0.2524634505186297,1800000,3600000,534600000,56.43000000000001
99,0.5572603948709635,0.5435257219331068,0.0791433089672544,0.25162330670117417,1800000,3600000,540000000,57.00000000000001
100,0.5587395497329515,0.5439825177227128,0.08084240871590981,0.2507859587008262,1800000,3600000,545400000,57.57000000000001
101,0.5565460354219001,0.5415637406646402,0.07901907246509074,0.24995139721371062,1800000,3600000,550800000,58.14000000000001
102,0.5605446032130691,0.5356463696864402,0.07894145330113424,0.24911961296691337,1800000,3600000,556200000,58.71000000000001
103,0.5597991372944537,0.5464721696378744,0.07936151962080999,0.24829059671837875,1800000,3600000,561600000,59.28000000000001
104,0.558633512465402,0.5431527130231256,0.08011947787622056,0.24746433925680647,1800000,3600000,567000000,59.85000000000001
105,0.5574493855894743,0.5468081844986166,0.07989441103688269,0.2466408314015497,1800000,3600000,572400000,60.42000000000001
106,0.5628977557392917,0.5347240451725466,0.0794871094986958,0.24582006400251258,1800000,3600000,577800000,60.99000000000001
107,0.5597248795972074,0.5379850057397388,0.07776887256586788,0.24500202794004897,1800000,3600000,583200000,61.56000000000001
108,0.5609333094011506,0.540871226990894,0.0765882709226005,0.24418671412486084,1800000,3600000,588600000,62.13000000000001
109,0.5611566530838156,0.5361957246870461,0.07849711277640568,0.24337411349789742,1800000,3600000,594000000,62.70000000000001
110,0.5615132664431506,0.5379375722869272,0.0762302430829014,0.24256421703025452,1800000,3600000,599400000,63.27000000000001
111,0.5640257890561298,0.5387816902425385,0.07812186920772021,0.24175701572307412,1800000,3600000,604800000,63.84
112,0.5633647914690855,0.5330339964692331,0.07761066480865002,0.2409525006074445,1800000,3600000,610200000,64.41000000000001
113,0.5626938857760437,0.5365957338115384,0.07564250430956931,0.24015066274430058,1800000,3600000,615600000,64.98
114,0.5661000975701642,0.5301359522946445,0.07782021813478039,0.23935149322432453,1800000,3600000,621000000,65.55000000000001
115,0.5652339891185368,0.5343983916063101,0.07498472992122743,0.23855498316784673,1800000,3600000,626400000,66.12
116,0.5625683327023379,0.5356808635850084,0.07540785889791769,0.23776112372474734,1800000,3600000,631800000,66.69000000000001
117,0.56383080670202,0.5398502020303383,0.07472424189364624,0.2369699060743576,1800000,3600000,637200000,67.26
118,0.5660751330229645,0.53585536081424,0.07535655268104371,0.23618132142536227,1800000,3600000,642600000,67.83000000000001
119,0.566285041544241,0.5319759964354046,0.07478609156219733,0.2353953610157015,1800000,3600000,648000000,68.4
120,0.5665951353716749,0.5314926800711318,0.0741176888651317,0.23461201611247376,1800000,3600000,653400000,68.97000000000001
121,0.5688598066057783,0.5286372571038851,0.0723735166824234,0.23383127801183873,1800000,3600000,658800000,69.54
122,0.5680064614414048,0.5285141611064165,0.07396173098319683,0.23305313803892064,1800000,3600000,664200000,70.11000000000001
123,0.5722186834098366,0.5244337204750488,0.07247400041631384,0.23227758754771177,1800000,3600000,669600000,70.68
124,0.5684382938973777,0.5333786806889341,0.0737239848272378,0.23150461792097646,1800000,3600000,675000000,71.25000000000001
125,0.5711339346535842,0.5381579004825352,0.07470426202870892,0.2307342205701553,1800000,3600000,680400000,71.82000000000001
126,0.5727902130362404,0.522727446094702,0.073181834512461,0.22996638693526986,1800000,3600000,685800000,72.39000000000001
127,0.5697248366225105,0.5282438243409034,0.07306139006720913,0.22920110848482736,1800000,3600000,691200000,72.96000000000001
128,0.5725116860322721,0.530570950000106,0.07312521545102868,0.22843837671572612,1800000,3600000,696600000,73.53
129,0.5710500066249309,0.5300957452247992,0.07128436824177575,0.22767818315316077,1800000,3600000,702000000,74.10000000000001
130,0.574030316341697,0.5221052317116183,0.07133206273406362,0.2269205193505284,1800000,3600000,707400000,74.67
131,0.5725335902747484,0.5244823977699762,0.07079295677559268,0.2261653768893345,1800000,3600000,712800000,75.24000000000001
132,0.5737974516030933,0.5282995413677838,0.07226416844928897,0.22541274737909947,1800000,3600000,718200000,75.81
133,0.5751959986341637,0.5233476434177556,0.06991815626305464,0.22466262245726548,1800000,3600000,723600000,76.38000000000001
134,0.5743911546545049,0.52626430070998,0.06937871333898694,0.22391499378910354,1800000,3600000,729000000,76.95
135,0.5727280351778786,0.5290397642833634,0.07091063881850504,0.22316985306762066,1800000,3600000,734400000,77.52000000000001
136,0.5756214034006447,0.5228724184345045,0.06837672861973283,0.22242719201346783,1800000,3600000,739800000,78.09
137,0.5730768067935702,0.5281280701129141,0.07108641773865232,0.22168700237484795,1800000,3600000,745200000,78.66000000000001
138,0.5761686564375893,0.5235128189402737,0.0697931621903756,0.22094927592742405,1800000,3600000,750600000,79.23
139,0.5753234812739791,0.5218003180705038,0.06834692847383189,0.22021400447422812,1800000,3600000,756000000,79.80000000000001
140,0.5781747973557003,0.5204862204695201,0.06879666249978256,0.2194811798455696,1800000,3600000,761400000,80.37
141,0.5797317959256715,0.5158862337095831,0.06925901823748046,0.21875079389894525,1800000,3600000,766800000,80.94000000000001
142,0.5774337988620192,0.5190181040209819,0.06834956371321278,0.21802283851894808,1800000,3600000,772200000,81.51
143,0.5804709009337737,0.5181291471065355,0.0672537206886393,0.21729730561717747,1800000,3600000,777600000,82.08000000000001
144,0.57927697578471,0.5182259236340555,0.06853959002115727,0.2165741871321493,1800000,3600000,783000000,82.65
145,0.5777506971454394,0.5190109751613465,0.06715610971197175,0.21585347502920627,1800000,3600000,788400000,83.22000000000001
146,0.5792755058246432,0.5165104301061736,0.06596807229705967,0.2151351613004287,1800000,3600000,793800000,83.79
147,0.5793841553140733,0.5230739603397365,0.06693948673286657,0.21441923796454562,1800000,3600000,799200000,84.36000000000001
148,0.5817161934033004,0.5166523088336745,0.06630780674266369,0.21370569706684586,1800000,3600000,804600000,84.93
149,0.5805245068323629,0.5202524176910952,0.0674551264961633,0.2129945306790899,1800000,3600000,810000000,85.50000000000001
150,0.5797452877711068,0.5175986352794536,0.06663530774578474,0.21228573089942168,1800000,3600000,815400000,86.07000000000001
151,0.5819638303766091,0.520981319126187,0.06572395702718313,0.2115792898522808,1800000,3600000,820800000,86.64000000000001
152,0.5818139668166185,0.5174296913334308,0.06573495687215998,0.21087519968831503,1800000,3600000,826200000,87.21000000000001
153,0.5826721053123582,0.5160755982775224,0.06493463272256515,0.21017345258429304,1800000,3600000,831600000,87.78000000000002
154,0.5820208042709827,0.5162009550269493,0.06442090164692141,0.20947404074301768,1800000,3600000,837000000,88.35000000000001
155,0.5832284962781273,0.5179674074651792,0.06385866136460604,0.20877695639323893,1800000,3600000,842400000,88.92000000000002
156,0.5840791114600489,0.5174101764149096,0.06503169323161571,0.20808219178956802,1800000,3600000,847800000,89.49000000000001
157,0.5840454673823761,0.5155248673283954,0.06298431677304404,0.2073897392123911,1800000,3600000,853200000,90.06000000000002
158,0.585963144906532,0.5141529974195824,0.06595024701523036,0.20669959096778348,1800000,3600000,858600000,90.63000000000001
159,0.5808507015302699,0.5131043095456236,0.062647449468632,0.20601173938742431,1800000,3600000,864000000,91.20000000000002
160,0.5849770794022874,0.5168369762083562,0.06372481071188152,0.20532617682851112,1800000,3600000,869400000,91.77000000000001
161,0.5867521267034788,0.516005289711757,0.062224758906314556,0.2046428956736751,1800000,3600000,874800000,92.34
162,0.5849694035928074,0.515284625276862,0.06341022866885057,0.20396188833089637,1800000,3600000,880200000,92.91000000000001
163,0.5864826036384829,0.5177185472857665,0.06189427085830776,0.2032831472334197,1800000,3600000,885600000,93.48
164,0.5850490198904046,0.5123117570791449,0.061668114768497484,0.20260666483967038,1800000,3600000,891000000,94.05000000000001
165,0.5879589052587443,0.513776451427798,0.062238095647191065,0.20193243363317032,1800000,3600000,896400000,94.62
166,0.5918212413262548,0.5060552224996693,0.062349179705891766,0.20126044612245486,1800000,3600000,901800000,95.19000000000001
167,0.5885611704976511,0.5109286045988929,0.06164467131920696,0.20059069484098904,1800000,3600000,907200000,95.76
168,0.5878040707912262,0.5176948369000296,0.06131707766523609,0.1999231723470852,1800000,3600000,912600000,96.33000000000001
169,0.5905852208807991,0.5084701340946626,0.06253669358030335,0.1992578712238198,1800000,3600000,918000000,96.9
170,0.5907207429070778,0.5129803580662101,0.0609834750467151,0.19859478407895134,1800000,3600000,923400000,97.47000000000001
171,0.5898439203161808,0.5126282819160913,0.06011528375045536,0.19793390354483797,1800000,3600000,928800000,98.04
172,0.5929014256970592,0.503368294287389,0.05954451173554863,0.19727522227835592,1800000,3600000,934200000,98.61000000000001
173,0.5921096267307732,0.5068705845868073,0.05997608456114592,0.1966187329608177,1800000,3600000,939600000,99.18
174,0.5907870993046006,0.5138989239605835,0.05942651125053295,0.1959644282978907,1800000,3600000,945000000,99.75000000000001
175,0.5907530337356304,0.5088731115453383,0.059624108189425706,0.19531230101951647,1800000,3600000,950400000,100.32000000000001
176,0.5942453700679936,0.5073391656420002,0.05868103364637721,0.1946623438798296,1800000,3600000,955800000,100.89000000000001
177,0.5942935178988242,0.5001059371487263,0.05992052053624465,0.19401454965707748,1800000,3600000,961200000,101.46000000000001
178,0.5920199832634717,0.5066314978496738,0.05932007601346545,0.19336891115353974,1800000,3600000,966600000,102.03000000000002
179,0.5937166840672287,0.4950144524865456,0.058895130193010875,0.1927254211954487,1800000,3600000,972000000,102.60000000000001
180,0.5922289374280723,0.5099175713346698,0.058343432792881594,0.19208407263290928,1800000,3600000,977400000,103.17000000000002
181,0.5933800808429331,0.5085126718824178,0.05917517853895725,0.19144485833981967,1800000,3600000,982800000,103.74000000000001
182,0.5939074106012999,0.5077706521258049,0.05876630043993893,0.19080777121379236,1800000,3600000,988200000,104.31000000000002
183,0.5950077828421743,0.5070635129054261,0.05646379142355841,0.19017280417607493,1800000,3600000,993600000,104.88000000000001
184,0.5937367333913335,0.5052632257335047,0.057784064719524186,0.1895399501714715,1800000,3600000,999000000,105.45000000000002
185,0.5949293723441623,0.5068910150251867,0.0549524996329797,0.1889092021682644,1800000,3600000,1004400000,106.02000000000001
186,0.5984042195382118,0.5057854198351128,0.05788440431679306,0.18828055315813605,1800000,3600000,1009800000,106.59000000000002
187,0.5958363986942186,0.5048449544423016,0.05551551452716654,0.18765399615609096,1800000,3600000,1015200000,107.16000000000001
188,0.5971693342252408,0.4979640326270504,0.056082431206736984,0.18702952420037813,1800000,3600000,1020600000,107.73000000000002
189,0.5953239739998079,0.5047084942720703,0.05695752424309724,0.186407130352414,1800000,3600000,1026000000,108.30000000000001
190,0.600440189093491,0.4972908893511621,0.05692557892964297,0.1857868076967049,1800000,3600000,1031400000,108.87000000000002
191,0.6002194792953246,0.4989063556363432,0.05552615061748119,0.1851685493407704,1800000,3600000,1036800000,109.44000000000001
192,0.5984285744116712,0.5085592751671291,0.0560599455744675,0.18455234841506699,1800000,3600000,1042200000,110.01
193,0.5988401239602441,0.5007994215520958,0.055811133526380154,0.18393819807291129,1800000,3600000,1047600000,110.58000000000001
194,0.598944904475277,0.5035569274400957,0.05395430410239486,0.18332609149040435,1800000,3600000,1053000000,111.15
195,0.6001330096459906,0.4972624633323256,0.05488553725100209,0.1827160218663556,1800000,3600000,1058400000,111.72000000000001
196,0.5991726478527009,0.5020851180484741,0.052622486948849696,0.1821079824222074,1800000,3600000,1063800000,112.29
197,0.60276496174623,0.4978563124366528,0.05549573503808896,0.1815019664019596,1800000,3600000,1069200000,112.86000000000001
198,0.600899007179872,0.5030747697417357,0.05283062223142124,0.1808979670720947,1800000,3600000,1074600000,113.43
199,0.6034327692364709,0.49578849282258614,0.05503509614859212,0.18029597772150285,1800000,3600000,1080000000,114.00000000000001
200,0.5995258923571819,0.5013055151293457,0.05310023085245012,0.1796959916614072,1800000,3600000,1085400000,114.57000000000001
201,0.6006185318522907,0.5007057615546374,0.054044127386923824,0.17909800222528985,1800000,3600000,1090800000,115.14000000000001
202,0.6000627070286177,0.497969882700434,0.05268397493669386,0.1785020027688176,1800000,3600000,1096200000,115.71000000000001
203,0.6021284267704861,0.49643459195725587,0.05239854293879114,0.1779079866697681,1800000,3600000,1101600000,116.28000000000002
204,0.603262740523708,0.4977874360857806,0.05201947283622441,0.17731594732795633,1800000,3600000,1107000000,116.85000000000001
205,0.602385937312597,0.4952030673884892,0.054264142836974276,0.1767258781651614,1800000,3600000,1112400000,117.42000000000002
206,0.6038865398201256,0.49510143721777394,0.05297605738414933,0.1761377726250531,1800000,3600000,1117800000,117.99000000000001
207,0.6006024353238238,0.5047141688730096,0.053574796350432045,0.17555162417311942,1800000,3600000,1123200000,118.56000000000002
208,0.6028417366195991,0.49585877646194204,0.05412018206777114,0.17496742629659376,1800000,3600000,1128600000,119.13000000000001
209,0.6024533113328079,0.494188500685669,0.053249239808611196,0.17438517250438257,1800000,3600000,1134000000,119.70000000000002
210,0.6079988916018813,0.49648183953750147,0.05051116408603953,0.17380485632699333,1800000,3600000,1139400000,120.27000000000001
211,0.6045030500397709,0.4931804671621129,0.0503620641217135,0.17322647131646246,1800000,3600000,1144800000,120.84000000000002
212,0.6059227366652895,0.4957258316585249,0.050902686605420924,0.17265001104628397,1800000,3600000,1150200000,121.41000000000001
213,0.6059415653008043,0.4960622869752706,0.052355501465269086,0.17207546911133778,1800000,3600000,1155600000,121.98000000000002
214,0.605893877725902,0.49190140001386473,0.051333075629795284,0.1715028391278187,1800000,3600000,1161000000,122.55000000000001
215,0.6091916589767661,0.4924302698881231,0.051815269769901834,0.17093211473316547,1800000,3600000,1166400000,123.12000000000002
216,0.6083228110580121,0.49167974784187196,0.049122693645583373,0.1703632895859901,1800000,3600000,1171800000,123.69000000000001
217,0.6072771418186746,0.4968274242791472,0.04961917688368952,0.1697963573660072,1800000,3600000,1177200000,124.26000000000002
218,0.6089607910066301,0.49304900810515306,0.04923164751608165,0.1692313117739642,1800000,3600000,1182600000,124.83000000000001
219,0.6068302423487915,0.491633346334749,0.051021291868145,0.16866814653157083,1800000,3600000,1188000000,125.40000000000002
220,0.608945002381461,0.4893582954041122,0.05014037175657875,0.16810685538142978,1800000,3600000,1193400000,125.97000000000001
221,0.6090652643370537,0.49154292694693325,0.04971275013770334,0.16754743208696687,1800000,3600000,1198800000,126.54000000000002
222,0.6088593526510369,0.4875853305902591,0.048270692637778695,0.16698987043236202,1800000,3600000,1204200000,127.11000000000001
223,0.6069309516210079,0.4944820128145666,0.049940567473086554,0.16643416422248,1800000,3600000,1209600000,127.68
224,0.6109932118327024,0.48721572651490874,0.049173032911735456,0.1658803072828016,1800000,3600000,1215000000,128.25
225,0.6112738275022077,0.4859696751914693,0.04734497764525258,0.16532829345935512,1800000,3600000,1220400000,128.82000000000002
226,0.6094548441859474,0.49710359558226747,0.04744832494655593,0.16477811661864805,1800000,3600000,1225800000,129.39000000000001
227,0.6121711338643467,0.4845532508996757,0.0472695503200961,0.1642297706475986,1800000,3600000,1231200000,129.96
228,0.6106637800185196,0.48366166301111047,0.047477753582349944,0.1636832494534682,1800000,3600000,1236600000,130.53
229,0.6114680882939707,0.48699583791480683,0.04777122207613996,0.1631385469637935,1800000,3600000,1242000000,131.10000000000002
230,0.6131885945921675,0.4837486522392035,0.04745511597969284,0.162595657126319,1800000,3600000,1247400000,131.67000000000002
231,0.6129123227414869,0.4889799573455686,0.04825637739740925,0.16205457390892983,1800000,3600000,1252800000,132.24
232,0.6145275567903705,0.4913662952217613,0.04767737394992978,0.16151529129958464,1800000,3600000,1258200000,132.81
233,0.612849636789772,0.4813808091265965,0.047804303063321854,0.1609778033062489,1800000,3600000,1263600000,133.38000000000002
234,0.6146923124851045,0.4846446261160232,0.04911312175392946,0.16044210395682823,1800000,3600000,1269000000,133.95000000000002
235,0.6145456767094318,0.48324890697101547,0.046423371806731,0.1599081872991022,1800000,3600000,1274400000,134.52
236,0.614776939310453,0.4887317759151609,0.04624278173166019,0.15937604740065797,1800000,3600000,1279800000,135.09
237,0.6144783647617441,0.4875776342882252,0.04713190583758123,0.15884567834882454,1800000,3600000,1285200000,135.66000000000003
238,0.6141612315072356,0.4865273591299099,0.04698030176722059,0.15831707425060695,1800000,3600000,1290600000,136.23000000000002
239,0.6145233359449516,0.4895737990738405,0.04792055195057616,0.15779022923262095,1800000,3600000,1296000000,136.8
240,0.615650499635111,0.48726618652863896,0.04688430718220197,0.15726513744102755,1800000,3600000,1301400000,137.37
241,0.6160297243273728,0.4829673713864804,0.04498132347157111,0.1567417930414681,1800000,3600000,1306800000,137.94000000000003
242,0.6216242965140737,0.4739087024024993,0.046346766468370285,0.1562201902189995,1800000,3600000,1312200000,138.51000000000002
243,0.616862463915429,0.48090952703313783,0.04485401750709596,0.15570032317802937,1800000,3600000,1317600000,139.08
244,0.6157973015229158,0.48347275783518096,0.04534954375100741,0.15518218614225202,1800000,3600000,1323000000,139.65
245,0.6179084519646275,0.48305996664131334,0.04504583759191107,0.15466577335458384,1800000,3600000,1328400000,140.22000000000003
246,0.6163559955124988,0.4804539712726876,0.04411458311517304,0.15415107907709974,1800000,3600000,1333800000,140.79000000000002
247,0.6167470814207942,0.4812613506134163,0.04605424514552396,0.15363809759096905,1800000,3600000,1339200000,141.36
248,0.6183501059918303,0.4817944058511018,0.043400310028325575,0.15312682319639226,1800000,3600000,1344600000,141.93
249,0.6196719960965924,0.4798060462839312,0.04173855784527333,0.15261725021253744,1800000,3600000,1350000000,142.50000000000003
250,0.6177302814219959,0.4875136594345042,0.04380964732665539,0.15210937297747737,1800000,3600000,1355400000,143.07000000000002
251,0.6196276534145393,0.4796523244761617,0.04520816266657895,0.1516031858481264,1800000,3600000,1360800000,143.64000000000001
252,0.6211704666262482,0.47107608026965575,0.041992986445490724,0.15109868320017789,1800000,3600000,1366200000,144.21
253,0.619988280901474,0.4805151202302296,0.044193231627173424,0.15059585942804166,1800000,3600000,1371600000,144.78000000000003
254,0.6191782418560773,0.48261526685530093,0.043099236844692974,0.15009470894478177,1800000,3600000,1377000000,145.35000000000002
255,0.6203044352341016,0.47838649361979074,0.042372971501997064,0.14959522618205434,1800000,3600000,1382400000,145.92000000000002
256,0.61861043702075,0.48337856459727435,0.044010495240668995,0.14909740559004572,1800000,3600000,1387800000,146.49
257,0.6229696346559465,0.47735658470384473,0.04240963254713585,0.14860124163741095,1800000,3600000,1393200000,147.06
258,0.6207393058486504,0.48116474442810564,0.04201964243402345,0.1481067288112121,1800000,3600000,1398600000,147.63000000000002
259,0.6252165987420696,0.47467413609990333,0.043840275250677095,0.14761386161685705,1800000,3600000,1404000000,148.20000000000002
260,0.6248638065674802,0.47472141228482745,0.04285945506395308,0.14712263457803865,1800000,3600000,1409400000,148.77
261,0.6210062393930058,0.48131019461496377,0.04376107036335394,0.14663304223667364,1800000,3600000,1414800000,149.34
262,0.6225731691254908,0.4798817994610033,0.04319390891837105,0.14614507915284203,1800000,3600000,1420200000,149.91000000000003
263,0.6219790855221479,0.4762154529834033,0.041194847235472745,0.14565873990472678,1800000,3600000,1425600000,150.48000000000002
264,0.6255603877492742,0.47264557182255185,0.0436113702310212,0.14517401908855349,1800000,3600000,1431000000,151.05
265,0.6261361763704703,0.4765958695767275,0.041172519789527906,0.14469091131853026,1800000,3600000,1436400000,151.62
266,0.623070416400207,0.4708955195022241,0.0418169076645259,0.14420941122678804,1800000,3600000,1441800000,152.19000000000003
267,0.6232614608897767,0.4774447752371333,0.03959701997699044,0.1437295134633209,1800000,3600000,1447200000,152.76000000000002
268,0.6241974595154555,0.47833256041060424,0.04096031362517579,0.1432512126959265,1800000,3600000,1452600000,153.33
269,0.6254815748596309,0.4714640343855181,0.03989735567151458,0.14277450361014693,1800000,3600000,1458000000,153.9
270,0.6221415481192127,0.4826824464324253,0.04353232372447299,0.14229938090920968,1800000,3600000,1463400000,154.47000000000003
271,0.6229812680426322,0.4652427221920565,0.0407926460967033,0.14182583931396875,1800000,3600000,1468800000,155.04000000000002
272,0.6265509659057521,0.4753149333812056,0.03992119910325127,0.14135387356284596,1800000,3600000,1474200000,155.61
273,0.6266543601148821,0.47591103936540746,0.039529878041943266,0.14088347841177257,1800000,3600000,1479600000,156.18
274,0.6263911463430694,0.4738889178459846,0.03908298410729232,0.14041464863413097,1800000,3600000,1485000000,156.75000000000003
275,0.6272268859520875,0.47802724250641787,0.04078248093129662,0.13994737902069657,1800000,3600000,1490400000,157.32000000000002
276,0.6272261530473163,0.4724241198623492,0.037996878875037526,0.13948166437957993,1800000,3600000,1495800000,157.89000000000001
277,0.6281499102060393,0.46817547704623663,0.03939290390492101,0.1390174995361692,1800000,3600000,1501200000,158.46
278,0.6286696713591061,0.4664593890067771,0.04016988518946636,0.13855487933307245,1800000,3600000,1506600000,159.03000000000003
279,0.6264778921524725,0.4719483086407167,0.03852863236052807,0.13809379863006038,1800000,3600000,1512000000,159.60000000000002
280,0.6300197353354748,0.4643853414525086,0.03830029767976455,0.13763425230400939,1800000,3600000,1517400000,160.17000000000002
281,0.6299066161301977,0.4741972953241635,0.03793976935011701,0.1371762352488444,1800000,3600000,1522800000,160.74
282,0.6290096630326006,0.47172783355301584,0.039731565616495955,0.1367197423754824,1800000,3600000,1528200000,161.31000000000003
283,0.6281785147018927,0.47682711650872495,0.03888307626862333,0.13626476861177553,1800000,3600000,1533600000,161.88000000000002
284,0.6292134944488803,0.475882307820214,0.039677585255122425,0.13581130890245519,1800000,3600000,1539000000,162.45000000000002
285,0.630483549104102,0.47327954419876866,0.036099274538433125,0.1353593582090754,1800000,3600000,1544400000,163.02
286,0.6283562103518773,0.4709399604028679,0.03835176454657797,0.13490891150995724,1800000,3600000,1549800000,163.59000000000003
287,0.6305084328002214,0.47059386322036234,0.03943659176186276,0.13445996380013267,1800000,3600000,1555200000,164.16000000000003
288,0.6302375617918783,0.46422879834507935,0.03758460758576671,0.1340125100912892,1800000,3600000,1560600000,164.73000000000002
289,0.628509196815105,0.4716494480847452,0.036331719833494695,0.13356654541171437,1800000,3600000,1566000000,165.3
290,0.6312672875163347,0.47055363305947234,0.03601798200749233,0.13312206480624048,1800000,3600000,1571400000,165.87
291,0.6300988596489284,0.4743470842574467,0.03578314529892908,0.1326790633361896,1800000,3600000,1576800000,166.44000000000003
292,0.6314162749932388,0.474080380484111,0.036654250459066354,0.1322375360793185,1800000,3600000,1582200000,167.01000000000002
293,0.6314633267627253,0.4695375781697534,0.037703929201962263,0.13179747812976436,1800000,3600000,1587600000,167.58
294,0.6314175207843409,0.4670677764278715,0.038212826146481395,0.13135888459798983,1800000,3600000,1593000000,168.15
295,0.6337132179853471,0.46684578593133635,0.03662024555214934,0.13092175061072892,1800000,3600000,1598400000,168.72000000000003
296,0.632061838878065,0.4628402365944382,0.03693341664289245,0.13048607131093282,1800000,3600000,1603800000,169.29000000000002
297,0.633360062751468,0.4654190139883654,0.03496195972372072,0.13005184185771598,1800000,3600000,1609200000,169.86
298,0.6328227244843082,0.4675604905833493,0.03754155944007379,0.1296190574263022,1800000,3600000,1614600000,170.43
299,0.6297680783867199,0.4712753108264064,0.03682156599156698,0.12918771320797112,1800000,3600000,1620000000,171.00000000000003
300,0.6345733048983078,0.4697129303276247,0.03688541152111296,0.1287578044100048,1800000,3600000,1625400000,171.57000000000002
301,0.6354522303322433,0.467114993889259,0.035976891763082934,0.12832932625563434,1800000,3600000,1630800000,172.14000000000001
302,0.6350337951272216,0.4652744402621297,0.036214222963910664,0.12790227398398704,1800000,3600000,1636200000,172.71
303,0.6349932984958917,0.4634736557976861,0.035594010379598785,0.12747664285003316,1800000,3600000,1641600000,173.28000000000003
304,0.633621536341713,0.4647637446909714,0.038025925381076735,0.12705242812453352,1800000,3600000,1647000000,173.85000000000002
305,0.6312594189905888,0.46926235834486896,0.035211939513971904,0.1266296250939869,1800000,3600000,1652400000,174.42000000000002
306,0.6346905196356474,0.46269835375423307,0.034540945193434584,0.1262082290605774,1800000,3600000,1657800000,174.99
307,0.6370684698937163,0.4654141674868678,0.03479163226274266,0.12578823534212255,1800000,3600000,1663200000,175.56000000000003
308,0.6372582321269203,0.46069611850368936,0.03371935070739174,0.12536963927202122,1800000,3600000,1668600000,176.13000000000002
309,0.6345313868329566,0.472696365612843,0.034388372095731236,0.12495243619920157,1800000,3600000,1674000000,176.70000000000002
310,0.6374198617207798,0.45856551587329325,0.03320567137690841,0.12453662148806965,1800000,3600000,1679400000,177.27
311,0.6351630708200199,0.4636253995212288,0.032691592725867614,0.12412219051845777,1800000,3600000,1684800000,177.84000000000003
312,0.638921200760298,0.4558011310341443,0.034371273084528975,0.12370913868557305,1800000,3600000,1690200000,178.41000000000003
313,0.6343886971249312,0.4668547293808707,0.03383442673287683,0.12329746139994645,1800000,3600000,1695600000,178.98000000000002
314,0.6373498491485883,0.46292957325128864,0.03391561604862594,0.12288715408738168,1800000,3600000,1701000000,179.55
315,0.6376653771615362,0.46796001994479136,0.034648041491659946,0.12247821218890435,1800000,3600000,1706400000,180.12000000000003
316,0.639848221529912,0.4619730419263253,0.034385480772739715,0.12207063116071146,1800000,3600000,1711800000,180.69000000000003
317,0.63855772731456,0.46099645430850633,0.035228852263277925,0.12166440647412063,1800000,3600000,1717200000,181.26000000000002
318,0.639861223754787,0.4585571256162568,0.03457199211078714,0.12125953361552008,1800000,3600000,1722600000,181.83
319,0.6394658458004497,0.4630943284927288,0.03288654268398401,0.12085600808631838,1800000,3600000,1728000000,182.40000000000003
320,0.6376041881123864,0.46380789586409626,0.032316389717260405,0.12045382540289432,1800000,3600000,1733400000,182.97000000000003
321,0.6383418906506448,0.465339491095231,0.031970047349234046,0.12005298109654731,1800000,3600000,1738800000,183.54000000000002
322,0.6390288119062448,0.46126948147746033,0.0319807750772763,0.11965347071344763,1800000,3600000,1744200000,184.11
323,0.639929810751578,0.45980457569541705,0.03356123693777565,0.11925528981458684,1800000,3600000,1749600000,184.68
324,0.6383955020403812,0.4580061581195875,0.03271950876182809,0.11885843397572868,1800000,3600000,1755000000,185.25000000000003
325,0.6392527447908504,0.46216085802714013,0.032914258313750014,0.11846289878735977,1800000,3600000,1760400000,185.82000000000002
326,0.6382029480366136,0.45882498507575303,0.031215041609854013,0.11806867985464056,1800000,3600000,1765800000,186.39000000000001
327,0.6422893046645313,0.45437804809146065,0.03385193349816104,0.11767577279735666,1800000,3600000,1771200000,186.96
328,0.6395662044571023,0.45737996123792224,0.02947528395447668,0.11728417324987007,1800000,3600000,1776600000,187.53000000000003
329,0.6402109931058972,0.45707155390349197,0.03322872478910142,0.11689387686107064,1800000,3600000,1782000000,188.10000000000002
330,0.6422924162848402,0.45764996069500385,0.03252871466161722,0.11650487929432783,1800000,3600000,1787400000,188.67000000000002
331,0.6436346470541389,0.45811714728415176,0.031946842524067987,0.11611717622744248,1800000,3600000,1792800000,189.24
332,0.6420059157033514,0.45472247918408015,0.032095237134720664,0.1157307633525987,1800000,3600000,1798200000,189.81000000000003
333,0.6406560041206973,0.4608499560548506,0.03375303671724809,0.11534563637631616,1800000,3600000,1803600000,190.38000000000002
334,0.6429595354012387,0.45668674264888764,0.030791126666483794,0.11496179101940228,1800000,3600000,1809000000,190.95000000000002
335,0.6413749195009433,0.45820295038548536,0.031866704518435866,0.11457922301690467,1800000,3600000,1814400000,191.52
336,0.6449828307489717,0.4532418910583811,0.031093287610910347,0.1141979281180638,1800000,3600000,1819800000,192.09000000000003
337,0.6425994034197525,0.45963188996787857,0.031054868570927714,0.11381790208626583,1800000,3600000,1825200000,192.66000000000003
338,0.6451246327036665,0.46075749062837956,0.03105923884519856,0.1134391406989953,1800000,3600000,1830600000,193.23000000000002
339,0.6429462432639352,0.45681363209970816,0.03172383214933341,0.11306163974778852,1800000,3600000,1836000000,193.8
340,0.647150972422771,0.4526182637944992,0.03162895879665291,0.11268539503818656,1800000,3600000,1841400000,194.37000000000003
341,0.646773181625757,0.45072676191177263,0.0298696296833297,0.11231040238968878,1800000,3600000,1846800000,194.94000000000003
342,0.64367646047552,0.45755360668445466,0.029091171469364824,0.11193665763570637,1800000,3600000,1852200000,195.51000000000002
343,0.6424799224958846,0.45710095189996813,0.030377491986836265,0.11156415662351593,1800000,3600000,1857600000,196.08
344,0.6445657994571703,0.4557088976847913,0.03142204346784528,0.11119289521421355,1800000,3600000,1863000000,196.65000000000003
345,0.645581346438508,0.4534024564951254,0.030860122065247693,0.11082286928266864,1800000,3600000,1868400000,197.22000000000003
346,0.6446582303947423,0.4559973103897725,0.030803230494900188,0.11045407471747809,1800000,3600000,1873800000,197.79000000000002
347,0.6446789887354855,0.4595969145205732,0.030191804739463916,0.11008650742092078,1800000,3600000,1879200000,198.36
348,0.6459599619419408,0.4567374109448359,0.03070188324901946,0.10972016330891185,1800000,3600000,1884600000,198.93000000000004
349,0.6456462872754732,0.45552445036793693,0.028873876297738212,0.10935503831095737,1800000,3600000,1890000000,199.50000000000003
350,0.6440769394303122,0.45713684932917903,0.030020844232567213,0.10899112837010919,1800000,3600000,1895400000,200.07000000000002
351,0.6484371700680744,0.45023624175255694,0.031000486332607727,0.10862842944291975,1800000,3600000,1900800000,200.64000000000001
352,0.6478827943620153,0.44975711642794086,0.02944599661782684,0.10826693749939725,1800000,3600000,1906200000,201.21
353,0.6468548648733162,0.4571037599643105,0.02898484035778931,0.10790664852296081,1800000,3600000,1911600000,201.78000000000003
354,0.6472910468299953,0.45225157261409327,0.029672832843507392,0.10754755851039594,1800000,3600000,1917000000,202.35000000000002
355,0.6471702009727832,0.44917658316901343,0.029171812586547444,0.10718966347180982,1800000,3600000,1922400000,202.92000000000002
356,0.648324036064054,0.4581870467486637,0.02942641791179419,0.10683295943058728,1800000,3600000,1927800000,203.49
357,0.6484840358572584,0.4530154396798682,0.0292099084480731,0.10647744242334642,1800000,3600000,1933200000,204.06000000000003
358,0.6481088739329569,0.45411963972380454,0.029267928005946752,0.10612310849989458,1800000,3600000,1938600000,204.63000000000002
359,0.647807960127006,0.45169026871924783,0.03037411963104015,0.10576995372318454,1800000,3600000,1944000000,205.20000000000002
360,0.6500600190120235,0.4501087700914255,0.028702516599885642,0.10541797416927075,1800000,3600000,1949400000,205.77
361,0.6466690361156496,0.45483281231148776,0.026535353206933607,0.10506716592726555,1800000,3600000,1954800000,206.34000000000003
362,0.6506432978373261,0.44280734202309235,0.02655929699077564,0.10471752509929605,1800000,3600000,1960200000,206.91000000000003
363,0.6497523855487067,0.45209140389071173,0.028499188039699357,0.10436904780046058,1800000,3600000,1965600000,207.48000000000002
364,0.6514143177834092,0.446836620831523,0.026908077453505555,0.1040217301587855,1800000,3600000,1971000000,208.05
365,0.6499862866485037,0.45465352220464944,0.027914971410740775,0.1036755683151824,1800000,3600000,1976400000,208.62000000000003
366,0.649341854843999,0.4463462692979756,0.02774033016691564,0.10333055842340497,1800000,3600000,1981800000,209.19000000000003
367,0.6534227440783704,0.4486405458414761,0.02804290823117007,0.10298669665000641,1800000,3600000,1987200000,209.76000000000002
368,0.6512364309849741,0.44602807571442626,0.028173798800380158,0.10264397917429686,1800000,3600000,1992600000,210.33
369,0.6520227751286107,0.4492185023975962,0.02798780526540821,0.10230240218830079,1800000,3600000,1998000000,210.90000000000003
370,0.650958118008864,0.4515305842864985,0.026731410803399504,0.10196196189671484,1800000,3600000,2003400000,211.47000000000003
371,0.6484874384604944,0.4509326218556735,0.026090264154571125,0.10162265451686568,1800000,3600000,2008800000,212.04000000000002
372,0.6509290999362264,0.452112101102779,0.02627520239546442,0.10128447627866771,1800000,3600000,2014200000,212.61
373,0.6537946367718263,0.4472102602969169,0.02546261027233107,0.10094742342458156,1800000,3600000,2019600000,213.18000000000004
374,0.651324062561605,0.45030343743617823,0.027986894372834945,0.10061149220957201,1800000,3600000,2025000000,213.75000000000003
375,0.6484538083869622,0.4523038541706099,0.025064449283724317,0.10027667890106652,1800000,3600000,2030400000,214.32000000000002
376,0.6511484837241658,0.44059566318143867,0.026053222307039655,0.09994297977891384,1800000,3600000,2035800000,214.89000000000001
377,0.6552642075029272,0.4493671472029151,0.02494629205359778,0.09961039113534248,1800000,3600000,2041200000,215.46000000000004
378,0.6544622295305386,0.4465723869486546,0.025032426764111316,0.09927890927491963,1800000,3600000,2046600000,216.03000000000003
379,0.6532662261573382,0.4498003175420222,0.02714952602763378,0.09894853051451011,1800000,3600000,2052000000,216.60000000000002
380,0.6532808095238184,0.44848362780619677,0.026211932487276997,0.09861925118323542,1800000,3600000,2057400000,217.17000000000002
381,0.6497982110555306,0.4515806148818273,0.02674786250258828,0.09829106762243292,1800000,3600000,2062800000,217.74000000000004
382,0.6535939495509145,0.44323655157713904,0.02598549033825438,0.09796397618561521,1800000,3600000,2068200000,218.31000000000003
383,0.656306249757101,0.4463942501474314,0.02406853133910338,0.09763797323842967,1800000,3600000,2073600000,218.88000000000002
384,0.6558597132793152,0.44711936087945575,0.025411920933106232,0.09731305515861795,1800000,3600000,2079000000,219.45000000000002
385,0.6530554628467474,0.45176214387391395,0.025466238759446348,0.09698921833597579,1800000,3600000,2084400000,220.02
386,0.6525076339251595,0.4459245847139635,0.026224398832111778,0.09666645917231301,1800000,3600000,2089800000,220.59000000000003
387,0.6533397646289018,0.4471893097388787,0.02372349502947602,0.09634477408141331,1800000,3600000,2095200000,221.16000000000003
388,0.6570573595696648,0.43989436239876134,0.025474468640237554,0.09602415948899462,1800000,3600000,2100600000,221.73000000000002
389,0.6553642245768756,0.4485643203274261,0.027505056569145474,0.09570461183266925,1800000,3600000,2106000000,222.3
390,0.654017317627601,0.44375545033853603,0.024682900575484598,0.0953861275619044,1800000,3600000,2111400000,222.87000000000003
391,0.656495062991505,0.4401052871669907,0.025291124052045387,0.09506870313798271,1800000,3600000,2116800000,223.44000000000003
392,0.6600374294671351,0.4404956199739874,0.02562228611464782,0.09475233503396285,1800000,3600000,2122200000,224.01000000000002
393,0.6586301218728433,0.4389932096325342,0.02690117381463216,0.09443701973464037,1800000,3600000,2127600000,224.58
394,0.6550643357273451,0.4441984277571575,0.02505479924276921,0.0941227537365088,1800000,3600000,2133000000,225.15000000000003
395,0.654633930236003,0.44673108210107093,0.025871208755549532,0.0938095335477204,1800000,3600000,2138400000,225.72000000000003
396,0.655969304387784,0.44412833562570353,0.025454192914832342,0.09349735568804761,1800000,3600000,2143800000,226.29000000000002
397,0.6577530567432442,0.4453841068279251,0.023802013891866935,0.09318621668884443,1800000,3600000,2149200000,226.86
398,0.6577555287715476,0.44167083034212473,0.024434637734588982,0.09287611309300757,1800000,3600000,2154600000,227.43000000000004
399,0.6579496599051347,0.4437547836393458,0.024674516114281154,0.09256704145493838,1800000,3600000,2160000000,228.00000000000003
400,0.6581427757406245,0.4395017416216194,0.02508308199787218,0.09225899834050437,1800000,3600000,2165400000,228.57000000000002
401,0.6577965601383058,0.4433015894302064,0.02355782955626718,0.09195198032700107,1800000,3600000,2170800000,229.14000000000001
402,0.6594020301999185,0.4406869931603726,0.023966687767155555,0.09164598400311409,1800000,3600000,2176200000,229.71000000000004
403,0.6591631057454653,0.44136774275542706,0.02558080002665892,0.09134100596888113,1800000,3600000,2181600000,230.28000000000003
404,0.6598005319467592,0.43965306320519365,0.023910901511010454,0.09103704283565418,1800000,3600000,2187000000,230.85000000000002
405,0.6586773758013199,0.44294119930994297,0.024074106097653692,0.09073409122606202,1800000,3600000,2192400000,231.42000000000002
406,0.6613770114620067,0.44068143732647685,0.02396759240405293,0.09043214777397252,1800000,3600000,2197800000,231.99000000000004
407,0.6584722822840808,0.436074104700624,0.024816058094514377,0.09013120912445531,1800000,3600000,2203200000,232.56000000000003
408,0.6609460749142436,0.441735673820892,0.023860428417667015,0.08983127193374456,1800000,3600000,2208600000,233.13000000000002
409,0.6589032588685394,0.44065965867146695,0.024162664557107177,0.08953233286920169,1800000,3600000,2214000000,233.70000000000002
410,0.6599078647860673,0.4430308898657889,0.02346863147466136,0.08923438860927849,1800000,3600000,2219400000,234.27000000000004
411,0.659811159062941,0.43948337641584756,0.02305681968633104,0.08893743584348009,1800000,3600000,2224800000,234.84000000000003
412,0.659418218512682,0.44414420071584976,0.02255724746401807,0.0886414712723283,1800000,3600000,2230200000,235.41000000000003
413,0.6599270271638438,0.4407171456060879,0.022554771830965208,0.08834649160732481,1800000,3600000,2235600000,235.98000000000002
414,0.6619147695565321,0.4421440441062328,0.022884287372715948,0.08805249357091477,1800000,3600000,2241000000,236.55000000000004
415,0.660129298108613,0.4349127334383874,0.02314861198035119,0.08775947389645031,1800000,3600000,2246400000,237.12000000000003
416,0.6623904252505769,0.43979002687064683,0.02217284456900342,0.0874674293281542,1800000,3600000,2251800000,237.69000000000003
417,0.6606938405568292,0.4374682226374039,0.021995492349056008,0.08717635662108388,1800000,3600000,2257200000,238.26000000000002
418,0.661895791769372,0.4428201210399508,0.020259903546828256,0.08688625254109507,1800000,3600000,2262600000,238.83
419,0.6597005879605783,0.43597530376231486,0.024117133063034465,0.08659711386480617,1800000,3600000,2268000000,239.40000000000003
420,0.6634563800094397,0.4316562687442326,0.02385522719672934,0.08630893737956227,1800000,3600000,2273400000,239.97000000000003
421,0.6626671448007778,0.43788455255552056,0.023406192593513498,0.0860217198833994,1800000,3600000,2278800000,240.54000000000002
422,0.6629962182106948,0.43787888427095767,0.022382087349893415,0.08573545818500913,1800000,3600000,2284200000,241.11
423,0.6603871314276684,0.435036731994561,0.02305817278552496,0.08545014910370298,1800000,3600000,2289600000,241.68000000000004
424,0.6626767311943472,0.44147536489338707,0.022318072340846932,0.08516578946937708,1800000,3600000,2295000000,242.25000000000003
425,0.6641087740429847,0.4393073782116346,0.0210320807632764,0.08488237612247704,1800000,3600000,2300400000,242.82000000000002
426,0.6643831097427283,0.43541537850870066,0.020971564639741876,0.08459990591396276,1800000,3600000,2305800000,243.39000000000001
427,0.6607633503936602,0.43601840706547973,0.022221132987198605,0.08431837570527342,1800000,3600000,2311200000,243.96000000000004
428,0.6602911329037784,0.44237749059292675,0.02137085179596272,0.08403778236829273,1800000,3600000,2316600000,244.53000000000003
429,0.6630127141432808,0.44368013830573944,0.022058182313703642,0.08375812278531408,1800000,3600000,2322000000,245.10000000000002
430,0.6617369530097243,0.43952923834757357,0.020623057064126073,0.08347939384900584,1800000,3600000,2327400000,245.67000000000002
431,0.6629833519132177,0.4411728024514626,0.021626486599417512,0.08320159246237699,1800000,3600000,2332800000,246.24000000000004
432,0.665403666771842,0.4358318466399744,0.020783045253147933,0.08292471553874262,1800000,3600000,2338200000,246.81000000000003
433,0.6646099399534727,0.4374611448472253,0.0219963973529166,0.08264876000168955,1800000,3600000,2343600000,247.38000000000002
434,0.6636929440240426,0.43456457263202397,0.021598258436262896,0.08237372278504237,1800000,3600000,2349000000,247.95000000000002
435,0.6672580065999965,0.43040595240093815,0.021833713817364007,0.08209960083282918,1800000,3600000,2354400000,248.52000000000004
436,0.6638785382544571,0.4380897142636365,0.020800866587992045,0.08182639109924764,1800000,3600000,2359800000,249.09000000000003
437,0.666548335537907,0.4255345745162492,0.021114142805330693,0.08155409054863126,1800000,3600000,2365200000,249.66000000000003
438,0.668121009058714,0.4346964290101398,0.021492148210324274,0.08128269615541558,1800000,3600000,2370600000,250.23000000000002
439,0.6655073162800375,0.4350707664667319,0.02227766058260611,0.08101220490410453,1800000,3600000,2376000000,250.80000000000004
440,0.6658079383116748,0.43323205165669176,0.021647494933473982,0.080742613789237,1800000,3600000,2381400000,251.37000000000003
441,0.6647099395276572,0.4401125142593125,0.019917550890753387,0.08047391981535335,1800000,3600000,2386800000,251.94000000000003
442,0.6676594504915813,0.4330179955998349,0.019593727773352266,0.08020611999696223,1800000,3600000,2392200000,252.51000000000002
443,0.6645183428454601,0.431542314409967,0.02225343442581348,0.07993921135850737,1800000,3600000,2397600000,253.08000000000004
444,0.6675363117488414,0.4338377305165641,0.017813653240786577,0.07967319093433445,1800000,3600000,2403000000,253.65000000000003
445,0.6656942452730706,0.43508152918963866,0.02035227309391954,0.07940805576865827,1800000,3600000,2408400000,254.22000000000003
446,0.6673712802178008,0.43300564573187494,0.021900890466620672,0.07914380291552983,1800000,3600000,2413800000,254.79000000000002
447,0.665847389457765,0.4313967203334811,0.0207170876489594,0.07888042943880355,1800000,3600000,2419200000,255.36
448,0.6648225767557178,0.43873481463951197,0.019395536016976855,0.07861793241210478,1800000,3600000,2424600000,255.93000000000004
449,0.6667496896579955,0.43483687343981753,0.019929679038462027,0.07835630891879723,1800000,3600000,2430000000,256.5
450,0.6679736030924015,0.43749673117053195,0.019397245597074172,0.07809555605195043,1800000,3600000,2435400000,257.07000000000005
451,0.6695515887634903,0.43041306088300685,0.0218279537110698,0.07783567091430767,1800000,3600000,2440800000,257.64000000000004
452,0.6660574093381554,0.4344914795016193,0.02018682990931041,0.07757665061825365,1800000,3600000,2446200000,258.21000000000004
453,0.6697270329819839,0.42455032799213677,0.02055006170621458,0.07731849228578236,1800000,3600000,2451600000,258.78000000000003
454,0.6669902707896675,0.431923234736847,0.018006220775804802,0.07706119304846527,1800000,3600000,2457000000,259.35
455,0.6673328426085152,0.4330434062038886,0.018975470402837816,0.07680475004741931,1800000,3600000,2462400000,259.92
456,0.6685987500311381,0.43356501205831915,0.02030440063468511,0.07654916043327516,1800000,3600000,2467800000,260.49
457,0.6708852183384213,0.43502437831454105,0.022407857825648775,0.07629442136614559,1800000,3600000,2473200000,261.06
458,0.670172149191651,0.4279390603332597,0.021101412730704896,0.0760405300155939,1800000,3600000,2478600000,261.63000000000005
459,0.6692308380579808,0.4308699538055197,0.020015848807974163,0.07578748356060247,1800000,3600000,2484000000,262.20000000000005
460,0.6702702974130125,0.42855835879622345,0.01820027481813918,0.07553527918954141,1800000,3600000,2489400000,262.77000000000004
461,0.6715809366666469,0.4254217991193419,0.021032026432138057,0.07528391410013736,1800000,3600000,2494800000,263.34000000000003
462,0.6710482394267598,0.4310832556488807,0.018502893642129932,0.07503338549944227,1800000,3600000,2500200000,263.91
463,0.6704089785160415,0.43132213475548475,0.017662768713631934,0.07478369060380248,1800000,3600000,2505600000,264.48
464,0.6680426118192709,0.43743968632663716,0.018779105600723107,0.07453482663882764,1800000,3600000,2511000000,265.05
465,0.6691758184996289,0.4303892335963507,0.018169030195522694,0.07428679083936006,1800000,3600000,2516400000,265.62
466,0.6702709297644036,0.4255198892482715,0.017756667884920842,0.07403958044944386,1800000,3600000,2521800000,266.19000000000005
467,0.6705965577335946,0.4321654390862212,0.016603623537703557,0.07379319272229437,1800000,3600000,2527200000,266.76000000000005
468,0.6710808565205408,0.4316058146206686,0.01755005314219002,0.07354762492026765,1800000,3600000,2532600000,267.33000000000004
469,0.6709426002292002,0.427130943362908,0.01778839213520781,0.07330287431483005,1800000,3600000,2538000000,267.90000000000003
470,0.6719193527548473,0.4268666001281061,0.017731084744274983,0.07305893818652787,1800000,3600000,2543400000,268.47
471,0.6685199081073497,0.43025562659880806,0.01927620716814593,0.07281581382495715,1800000,3600000,2548800000,269.04
472,0.6694048909276817,0.4313736946701719,0.018472047219926284,0.07257349852873365,1800000,3600000,2554200000,269.61
473,0.6719121260573774,0.42771803673584174,0.017642042068340684,0.07233198960546265,1800000,3600000,2559600000,270.18
474,0.6683864676124918,0.42891668532792754,0.017139784358367355,0.0720912843717092,1800000,3600000,2565000000,270.75000000000006
475,0.6743503626211307,0.4307713538888883,0.016628400751202116,0.07185138015296824,1800000,3600000,2570400000,271.32000000000005
476,0.6718878021120399,0.42755043784283914,0.017362085933387058,0.07161227428363486,1800000,3600000,2575800000,271.89000000000004
477,0.6731654425813133,0.42412061618255265,0.018897978648685986,0.07137396410697469,1800000,3600000,2581200000,272.46000000000004
478,0.6718841652536752,0.42789182532388814,0.01965801008387556,0.07113644697509448,1800000,3600000,2586600000,273.03000000000003
479,0.6743411230751982,0.4235369468830869,0.018348994195366876,0.0708997202489125,1800000,3600000,2592000000,273.6
480,0.674029442169359,0.4271105752486995,0.016969250232955806,0.07066378129812938,1800000,3600000,2597400000,274.17
481,0.6735371521925552,0.42597118163801373,0.019269565515776126,0.0704286275011988,1800000,3600000,2602800000,274.74
482,0.6741238230837517,0.42621311858958905,0.01771286034007737,0.07019425624529835,1800000,3600000,2608200000,275.31
483,0.6725473352047341,0.4320069696862682,0.016689911807486673,0.06996066492630057,1800000,3600000,2613600000,275.88000000000005
484,0.6724247234807014,0.4272722721528961,0.018589220531126105,0.06972785094874395,1800000,3600000,2619000000,276.45000000000005
485,0.6741541037201454,0.4231162139911907,0.015116196253718323,0.06949581172580413,1800000,3600000,2624400000,277.02000000000004
486,0.6721177508727494,0.4264671191564696,0.018164432892725367,0.06926454467926513,1800000,3600000,2629800000,277.59000000000003
487,0.6758882667485535,0.4285199094674703,0.017667875140560445,0.06903404723949072,1800000,3600000,2635200000,278.16
488,0.6734903939236104,0.42381173755704515,0.01646485439337312,0.06880431684539587,1800000,3600000,2640600000,278.73
489,0.6731031095376173,0.42516338081216043,0.017259211142976738,0.06857535094441827,1800000,3600000,2646000000,279.3
490,0.6728217752244625,0.43211569056241117,0.016940109729567984,0.06834714699249,1800000,3600000,2651400000,279.87
491,0.6744920447541866,0.4266830297023773,0.0163991335484751,0.06811970245400925,1800000,3600000,2656800000,280.44000000000005
492,0.6731992424423917,0.42361796050649114,0.016855401638911353,0.06789301480181216,1800000,3600000,2662200000,281.01000000000005
493,0.674774702850875,0.4321403650924482,0.019251789333348153,0.06766708151714468,1800000,3600000,2667600000,281.58000000000004
494,0.6742619551495657,0.42425216874606136,0.01695025177921679,0.06744190008963466,1800000,3600000,2673000000,282.15000000000003
495,0.67539729050046,0.4192630273566015,0.015202753192513237,0.06721746801726394,1800000,3600000,2678400000,282.72
496,0.6766512125321931,0.42312522141009123,0.01333514171771632,0.0669937828063405,1800000,3600000,2683800000,283.29
497,0.6753487430091102,0.4259127338070387,0.016011828343423073,0.0667708419714708,1800000,3600000,2689200000,283.86
498,0.6758479503219951,0.42589501422397463,0.01666476464887719,0.06654864303553219,1800000,3600000,2694600000,284.43
499,0.6722614713860933,0.42957089428572964,0.01651019811123453,0.06632718352964527,1800000,3600000,2700000000,285.00000000000006
500,0.6756684167606014,0.4233764564048929,0.017455747308771946,0.06610646099314664,1800000,3600000,2705400000,285.57000000000005
501,0.673773717419089,0.42392478904652936,0.017294585225650996,0.06588647297356137,1800000,3600000,2710800000,286.14000000000004
502,0.6759654169264713,0.42264208923359825,0.01409961217588157,0.06566721702657587,1800000,3600000,2716200000,286.71000000000004
503,0.6754011307073611,0.4248648082704892,0.016729296480956758,0.06544869071601069,1800000,3600000,2721600000,287.28000000000003
504,0.6754048579990758,0.425204317994351,0.016816310250973483,0.06523089161379349,1800000,3600000,2727000000,287.85
505,0.6781006596036167,0.4201325815803425,0.01684333986667301,0.06501381729993197,1800000,3600000,2732400000,288.42
506,0.6740015997368971,0.4270457629051359,0.016576741408554842,0.0647974653624871,1800000,3600000,2737800000,288.99
507,0.6747528157892602,0.42377429703349895,0.016960819060154866,0.06458183339754624,1800000,3600000,2743200000,289.56000000000006
508,0.6761204130598261,0.42484164895016135,0.015133109318797792,0.06436691900919644,1800000,3600000,2748600000,290.13000000000005
509,0.6742770391885768,0.42682175847717074,0.015116757897974984,0.06415271980949783,1800000,3600000,2754000000,290.70000000000005
510,0.6777531572559539,0.4202682257326413,0.015963798182679702,0.06393923341845713,1800000,3600000,2759400000,291.27000000000004
511,0.6781547333437736,0.4206034284405769,0.016048622191460294,0.0637264574640011,1800000,3600000,2764800000,291.84000000000003
512,0.6764977842003659,0.42568979179210825,0.01598988121900505,0.06351438958195028,1800000,3600000,2770200000,292.41
513,0.6796762578887551,0.42161379463443005,0.015193390908544685,0.06330302741599274,1800000,3600000,2775600000,292.98
514,0.6784082490960378,0.4218585638041069,0.0137100597812508,0.06309236861765771,1800000,3600000,2781000000,293.55
515,0.6773714389955624,0.4260944078269083,0.014975137635886262,0.06288241084628979,1800000,3600000,2786400000,294.12
516,0.6761860636482135,0.42295460131200224,0.015417545071454711,0.06267315176902262,1800000,3600000,2791800000,294.69000000000005
517,0.6790439804783884,0.41738856916662115,0.016139950423125764,0.062464589060753244,1800000,3600000,2797200000,295.26000000000005
518,0.6781431941262567,0.42403053519451944,0.015069322493213409,0.06225672040411608,1800000,3600000,2802600000,295.83000000000004
519,0.6761031548786549,0.42071686558997334,0.014512677503856828,0.06204954348945723,1800000,3600000,2808000000,296.40000000000003
520,0.6804686662007846,0.4164981324941521,0.01476863584056989,0.061843056014808856,1800000,3600000,2813400000,296.97
521,0.6798578485912772,0.42296766144691095,0.016170627010575436,0.06163725568586356,1800000,3600000,2818800000,297.54
522,0.679862223589586,0.41723628164865345,0.014051548048968307,0.0614321402159489,1800000,3600000,2824200000,298.11
523,0.6792638413623567,0.41822376819972173,0.014478685292336937,0.061227707326001996,1800000,3600000,2829600000,298.68
524,0.6802422011555023,0.4159102551785335,0.013403423943791943,0.06102395474454419,1800000,3600000,2835000000,299.25000000000006
525,0.6827363108811784,0.416404235217165,0.01456200108477498,0.060820880207655796,1800000,3600000,2840400000,299.82000000000005
526,0.6793554585288832,0.4206989818017593,0.016303768955383914,0.06061848145895099,1800000,3600000,2845800000,300.39000000000004
527,0.6778375512478668,0.42483243312701297,0.014518517284785254,0.06041675624955272,1800000,3600000,2851200000,300.96000000000004
528,0.6813603177249963,0.41594529140335146,0.014753514875507991,0.06021570233806768,1800000,3600000,2856600000,301.53000000000003
529,0.6803574975430744,0.41647695539710067,0.013340826072110967,0.06001531749056146,1800000,3600000,2862000000,302.1
530,0.6805150813174394,0.415950594737253,0.015291709002908499,0.059815599480533686,1800000,3600000,2867400000,302.67
531,0.6794660301186402,0.4200183307872032,0.012825575380753877,0.059616546088893295,1800000,3600000,2872800000,303.24
532,0.6804770216296022,0.4253485248465087,0.01535225822861782,0.0594181551039339,1800000,3600000,2878200000,303.81000000000006
533,0.6803416549974838,0.4192327442906475,0.015040415391105337,0.059220424321309195,1800000,3600000,2883600000,304.38000000000005
534,0.6802644989351242,0.41732003060060624,0.015117884458763374,0.059023351544008416,1800000,3600000,2889000000,304.95000000000005
535,0.6805407013955209,0.4233713108187276,0.014190558993684594,0.05882693458233204,1800000,3600000,2894400000,305.52000000000004
536,0.6800475272222682,0.4198760658800708,0.013445601054545722,0.05863117125386736,1800000,3600000,2899800000,306.09000000000003
537,0.6803678667166665,0.41863839506435063,0.01403871657221934,0.05843605938346424,1800000,3600000,2905200000,306.66
538,0.6832021753455491,0.4160214284629798,0.014059123418708047,0.05824159680321103,1800000,3600000,2910600000,307.23
539,0.6794053445520454,0.4182284690775883,0.014627015555490652,0.05804778135241038,1800000,3600000,2916000000,307.8
540,0.68356687732118,0.41370362200035854,0.013914235550405761,0.05785461087755528,1800000,3600000,2921400000,308.37000000000006
541,0.6821962003518752,0.41564159922275773,0.013181279599029518,0.05766208323230516,1800000,3600000,2926800000,308.94000000000005
542,0.6805897472944383,0.4209126093239753,0.01198113746261564,0.05747019627746195,1800000,3600000,2932200000,309.51000000000005
543,0.6823295224235094,0.4190089826088164,0.013490542677477612,0.05727894788094641,1800000,3600000,2937600000,310.08000000000004
544,0.6807329072718221,0.4187859014444051,0.012517095078655994,0.05708833591777441,1800000,3600000,2943000000,310.65000000000003
545,0.6825811579454601,0.41740097139604054,0.012353222528865443,0.05689835827003326,1800000,3600000,2948400000,311.22
546,0.6839978889419365,0.41577305487848276,0.01325377060177664,0.05670901282685826,1800000,3600000,2953800000,311.79
547,0.6845540939919417,0.4131031997913162,0.012566997492102803,0.05652029748440921,1800000,3600000,2959200000,312.36
548,0.6823218971676659,0.42124768002773744,0.01260716067769656,0.05633221014584703,1800000,3600000,2964600000,312.93
549,0.6821140807852547,0.40904319020370394,0.0127804895585189,0.05614474872131046,1800000,3600000,2970000000,313.50000000000006
550,0.6809381924667568,0.4150577376466023,0.01524099893719431,0.05595791112789286,1800000,3600000,2975400000,314.07000000000005
551,0.682951124340273,0.422196404995405,0.012321083267305353,0.05577169528961905,1800000,3600000,2980800000,314.64000000000004
552,0.6854408120288178,0.416745970009088,0.013652777360264084,0.05558609913742223,1800000,3600000,2986200000,315.21000000000004
553,0.6837788270017279,0.41807220868522244,0.011068173453875648,0.05540112060912105,1800000,3600000,2991600000,315.78000000000003
554,0.6829582717034133,0.4153535488964791,0.01296964120686308,0.0552167576493966,1800000,3600000,2997000000,316.35
555,0.6862828464435157,0.4171348110526537,0.015436361120899578,0.05503300820976966,1800000,3600000,3002400000,316.92
556,0.6841039575522132,0.4141066263647851,0.012522063517318821,0.05484987024857791,1800000,3600000,3007800000,317.49
557,0.6839286912026812,0.41350833472263315,0.012311462196819488,0.0546673417309532,1800000,3600000,3013200000,318.06000000000006
558,0.6876815267982771,0.4195883399812409,0.01142968277182664,0.054485420628799054,1800000,3600000,3018600000,318.63000000000005
559,0.6862706938220593,0.40922613527713925,0.01019869082755213,0.054304104920767995,1800000,3600000,3024000000,319.20000000000005
560,0.6856639531395928,0.4152089496425686,0.012621926672511432,0.05412339259223918,1800000,3600000,3029400000,319.77000000000004
561,0.6855760805678928,0.4150191799391593,0.013575978134303108,0.053943281635295985,1800000,3600000,3034800000,320.34000000000003
562,0.6882432487389006,0.41324543509053957,0.012688648969250736,0.05376377004870373,1800000,3600000,3040200000,320.91
563,0.6852570554860306,0.4201417537335221,0.011358729653770142,0.05358485583788735,1800000,3600000,3045600000,321.48
564,0.6863316783000407,0.41909976169711544,0.012343432402950138,0.05340653701490936,1800000,3600000,3051000000,322.05
565,0.6832202880444123,0.41680359599999905,0.01279923455618131,0.05322881159844763,1800000,3600000,3056400000,322.62000000000006
566,0.6833831762671424,0.4195155581897583,0.011369940708212518,0.05305167761377351,1800000,3600000,3061800000,323.19000000000005
567,0.6865148476113415,0.40993601895966747,0.010704010331603965,0.0528751330927298,1800000,3600000,3067200000,323.76000000000005
568,0.6868732180189578,0.4105727637420056,0.010898907340597517,0.052699176073708866,1800000,3600000,3072600000,324.33000000000004
569,0.6853993452560576,0.41207002773552037,0.012682859645269367,0.052523804601630926,1800000,3600000,3078000000,324.90000000000003
570,0.6877598174631936,0.4120800774116004,0.012493842810857579,0.05234901672792227,1800000,3600000,3083400000,325.47
571,0.6846272035763133,0.40965726590137586,0.011853219993090282,0.0521748105104936,1800000,3600000,3088800000,326.04
572,0.6842172493249968,0.41311407987044146,0.012814413110614643,0.052001184013718484,1800000,3600000,3094200000,326.61
573,0.6868283713335789,0.4122990698322877,0.011143959076878004,0.05182813530841186,1800000,3600000,3099600000,327.18000000000006
574,0.6877436618821728,0.41960744335459205,0.011661077903386682,0.05165566247180853,1800000,3600000,3105000000,327.75000000000006
575,0.6859290435171302,0.4202689802276702,0.011128338265055123,0.05148376358754188,1800000,3600000,3110400000,328.32000000000005
576,0.6901090827536488,0.4092943570527826,0.012976752960002278,0.05131243674562255,1800000,3600000,3115800000,328.89000000000004
577,0.6854294236137835,0.41437038249484304,0.011419106776745413,0.05114168004241717,1800000,3600000,3121200000,329.46000000000004
578,0.6837163283229656,0.42017639870904583,0.012280552995012425,0.05097149158062731,1800000,3600000,3126600000,330.03000000000003
579,0.6847107753647129,0.4125152670734015,0.010330669676609653,0.050801869469268304,1800000,3600000,3132000000,330.6
580,0.6866549247544459,0.41284474616898886,0.01218179842991949,0.05063281182364827,1800000,3600000,3137400000,331.17
581,0.6867359885258286,0.4148086254406724,0.011386757535075523,0.050464316765347184,1800000,3600000,3142800000,331.74
582,0.6876755179837053,0.4124685047875272,0.00972735669381046,0.05029638242219602,1800000,3600000,3148200000,332.31000000000006
583,0.6875439071780651,0.4086209445167391,0.01106886612948695,0.05012900692825588,1800000,3600000,3153600000,332.88000000000005
584,0.6893032622263537,0.40870730094272173,0.011200465093202947,0.049962188423797335,1800000,3600000,3159000000,333.45000000000005
585,0.6883405221924479,0.41391741334642856,0.011742537187404235,0.04979592505527975,1800000,3600000,3164400000,334.02000000000004
586,0.6888069793660675,0.4105294713711268,0.011427374941273365,0.04963021497533063,1800000,3600000,3169800000,334.59000000000003
587,0.688055296338468,0.4173571042735441,0.010900405216504556,0.04946505634272516,1800000,3600000,3175200000,335.16
588,0.6876608324538928,0.4117297341974103,0.012324421047513067,0.04930044732236575,1800000,3600000,3180600000,335.73
589,0.6879984359524387,0.4109092167068037,0.010367333479321523,0.04913638608526156,1800000,3600000,3186000000,336.3
590,0.6888090771235738,0.412981142983245,0.011912124289531818,0.04897287080850829,1800000,3600000,3191400000,336.87000000000006
591,0.6875337259260371,0.41421777701140056,0.010434723227606526,0.048809899675267825,1800000,3600000,3196800000,337.44000000000005
592,0.6881349268177562,0.41261678294211945,0.013112544595754554,0.04864747087474814,1800000,3600000,3202200000,338.01000000000005
593,0.6880527308983397,0.4151008071817603,0.010914225798007788,0.048485582602183115,1800000,3600000,3207600000,338.58000000000004
594,0.6883568965363442,0.41215039457137914,0.011605553804907052,0.048324233058812484,1800000,3600000,3213000000,339.15000000000003
595,0.6886729170109945,0.4091230309291119,0.011594545993726814,0.04816342045186189,1800000,3600000,3218400000,339.72
596,0.690574423774173,0.40794059827406987,0.010599492839756914,0.04800314299452295,1800000,3600000,3223800000,340.29
597,0.6897790268441616,0.40992192377583203,0.011321005903886057,0.047843398905933344,1800000,3600000,3229200000,340.86
598,0.6894485100697538,0.4061551527075309,0.0108248395371667,0.04768418641115714,1800000,3600000,3234600000,341.43000000000006
599,0.6860645972224086,0.416961311605582,0.010681881000883625,0.04752550374116498,1800000,3600000,3240000000,342.00000000000006
600,0.6884367144528567,0.4087963037706809,0.011996819555878033,0.04736734913281444,1800000,3600000,3245400000,342.57000000000005
601,0.6896431534474706,0.4091070022288804,0.01040825265720004,0.047209720828830466,1800000,3600000,3250800000,343.14000000000004
602,0.6866219010949021,0.4134067543863361,0.011307201517139643,0.047052617077785845,1800000,3600000,3256200000,343.71000000000004
603,0.6893930640210321,0.412083615399745,0.011813844861877856,0.04689603613408174,1800000,3600000,3261600000,344.28000000000003
604,0.692231586198051,0.40919166460339795,0.011354947217002342,0.04673997625792825,1800000,3600000,3267000000,344.85
605,0.6911158058657149,0.41000982560038973,0.01183300153266626,0.046584435715325154,1800000,3600000,3272400000,345.42
606,0.6920390663480305,0.4115165847440244,0.01237575993781977,0.0464294127780426,1800000,3600000,3277800000,345.99000000000007
607,0.6914258398277722,0.4071327615255902,0.011543380547054824,0.04627490572360191,1800000,3600000,3283200000,346.56000000000006
608,0.6877328092430223,0.41564659356445627,0.008187142820149582,0.04612091283525647,1800000,3600000,3288600000,347.13000000000005
609,0.6903285989569358,0.41129355230600134,0.010110198999099804,0.04596743240197259,1800000,3600000,3294000000,347.70000000000005
610,0.6910372562192106,0.4119468592312294,0.009921491664938468,0.04581446271841051,1800000,3600000,3299400000,348.27000000000004
611,0.6913491191572989,0.4048050459664672,0.009850283063863033,0.04566200208490554,1800000,3600000,3304800000,348.84000000000003
612,0.6879604680466583,0.4122264760792889,0.010869034956313592,0.04551004880744906,1800000,3600000,3310200000,349.41
613,0.6908147766309718,0.40507327386253106,0.008930192328347108,0.045358601197669775,1800000,3600000,3315600000,349.98
614,0.6935545157248564,0.40549933921036385,0.009551715031312441,0.045207657572814884,1800000,3600000,3321000000,350.55
615,0.6906541536874029,0.40806277892750314,0.011240605222642983,0.04505721625573148,1800000,3600000,3326400000,351.12000000000006
616,0.6926973558374895,0.4091920374126385,0.009349166011808739,0.044907275574847784,1800000,3600000,3331800000,351.69000000000005
617,0.6937796844901695,0.4074507398630684,0.009573712908423973,0.04475783386415471,1800000,3600000,3337200000,352.26000000000005
618,0.6936520691443528,0.4081263289526942,0.007982117305188635,0.04460888946318726,1800000,3600000,3342600000,352.83000000000004
619,0.6911202267668033,0.4065258007496824,0.009664775175893469,0.04446044071700611,1800000,3600000,3348000000,353.40000000000003
620,0.6915649839079351,0.40766090006652095,0.010373974702005682,0.04431248597617924,1800000,3600000,3353400000,353.97
621,0.6888824262764528,0.4107149296231949,0.010849689765176184,0.04416502359676357,1800000,3600000,3358800000,354.54
622,0.6930755938066598,0.41061506292910943,0.01203659914261327,0.04401805194028666,1800000,3600000,3364200000,355.11
623,0.6907592960413965,0.40672003584773225,0.010232583405098875,0.0438715693737286,1800000,3600000,3369600000,355.68000000000006
624,0.6917449763910898,0.40650313129435545,0.009849467970935787,0.04372557426950384,1800000,3600000,3375000000,356.25000000000006
625,0.6905342757976921,0.4081258602863465,0.009731048505399518,0.043580065005443036,1800000,3600000,3380400000,356.82000000000005
626,0.6965441178690829,0.4021499141534038,0.010598427995954507,0.04343503996477511,1800000,3600000,3385800000,357.39000000000004
627,0.6903952728092948,0.4090484311194827,0.009972331108858678,0.04329049753610919,1800000,3600000,3391200000,357.96000000000004
628,0.6889663479156601,0.4117764139616551,0.010040871906468768,0.04314643611341682,1800000,3600000,3396600000,358.53000000000003
629,0.6902358644988076,0.4064635041657219,0.010032866877750792,0.04300285409601406,1800000,3600000,3402000000,359.1
630,0.6938443702407339,0.4068673076669937,0.008922024091532057,0.042859749888543665,1800000,3600000,3407400000,359.67
631,0.6918283305161955,0.41205144144662065,0.008317599879786294,0.04271712190095742,1800000,3600000,3412800000,360.24000000000007
632,0.6945315655946288,0.4059781414878048,0.011008319571245493,0.04257496854849846,1800000,3600000,3418200000,360.81000000000006
633,0.6935311684432267,0.39962219055024545,0.010869414660552103,0.04243328825168358,1800000,3600000,3423600000,361.38000000000005
634,0.6929492297932344,0.41165104316649676,0.00941600565106196,0.042292079436285844,1800000,3600000,3429000000,361.95000000000005
635,0.6926867538322578,0.4067472391838591,0.009879646625038528,0.04215134053331695,1800000,3600000,3434400000,362.52000000000004
636,0.6936104618491269,0.4069953694822569,0.008104922074303566,0.04201106997900985,1800000,3600000,3439800000,363.09000000000003
637,0.6916496580615754,0.4069646760094404,0.00823437006873741,0.0418712662148014,1800000,3600000,3445200000,363.66
638,0.6952551600670732,0.4086577420005908,0.010218644498697162,0.04173192768731502,1800000,3600000,3450600000,364.23
639,0.6930290036955886,0.4070689655342557,0.010016209839387256,0.04159305284834337,1800000,3600000,3456000000,364.80000000000007
640,0.6940948492424603,0.40756202629548904,0.007916191436269936,0.041454640154831295,1800000,3600000,3461400000,365.37000000000006
641,0.6913685807148678,0.409880154405426,0.009295274567228246,0.041316688068858534,1800000,3600000,3466800000,365.94000000000005
642,0.6921140088886487,0.4084558975029081,0.008561953858723149,0.041179195057622714,1800000,3600000,3472200000,366.51000000000005
643,0.6926352336676919,0.400755895399828,0.009753902955556124,0.0410421595934223,1800000,3600000,3477600000,367.08000000000004
644,0.6961795914697292,0.4082915483585495,0.009716149243824032,0.040905580153639626,1800000,3600000,3483000000,367.65000000000003
645,0.6930050055644541,0.40397971872857147,0.009451896758797575,0.040769455220723935,1800000,3600000,3488400000,368.22
646,0.6924299779486456,0.41177125397557435,0.01038584587869204,0.04063378328217458,1800000,3600000,3493800000,368.79
647,0.693273035894388,0.4067400674964598,0.007573532131247743,0.04049856283052418,1800000,3600000,3499200000,369.36
648,0.6979396923223856,0.4030781370432236,0.008298681238130429,0.040363792363321875,1800000,3600000,3504600000,369.93000000000006
649,0.695116684275099,0.4086647627795091,0.008060619629968577,0.04022947038311665,1800000,3600000,3510000000,370.50000000000006
650,0.6955336668801261,0.4093198622240168,0.008021514510145442,0.0400955953974407,1800000,3600000,3515400000,371.07000000000005
651,0.6946249626530026,0.40295827543816953,0.009170659970758256,0.03996216591879277,1800000,3600000,3520800000,371.64000000000004
652,0.6944221453596552,0.40403490593848135,0.009254453148112386,0.03982918046462173,1800000,3600000,3526200000,372.21000000000004
653,0.6942765232801789,0.3995282194482298,0.009218575517113841,0.039696637557310066,1800000,3600000,3531600000,372.78000000000003
654,0.6969679644304887,0.4026105661896557,0.00955563647180784,0.03956453572415745,1800000,3600000,3537000000,373.35
655,0.6947483896813985,0.41069400959180763,0.008232728832609216,0.039432873497364365,1800000,3600000,3542400000,373.92
656,0.6944680895351152,0.4052041557487176,0.010021486219364202,0.03930164941401582,1800000,3600000,3547800000,374.49000000000007
657,0.693712486365945,0.40774991779062886,0.008156229007134185,0.03917086201606511,1800000,3600000,3553200000,375.06000000000006
658,0.6962337105010351,0.4027281887507713,0.007288660802544157,0.03904050985031756,1800000,3600000,3558600000,375.63000000000005
659,0.6917654686827024,0.41045845117568125,0.008394709754275812,0.03891059146841445,1800000,3600000,3564000000,376.20000000000005
660,0.6971322219532865,0.4075038563417368,0.008013623940464287,0.03878110542681685,1800000,3600000,3569400000,376.77000000000004
661,0.6935644699430885,0.405503209729104,0.008228610335805311,0.03865205028678966,1800000,3600000,3574800000,377.34000000000003
662,0.6943128634333168,0.4025846167310395,0.008400071345297895,0.03852342461438552,1800000,3600000,3580200000,377.91
663,0.6949436612057392,0.4033396922097221,0.009286561933241571,0.03839522698042899,1800000,3600000,3585600000,378.48
664,0.6976450640441397,0.3975867686220125,0.008470197110502144,0.03826745596050058,1800000,3600000,3591000000,379.05000000000007
665,0.6985532126772622,0.4019239217246432,0.007433193392423858,0.03814011013492099,1800000,3600000,3596400000,379.62000000000006
666,0.6961666642485405,0.40806828992659205,0.006975399410796121,0.038013188088735286,1800000,3600000,3601800000,380.19000000000005
667,0.6975720872904457,0.40177585956812323,0.009465542850140405,0.03788668841169722,1800000,3600000,3607200000,380.76000000000005
668,0.6953731142070064,0.4063799802240509,0.008373606533193387,0.03776060969825349,1800000,3600000,3612600000,381.33000000000004
669,0.6969806211756719,0.3999050944741041,0.006833303342423509,0.03763495054752823,1800000,3600000,3618000000,381.90000000000003
670,0.6956059849891467,0.40509292389314533,0.009227331319651495,0.037509709563307354,1800000,3600000,3623400000,382.47
671,0.6972717289672528,0.404786337121743,0.008493396869030136,0.03738488535402309,1800000,3600000,3628800000,383.04
672,0.6953681039479088,0.4031475232106978,0.010441632070542734,0.03726047653273848,1800000,3600000,3634200000,383.61
673,0.6979617790449267,0.39869107847970414,0.007245546187254106,0.03713648171713203,1800000,3600000,3639600000,384.18000000000006
674,0.6986420186990717,0.4082316830570861,0.006691330569506331,0.03701289952948227,1800000,3600000,3645000000,384.75000000000006
675,0.699596174244794,0.3993114155867836,0.007638947149863965,0.036889728596652516,1800000,3600000,3650400000,385.32000000000005
676,0.6975351631259644,0.40214253874950046,0.01030190850616313,0.03676696755007558,1800000,3600000,3655800000,385.89000000000004
677,0.6979214374878638,0.4001322703070305,0.009105746009666182,0.03664461502573857,1800000,3600000,3661200000,386.46000000000004
678,0.7010511124893755,0.40134603762356824,0.008874246187283932,0.03652266966416776,1800000,3600000,3666600000,387.03000000000003
679,0.6987955443832977,0.4030036945040238,0.006861176677258883,0.0364011301104134,1800000,3600000,3672000000,387.6
680,0.6973791841539732,0.397100954695803,0.008053249844908527,0.03627999501403475,1800000,3600000,3677400000,388.17
681,0.6971654333183731,0.4055104006164152,0.007817945638265806,0.036159263029085065,1800000,3600000,3682800000,388.74000000000007
682,0.6972619958035564,0.40475575973498884,0.008596338362828734,0.036038932814096605,1800000,3600000,3688200000,389.31000000000006
683,0.6973566216788515,0.4006900359873585,0.00830065594345047,0.035919003032065744,1800000,3600000,3693600000,389.88000000000005
684,0.6990507716456521,0.39869056578179185,0.006693265708287111,0.035799472350438115,1800000,3600000,3699000000,390.45000000000005
685,0.698940912562715,0.3998916677793024,0.009029490850508044,0.03568033944109379,1800000,3600000,3704400000,391.02000000000004
686,0.6994445018228777,0.4018517822243711,0.008130886685180755,0.035561602980332556,1800000,3600000,3709800000,391.59000000000003
687,0.6999019887240157,0.400876030836244,0.008638600570726367,0.035443261648859185,1800000,3600000,3715200000,392.16
688,0.7017718401946192,0.4031913791824636,0.008264352059379209,0.03532531413176878,1800000,3600000,3720600000,392.73
689,0.6970713506574525,0.4027286155630657,0.007624254507048422,0.035207759118532155,1800000,3600000,3726000000,393.30000000000007
690,0.6992647032136831,0.40579746836475467,0.010178437323206363,0.03509059530298131,1800000,3600000,3731400000,393.87000000000006
691,0.6970232904039847,0.40855341442411486,0.007802100029509089,0.03497382138329483,1800000,3600000,3736800000,394.44000000000005
692,0.7009582573947687,0.39962413577455197,0.008396372472533128,0.03485743606198353,1800000,3600000,3742200000,395.01000000000005
693,0.6996781333789549,0.40034888924947626,0.005889791778568847,0.034741438045875976,1800000,3600000,3747600000,395.58000000000004
694,0.699247296828724,0.3977087949068164,0.005954381539433408,0.03462582604610413,1800000,3600000,3753000000,396.15000000000003
695,0.6971291916883667,0.40479599636292685,0.007241615738821873,0.034510598778089034,1800000,3600000,3758400000,396.72
696,0.6984647774013505,0.40263373715508965,0.007934909865647644,0.03439575496152654,1800000,3600000,3763800000,397.29
697,0.6995412376363729,0.4023002918925708,0.009365553271673268,0.034281293320373024,1800000,3600000,3769200000,397.86000000000007
698,0.6992324380053903,0.3962923575467133,0.007358593069559413,0.0341672125828313,1800000,3600000,3774600000,398.43000000000006
699,0.6981550659907539,0.40246042467988474,0.006267874282065903,0.034053511481336465,1800000,3600000,3780000000,399.00000000000006
700,0.7003400908977864,0.4043712374209253,0.008157825243878026,0.03394018875254177,1800000,3600000,3785400000,399.57000000000005
701,0.6979304717764564,0.4021432951764014,0.006826588402402245,0.03382724313730462,1800000,3600000,3790800000,400.14000000000004
702,0.7011336687002045,0.3998182036640105,0.009055831752923772,0.03371467338067256,1800000,3600000,3796200000,400.71000000000004
703,0.7011872819034056,0.39793372597558774,0.0064665237226164286,0.03360247823186937,1800000,3600000,3801600000,401.28000000000003
704,0.699732946798001,0.4049616030456255,0.00814292585044954,0.03349065644428111,1800000,3600000,3807000000,401.85
705,0.7004662075121614,0.39297012759230543,0.0085345699674577,0.033379206775442365,1800000,3600000,3812400000,402.42
706,0.6993174755356475,0.3986065518134553,0.006809800034424513,0.03326812798702229,1800000,3600000,3817800000,402.99000000000007
707,0.6985495509588909,0.40392619054496476,0.006982234210685185,0.033157418844811035,1800000,3600000,3823200000,403.56000000000006
708,0.7020551670476873,0.3995747847403419,0.0064884951366190905,0.03304707811870582,1800000,3600000,3828600000,404.13000000000005
709,0.6977288185018823,0.40480834224858353,0.00793226017248295,0.032937104582697475,1800000,3600000,3834000000,404.70000000000005
710,0.6997929366174483,0.40360488886723933,0.0069506880512704965,0.03282749701485669,1800000,3600000,3839400000,405.27000000000004
711,0.7016297377311771,0.40082061621415865,0.0071039609894548,0.03271825419732046,1800000,3600000,3844800000,405.84000000000003
712,0.6996949881490387,0.3986921778853707,0.008453760865355854,0.03260937491627859,1800000,3600000,3850200000,406.41
713,0.70019294342673,0.39548122509062994,0.007096110872247534,0.03250085796196018,1800000,3600000,3855600000,406.98
714,0.6980574019718659,0.4027895437962211,0.007257833294647482,0.03239270212862015,1800000,3600000,3861000000,407.55000000000007
715,0.70146639367536,0.39734830033101154,0.006259054986215059,0.03228490621452591,1800000,3600000,3866400000,408.12000000000006
716,0.6980539787173288,0.3949843867922861,0.00793859311571355,0.032177469021943995,1800000,3600000,3871800000,408.69000000000005
717,0.7007514189714895,0.3989877181499818,0.006667980331700675,0.032070389357126694,1800000,3600000,3877200000,409.26000000000005
718,0.700635266176534,0.3989060117855894,0.006236892204136115,0.03196366603029886,1800000,3600000,3882600000,409.83000000000004
719,0.7001197350868675,0.3992770117636349,0.007213239781813817,0.031857297855644666,1800000,3600000,3888000000,410.40000000000003
720,0.699710487548448,0.39776669730477887,0.006273924558221263,0.03175128365129438,1800000,3600000,3893400000,410.97
721,0.700680639761095,0.3951780864408985,0.00695200839169109,0.03164562223931132,1800000,3600000,3898800000,411.54
722,0.6993392877976023,0.3976419337667536,0.0068218159072477745,0.03154031244567872,1800000,3600000,3904200000,412.11000000000007
723,0.6998517736436762,0.4005324798887512,0.005065154243720567,0.03143535310028667,1800000,3600000,3909600000,412.68000000000006
724,0.703075761402816,0.3991000321763415,0.007601685729347757,0.03133074303691914,1800000,3600000,3915000000,413.25000000000006
725,0.7003093211822989,0.39829097131286256,0.0064807110154094134,0.031226481093241037,1800000,3600000,3920400000,413.82000000000005
726,0.7001595999459987,0.4017887808380857,0.006836938798838354,0.03112256611078522,1800000,3600000,3925800000,414.39000000000004
727,0.6979226700860454,0.39809498555718076,0.007924708099821428,0.03101899693493971,1800000,3600000,3931200000,414.96000000000004
728,0.7014321101574065,0.4035318233448908,0.004006019279085283,0.03091577241493482,1800000,3600000,3936600000,415.53000000000003
729,0.7017639595861642,0.3998843118156436,0.006165582559550977,0.03081289140383039,1800000,3600000,3942000000,416.1
730,0.7022447956921232,0.3955150820123232,0.006978787413921147,0.030710352758503014,1800000,3600000,3947400000,416.6700000000001
731,0.6974952192757495,0.40835561404213055,0.005392563610549836,0.030608155339633344,1800000,3600000,3952800000,417.24000000000007
732,0.7043570022542422,0.3997722359426424,0.00533870937010775,0.030506298011693453,1800000,3600000,3958200000,417.81000000000006
733,0.7009219484232695,0.3941204774949721,0.0063177410066609626,0.03040477964293421,1800000,3600000,3963600000,418.38000000000005
734,0.7038056949897025,0.39526622563488883,0.006833671703577434,0.030303599105372694,1800000,3600000,3969000000,418.95000000000005
735,0.7033875960089815,0.39690944710572695,0.006941517671169754,0.030202755274779673,1800000,3600000,3974400000,419.52000000000004
736,0.7022353995851104,0.3965950016552509,0.007131982117012173,0.030102247030667106,1800000,3600000,3979800000,420.09000000000003
737,0.7021469628186241,0.3986297366677933,0.007025858331759631,0.030002073256275682,1800000,3600000,3985200000,420.66
738,0.7032645005275231,0.3969244855365367,0.006304909306203514,0.02990223283856243,1800000,3600000,3990600000,421.23
739,0.7008150790123948,0.39731679509844414,0.006351295421137351,0.02980272466818835,1800000,3600000,3996000000,421.80000000000007
740,0.699105268004301,0.40563582292696454,0.007561634102600802,0.02970354763950609,1800000,3600000,4001400000,422.37000000000006
741,0.700926402643721,0.39578061204716036,0.006664192574635804,0.02960470065054764,1800000,3600000,4006800000,422.94000000000005
742,0.7049912735855232,0.39498931674310245,0.0053661592765234896,0.029506182603012115,1800000,3600000,4012200000,423.51000000000005
743,0.7049815834605331,0.391725679690414,0.006159756561965334,0.029407992402253506,1800000,3600000,4017600000,424.08000000000004
744,0.7043019975132659,0.39508448859011125,0.005753816076744967,0.029310128957268585,1800000,3600000,4023000000,424.65000000000003
745,0.7030598389996345,0.39246438233900394,0.007319467587315192,0.02921259118068473,1800000,3600000,4028400000,425.22
746,0.704104618026139,0.39555344800713443,0.006139284758505211,0.029115377988747873,1800000,3600000,4033800000,425.79
747,0.7017810649397412,0.40172978632167483,0.006832900517437519,0.02901848830131043,1800000,3600000,4039200000,426.36000000000007
748,0.7046716016455156,0.3949075535313865,0.0073966362452143304,0.02892192104181934,1800000,3600000,4044600000,426.93000000000006
749,0.7033135760040301,0.3942838045875073,0.003229943811858642,0.028825675137304024,1800000,3600000,4050000000,427.50000000000006
750,0.7043553535779028,0.39582807849228563,0.0055778911207007556,0.02872974951836458,1800000,3600000,4055400000,428.07000000000005
751,0.7026709193351657,0.4010893352453625,0.0052098249037053675,0.028634143119159794,1800000,3600000,4060800000,428.64000000000004
752,0.7032849139794047,0.39907108791349244,0.005954408947935051,0.02853885487739537,1800000,3600000,4066200000,429.21000000000004
753,0.7042888241092298,0.39339160608371154,0.005988805935136488,0.028443883734312093,1800000,3600000,4071600000,429.78000000000003
754,0.7057208132440946,0.39258608385116084,0.004891822539904503,0.028349228634674047,1800000,3600000,4077000000,430.35
755,0.702449907535031,0.3995262507370974,0.005083803602423649,0.028254888526756925,1800000,3600000,4082400000,430.9200000000001
756,0.7050183096440762,0.39460341406587834,0.004054490793569385,0.02816086236233635,1800000,3600000,4087800000,431.49000000000007
757,0.7019593059994531,0.39546084448011226,0.007548563771743505,0.028067149096676187,1800000,3600000,4093200000,432.06000000000006
758,0.7062548727969522,0.39171515689643177,0.007110629124686081,0.027973747688516962,1800000,3600000,4098600000,432.63000000000005
759,0.7019232809859524,0.39842754750961684,0.005476676968570103,0.02788065710006431,1800000,3600000,4104000000,433.20000000000005
760,0.7039240755961648,0.39280345062511535,0.005618770003420315,0.027787876296977376,1800000,3600000,4109400000,433.77000000000004
761,0.7064568421357046,0.39236111296730425,0.005473446913182745,0.0276954042483574,1800000,3600000,4114800000,434.34000000000003
762,0.7034129723001673,0.3926261428816091,0.005080328386657611,0.027603239926736228,1800000,3600000,4120200000,434.91
763,0.7020562257517856,0.39742098186080355,0.007588870621580066,0.027511382308064894,1800000,3600000,4125600000,435.4800000000001
764,0.7054886297096906,0.39102095178804386,0.005838887286331849,0.02741983037170224,1800000,3600000,4131000000,436.05000000000007
765,0.7048417729659067,0.39297819960563524,0.0054208404076521045,0.02732858310040361,1800000,3600000,4136400000,436.62000000000006
766,0.7033833547896732,0.38867142277651867,0.005893561932389452,0.027237639480309456,1800000,3600000,4141800000,437.19000000000005
767,0.7043455457029806,0.3963930836475685,0.008024617008914606,0.0271469985009342,1800000,3600000,4147200000,437.76000000000005
768,0.7072667544563853,0.3934718580014868,0.00651433433789275,0.027056659155154907,1800000,3600000,4152600000,438.33000000000004
769,0.7054368658334991,0.39339552551829704,0.005141692535193229,0.026966620439200145,1800000,3600000,4158000000,438.90000000000003
770,0.7050378238672674,0.4016325345501372,0.004539896327591802,0.02687688135263881,1800000,3600000,4163400000,439.47
771,0.705574056744744,0.39656032555677384,0.0028603520926542354,0.026787440898369028,1800000,3600000,4168800000,440.04
772,0.7052390784724174,0.3961014973580957,0.006159927134556974,0.02669829808260703,1800000,3600000,4174200000,440.61000000000007
773,0.7050746486330037,0.4013528593363055,0.00657752549124036,0.026609451914876178,1800000,3600000,4179600000,441.18000000000006
774,0.7049850842651615,0.3886953277388644,0.004193365450362798,0.026520901407995918,1800000,3600000,4185000000,441.75000000000006
775,0.7054997928043717,0.39560931958048545,0.005874090852955047,0.026432645578070815,1800000,3600000,4190400000,442.32000000000005
776,0.7046500820862273,0.3918103631940517,0.005937964373184636,0.026344683444479648,1800000,3600000,4195800000,442.89000000000004
777,0.7067995255990029,0.38968864123525543,0.005420995673291642,0.02625701402986444,1800000,3600000,4201200000,443.46000000000004
778,0.7039845609629448,0.3960471640093578,0.005040088152155495,0.026169636360119694,1800000,3600000,4206600000,444.03000000000003
779,0.7057762450243984,0.39704540251967707,0.005226465269595378,0.02608254946438153,1800000,3600000,4212000000,444.6
780,0.7065136059233899,0.3979744099589738,0.0028017524144482576,0.025995752375016855,1800000,3600000,4217400000,445.1700000000001
781,0.7058929528462706,0.39053081633472814,0.0055043937982635896,0.025909244127612686,1800000,3600000,4222800000,445.74000000000007
782,0.7068022691681403,0.38902815676182867,0.004029857628839698,0.025823023760965385,1800000,3600000,4228200000,446.31000000000006
783,0.7064990974236746,0.3970571819847144,0.003960866630070428,0.025737090317069982,1800000,3600000,4233600000,446.88000000000005
784,0.7077688371685902,0.3906161174714345,0.005115142465229639,0.02565144284110955,1800000,3600000,4239000000,447.45000000000005
785,0.7087781329072903,0.3892814109470942,0.0030213483425108006,0.025566080381444596,1800000,3600000,4244400000,448.02000000000004
786,0.7038229757946879,0.39228616954512696,0.005180890333303801,0.025481001989602455,1800000,3600000,4249800000,448.59000000000003
787,0.7054170307872769,0.3975381210422311,0.005012519396861453,0.025396206720266795,1800000,3600000,4255200000,449.16
788,0.7035864194108367,0.39942846643435037,0.005134540154443396,0.02531169363126709,1800000,3600000,4260600000,449.7300000000001
789,0.7058461967701094,0.3942886724894617,0.0051993804279005015,0.025227461783568134,1800000,3600000,4266000000,450.30000000000007
790,0.7043658211063578,0.3924122569643477,0.005428382661672172,0.02514351024125965,1800000,3600000,4271400000,450.87000000000006
791,0.7080270494025301,0.39236060819121105,0.005063855591770636,0.025059838071545854,1800000,3600000,4276800000,451.44000000000005
792,0.7063805019362288,0.39011211001872287,0.00398268124327486,0.024976444344735116,1800000,3600000,4282200000,452.01000000000005
793,0.7071051457970767,0.3879543099789312,0.00330368141367573,0.024893328134229613,1800000,3600000,4287600000,452.58000000000004
794,0.7051921255570017,0.3941560641803359,0.00530171573243365,0.024810488516515048,1800000,3600000,4293000000,453.15000000000003
795,0.7054185836613772,0.3959502844922817,0.005269996181094176,0.024727924571150358,1800000,3600000,4298400000,453.72
796,0.7092510628620848,0.3892434775291826,0.003629760835888645,0.024645635380757525,1800000,3600000,4303800000,454.2900000000001
797,0.7066771430878555,0.3985166392384074,0.004689157225959291,0.02456362003101136,1800000,3600000,4309200000,454.86000000000007
798,0.7073423788260222,0.39572691530114773,0.006672010162280111,0.024481877610629373,1800000,3600000,4314600000,455.43000000000006
799,0.7078897606561221,0.39322571900894004,0.004548837671059689,0.024400407211361594,1800000,3600000,4320000000,456.00000000000006
800,0.708474373735053,0.39609248078617626,0.005158445171746259,0.02431920792798054,1800000,3600000,4325400000,456.57000000000005
801,0.7032971843338435,0.39320863648084087,0.005167043289458588,0.024238278858271095,1800000,3600000,4330800000,457.14000000000004
802,0.7055171313004099,0.395931787360425,0.003181748418266555,0.024157619103020552,1800000,3600000,4336200000,457.71000000000004
803,0.7057300898154197,0.3908065771339106,0.0036740840062535083,0.024077227766008576,1800000,3600000,4341600000,458.28000000000003
804,0.7076700296915324,0.3929851796147005,0.00483000205197588,0.02399710395399727,1800000,3600000,4347000000,458.85
805,0.7069520464191801,0.39280011697384587,0.005212642089417119,0.02391724677672123,1800000,3600000,4352400000,459.4200000000001
806,0.7081806096459465,0.3919297713164601,0.006821906406174643,0.02383765534687765,1800000,3600000,4357800000,459.99000000000007
807,0.708266048028672,0.3926593383808194,0.004283306843427142,0.023758328780116505,1800000,3600000,4363200000,460.56000000000006
808,0.7082160131576074,0.38782091009610536,0.004966087086885611,0.023679266195030673,1800000,3600000,4368600000,461.13000000000005
809,0.7063682856831942,0.3896605476886544,0.004647550744687943,0.023600466713146178,1800000,3600000,4374000000,461.70000000000005
810,0.7060355964631176,0.3945575480244362,0.005347500292750371,0.023521929458912412,1800000,3600000,4379400000,462.27000000000004
811,0.7066920831674736,0.3917173108337068,0.005758608858721441,0.02344365355969242,1800000,3600000,4384800000,462.84000000000003
812,0.708279385006029,0.38916493964666354,0.004191812105804963,0.023365638145753154,1800000,3600000,4390200000,463.41
813,0.7049242577212019,0.39775849202392033,0.00496428875385454,0.023287882350255897,1800000,3600000,4395600000,463.9800000000001
814,0.7103605775284724,0.39489175024524625,0.003701475215895814,0.023210385309246566,1800000,3600000,4401000000,464.55000000000007
815,0.7057806152282685,0.3941384026061966,0.0045069761750650686,0.02313314616164612,1800000,3600000,4406400000,465.12000000000006
816,0.7091306925622572,0.38879267048109933,0.0052478573157702015,0.023056164049241032,1800000,3600000,4411800000,465.69000000000005
817,0.7072011270264216,0.39207755666251876,0.005490112691884349,0.0229794381166737,1800000,3600000,4417200000,466.26000000000005
818,0.7078761475616885,0.3913593288837886,0.002996014084736978,0.022902967511432955,1800000,3600000,4422600000,466.83000000000004
819,0.7080841671038196,0.3910586429400783,0.005339000426278704,0.022826751383844632,1800000,3600000,4428000000,467.40000000000003
820,0.7088502676772263,0.3932643806274482,0.005228795496139148,0.022750788887062088,1800000,3600000,4433400000,467.97
821,0.7087174859800819,0.389331067419012,0.0049728609947818055,0.02267507917705679,1800000,3600000,4438800000,468.5400000000001
822,0.7092247897258842,0.3938151925714205,0.004573440694011518,0.022599621412608965,1800000,3600000,4444200000,469.11000000000007
823,0.7078519507262899,0.39219766239263204,0.0032371051768522495,0.02252441475529824,1800000,3600000,4449600000,469.68000000000006
824,0.709227220367183,0.38061903977652123,0.0037127343736330326,0.022449458369494302,1800000,3600000,4455000000,470.25000000000006
825,0.7090663238555074,0.3958045739090351,0.004726421009072873,0.022374751422347648,1800000,3600000,4460400000,470.82000000000005
826,0.7064735754893102,0.39804330620232214,0.004426621716307467,0.02230029308378033,1800000,3600000,4465800000,471.39000000000004
827,0.710163702725485,0.3892583516264323,0.004233005442231114,0.022226082526476697,1800000,3600000,4471200000,471.96000000000004
828,0.71001199361023,0.3884794511626324,0.0038445931975210255,0.022152118925874254,1800000,3600000,4476600000,472.53000000000003
829,0.7099674707118818,0.38709940138541576,0.0033904235319319577,0.02207840146015444,1800000,3600000,4482000000,473.1000000000001
830,0.707772066738942,0.3916502436222953,0.006253691505785533,0.022004929310233547,1800000,3600000,4487400000,473.6700000000001
831,0.7088169747923275,0.3887920222296873,0.004152770579302287,0.0219317016597536,1800000,3600000,4492800000,474.24000000000007
832,0.7110638583703258,0.3920667119772006,0.004039106420743253,0.021858717695073287,1800000,3600000,4498200000,474.81000000000006
833,0.7086732414585795,0.3940761768584445,0.0028867834740666162,0.021785976605258914,1800000,3600000,4503600000,475.38000000000005
834,0.7087011584325871,0.3897846372913442,0.0037781229227519114,0.02171347758207541,1800000,3600000,4509000000,475.95000000000005
835,0.7108103428342425,0.3931733153778854,0.004224557455874794,0.02164121981997731,1800000,3600000,4514400000,476.52000000000004
836,0.7086779668400549,0.3905562869418509,0.0044149076617919485,0.021569202516099856,1800000,3600000,4519800000,477.09000000000003
837,0.7097644794507126,0.39015531816126936,0.005210382778042869,0.021497424870250043,1800000,3600000,4525200000,477.66
838,0.7076312561905546,0.3962885519224373,0.0041613726339687915,0.021425886084897733,1800000,3600000,4530600000,478.2300000000001
839,0.7092680962827745,0.39235994686713543,0.0027770068011769697,0.021354585365166795,1800000,3600000,4536000000,478.80000000000007
840,0.7104703077763993,0.38718665295099886,0.005108091726624304,0.02128352191882629,1800000,3600000,4541400000,479.37000000000006
841,0.7063923503450187,0.391003512359568,0.0029631523609549328,0.021212694956281617,1800000,3600000,4546800000,479.94000000000005
842,0.7124992277222282,0.38672871849178525,0.00404660303064945,0.02114210369056581,1800000,3600000,4552200000,480.51000000000005
843,0.7086764774991337,0.38878037318402714,0.0037246225187153757,0.021071747337330738,1800000,3600000,4557600000,481.08000000000004
844,0.7107506865209157,0.39337943941276776,0.0034522386800207717,0.021001625114838426,1800000,3600000,4563000000,481.65000000000003
845,0.708293738890237,0.39318141628256054,0.004163276026448707,0.020931736243952347,1800000,3600000,4568400000,482.22
846,0.709573629548637,0.38995473600118785,0.004475317233361573,0.02086207994812878,1800000,3600000,4573800000,482.7900000000001
847,0.7101140069619002,0.3904834724921877,0.005094483647172625,0.02079265545340814,1800000,3600000,4579200000,483.36000000000007
848,0.7088736097485164,0.3902327814307367,0.0025449415580983165,0.02072346198840646,1800000,3600000,4584600000,483.93000000000006
849,0.7088486030708729,0.39190586412991685,0.003514135692519463,0.020654498784306745,1800000,3600000,4590000000,484.50000000000006
850,0.7086582888654389,0.3952138596519858,0.005293665569528673,0.020585765074850458,1800000,3600000,4595400000,485.07000000000005
851,0.7087709114626041,0.3883402069630137,0.004328018798703836,0.020517260096329024,1800000,3600000,4600800000,485.64000000000004
852,0.7096367358660078,0.3838105895279558,0.0032528415741001696,0.020448983087575288,1800000,3600000,4606200000,486.21000000000004
853,0.7081105697881636,0.3946764586678536,0.003645706871368804,0.02038093328995513,1800000,3600000,4611600000,486.78000000000003
854,0.7099513734884014,0.3902887820232922,0.0028821140615443077,0.020313109947358986,1800000,3600000,4617000000,487.3500000000001
855,0.7086329363398798,0.3885696576701566,0.0025024299564633933,0.02024551230619346,1800000,3600000,4622400000,487.9200000000001
856,0.7141880797289792,0.389219234380341,0.0020786476477983287,0.020178139615372955,1800000,3600000,4627800000,488.49000000000007
857,0.7118467368999051,0.390083946136457,0.00544788393245442,0.020110991126311338,1800000,3600000,4633200000,489.06000000000006
858,0.7095193034717495,0.38683415902577606,0.002627694953509287,0.020044066092913575,1800000,3600000,4638600000,489.63000000000005
859,0.7091851304513789,0.38730498588694656,0.0051764731138851045,0.019977363771567502,1800000,3600000,4644000000,490.20000000000005
860,0.7095705627730365,0.384966424615059,0.002954021990870315,0.01991088342113553,1800000,3600000,4649400000,490.77000000000004
861,0.7101089742529846,0.39264482749435214,0.004663295729499348,0.019844624302946416,1800000,3600000,4654800000,491.34000000000003
862,0.7092673927230072,0.3857821781333136,0.003934567608035434,0.019778585680787053,1800000,3600000,4660200000,491.9100000000001
863,0.708577952317224,0.3864022600370282,0.0028626730209488603,0.019712766820894304,1800000,3600000,4665600000,492.4800000000001
864,0.7091983882768594,0.39210017319758333,0.0038830694943142617,0.019647166991946803,1800000,3600000,4671000000,493.05000000000007
865,0.7126457752348702,0.38776906731579175,0.0028085839099900364,0.019581785465056904,1800000,3600000,4676400000,493.62000000000006
866,0.7073084775299749,0.3942862410490211,0.0034959902038488666,0.019516621513762517,1800000,3600000,4681800000,494.19000000000005
867,0.7090888953079607,0.38924481374589015,0.0034784799049873485,0.019451674414019068,1800000,3600000,4687200000,494.76000000000005
868,0.708813118438596,0.3917812717515281,0.003957083654372688,0.019386943444191458,1800000,3600000,4692600000,495.33000000000004
869,0.7119163720511379,0.38808867404075653,0.0021649130054602695,0.01932242788504602,1800000,3600000,4698000000,495.90000000000003
870,0.7089550182345971,0.38900129026130487,0.0037714403958711896,0.01925812701974253,1800000,3600000,4703400000,496.47
871,0.7110244284455156,0.3831542887660639,0.003970691659376163,0.01919404013382628,1800000,3600000,4708800000,497.0400000000001
872,0.7120839843930525,0.39077865452451777,0.002882641696122776,0.019130166515220096,1800000,3600000,4714200000,497.61000000000007
873,0.7108461550930019,0.39037034992801956,0.002681736027103556,0.01906650545421645,1800000,3600000,4719600000,498.18000000000006
874,0.7094252383541069,0.38846309317460326,0.004504943982828689,0.01900305624346956,1800000,3600000,4725000000,498.75000000000006
875,0.7148963472579823,0.3849650194803895,0.0036596707619464207,0.018939818177987563,1800000,3600000,4730400000,499.32000000000005
876,0.7130572851591018,0.3851447493885793,0.002157635014464766,0.018876790555124607,1800000,3600000,4735800000,499.89000000000004
877,0.7128707193947793,0.38555241326065365,0.004937827666911481,0.018813972674573135,1800000,3600000,4741200000,500.46000000000004
878,0.7144915156205394,0.3870277381926488,0.002541205582524061,0.01875136383835605,1800000,3600000,4746600000,501.03000000000003
879,0.7129495591313351,0.38687314310035376,0.004334111758313179,0.018688963350818977,1800000,3600000,4752000000,501.6000000000001
880,0.7106132218488628,0.39103975098265015,0.004487788926747286,0.018626770518622528,1800000,3600000,4757400000,502.1700000000001
881,0.7134221326523345,0.38374192927302403,0.002996361638771416,0.018564784650734575,1800000,3600000,4762800000,502.74000000000007
882,0.7101054060454147,0.38513736937699106,0.003966849903801872,0.018503005058422627,1800000,3600000,4768200000,503.31000000000006
883,0.7122467651319958,0.387991380715,0.0018860713094363988,0.018441431055246132,1800000,3600000,4773600000,503.88000000000005
884,0.7132104984038106,0.3863585807555585,0.002255481728352183,0.01838006195704887,1800000,3600000,4779000000,504.45000000000005
885,0.714105583062011,0.3831023680852586,0.00464649645465779,0.018318897081951332,1800000,3600000,4784400000,505.02000000000004
886,0.7111051270063069,0.3912412386440187,0.0019406053819816193,0.018257935750343183,1800000,3600000,4789800000,505.59000000000003
887,0.7101837254618524,0.39161547974717426,0.004532377376902663,0.018197177284875646,1800000,3600000,4795200000,506.1600000000001
888,0.7127735453200563,0.3921482237859441,0.005102988207235234,0.01813662101045404,1800000,3600000,4800600000,506.7300000000001
889,0.7123277907721081,0.38803607863408335,0.003159451077617379,0.018076266254230255,1800000,3600000,4806000000,507.30000000000007
890,0.7139774339312019,0.38956964163961777,0.004528977432514597,0.018016112345595265,1800000,3600000,4811400000,507.87000000000006
891,0.7142246419438552,0.38520853888826223,0.0022199471608247865,0.017956158616171686,1800000,3600000,4816800000,508.44000000000005
892,0.7119046708736319,0.3901786393328777,0.0021858593473752016,0.017896404399806366,1800000,3600000,4822200000,509.01000000000005
893,0.7134488042626058,0.3872109467047535,0.004192969546536109,0.01783684903256293,1800000,3600000,4827600000,509.58000000000004
894,0.7116713772053944,0.3847603195087295,0.0026998600349480316,0.017777491852714475,1800000,3600000,4833000000,510.15000000000003
895,0.7103451839093994,0.38963663944791904,0.0027136281901108117,0.017718332200736167,1800000,3600000,4838400000,510.72
896,0.7129201580103017,0.3899643359603076,0.0030081751157419647,0.017659369419297934,1800000,3600000,4843800000,511.2900000000001
897,0.7097363414726796,0.3931347767513658,0.0038758779068235063,0.017600602853257152,1800000,3600000,4849200000,511.86000000000007
898,0.7122666572150348,0.3917413487769638,0.0024656980217972755,0.017542031849651377,1800000,3600000,4854600000,512.4300000000001
899,0.7105863244008034,0.3932215820005222,0.003606801086850041,0.017483655757691067,1800000,3600000,4860000000,513.0
900,0.7108787320678736,0.38707474014436377,0.0016682950529671452,0.01742547392875238,1800000,3600000,4865400000,513.57
901,0.7130157994561107,0.3878649858503389,0.003098749857902455,0.01736748571636995,1800000,3600000,4870800000,514.1400000000001
902,0.7164614143725403,0.38602604328926815,0.0020470818710812007,0.01730969047622972,1800000,3600000,4876200000,514.71
903,0.7137089972790602,0.39166163726159553,0.002295260058659169,0.01725208756616176,1800000,3600000,4881600000,515.2800000000001
904,0.7136517925779374,0.3883061242170628,0.002882156555233561,0.017194676346133125,1800000,3600000,4887000000,515.85
905,0.7133996820026599,0.3885055914512751,0.00429147465876882,0.017137456178240796,1800000,3600000,4892400000,516.4200000000001
906,0.7123971248641416,0.3890122506467668,0.0020101587967685662,0.017080426426704536,1800000,3600000,4897800000,516.99
907,0.7144747535916425,0.38312978595310365,0.0043289819860080694,0.01702358645785985,1800000,3600000,4903200000,517.5600000000001
908,0.7140592246839769,0.3889360329851605,0.0039788095870965405,0.01696693564015095,1800000,3600000,4908600000,518.1300000000001
909,0.7129060111302766,0.3886978335037895,0.003413012360368474,0.016910473344123725,1800000,3600000,4914000000,518.7
910,0.7111472574910062,0.39036066691597077,0.003132018582596909,0.016854198942418738,1800000,3600000,4919400000,519.2700000000001
911,0.7104263451560427,0.3845461564443183,0.002599575689587169,0.016798111809764284,1800000,3600000,4924800000,519.84
912,0.7122247556354734,0.38762202845214,0.003609900349797046,0.01674221132296943,1800000,3600000,4930200000,520.4100000000001
913,0.71365990989808,0.3851430895921345,0.002820287266280682,0.01668649686091707,1800000,3600000,4935600000,520.98
914,0.7118579000915378,0.3923962381741227,0.0009087291990161695,0.016630967804557063,1800000,3600000,4941000000,521.5500000000001
915,0.717568953114511,0.38206909843678205,0.003097937793252342,0.016575623536899325,1800000,3600000,4946400000,522.12
916,0.7131719992440005,0.38828095343030744,0.0022835342267668096,0.016520463443006964,1800000,3600000,4951800000,522.69
917,0.7152048152729269,0.38810583060188153,0.00282636876333668,0.016465486909989488,1800000,3600000,4957200000,523.2600000000001
918,0.7135898531761924,0.385101381215973,0.004083352992806729,0.01641069332699597,1800000,3600000,4962600000,523.83
919,0.7135671440574103,0.3826306906574358,0.002833011147009237,0.01635608208520825,1800000,3600000,4968000000,524.4000000000001
920,0.7122586230272788,0.3897550596595263,0.0015827184387625175,0.016301652577834193,1800000,3600000,4973400000,524.97
921,0.7134353611258499,0.3807719529576973,0.0034382306733554448,0.016247404200100943,1800000,3600000,4978800000,525.5400000000001
922,0.7136437957672198,0.3844305923049901,0.004422038834504264,0.016193336349248175,1800000,3600000,4984200000,526.11
923,0.7144203514533782,0.38950521428120355,0.004381785138929652,0.016139448424521443,1800000,3600000,4989600000,526.6800000000001
924,0.714382813340329,0.38474180666418434,0.0036819681929678794,0.01608573982716547,1800000,3600000,4995000000,527.2500000000001
925,0.7144442018186757,0.3918889438388781,0.002251079216422029,0.016032209960417515,1800000,3600000,5000400000,527.82
926,0.713346405596632,0.38413785301363634,0.0035678464519302375,0.015978858229500733,1800000,3600000,5005800000,528.3900000000001
927,0.7139551226529369,0.3843985884449872,0.0024861993707733306,0.01592568404161755,1800000,3600000,5011200000,528.96
928,0.7140704829406277,0.3854569849032241,0.0029657212530296607,0.01587268680594312,1800000,3600000,5016600000,529.5300000000001
929,0.7124048758884598,0.3889053115392583,0.002876232162995171,0.01581986593361872,1800000,3600000,5022000000,530.1
930,0.713729657139015,0.384270763485292,0.0034916347105980673,0.01576722083774523,1800000,3600000,5027400000,530.6700000000001
931,0.7119052642956435,0.38708461312819537,0.0022159947846331525,0.015714750933376594,1800000,3600000,5032800000,531.24
932,0.7128591470471061,0.3869950639857443,0.0025399753365944553,0.015662455637513346,1800000,3600000,5038200000,531.8100000000001
933,0.7126234380603187,0.38526886192064,0.0012910368893065019,0.015610334369096087,1800000,3600000,5043600000,532.3800000000001
934,0.7158323563675738,0.386921629255345,0.002858752133518517,0.015558386548999083,1800000,3600000,5049000000,532.95
935,0.7123728342966573,0.392474299120635,0.0026956504886237478,0.015506611600023803,1800000,3600000,5054400000,533.5200000000001
936,0.7132890320780171,0.3852107792400245,0.003683704097871762,0.0154550089468925,1800000,3600000,5059800000,534.09
937,0.7133601652397314,0.3913311474820031,0.0016525172329872365,0.015403578016241832,1800000,3600000,5065200000,534.6600000000001
938,0.7133833222669776,0.38251598299300654,0.0033376719225789416,0.01535231823661649,1800000,3600000,5070600000,535.23
939,0.7152370480363637,0.38458191720798174,0.004415910067402749,0.015301229038462828,1800000,3600000,5076000000,535.8000000000001
940,0.7136528448452869,0.38971952098787105,0.0027736828410172363,0.01525030985412257,1800000,3600000,5081400000,536.37
941,0.7146634754000337,0.38588701953925214,0.0039348295523211835,0.015199560117826475,1800000,3600000,5086800000,536.94
942,0.7136820956363986,0.3860789891880476,0.0022191024071337236,0.015148979265688062,1800000,3600000,5092200000,537.5100000000001
943,0.7163681596568643,0.38100629519912055,0.004236042118101292,0.015098566735697346,1800000,3600000,5097600000,538.08
944,0.7157243870663351,0.38477976058802243,0.0028645438598475046,0.015048321967714589,1800000,3600000,5103000000,538.6500000000001
945,0.7147170258256738,0.38757110077523405,0.002991977808103785,0.014998244403464065,1800000,3600000,5108400000,539.22
946,0.7131751144948346,0.38384229166380146,0.002591327387030373,0.014948333486527878,1800000,3600000,5113800000,539.7900000000001
947,0.7147405117168718,0.38905791175819116,0.002491343714548924,0.01489858866233978,1800000,3600000,5119200000,540.36
948,0.7143516326215439,0.38474356503149165,0.0029670468619637765,0.014849009378178984,1800000,3600000,5124600000,540.9300000000001
949,0.7133905174649398,0.3876113493396145,0.0022799705357420996,0.014799595083164046,1800000,3600000,5130000000,541.5000000000001
950,0.7158885521249526,0.3899958908042365,0.001349480050242291,0.01475034522824674,1800000,3600000,5135400000,542.07
951,0.7163110293754755,0.3861633807194278,0.0026270231113734994,0.014701259266205942,1800000,3600000,5140800000,542.6400000000001
952,0.7152406306089856,0.38629823587282314,0.003153374486064274,0.01465233665164157,1800000,3600000,5146200000,543.21
953,0.7178430883485374,0.3802081720485838,0.0007280015448391719,0.014603576840968517,1800000,3600000,5151600000,543.7800000000001
954,0.7143684516990232,0.3892158826954163,0.0023319877831177497,0.014554979292410605,1800000,3600000,5157000000,544.35
955,0.7168058774169322,0.38563080065190586,0.0019182917222762123,0.014506543465994582,1800000,3600000,5162400000,544.9200000000001
956,0.7129699604961525,0.38225490864800643,0.0029863293936017504,0.014458268823544085,1800000,3600000,5167800000,545.49
957,0.7171208724971233,0.38406048007759835,0.0018670560067775431,0.014410154828673707,1800000,3600000,5173200000,546.0600000000001
958,0.7160447192329049,0.38584048137014054,0.0024352147210092785,0.014362200946783012,1800000,3600000,5178600000,546.6300000000001
959,0.7128308964971332,0.39114348226769763,0.003822640040164217,0.014314406645050596,1800000,3600000,5184000000,547.2
960,0.7167874876156513,0.38362865874158203,0.002746790644535918,0.014266771392428173,1800000,3600000,5189400000,547.7700000000001
961,0.7169262384485926,0.3864084386613636,0.0027436953321581894,0.014219294659634668,1800000,3600000,5194800000,548.34
962,0.7145659869628765,0.3877700194695587,0.0023740476843764477,0.014171975919150332,1800000,3600000,5200200000,548.9100000000001
963,0.7170913307443569,0.3832140221703309,0.002397850578632363,0.0141248146452109,1800000,3600000,5205600000,549.48
964,0.718433777842442,0.3827244489017128,0.00270890400435272,0.014077810313801734,1800000,3600000,5211000000,550.0500000000001
965,0.7166496079612704,0.3812696456015704,0.0025312364477664043,0.014030962402651998,1800000,3600000,5216400000,550.62
966,0.7167391546559453,0.383136232807385,0.0016986284891867152,0.013984270391228862,1800000,3600000,5221800000,551.19
967,0.7172018468146597,0.38162329980440074,0.0024655572190148307,0.013937733760731734,1800000,3600000,5227200000,551.7600000000001
968,0.7147339709623811,0.38150745795768837,0.0022344662704775705,0.01389135199408644,1800000,3600000,5232600000,552.33
969,0.7173047238511027,0.3888000006097911,0.0019637536480105865,0.013845124575939553,1800000,3600000,5238000000,552.9000000000001
970,0.7170838497406615,0.38157563509430636,0.0030657551886320005,0.013799050992652615,1800000,3600000,5243400000,553.47
971,0.7159306111628084,0.3812788538377895,0.0017624059466973502,0.013753130732296451,1800000,3600000,5248800000,554.0400000000001
972,0.7159117710908287,0.38284138183643596,0.003320896144293551,0.013707363284645472,1800000,3600000,5254200000,554.61
973,0.7167557396223814,0.382821393824655,0.002351787601766261,0.013661748141172018,1800000,3600000,5259600000,555.1800000000001
974,0.7135719841756666,0.3859439808317173,0.0015479507821947733,0.013616284795040677,1800000,3600000,5265000000,555.7500000000001
975,0.7177730128287385,0.38631588249361865,0.004489116725059143,0.013570972741102702,1800000,3600000,5270400000,556.32
976,0.7158352545940756,0.388322806247703,0.001363502280293883,0.013525811475890359,1800000,3600000,5275800000,556.8900000000001
977,0.7166604628309267,0.3837375347159856,0.002690054581560046,0.013480800497611346,1800000,3600000,5281200000,557.46
978,0.7169960640212706,0.3801979206804274,0.004847006397357323,0.013435939306143226,1800000,3600000,5286600000,558.0300000000001
979,0.7144977583463656,0.38845429521728503,0.0022481819890581016,0.01339122740302784,1800000,3600000,5292000000,558.6
980,0.714698942983852,0.38614020694938456,0.0031970169545888546,0.013346664291465818,1800000,3600000,5297400000,559.1700000000001
981,0.7157920175956205,0.3872266760675447,0.002294574635441176,0.013302249476311008,1800000,3600000,5302800000,559.74
982,0.7148947678493438,0.3840718286365599,0.0034198463889943374,0.013257982464065015,1800000,3600000,5308200000,560.3100000000001
983,0.7180082642552954,0.37903282043602227,0.002805292980226373,0.013213862762871688,1800000,3600000,5313600000,560.8800000000001
984,0.7178003401622955,0.3856330962398682,0.0011966254624208579,0.013169889882511677,1800000,3600000,5319000000,561.45
985,0.714086517552861,0.3865074939611766,0.002582142945972511,0.013126063334396957,1800000,3600000,5324400000,562.0200000000001
986,0.7173829662405444,0.3821781205848025,0.0017539894503797145,0.013082382631565439,1800000,3600000,5329800000,562.59
987,0.717472946322045,0.38720125390493,0.0023664855060595274,0.013038847288675532,1800000,3600000,5335200000,563.1600000000001
988,0.7187440515415402,0.3850572789491417,0.003299350090138545,0.012995456822000755,1800000,3600000,5340600000,563.73
989,0.7161219400889067,0.38350934875533216,0.003483964317416108,0.012952210749424363,1800000,3600000,5346000000,564.3000000000001
990,0.7177840803383612,0.38289583091913754,0.0031326496669315186,0.012909108590434005,1800000,3600000,5351400000,564.8700000000001
991,0.7151104857375953,0.3879383703697487,0.002963020728631789,0.012866149866116342,1800000,3600000,5356800000,565.44
992,0.7170331772560442,0.38351212674815227,0.001526174146964213,0.012823334099151783,1800000,3600000,5362200000,566.0100000000001
993,0.7169052029904395,0.3842444324023079,0.0025681293558802334,0.01278066081380914,1800000,3600000,5367600000,566.58
994,0.7143451308932012,0.38852500373617,0.003012555969447547,0.01273812953594036,1800000,3600000,5373000000,567.1500000000001
995,0.7164881085781627,0.3839086002580848,0.002911256055311822,0.012695739792975256,1800000,3600000,5378400000,567.72
996,0.7188450908626789,0.3852653194862089,0.002008155687453449,0.012653491113916249,1800000,3600000,5383800000,568.2900000000001
997,0.7196637084043309,0.38402326694726524,0.002783405317784189,0.012611383029333125,1800000,3600000,5389200000,568.86
998,0.7177368246153302,0.37346568839025307,0.0032054803603770244,0.012569415071357852,1800000,3600000,5394600000,569.4300000000001
999,0.7172815626048832,0.37996573506255876,0.0037442998878166375,0.012527586773679353,1800000,3600000,5400000000,570.0000000000001
