round,test_accuracy,train_objective,mfg,hfr_tau,downlink_bytes,uplink_bytes,cumulative_serialized_bytes,single_device_elapsed_seconds
0,0.5069235325432309,0.5949072278655373,0.04564976876636973,0.22,1800000,9000000,10800000,0.6000000000000001
1,0.5105183926522071,0.5893053064791284,0.04565670676658946,0.2192678875319951,1800000,9000000,21600000,1.2000000000000002
2,0.5150168492560576,0.5865894834827864,0.044693639913410355,0.21853821137610757,1800000,9000000,32400000,1.8000000000000003
3,0.5191302113320143,0.5868229072536802,0.04258938982806251,0.21781096342481698,1800000,9000000,43200000,2.4000000000000004
4,0.526916139705052,0.5704678086966924,0.04394346023573628,0.21708613559758305,1800000,9000000,54000000,3.0000000000000004
5,0.5290010116877029,0.5739254958464084,0.0430063826362332,0.21636371984075584,1800000,9000000,64800000,3.6000000000000005
6,0.5356562405300777,0.5653361317259941,0.044062930528453725,0.21564370812748615,1800000,9000000,75600000,4.200000000000001
7,0.5401632365602643,0.5694042265565282,0.04284766817555602,0.21492609245763647,1800000,9000000,86400000,4.800000000000001
8,0.5426926395150047,0.5596622043675608,0.042953157320925854,0.2142108648576919,1800000,9000000,97200000,5.4
9,0.5466132664789045,0.5560568238392032,0.04130688487516934,0.21349801738067178,1800000,9000000,108000000,6.000000000000001
10,0.5524787976902401,0.547449673172287,0.04441455695249051,0.2127875421060413,1800000,9000000,118800000,6.600000000000001
11,0.5546784787334568,0.5448716618210234,0.04236544415809891,0.21207943113962338,1800000,9000000,129600000,7.200000000000001
12,0.5608261696360975,0.5341101213057061,0.043764316539344796,0.2113736766135111,1800000,9000000,140400000,7.800000000000001
13,0.5642454665049684,0.5382689813827999,0.04136388051996014,0.2106702706859803,1800000,9000000,151200000,8.400000000000002
14,0.572416924002377,0.5299849157720341,0.04431033885519479,0.20996920554140228,1800000,9000000,162000000,9.000000000000002
15,0.5714456396051126,0.5294243117067106,0.04203519418961797,0.20927047339015709,1800000,9000000,172800000,9.600000000000001
16,0.5799433817715473,0.5202328028710141,0.04288463595567197,0.208574066468547,1800000,9000000,183600000,10.200000000000001
17,0.5802184475651575,0.5172264539949244,0.041729931843921104,0.2078799770387102,1800000,9000000,194400000,10.8
18,0.5864981676468772,0.507843561810611,0.04287639891908308,0.20718819738853472,1800000,9000000,205200000,11.400000000000002
19,0.5888895254501479,0.509661481581056,0.041321113063203255,0.2064987198315729,1800000,9000000,216000000,12.000000000000002
20,0.5915229600287892,0.5077816721763476,0.04030023358057017,0.2058115367069559,1800000,9000000,226800000,12.600000000000001
21,0.5934182534438236,0.502179712086502,0.04156308757054977,0.2051266403793086,1800000,9000000,237600000,13.200000000000003
22,0.5972118717921808,0.5063757669217758,0.04092300242088279,0.20444402323866478,1800000,9000000,248400000,13.800000000000002
23,0.6035494943171733,0.4962075910569914,0.04136432921921285,0.20376367770038248,1800000,9000000,259200000,14.400000000000002
24,0.60778834172283,0.4877543408227986,0.041761058777747107,0.20308559620505987,1800000,9000000,270000000,15.000000000000002
25,0.6095835490101348,0.490992508774357,0.03973133863840148,0.20240977121845113,1800000,9000000,280800000,15.600000000000001
26,0.6149046715199408,0.47917554682282365,0.040208012084512704,0.20173619523138275,1800000,9000000,291600000,16.200000000000003
27,0.6161664665846087,0.4843034053631339,0.04146835023399978,0.2010648607596702,1800000,9000000,302400000,16.800000000000004
28,0.6183210341216269,0.4864716588713868,0.0400866117216064,0.20039576034403467,1800000,9000000,313200000,17.400000000000002
29,0.6214365610087682,0.47914223772482395,0.04100827329193772,0.19972888655002022,1800000,9000000,324000000,18.000000000000004
30,0.6276828589828659,0.47215567152735655,0.03907408443239311,0.1990642319679111,1800000,9000000,334800000,18.6
31,0.6312839114025386,0.465811062854568,0.039589801206422366,0.19840178921264964,1800000,9000000,345600000,19.200000000000003
32,0.6306653948317177,0.46920978383718076,0.039399548731917054,0.19774155092375395,1800000,9000000,356400000,19.800000000000004
33,0.6361959736361226,0.4613523569859577,0.03987834256315779,0.1970835097652362,1800000,9000000,367200000,20.400000000000002
34,0.6375726271351444,0.46250117904850163,0.03952740979584407,0.19642765842552126,1800000,9000000,378000000,21.000000000000004
35,0.6429347869981226,0.46171831837937816,0.037913262378519205,0.19577398961736522,1800000,9000000,388800000,21.6
36,0.6432693000296474,0.45652861736618977,0.03974637513762377,0.19512249607777465,1800000,9000000,399600000,22.200000000000003
37,0.6445317493494397,0.45160259627055727,0.03995851839474384,0.1944731705679257,1800000,9000000,410400000,22.800000000000004
38,0.651823181489071,0.44492896677704813,0.0393155796531453,0.1938260058730838,1800000,9000000,421200000,23.400000000000002
39,0.6551831538631406,0.4453515693408902,0.03893836513635241,0.1931809948025235,1800000,9000000,432000000,24.000000000000004
40,0.6532865316337334,0.44814683212666534,0.03737963826813803,0.19253813018944846,1800000,9000000,442800000,24.600000000000005
41,0.6598842373219846,0.44188985340729536,0.03561014694391714,0.19189740489091192,1800000,9000000,453600000,25.200000000000003
42,0.6571776244415037,0.44041974484623886,0.03817288327924855,0.1912588117877373,1800000,9000000,464400000,25.800000000000004
43,0.6632488269354119,0.4371384368710794,0.03690943763152955,0.1906223437844391,1800000,9000000,475200000,26.400000000000006
44,0.6633085070626376,0.4415230797687302,0.035828512993908546,0.1899879938091441,1800000,9000000,486000000,27.000000000000004
45,0.6682588221314675,0.434411330023968,0.03679289890431019,0.18935575481351272,1800000,9000000,496800000,27.600000000000005
46,0.6710445502536848,0.42731940077949043,0.03686595231612033,0.1887256197726607,1800000,9000000,507600000,28.200000000000003
47,0.6729405808703669,0.43157477162384145,0.03880760962322287,0.1880975816850811,1800000,9000000,518400000,28.800000000000004
48,0.6757138075672423,0.4286471621717395,0.0380879721674051,0.1874716335725665,1800000,9000000,529200000,29.400000000000006
49,0.6777803930307846,0.41996623200305594,0.03841730115158306,0.18684776848013143,1800000,9000000,540000000,30.000000000000004
50,0.6760674513410055,0.42743787150035945,0.03491490914961671,0.1862259794759351,1800000,9000000,550800000,30.600000000000005
51,0.6812216002305249,0.41414017026044847,0.03720915504725777,0.18560625965120442,1800000,9000000,561600000,31.200000000000003
52,0.6790590313517363,0.4241934209016473,0.035756790671382876,0.18498860212015716,1800000,9000000,572400000,31.800000000000004
53,0.6887258846402153,0.4208933720730969,0.03743419714701118,0.18437300001992551,1800000,9000000,583200000,32.400000000000006
54,0.6892429439936777,0.4119662900995948,0.036955961970454095,0.18375944651047985,1800000,9000000,594000000,33.00000000000001
55,0.6925377950660855,0.41024090676571373,0.036879776041432756,0.1831479347745526,1800000,9000000,604800000,33.60000000000001
56,0.6933757326510842,0.4032668309140091,0.036561089105275064,0.18253845801756263,1800000,9000000,615600000,34.2
57,0.6948773758751119,0.40415997981789914,0.037087953577783994,0.1819310094675397,1800000,9000000,626400000,34.800000000000004
58,0.6954658712871105,0.4030806277807163,0.03592198565089536,0.18132558237504928,1800000,9000000,637200000,35.400000000000006
59,0.696927671081754,0.4053285207897351,0.035480602871523215,0.18072217001311738,1800000,9000000,648000000,36.00000000000001
60,0.699367384538282,0.4030291141054033,0.03442343825215927,0.18012076567715601,1800000,9000000,658800000,36.60000000000001
61,0.7038243644047414,0.3942311612432463,0.033524620256911726,0.1795213626848886,1800000,9000000,669600000,37.2
62,0.7049129273751851,0.39168417048519394,0.033361381997149435,0.17892395437627573,1800000,9000000,680400000,37.800000000000004
63,0.7055415788195809,0.3895723854568087,0.036131839242182676,0.17832853411344116,1800000,9000000,691200000,38.400000000000006
64,0.707944609926019,0.393580950273178,0.036154614530339496,0.17773509528059805,1800000,9000000,702000000,39.00000000000001
65,0.7097956810231894,0.39070375489299003,0.03515821582280536,0.17714363128397553,1800000,9000000,712800000,39.60000000000001
66,0.7094093289957766,0.391480317292742,0.03577728328007445,0.17655413555174526,1800000,9000000,723600000,40.2
67,0.712800268207735,0.3837768566165047,0.033974512604686764,0.17596660153394866,1800000,9000000,734400000,40.800000000000004
68,0.7144295158864916,0.38535165854741005,0.033736446908325356,0.1753810227024239,1800000,9000000,745200000,41.400000000000006
69,0.7152220022974695,0.3828952639496879,0.034357449597880896,0.17479739255073348,1800000,9000000,756000000,42.00000000000001
70,0.7187120932689444,0.3801226534001028,0.033415002820842185,0.17421570459409197,1800000,9000000,766800000,42.60000000000001
71,0.7181892722005392,0.3831730066891901,0.03377636200235638,0.17363595236929383,1800000,9000000,777600000,43.2
72,0.72059061673451,0.3766745629125841,0.03529265099027293,0.17305812943464177,1800000,9000000,788400000,43.800000000000004
73,0.7214629517916045,0.3827864382220601,0.03294255689300818,0.17248222936987492,1800000,9000000,799200000,44.400000000000006
74,0.726438373416182,0.3727185059262534,0.033997771711428315,0.1719082457760978,1800000,9000000,810000000,45.00000000000001
75,0.7242762454294405,0.37412817066698645,0.0319990239671594,0.17133617227570908,1800000,9000000,820800000,45.60000000000001
76,0.7243465897944985,0.380133025808364,0.033228154579207636,0.17076600251233054,1800000,9000000,831600000,46.20000000000001
77,0.7272442774504103,0.36610081242540876,0.03359308370517944,0.17019773015073678,1800000,9000000,842400000,46.800000000000004
78,0.7290206596920772,0.36772497352686256,0.034162217340898235,0.16963134887678458,1800000,9000000,853200000,47.400000000000006
79,0.7289834629328644,0.3684586098545806,0.032952170234289306,0.16906685239734287,1800000,9000000,864000000,48.00000000000001
80,0.7302764970367389,0.36726139094554894,0.032369716011750045,0.16850423444022272,1800000,9000000,874800000,48.60000000000001
81,0.7344988218242411,0.36645317146023076,0.03177014634744266,0.1679434887541077,1800000,9000000,885600000,49.20000000000001
82,0.7362801090947505,0.3630768555319313,0.0317716033281354,0.16738460910848446,1800000,9000000,896400000,49.800000000000004
83,0.7364594036914249,0.3590845037642745,0.03269966318190143,0.16682758929357333,1800000,9000000,907200000,50.400000000000006
84,0.7382476843804807,0.35777056452462846,0.030361456412793586,0.1662724231202596,1800000,9000000,918000000,51.00000000000001
85,0.7421911834512488,0.35805955576858656,0.034253946780010494,0.1657191044200245,1800000,9000000,928800000,51.60000000000001
86,0.7399395709856987,0.35974101940931624,0.03224623309253247,0.16516762704487678,1800000,9000000,939600000,52.20000000000001
87,0.7402739628743535,0.3631734780865639,0.030572232528322387,0.16461798486728435,1800000,9000000,950400000,52.80000000000001
88,0.7411716346400842,0.3601891091026605,0.030673027857793314,0.16407017178010627,1800000,9000000,961200000,53.400000000000006
89,0.7435646553075334,0.360339219092245,0.030001871393492852,0.16352418169652483,1800000,9000000,972000000,54.00000000000001
90,0.7422947343859231,0.36040110948341764,0.03049734899863278,0.16298000854997793,1800000,9000000,982800000,54.60000000000001
91,0.7456612571231979,0.3551245167953894,0.03228575152979699,0.16243764629409166,1800000,9000000,993600000,55.20000000000001
92,0.7468548027642692,0.3546540027534681,0.03132270494240489,0.16189708890261317,1800000,9000000,1004400000,55.80000000000001
93,0.7461228996135579,0.35749529568441063,0.03117537350871475,0.16135833036934363,1800000,9000000,1015200000,56.400000000000006
94,0.7513109007921615,0.35119573229843365,0.030373751339197116,0.1608213647080716,1800000,9000000,1026000000,57.00000000000001
95,0.7503729763968046,0.3495044939763876,0.0316351155814189,0.16028618595250646,1800000,9000000,1036800000,57.60000000000001
96,0.7519836931030486,0.3482305054458064,0.03010848666590253,0.159752788156212,1800000,9000000,1047600000,58.20000000000001
97,0.7510530857274251,0.3513553496429224,0.029170652847589476,0.15922116539254064,1800000,9000000,1058400000,58.80000000000001
98,0.7529229953172517,0.34634063975965523,0.027670017341724838,0.15869131175456724,1800000,9000000,1069200000,59.400000000000006
99,0.7520327789468707,0.34885780794789734,0.031128628283023898,0.15816322135502375,1800000,9000000,1080000000,60.00000000000001
100,0.7531518174900407,0.3480889991732894,0.030536009761592788,0.15763688832623365,1800000,9000000,1090800000,60.60000000000001
101,0.7564303599421819,0.3435714106887325,0.029641534175613375,0.1571123068200467,1800000,9000000,1101600000,61.20000000000001
102,0.7562894275069957,0.3411533685741723,0.029612240979366527,0.15658947100777412,1800000,9000000,1112400000,61.80000000000001
103,0.7607621019322609,0.3355174606907592,0.03169398783652049,0.1560683750801238,1800000,9000000,1123200000,62.400000000000006
104,0.7615057694632619,0.33832741640700503,0.028796674482119942,0.1555490132471355,1800000,9000000,1134000000,63.00000000000001
105,0.7618461146622609,0.3386982296759429,0.02881664693281935,0.15503137973811695,1800000,9000000,1144800000,63.60000000000001
106,0.7619630853306012,0.33527687422414915,0.028543605705686835,0.15451546880157935,1800000,9000000,1155600000,64.2
107,0.7619718090892006,0.34062210373364976,0.029665369651371655,0.15400127470517364,1800000,9000000,1166400000,64.80000000000001
108,0.7618487339046857,0.34411720270362156,0.029673817078107713,0.15348879173562682,1800000,9000000,1177200000,65.4
109,0.7636105876524457,0.33412201916823286,0.027575936960627243,0.1529780141986784,1800000,9000000,1188000000,66.00000000000001
110,0.7639386477757968,0.3366170059610102,0.027833211204872206,0.15246893641901713,1800000,9000000,1198800000,66.60000000000001
111,0.7661615583739775,0.33465551127292187,0.028353866916874058,0.15196155274021803,1800000,9000000,1209600000,67.20000000000002
112,0.7664919995633463,0.3357611157937065,0.02956104712946673,0.1514558575246794,1800000,9000000,1220400000,67.80000000000001
113,0.7698890872168106,0.3308819773780579,0.029143218903700654,0.1509518451535604,1800000,9000000,1231200000,68.4
114,0.7681763369781837,0.3251893927083103,0.02693103221139119,0.15044951002671828,1800000,9000000,1242000000,69.00000000000001
115,0.7674054494426493,0.33057072109620866,0.028976182258721,0.14994884656264654,1800000,9000000,1252800000,69.60000000000001
116,0.7676756218752705,0.3321028358975852,0.029967374432632074,0.14944984919841262,1800000,9000000,1263600000,70.20000000000002
117,0.7678589140186862,0.3318865624537102,0.028522132578017084,0.14895251238959623,1800000,9000000,1274400000,70.80000000000001
118,0.7698949999195522,0.32786645769745665,0.028881353912601115,0.1484568306102277,1800000,9000000,1285200000,71.4
119,0.7706837899313056,0.33250270590921427,0.027321199920743243,0.14796279835272666,1800000,9000000,1296000000,72.00000000000001
120,0.7720673173017617,0.33003856837894946,0.02721866181309458,0.14747041012784065,1800000,9000000,1306800000,72.60000000000001
121,0.7720364988909048,0.33010002617974776,0.02887858289096535,0.14697966046458436,1800000,9000000,1317600000,73.20000000000002
122,0.7713825029900375,0.32408802009428056,0.0269765028272676,0.14649054391017868,1800000,9000000,1328400000,73.80000000000001
123,0.7768329378855349,0.3240191918238121,0.028241494357514465,0.14600305502999028,1800000,9000000,1339200000,74.4
124,0.7764458052724673,0.3242579038696472,0.028922913811387875,0.14551718840747094,1800000,9000000,1350000000,75.00000000000001
125,0.7762296931061377,0.32736517720968605,0.02704295268526494,0.14503293864409764,1800000,9000000,1360800000,75.60000000000001
126,0.7775727170455927,0.3247123809039227,0.027111285507047896,0.1445503003593125,1800000,9000000,1371600000,76.20000000000002
127,0.7775945394222227,0.32682384387031127,0.025962624174560047,0.14406926819046292,1800000,9000000,1382400000,76.80000000000001
128,0.7775422811622396,0.3199923611977503,0.02826152065655423,0.14358983679274215,1800000,9000000,1393200000,77.4
129,0.7748035215580711,0.3264862042075477,0.025862421989229084,0.14311200083912964,1800000,9000000,1404000000,78.00000000000001
130,0.7797440224605767,0.31782726440610964,0.025333979585568378,0.14263575502033213,1800000,9000000,1414800000,78.60000000000001
131,0.7833036346554019,0.31961607822428767,0.02439823563296973,0.14216109404472455,1800000,9000000,1425600000,79.20000000000002
132,0.7785533267429651,0.3228366329375127,0.02583800019544531,0.14168801263829112,1800000,9000000,1436400000,79.80000000000001
133,0.7802201005915015,0.3195853287384426,0.024671697163946897,0.14121650554456688,1800000,9000000,1447200000,80.4
134,0.781748031205758,0.31541911569196374,0.02749799925900016,0.14074656752457937,1800000,9000000,1458000000,81.00000000000001
135,0.780722063679968,0.3180063193846327,0.026174699938690704,0.14027819335679012,1800000,9000000,1468800000,81.60000000000001
136,0.7831813083984032,0.31280250953783995,0.025119215836657258,0.13981137783703693,1800000,9000000,1479600000,82.20000000000002
137,0.783661421010562,0.31607028184043784,0.026257291037952102,0.13934611577847586,1800000,9000000,1490400000,82.80000000000001
138,0.7851772571638888,0.3098889137719622,0.0262026866227912,0.13888240201152371,1800000,9000000,1501200000,83.4
139,0.7851035358004232,0.3161408169153546,0.025454318760087413,0.13842023138380052,1800000,9000000,1512000000,84.00000000000001
140,0.7842573814109749,0.3169025244837314,0.02510239737071352,0.13795959876007233,1800000,9000000,1522800000,84.60000000000001
141,0.7822440750360834,0.31632236673395314,0.025779062268335762,0.13750049902219416,1800000,9000000,1533600000,85.20000000000002
142,0.7871573896619256,0.31400390898624186,0.025687048341402025,0.13704292706905308,1800000,9000000,1544400000,85.80000000000001
143,0.7855004696280433,0.31105882327627915,0.025867985841076295,0.13658687781651155,1800000,9000000,1555200000,86.4
144,0.7864287892664852,0.31482672291429536,0.026000711634761132,0.13613234619735098,1800000,9000000,1566000000,87.00000000000001
145,0.7897028484417218,0.30327113833432146,0.0261369142643547,0.1356793271612154,1800000,9000000,1576800000,87.60000000000001
146,0.7885209681959696,0.3120673551446956,0.026192537491545913,0.1352278156745552,1800000,9000000,1587600000,88.20000000000002
147,0.7905969636312734,0.3083301484026164,0.024934412732469106,0.13477780672057155,1800000,9000000,1598400000,88.80000000000001
148,0.787480114623133,0.31237642484066824,0.025146021160781778,0.13432929529916027,1800000,9000000,1609200000,89.40000000000002
149,0.7894907503414587,0.3094954651794222,0.02412263107472422,0.13388227642685652,1800000,9000000,1620000000,90.00000000000001
150,0.7876611232868781,0.31077476829899836,0.02543590785158823,0.13343674513677936,1800000,9000000,1630800000,90.60000000000001
151,0.7902356325905294,0.3154924872891354,0.025418515974955924,0.1329926964785765,1800000,9000000,1641600000,91.20000000000002
152,0.7903887744600112,0.30340723451579055,0.023688967441792295,0.13255012551836945,1800000,9000000,1652400000,91.80000000000001
153,0.7898599032426273,0.3142254979043082,0.023124895529510754,0.1321090273386985,1800000,9000000,1663200000,92.40000000000002
154,0.7894018891610802,0.3046269898391184,0.024528519136741197,0.13166939703846825,1800000,9000000,1674000000,93.00000000000001
155,0.791185141664397,0.30512108230358925,0.02500355071773366,0.13123122973289303,1800000,9000000,1684800000,93.60000000000001
156,0.7918314994171525,0.3128478440092236,0.024137216491654827,0.13079452055344276,1800000,9000000,1695600000,94.20000000000002
157,0.7926597628497372,0.3128352818881305,0.023134136703376235,0.13035926464778871,1800000,9000000,1706400000,94.80000000000001
158,0.7915554782067553,0.3107187494420588,0.023267190326261213,0.12992545717974963,1800000,9000000,1717200000,95.40000000000002
159,0.7919923774671487,0.3079961074577481,0.022452106831440277,0.12949309332923814,1800000,9000000,1728000000,96.00000000000001
160,0.7925199322457808,0.3064509559108583,0.023129642217004087,0.129062168292207,1800000,9000000,1738800000,96.60000000000001
161,0.7928412034263177,0.30520336345476684,0.024498970770189983,0.1286326772805958,1800000,9000000,1749600000,97.20000000000002
162,0.7980032595343931,0.2990340382424967,0.023668673761252174,0.12820461552227772,1800000,9000000,1760400000,97.80000000000001
163,0.7932777099535246,0.2995940684744701,0.023591502168539523,0.12777797826100667,1800000,9000000,1771200000,98.40000000000002
164,0.7945796244884782,0.30185837900093626,0.02440911605579256,0.12735276075636423,1800000,9000000,1782000000,99.00000000000001
165,0.7957429323133739,0.30753616343624063,0.023807690947925283,0.12692895828370707,1800000,9000000,1792800000,99.60000000000001
166,0.7946884103610952,0.2958433062393292,0.021804096772816688,0.12650656613411448,1800000,9000000,1803600000,100.20000000000002
167,0.7949128564184749,0.3055762847027807,0.02312449436299291,0.12608557961433597,1800000,9000000,1814400000,100.80000000000001
168,0.7931592250068387,0.30980557534256176,0.02072284776672012,0.12566599404673928,1800000,9000000,1825200000,101.40000000000002
169,0.7962027978577937,0.30739903850236094,0.0218794499300358,0.12524780476925818,1800000,9000000,1836000000,102.00000000000001
170,0.7960602959218761,0.3014332475389717,0.022718431881313388,0.12483100713534084,1800000,9000000,1846800000,102.60000000000001
171,0.7963337274072684,0.2996790010534185,0.024013701283439097,0.12441559651389816,1800000,9000000,1857600000,103.20000000000002
172,0.7949251313751158,0.3044795870142026,0.02173117300528632,0.12400156828925231,1800000,9000000,1868400000,103.80000000000001
173,0.7968149790392117,0.3021683097431129,0.021339382574829525,0.12358891786108542,1800000,9000000,1879200000,104.40000000000002
174,0.7968983037672706,0.3035461264356025,0.02250693672593047,0.12317764064438845,1800000,9000000,1890000000,105.00000000000001
175,0.7948966894632781,0.30367183321740654,0.0202711728229437,0.12276773206941036,1800000,9000000,1900800000,105.60000000000002
176,0.8018080181026667,0.2982570794452018,0.02263753539685873,0.1223591875816072,1800000,9000000,1911600000,106.20000000000002
177,0.7947336992646246,0.30481956359564394,0.023442508531901992,0.12195200264159156,1800000,9000000,1922400000,106.80000000000001
178,0.8005216090740613,0.2989164382448664,0.02119009417352356,0.12154617272508213,1800000,9000000,1933200000,107.40000000000002
179,0.7984952869528563,0.3021350951193547,0.021826444343223672,0.12114169332285347,1800000,9000000,1944000000,108.00000000000001
180,0.8004046266031546,0.29991687213899915,0.023389889280244307,0.12073855994068583,1800000,9000000,1954800000,108.60000000000002
181,0.799357236327799,0.29849180545203013,0.022459121680833246,0.12033676809931522,1800000,9000000,1965600000,109.20000000000002
182,0.7970896399095518,0.3024241154159036,0.021137991123413157,0.11993631333438377,1800000,9000000,1976400000,109.80000000000001
183,0.7996015547528402,0.30147114613023246,0.021978068730052834,0.11953719119638996,1800000,9000000,1987200000,110.40000000000002
184,0.8015311653113996,0.30223770586289894,0.02112269406692534,0.11913939725063923,1800000,9000000,1998000000,111.00000000000001
185,0.7991796590518557,0.30060356127835725,0.021392986262205305,0.11874292707719478,1800000,9000000,2008800000,111.60000000000002
186,0.8008401506217528,0.29994263316665437,0.020843957161147494,0.11834777627082839,1800000,9000000,2019600000,112.20000000000002
187,0.800913439550385,0.2975762328121394,0.021507477197881885,0.11795394044097147,1800000,9000000,2030400000,112.80000000000001
188,0.8017196004713173,0.29408645107090486,0.01966408769872436,0.11756141521166627,1800000,9000000,2041200000,113.40000000000002
189,0.8013046504449026,0.29821832880312493,0.021048912866286254,0.11717019622151738,1800000,9000000,2052000000,114.00000000000001
190,0.80085472111889,0.2961303262205809,0.02071103924010925,0.11678027912364307,1800000,9000000,2062800000,114.60000000000002
191,0.8012486465555284,0.29966860984066185,0.021624010131911803,0.11639165958562711,1800000,9000000,2073600000,115.20000000000002
192,0.7995814391657033,0.3026577900567398,0.01987851881272788,0.11600433328947068,1800000,9000000,2084400000,115.80000000000001
193,0.8024156235902011,0.29413824215859774,0.021132710197380958,0.11561829593154425,1800000,9000000,2095200000,116.40000000000002
194,0.8031099163169595,0.2992011242387634,0.02352809272533762,0.11523354322253988,1800000,9000000,2106000000,117.00000000000001
195,0.804161798370925,0.29477299519390415,0.019756892032457358,0.11485007088742354,1800000,9000000,2116800000,117.60000000000002
196,0.8031888137723029,0.2982890939565909,0.019122318349129485,0.11446787466538752,1800000,9000000,2127600000,118.20000000000002
197,0.8039057679824804,0.2946631370933141,0.01966441476977245,0.11408695030980319,1800000,9000000,2138400000,118.80000000000001
198,0.8028405795994097,0.2955480921740745,0.02117049297033836,0.11370729358817382,1800000,9000000,2149200000,119.40000000000002
199,0.80012750570591,0.30268977754857557,0.020568240817070354,0.1133289002820875,1800000,9000000,2160000000,120.00000000000001
200,0.8057566353517555,0.29395433518046016,0.021173484847037034,0.11295176618717025,1800000,9000000,2170800000,120.60000000000002
201,0.8013183043922956,0.3004514448912168,0.01850073733730506,0.11257588711303934,1800000,9000000,2181600000,121.20000000000002
202,0.8009591941636102,0.30063659856266134,0.019750312383962347,0.11220125888325679,1800000,9000000,2192400000,121.80000000000001
203,0.801972279656353,0.3019573825550561,0.021065527045694418,0.11182787733528282,1800000,9000000,2203200000,122.40000000000002
204,0.8049881295087723,0.29326790695241756,0.018896679207417843,0.1114557383204297,1800000,9000000,2214000000,123.00000000000001
205,0.8009842676123182,0.29884280793408247,0.020072288542672942,0.11108483770381573,1800000,9000000,2224800000,123.60000000000002
206,0.8033758165697539,0.2942208594514648,0.01992688064714025,0.11071517136431909,1800000,9000000,2235600000,124.20000000000002
207,0.800165838620045,0.30052092241762535,0.01834083017571386,0.11034673519453223,1800000,9000000,2246400000,124.80000000000001
208,0.8028008204757603,0.29845934866100793,0.01793297194889566,0.10997952510071608,1800000,9000000,2257200000,125.40000000000002
209,0.8006552976660514,0.29798348770168226,0.019789147886684916,0.10961353700275477,1800000,9000000,2268000000,126.00000000000001
210,0.8036928438414558,0.29880431933441043,0.019471849656223512,0.1092487668341101,1800000,9000000,2278800000,126.60000000000002
211,0.8027778151683679,0.29612537942744455,0.018888831248628283,0.10888521054177641,1800000,9000000,2289600000,127.20000000000002
212,0.802349216048872,0.2992087562447177,0.01832014290041871,0.10852286408623565,1800000,9000000,2300400000,127.80000000000003
213,0.8031445543904039,0.2985542525367968,0.021066621677851633,0.10816172344141232,1800000,9000000,2311200000,128.4
214,0.8037923715249868,0.2969886662896436,0.01781138178252084,0.1078017845946289,1800000,9000000,2322000000,129.00000000000003
215,0.8031298820529758,0.29929197432134536,0.020041017699184118,0.10744304354656116,1800000,9000000,2332800000,129.60000000000002
216,0.8025064498810526,0.2975728798295657,0.018031773479689872,0.10708549631119377,1800000,9000000,2343600000,130.20000000000002
217,0.8023013345348932,0.29629373995396174,0.019023557032334933,0.10672913891577596,1800000,9000000,2354400000,130.8
218,0.8044404178039862,0.29521635531025475,0.0190079951259344,0.1063739674007775,1800000,9000000,2365200000,131.4
219,0.8014552741708862,0.3011470372519245,0.019366432301729575,0.10601997781984454,1800000,9000000,2376000000,132.00000000000003
220,0.8035499542277384,0.29050394956382053,0.01831463543996922,0.10566716623975587,1800000,9000000,2386800000,132.60000000000002
221,0.7992500188710508,0.2978271417362717,0.01724807514929803,0.10531552874037918,1800000,9000000,2397600000,133.20000000000002
222,0.8035708015216534,0.29177625410244706,0.019332511996234567,0.10496506141462757,1800000,9000000,2408400000,133.8
223,0.8029809210294347,0.2950336369455409,0.020206044458120468,0.10461576036841601,1800000,9000000,2419200000,134.40000000000003
224,0.8045591684438193,0.2951604169902133,0.0163790830371834,0.10426762172061814,1800000,9000000,2430000000,135.00000000000003
225,0.8015786899326889,0.299286239755323,0.019601922730294156,0.10392064160302324,1800000,9000000,2440800000,135.60000000000002
226,0.8005997395642358,0.30247677267217205,0.016165661174096905,0.10357481616029306,1800000,9000000,2451600000,136.20000000000002
227,0.8034040688478915,0.29226992147607245,0.018682834441078496,0.10323014154991914,1800000,9000000,2462400000,136.8
228,0.8031618778304231,0.29671644414110127,0.018719633377313066,0.10288661394218003,1800000,9000000,2473200000,137.40000000000003
229,0.8016296351992094,0.2961718051167156,0.018067214801040007,0.10254422952009878,1800000,9000000,2484000000,138.00000000000003
230,0.8012089479722884,0.2985472970516657,0.019623221176400116,0.10220298447940052,1800000,9000000,2494800000,138.60000000000002
231,0.7989831859091672,0.2961217552266733,0.017017670772741342,0.10186287502847018,1800000,9000000,2505600000,139.20000000000002
232,0.8033387894024921,0.29754656425609494,0.018515008158670337,0.10152389738831034,1800000,9000000,2516400000,139.8
233,0.8023520654352394,0.2976014321647237,0.01659875802325005,0.1011860477924993,1800000,9000000,2527200000,140.40000000000003
234,0.8004162052118804,0.3041954384966544,0.0187125132146578,0.10084932248714917,1800000,9000000,2538000000,141.00000000000003
235,0.803263470799168,0.2942922889871254,0.018503973908402117,0.10051371773086425,1800000,9000000,2548800000,141.60000000000002
236,0.8023233091872898,0.29801079901856586,0.018488416723893498,0.1001792297946993,1800000,9000000,2559600000,142.20000000000002
237,0.8051082671933519,0.2865968375736404,0.015797228727738696,0.09984585496211829,1800000,9000000,2570400000,142.8
238,0.8047743375096769,0.2936973446256553,0.015989241507390443,0.09951358952895295,1800000,9000000,2581200000,143.40000000000003
239,0.8017137212427181,0.2993920130130462,0.01779835616132958,0.09918242980336175,1800000,9000000,2592000000,144.00000000000003
240,0.8006455473601073,0.29602145751910114,0.016652094872693514,0.09885237210578875,1800000,9000000,2602800000,144.60000000000002
241,0.8032318422578936,0.29896552743747423,0.018955528563603233,0.09852341276892282,1800000,9000000,2613600000,145.20000000000002
242,0.8006502660909511,0.2937321165679658,0.017676948621040724,0.09819554813765684,1800000,9000000,2624400000,145.8
243,0.8033919981415293,0.2934682201715614,0.016845074269471193,0.09786877456904704,1800000,9000000,2635200000,146.40000000000003
244,0.8027025021438292,0.2930421058465248,0.016569198811377778,0.09754308843227269,1800000,9000000,2646000000,147.00000000000003
245,0.8014680061303227,0.2990266923291483,0.016227527314391022,0.09721848610859557,1800000,9000000,2656800000,147.60000000000002
246,0.8018030277981978,0.29832010995752006,0.016682842712722745,0.09689496399131985,1800000,9000000,2667600000,148.20000000000002
247,0.8031780195465575,0.3015194294395468,0.01581272223903757,0.09657251848575199,1800000,9000000,2678400000,148.8
248,0.8021777809840624,0.30050754573855876,0.015824968452772693,0.09625114600916085,1800000,9000000,2689200000,149.40000000000003
249,0.8041672396696091,0.3024344561899577,0.01633101923062192,0.09593084299073784,1800000,9000000,2700000000,150.00000000000003
250,0.8023706901356412,0.29413621411797986,0.015496319721827221,0.0956116058715572,1800000,9000000,2710800000,150.60000000000002
251,0.803941196336479,0.29450828781671734,0.01744009433141907,0.0952934311045366,1800000,9000000,2721600000,151.20000000000002
252,0.7988190127509964,0.3015330643344671,0.015415707944392579,0.09497631515439754,1800000,9000000,2732400000,151.8
253,0.8000077711910174,0.29886277807121553,0.014421714385401858,0.0946602544976262,1800000,9000000,2743200000,152.40000000000003
254,0.8031341884239837,0.2989674351904088,0.01544036091641882,0.09434524562243425,1800000,9000000,2754000000,153.00000000000003
255,0.8007370813012441,0.30438446747190046,0.016338971129400224,0.09403128502871988,1800000,9000000,2764800000,153.60000000000002
256,0.8027547703242601,0.2967907416796234,0.015355773029429871,0.09371836922802874,1800000,9000000,2775600000,154.20000000000002
257,0.8007100634509404,0.2986479894262984,0.01518567829588834,0.09340649474351545,1800000,9000000,2786400000,154.8
258,0.800656615080881,0.29882713332953226,0.014702516869118469,0.09309565810990474,1800000,9000000,2797200000,155.40000000000003
259,0.8024020035818943,0.30056324665641626,0.017008325810669793,0.09278585587345302,1800000,9000000,2808000000,156.00000000000003
260,0.8009873321477259,0.3035088649041927,0.015569264814471571,0.09247708459191002,1800000,9000000,2818800000,156.60000000000002
261,0.802729163884904,0.2976851844998341,0.016275996319474812,0.09216934083448058,1800000,9000000,2829600000,157.20000000000002
262,0.8008086969426911,0.29786602192217493,0.015836768166609512,0.09186262118178642,1800000,9000000,2840400000,157.8
263,0.8041757124864715,0.2947231158523769,0.016028213150084302,0.09155692222582827,1800000,9000000,2851200000,158.40000000000003
264,0.8030331781988963,0.29339770886062383,0.016571150498785606,0.0912522405699479,1800000,9000000,2862000000,159.00000000000003
265,0.805051109467979,0.2914631212955304,0.015498571895664932,0.09094857282879044,1800000,9000000,2872800000,159.60000000000002
266,0.8012917518850544,0.3016380984767594,0.016544793716863078,0.09064591562826678,1800000,9000000,2883600000,160.20000000000002
267,0.801693122500329,0.2994333685235188,0.01575124892679169,0.090344265605516,1800000,9000000,2894400000,160.8
268,0.8012353422170284,0.30338863239995484,0.01586492927901977,0.0900436194088681,1800000,9000000,2905200000,161.40000000000003
269,0.802606848525076,0.29022118571382977,0.015852731951035776,0.08974397369780665,1800000,9000000,2916000000,162.00000000000003
270,0.8017370752881722,0.2988247201957392,0.01661701660872283,0.08944532514293181,1800000,9000000,2926800000,162.60000000000002
271,0.8044844115890246,0.295680284406587,0.015434193333114972,0.08914767042592323,1800000,9000000,2937600000,163.20000000000002
272,0.8051724612844149,0.29230890351103705,0.016894171768545838,0.08885100623950319,1800000,9000000,2948400000,163.8
273,0.8037347857022203,0.2889935908693112,0.014232246131476048,0.08855532928739991,1800000,9000000,2959200000,164.40000000000003
274,0.8042778693484246,0.2931101009575518,0.0155297807432954,0.08826063628431091,1800000,9000000,2970000000,165.00000000000003
275,0.8010397185979545,0.30038208317740106,0.014033240055767799,0.08796692395586642,1800000,9000000,2980800000,165.60000000000002
276,0.8019947015405011,0.3022167326166556,0.01357560800773229,0.08767418903859311,1800000,9000000,2991600000,166.20000000000002
277,0.800130848227918,0.29646007553734244,0.01485690286248513,0.0873824282798778,1800000,9000000,3002400000,166.8
278,0.8019911805305865,0.2942273036329419,0.017211584881743708,0.08709163843793126,1800000,9000000,3013200000,167.40000000000003
279,0.8015005091142653,0.2953322919683556,0.014280904194849016,0.08680181628175224,1800000,9000000,3024000000,168.00000000000003
280,0.8013396571379426,0.3021323491036651,0.014183938490695899,0.08651295859109161,1800000,9000000,3034800000,168.60000000000002
281,0.800541686228119,0.29453714669371844,0.015454781739806947,0.0862250621564165,1800000,9000000,3045600000,169.20000000000002
282,0.8037893554691187,0.2945083940320358,0.013413178790040201,0.08593812377887465,1800000,9000000,3056400000,169.8
283,0.8009842301839192,0.29744221204040827,0.015038681855063699,0.08565214027025891,1800000,9000000,3067200000,170.40000000000003
284,0.8030383909116086,0.2998129502188632,0.016639147255301925,0.08536710845297184,1800000,9000000,3078000000,171.00000000000003
285,0.804027961752592,0.29465940008239777,0.013685578459938319,0.08508302515999028,1800000,9000000,3088800000,171.60000000000002
286,0.8020017964086353,0.30335073368638005,0.013059307499853706,0.08479988723483026,1800000,9000000,3099600000,172.20000000000002
287,0.8002269802070275,0.2991476019412009,0.014345298108025997,0.08451769153151197,1800000,9000000,3110400000,172.8
288,0.8032625146570618,0.2968360600667701,0.01609682883965847,0.08423643491452465,1800000,9000000,3121200000,173.40000000000003
289,0.8011859376153936,0.30120199660917724,0.014037551010312802,0.08395611425879189,1800000,9000000,3132000000,174.00000000000003
290,0.8013076877671735,0.29863124580060574,0.013506163726777171,0.08367672644963688,1800000,9000000,3142800000,174.60000000000002
291,0.80015293076697,0.3004798196089295,0.015357973629784223,0.08339826838274775,1800000,9000000,3153600000,175.20000000000002
292,0.799560617051455,0.2970257249374684,0.01290082968352467,0.08312073696414307,1800000,9000000,3164400000,175.80000000000004
293,0.8010599844935824,0.3007133515229327,0.013250349221193131,0.08284412911013761,1800000,9000000,3175200000,176.40000000000003
294,0.8017769832169775,0.29595868231024736,0.013533553531867241,0.0825684417473079,1800000,9000000,3186000000,177.00000000000003
295,0.8008792123219773,0.29839661931228706,0.015129431871764392,0.08229367181245818,1800000,9000000,3196800000,177.60000000000002
296,0.8036355987794903,0.28954920542795565,0.014138862357139763,0.08201981625258635,1800000,9000000,3207600000,178.20000000000002
297,0.8030169451581489,0.29501550985606556,0.013281542970336402,0.08174687202485005,1800000,9000000,3218400000,178.80000000000004
298,0.8009065148584378,0.3031673415597473,0.015431098472348605,0.08147483609653282,1800000,9000000,3229200000,179.40000000000003
299,0.8013228839847188,0.2970225051916284,0.013689514975973278,0.08120370544501043,1800000,9000000,3240000000,180.00000000000003
300,0.8025141763220559,0.3011572227085237,0.012258542037534651,0.08093347705771732,1800000,9000000,3250800000,180.60000000000002
301,0.8037058504299948,0.30128024018668814,0.015662494817239657,0.08066414793211302,1800000,9000000,3261600000,181.20000000000002
302,0.8019467943847438,0.2991201068854786,0.013484279750814215,0.080395715075649,1800000,9000000,3272400000,181.80000000000004
303,0.8004700367893608,0.29801213554649636,0.013236372291815911,0.08012817550573513,1800000,9000000,3283200000,182.40000000000003
304,0.8038124219354013,0.28988844472081715,0.013849178231583499,0.0798615262497068,1800000,9000000,3294000000,183.00000000000003
305,0.8035006057132807,0.2966915832850682,0.011450125203461147,0.07959576434479178,1800000,9000000,3304800000,183.60000000000002
306,0.8019195496461855,0.2963553202109354,0.012900546801052959,0.07933088683807722,1800000,9000000,3315600000,184.20000000000002
307,0.801817173644365,0.2990347227209439,0.012386372485364935,0.07906689078647704,1800000,9000000,3326400000,184.80000000000004
308,0.8002882606227426,0.3002538189426642,0.013296279987379103,0.07880377325669904,1800000,9000000,3337200000,185.40000000000003
309,0.800310890357816,0.3010662418689721,0.012268780757768879,0.07854153132521242,1800000,9000000,3348000000,186.00000000000003
310,0.8029530149743009,0.3000387317869707,0.011943721502751914,0.07828016207821521,1800000,9000000,3358800000,186.60000000000002
311,0.8021168069322362,0.30425954929007426,0.012146204622994003,0.07801966261160202,1800000,9000000,3369600000,187.20000000000002
312,0.7982329226824271,0.3006674479895356,0.013857430525133689,0.07776003003093164,1800000,9000000,3380400000,187.80000000000004
313,0.8027606653828278,0.2957904997485348,0.013787587754628577,0.07750126145139492,1800000,9000000,3391200000,188.40000000000003
314,0.8045813683359988,0.2916220514881475,0.012120142366053474,0.07724335399778277,1800000,9000000,3402000000,189.00000000000003
315,0.8000910360283464,0.3026395774623566,0.01223994171675281,0.07698630480445418,1800000,9000000,3412800000,189.60000000000002
316,0.8035022798963987,0.2898871616386442,0.012601873080069381,0.07673011101530436,1800000,9000000,3423600000,190.20000000000002
317,0.8025221874057739,0.2998012046459572,0.012195680821322165,0.07647476978373298,1800000,9000000,3434400000,190.80000000000004
318,0.8000572218020979,0.30169788658136276,0.012531268128220543,0.07622027827261263,1800000,9000000,3445200000,191.40000000000003
319,0.800907121890752,0.3011039239292327,0.013360643228779582,0.07596663365425728,1800000,9000000,3456000000,192.00000000000003
320,0.8024746299969943,0.29717566015067853,0.012621495903164116,0.07571383311039072,1800000,9000000,3466800000,192.60000000000002
321,0.8026437834322414,0.30039575953048914,0.014687574115207644,0.07546187383211546,1800000,9000000,3477600000,193.20000000000002
322,0.8047223608894764,0.29643138400308866,0.010738747727032663,0.07521075301988138,1800000,9000000,3488400000,193.80000000000004
323,0.802268554266764,0.3020569795800995,0.015249874662715428,0.07496046788345459,1800000,9000000,3499200000,194.40000000000003
324,0.8033515754339289,0.2949098939061407,0.013107058125904852,0.0747110156418866,1800000,9000000,3510000000,195.00000000000003
325,0.7990773007868217,0.3023686457632002,0.012155664586374812,0.07446239352348329,1800000,9000000,3520800000,195.60000000000002
326,0.8027191555290304,0.29833699564387695,0.012863578576668273,0.07421459876577408,1800000,9000000,3531600000,196.20000000000002
327,0.8029432030731689,0.29596153117398927,0.012598398591387217,0.07396762861548134,1800000,9000000,3542400000,196.80000000000004
328,0.8036487136379044,0.30015311609943507,0.012292033886199795,0.07372148032848977,1800000,9000000,3553200000,197.40000000000003
329,0.8031476762232983,0.2987048965958359,0.012857099478003647,0.07347615116981583,1800000,9000000,3564000000,198.00000000000003
330,0.8016818674097772,0.2931133855760911,0.01321296902957425,0.07323163841357751,1800000,9000000,3574800000,198.60000000000002
331,0.8005005381500425,0.29751927823161495,0.012840074752364877,0.07298793934296385,1800000,9000000,3585600000,199.20000000000002
332,0.8021971189807054,0.2948227931841695,0.011714021116426103,0.0727450512502049,1800000,9000000,3596400000,199.80000000000004
333,0.8029795045560878,0.2968992695031316,0.01251307856040566,0.0725029714365416,1800000,9000000,3607200000,200.40000000000003
334,0.8036211343202079,0.29946928326054867,0.010705764995708467,0.07226169721219572,1800000,9000000,3618000000,201.00000000000003
335,0.8043581677464511,0.2958779463397696,0.009368210132015078,0.07202122589634008,1800000,9000000,3628800000,201.60000000000002
336,0.8015122559359069,0.2963598625961985,0.010785941517489272,0.07178155481706869,1800000,9000000,3639600000,202.20000000000002
337,0.8005510821883477,0.29964722651550646,0.010795819886618431,0.0715426813113671,1800000,9000000,3650400000,202.80000000000004
338,0.8041689576243456,0.29383550350045223,0.011612337368116048,0.07130460272508277,1800000,9000000,3661200000,203.40000000000003
339,0.8041438614236783,0.29895766636574445,0.011671265711312202,0.07106731641289565,1800000,9000000,3672000000,204.00000000000003
340,0.8000921575938394,0.2983683858150758,0.011229664864492206,0.0708308197382887,1800000,9000000,3682800000,204.60000000000002
341,0.8042467922301569,0.29413278895017736,0.011000261742822526,0.07059511007351867,1800000,9000000,3693600000,205.20000000000002
342,0.8011656112370934,0.29696918223210483,0.008752670381417176,0.07036018479958688,1800000,9000000,3704400000,205.80000000000004
343,0.8036393823700128,0.29679121427421445,0.010185020927962266,0.07012604130621002,1800000,9000000,3715200000,206.40000000000003
344,0.8019541861102572,0.30130508145925333,0.012335494187471652,0.06989267699179139,1800000,9000000,3726000000,207.00000000000003
345,0.8024844270134032,0.3014823517793525,0.010740447043285433,0.06966008926339172,1800000,9000000,3736800000,207.60000000000002
346,0.8022876554847682,0.2976569925011759,0.010410551395630801,0.06942827553670051,1800000,9000000,3747600000,208.20000000000002
347,0.8012538258326605,0.3014613273494597,0.01105567352904595,0.06919723323600736,1800000,9000000,3758400000,208.80000000000004
348,0.805161180268384,0.2938585349451408,0.00964884157631131,0.06896695979417317,1800000,9000000,3769200000,209.40000000000003
349,0.8041881750828151,0.2931891895130731,0.009326987900733347,0.06873745265260178,1800000,9000000,3780000000,210.00000000000003
350,0.8010805471298944,0.29319016280059396,0.01087078094433962,0.06850870926121148,1800000,9000000,3790800000,210.60000000000002
351,0.8021936640352709,0.29809214620959507,0.010571702607683238,0.06828072707840671,1800000,9000000,3801600000,211.20000000000005
352,0.8039777022484674,0.2952333405180344,0.012605678249112344,0.06805350357104971,1800000,9000000,3812400000,211.80000000000004
353,0.8030571310319241,0.3017969634070275,0.01245947544362783,0.06782703621443252,1800000,9000000,3823200000,212.40000000000003
354,0.8025185908488913,0.3026456887944042,0.011788814085392053,0.06760132249224887,1800000,9000000,3834000000,213.00000000000003
355,0.8020617976441341,0.2960311760843795,0.01137411013173957,0.06737635989656618,1800000,9000000,3844800000,213.60000000000002
356,0.7996683885560865,0.29705239715257553,0.010182255579889025,0.06715214592779772,1800000,9000000,3855600000,214.20000000000005
357,0.8046557253830192,0.29875759709632943,0.010712187731865181,0.0669286780946749,1800000,9000000,3866400000,214.80000000000004
358,0.7995756259793527,0.294796768785514,0.010116541751929295,0.06670595391421945,1800000,9000000,3877200000,215.40000000000003
359,0.8040316636527144,0.2987396376965257,0.010145019774023113,0.066483970911716,1800000,9000000,3888000000,216.00000000000003
360,0.8013557079491702,0.296978060967543,0.01138248553037252,0.06626272662068447,1800000,9000000,3898800000,216.60000000000002
361,0.8014718632374891,0.2999821385034942,0.011386965816608814,0.06604221858285264,1800000,9000000,3909600000,217.20000000000005
362,0.8015693330249593,0.3018562182602835,0.010509829919003,0.06582244434812895,1800000,9000000,3920400000,217.80000000000004
363,0.8026263738540194,0.2944288256201434,0.008894490156773077,0.06560340147457523,1800000,9000000,3931200000,218.40000000000003
364,0.8004390135496482,0.3016214899424307,0.00957796142582228,0.06538508752837947,1800000,9000000,3942000000,219.00000000000003
365,0.8017245742700997,0.2967454570240084,0.009214512409097425,0.06516750008382895,1800000,9000000,3952800000,219.60000000000002
366,0.8033843672986302,0.29872735606897294,0.011208243970308566,0.06495063672328313,1800000,9000000,3963600000,220.20000000000005
367,0.8009797267535659,0.304325157679518,0.008774352381156496,0.0647344950371469,1800000,9000000,3974400000,220.80000000000004
368,0.8013349180028384,0.29851496047562226,0.010079163141854178,0.06451907262384375,1800000,9000000,3985200000,221.40000000000003
369,0.8023141569188857,0.29588938548569904,0.010531222274178513,0.06430436708978908,1800000,9000000,3996000000,222.00000000000003
370,0.8041404761934674,0.2935661715673792,0.010578071134193215,0.06409037604936363,1800000,9000000,4006800000,222.60000000000002
371,0.8026283489881334,0.29568533551793297,0.010321130450519309,0.063877097124887,1800000,9000000,4017600000,223.20000000000005
372,0.7987595492015548,0.2973063958111058,0.010719133983770519,0.06366452794659114,1800000,9000000,4028400000,223.80000000000004
373,0.8021565695386829,0.29465714573559043,0.009390099618092404,0.06345266615259412,1800000,9000000,4039200000,224.40000000000003
374,0.8043019328792876,0.294190852911351,0.007987933660211343,0.06324150938887384,1800000,9000000,4050000000,225.00000000000003
375,0.8027444290618944,0.29873354021383186,0.01016388233802864,0.06303105530924182,1800000,9000000,4060800000,225.60000000000002
376,0.8017070537470887,0.297155112941889,0.009411551742913745,0.06282130157531728,1800000,9000000,4071600000,226.20000000000005
377,0.8017615244483081,0.3027391967988273,0.009468720979116862,0.06261224585650099,1800000,9000000,4082400000,226.80000000000004
378,0.801830186421556,0.29631993741235235,0.01134814665518108,0.06240388582994949,1800000,9000000,4093200000,227.40000000000003
379,0.8025578032324034,0.30246833492402686,0.010304567756301425,0.06219621918054922,1800000,9000000,4104000000,228.00000000000003
380,0.8036959108080692,0.298941067414003,0.009211478186630605,0.061989243600890837,1800000,9000000,4114800000,228.60000000000002
381,0.8030671512573974,0.28868041235182534,0.009463923152614805,0.06178295679124355,1800000,9000000,4125600000,229.20000000000005
382,0.8047176833655586,0.29807192017348555,0.00962090737914534,0.06157735645952957,1800000,9000000,4136400000,229.80000000000004
383,0.8026035990719538,0.29708089430103224,0.010479700268987101,0.061372440321298655,1800000,9000000,4147200000,230.40000000000003
384,0.8025939278403988,0.2899053457475963,0.007472416454110165,0.06116820609970271,1800000,9000000,4158000000,231.00000000000003
385,0.8028358422139314,0.2987691849533886,0.010769602782730144,0.0609646515254705,1800000,9000000,4168800000,231.60000000000002
386,0.8012381538044469,0.2961733889628411,0.008507002272074562,0.060761774336882464,1800000,9000000,4179600000,232.20000000000005
387,0.8003102781943969,0.2975380122172792,0.009836387745787972,0.06055957227974552,1800000,9000000,4190400000,232.80000000000004
388,0.8030678463827517,0.29733219506747277,0.00783191792415461,0.06035804310736805,1800000,9000000,4201200000,233.40000000000003
389,0.8034896138320812,0.2939391030241043,0.010424967669213718,0.060157184580534956,1800000,9000000,4212000000,234.00000000000003
390,0.8025558254181006,0.2974913645939194,0.009809448868958667,0.05995699446748277,1800000,9000000,4222800000,234.60000000000002
391,0.8042206452747378,0.29294887689631444,0.00809546196906107,0.05975747054387485,1800000,9000000,4233600000,235.20000000000005
392,0.7981308685774887,0.303271210306024,0.007491812053738086,0.05955861059277665,1800000,9000000,4244400000,235.80000000000004
393,0.8024415402186097,0.29940563477211185,0.009218604933448962,0.0593604124046311,1800000,9000000,4255200000,236.40000000000003
394,0.8013947585387762,0.30182916612288413,0.009796211481610407,0.0591628737772341,1800000,9000000,4266000000,237.00000000000003
395,0.8021265224516719,0.3010975524156909,0.00819610977620387,0.05896599251570996,1800000,9000000,4276800000,237.60000000000002
396,0.802858397291091,0.2978944509859852,0.009516251130596403,0.058769766432487075,1800000,9000000,4287600000,238.20000000000005
397,0.8027686959987255,0.2967316055322978,0.007842932711663187,0.05857419334727365,1800000,9000000,4298400000,238.80000000000004
398,0.8024612497040539,0.2958661110831644,0.009777293196797727,0.05837927108703333,1800000,9000000,4309200000,239.40000000000003
399,0.7993657658507347,0.29695682446719435,0.009303008007968369,0.05818499748596127,1800000,9000000,4320000000,240.00000000000003
400,0.8030543737007947,0.29673209618588736,0.009577463251227524,0.05799137038545989,1800000,9000000,4330800000,240.60000000000002
401,0.8031532668604856,0.2986229662711589,0.008059087108993966,0.05779838763411496,1800000,9000000,4341600000,241.20000000000005
402,0.8019060461840899,0.29799066639972316,0.008557954684411964,0.05760604708767172,1800000,9000000,4352400000,241.80000000000004
403,0.8038782399083563,0.29563534461570157,0.010022862715283208,0.057414346609011,1800000,9000000,4363200000,242.40000000000003
404,0.8048902903027534,0.28920190612281055,0.010665346049577886,0.05722328406812549,1800000,9000000,4374000000,243.00000000000003
405,0.8027107286052944,0.2984249262110274,0.011437433182846384,0.05703285734209613,1800000,9000000,4384800000,243.60000000000002
406,0.8019594137608763,0.29308492739821274,0.009097760418993513,0.05684306431506844,1800000,9000000,4395600000,244.20000000000005
407,0.8034068280240041,0.29312230611221674,0.0067490516996478855,0.05665390287822906,1800000,9000000,4406400000,244.80000000000004
408,0.8030147628941543,0.29850330723060836,0.008989463983696148,0.056465370929782294,1800000,9000000,4417200000,245.40000000000003
409,0.8018705568750413,0.29878082935491634,0.008790574346688156,0.05627746637492678,1800000,9000000,4428000000,246.00000000000003
410,0.8023345379422576,0.28997934239163287,0.009377370499540053,0.05609018712583219,1800000,9000000,4438800000,246.60000000000002
411,0.8040836520983121,0.29720740199335643,0.006766138039935035,0.05590353110161606,1800000,9000000,4449600000,247.20000000000005
412,0.8018537080334218,0.29379727060142835,0.009703473777246523,0.05571749622832065,1800000,9000000,4460400000,247.80000000000004
413,0.7994300621031737,0.29789965972456556,0.007418594027976859,0.05553208043888989,1800000,9000000,4471200000,248.40000000000003
414,0.8022688071555155,0.2978603487980359,0.009299527235669272,0.05534728167314643,1800000,9000000,4482000000,249.00000000000003
415,0.8014267120892821,0.29791363928877634,0.009336315020904791,0.05516309787776877,1800000,9000000,4492800000,249.60000000000002
416,0.801841122181511,0.29740663235132914,0.00826599438220929,0.05497952700626836,1800000,9000000,4503600000,250.20000000000005
417,0.8005563271299491,0.2993395035236432,0.009439414883776235,0.054796567018967006,1800000,9000000,4514400000,250.80000000000004
418,0.8030487644739677,0.2975115561055936,0.007931688446075846,0.05461421588297405,1800000,9000000,4525200000,251.40000000000003
419,0.8016546324332642,0.3058361177188295,0.008439648094210633,0.05443247157216389,1800000,9000000,4536000000,252.00000000000003
420,0.8013787894613678,0.2974139489052692,0.009462413974610716,0.05425133206715343,1800000,9000000,4546800000,252.60000000000005
421,0.8021895660259335,0.2976299406329488,0.007533742926828775,0.05407079535527962,1800000,9000000,4557600000,253.20000000000005
422,0.8032830914482479,0.2973333149904091,0.006852965290259652,0.05389085943057717,1800000,9000000,4568400000,253.80000000000004
423,0.8023038321214313,0.30139749209181244,0.008271271515086127,0.05371152229375616,1800000,9000000,4579200000,254.40000000000003
424,0.8032600769661277,0.2983605295122615,0.00773113016031168,0.053532781952179885,1800000,9000000,4590000000,255.00000000000003
425,0.8005089048960852,0.3027111007692176,0.007933706238277247,0.05335463641984271,1800000,9000000,4600800000,255.60000000000005
426,0.8029810197880498,0.2987444819926176,0.008493443000142209,0.05317708371734802,1800000,9000000,4611600000,256.20000000000005
427,0.8024735013765687,0.29694729733868713,0.008719507829173726,0.05300012187188616,1800000,9000000,4622400000,256.8
428,0.8025102150521342,0.2953512038593088,0.008727796173339158,0.05282374891721258,1800000,9000000,4633200000,257.40000000000003
429,0.8016894305418644,0.2936918435854319,0.007600149267065294,0.052647962893626,1800000,9000000,4644000000,258.00000000000006
430,0.8012421704627647,0.2918305562546942,0.007131624703431511,0.05247276184794653,1800000,9000000,4654800000,258.6
431,0.7987734594018757,0.3047392192753969,0.007878877602837755,0.05229814383349411,1800000,9000000,4665600000,259.20000000000005
432,0.8032480216296646,0.2928279342194019,0.007362724997620558,0.05212410691006679,1800000,9000000,4676400000,259.8
433,0.799157869411472,0.29879821051766203,0.00749032468035441,0.051950649143919156,1800000,9000000,4687200000,260.40000000000003
434,0.8015774724306233,0.2991934513813682,0.007977660520884767,0.05177776860774092,1800000,9000000,4698000000,261.00000000000006
435,0.8029115881411296,0.2982384329824503,0.00854861583809277,0.051605463380635486,1800000,9000000,4708800000,261.6
436,0.8034323039368815,0.29416243241408596,0.006977677843107012,0.05143373154809852,1800000,9000000,4719600000,262.20000000000005
437,0.8030584197035311,0.2924834530754604,0.008304404207334286,0.051262571201996794,1800000,9000000,4730400000,262.8
438,0.8042690459151028,0.29632663630147565,0.007364890679313139,0.05109198044054694,1800000,9000000,4741200000,263.40000000000003
439,0.8021959619425383,0.29892456509640913,0.0066486387893409365,0.05092195736829428,1800000,9000000,4752000000,264.00000000000006
440,0.803525708647443,0.2976482234700439,0.007778444990555188,0.05075250009609183,1800000,9000000,4762800000,264.6
441,0.8035707710389675,0.29541225952834677,0.006574826721584629,0.05058360674107924,1800000,9000000,4773600000,265.20000000000005
442,0.8046050611352055,0.29549222423043553,0.0077415371293690265,0.05041527542666197,1800000,9000000,4784400000,265.8
443,0.8015788175487237,0.299218328788494,0.007243240055756538,0.05024750428249035,1800000,9000000,4795200000,266.40000000000003
444,0.7995526729571139,0.30964565961429663,0.0069304040580367736,0.050080291444438804,1800000,9000000,4806000000,267.00000000000006
445,0.8019751401941959,0.29403972131185485,0.007036224067368733,0.0499136350545852,1800000,9000000,4816800000,267.6
446,0.8031659266096837,0.2976823541924576,0.007287877471775213,0.04974753326119018,1800000,9000000,4827600000,268.20000000000005
447,0.8040898229426606,0.2943132533029139,0.005797124487136958,0.04958198421867652,1800000,9000000,4838400000,268.80000000000007
448,0.8008079633884212,0.298571605157384,0.007875273327753618,0.04941698608760872,1800000,9000000,4849200000,269.40000000000003
449,0.8037610592234447,0.2916584231567305,0.007964775690748781,0.04925253703467255,1800000,9000000,4860000000,270.00000000000006
450,0.8029928744439874,0.2980545703492644,0.007857128392536957,0.04908863523265456,1800000,9000000,4870800000,270.6
451,0.8034553044258802,0.2988121333242275,0.007831742363214983,0.04892527886042197,1800000,9000000,4881600000,271.20000000000005
452,0.8005268340774767,0.29779892791544144,0.00857143315894813,0.048762466102902295,1800000,9000000,4892400000,271.80000000000007
453,0.8019177866631368,0.2985020967849882,0.008057165006396753,0.0486001951510632,1800000,9000000,4903200000,272.40000000000003
454,0.8027344728319015,0.2886259325090046,0.009639618914295591,0.04843846420189246,1800000,9000000,4914000000,273.00000000000006
455,0.8022815337835241,0.2980168693960911,0.008023502685719762,0.04827727145837786,1800000,9000000,4924800000,273.6
456,0.8012817833100749,0.29313131586875546,0.008515899894617195,0.04811661512948724,1800000,9000000,4935600000,274.20000000000005
457,0.8040375527641954,0.297669336167585,0.008357379326381177,0.047956493430148656,1800000,9000000,4946400000,274.80000000000007
458,0.8006337202490152,0.30154710859720507,0.007295890419154335,0.047796904581230454,1800000,9000000,4957200000,275.40000000000003
459,0.8011753617137594,0.3001999300159324,0.008143813657793321,0.04763784680952156,1800000,9000000,4968000000,276.00000000000006
460,0.8002853346261537,0.2931722234629003,0.007357609525128712,0.04747931834771174,1800000,9000000,4978800000,276.6
461,0.8006000878949482,0.2977431226708067,0.007440705092828032,0.04732131743437206,1800000,9000000,4989600000,277.20000000000005
462,0.8030888462417967,0.29666667882065106,0.004509941923483774,0.047163842313935146,1800000,9000000,5000400000,277.80000000000007
463,0.800240299301472,0.30199945971984643,0.008268089329632928,0.04700689123667585,1800000,9000000,5011200000,278.40000000000003
464,0.8027531316115614,0.29712093371250337,0.008517827830227524,0.04685046245869167,1800000,9000000,5022000000,279.00000000000006
465,0.8036996316755768,0.29849563946009927,0.006560656088964858,0.04669455424188347,1800000,9000000,5032800000,279.6
466,0.8032716459333371,0.29918723402372127,0.007181291855844427,0.04653916485393615,1800000,9000000,5043600000,280.20000000000005
467,0.8025624891191325,0.3028521246431051,0.006242346531420792,0.046384292568299325,1800000,9000000,5054400000,280.80000000000007
468,0.8026340549504256,0.29824177833610843,0.006530943954772854,0.04622993566416824,1800000,9000000,5065200000,281.40000000000003
469,0.8060585596054158,0.2878468374380388,0.006271388568038322,0.046076092426464606,1800000,9000000,5076000000,282.00000000000006
470,0.8020882674789718,0.292709164917126,0.006581033428358817,0.04592276114581752,1800000,9000000,5086800000,282.6
471,0.8041491249550027,0.2993493860632451,0.0065046819355644185,0.0457699401185445,1800000,9000000,5097600000,283.20000000000005
472,0.8018646050371234,0.29353194195739246,0.007921982196315321,0.04561762764663259,1800000,9000000,5108400000,283.80000000000007
473,0.8025579048189001,0.2974393672353395,0.00656448836759738,0.045465822037719386,1800000,9000000,5119200000,284.40000000000003
474,0.7996853092285028,0.30329150793555554,0.004605158301372392,0.045314521605074355,1800000,9000000,5130000000,285.00000000000006
475,0.8026335050208423,0.30228038716404254,0.007020599800122034,0.04516372466758004,1800000,9000000,5140800000,285.6
476,0.8006422008995487,0.29562264939172456,0.005758996888822762,0.04501342954971334,1800000,9000000,5151600000,286.20000000000005
477,0.8046691809863904,0.29151446586651847,0.0065588775442145105,0.04486363458152695,1800000,9000000,5162400000,286.80000000000007
478,0.8026285943862657,0.2959290022005253,0.007401275379792078,0.044714338098630825,1800000,9000000,5173200000,287.40000000000003
479,0.8017335816711545,0.29842252991000506,0.0080330640575888,0.04456553844217358,1800000,9000000,5184000000,288.00000000000006
480,0.8029225349671342,0.2951489169735348,0.007735362534917161,0.04441723395882419,1800000,9000000,5194800000,288.6
481,0.8022069258462358,0.29893356468091575,0.0077599994262748575,0.04426942300075353,1800000,9000000,5205600000,289.20000000000005
482,0.8004016100740715,0.2956828339890255,0.0077393483990579,0.04412210392561611,1800000,9000000,5216400000,289.80000000000007
483,0.8013304920669357,0.29770276462919143,0.005926154998737044,0.04397527509653179,1800000,9000000,5227200000,290.40000000000003
484,0.8014795259084121,0.29767007218307373,0.006642628982780659,0.043828934882067634,1800000,9000000,5238000000,291.00000000000006
485,0.8019086832510266,0.2985557759525678,0.006932212798874975,0.043683081656219744,1800000,9000000,5248800000,291.6
486,0.803828831497573,0.2990592272419935,0.007455391256126407,0.043537713798395224,1800000,9000000,5259600000,292.20000000000005
487,0.8015798389995562,0.3001780166924967,0.006815282566322901,0.04339282969339417,1800000,9000000,5270400000,292.80000000000007
488,0.8025086000112251,0.2968021144208433,0.006067194489324296,0.04324842773139169,1800000,9000000,5281200000,293.40000000000003
489,0.8025913753839896,0.2969113231391967,0.007134262648482082,0.04310450630792006,1800000,9000000,5292000000,294.00000000000006
490,0.804110333003773,0.29665833261939323,0.005873543884509337,0.04296106382385086,1800000,9000000,5302800000,294.6
491,0.8010919158894024,0.30148736664810766,0.0056753651941550765,0.042818098685377254,1800000,9000000,5313600000,295.20000000000005
492,0.8021511416132514,0.30131937505076034,0.00585014384279521,0.04267560930399622,1800000,9000000,5324400000,295.80000000000007
493,0.8029248795792328,0.2997026019487429,0.005919129177849741,0.04253359409649095,1800000,9000000,5335200000,296.40000000000003
494,0.8020008208430294,0.2978871898943226,0.005246840970842913,0.04239205148491322,1800000,9000000,5346000000,297.00000000000006
495,0.8036170659622087,0.3001366259788065,0.005254222257475153,0.04225097989656591,1800000,9000000,5356800000,297.6
496,0.8013291847821948,0.3047486713834076,0.0073908059135368385,0.042110377763985456,1800000,9000000,5367600000,298.20000000000005
497,0.8002062584645403,0.3030213426181228,0.005666796812637209,0.041970243524924504,1800000,9000000,5378400000,298.80000000000007
498,0.8032429057315942,0.2973448634607351,0.0039649170849658365,0.04183057562233452,1800000,9000000,5389200000,299.40000000000003
499,0.8023561200576858,0.29942657017175894,0.006330260705945557,0.04169137250434846,1800000,9000000,5400000000,300.00000000000006
500,0.8000210499436519,0.30227852258703475,0.005162243328995349,0.041552632624263605,1800000,9000000,5410800000,300.6
501,0.8033352992860436,0.2974347876155389,0.006820408056452863,0.0414143544405243,1800000,9000000,5421600000,301.20000000000005
502,0.8002114287180662,0.29844685155309686,0.00739283824703094,0.04127653641670483,1800000,9000000,5432400000,301.80000000000007
503,0.8027570148463435,0.30635393422665164,0.0072072441934982285,0.04113917702149243,1800000,9000000,5443200000,302.40000000000003
504,0.8007647507669653,0.29745553617198695,0.005953763152532206,0.04100227472867019,1800000,9000000,5454000000,303.00000000000006
505,0.8036393735388603,0.29474919195749205,0.004331228270107861,0.0408658280171001,1800000,9000000,5464800000,303.6
506,0.8038346250260492,0.2927437393901034,0.006720169134382412,0.04072983537070618,1800000,9000000,5475600000,304.20000000000005
507,0.8030103035516495,0.29591585286198313,0.006276397653337254,0.04059429527845764,1800000,9000000,5486400000,304.80000000000007
508,0.8015934361001574,0.29408040183583584,0.005859043338020776,0.04045920623435205,1800000,9000000,5497200000,305.40000000000003
509,0.8009192181220718,0.29490296631123203,0.006458416186056245,0.040324566737398634,1800000,9000000,5508000000,306.00000000000006
510,0.8015408346981742,0.3018743741095829,0.006440347506443719,0.040190375291601625,1800000,9000000,5518800000,306.6
511,0.8010781442799358,0.3016706347776584,0.00492441446572775,0.04005663040594355,1800000,9000000,5529600000,307.20000000000005
512,0.8025270204237785,0.2954398299918243,0.005224005730621933,0.03992333059436875,1800000,9000000,5540400000,307.80000000000007
513,0.8029604956107478,0.29216200937486025,0.00599354662594299,0.03979047437576686,1800000,9000000,5551200000,308.40000000000003
514,0.799880148455696,0.3051408171414644,0.004170475764888264,0.039658060273956276,1800000,9000000,5562000000,309.00000000000006
515,0.7995697931043365,0.30271280772870895,0.004781246602178923,0.039526086817667866,1800000,9000000,5572800000,309.6
516,0.8040715115536823,0.29653145278165177,0.005301480354346369,0.03939455254052851,1800000,9000000,5583600000,310.20000000000005
517,0.80162312665352,0.296789223586053,0.006460099143537634,0.039263455981044894,1800000,9000000,5594400000,310.80000000000007
518,0.7996228793950534,0.2980602458223374,0.005142156469941631,0.039132795682587256,1800000,9000000,5605200000,311.40000000000003
519,0.8041282182081485,0.28848599154594634,0.005438965790477705,0.03900257019337312,1800000,9000000,5616000000,312.00000000000006
520,0.8021569155663861,0.2994214981479906,0.006832382418461486,0.03887277806645128,1800000,9000000,5626800000,312.6
521,0.8004145027102936,0.30170568976488377,0.0072055233680435125,0.03874341785968567,1800000,9000000,5637600000,313.20000000000005
522,0.8013196915103161,0.3008449329280731,0.005867365506588932,0.03861448813573931,1800000,9000000,5648400000,313.80000000000007
523,0.8033436325631083,0.29741643976228,0.005915470552516017,0.0384859874620584,1800000,9000000,5659200000,314.40000000000003
524,0.8032486158671117,0.29542752106961917,0.005307294530154061,0.03835791441085635,1800000,9000000,5670000000,315.00000000000006
525,0.8028218583819859,0.29768553985300167,0.005290284125891552,0.03823026755909793,1800000,9000000,5680800000,315.6
526,0.8010215657988853,0.3011876217674747,0.004681177550994899,0.038103045488483485,1800000,9000000,5691600000,316.20000000000005
527,0.8021336502940888,0.2995859721097308,0.006452554839314932,0.03797624678543314,1800000,9000000,5702400000,316.80000000000007
528,0.8022361976566054,0.2969771708312913,0.0032503186337081054,0.03784987004107112,1800000,9000000,5713200000,317.40000000000003
529,0.801410736074827,0.2943684945794924,0.005273349780950912,0.03772391385121006,1800000,9000000,5724000000,318.00000000000006
530,0.8018032443557831,0.2967837816357533,0.0037867590686522113,0.03759837681633546,1800000,9000000,5734800000,318.6
531,0.8048591587639655,0.2940177235068242,0.005302422871589151,0.037473257541590074,1800000,9000000,5745600000,319.20000000000005
532,0.8031692798949974,0.2953554855500651,0.0029460184064431677,0.03734855463675846,1800000,9000000,5756400000,319.80000000000007
533,0.8013405748919398,0.2972272995491158,0.005279799383225135,0.037224266716251495,1800000,9000000,5767200000,320.40000000000003
534,0.8010158521338667,0.2989476554069734,0.005917415907957008,0.037100392399091006,1800000,9000000,5778000000,321.00000000000006
535,0.8027413500637597,0.30031796603552,0.007455263516307654,0.03697693030889443,1800000,9000000,5788800000,321.6
536,0.8019942315060384,0.2994434672962011,0.005960276665249921,0.03685387907385949,1800000,9000000,5799600000,322.20000000000005
537,0.8016750410873088,0.3019541511248655,0.0057198002932105215,0.036731237326748954,1800000,9000000,5810400000,322.80000000000007
538,0.8030949795691688,0.2923521708830724,0.007157326151299307,0.036609003704875506,1800000,9000000,5821200000,323.40000000000003
539,0.803013563444847,0.29123543780334793,0.0036770202707565075,0.036487176850086525,1800000,9000000,5832000000,324.00000000000006
540,0.8022930187781677,0.29500067307181155,0.003965617573027095,0.036365755408749034,1800000,9000000,5842800000,324.6
541,0.8024564296982156,0.30393847280649944,0.0045436889155233,0.036244738031734676,1800000,9000000,5853600000,325.20000000000005
542,0.8031757796004914,0.2981179783837608,0.005990684970476182,0.03612412337440466,1800000,9000000,5864400000,325.80000000000007
543,0.8024615680452867,0.2986080470825251,0.004754191299011334,0.03600391009659489,1800000,9000000,5875200000,326.40000000000003
544,0.8026307482574194,0.29700204342936054,0.00665136703152209,0.035884096862601064,1800000,9000000,5886000000,327.00000000000006
545,0.803013651098233,0.3025136441085271,0.004849342987446209,0.03576468234116376,1800000,9000000,5896800000,327.6
546,0.8012332258732253,0.29569637004923527,0.004540852264749277,0.035645665205453765,1800000,9000000,5907600000,328.20000000000005
547,0.8028477137404957,0.2968081157498848,0.005772576773286826,0.035527044133057226,1800000,9000000,5918400000,328.80000000000007
548,0.8032836056813135,0.29565981729573254,0.00370013798318756,0.035408817805960995,1800000,9000000,5929200000,329.40000000000003
549,0.8038482935739809,0.29927555345750867,0.006501222529972038,0.035290984910538004,1800000,9000000,5940000000,330.00000000000006
550,0.801134426673255,0.29709815030018305,0.005804646990339414,0.03517354413753266,1800000,9000000,5950800000,330.6
551,0.8020591191078422,0.29736437554196493,0.005691808833547521,0.03505649418204626,1800000,9000000,5961600000,331.20000000000005
552,0.8024446869809113,0.29541709647564407,0.005252823808990074,0.03493983374352255,1800000,9000000,5972400000,331.80000000000007
553,0.800399216101964,0.30299223097863537,0.006289398401326234,0.03482356152573324,1800000,9000000,5983200000,332.40000000000003
554,0.8031053136083621,0.2922931322544858,0.0044876679985285705,0.03470767623676358,1800000,9000000,5994000000,333.00000000000006
555,0.8028486332503298,0.2995463517895352,0.0037733510158487827,0.034592176588998075,1800000,9000000,6004800000,333.6
556,0.7988305428146273,0.30540069381577706,0.004705716982276069,0.03447706129910612,1800000,9000000,6015600000,334.20000000000005
557,0.8024260561851074,0.29702476418759693,0.003948572841902639,0.03436232908802773,1800000,9000000,6026400000,334.80000000000007
558,0.803544481912134,0.2962089250475419,0.004339481792526629,0.034247978680959405,1800000,9000000,6037200000,335.40000000000003
559,0.8053903773747542,0.2917473983863352,0.0066760646986219144,0.03413400880733988,1800000,9000000,6048000000,336.00000000000006
560,0.8024316745913703,0.3018691223223716,0.00567774577184197,0.03402041820083606,1800000,9000000,6058800000,336.6
561,0.8006348481418043,0.3000244611400102,0.006446486041972551,0.03390720559932891,1800000,9000000,6069600000,337.20000000000005
562,0.7995947072947306,0.3013097354954023,0.0048406003062730265,0.033794369744899494,1800000,9000000,6080400000,337.80000000000007
563,0.8037229856733648,0.2994570208892025,0.003969348773887209,0.033681909383814906,1800000,9000000,6091200000,338.40000000000003
564,0.8041731537651489,0.29730498731980703,0.0027680557604652543,0.033569823266514455,1800000,9000000,6102000000,339.00000000000006
565,0.8026831997952995,0.2969615898984199,0.005428381550087855,0.03345811014759566,1800000,9000000,6112800000,339.6
566,0.8008047887168629,0.29713470028327305,0.004533920149066408,0.03334676878580049,1800000,9000000,6123600000,340.20000000000005
567,0.7991163090055611,0.2966336668588521,0.004325771082079831,0.03323579794400159,1800000,9000000,6134400000,340.80000000000007
568,0.7989736595992288,0.30433969170882746,0.0029152925074766925,0.03312519638918843,1800000,9000000,6145200000,341.40000000000003
569,0.8024781974773845,0.30153117946019653,0.004105802060043663,0.03301496289245373,1800000,9000000,6156000000,342.00000000000006
570,0.8028216480058087,0.29759486217656717,0.00534329407659862,0.03290509622897971,1800000,9000000,6166800000,342.6
571,0.8031665627964399,0.3025758752412579,0.004901100580086759,0.03279559517802455,1800000,9000000,6177600000,343.20000000000005
572,0.8014189762470404,0.30144094690360984,0.005197714572141854,0.032686458522908766,1800000,9000000,6188400000,343.80000000000007
573,0.8015808797179538,0.29960737537012266,0.003414773319114376,0.03257768505100174,1800000,9000000,6199200000,344.40000000000003
574,0.8010501456986076,0.2969868502194762,0.0049476146835326475,0.03246927355370822,1800000,9000000,6210000000,345.00000000000006
575,0.8024782998145631,0.30096512550811944,0.0037879421418020856,0.03236122282645489,1800000,9000000,6220800000,345.6
576,0.7988264340101014,0.30382317986187984,0.004961421129408225,0.03225353166867703,1800000,9000000,6231600000,346.20000000000005
577,0.8038469377177068,0.3032989007562367,0.005757846827623909,0.03214619888380508,1800000,9000000,6242400000,346.80000000000007
578,0.8015991918161451,0.2971091953678794,0.003776329230442174,0.032039223279251454,1800000,9000000,6253200000,347.40000000000003
579,0.8036686073755209,0.2954058373082722,0.005283780935458605,0.03193260366639722,1800000,9000000,6264000000,348.00000000000006
580,0.8027799142756321,0.2994199102757276,0.004846057693498022,0.031826338860578916,1800000,9000000,6274800000,348.6000000000001
581,0.8013820796013171,0.2994836422580399,0.0032511943598698004,0.03172042768107538,1800000,9000000,6285600000,349.20000000000005
582,0.8019039123722602,0.2987464363371764,0.003995716874779832,0.031614868951094645,1800000,9000000,6296400000,349.80000000000007
583,0.8019111573465353,0.29954279700262026,0.005112324522080762,0.03150966149776084,1800000,9000000,6307200000,350.40000000000003
584,0.8024703324312208,0.2951988111212066,0.0059121576088665365,0.03140480415210119,1800000,9000000,6318000000,351.00000000000006
585,0.8011992158679757,0.3003649323988976,0.00233480730074863,0.03130029574903299,1800000,9000000,6328800000,351.6000000000001
586,0.8001376865149026,0.29455083606178006,0.004600272913562656,0.031196135127350685,1800000,9000000,6339600000,352.20000000000005
587,0.8029988972996079,0.2979258786157415,0.004586092171019699,0.03109232112971296,1800000,9000000,6350400000,352.80000000000007
588,0.8010385200099589,0.2932078543999934,0.003218329204656382,0.0309888526026299,1800000,9000000,6361200000,353.40000000000003
589,0.8021378741602024,0.29442334345936483,0.00377407005742761,0.030885728396450124,1800000,9000000,6372000000,354.00000000000006
590,0.802546558000125,0.2981957777582413,0.004085451086488022,0.03078294736534807,1800000,9000000,6382800000,354.6000000000001
591,0.8027979139617557,0.2979966130124659,0.0012529248769167756,0.030680508367311208,1800000,9000000,6393600000,355.20000000000005
592,0.8020610626256021,0.2992314413260571,0.004020234013816537,0.030578410264127404,1800000,9000000,6404400000,355.80000000000007
593,0.804151061012812,0.29281998725028113,0.004336051225131039,0.030476651921372246,1800000,9000000,6415200000,356.40000000000003
594,0.8020797701604925,0.30032539325946334,0.0036196330391216097,0.03037523220839642,1800000,9000000,6426000000,357.00000000000006
595,0.8009931207042833,0.298426219957069,0.005240131319844118,0.030274149998313186,1800000,9000000,6436800000,357.6000000000001
596,0.8043864848389002,0.2927070417538399,0.005461824736562293,0.030173404167985855,1800000,9000000,6447600000,358.20000000000005
597,0.8035339829098728,0.29429149672941785,0.0027744256521973435,0.030072993598015248,1800000,9000000,6458400000,358.80000000000007
598,0.7999906929403251,0.3037009589396949,0.004001991172665932,0.029972917172727348,1800000,9000000,6469200000,359.40000000000003
599,0.8015335279049386,0.30020699546070856,0.002426541620721816,0.02987317378016085,1800000,9000000,6480000000,360.00000000000006
600,0.8018371942266508,0.2985895978633215,0.0030495749508818015,0.029773762312054794,1800000,9000000,6490800000,360.6000000000001
601,0.803221953883165,0.2974083825550444,0.00280560292286271,0.029674681663836296,1800000,9000000,6501600000,361.20000000000005
602,0.8009251119184437,0.29590465992061105,0.003730043903447982,0.029575930734608246,1800000,9000000,6512400000,361.80000000000007
603,0.8030510426513628,0.29977924198084677,0.0025350360826344705,0.029477508427137096,1800000,9000000,6523200000,362.40000000000003
604,0.8003007282575527,0.29900935480541024,0.004669771559649512,0.029379413647840618,1800000,9000000,6534000000,363.00000000000006
605,0.80266841612721,0.2950421943483688,0.003319077132704892,0.02928164530677581,1800000,9000000,6544800000,363.6000000000001
606,0.801733812448069,0.2969545952229011,0.005975716293789978,0.02918420231762678,1800000,9000000,6555600000,364.20000000000005
607,0.8033869922905197,0.2943445973415898,0.0032803966856916845,0.029087083597692635,1800000,9000000,6566400000,364.80000000000007
608,0.8045721623498299,0.29988039485034057,0.002363074378290486,0.028990288067875493,1800000,9000000,6577200000,365.40000000000003
609,0.8014701646039818,0.3014009755457205,0.005688711224925629,0.028893814652668486,1800000,9000000,6588000000,366.00000000000006
610,0.8010834912084799,0.3029703809918273,0.004297408805158611,0.028797662280143754,1800000,9000000,6598800000,366.6000000000001
611,0.8029018493230069,0.2961256051036996,0.005158468651314181,0.028701829881940626,1800000,9000000,6609600000,367.20000000000005
612,0.803061726581266,0.29798125657523045,0.002573132654207962,0.0286063163932537,1800000,9000000,6620400000,367.80000000000007
613,0.8023423939758989,0.29896927231678283,0.003181609274084207,0.028511120752821004,1800000,9000000,6631200000,368.40000000000003
614,0.802541628686356,0.2943875152947865,0.004858402529395987,0.028416241902912216,1800000,9000000,6642000000,369.00000000000006
615,0.8037317880895585,0.2928291076075517,0.0037276866666249796,0.02832167878931693,1800000,9000000,6652800000,369.6000000000001
616,0.8018289168613414,0.2952097001017263,0.004446785051605798,0.028227430361332895,1800000,9000000,6663600000,370.20000000000005
617,0.7998664425532899,0.2977865525646678,0.005108877726252359,0.028133495571754392,1800000,9000000,6674400000,370.80000000000007
618,0.8031695852462007,0.29916738060767467,0.004275453220011082,0.028039873376860563,1800000,9000000,6685200000,371.40000000000003
619,0.8018229804506752,0.2980893760884541,0.005253736216797996,0.027946562736403842,1800000,9000000,6696000000,372.00000000000006
620,0.8019003735705145,0.29339455627173316,0.0036643188750285533,0.027853562613598382,1800000,9000000,6706800000,372.6000000000001
621,0.8033256398579498,0.2954504601874091,0.003944161605382857,0.02776087197510853,1800000,9000000,6717600000,373.20000000000005
622,0.8013622568699251,0.29597251412948,0.0038493115357419276,0.027668489791037327,1800000,9000000,6728400000,373.80000000000007
623,0.7993833517514932,0.2975957278490277,0.005079030046090928,0.027576415034915123,1800000,9000000,6739200000,374.40000000000003
624,0.7987969224662073,0.300213886812709,0.005860626076239688,0.027484646683688132,1800000,9000000,6750000000,375.00000000000006
625,0.803178025904207,0.2958567759076739,0.001460098682718949,0.02739318371770705,1800000,9000000,6760800000,375.6000000000001
626,0.8021150348106552,0.3014980358063558,0.00453180358334145,0.027302025120715785,1800000,9000000,6771600000,376.20000000000005
627,0.8013711653205731,0.30418479230409967,0.0035804324948783646,0.027211169879840062,1800000,9000000,6782400000,376.80000000000007
628,0.8030521265900896,0.30274112921465157,0.004520194516542378,0.02712061698557629,1800000,9000000,6793200000,377.40000000000003
629,0.8023176741114604,0.2981763945892853,0.0019555008269914018,0.027030365431780265,1800000,9000000,6804000000,378.00000000000006
630,0.8044032555174435,0.3026671073098628,0.0045661872513427905,0.02694041421565602,1800000,9000000,6814800000,378.6000000000001
631,0.7985851100061296,0.30115980343860227,0.004324302314513945,0.026850762337744662,1800000,9000000,6825600000,379.20000000000005
632,0.8020157694998733,0.29793443706785905,0.0036374610675190037,0.026761408801913317,1800000,9000000,6836400000,379.80000000000007
633,0.8049159786823905,0.2915275473408485,0.004550340512296861,0.02667235261534397,1800000,9000000,6847200000,380.40000000000003
634,0.8032533678682965,0.299776613816687,0.0037433253759151333,0.02658359278852253,1800000,9000000,6858000000,381.00000000000006
635,0.8002881869455443,0.3005887124300289,0.0024472088123649776,0.026495128335227797,1800000,9000000,6868800000,381.6000000000001
636,0.8025770530525062,0.29904454687585774,0.004957223433216998,0.02640695827252048,1800000,9000000,6879600000,382.20000000000005
637,0.801598493789803,0.2982203838760549,0.002700305756190699,0.02631908162073231,1800000,9000000,6890400000,382.80000000000007
638,0.8027523172637804,0.30072676161168915,0.0034344401742840295,0.026231497403455158,1800000,9000000,6901200000,383.40000000000003
639,0.8051695093122085,0.29371953082964114,0.0030993571995144385,0.026144204647530124,1800000,9000000,6912000000,384.00000000000006
640,0.8026720884051264,0.3018584138447046,0.0028835710661878696,0.026057202383036816,1800000,9000000,6922800000,384.6000000000001
641,0.7985717405713354,0.30172537282236006,0.004289833340078057,0.025970489643282507,1800000,9000000,6933600000,385.20000000000005
642,0.8038570675166855,0.29707247571785395,0.00390152219887212,0.025884065464791422,1800000,9000000,6944400000,385.80000000000007
643,0.8040675231313771,0.29216992427998834,0.001727766006647449,0.025797928887294017,1800000,9000000,6955200000,386.40000000000003
644,0.8030963649354887,0.2974176094902811,0.0024368998077561868,0.02571207895371634,1800000,9000000,6966000000,387.00000000000006
645,0.8045793212320055,0.2941520087249157,0.004165658599442083,0.025626514710169333,1800000,9000000,6976800000,387.6000000000001
646,0.8023247119279979,0.30239680102317307,0.003327708708537593,0.025541235205938307,1800000,9000000,6987600000,388.20000000000005
647,0.8034683583489538,0.2991576829757836,0.004778834502487568,0.02545623949347234,1800000,9000000,6998400000,388.80000000000007
648,0.8027488287086207,0.294817691281007,0.00324510464036909,0.025371526628373754,1800000,9000000,7009200000,389.40000000000003
649,0.8022385869439749,0.3032620042742416,0.003062748847236411,0.025287095669387614,1800000,9000000,7020000000,390.00000000000006
650,0.8029590906696954,0.2935031523611633,0.0024794377299441808,0.025202945678391302,1800000,9000000,7030800000,390.6000000000001
651,0.8011646858424104,0.29417801930041565,0.00510633886708797,0.02511907572038403,1800000,9000000,7041600000,391.20000000000005
652,0.8007432480058314,0.2980272469388519,0.0027612209895505426,0.02503548486347652,1800000,9000000,7052400000,391.80000000000007
653,0.8025896603931408,0.29406029896838304,0.002528590955047729,0.024952172178880617,1800000,9000000,7063200000,392.40000000000003
654,0.802346104072868,0.30159282942934174,0.003928039977204447,0.024869136740898967,1800000,9000000,7074000000,393.00000000000006
655,0.8040710355636161,0.2969568366150222,0.0036053956902088505,0.024786377626914748,1800000,9000000,7084800000,393.6000000000001
656,0.8009899850945671,0.29252954289485245,0.0018577359400787374,0.024703893917381377,1800000,9000000,7095600000,394.20000000000005
657,0.8027862721972837,0.29655919279080833,0.0020124651256732567,0.024621684695812353,1800000,9000000,7106400000,394.80000000000007
658,0.8028068450021426,0.29972953200854746,0.004954607503646418,0.02453974904877104,1800000,9000000,7117200000,395.40000000000003
659,0.8037772987104184,0.29998851860990694,0.0038154416817822853,0.02445808606586051,1800000,9000000,7128000000,396.00000000000006
660,0.8012857647368311,0.2998229616381433,0.002669701274068335,0.024376694839713452,1800000,9000000,7138800000,396.6000000000001
661,0.8051358332355536,0.29616739493711375,0.0034488697574486847,0.024295574465982076,1800000,9000000,7149600000,397.20000000000005
662,0.7999105167862492,0.2964562733661559,0.0030331583091782926,0.024214724043328046,1800000,9000000,7160400000,397.80000000000007
663,0.8015676296814344,0.3043154371259637,0.0044046032325444654,0.02413414267341251,1800000,9000000,7171200000,398.40000000000003
664,0.80296259439774,0.2929200153202852,0.0027164418008289604,0.02405382946088608,1800000,9000000,7182000000,399.00000000000006
665,0.7999458608808606,0.3042478269173234,0.004390893228485671,0.02397378351337891,1800000,9000000,7192800000,399.6000000000001
666,0.8007098213936136,0.29213346448335714,0.004672129422210308,0.02389400394149075,1800000,9000000,7203600000,400.20000000000005
667,0.8038226590250234,0.2973921877560041,0.002982130573120612,0.023814489858781113,1800000,9000000,7214400000,400.80000000000007
668,0.8010005079270585,0.29682176916582714,0.0021596161461848408,0.02373524038175934,1800000,9000000,7225200000,401.40000000000003
669,0.8039634603505543,0.2974475443890258,0.0037569023859746337,0.02365625462987489,1800000,9000000,7236000000,402.00000000000006
670,0.8041098524109496,0.2960156887651199,0.0048827655153057935,0.023577531725507483,1800000,9000000,7246800000,402.6000000000001
671,0.8030563536397697,0.29977053024178274,0.0030407909320601333,0.023499070793957372,1800000,9000000,7257600000,403.20000000000005
672,0.8001480125836142,0.29549246658831935,0.0036309564119858056,0.023420870963435616,1800000,9000000,7268400000,403.80000000000007
673,0.8014787775294641,0.29456415067185837,0.0027080745796120927,0.02334293136505442,1800000,9000000,7279200000,404.40000000000003
674,0.8040720491317797,0.2977111146552309,0.0018264313173711577,0.02326525113281743,1800000,9000000,7290000000,405.00000000000006
675,0.8000959070248368,0.3038885763933363,0.0030119360695086577,0.023187829403610152,1800000,9000000,7300800000,405.6000000000001
676,0.8023376726556303,0.29528647257105956,0.0023112830324346703,0.023110665317190367,1800000,9000000,7311600000,406.20000000000005
677,0.8001523457152022,0.3038543848194269,0.004663393098782298,0.023033758016178532,1800000,9000000,7322400000,406.80000000000007
678,0.8000279517809737,0.2998690642172356,0.0035943971728776922,0.022957106646048307,1800000,9000000,7333200000,407.40000000000003
679,0.7991486575293804,0.29990492382643796,0.0035025554522150875,0.022880710355116993,1800000,9000000,7344000000,408.00000000000006
680,0.8026368606374887,0.3019798740032379,0.003088316367433998,0.02280456829453613,1800000,9000000,7354800000,408.6000000000001
681,0.8010845899377118,0.2994618941648279,0.0008427432106482566,0.022728679618282042,1800000,9000000,7365600000,409.20000000000005
682,0.8008791763785036,0.2962331734823074,0.003563532335958784,0.02265304348314644,1800000,9000000,7376400000,409.80000000000007
683,0.8005217149023384,0.304834255716109,0.0018359877555280718,0.02257765904872704,1800000,9000000,7387200000,410.40000000000003
684,0.8030141092849827,0.3000198521596234,0.00377802128310165,0.022502525477418246,1800000,9000000,7398000000,411.00000000000006
685,0.8033803916889204,0.29913754029936596,0.003122513498579997,0.02242764193440181,1800000,9000000,7408800000,411.6000000000001
686,0.8027551007987045,0.3052219989960276,0.0039430469216521465,0.02235300758763761,1800000,9000000,7419600000,412.20000000000005
687,0.8005522263486032,0.29800770514208924,0.003624261956630231,0.02227862160785435,1800000,9000000,7430400000,412.80000000000007
688,0.8024408080847001,0.29875752508562253,0.0026972082296353303,0.02220448316854038,1800000,9000000,7441200000,413.40000000000003
689,0.8029259242151786,0.2936527360599082,0.001631618694756601,0.0221305914459345,1800000,9000000,7452000000,414.00000000000006
690,0.8033589841109091,0.29948430290299766,0.0023663815457399436,0.022056945619016825,1800000,9000000,7462800000,414.6000000000001
691,0.8013593228468365,0.3014672163542072,0.0014586542859023413,0.02198354486949961,1800000,9000000,7473600000,415.20000000000005
692,0.8036216171647204,0.29172207258270355,0.0040389837631294185,0.02191038838181822,1800000,9000000,7484400000,415.80000000000007
693,0.8032044917189244,0.29218823089239826,0.002544207701775764,0.021837475343122043,1800000,9000000,7495200000,416.40000000000003
694,0.802090278122433,0.3044711589110143,0.0035375756442263522,0.021764804943265458,1800000,9000000,7506000000,417.00000000000006
695,0.8011533234810134,0.3056116739301271,0.002346072037585983,0.021692376374798823,1800000,9000000,7516800000,417.6000000000001
696,0.8025160221985922,0.2961284525450477,0.003021984634600494,0.02162018883295954,1800000,9000000,7527600000,418.20000000000005
697,0.8015536247289445,0.299811032519444,0.004688027535994934,0.021548241515663043,1800000,9000000,7538400000,418.80000000000007
698,0.8069825380832877,0.29925754272457655,0.004564550580091528,0.021476533623493964,1800000,9000000,7549200000,419.40000000000003
699,0.8009216789745064,0.2992615117277514,0.003659705886545601,0.021405064359697207,1800000,9000000,7560000000,420.00000000000006
700,0.7997237053132406,0.3031172693046229,0.0026955063887121235,0.021333832930169112,1800000,9000000,7570800000,420.6000000000001
701,0.8037700009723119,0.29543814192380907,0.0047331253460035395,0.021262838543448622,1800000,9000000,7581600000,421.20000000000005
702,0.8029572663086662,0.29235577047266087,0.003217459780308428,0.02119208041070847,1800000,9000000,7592400000,421.80000000000007
703,0.8001259519608588,0.29405104561468154,0.0014434602892312836,0.02112155774574646,1800000,9000000,7603200000,422.4000000000001
704,0.803998630357636,0.2958555686809108,0.003157385170377945,0.021051269764976704,1800000,9000000,7614000000,423.00000000000006
705,0.8019449755141589,0.2992923862488119,0.0052897034462386534,0.020981215687420916,1800000,9000000,7624800000,423.6000000000001
706,0.8011098441482383,0.30120526999023267,0.0038875806459874413,0.02091139473469973,1800000,9000000,7635600000,424.20000000000005
707,0.8000143916194792,0.2988725638967342,0.003874720069189432,0.020841806131024078,1800000,9000000,7646400000,424.80000000000007
708,0.8014478958903496,0.29599386542581857,0.002332536047938416,0.020772449103186517,1800000,9000000,7657200000,425.4000000000001
709,0.804556671451829,0.28904376301284646,0.0031566181598246344,0.0207033228805527,1800000,9000000,7668000000,426.00000000000006
710,0.8012420784437775,0.29588274432825623,0.001529736113491137,0.020634426695052777,1800000,9000000,7678800000,426.6000000000001
711,0.800498703249573,0.3048585085560393,0.002485426946704322,0.020565759781172862,1800000,9000000,7689600000,427.20000000000005
712,0.8006468500609045,0.2992274588452865,0.0033350455640471207,0.020497321375946544,1800000,9000000,7700400000,427.80000000000007
713,0.8005765953945443,0.29926436458952616,0.003377991435522699,0.0204291107189464,1800000,9000000,7711200000,428.4000000000001
714,0.8009689692025354,0.30202210802291773,0.0037766035497508905,0.020361127052275524,1800000,9000000,7722000000,429.00000000000006
715,0.7994252126781565,0.2989560703580771,0.002021879663174458,0.020293369620559148,1800000,9000000,7732800000,429.6000000000001
716,0.8003682520940328,0.30376997588347826,0.0038124819780342495,0.020225837670936227,1800000,9000000,7743600000,430.20000000000005
717,0.8003652475397477,0.30034400091163177,0.0022764057705139656,0.020158530453051063,1800000,9000000,7754400000,430.80000000000007
718,0.8018920893785302,0.29793742492485537,0.003657624625692235,0.020091447219045,1800000,9000000,7765200000,431.4000000000001
719,0.8013735894434972,0.29771062351718924,0.004101327908317411,0.020024587223548076,1800000,9000000,7776000000,432.00000000000006
720,0.8028802511003265,0.2998143268218487,0.0036832335623525583,0.019957949723670754,1800000,9000000,7786800000,432.6000000000001
721,0.8004152733978664,0.29588922473765583,0.000732884724938122,0.01989153397899569,1800000,9000000,7797600000,433.20000000000005
722,0.8023117543390915,0.29901452593264183,3.142881925031083e-05,0.01982533925156948,1800000,9000000,7808400000,433.80000000000007
723,0.8019669584546839,0.29927413659085517,0.0027173524002384107,0.019759364805894478,1800000,9000000,7819200000,434.4000000000001
724,0.8001004279142796,0.30002995946616945,0.0029786305127008058,0.019693609908920603,1800000,9000000,7830000000,435.00000000000006
725,0.8046226297362293,0.2966633229240121,0.0032296126833991313,0.019628073830037226,1800000,9000000,7840800000,435.6000000000001
726,0.7983980584788201,0.29513498521293374,0.0012508626868369733,0.019562755841064997,1800000,9000000,7851600000,436.20000000000005
727,0.801645735712172,0.3037205286174319,0.005029961894577576,0.019497655216247817,1800000,9000000,7862400000,436.80000000000007
728,0.8004050941807894,0.2986847007478895,0.0023446178687469748,0.019432771232244746,1800000,9000000,7873200000,437.4000000000001
729,0.8002243318601743,0.29887733778724596,0.001921493686173257,0.019368103168121962,1800000,9000000,7884000000,438.00000000000006
730,0.802230607048,0.2945669598733454,0.0013870976452925719,0.019303650305344755,1800000,9000000,7894800000,438.6000000000001
731,0.8038484660955869,0.2973560812661316,0.00384707345933179,0.01923941192776953,1800000,9000000,7905600000,439.20000000000005
732,0.8030434993533385,0.29568977215171427,0.0019014740896652331,0.019175387321635887,1800000,9000000,7916400000,439.80000000000007
733,0.8049539166707086,0.29264095038682486,0.0019023006061235875,0.019111575775558647,1800000,9000000,7927200000,440.4000000000001
734,0.798211059469214,0.30439066127934006,0.0019117152902179417,0.01904797658051998,1800000,9000000,7938000000,441.00000000000006
735,0.8030851359107887,0.2951164973235166,0.0022755159655846726,0.01898458902986151,1800000,9000000,7948800000,441.6000000000001
736,0.8030626818855473,0.2979859448438189,0.000795650403706816,0.01892141241927647,1800000,9000000,7959600000,442.20000000000005
737,0.8040961838835381,0.2917073477106033,0.002119683295523897,0.01885844604680186,1800000,9000000,7970400000,442.80000000000007
738,0.8010850953416918,0.3005973479583942,0.002014608530467725,0.018795689212810673,1800000,9000000,7981200000,443.4000000000001
739,0.8036194257725877,0.29647995115111136,0.00325747663474234,0.018733141220004107,1800000,9000000,7992000000,444.00000000000006
740,0.8034430826232504,0.30152385161683903,0.0025309553011456072,0.01867080137340383,1800000,9000000,8002800000,444.6000000000001
741,0.8015897342566499,0.30017319682769916,0.003158847605137986,0.01860866898034423,1800000,9000000,8013600000,445.20000000000005
742,0.8023254823873507,0.29472305828084383,0.0016967571750227963,0.01854674335046476,1800000,9000000,8024400000,445.80000000000007
743,0.8025531928792412,0.2967780241416553,0.001824567330011234,0.018485023795702205,1800000,9000000,8035200000,446.4000000000001
744,0.8010306954705337,0.29764263134505314,0.0026984035612690705,0.01842350963028311,1800000,9000000,8046000000,447.00000000000006
745,0.8029679185772122,0.30361574570398764,0.00024126141558729677,0.018362200170716117,1800000,9000000,8056800000,447.6000000000001
746,0.802877700005315,0.302341792306011,0.0022553844160277323,0.018301094735784378,1800000,9000000,8067600000,448.20000000000005
747,0.8022078586997998,0.2993977286249242,0.0019081500426211934,0.018240192646537985,1800000,9000000,8078400000,448.80000000000007
748,0.8025038897351359,0.29374793930398085,0.0023068185102800938,0.018179493226286442,1800000,9000000,8089200000,449.4000000000001
749,0.8025811247022545,0.3034067827425866,0.0016220526095706794,0.018118995800591103,1800000,9000000,8100000000,450.00000000000006
750,0.8027359375269543,0.2988145063314117,0.0035131420405279763,0.018058699697257735,1800000,9000000,8110800000,450.6000000000001
751,0.8004776788253094,0.30187190608638664,0.0008416211642525639,0.017998604246329014,1800000,9000000,8121600000,451.20000000000005
752,0.8020576245121425,0.2974351675238272,0.0028495273353771476,0.01793870878007709,1800000,9000000,8132400000,451.80000000000007
753,0.8020486230558296,0.29846898148547407,0.0025064348580043695,0.017879012632996176,1800000,9000000,8143200000,452.4000000000001
754,0.8040799454699106,0.30335607097868195,0.002367501839957429,0.017819515141795115,1800000,9000000,8154000000,453.00000000000006
755,0.8019918114424894,0.3002358565848357,0.0004907454895583421,0.017760215645390067,1800000,9000000,8164800000,453.6000000000001
756,0.8025041690911526,0.2989966749950538,0.0009637400704155005,0.017701113484897137,1800000,9000000,8175600000,454.20000000000005
757,0.8011699855064622,0.3005856969240557,0.0036658774118568486,0.017642208003625034,1800000,9000000,8186400000,454.80000000000007
758,0.8018957620115793,0.29824468659134995,0.0017209079303271305,0.017583498547067807,1800000,9000000,8197200000,455.4000000000001
759,0.8029226947335518,0.29915252225561423,0.003089746919980469,0.017524984462897568,1800000,9000000,8208000000,456.00000000000006
760,0.8003128892481535,0.30388701368297893,0.0027344011414432217,0.01746666510095721,1800000,9000000,8218800000,456.6000000000001
761,0.8037474281329388,0.2906351544561164,0.001979289221158263,0.017408539813253226,1800000,9000000,8229600000,457.20000000000005
762,0.8019489743881857,0.3026071785509666,0.0018968027872764508,0.017350607953948487,1800000,9000000,8240400000,457.80000000000007
763,0.7998548747773647,0.2972411892855481,0.0017951568970087238,0.017292868879355078,1800000,9000000,8251200000,458.4000000000001
764,0.803503657152504,0.2970648755273357,0.0016583995394421173,0.017235321947927124,1800000,9000000,8262000000,459.00000000000006
765,0.801430646786133,0.2987714624779428,0.00288344282519689,0.017177966520253697,1800000,9000000,8272800000,459.6000000000001
766,0.8019123438397421,0.29833205647956085,0.0029605839629209926,0.01712080195905166,1800000,9000000,8283600000,460.20000000000005
767,0.8038119090166357,0.294184301658794,0.0009849032497933315,0.017063827629158642,1800000,9000000,8294400000,460.80000000000007
768,0.8040970476283671,0.29499153872849443,0.002653713288425415,0.017007042897525942,1800000,9000000,8305200000,461.4000000000001
769,0.80194021520175,0.30332317350381416,0.002483435170767812,0.016950447133211522,1800000,9000000,8316000000,462.00000000000006
770,0.8029665076680391,0.29841053790120986,0.0031463943420837475,0.01689403970737297,1800000,9000000,8326800000,462.6000000000001
771,0.8029414497832554,0.2941456832922894,0.0015164141388875393,0.016837819993260533,1800000,9000000,8337600000,463.20000000000005
772,0.8010269405019631,0.2976574929605212,0.001732288556341062,0.016781787366210135,1800000,9000000,8348400000,463.80000000000007
773,0.8029123798532061,0.29454575404086,0.0003150407831142303,0.016725941203636456,1800000,9000000,8359200000,464.4000000000001
774,0.8016203670233569,0.3007472291738385,0.0010012363179412636,0.016670280885026006,1800000,9000000,8370000000,465.00000000000006
775,0.8021195812965386,0.30101195448234935,0.002910181204473562,0.01661480579193023,1800000,9000000,8380800000,465.6000000000001
776,0.8036578132806155,0.29369025164374596,0.0007814570547007961,0.016559515307958635,1800000,9000000,8391600000,466.20000000000005
777,0.8017527893201416,0.2993724691457669,0.0018878751729566206,0.016504408818771934,1800000,9000000,8402400000,466.80000000000007
778,0.8039638148871817,0.29836887184604843,0.004045205860914793,0.01644948571207524,1800000,9000000,8413200000,467.4000000000001
779,0.7996492397728929,0.2976133793203129,0.0025945030088676464,0.016394745377611247,1800000,9000000,8424000000,468.00000000000006
780,0.8003251328247216,0.29947114204502323,0.0028959593236470324,0.016340187207153453,1800000,9000000,8434800000,468.6000000000001
781,0.8011822608936651,0.3010839567497141,0.0027022033504600935,0.016285810594499402,1800000,9000000,8445600000,469.20000000000005
782,0.7993879043915848,0.2993654129396736,0.0009518021135162577,0.016231614935463958,1800000,9000000,8456400000,469.80000000000007
783,0.8005306700305865,0.3019032229781036,0.003489392062036129,0.01617759962787256,1800000,9000000,8467200000,470.4000000000001
784,0.802758990523796,0.29435028386680506,0.0033102008939708727,0.016123764071554577,1800000,9000000,8478000000,471.00000000000006
785,0.8016496759145213,0.29983964034978966,0.0033524596158054517,0.016070107668336605,1800000,9000000,8488800000,471.6000000000001
786,0.800251576402615,0.29944256572147804,0.0019006897975786716,0.01601662982203583,1800000,9000000,8499600000,472.20000000000005
787,0.8032745337585568,0.29670203848314863,0.0026816325004147172,0.015963329938453414,1800000,9000000,8510400000,472.80000000000007
788,0.7992852221801023,0.30376581759331023,0.00035960176449920675,0.015910207425367886,1800000,9000000,8521200000,473.4000000000001
789,0.8029339357239526,0.2965843941009855,0.0018804704429728188,0.015857261692528542,1800000,9000000,8532000000,474.00000000000006
790,0.8020797622322782,0.29504655660871015,0.0009784333515829515,0.015804492151648922,1800000,9000000,8542800000,474.6000000000001
791,0.8017874051573303,0.2967383312940892,0.0015332115675647472,0.015751898216400252,1800000,9000000,8553600000,475.20000000000005
792,0.7989725345164215,0.30134337533970784,0.002000101604821134,0.015699479302404933,1800000,9000000,8564400000,475.80000000000007
793,0.8024410321931175,0.29684437518032136,0.0029530552259538906,0.015647234827230044,1800000,9000000,8575200000,476.4000000000001
794,0.8021005957829157,0.29587641433064743,0.0021146757560205247,0.015595164210380888,1800000,9000000,8586000000,477.00000000000006
795,0.8034457049096574,0.29041014536686355,0.0,0.015543266873294511,1800000,9000000,8596800000,477.6000000000001
796,0.8017851085213142,0.2966018084580544,0.0016509323810657368,0.015491542239333302,1800000,9000000,8607600000,478.20000000000005
797,0.8052809288440239,0.29569818025996986,0.002135015286667613,0.01543998973377857,1800000,9000000,8618400000,478.80000000000007
798,0.8016913787925324,0.30245048581956296,0.0,0.015388608783824179,1800000,9000000,8629200000,479.4000000000001
799,0.8005649205020668,0.30278553093317984,0.0011565759141576428,0.015337398818570146,1800000,9000000,8640000000,480.00000000000006
800,0.8026413025281091,0.29645061905921194,0.0028475335238886696,0.01528635926901634,1800000,9000000,8650800000,480.6000000000001
801,0.8018838553426991,0.2973166075009966,0.0014051081924191392,0.01523548956805612,1800000,9000000,8661600000,481.20000000000005
802,0.8024791182319382,0.29946796386561125,0.00117444126182451,0.01518478915047006,1800000,9000000,8672400000,481.80000000000007
803,0.8027621256025957,0.2975641636373647,0.0014190377618348447,0.015134257452919677,1800000,9000000,8683200000,482.4000000000001
804,0.8018316886359722,0.3036348349743971,0.0,0.01508389391394114,1800000,9000000,8694000000,483.00000000000006
805,0.7982647424477354,0.303984679151696,0.0023472488218313345,0.015033697973939058,1800000,9000000,8704800000,483.6000000000001
806,0.8015191352936555,0.3014056301975703,2.062786829061438e-05,0.014983669075180239,1800000,9000000,8715600000,484.20000000000005
807,0.8030720877675882,0.2995024429562458,0.0031324766849414568,0.014933806661787518,1800000,9000000,8726400000,484.80000000000007
808,0.8021760847015826,0.29833830471378264,0.0016064992178787992,0.014884110179733566,1800000,9000000,8737200000,485.4000000000001
809,0.802312824763529,0.29571556414780314,0.0010718804790946605,0.01483457907683474,1800000,9000000,8748000000,486.00000000000006
810,0.8023606527447467,0.29804308039410277,0.00041270348673784897,0.014785212802744946,1800000,9000000,8758800000,486.6000000000001
811,0.7994171645808055,0.29861994878637266,0.0014431662938473061,0.014736010808949521,1800000,9000000,8769600000,487.20000000000005
812,0.802395308885934,0.2930573397953847,0.0025972434400372245,0.014686972548759124,1800000,9000000,8780400000,487.80000000000007
813,0.8041693770166704,0.2942807656102765,0.0022510578449753543,0.014638097477303708,1800000,9000000,8791200000,488.4000000000001
814,0.7998825198833717,0.30407856572237646,0.0,0.014589385051526413,1800000,9000000,8802000000,489.00000000000006
815,0.798845899507652,0.30576332479338025,0.0035426930645157013,0.014540834730177563,1800000,9000000,8812800000,489.6000000000001
816,0.8005645747432741,0.2958867724415628,0.001353720125363814,0.014492445973808648,1800000,9000000,8823600000,490.20000000000005
817,0.8006275002365956,0.2984908808230328,0.0011991604571172992,0.014444218244766325,1800000,9000000,8834400000,490.80000000000007
818,0.8034743292799812,0.30119687704938997,0.0015771161824571333,0.01439615100718643,1800000,9000000,8845200000,491.4000000000001
819,0.8032551068901852,0.29902164304319495,0.0011515427229592354,0.014348243726988055,1800000,9000000,8856000000,492.00000000000006
820,0.8044400359132855,0.29327882029706553,0.0010509191683143564,0.014300495871867599,1800000,9000000,8866800000,492.6000000000001
821,0.8058176973052129,0.2967711603127127,0.0013785140958324125,0.01425290691129284,1800000,9000000,8877600000,493.20000000000005
822,0.8017324101280462,0.29707419840503246,0.0030210827841326343,0.014205476316497063,1800000,9000000,8888400000,493.80000000000007
823,0.8015406839485117,0.29986929632629433,0.0023394578515197875,0.014158203560473181,1800000,9000000,8899200000,494.4000000000001
824,0.8027300527815796,0.2944383725895598,0.0013401253735341643,0.014111088117967848,1800000,9000000,8910000000,495.00000000000006
825,0.8019655608800531,0.29571253777335926,0.0011190645885497345,0.014064129465475665,1800000,9000000,8920800000,495.6000000000001
826,0.8011606246737367,0.30395159441345976,0.002240486022420589,0.01401732708123335,1800000,9000000,8931600000,496.20000000000005
827,0.8020147613558077,0.29377999005207117,0.004056112596235141,0.013970680445213924,1800000,9000000,8942400000,496.80000000000007
828,0.8059560249394023,0.2976411792791332,0.00319369871057005,0.013924189039120962,1800000,9000000,8953200000,497.4000000000001
829,0.8039930704240318,0.29559629303281937,0.0027588700345056146,0.01387785234638279,1800000,9000000,8964000000,498.00000000000006
830,0.8025033015254003,0.3003029005470737,0.0035977103089174733,0.013831669852146802,1800000,9000000,8974800000,498.6000000000001
831,0.800946433367302,0.29575739556469455,0.0007520627517343346,0.013785641043273693,1800000,9000000,8985600000,499.20000000000005
832,0.8024204695935692,0.2993057102587819,0.0002727401524794345,0.01373976540833178,1800000,9000000,8996400000,499.80000000000007
833,0.8035825876260357,0.2972111471860874,0.001298616415801603,0.013694042437591319,1800000,9000000,9007200000,500.4000000000001
834,0.801577400000087,0.301359811988955,0.0008244038480798491,0.01364847162301883,1800000,9000000,9018000000,501.00000000000006
835,0.8042050759053532,0.29488932079612185,0.0008594485793177995,0.013603052458271453,1800000,9000000,9028800000,501.6000000000001
836,0.8015983019253565,0.29161232338395154,0.003916849108848564,0.013557784438691338,1800000,9000000,9039600000,502.2000000000001
837,0.7999519086712673,0.2983680341753942,0.0011330174009654265,0.013512667061300028,1800000,9000000,9050400000,502.80000000000007
838,0.8002362212295512,0.3022085979153054,0.0013032574849282707,0.013467699824792862,1800000,9000000,9061200000,503.4000000000001
839,0.8015950559838155,0.29664363812987865,0.000913654196814793,0.013422882229533415,1800000,9000000,9072000000,504.00000000000006
840,0.8006333729763032,0.29102923571990286,0.0009142926028888027,0.013378213777547955,1800000,9000000,9082800000,504.6000000000001
841,0.8027560175383781,0.2979498923030751,0.003910450486438051,0.013333693972519876,1800000,9000000,9093600000,505.2000000000001
842,0.8038514883755735,0.29810160838887173,0.00022649024982257212,0.013289322319784223,1800000,9000000,9104400000,505.80000000000007
843,0.8007951557926201,0.29919703519078744,0.0010394297158407128,0.01324509832632218,1800000,9000000,9115200000,506.4000000000001
844,0.7996444063660629,0.2996170105108411,0.002184438023104692,0.013201021500755583,1800000,9000000,9126000000,507.00000000000006
845,0.7988314475825958,0.3016186205786824,0.0006931460152424864,0.013157091353341475,1800000,9000000,9136800000,507.6000000000001
846,0.8014141751247824,0.2934114721339023,0.0,0.013113307395966662,1800000,9000000,9147600000,508.2000000000001
847,0.80116867465403,0.29789928572617685,0.0010168417952647728,0.01306966914214226,1800000,9000000,9158400000,508.80000000000007
848,0.8029585686770362,0.2971185078318512,0.002362119279416569,0.013026176106998346,1800000,9000000,9169200000,509.4000000000001
849,0.8034879244620579,0.29841779316932326,0.0005405397109320917,0.012982827807278526,1800000,9000000,9180000000,510.00000000000006
850,0.8024915739158954,0.29345296238563845,0.0009316782997063726,0.012939623761334574,1800000,9000000,9190800000,510.6000000000001
851,0.8013004060627485,0.3042443753149299,0.003002421216156104,0.012896563489121101,1800000,9000000,9201600000,511.2000000000001
852,0.8046390055138097,0.2963437650550699,0.0018180989562332662,0.012853646512190182,1800000,9000000,9212400000,511.80000000000007
853,0.8025558071113144,0.2872265618767735,0.0020171977146237656,0.012810872353686081,1800000,9000000,9223200000,512.4000000000001
854,0.8017235593209938,0.2965047044019439,0.0007142972304094099,0.012768240538339934,1800000,9000000,9234000000,513.0000000000001
855,0.8015658045102909,0.29707080382591083,0.0009660894850371267,0.01272575059246446,1800000,9000000,9244800000,513.6
856,0.8013264511845717,0.3031456186223433,0.0018787279080023345,0.012683402043948716,1800000,9000000,9255600000,514.2
857,0.8043478924054933,0.2955215587706323,0.0021580066373755556,0.012641194422252843,1800000,9000000,9266400000,514.8000000000001
858,0.8032793510876579,0.2982661212848666,0.0019442637458204838,0.012599127258402818,1800000,9000000,9277200000,515.4000000000001
859,0.8024521122376231,0.2951576609722125,0.0022637936748885388,0.012557200084985287,1800000,9000000,9288000000,516.0000000000001
860,0.801053941090194,0.29912168523034044,0.0019058161459276147,0.012515412436142334,1800000,9000000,9298800000,516.6
861,0.8040269162111756,0.2964617728725787,0.0016467809221584954,0.012473763847566318,1800000,9000000,9309600000,517.2
862,0.8017763995099909,0.30330929024470465,0.0014227907647808508,0.01243225385649472,1800000,9000000,9320400000,517.8000000000001
863,0.8022434077043127,0.2999942930008603,0.0003854175839069706,0.012390882001704991,1800000,9000000,9331200000,518.4000000000001
864,0.8025620673997836,0.29973632929859845,0.0012531629420570844,0.01234964782350942,1800000,9000000,9342000000,519.0000000000001
865,0.8023980275648551,0.29939071524208016,0.0007852019457929367,0.012308550863750054,1800000,9000000,9352800000,519.6
866,0.8052046400480146,0.2967521752799778,9.367302686574906e-05,0.012267590665793582,1800000,9000000,9363600000,520.2
867,0.8039877604551277,0.2936935575406987,0.0023474247688426786,0.012226766774526273,1800000,9000000,9374400000,520.8000000000001
868,0.8025315661137827,0.29880388239085803,0.0006813032373538267,0.012186078736348917,1800000,9000000,9385200000,521.4000000000001
869,0.8015087146627125,0.3000477835833262,0.0014983669918508919,0.012145526099171784,1800000,9000000,9396000000,522.0000000000001
870,0.8014998903538192,0.29552172854028846,0.0007053793435360785,0.01210510841240959,1800000,9000000,9406800000,522.6
871,0.801730609700658,0.29585177229170095,0.0011567086947834274,0.01206482522697652,1800000,9000000,9417600000,523.2
872,0.8030207153708067,0.29482390361573196,0.0017733902846051972,0.012024676095281203,1800000,9000000,9428400000,523.8000000000001
873,0.8011882108811023,0.29765693891643974,0.0025966955550029694,0.011984660571221769,1800000,9000000,9439200000,524.4000000000001
874,0.804447328067392,0.295386986535325,0.0008994637588140004,0.011944778210180869,1800000,9000000,9450000000,525.0000000000001
875,0.8010975028394254,0.29992901324669746,0.0013639712001703376,0.011905028569020754,1800000,9000000,9460800000,525.6
876,0.803719284730312,0.29461242063241033,0.0006762008272763997,0.011865411206078324,1800000,9000000,9471600000,526.2
877,0.8027440726361428,0.2958280224639707,0.0014700480329612265,0.011825925681160258,1800000,9000000,9482400000,526.8000000000001
878,0.8013968288181239,0.2989165885357246,0.002071672474796198,0.01178657155553809,1800000,9000000,9493200000,527.4000000000001
879,0.8029383049340969,0.30041572611146145,0.0017251452683407166,0.01174734839194336,1800000,9000000,9504000000,528.0000000000001
880,0.8012500152050794,0.2990394095228668,0.0038064723663325147,0.011708255754562732,1800000,9000000,9514800000,528.6
881,0.8016870068588369,0.3016828529474216,0.00036420588237647206,0.011669293209033163,1800000,9000000,9525600000,529.2
882,0.8033890040481909,0.2992781890063233,0.002125239464721251,0.011630460322437081,1800000,9000000,9536400000,529.8000000000001
883,0.8017268485733273,0.3002922925317987,0.0011827197550990996,0.01159175666329757,1800000,9000000,9547200000,530.4000000000001
884,0.8013373249727057,0.29868994335900534,0.0008220126521692402,0.011553181801573576,1800000,9000000,9558000000,531.0000000000001
885,0.7993631926483756,0.29867533747312813,0.0,0.011514735308655124,1800000,9000000,9568800000,531.6
886,0.8005770295497839,0.3031243472616653,0.002179992009869327,0.011476416757358571,1800000,9000000,9579600000,532.2
887,0.8004457891346943,0.3011112226277193,0.0006753245001987403,0.011438225721921835,1800000,9000000,9590400000,532.8000000000001
888,0.8014123942027159,0.2935771245735536,0.0010065840215906837,0.011400161777999683,1800000,9000000,9601200000,533.4000000000001
889,0.8034290716924295,0.29483534255296046,0.0004138483702508134,0.01136222450265902,1800000,9000000,9612000000,534.0000000000001
890,0.8040925175762254,0.2985617446318118,0.001792204414915474,0.011324413474374167,1800000,9000000,9622800000,534.6
891,0.8052085817664932,0.29016310052861644,0.0005338546652639888,0.011286728273022203,1800000,9000000,9633600000,535.2
892,0.8047350604809645,0.2953896411095078,0.0011103171428096994,0.011249168479878289,1800000,9000000,9644400000,535.8000000000001
893,0.803490062862884,0.29497434086789764,0.002911228462181189,0.011211733677610984,1800000,9000000,9655200000,536.4000000000001
894,0.8026460445761809,0.30038031282866257,0.0,0.01117442345027767,1800000,9000000,9666000000,537.0000000000001
895,0.8038960794182164,0.2980101851839917,0.001434233584689326,0.011137237383319877,1800000,9000000,9676800000,537.6000000000001
896,0.8008470474695103,0.2988841119862579,0.0013643057507288193,0.011100175063558702,1800000,9000000,9687600000,538.2
897,0.8001543054176594,0.2966905447879773,0.0026795245605602783,0.01106323607919021,1800000,9000000,9698400000,538.8000000000001
898,0.7997888752539701,0.3005466105788183,0.0013014428956844082,0.011026420019780866,1800000,9000000,9709200000,539.4000000000001
899,0.8023235095436627,0.2933735443486799,0.0029196132405189057,0.010989726476262956,1800000,9000000,9720000000,540.0000000000001
900,0.803047233087353,0.2987233873315192,0.0024127923584479523,0.010953155040930068,1800000,9000000,9730800000,540.6000000000001
901,0.8031906233898649,0.2979188353556079,0.002466824339886785,0.010916705307432543,1800000,9000000,9741600000,541.2
902,0.8027028801254427,0.29384136450752574,0.0004020535895489329,0.010880376870772968,1800000,9000000,9752400000,541.8000000000001
903,0.8030867251485047,0.3004785774962379,0.00046877102402216586,0.010844169327301678,1800000,9000000,9763200000,542.4000000000001
904,0.8024079165528718,0.30060438061626277,0.0024624283242720567,0.010808082274712251,1800000,9000000,9774000000,543.0000000000001
905,0.8034571854762931,0.2995755944829895,0.003064111963525592,0.010772115312037072,1800000,9000000,9784800000,543.6000000000001
906,0.8049828019085046,0.2950412188106106,0.0024117333765838514,0.010736268039642852,1800000,9000000,9795600000,544.2
907,0.8022693962059254,0.2963854322848822,0.0002092226387433629,0.010700540059226191,1800000,9000000,9806400000,544.8000000000001
908,0.8001202225952502,0.293861170348571,0.002303046196871785,0.010664930973809168,1800000,9000000,9817200000,545.4000000000001
909,0.8011394037388271,0.29504692053125975,0.0013059143794457856,0.010629440387734914,1800000,9000000,9828000000,546.0000000000001
910,0.7998479256666094,0.2987752085690025,0.0009704783389932555,0.010594067906663207,1800000,9000000,9838800000,546.6000000000001
911,0.8026747769638355,0.30016314630563856,0.0002814663178485507,0.010558813137566122,1800000,9000000,9849600000,547.2
912,0.802949495176906,0.3029752520828024,0.002455349337487028,0.01052367568872364,1800000,9000000,9860400000,547.8000000000001
913,0.8015001232777377,0.30050759164557544,0.0018563473629864265,0.010488655169719302,1800000,9000000,9871200000,548.4000000000001
914,0.8029012045861312,0.29709492978562485,0.0,0.010453751191435868,1800000,9000000,9882000000,549.0000000000001
915,0.8030473688885976,0.29650327888242406,0.0,0.010418963366051004,1800000,9000000,9892800000,549.6000000000001
916,0.8040791768529452,0.29371113654895376,0.0007579805853615742,0.01038429130703295,1800000,9000000,9903600000,550.2
917,0.799378620807206,0.29991130430253193,0.0,0.010349734629136251,1800000,9000000,9914400000,550.8000000000001
918,0.8012361975050714,0.29928125746098255,0.0005489824785331123,0.010315292948397467,1800000,9000000,9925200000,551.4000000000001
919,0.8013529572895944,0.30017920246393653,0.0007081412587930116,0.0102809658821309,1800000,9000000,9936000000,552.0000000000001
920,0.8032805585605882,0.2971851615293241,0.0004256494602749995,0.010246753048924351,1800000,9000000,9946800000,552.6000000000001
921,0.8019735278523719,0.3005896737739095,0.0033279652142958523,0.010212654068634879,1800000,9000000,9957600000,553.2
922,0.804118116545731,0.2944853599632407,0.0007538754483703068,0.010178668562384568,1800000,9000000,9968400000,553.8000000000001
923,0.80457776790332,0.29490276085117334,0.0011410569289014923,0.010144796152556337,1800000,9000000,9979200000,554.4000000000001
924,0.802437425126501,0.29490484578780535,0.0,0.010111036462789725,1800000,9000000,9990000000,555.0000000000001
925,0.800988743732202,0.30208227408030386,0.001140597456308447,0.010077389117976725,1800000,9000000,10000800000,555.6000000000001
926,0.8028044892149329,0.2996451599867795,0.001040253062186801,0.010043853744257604,1800000,9000000,10011600000,556.2
927,0.7991535299139221,0.30199564783765104,0.001537695908796123,0.010010429969016745,1800000,9000000,10022400000,556.8000000000001
928,0.8038843366465858,0.29787446522317407,0.0016640519618516575,0.009977117420878534,1800000,9000000,10033200000,557.4000000000001
929,0.8008251027231146,0.2967471023431309,0.002246824025410309,0.009943915729703197,1800000,9000000,10044000000,558.0000000000001
930,0.8017821478603764,0.2954880223665661,0.001483089040969114,0.009910824526582717,1800000,9000000,10054800000,558.6000000000001
931,0.803541074148687,0.29780602331754685,0.002009702916140687,0.009877843443836716,1800000,9000000,10065600000,559.2
932,0.800028996457018,0.3020537006650549,0.0004892303410805583,0.009844972115008389,1800000,9000000,10076400000,559.8000000000001
933,0.8012831417582418,0.299449075945938,0.0021022116447215865,0.009812210174860397,1800000,9000000,10087200000,560.4000000000001
934,0.801007494880968,0.2958925642123416,0.00408640781536815,0.009779557259370852,1800000,9000000,10098000000,561.0000000000001
935,0.802507927691008,0.2926799423245017,0.0,0.00974701300572925,1800000,9000000,10108800000,561.6000000000001
936,0.7969962423562374,0.3052996767572052,0.0009224306613218489,0.009714577052332429,1800000,9000000,10119600000,562.2
937,0.8030203745698781,0.2990831838082159,0.00012249070548787857,0.00968224903878058,1800000,9000000,10130400000,562.8000000000001
938,0.8042875318601381,0.29425614719066984,0.0,0.009650028605873223,1800000,9000000,10141200000,563.4000000000001
939,0.8010988487583642,0.30209523851663,0.0018829408013504832,0.009617915395605208,1800000,9000000,10152000000,564.0000000000001
940,0.8017851968789254,0.2993862456230588,0.001289407966048285,0.009585909051162758,1800000,9000000,10162800000,564.6000000000001
941,0.8028528413579271,0.29508270989730034,0.0020311861150405135,0.009554009216919498,1800000,9000000,10173600000,565.2
942,0.8025598249238141,0.29865813972646743,0.000721030024414643,0.009522215538432497,1800000,9000000,10184400000,565.8000000000001
943,0.8038630235449887,0.29811672626751523,0.00233686580034199,0.009490527662438332,1800000,9000000,10195200000,566.4000000000001
944,0.8025554571181686,0.29772774812044484,0.0015577657905381736,0.00945894523684917,1800000,9000000,10206000000,567.0000000000001
945,0.8042620393652438,0.29651038826336606,0.001056462291507226,0.009427467910748841,1800000,9000000,10216800000,567.6000000000001
946,0.8036205931433904,0.2958925042762111,0.0014744989577131465,0.009396095334388952,1800000,9000000,10227600000,568.2
947,0.8028666964867265,0.29440769273173595,0.0026066730625298176,0.009364827159185005,1800000,9000000,10238400000,568.8000000000001
948,0.8029745855945456,0.2930827795310864,0.0006134612857106745,0.009333663037712504,1800000,9000000,10249200000,569.4000000000001
949,0.8016702769389947,0.29933085325987535,0.0,0.009302602623703115,1800000,9000000,10260000000,570.0000000000001
950,0.8025245429704849,0.29531027496016765,0.0022007769636615466,0.009271645572040809,1800000,9000000,10270800000,570.6000000000001
951,0.8011043164128542,0.30101427558228816,0.0021404137513408947,0.00924079153875802,1800000,9000000,10281600000,571.2
952,0.8056939619921323,0.2959048309442853,0.0009177630557730522,0.009210040181031845,1800000,9000000,10292400000,571.8000000000001
953,0.8016675298975413,0.30020149711159133,0.00045746840327262953,0.009179391157180212,1800000,9000000,10303200000,572.4000000000001
954,0.8023017897405103,0.29497606438618873,0.002299572935449163,0.009148844126658095,1800000,9000000,10314000000,573.0000000000001
955,0.8039931568936549,0.2974792518438733,0.0019941453472829994,0.009118398750053738,1800000,9000000,10324800000,573.6000000000001
956,0.8008923035183775,0.3032897885533878,0.0030462188070358954,0.009088054689084853,1800000,9000000,10335600000,574.2
957,0.8023622049415247,0.2948699481200761,2.1072536523278947e-05,0.009057811606594903,1800000,9000000,10346400000,574.8000000000001
958,0.8009167121951994,0.2914629880218371,0.00023007686385335415,0.009027669166549323,1800000,9000000,10357200000,575.4000000000001
959,0.7999530524830504,0.29974310966169304,0.0014112652230659746,0.008997627034031805,1800000,9000000,10368000000,576.0000000000001
960,0.801567276705001,0.3028474451974573,0.001082051492175992,0.008967684875240566,1800000,9000000,10378800000,576.6000000000001
961,0.800614636512007,0.3037127960328567,0.0008550099675871748,0.00893784235748465,1800000,9000000,10389600000,577.2
962,0.8040017577014573,0.29923370499914403,0.001250313133099499,0.008908099149180209,1800000,9000000,10400400000,577.8000000000001
963,0.8030572513077293,0.29729883241220173,0.0001645699158281214,0.008878454919846852,1800000,9000000,10411200000,578.4000000000001
964,0.8011076829373603,0.2986340275531484,0.0009911553785184248,0.008848909340103947,1800000,9000000,10422000000,579.0000000000001
965,0.8016874456330068,0.29475233964658915,0.0,0.00881946208166697,1800000,9000000,10432800000,579.6000000000001
966,0.8006072880548499,0.3032311481576189,0.0013473628212574808,0.008790112817343857,1800000,9000000,10443600000,580.2
967,0.8015428871101972,0.2997644482699586,0.0007307177671129988,0.008760861221031375,1800000,9000000,10454400000,580.8000000000001
968,0.8017972565724013,0.2928159154268385,0.0007851992212668393,0.008731706967711477,1800000,9000000,10465200000,581.4000000000001
969,0.8008538769399075,0.2995288572508486,0.0,0.008702649733447719,1800000,9000000,10476000000,582.0000000000001
970,0.8020642172194661,0.30138211835835244,0.00200015461853055,0.008673689195381645,1800000,9000000,10486800000,582.6000000000001
971,0.8008871242531173,0.302492084331698,0.0,0.0086448250317292,1800000,9000000,10497600000,583.2
972,0.8010442710936453,0.3032674545165907,0.0,0.008616056921777155,1800000,9000000,10508400000,583.8000000000001
973,0.8038168563668993,0.29638179434342643,0.0009378511280552701,0.008587384545879555,1800000,9000000,10519200000,584.4000000000001
974,0.8025000179482109,0.29815192190978923,0.00017270223774335143,0.00855880758545414,1800000,9000000,10530000000,585.0000000000001
975,0.7995849082676098,0.29490053380155423,0.0008225020572864872,0.008530325722978842,1800000,9000000,10540800000,585.6000000000001
976,0.8007451964467567,0.29804709450917827,0.0009835191995040827,0.008501938641988227,1800000,9000000,10551600000,586.2
977,0.8024734448467739,0.29827806445996874,0.0014822911516549965,0.00847364602706999,1800000,9000000,10562400000,586.8000000000001
978,0.8042415682378855,0.29791257643198454,0.002614883515830663,0.008445447563861456,1800000,9000000,10573200000,587.4000000000001
979,0.8021597279864666,0.2979450862949675,0.0011847111066119115,0.008417342939046071,1800000,9000000,10584000000,588.0000000000001
980,0.8033506326030043,0.29558460573448625,0.00043033592586057506,0.008389331840349944,1800000,9000000,10594800000,588.6000000000001
981,0.8031998149074366,0.29041998529653756,0.0006074595548476165,0.008361413956538348,1800000,9000000,10605600000,589.2
982,0.8053316845772994,0.2928035561409014,0.0015691008910649292,0.008333588977412296,1800000,9000000,10616400000,589.8000000000001
983,0.7996650298529926,0.2999942309481848,0.0,0.008305856593805061,1800000,9000000,10627200000,590.4000000000001
984,0.8025721421931623,0.29388543844058845,0.0,0.008278216497578768,1800000,9000000,10638000000,591.0000000000001
985,0.8027760694408274,0.29627231114301056,2.3000927834253672e-05,0.008250668381620944,1800000,9000000,10648800000,591.6000000000001
986,0.8048193878571668,0.29261366233334163,0.0001874735881499958,0.008223211939841133,1800000,9000000,10659600000,592.2
987,0.8014154250559485,0.30151901390791813,0.002106121662102378,0.008195846867167478,1800000,9000000,10670400000,592.8000000000001
988,0.8043492068304329,0.29829866439361596,0.0,0.008168572859543331,1800000,9000000,10681200000,593.4000000000001
989,0.804534348028159,0.30201308595357773,0.0009398345884087389,0.008141389613923886,1800000,9000000,10692000000,594.0000000000001
990,0.8008171834836709,0.29512086046411784,0.0023554535313696514,0.008114296828272803,1800000,9000000,10702800000,594.6000000000001
991,0.8034088397907097,0.29920125537999825,0.0009947002906976494,0.008087294201558844,1800000,9000000,10713600000,595.2
992,0.8053501855601768,0.2957187749412304,0.0,0.00806038143375255,1800000,9000000,10724400000,595.8000000000001
993,0.8015885001491457,0.2969168043184096,0.0025862499374480884,0.008033558225822888,1800000,9000000,10735200000,596.4000000000001
994,0.8046934921786139,0.29070714801613934,0.0,0.008006824279733942,1800000,9000000,10746000000,597.0000000000001
995,0.8033915119468139,0.2967457256077114,0.0,0.00798017929844159,1800000,9000000,10756800000,597.6000000000001
996,0.8020405216401304,0.29788840160080904,0.0017687566224580875,0.007953622985890214,1800000,9000000,10767600000,598.2
997,0.8012578626828907,0.3034820203748706,0.0,0.007927155047009393,1800000,9000000,10778400000,598.8000000000001
998,0.8020753201033904,0.3008832563130771,0.0022319263109394777,0.007900775187710651,1800000,9000000,10789200000,599.4000000000001
999,0.803736113859388,0.29894284844784336,0.0004557641470508428,0.007874483114884165,1800000,9000000,10800000000,600.0000000000001
