round,test_accuracy,train_objective,mfg,hfr_tau,downlink_bytes,uplink_bytes,cumulative_serialized_bytes,single_device_elapsed_seconds
0,0.5051744194173222,0.5910117469376435,0.03012281714889975,0.22,1800000,3600000,5400000,0.5700000000000001
1,0.5094631507140527,0.5935673553792802,0.030600665873222622,0.2192678875319951,1800000,3600000,10800000,1.1400000000000001
2,0.5157749040109096,0.5852128024268592,0.029619542019287615,0.21853821137610757,1800000,3600000,16200000,1.7100000000000002
3,0.5174666167253454,0.5799775750508782,0.029339147871973732,0.21781096342481698,1800000,3600000,21600000,2.2800000000000002
4,0.5270935419221507,0.5737766938845952,0.028916620611247307,0.21708613559758305,1800000,3600000,27000000,2.8500000000000005
5,0.5316129254333459,0.5711209096921549,0.030222081946318327,0.21636371984075584,1800000,3600000,32400000,3.4200000000000004
6,0.53308401685834,0.5651589941709075,0.029895717624113624,0.21564370812748615,1800000,3600000,37800000,3.99
7,0.5403673960001149,0.5572145748040718,0.029021247033066383,0.21492609245763647,1800000,3600000,43200000,4.5600000000000005
8,0.5416965999865251,0.5612762795977873,0.02893193523596834,0.2142108648576919,1800000,3600000,48600000,5.130000000000001
9,0.5478085744609815,0.5483464159984346,0.028126853952559334,0.21349801738067178,1800000,3600000,54000000,5.700000000000001
10,0.5518118220750514,0.5432751439598404,0.028775589309149082,0.2127875421060413,1800000,3600000,59400000,6.2700000000000005
11,0.5561363784300957,0.5451340735043944,0.027052838757522797,0.21207943113962338,1800000,3600000,64800000,6.840000000000001
12,0.5590464183032922,0.5419229877513376,0.02797988984141099,0.2113736766135111,1800000,3600000,70200000,7.410000000000001
13,0.5622245886967296,0.5368786374644914,0.027784613264914774,0.2106702706859803,1800000,3600000,75600000,7.98
14,0.5646710618803539,0.5353139905860973,0.02693107431915501,0.20996920554140228,1800000,3600000,81000000,8.55
15,0.5715789297531818,0.5308119826842191,0.028092266492270958,0.20927047339015709,1800000,3600000,86400000,9.120000000000001
16,0.5757168141700468,0.5282679886567626,0.02820050606511484,0.208574066468547,1800000,3600000,91800000,9.690000000000001
17,0.5779011636845475,0.52485068433849,0.02899680947416966,0.2078799770387102,1800000,3600000,97200000,10.260000000000002
18,0.5829716797375367,0.519822962527055,0.027901378537702273,0.20718819738853472,1800000,3600000,102600000,10.830000000000002
19,0.5835809605159796,0.5155931474345059,0.02777124346025298,0.2064987198315729,1800000,3600000,108000000,11.400000000000002
20,0.5863508069631723,0.5178307631399555,0.027409441267156665,0.2058115367069559,1800000,3600000,113400000,11.97
21,0.5944128506272197,0.5042253038367399,0.02824959484839526,0.2051266403793086,1800000,3600000,118800000,12.540000000000001
22,0.5969110243500434,0.5024001315199612,0.026925834488343726,0.20444402323866478,1800000,3600000,124200000,13.110000000000001
23,0.5972203249295237,0.5044365340710095,0.0275942858504867,0.20376367770038248,1800000,3600000,129600000,13.680000000000001
24,0.6030456804641117,0.49296993366058645,0.028810707593800746,0.20308559620505987,1800000,3600000,135000000,14.250000000000002
25,0.6064517975850848,0.492060509805448,0.027716523670864607,0.20240977121845113,1800000,3600000,140400000,14.820000000000002
26,0.6087282439160491,0.48951233134640926,0.029141576573370676,0.20173619523138275,1800000,3600000,145800000,15.390000000000002
27,0.6118456747838893,0.48563492593765406,0.026059212774961555,0.2010648607596702,1800000,3600000,151200000,15.96
28,0.6127527306213209,0.4816304376127443,0.02786372991084105,0.20039576034403467,1800000,3600000,156600000,16.53
29,0.6177694232185917,0.4813571839176932,0.027100478413674665,0.19972888655002022,1800000,3600000,162000000,17.1
30,0.6213560437093044,0.4807130440819057,0.0256096270208509,0.1990642319679111,1800000,3600000,167400000,17.67
31,0.6232212402634428,0.4745733661911005,0.026521394513102734,0.19840178921264964,1800000,3600000,172800000,18.240000000000002
32,0.6262817583583643,0.4763407293916438,0.025882122247786424,0.19774155092375395,1800000,3600000,178200000,18.810000000000002
33,0.6280490607854988,0.4667060567599475,0.027653594499591837,0.1970835097652362,1800000,3600000,183600000,19.380000000000003
34,0.6334405771382089,0.4604788022951309,0.025088819068070606,0.19642765842552126,1800000,3600000,189000000,19.950000000000003
35,0.6389017954160344,0.4582980550091476,0.025368398075185285,0.19577398961736522,1800000,3600000,194400000,20.520000000000003
36,0.6358612665567239,0.4631572749295062,0.02640894541203114,0.19512249607777465,1800000,3600000,199800000,21.090000000000003
37,0.6399178234205157,0.4572375011692741,0.026383406726891045,0.1944731705679257,1800000,3600000,205200000,21.660000000000004
38,0.6443612120020019,0.45988372906444647,0.025187149273669652,0.1938260058730838,1800000,3600000,210600000,22.230000000000004
39,0.6461071776191726,0.4544570975873609,0.027085722558744137,0.1931809948025235,1800000,3600000,216000000,22.800000000000004
40,0.6461081189372013,0.45265087970377665,0.027236951871791433,0.19253813018944846,1800000,3600000,221400000,23.37
41,0.6499518562151513,0.4468228553639678,0.02663181055164892,0.19189740489091192,1800000,3600000,226800000,23.94
42,0.65314918066659,0.4462011538992444,0.024443156612067963,0.1912588117877373,1800000,3600000,232200000,24.51
43,0.6564802406212494,0.44904030799799627,0.024796118775163165,0.1906223437844391,1800000,3600000,237600000,25.080000000000002
44,0.6556193647395627,0.44310452628200286,0.026320670250579194,0.1899879938091441,1800000,3600000,243000000,25.650000000000002
45,0.6619707570506683,0.43436831059163167,0.02644813608764044,0.18935575481351272,1800000,3600000,248400000,26.220000000000002
46,0.6639869830925842,0.43554160938868336,0.025444132396158326,0.1887256197726607,1800000,3600000,253800000,26.790000000000003
47,0.6666187219628712,0.43188352908143407,0.026436165968682687,0.1880975816850811,1800000,3600000,259200000,27.360000000000003
48,0.6660731517286251,0.4328822493113981,0.02300459125074878,0.1874716335725665,1800000,3600000,264600000,27.930000000000003
49,0.6694501856370618,0.425763072024281,0.024199864781618115,0.18684776848013143,1800000,3600000,270000000,28.500000000000004
50,0.6711934954374672,0.42502465484231816,0.023021754774312602,0.1862259794759351,1800000,3600000,275400000,29.070000000000004
51,0.6735634459479415,0.4288202822608365,0.024873305189493176,0.18560625965120442,1800000,3600000,280800000,29.640000000000004
52,0.6776475813025541,0.42162724155307324,0.026094473200931396,0.18498860212015716,1800000,3600000,286200000,30.210000000000004
53,0.6764805863540423,0.42599303730192295,0.022647324709950217,0.18437300001992551,1800000,3600000,291600000,30.780000000000005
54,0.6782308631186102,0.4239396108115383,0.025480523682384616,0.18375944651047985,1800000,3600000,297000000,31.350000000000005
55,0.6812319557120307,0.4207319259474635,0.023026501298321202,0.1831479347745526,1800000,3600000,302400000,31.92
56,0.6835448037573956,0.4204620645306586,0.023719770733881256,0.18253845801756263,1800000,3600000,307800000,32.49
57,0.6832180166436421,0.41589388856630954,0.024394312321044342,0.1819310094675397,1800000,3600000,313200000,33.06
58,0.6862255971527574,0.4089805696821929,0.024746651381319387,0.18132558237504928,1800000,3600000,318600000,33.63
59,0.6889636446834755,0.408883778064428,0.023151960029630256,0.18072217001311738,1800000,3600000,324000000,34.2
60,0.6894728719859112,0.41279030893316954,0.021993736137911557,0.18012076567715601,1800000,3600000,329400000,34.77
61,0.690109801125336,0.4108673817864201,0.024869545715582173,0.1795213626848886,1800000,3600000,334800000,35.34
62,0.6938303752688538,0.4059652220893579,0.023675008893104435,0.17892395437627573,1800000,3600000,340200000,35.910000000000004
63,0.6923600533233234,0.40114446530910686,0.022046093328042537,0.17832853411344116,1800000,3600000,345600000,36.480000000000004
64,0.6975213403716067,0.4059141012484342,0.02142421184686797,0.17773509528059805,1800000,3600000,351000000,37.050000000000004
65,0.698300697489714,0.4088690574894706,0.02407512282775482,0.17714363128397553,1800000,3600000,356400000,37.620000000000005
66,0.6989632690740428,0.40170939438250713,0.024257762881219464,0.17655413555174526,1800000,3600000,361800000,38.190000000000005
67,0.6990900943347728,0.3999199935664014,0.022203707292733865,0.17596660153394866,1800000,3600000,367200000,38.760000000000005
68,0.7052797169791332,0.3902813998653571,0.023852941696784556,0.1753810227024239,1800000,3600000,372600000,39.330000000000005
69,0.7076373942729721,0.3881777433184563,0.022943081546352533,0.17479739255073348,1800000,3600000,378000000,39.900000000000006
70,0.7056437793653036,0.39661099032183017,0.023924550286502297,0.17421570459409197,1800000,3600000,383400000,40.470000000000006
71,0.7080742218882713,0.3913179822197128,0.02088968305448975,0.17363595236929383,1800000,3600000,388800000,41.040000000000006
72,0.7067869403517341,0.3923984252538044,0.022752072255941235,0.17305812943464177,1800000,3600000,394200000,41.61000000000001
73,0.7105224225857388,0.3876190246240706,0.021922789487222042,0.17248222936987492,1800000,3600000,399600000,42.18000000000001
74,0.713442166024844,0.38876826774475487,0.023509470150609862,0.1719082457760978,1800000,3600000,405000000,42.75000000000001
75,0.7139432316502224,0.388690320827809,0.02263680412904043,0.17133617227570908,1800000,3600000,410400000,43.32000000000001
76,0.7166505287418752,0.3802603696964688,0.022827957200031397,0.17076600251233054,1800000,3600000,415800000,43.89000000000001
77,0.7170235245010579,0.38276737001900835,0.02144909211385671,0.17019773015073678,1800000,3600000,421200000,44.46000000000001
78,0.7186220655561036,0.38648621869359057,0.021711116933733305,0.16963134887678458,1800000,3600000,426600000,45.03000000000001
79,0.7211650525554592,0.3804041938291229,0.02060632216555362,0.16906685239734287,1800000,3600000,432000000,45.60000000000001
80,0.7235651830392584,0.37518408413903587,0.02231330677402485,0.16850423444022272,1800000,3600000,437400000,46.17
81,0.7199514380461599,0.3823285257355676,0.021952677796743193,0.1679434887541077,1800000,3600000,442800000,46.74
82,0.7239592455051641,0.3715400467595413,0.021489714100731423,0.16738460910848446,1800000,3600000,448200000,47.31
83,0.7242146572491528,0.3771978936251289,0.02002957374512896,0.16682758929357333,1800000,3600000,453600000,47.88
84,0.7255208253887885,0.3693372127129402,0.021032657428456916,0.1662724231202596,1800000,3600000,459000000,48.45
85,0.7248483270241411,0.3772482996592926,0.022826409200830285,0.1657191044200245,1800000,3600000,464400000,49.02
86,0.7287802877737228,0.37208405628575025,0.021094193845210687,0.16516762704487678,1800000,3600000,469800000,49.59
87,0.7284153194070402,0.3669805316742428,0.022633185428761114,0.16461798486728435,1800000,3600000,475200000,50.160000000000004
88,0.7306848413964678,0.3710715421466398,0.019167861527742525,0.16407017178010627,1800000,3600000,480600000,50.730000000000004
89,0.7330076168523867,0.36993847752762016,0.020977907784001874,0.16352418169652483,1800000,3600000,486000000,51.300000000000004
90,0.7372720823335968,0.3620719596721644,0.020890617105814357,0.16298000854997793,1800000,3600000,491400000,51.870000000000005
91,0.7298335584591726,0.36647329782880184,0.022657397176628756,0.16243764629409166,1800000,3600000,496800000,52.440000000000005
92,0.734542683264573,0.37177419754599594,0.019724648102562463,0.16189708890261317,1800000,3600000,502200000,53.010000000000005
93,0.7332994579694323,0.3659450038136965,0.020220179267518498,0.16135833036934363,1800000,3600000,507600000,53.580000000000005
94,0.7376031721295015,0.36830049184120517,0.020905810877072394,0.1608213647080716,1800000,3600000,513000000,54.150000000000006
95,0.7378656796480968,0.363503531360238,0.019487869987191694,0.16028618595250646,1800000,3600000,518400000,54.720000000000006
96,0.7376848112442157,0.3679703545093478,0.01890612077021739,0.159752788156212,1800000,3600000,523800000,55.290000000000006
97,0.7375853960878579,0.3659517785276972,0.02042099846319325,0.15922116539254064,1800000,3600000,529200000,55.86000000000001
98,0.737981970059471,0.3666814449308614,0.01845204093119592,0.15869131175456724,1800000,3600000,534600000,56.43000000000001
99,0.7401871385511564,0.3605989782529139,0.018572706332889627,0.15816322135502375,1800000,3600000,540000000,57.00000000000001
100,0.7420691775206875,0.3606528899349768,0.020513604572702276,0.15763688832623365,1800000,3600000,545400000,57.57000000000001
101,0.7402647112302156,0.3578450648563246,0.018931101550887133,0.1571123068200467,1800000,3600000,550800000,58.14000000000001
102,0.7446387460433556,0.3515522268561537,0.019093354207118062,0.15658947100777412,1800000,3600000,556200000,58.71000000000001
103,0.7442554168493742,0.3620158900829539,0.019752334776118995,0.1560683750801238,1800000,3600000,561600000,59.28000000000001
104,0.7434388448364145,0.35834738065211313,0.020748253532625553,0.1555490132471355,1800000,3600000,567000000,59.85000000000001
105,0.7425909290176937,0.3616666410703971,0.02076019725352759,0.15503137973811695,1800000,3600000,572400000,60.42000000000001
106,0.7483629064484475,0.3492588944633908,0.020588960126898516,0.15451546880157935,1800000,3600000,577800000,60.99000000000001
107,0.745501267697472,0.35220861763947425,0.01910584523398201,0.15400127470517364,1800000,3600000,583200000,61.56000000000001
108,0.747008794862636,0.35479574152940857,0.01815942702093722,0.15348879173562682,1800000,3600000,588600000,62.13000000000001
109,0.747519321778556,0.34983305599230574,0.020301517442216116,0.1529780141986784,1800000,3600000,594000000,62.70000000000001
110,0.7481514262544072,0.3512994124756705,0.01826696518541867,0.15246893641901713,1800000,3600000,599400000,63.27000000000001
111,0.7509279660538773,0.3518795132447909,0.020389981333261423,0.15196155274021803,1800000,3600000,604800000,63.84
112,0.7505197261505553,0.34587906178776323,0.02010924324577755,0.1514558575246794,1800000,3600000,610200000,64.41000000000001
113,0.7500905293702191,0.34919909021736295,0.018370629034311477,0.1509518451535604,1800000,3600000,615600000,64.98
114,0.753727608405144,0.3425084414596647,0.020776972795910988,0.15044951002671828,1800000,3600000,621000000,65.55000000000001
115,0.7530817290506981,0.34655065167414884,0.0181692018256041,0.14994884656264654,1800000,3600000,626400000,66.12
116,0.7506258636062506,0.3476233326810957,0.018819138995878837,0.14944984919841262,1800000,3600000,631800000,66.69000000000001
117,0.7520878870200811,0.35159312171227725,0.018361424764466207,0.14895251238959623,1800000,3600000,637200000,67.26
118,0.7545217143737379,0.3474087794634666,0.019218736518446015,0.1484568306102277,1800000,3600000,642600000,67.83000000000001
119,0.7549112653885075,0.3433497725911381,0.018872378159925776,0.14796279835272666,1800000,3600000,648000000,68.4
120,0.7553913297352124,0.3426964857075944,0.018427183602579028,0.14747041012784065,1800000,3600000,653400000,68.97000000000001
121,0.7578164828579077,0.3396805808517557,0.016905328510317334,0.14697966046458436,1800000,3600000,658800000,69.54
122,0.757114311128358,0.3394063114194632,0.018714972409343295,0.14649054391017868,1800000,3600000,664200000,70.11000000000001
123,0.7614685751420132,0.3351838287428722,0.017447787491397054,0.14600305502999028,1800000,3600000,669600000,70.68
124,0.7578212702895761,0.3439957042967357,0.01891743713067708,0.14551718840747094,1800000,3600000,675000000,71.25000000000001
125,0.7606412093173098,0.3486506258188096,0.020116502654571915,0.14503293864409764,1800000,3600000,680400000,71.82000000000001
126,0.7624131676232042,0.33310449150773824,0.018811990055433186,0.1445503003593125,1800000,3600000,685800000,72.39000000000001
127,0.7594550179184506,0.33851364304496334,0.018908590608619293,0.14406926819046292,1800000,3600000,691200000,72.96000000000001
128,0.7623408031002442,0.3407418329321339,0.019188594544930233,0.14358983679274215,1800000,3600000,696600000,73.53
129,0.7609699279972264,0.34017582385250367,0.017563062901083542,0.14311200083912964,1800000,3600000,702000000,74.10000000000001
130,0.7640330672595643,0.33210248079375093,0.01782521341674613,0.14263575502033213,1800000,3600000,707400000,74.67
131,0.7626113499751067,0.3344046380696178,0.017499707370919364,0.14216109404472455,1800000,3600000,712800000,75.24000000000001
132,0.7639425506514383,0.3381544423194387,0.019183666264132437,0.14168801263829112,1800000,3600000,718200000,75.81
133,0.765400916302885,0.3331427257490344,0.017049552008247548,0.14121650554456688,1800000,3600000,723600000,76.38000000000001
134,0.7646485163458397,0.33600693901864515,0.016721161115733334,0.14074656752457937,1800000,3600000,729000000,76.95
135,0.7630306098907483,0.3387371895704937,0.01846329610484598,0.14027819335679012,1800000,3600000,734400000,77.52000000000001
136,0.7659621012406264,0.3325317205945229,0.016138756257066022,0.13981137783703693,1800000,3600000,739800000,78.09
137,0.7634486765252706,0.3377562003812136,0.01905697991830556,0.13934611577847586,1800000,3600000,745200000,78.66000000000001
138,0.7665648830787046,0.3331165922991583,0.0179714264402338,0.13888240201152371,1800000,3600000,750600000,79.23
139,0.7657373837303291,0.33138641561415383,0.01673206564501751,0.13842023138380052,1800000,3600000,756000000,79.80000000000001
140,0.7685998260965424,0.3300611917286779,0.01738784675338922,0.13795959876007233,1800000,3600000,761400000,80.37
141,0.7701615306986126,0.325456498936642,0.01805542703135949,0.13750049902219416,1800000,3600000,766800000,80.94000000000001
142,0.7678619464468509,0.32858995643615013,0.01735037778881256,0.13704292706905308,1800000,3600000,772200000,81.51
143,0.7708912929345703,0.32770875510573894,0.016458124057897053,0.13658687781651155,1800000,3600000,777600000,82.08000000000001
144,0.7696835664595404,0.3278193329592252,0.01794676995344325,0.13613234619735098,1800000,3600000,783000000,82.65
145,0.7681375612730543,0.32862411103373157,0.01676525672108558,0.1356793271612154,1800000,3600000,788400000,83.22000000000001
146,0.7696368366075094,0.3261490993233074,0.01577838012827846,0.1352278156745552,1800000,3600000,793800000,83.79
147,0.7697142623171376,0.3327438533366722,0.016950152350044923,0.13477780672057155,1800000,3600000,799200000,84.36000000000001
148,0.7720095005278771,0.3263590017090978,0.016518030315385044,0.13432929529916027,1800000,3600000,804600000,84.93
149,0.7707755503245485,0.3300013741989097,0.017864111386942633,0.13388227642685652,1800000,3600000,810000000,85.50000000000001
150,0.7699487142641354,0.32739520878642503,0.017242260497322363,0.13343674513677936,1800000,3600000,815400000,86.07000000000001
151,0.7721143949665719,0.33083075453622424,0.016528087349669335,0.1329926964785765,1800000,3600000,820800000,86.64000000000001
152,0.7719065311709816,0.3273371269790675,0.016735477630630453,0.13255012551836945,1800000,3600000,826200000,87.21000000000001
153,0.7727016358107219,0.3260460677791587,0.016130759924306667,0.1321090273386985,1800000,3600000,831600000,87.78000000000002
154,0.771982370177533,0.326239389120399,0.015811854428928056,0.13166939703846825,1800000,3600000,837000000,88.35000000000001
155,0.7731172679452446,0.32807863579806196,0.015443661981085335,0.13123122973289303,1800000,3600000,842400000,88.92000000000002
156,0.7738903585625415,0.32759892931241696,0.01680996704154467,0.13079452055344276,1800000,3600000,847800000,89.49000000000001
157,0.7737745571818206,0.32579577752895084,0.014955092227774889,0.13035926464778871,1800000,3600000,853200000,90.06000000000002
158,0.7756055405452096,0.32451060178090485,0.01811275564614576,0.12992545717974963,1800000,3600000,858600000,90.63000000000001
159,0.7704019603541938,0.3235530507216996,0.015000925874849491,0.12949309332923814,1800000,3600000,864000000,91.20000000000002
160,0.7744328513128298,0.3273812042978138,0.016268492548007156,0.129062168292207,1800000,3600000,869400000,91.77000000000001
161,0.77610815253711,0.32664926387812576,0.014957886870245308,0.1286326772805958,1800000,3600000,874800000,92.34
162,0.7742215135284714,0.32603251534119804,0.016332046489625506,0.12820461552227772,1800000,3600000,880200000,92.91000000000001
163,0.7756267156321375,0.32857443529211194,0.015004025284007662,0.12777797826100667,1800000,3600000,885600000,93.48
164,0.7740811381362683,0.32327963883328115,0.014965055554192851,0.12735276075636423,1800000,3600000,891000000,94.05000000000001
165,0.7768751186767926,0.32486023800974967,0.015721475542938144,0.12692895828370707,1800000,3600000,896400000,94.62
166,0.7806177220755236,0.3172587417504004,0.01601825444477651,0.12650656613411448,1800000,3600000,901800000,95.19000000000001
167,0.7772341725149061,0.3222556025816378,0.015498699605436815,0.12608557961433597,1800000,3600000,907200000,95.76
168,0.7763499283545694,0.3291489793366864,0.015355321162279187,0.12566599404673928,1800000,3600000,912600000,96.33000000000001
169,0.7790003471977879,0.32005500777767376,0.016758416899075118,0.12524780476925818,1800000,3600000,918000000,96.9
170,0.7790016287269407,0.3246994722463472,0.015387945733812042,0.12483100713534084,1800000,3600000,923400000,97.47000000000001
171,0.7779871325657209,0.3244850696665513,0.014701772276435763,0.12441559651389816,1800000,3600000,928800000,98.04
172,0.7809036061398424,0.31536611384460583,0.014312291483260072,0.12400156828925231,1800000,3600000,934200000,98.61000000000001
173,0.7799674906492059,0.3190127206683746,0.014924431814099425,0.12358891786108542,1800000,3600000,939600000,99.18
174,0.7784974342045079,0.3261885890606761,0.014554705181323463,0.12317764064438845,1800000,3600000,945000000,99.75000000000001
175,0.7783126980729536,0.3213134472080152,0.014931430848198849,0.12276773206941036,1800000,3600000,950400000,100.32000000000001
176,0.7816512919972304,0.3199332437127634,0.01416676994934208,0.1223591875816072,1800000,3600000,955800000,100.89000000000001
177,0.7815426940428422,0.3128567610047084,0.01558395825423246,0.12195200264159156,1800000,3600000,961200000,101.46000000000001
178,0.7791094775043327,0.3195420036088128,0.015160505760533838,0.12154617272508213,1800000,3600000,966600000,102.03000000000002
179,0.7806436263576673,0.308087510196107,0.01491184541509372,0.12114169332285347,1800000,3600000,972000000,102.60000000000001
180,0.7789905226232757,0.3231559861394662,0.014535729756484145,0.12073855994068583,1800000,3600000,977400000,103.17000000000002
181,0.7799735675522813,0.3219191851730696,0.015542356319896358,0.12033676809931522,1800000,3600000,982800000,103.74000000000001
182,0.7803301200597226,0.32134794266738215,0.015307660912128254,0.11993631333438377,1800000,3600000,988200000,104.31000000000002
183,0.7812570978007944,0.32081419794680593,0.013178639247838391,0.11953719119638996,1800000,3600000,993600000,104.88000000000001
184,0.7798100970270698,0.3191898620977683,0.014671707332536591,0.11913939725063923,1800000,3600000,999000000,105.45000000000002
185,0.7808242871879663,0.32099610018138275,0.012012247236086605,0.11874292707719478,1800000,3600000,1004400000,106.02000000000001
186,0.7841182464216251,0.3200713929516995,0.015115569865040058,0.11834777627082839,1800000,3600000,1009800000,106.59000000000002
187,0.7811639086721194,0.31951744446440083,0.012917413718290003,0.11795394044097147,1800000,3600000,1015200000,107.16000000000001
188,0.7821114500765203,0.3130219167757709,0.013654382470215201,0.11756141521166627,1800000,3600000,1020600000,107.73000000000002
189,0.7798818152418379,0.3201506530300403,0.014698848729245307,0.11717019622151738,1800000,3600000,1026000000,108.30000000000001
190,0.784614871991598,0.3131162064530551,0.014835600498751142,0.11678027912364307,1800000,3600000,1031400000,108.87000000000002
191,0.7840121168722365,0.31511371805943134,0.013604195828996645,0.11639165958562711,1800000,3600000,1036800000,109.44000000000001
192,0.7818402764569368,0.32514757312186354,0.014305343676219297,0.11600433328947068,1800000,3600000,1042200000,110.01
193,0.7818719970396248,0.3177675484727151,0.01422321644384715,0.11561829593154425,1800000,3600000,1047600000,110.58000000000001
194,0.7815980519401118,0.320903779975261,0.012532406428016531,0.11523354322253988,1800000,3600000,1053000000,111.15
195,0.7824085316425331,0.3149869413357831,0.01362899623353198,0.11485007088742354,1800000,3600000,1058400000,111.72000000000001
196,0.78107164133143,0.3201861245697449,0.011530642482751373,0.11446787466538752,1800000,3600000,1063800000,112.29
197,0.7842885204711332,0.31633275371174957,0.014567929652974347,0.11408695030980319,1800000,3600000,1069200000,112.86000000000001
198,0.7820482217377015,0.32192555518390614,0.012066201081531043,0.11370729358817382,1800000,3600000,1074600000,113.43
199,0.7842087270459731,0.31501253501308396,0.014433407002318313,0.1133289002820875,1800000,3600000,1080000000,114.00000000000001
200,0.7799296776783,0.32090172980822756,0.012660624081900187,0.11295176618717025,1800000,3600000,1085400000,114.57000000000001
201,0.7806512257953409,0.32067306761158737,0.013765955957526712,0.11257588711303934,1800000,3600000,1090800000,115.14000000000001
202,0.7797253875634379,0.31830720216561387,0.012566594396847448,0.11220125888325679,1800000,3600000,1096200000,115.71000000000001
203,0.7814221687355589,0.317140849992183,0.012441311409550938,0.11182787733528282,1800000,3600000,1101600000,116.28000000000002
204,0.782188615635257,0.3188615609742316,0.012221751001033534,0.1114557383204297,1800000,3600000,1107000000,116.85000000000001
205,0.7809450141736562,0.31664399052743,0.014625293931434344,0.11108483770381573,1800000,3600000,1112400000,117.42000000000002
206,0.782079883929583,0.3169080931083165,0.01349544718583222,0.11071517136431909,1800000,3600000,1117800000,117.99000000000001
207,0.7784311090854386,0.32688549511139486,0.014251793168732338,0.11034673519453223,1800000,3600000,1123200000,118.56000000000002
208,0.780306799350992,0.3183937137305491,0.014954156733799032,0.10997952510071608,1800000,3600000,1128600000,119.13000000000001
209,0.779555819274427,0.3170859927440499,0.014239565665125811,0.10961353700275477,1800000,3600000,1134000000,119.70000000000002
210,0.7847398979259399,0.3197408332134428,0.011657216977422351,0.1092487668341101,1800000,3600000,1139400000,120.27000000000001
211,0.7808836048591608,0.31679991234272303,0.01166322238398192,0.10888521054177641,1800000,3600000,1144800000,120.84000000000002
212,0.7819438870424676,0.31970468128134677,0.012358331056281558,0.10852286408623565,1800000,3600000,1150200000,121.41000000000001
213,0.7816043552566542,0.3203994970194208,0.013965015394210861,0.10816172344141232,1800000,3600000,1155600000,121.98000000000002
214,0.7811993482485686,0.3165959294911981,0.013095844788222073,0.1078017845946289,1800000,3600000,1161000000,122.55000000000001
215,0.7841408480304662,0.31748108083442295,0.01373068236130444,0.10744304354656116,1800000,3600000,1166400000,123.12000000000002
216,0.7829167535918178,0.3170858053080663,0.011190140315750791,0.10708549631119377,1800000,3600000,1171800000,123.69000000000001
217,0.7815168697752721,0.32258769632254974,0.011838050710959233,0.10672913891577596,1800000,3600000,1177200000,124.26000000000002
218,0.7828473333310527,0.3191624657807305,0.011601344001628915,0.1063739674007775,1800000,3600000,1182600000,124.83000000000001
219,0.7803646249971278,0.31809896368641266,0.013541208926310794,0.10601997781984454,1800000,3600000,1188000000,125.40000000000002
220,0.7821282483295369,0.3161750494560363,0.012809909705236423,0.10566716623975587,1800000,3600000,1193400000,125.97000000000001
221,0.78189839358909,0.31870979769489693,0.012531311688663706,0.10531552874037918,1800000,3600000,1198800000,126.54000000000002
222,0.7813433822482811,0.3151013009930148,0.011237682887233346,0.10496506141462757,1800000,3600000,1204200000,127.11000000000001
223,0.7790668956503416,0.32234606878523286,0.013055393892089451,0.10461576036841601,1800000,3600000,1209600000,127.68
224,0.782782081435223,0.31542685691238814,0.012435105336722414,0.10426762172061814,1800000,3600000,1215000000,128.25
225,0.7827166308817856,0.31452687181189143,0.010753708268598654,0.10392064160302324,1800000,3600000,1220400000,128.82000000000002
226,0.7805525866177584,0.3260058531504565,0.011003128307170495,0.10357481616029306,1800000,3600000,1225800000,129.39000000000001
227,0.7829248177033792,0.31379956706064327,0.010969843294055417,0.10323014154991914,1800000,3600000,1231200000,129.96
228,0.7810744047080574,0.31325103832157264,0.011322955373567208,0.10288661394218003,1800000,3600000,1236600000,130.53
229,0.7815366503740514,0.31692727583472613,0.01176075420707251,0.10254422952009878,1800000,3600000,1242000000,131.10000000000002
230,0.7829160877080157,0.31402115912335526,0.01158840228208657,0.10220298447940052,1800000,3600000,1247400000,131.67000000000002
231,0.7822997376519234,0.3195925424351321,0.01253284400307983,0.10186287502847018,1800000,3600000,1252800000,132.24
232,0.7835758813761968,0.322317970635935,0.012096449281580804,0.10152389738831034,1800000,3600000,1258200000,132.81
233,0.7815598560621306,0.31267058985423785,0.012365417825399561,0.1011860477924993,1800000,3600000,1263600000,133.38000000000002
234,0.783065408593815,0.3162715300073127,0.01381570892351402,0.10084932248714917,1800000,3600000,1269000000,133.95000000000002
235,0.7825826289513025,0.3152119547291448,0.011266866624464099,0.10051371773086425,1800000,3600000,1274400000,134.52
236,0.7824787241375684,0.32102999108804553,0.01122662169270892,0.1001792297946993,1800000,3600000,1279800000,135.09
237,0.7818459557897287,0.3202100432602406,0.012255530682637948,0.09984585496211829,1800000,3600000,1285200000,135.66000000000003
238,0.7811955995234932,0.3194929911136523,0.01224315347353879,0.09951358952895295,1800000,3600000,1290600000,136.23000000000002
239,0.7812254489168812,0.3228716861019109,0.01332207472304209,0.09918242980336175,1800000,3600000,1296000000,136.8
240,0.7820213227182983,0.32089536344545166,0.012423947444441884,0.09885237210578875,1800000,3600000,1301400000,137.37
241,0.7820702198737579,0.31692687584009527,0.010658529857094055,0.09852341276892282,1800000,3600000,1306800000,137.94000000000003
242,0.7873354240800959,0.3081975748364771,0.012160989811746204,0.09819554813765684,1800000,3600000,1312200000,138.51000000000002
243,0.7822451802701469,0.3155268106784199,0.010804710835169044,0.09786877456904704,1800000,3600000,1317600000,139.08
244,0.7808525606561043,0.31841749870199243,0.011436162274144533,0.09754308843227269,1800000,3600000,1323000000,139.65
245,0.7826372050948515,0.3183312135110894,0.011267838695285108,0.09721848610859557,1800000,3600000,1328400000,140.22000000000003
246,0.7807591910951627,0.31605077569002366,0.010471426350081052,0.09689496399131985,1800000,3600000,1333800000,140.79000000000002
247,0.7808256651561691,0.3171827668780413,0.012545392220739993,0.09657251848575199,1800000,3600000,1339200000,141.36
248,0.782105020833057,0.31803949100987505,0.010025224801487967,0.09625114600916085,1800000,3600000,1344600000,141.93
249,0.7831041822576614,0.31637386012286217,0.008496706314306447,0.09593084299073784,1800000,3600000,1350000000,142.50000000000003
250,0.7808406763857042,0.3244032644707959,0.010700497621225583,0.0956116058715572,1800000,3600000,1355400000,143.07000000000002
251,0.7824171919404244,0.3168627859502766,0.012231185039584591,0.0952934311045366,1800000,3600000,1360800000,143.64000000000001
252,0.7836400807584983,0.3086064661374056,0.009147653264586289,0.09497631515439754,1800000,3600000,1366200000,144.21
253,0.7821388999768165,0.318364501154887,0.011479017366327312,0.0946602544976262,1800000,3600000,1371600000,144.78000000000003
254,0.781010792511643,0.32078271619973525,0.010515618075779104,0.09434524562243425,1800000,3600000,1377000000,145.35000000000002
255,0.7818198414152667,0.31687108743862563,0.00991942688642002,0.09403128502871988,1800000,3600000,1382400000,145.92000000000002
256,0.7798096199889556,0.3221793816290688,0.011686505521022588,0.09371836922802874,1800000,3600000,1387800000,146.49
257,0.7838535129964945,0.31647270636329666,0.010214680538894976,0.09340649474351545,1800000,3600000,1393200000,147.06
258,0.7813087954784783,0.3205952547982778,0.009953213017269156,0.09309565810990474,1800000,3600000,1398600000,147.63000000000002
259,0.7854726129175006,0.3144181219244723,0.011901855361854629,0.09278585587345302,1800000,3600000,1404000000,148.20000000000002
260,0.7848072558919527,0.314777962960355,0.011048533687662862,0.09247708459191002,1800000,3600000,1409400000,148.77
261,0.7806380318247793,0.32167840218319027,0.012077138524175334,0.09216934083448058,1800000,3600000,1414800000,149.34
262,0.7818942099853299,0.3205607586011642,0.011636459672718685,0.09186262118178642,1800000,3600000,1420200000,149.91000000000003
263,0.780990277500984,0.3172042610045671,0.009763375663485476,0.09155692222582827,1800000,3600000,1425600000,150.48000000000002
264,0.7842626309158446,0.3139433286559815,0.012305373428483334,0.0912522405699479,1800000,3600000,1431000000,151.05
265,0.7845303681789352,0.3182016777682626,0.009991496859822742,0.09094857282879044,1800000,3600000,1436400000,151.62
266,0.781157451697745,0.3128084842046861,0.01076035971062136,0.09064591562826678,1800000,3600000,1441800000,152.19000000000003
267,0.7810422319241571,0.3196640042027529,0.008664450093456726,0.090344265605516,1800000,3600000,1447200000,152.76000000000002
268,0.7816728559425896,0.3208571639834701,0.010151226890234873,0.0900436194088681,1800000,3600000,1452600000,153.33
269,0.7826524837511011,0.31429312549404786,0.009211259139121445,0.08974397369780665,1800000,3600000,1458000000,153.9
270,0.7790088539697793,0.3258151405818588,0.012968726416428471,0.08944532514293181,1800000,3600000,1463400000,154.47000000000003
271,0.7795458527777188,0.30867813745696987,0.010351058994798445,0.08914767042592323,1800000,3600000,1468800000,155.04000000000002
272,0.7828137088889094,0.3190521903980483,0.009601135141443035,0.08885100623950319,1800000,3600000,1474200000,155.61
273,0.7826161381552296,0.31994926132505996,0.009330852098561425,0.08855532928739991,1800000,3600000,1479600000,156.18
274,0.7820528337027155,0.31822723048633844,0.009004512997277545,0.08826063628431091,1800000,3600000,1485000000,156.75000000000003
275,0.7825893543535287,0.3226647741049767,0.010824083398469464,0.08796692395586642,1800000,3600000,1490400000,157.32000000000002
276,0.782290271680814,0.31736000122885155,0.008158075584398353,0.08767418903859311,1800000,3600000,1495800000,157.89000000000001
277,0.7829165457369757,0.31340884151530024,0.009673217434980614,0.0873824282798778,1800000,3600000,1501200000,158.46
278,0.7831396879353187,0.31198937243056446,0.010568840024607196,0.08709163843793126,1800000,3600000,1506600000,159.03000000000003
279,0.7806521514115673,0.3177740493816219,0.009045754883396017,0.08680181628175224,1800000,3600000,1512000000,159.60000000000002
280,0.7838990964121181,0.31050598037586535,0.008935116163690996,0.08651295859109161,1800000,3600000,1517400000,160.17000000000002
281,0.7834919356633865,0.3206119757909747,0.008691813951571255,0.0862250621564165,1800000,3600000,1522800000,160.74
282,0.7823017951729128,0.3184357014127037,0.010600368367567644,0.08593812377887465,1800000,3600000,1528200000,161.31000000000003
283,0.7811783111187149,0.3238273200919027,0.00986817106953503,0.08565214027025891,1800000,3600000,1533600000,161.88000000000002
284,0.7819218043376162,0.32317399793147816,0.010778507866771963,0.08536710845297184,1800000,3600000,1539000000,162.45000000000002
285,0.782901219193358,0.32086187410951267,0.007315562574965773,0.08508302515999028,1800000,3600000,1544400000,163.02
286,0.7804840849106288,0.31881208584411636,0.009682957467988257,0.08479988723483026,1800000,3600000,1549800000,163.59000000000003
287,0.7823473536449579,0.31875494237562585,0.010882230866625838,0.08451769153151197,1800000,3600000,1555200000,164.16000000000003
288,0.7817883682937268,0.31267799184323086,0.009144236003499083,0.08423643491452465,1800000,3600000,1560600000,164.73000000000002
289,0.7797727259069341,0.320385918992916,0.008004882517644326,0.08395611425879189,1800000,3600000,1566000000,165.3
290,0.7822443736998371,0.31957654687596987,0.007804225728057848,0.08367672644963688,1800000,3600000,1571400000,165.87
291,0.7807903350016833,0.32365560890469186,0.007682018635208129,0.08339826838274775,1800000,3600000,1576800000,166.44000000000003
292,0.7818229691757533,0.3236736863015965,0.008665303792432829,0.08312073696414307,1800000,3600000,1582200000,167.01000000000002
293,0.7815860670254562,0.3194148379070225,0.00982671470867239,0.08284412911013761,1800000,3600000,1587600000,167.58
294,0.7812571319746949,0.31722816523751746,0.010446897790508568,0.0825684417473079,1800000,3600000,1593000000,168.15
295,0.783270522554662,0.3172884813620214,0.008965159078047529,0.08229367181245818,1800000,3600000,1598400000,168.72000000000003
296,0.7813376568885695,0.3135644185839337,0.009388729568688095,0.08201981625258635,1800000,3600000,1603800000,169.29000000000002
297,0.7823552118832218,0.31642386485661156,0.007527231333833009,0.08174687202485005,1800000,3600000,1609200000,169.86
298,0.7815380200421223,0.31884519502553527,0.01021635077826321,0.08147483609653282,1800000,3600000,1614600000,170.43
299,0.7782043333070555,0.32283905590607076,0.009605439853912,0.08120370544501043,1800000,3600000,1620000000,171.00000000000003
300,0.7827313297561569,0.32155490546977555,0.009777932449014764,0.08093347705771732,1800000,3600000,1625400000,171.57000000000002
301,0.7833328333479882,0.3192343908735141,0.008977626036298095,0.08066414793211302,1800000,3600000,1630800000,172.14000000000001
302,0.7826377821734742,0.31767045321587706,0.009322738593611548,0.080395715075649,1800000,3600000,1636200000,172.71
303,0.7823214731043144,0.3161454811892634,0.008809877101461788,0.08012817550573513,1800000,3600000,1641600000,173.28000000000003
304,0.7806746997098181,0.3177105813228664,0.011348714648398015,0.0798615262497068,1800000,3600000,1647000000,173.85000000000002
305,0.7780383699885189,0.3224834073469388,0.008641224490810622,0.07959576434479178,1800000,3600000,1652400000,174.42000000000002
306,0.7811960548129365,0.3161928185769439,0.00807630074778353,0.07933088683807722,1800000,3600000,1657800000,174.99
307,0.7833013834860308,0.3191812538945533,0.008432634959726118,0.07906689078647704,1800000,3600000,1663200000,175.56000000000003
308,0.7832193160627801,0.31473503456782964,0.007465578802490545,0.07880377325669904,1800000,3600000,1668600000,176.13000000000002
309,0.7802214307404371,0.3270063217053625,0.008239405528034828,0.07854153132521242,1800000,3600000,1674000000,176.70000000000002
310,0.782839652934195,0.31314572465987806,0.007161091762393857,0.07828016207821521,1800000,3600000,1679400000,177.27
311,0.7803133943865846,0.318475075954664,0.006750983350705457,0.07801966261160202,1800000,3600000,1684800000,177.84000000000003
312,0.7838028394467722,0.31091949234767013,0.008534218898415828,0.07776003003093164,1800000,3600000,1690200000,178.41000000000003
313,0.779002431424244,0.3222409950815579,0.008100514342394512,0.07750126145139492,1800000,3600000,1695600000,178.98000000000002
314,0.7816964572864434,0.3185829651134335,0.00828443371062722,0.07724335399778277,1800000,3600000,1701000000,179.55
315,0.7817456351029979,0.32387976200332963,0.00911917910668061,0.07698630480445418,1800000,3600000,1706400000,180.12000000000003
316,0.7836629029859719,0.3181583604702655,0.008958529878436998,0.07673011101530436,1800000,3600000,1711800000,180.69000000000003
317,0.7821076037486845,0.3174465778743818,0.00990340602789507,0.07647476978373298,1800000,3600000,1717200000,181.26000000000002
318,0.7831470643894466,0.31527128498159723,0.009347645326644102,0.07622027827261263,1800000,3600000,1722600000,181.83
319,0.7824884176236285,0.32007175666955,0.0077628917609941245,0.07596663365425728,1800000,3600000,1728000000,182.40000000000003
320,0.7803642558840731,0.32104782809240956,0.0072930326764729355,0.07571383311039072,1800000,3600000,1733400000,182.97000000000003
321,0.7808402169093045,0.3228411648365713,0.0070465838164025085,0.07546187383211546,1800000,3600000,1738800000,183.54000000000002
322,0.7812661569752725,0.3190321364084327,0.007156806276452457,0.07521075301988138,1800000,3600000,1744200000,184.11
323,0.7819069327457328,0.31782745370126225,0.008836365684929124,0.07496046788345459,1800000,3600000,1749600000,184.68
324,0.7801131568722023,0.3162885032877664,0.008093339458491368,0.0747110156418866,1800000,3600000,1755000000,185.25000000000003
325,0.7807116861770542,0.3207019166409363,0.00838639694068888,0.07446239352348329,1800000,3600000,1760400000,185.82000000000002
326,0.7794039275044723,0.31762400560789433,0.006785095720763238,0.07421459876577408,1800000,3600000,1765800000,186.39000000000001
327,0.7832330715582327,0.3134342811977592,0.009519512213385234,0.07396762861548134,1800000,3600000,1771200000,186.96
328,0.7802535059440918,0.31669265975093275,0.005239997954756186,0.07372148032848977,1800000,3600000,1776600000,187.53000000000003
329,0.7806425741832004,0.31663997282618883,0.009090186309343218,0.07347615116981583,1800000,3600000,1782000000,188.10000000000002
330,0.7824690197853681,0.317473357194476,0.008486537484690691,0.07323163841357751,1800000,3600000,1787400000,188.67000000000002
331,0.7835570136529741,0.3181947806853165,0.008000641974625392,0.07298793934296385,1800000,3600000,1792800000,189.24
332,0.7816747839240167,0.3150536109634149,0.008244630073042363,0.0727450512502049,1800000,3600000,1798200000,189.81000000000003
333,0.7800721103414051,0.3214338498341428,0.009997641533112271,0.0725029714365416,1800000,3600000,1803600000,190.38000000000002
334,0.7821236138611233,0.3175226641890031,0.007130563273060742,0.07226169721219572,1800000,3600000,1809000000,190.95000000000002
335,0.7802877023062743,0.3192901675801543,0.008300594346206532,0.07202122589634008,1800000,3600000,1814400000,191.52
336,0.78364504787935,0.3145796739280028,0.0076212536016092205,0.07178155481706869,1800000,3600000,1819800000,192.09000000000003
337,0.7810117827342877,0.32121951065334337,0.007676535171509913,0.0715426813113671,1800000,3600000,1825200000,192.66000000000003
338,0.7832878999471369,0.3225942233849092,0.007774232001830954,0.07130460272508277,1800000,3600000,1830600000,193.23000000000002
339,0.7808611220729295,0.31889875329071393,0.008531779301409756,0.07106731641289565,1800000,3600000,1836000000,193.8
340,0.784818184331812,0.31495105188545813,0.008529488870832882,0.0708308197382887,1800000,3600000,1841400000,194.37000000000003
341,0.7841934460734087,0.313306497464121,0.006862373087601696,0.07059511007351867,1800000,3600000,1846800000,194.94000000000003
342,0.7808504948104749,0.32037957234949976,0.006175760087132489,0.07036018479958688,1800000,3600000,1852200000,195.51000000000002
343,0.7794084419830354,0.32017243241281734,0.00755355917102862,0.07012604130621002,1800000,3600000,1857600000,196.08
344,0.7812495172836629,0.3190251798582987,0.008689224035050354,0.06989267699179139,1800000,3600000,1863000000,196.65000000000003
345,0.7820209737197764,0.31696282921385693,0.008218052289869606,0.06966008926339172,1800000,3600000,1868400000,197.22000000000003
346,0.7808544761805278,0.319801064603987,0.008251548103339498,0.06942827553670051,1800000,3600000,1873800000,197.79000000000002
347,0.7806325600158361,0.32364334324022254,0.007730148904321256,0.06919723323600736,1800000,3600000,1879200000,198.36
348,0.7816715636531952,0.3210258092335815,0.008329894583322289,0.06896695979417317,1800000,3600000,1884600000,198.93000000000004
349,0.7811166223062259,0.32005411533718425,0.006591196849190602,0.06873745265260178,1800000,3600000,1890000000,199.50000000000003
350,0.7793067086273624,0.3219070801321288,0.00782711747782263,0.06850870926121148,1800000,3600000,1895400000,200.07000000000002
351,0.7834270722423569,0.3152463395782745,0.008895357171564625,0.06828072707840671,1800000,3600000,1900800000,200.64000000000001
352,0.7826335262945143,0.3150063844954419,0.007429111367947066,0.06805350357104971,1800000,3600000,1906200000,201.21
353,0.7813671213209623,0.32259150351666444,0.007055846748439174,0.06782703621443252,1800000,3600000,1911600000,201.78000000000003
354,0.781565520531545,0.3179770989125435,0.007831380010321326,0.06760132249224887,1800000,3600000,1917000000,202.35000000000002
355,0.7812075826546815,0.31513920148711516,0.007417551065814162,0.06737635989656618,1800000,3600000,1922400000,202.92000000000002
356,0.7821250144462795,0.3243860683664382,0.00775899963486527,0.06715214592779772,1800000,3600000,1927800000,203.49
357,0.7820492976591523,0.3194501778779743,0.007628986735793875,0.0669286780946749,1800000,3600000,1933200000,204.06000000000003
358,0.7814391038790344,0.3207894097777271,0.007773157563109435,0.06670595391421945,1800000,3600000,1938600000,204.63000000000002
359,0.7809038409527509,0.318594387893503,0.008965156540859094,0.066483970911716,1800000,3600000,1944000000,205.20000000000002
360,0.7829222314696661,0.3172465576337829,0.007379018318494685,0.06626272662068447,1800000,3600000,1949400000,205.77
361,0.7792982589799279,0.3222035894472095,0.005296978557905341,0.06604221858285264,1800000,3600000,1954800000,206.34000000000003
362,0.7830402079112301,0.3104104319491884,0.005405706159662595,0.06582244434812895,1800000,3600000,1960200000,206.91000000000003
363,0.781917657669206,0.3199261317702125,0.007430042568596961,0.06560340147457523,1800000,3600000,1965600000,207.48000000000002
364,0.7833486248271638,0.31490231378776834,0.005923040235636792,0.06538508752837947,1800000,3600000,1971000000,208.05
365,0.7816902995375591,0.322949509315594,0.007013706685062481,0.06516750008382895,1800000,3600000,1976400000,208.62000000000003
366,0.7808162425514635,0.31487188159051105,0.00692250351274631,0.06495063672328313,1800000,3600000,1981800000,209.19000000000003
367,0.7846681736340766,0.31739511628576994,0.00730818656283912,0.0647344950371469,1800000,3600000,1987200000,209.76000000000002
368,0.782253567481124,0.3150109392182764,0.00752185036189856,0.06451907262384375,1800000,3600000,1992600000,210.33
369,0.7828122817254042,0.31842899580080275,0.007418299625160366,0.06430436708978908,1800000,3600000,1998000000,210.90000000000003
370,0.7815206559401108,0.3209680463552518,0.006244018848856359,0.06409037604936363,1800000,3600000,2003400000,211.47000000000003
371,0.7788236670392104,0.32059639327695755,0.005684658087024339,0.063877097124887,1800000,3600000,2008800000,212.04000000000002
372,0.7810396765602131,0.32200152447879227,0.005951055724781595,0.06366452794659114,1800000,3600000,2014200000,212.61
373,0.7836802169292343,0.3173246801395089,0.0052195978117318895,0.06345266615259412,1800000,3600000,2019600000,213.18000000000004
374,0.7809852998364812,0.320642200161302,0.00782469223368819,0.06324150938887384,1800000,3600000,2025000000,213.75000000000003
375,0.7778913544647809,0.32286630809279127,0.0049827348703656345,0.06303105530924182,1800000,3600000,2030400000,214.32000000000002
376,0.780362988397344,0.3113811585082605,0.006051674311610021,0.06282130157531728,1800000,3600000,2035800000,214.89000000000001
377,0.7842563186763234,0.32037503602951894,0.0050245904509025685,0.06261224585650099,1800000,3600000,2041200000,215.46000000000004
378,0.7832325932269362,0.317802023252257,0.005190252806499882,0.06240388582994949,1800000,3600000,2046600000,216.03000000000003
379,0.7818154865229124,0.321251057176448,0.007386562239899507,0.06219621918054922,1800000,3600000,2052000000,216.60000000000002
380,0.7816096088335879,0.3201548284964273,0.00652786266157767,0.061989243600890837,1800000,3600000,2057400000,217.17000000000002
381,0.7779071897187925,0.32347163621856545,0.007142371693386762,0.06178295679124355,1800000,3600000,2062800000,217.74000000000004
382,0.7814837461166643,0.3153467550113893,0.006458264857279471,0.06157735645952957,1800000,3600000,2068200000,218.31000000000003
383,0.7839775009194364,0.31872299898509593,0.004619258750330803,0.061372440321298655,1800000,3600000,2073600000,218.88000000000002
384,0.7833130538828247,0.3196660202759463,0.0060402900477596515,0.06116820609970271,1800000,3600000,2079000000,219.45000000000002
385,0.7802915258918821,0.32452608082877926,0.006171939631018333,0.0609646515254705,1800000,3600000,2084400000,220.02
386,0.7795270505735908,0.3189051680655322,0.007007122751404668,0.060761774336882464,1800000,3600000,2089800000,220.59000000000003
387,0.7801431642088624,0.32038591015891804,0.004582934519662546,0.06055957227974552,1800000,3600000,2095200000,221.16000000000003
388,0.7836453695812751,0.3133063523871511,0.006410317451941231,0.06035804310736805,1800000,3600000,2100600000,221.73000000000002
389,0.7817374706974533,0.32219107420684845,0.00851700967554059,0.060157184580534956,1800000,3600000,2106000000,222.3
390,0.7801764237169566,0.3175963442491804,0.005770654167415777,0.05995699446748277,1800000,3600000,2111400000,222.87000000000003
391,0.7824406510972215,0.31415969906127417,0.006454375533166632,0.05975747054387485,1800000,3600000,2116800000,223.44000000000003
392,0.7857701198298321,0.3147629296112903,0.006860734096580985,0.05955861059277665,1800000,3600000,2122200000,224.01000000000002
393,0.7841505329314259,0.3134727985739516,0.008214518112144707,0.0593604124046311,1800000,3600000,2127600000,224.58
394,0.7803730841242378,0.31888967936026485,0.006442740868971249,0.0591628737772341,1800000,3600000,2133000000,225.15000000000003
395,0.7797316308223682,0.3216333815147058,0.007333449917110026,0.05896599251570996,1800000,3600000,2138400000,225.72000000000003
396,0.7808565702287251,0.3192410697847624,0.006990437007214399,0.058769766432487075,1800000,3600000,2143800000,226.29000000000002
397,0.7824304991229943,0.320706664448175,0.005411965494582143,0.05857419334727365,1800000,3600000,2149200000,226.86
398,0.7822237571986426,0.3172026019150298,0.006118002606470664,0.05837927108703333,1800000,3600000,2154600000,227.43000000000004
399,0.782209282117571,0.3194951614269094,0.006431001188776505,0.05818499748596127,1800000,3600000,2160000000,228.00000000000003
400,0.7821943977110029,0.3154501196512411,0.006912395378353198,0.05799137038545989,1800000,3600000,2165400000,228.57000000000002
401,0.7816407860789589,0.3194573634895533,0.005459680511360306,0.05779838763411496,1800000,3600000,2170800000,229.14000000000001
402,0.7830394625680249,0.31704956079226615,0.0059407867260899815,0.05760604708767172,1800000,3600000,2176200000,229.71000000000004
403,0.7825943452481475,0.31793650325274486,0.007626858574633435,0.057414346609011,1800000,3600000,2181600000,230.28000000000003
404,0.7830261775461675,0.31642741760578535,0.006028632384578807,0.05722328406812549,1800000,3600000,2187000000,230.85000000000002
405,0.7816980247197011,0.3199205503915618,0.006263223180128376,0.05703285734209613,1800000,3600000,2192400000,231.42000000000002
406,0.7841932591867584,0.3178651896017251,0.006227810720927292,0.05684306431506844,1800000,3600000,2197800000,231.99000000000004
407,0.7810847225727913,0.3134616644119136,0.0071470938089030385,0.05665390287822906,1800000,3600000,2203200000,232.56000000000003
408,0.783355299799716,0.31932644893541967,0.0062619988257644746,0.056465370929782294,1800000,3600000,2208600000,233.13000000000002
409,0.7811098586638024,0.3184530588762039,0.006634488083664524,0.05627746637492678,1800000,3600000,2214000000,233.70000000000002
410,0.7819124280893709,0.32102632656248536,0.006010427668481088,0.05609018712583219,1800000,3600000,2219400000,234.27000000000004
411,0.7816142727627372,0.3176802627160513,0.005668309215779807,0.05590353110161606,1800000,3600000,2224800000,234.84000000000003
412,0.7810204677925924,0.3225419514359394,0.0052381521125573925,0.05571749622832065,1800000,3600000,2230200000,235.41000000000003
413,0.7813289955076109,0.3193151772623207,0.005304814492699991,0.05553208043888989,1800000,3600000,2235600000,235.98000000000002
414,0.7831170387529581,0.32094177490980674,0.005703192047960776,0.05534728167314643,1800000,3600000,2241000000,236.55000000000004
415,0.7811324482564828,0.3139095832905176,0.006036103771214342,0.05516309787776877,1800000,3600000,2246400000,237.12000000000003
416,0.7831950347635676,0.3189854173576562,0.005128649674988479,0.05497952700626836,1800000,3600000,2251800000,237.69000000000003
417,0.781300486168405,0.3168615770258282,0.005019338062681061,0.054796567018967006,1800000,3600000,2257200000,238.26000000000002
418,0.782305048537665,0.3224108642716577,0.0033515182492625637,0.05461421588297405,1800000,3600000,2262600000,238.83
419,0.7799130292732555,0.3157628624496377,0.0072762462197525505,0.05443247157216389,1800000,3600000,2268000000,239.40000000000003
420,0.7834725775885547,0.3116400711651176,0.0070815693531824445,0.05425133206715343,1800000,3600000,2273400000,239.97000000000003
421,0.7824876687076098,0.3180640286486886,0.006699495370818281,0.05407079535527962,1800000,3600000,2278800000,240.54000000000002
422,0.7826216368505727,0.3182534656310797,0.005742083440537903,0.05389085943057717,1800000,3600000,2284200000,241.11
423,0.7798180115547814,0.315605851867448,0.0064845959490916205,0.05371152229375616,1800000,3600000,2289600000,241.68000000000004
424,0.7819136379165406,0.32223845817119373,0.005810657399752811,0.053532781952179885,1800000,3600000,2295000000,242.25000000000003
425,0.7831522708265426,0.32026388142807677,0.00459056359853028,0.05335463641984271,1800000,3600000,2300400000,242.82000000000002
426,0.7832337584171422,0.3165647298342868,0.00459568218671837,0.05317708371734802,1800000,3600000,2305800000,243.39000000000001
427,0.7794217111563834,0.31736004630275655,0.005910623231429112,0.05300012187188616,1800000,3600000,2311200000,243.96000000000004
428,0.7787577643249671,0.323910859171738,0.005125453768943191,0.05282374891721258,1800000,3600000,2316600000,244.53000000000003
429,0.7812881731705212,0.325404679278499,0.005877636088719077,0.052647962893626,1800000,3600000,2322000000,245.10000000000002
430,0.7798217949727458,0.3214443963845521,0.004507103752091682,0.05247276184794653,1800000,3600000,2327400000,245.67000000000002
431,0.7808781305285925,0.32327802383608784,0.0055748683447365,0.05229814383349411,1800000,3600000,2332800000,246.24000000000004
432,0.7831089341476711,0.3181265792641453,0.004795505229585788,0.05212410691006679,1800000,3600000,2338200000,246.81000000000003
433,0.7821262465940585,0.31994483820663955,0.0060726797594918775,0.051950649143919156,1800000,3600000,2343600000,247.38000000000002
434,0.7810208388345475,0.317236677821519,0.0057381084931544,0.05177776860774092,1800000,3600000,2349000000,247.95000000000002
435,0.7843980368910884,0.31326592210984616,0.0060368777618342905,0.051605463380635486,1800000,3600000,2354400000,248.52000000000004
436,0.7808312497469411,0.32113700277115254,0.00506709167032722,0.05143373154809852,1800000,3600000,2359800000,249.09000000000003
437,0.7833142723673435,0.30876863768681273,0.005443177284796426,0.051262571201996794,1800000,3600000,2365200000,249.66000000000003
438,0.7847007137800238,0.3181167242888299,0.005883741351137925,0.05109198044054694,1800000,3600000,2370600000,250.23000000000002
439,0.7819013298720935,0.31867675287467584,0.006731562649924948,0.05092195736829428,1800000,3600000,2376000000,250.80000000000004
440,0.7820168001818801,0.31702318978648647,0.006163457189399435,0.05075250009609183,1800000,3600000,2381400000,251.37000000000003
441,0.7807341875165099,0.32408826627045983,0.004495325590351224,0.05058360674107924,1800000,3600000,2386800000,251.94000000000003
442,0.783499620877226,0.31717782521419013,0.004233068160688675,0.05041527542666197,1800000,3600000,2392200000,252.51000000000002
443,0.7801749703482269,0.31588568690720015,0.006954094730006962,0.05024750428249035,1800000,3600000,2397600000,253.08000000000004
444,0.7830099295357705,0.318364112729635,0.0025753886720756127,0.050080291444438804,1800000,3600000,2403000000,253.65000000000003
445,0.7809853849624249,0.31979038950028443,0.005174839839745946,0.0499136350545852,1800000,3600000,2408400000,254.22000000000003
446,0.7824804718835644,0.31789645406611133,0.0067840456877285935,0.04974753326119018,1800000,3600000,2413800000,254.79000000000002
447,0.7807751616341296,0.31646894815711646,0.005660589475509888,0.04958198421867652,1800000,3600000,2419200000,255.36
448,0.7795694564415552,0.32398793495367456,0.004399143544677928,0.04941698608760872,1800000,3600000,2424600000,255.93000000000004
449,0.7813162023213178,0.32027036077649523,0.004993152324714204,0.04925253703467255,1800000,3600000,2430000000,256.5
450,0.7823602726748078,0.32311006158812566,0.004520345657131382,0.04908863523265456,1800000,3600000,2435400000,257.07000000000005
451,0.7837589376846009,0.31620571196189623,0.007010442514215636,0.04892527886042197,1800000,3600000,2440800000,257.64000000000004
452,0.7800859585000327,0.320462930339742,0.005428470375049617,0.048762466102902295,1800000,3600000,2446200000,258.21000000000004
453,0.783577301773541,0.31070005920057964,0.005850617700479758,0.0486001951510632,1800000,3600000,2451600000,258.78000000000003
454,0.7806627770910636,0.318250728435451,0.003365457107178275,0.04843846420189246,1800000,3600000,2457000000,259.35
455,0.780828102795538,0.31954814601686576,0.004393152818788551,0.04827727145837786,1800000,3600000,2462400000,259.92
456,0.7819172789795743,0.32024648310988296,0.005780295817820667,0.04811661512948724,1800000,3600000,2467800000,260.49
457,0.7840275294284137,0.32188206722454865,0.007941733389982242,0.047956493430148656,1800000,3600000,2473200000,261.06
458,0.783138754312043,0.31497245521286765,0.006693037217936688,0.047796904581230454,1800000,3600000,2478600000,261.63000000000005
459,0.7820222476106485,0.3180785442528519,0.005664991683788696,0.04763784680952156,1800000,3600000,2484000000,262.20000000000005
460,0.7828870203171844,0.31594163589205154,0.00390670646851632,0.04747931834771174,1800000,3600000,2489400000,262.77000000000004
461,0.7840234803632101,0.31297925542277866,0.006795518159679277,0.04732131743437206,1800000,3600000,2494800000,263.34000000000003
462,0.7833171098825553,0.31881438519308525,0.004323217662399159,0.047163842313935146,1800000,3600000,2500200000,263.91
463,0.7825046802281456,0.3192264330433807,0.003539698151510997,0.04700689123667585,1800000,3600000,2505600000,264.48
464,0.7799656478192643,0.32551665032664384,0.004712414486781717,0.04685046245869167,1800000,3600000,2511000000,265.05
465,0.7809266903578546,0.31863836173812504,0.004158493462402935,0.04669455424188347,1800000,3600000,2516400000,265.62
466,0.7818501375942107,0.3139406814184644,0.0038020613637361022,0.04653916485393615,1800000,3600000,2521800000,266.19000000000005
467,0.7820046001955716,0.3207573966242442,0.002704723954451788,0.046384292568299325,1800000,3600000,2527200000,266.76000000000005
468,0.7823182308267351,0.3203684403144743,0.0037066381141813874,0.04622993566416824,1800000,3600000,2532600000,267.33000000000004
469,0.7820098021473258,0.31606374144478233,0.004000240167506533,0.046076092426464606,1800000,3600000,2538000000,267.90000000000003
470,0.7828168766124809,0.3159690762704725,0.003997975226155433,0.04592276114581752,1800000,3600000,2543400000,268.47
471,0.7792482467961137,0.3195272879100441,0.005597920369562849,0.0457699401185445,1800000,3600000,2548800000,269.04
472,0.7799645359074155,0.3208140496904381,0.004848364287999086,0.04561762764663259,1800000,3600000,2554200000,269.61
473,0.7823035673602966,0.3173265954329225,0.004072745023851819,0.045465822037719386,1800000,3600000,2559600000,270.18
474,0.7786101938473353,0.318692959093084,0.003624656092274636,0.045314521605074355,1800000,3600000,2565000000,270.75000000000006
475,0.7844068609772956,0.3207148555327234,0.003167225021164961,0.04516372466758004,1800000,3600000,2570400000,271.32000000000005
476,0.7817775583637048,0.3176606815911743,0.003954647360306615,0.04501342954971334,1800000,3600000,2575800000,271.89000000000004
477,0.7828889410915487,0.3143971176723172,0.005544062713259061,0.04486363458152695,1800000,3600000,2581200000,272.46000000000004
478,0.7814418889785432,0.3183341015990202,0.006357403123162301,0.044714338098630825,1800000,3600000,2586600000,273.03000000000003
479,0.7837335535678392,0.3141445163904459,0.005101483399372163,0.04456553844217358,1800000,3600000,2592000000,273.6
480,0.7832570595840674,0.31788295783399106,0.003774623641224293,0.04441723395882419,1800000,3600000,2597400000,274.17
481,0.7826004352888426,0.3169078985417263,0.006127612014000862,0.04426942300075353,1800000,3600000,2602800000,274.74
482,0.7830232492303988,0.317313692442942,0.004623369656721956,0.04412210392561611,1800000,3600000,2608200000,275.31
483,0.78128338038383,0.32327092450717226,0.0036526745104209406,0.04397527509653179,1800000,3600000,2613600000,275.88000000000005
484,0.7809978622916725,0.318699133341925,0.005604028024275171,0.043828934882067634,1800000,3600000,2619000000,276.45000000000005
485,0.7825648093837713,0.31470550832756483,0.002182840773725059,0.043683081656219744,1800000,3600000,2624400000,277.02000000000004
486,0.780366495235168,0.318218374794051,0.005282707505626183,0.043537713798395224,1800000,3600000,2629800000,277.59000000000003
487,0.7839755202852541,0.32043265593076975,0.004837573738474336,0.04339282969339417,1800000,3600000,2635200000,278.16
488,0.7814166257434149,0.3158855057372407,0.0036857716912039405,0.04324842773139169,1800000,3600000,2640600000,278.73
489,0.7808687873866507,0.3173977029631271,0.004531142675128633,0.04310450630792006,1800000,3600000,2646000000,279.3
490,0.7804273654901109,0.32451010029676275,0.004262851846673934,0.04296106382385086,1800000,3600000,2651400000,279.87
491,0.7819380124690446,0.3192370619875193,0.0037724834141385295,0.042818098685377254,1800000,3600000,2656800000,280.44000000000005
492,0.7804860512881975,0.3163311516606854,0.004279157226460747,0.04267560930399622,1800000,3600000,2662200000,281.01000000000005
493,0.7819028151624347,0.3250122527808886,0.00672574942260462,0.04253359409649095,1800000,3600000,2667600000,281.58000000000004
494,0.7812318319186655,0.3172822919769615,0.004474215953274532,0.04239205148491322,1800000,3600000,2673000000,282.15000000000003
495,0.7822093913797684,0.3124509264772931,0.002776521834532884,0.04225097989656591,1800000,3600000,2678400000,282.72
496,0.7833059958391497,0.3164704381031346,0.0009585160077310527,0.042110377763985456,1800000,3600000,2683800000,283.29
497,0.7818466657298055,0.31941481108634334,0.0036846102551574985,0.041970243524924504,1800000,3600000,2689200000,283.86
498,0.782189468115037,0.3195534964309327,0.004386756946578908,0.04183057562233452,1800000,3600000,2694600000,284.43
499,0.7784470385864637,0.3233853270853592,0.004281204346518376,0.04169137250434846,1800000,3600000,2700000000,285.00000000000006
500,0.781698486383501,0.3173463867819933,0.005275571817476803,0.041552632624263605,1800000,3600000,2705400000,285.57000000000005
501,0.7796487411637711,0.3180497653018472,0.005163033124709159,0.0414143544405243,1800000,3600000,2710800000,286.14000000000004
502,0.7816858451800647,0.31692166098000485,0.002016489360200615,0.04127653641670483,1800000,3600000,2716200000,286.71000000000004
503,0.7809674125486811,0.3192985264291692,0.004694409620313863,0.04113917702149243,1800000,3600000,2721600000,287.28000000000003
504,0.7808174412024252,0.31979173479100154,0.004829466786922131,0.04100227472867019,1800000,3600000,2727000000,287.85
505,0.7833599906425749,0.31487325054138426,0.004904348009462056,0.0408658280171001,1800000,3600000,2732400000,288.42
506,0.7791081237880989,0.3219392388539341,0.004685410134059874,0.04072983537070618,1800000,3600000,2737800000,288.99
507,0.7797069767361627,0.3188201360865964,0.005116958106821805,0.04059429527845764,1800000,3600000,2743200000,289.56000000000006
508,0.7809226534964656,0.3200394085135218,0.003336529184598722,0.04045920623435205,1800000,3600000,2748600000,290.13000000000005
509,0.7789278004233144,0.32217099724243314,0.003367269837376098,0.040324566737398634,1800000,3600000,2754000000,290.70000000000005
510,0.7822528793152099,0.3157685036733852,0.00426121420362137,0.040190375291601625,1800000,3600000,2759400000,291.27000000000004
511,0.7825038549757519,0.3162543068085986,0.0043927550523491996,0.04005663040594355,1800000,3600000,2764800000,291.84000000000003
512,0.7806967428787663,0.3214908331137078,0.004380544425718308,0.03992333059436875,1800000,3600000,2770200000,292.41
513,0.7837254898164763,0.31756456270670885,0.0036303987114459334,0.03979047437576686,1800000,3600000,2775600000,292.98
514,0.7823081892088684,0.31795862369127637,0.0021932271722182087,0.039658060273956276,1800000,3600000,2781000000,293.55
515,0.7811225209658618,0.3223433258566089,0.003504280345352396,0.039526086817667866,1800000,3600000,2786400000,294.12
516,0.7797887198885823,0.31935194507163345,0.003992479565458209,0.03939455254052851,1800000,3600000,2791800000,294.69000000000005
517,0.7824986421453274,0.3139339074996822,0.004760493900374797,0.039263455981044894,1800000,3600000,2797200000,295.26000000000005
518,0.7814502911238157,0.3207234381969604,0.0037352928821608486,0.039132795682587256,1800000,3600000,2802600000,295.83000000000004
519,0.7792631158620714,0.31755690460655683,0.0032238934597871058,0.03900257019337312,1800000,3600000,2808000000,296.40000000000003
520,0.783481918580111,0.3134848801148257,0.003524916742697473,0.03887277806645128,1800000,3600000,2813400000,296.97
521,0.782724818534998,0.32010069150319015,0.0049717929591548944,0.03874341785968567,1800000,3600000,2818800000,297.54
522,0.7825833360282243,0.3145151692100152,0.002897419862415906,0.03861448813573931,1800000,3600000,2824200000,298.11
523,0.7818395199920704,0.3156480895700081,0.0033690845043637383,0.0384859874620584,1800000,3600000,2829600000,298.68
524,0.7826728684416697,0.313479587892366,0.0023381728005483346,0.03835791441085635,1800000,3600000,2835000000,299.25000000000006
525,0.7850223880619737,0.3141181580363697,0.00354092254200661,0.03823026755909793,1800000,3600000,2840400000,299.82000000000005
526,0.7814973656188411,0.31855707471180145,0.00532668667559898,0.038103045488483485,1800000,3600000,2845800000,300.39000000000004
527,0.7798357070414369,0.3228342773334429,0.0035852556344331053,0.03797624678543314,1800000,3600000,2851200000,300.96000000000004
528,0.7832151398000875,0.31409046932826024,0.0038638989221689794,0.03784987004107112,1800000,3600000,2856600000,301.53000000000003
529,0.7820694022645889,0.3147650506755862,0.002494681581697524,0.03772391385121006,1800000,3600000,2862000000,302.1
530,0.782084483840796,0.31438119221389643,0.004488862436877394,0.03759837681633546,1800000,3600000,2867400000,302.67
531,0.7808933443932877,0.3185910165125556,0.0020658538933295933,0.037473257541590074,1800000,3600000,2872800000,303.24
532,0.7817626604025232,0.32406288607358774,0.004635489664027018,0.03734855463675846,1800000,3600000,2878200000,303.81000000000006
533,0.7814860298166867,0.3180883694714446,0.004366428280822359,0.037224266716251495,1800000,3600000,2883600000,304.38000000000005
534,0.7812680201531267,0.31631650938260375,0.004486508018766744,0.037100392399091006,1800000,3600000,2889000000,304.95000000000005
535,0.7814037781728228,0.3225082340414257,0.003601623121724467,0.03697693030889443,1800000,3600000,2894400000,305.52000000000004
536,0.7807705675308138,0.3191530255715253,0.002898936327422252,0.03685387907385949,1800000,3600000,2899800000,306.09000000000003
537,0.780951277343297,0.3180549844377202,0.0035341542430718954,0.036731237326748954,1800000,3600000,2905200000,306.66
538,0.7836463618954455,0.3155772419130834,0.0035964954143152647,0.036609003704875506,1800000,3600000,2910600000,307.23
539,0.7797107114521612,0.3179231021774725,0.00420615447358126,0.036487176850086525,1800000,3600000,2916000000,307.8
540,0.7837338278236634,0.3135366714978752,0.003534974656980135,0.036365755408749034,1800000,3600000,2921400000,308.37000000000006
541,0.7822251365374819,0.315612663037151,0.0028434528256919382,0.036244738031734676,1800000,3600000,2926800000,308.94000000000005
542,0.7804810700759344,0.32102128654247924,0.001684579403917196,0.03612412337440466,1800000,3600000,2932200000,309.51000000000005
543,0.7820836315490638,0.31925487348326204,0.0032350885882697017,0.03600391009659489,1800000,3600000,2937600000,310.08000000000004
544,0.7803502013283901,0.31916860738783714,0.002302580871454408,0.035884096862601064,1800000,3600000,2943000000,310.65000000000003
545,0.782062034362156,0.31792009497934465,0.002179484771224957,0.03576468234116376,1800000,3600000,2948400000,311.22
546,0.7833427439933973,0.3164281998270219,0.0031206465136760916,0.035645665205453765,1800000,3600000,2953800000,311.79
547,0.7837633228016807,0.3138939709815772,0.0024743249433406087,0.035527044133057226,1800000,3600000,2959200000,312.36
548,0.7813958937114166,0.32217368348398673,0.002554778185296629,0.035408817805960995,1800000,3600000,2964600000,312.93
549,0.7810532378943047,0.31010403309465395,0.0027682362841469042,0.035290984910538004,1800000,3600000,2970000000,313.50000000000006
550,0.7797429018312723,0.31625302828208685,0.005268714684584262,0.03517354413753266,1800000,3600000,2975400000,314.07000000000005
551,0.7816217765126139,0.32352575282306417,0.0023886084796964717,0.03505649418204626,1800000,3600000,2980800000,314.64000000000004
552,0.7839777964268424,0.31820898561106337,0.0037599531178478724,0.03493983374352255,1800000,3600000,2986200000,315.21000000000004
553,0.7821825319120889,0.31966850377486145,0.0012148414712531818,0.03482356152573324,1800000,3600000,2991600000,315.78000000000003
554,0.7812290842848437,0.31708273631504863,0.0031556438305124306,0.03470767623676358,1800000,3600000,2997000000,316.35
555,0.784421152730105,0.31899650476606434,0.005661541326653363,0.034592176588998075,1800000,3600000,3002400000,316.92
556,0.7821101424566748,0.31610044146032357,0.0027862649078517995,0.03447706129910612,1800000,3600000,3007800000,317.49
557,0.7818031385196093,0.3156338874057051,0.0026145289991462116,0.03436232908802773,1800000,3600000,3013200000,318.06000000000006
558,0.785424619207395,0.32184524757212296,0.0017714598348090777,0.034247978680959405,1800000,3600000,3018600000,318.63000000000005
559,0.783882812891458,0.31161401620774054,0.0005790236194172481,0.03413400880733988,1800000,3600000,3024000000,319.20000000000005
560,0.78314547932896,0.3177274234532015,0.003040661278378681,0.03402041820083606,1800000,3600000,3029400000,319.77000000000004
561,0.7829273932317327,0.3176678672753194,0.0040329612537217795,0.03390720559932891,1800000,3600000,3034800000,320.34000000000003
562,0.7854647261297442,0.31602395769969605,0.0031837279137471586,0.033794369744899494,1800000,3600000,3040200000,320.91
563,0.782349074757637,0.3230497344619156,0.0018917523444046491,0.033681909383814906,1800000,3600000,3045600000,321.48
564,0.7832946155105889,0.3221368244865673,0.002914247367883824,0.033569823266514455,1800000,3600000,3051000000,322.05
565,0.7800545181596833,0.319969365884728,0.003407690928252458,0.03345811014759566,1800000,3600000,3056400000,322.62000000000006
566,0.7800890731636929,0.32280966129320776,0.0020158882225227263,0.03334676878580049,1800000,3600000,3061800000,323.19000000000005
567,0.7830927840796679,0.3133580824913411,0.0013872993231139092,0.03323579794400159,1800000,3600000,3067200000,323.76000000000005
568,0.7833235657666509,0.31412241599431256,0.001619388741732306,0.03312519638918843,1800000,3600000,3072600000,324.33000000000004
569,0.7817224749109479,0.31574689808063006,0.0034403849835334555,0.03301496289245373,1800000,3600000,3078000000,324.90000000000003
570,0.7839560985764891,0.31588379629830493,0.0032882642064592047,0.03290509622897971,1800000,3600000,3083400000,325.47
571,0.7806970046257256,0.31358746485196365,0.0026843901565753916,0.03279559517802455,1800000,3600000,3088800000,326.04
572,0.7801609377178601,0.3171703914775782,0.0036821853405102486,0.032686458522908766,1800000,3600000,3094200000,326.61
573,0.7826463134099593,0.3164811277559073,0.002048187257344963,0.03257768505100174,1800000,3600000,3099600000,327.18000000000006
574,0.7834362229179684,0.32391488231879645,0.00260161650188184,0.03246927355370822,1800000,3600000,3105000000,327.75000000000006
575,0.7814965877271626,0.32470143601763785,0.0021050423300027856,0.03236122282645489,1800000,3600000,3110400000,328.32000000000005
576,0.7855519732947448,0.3138514665116866,0.00398947811847499,0.03225353166867703,1800000,3600000,3115800000,328.89000000000004
577,0.7807480225878494,0.3190517835207771,0.0024677092321539777,0.03214619888380508,1800000,3600000,3121200000,329.46000000000004
578,0.7789109967800507,0.3249817302519607,0.003364889524805167,0.032039223279251454,1800000,3600000,3126600000,330.03000000000003
579,0.7797818733060655,0.3174441691320489,0.0014505976299808482,0.03193260366639722,1800000,3600000,3132000000,330.6
580,0.7816028111355596,0.31789685978787513,0.0033371757255269505,0.031826338860578916,1800000,3600000,3137400000,331.17
581,0.7815610212594806,0.3199835927070204,0.0025774426587672947,0.03172042768107538,1800000,3600000,3142800000,331.74
582,0.7823780539429845,0.317765968828248,0.0009532086963605869,0.031614868951094645,1800000,3600000,3148200000,332.31000000000006
583,0.7821243021993932,0.314040549495411,0.0023297446243402934,0.03150966149776084,1800000,3600000,3153600000,332.88000000000005
584,0.7837618711124958,0.3142486920565796,0.00249623025422899,0.03140480415210119,1800000,3600000,3159000000,333.45000000000005
585,0.7826776987155157,0.31958023682336073,0.003073049746659861,0.03130029574903299,1800000,3600000,3164400000,334.02000000000004
586,0.7830230762705129,0.31631337446668134,0.0027924961867745748,0.031196135127350685,1800000,3600000,3169800000,334.59000000000003
587,0.7821506653440683,0.3232617352679438,0.002299996990007068,0.03109232112971296,1800000,3600000,3175200000,335.16
588,0.7816358242587275,0.3177547423925756,0.0037583457423017797,0.0309888526026299,1800000,3600000,3180600000,335.73
589,0.781853400235857,0.31705425242338536,0.00183545403800881,0.030885728396450124,1800000,3600000,3186000000,336.3
590,0.7825443625491542,0.3192458575576646,0.003414304201864606,0.03078294736534807,1800000,3600000,3191400000,336.87000000000006
591,0.781149680144538,0.32060182279289967,0.0019708265282821257,0.030680508367311208,1800000,3600000,3196800000,337.44000000000005
592,0.7816318964700579,0.31911981328981776,0.004682435862245211,0.030578410264127404,1800000,3600000,3202200000,338.01000000000005
593,0.7814310616183779,0.3217224764617221,0.0025177701483939247,0.030476651921372246,1800000,3600000,3207600000,338.58000000000004
594,0.7816169329540354,0.31889035815368794,0.003242616895719151,0.03037523220839642,1800000,3600000,3213000000,339.15000000000003
595,0.7818150027551521,0.3159809451849543,0.0032649940177959177,0.030274149998313186,1800000,3600000,3218400000,339.72
596,0.7835989014754158,0.3149161205728271,0.0023031925240737106,0.030173404167985855,1800000,3600000,3223800000,340.29
597,0.7826862381378129,0.3170147124821807,0.0030578245074685075,0.030072993598015248,1800000,3600000,3229200000,340.86
598,0.7822387955987331,0.3133648671785516,0.002594644848936181,0.029972917172727348,1800000,3600000,3234600000,341.43000000000006
599,0.7787382966401142,0.32428761218787644,0.002484541337549549,0.02987317378016085,1800000,3600000,3240000000,342.00000000000006
600,0.7809941664260398,0.3162388517974978,0.003832203759830908,0.029773762312054794,1800000,3600000,3245400000,342.57000000000005
601,0.782084695659102,0.31666546001724905,0.002276230094412949,0.029674681663836296,1800000,3600000,3250800000,343.14000000000004
602,0.7789478702470295,0.3210807852342087,0.0032076420750781,0.029575930734608246,1800000,3600000,3256200000,343.71000000000004
603,0.7816037958376297,0.3198728835831473,0.0037466189474179984,0.029477508427137096,1800000,3600000,3261600000,344.28000000000003
604,0.7843274154278607,0.3170958353735883,0.003319925754357437,0.029379413647840618,1800000,3600000,3267000000,344.85
605,0.7830970662850789,0.3180285651810257,0.0038300559613214887,0.02928164530677581,1800000,3600000,3272400000,345.42
606,0.7839060907637166,0.31964956032833824,0.004404762210475265,0.02918420231762678,1800000,3600000,3277800000,345.99000000000007
607,0.7831789600797898,0.31537964127357254,0.0036042031275768964,0.029087083597692635,1800000,3600000,3283200000,346.56000000000006
608,0.7793723562074308,0.3240070466000477,0.00027965868153015426,0.028990288067875493,1800000,3600000,3288600000,347.13000000000005
609,0.7818549025486449,0.31976724871429224,0.002234281621423963,0.028893814652668486,1800000,3600000,3294000000,347.70000000000005
610,0.7824506453947719,0.3205334700556681,0.0020770150333601525,0.028797662280143754,1800000,3600000,3299400000,348.27000000000004
611,0.7826499219176903,0.3135042432060758,0.002037121666588787,0.028701829881940626,1800000,3600000,3304800000,348.84000000000003
612,0.7791490114400598,0.3210379326858875,0.003087063782594381,0.0286063163932537,1800000,3600000,3310200000,349.41
613,0.7818913867555326,0.31399666373797025,0.001179286866478134,0.028511120752821004,1800000,3600000,3315600000,349.98
614,0.7845195177314552,0.314534337203765,0.0018317512666409619,0.028416241902912216,1800000,3600000,3321000000,350.55
615,0.7815078717823998,0.3172090608325063,0.003551459635584073,0.02832167878931693,1800000,3600000,3326400000,351.12000000000006
616,0.7834401132854688,0.31844927996465916,0.001690715575868969,0.028227430361332895,1800000,3600000,3331800000,351.69000000000005
617,0.7844118036166763,0.3168186207365616,0.001945835088232987,0.028133495571754392,1800000,3600000,3337200000,352.26000000000005
618,0.7841738713386205,0.31760452675842654,0.00038469005453858375,0.028039873376860563,1800000,3600000,3342600000,352.83000000000004
619,0.7815320324844732,0.3161139950320125,0.00209767693578626,0.027946562736403842,1800000,3600000,3348000000,353.40000000000003
620,0.7818671126737686,0.3173587713006874,0.0028370843987080463,0.027853562613598382,1800000,3600000,3353400000,353.97
621,0.7790751966870357,0.32052215921261196,0.0033428868082824785,0.02776087197510853,1800000,3600000,3358800000,354.54
622,0.783159323533098,0.32053133320267124,0.004559763423116042,0.027668489791037327,1800000,3600000,3364200000,355.11
623,0.7807343018320048,0.316745030057124,0.002785595293467104,0.027576415034915123,1800000,3600000,3369600000,355.68000000000006
624,0.7816115740740722,0.316636533611373,0.002432208315200821,0.027484646683688132,1800000,3600000,3375000000,356.25000000000006
625,0.780292780283815,0.31836735580022363,0.002343398629248626,0.02739318371770705,1800000,3600000,3380400000,356.82000000000005
626,0.7861948431543396,0.31249918886814704,0.003240269696832071,0.027302025120715785,1800000,3600000,3385800000,357.39000000000004
627,0.7799385319775634,0.31950517195121414,0.002643546656074935,0.027211169879840062,1800000,3600000,3391200000,357.96000000000004
628,0.7784024531413524,0.32234030873596287,0.002741344039316128,0.02712061698557629,1800000,3600000,3396600000,358.53000000000003
629,0.7795651270495114,0.3171342416150181,0.002762478803627655,0.027030365431780265,1800000,3600000,3402000000,359.1
630,0.7830671004798472,0.3176445774278804,0.0016806594840741373,0.02694041421565602,1800000,3600000,3407400000,359.67
631,0.780944837905553,0.32293493405726315,0.0011051428770053895,0.026850762337744662,1800000,3600000,3412800000,360.24000000000007
632,0.7835421586971206,0.316967548385313,0.0038246547736756936,0.026761408801913317,1800000,3600000,3418200000,360.81000000000006
633,0.78243615492541,0.3107172040680622,0.003714427129403396,0.02667235261534397,1800000,3600000,3423600000,361.38000000000005
634,0.7817489164279369,0.32285135653179425,0.002289580906381206,0.02658359278852253,1800000,3600000,3429000000,361.95000000000005
635,0.7813814465011738,0.318052546514943,0.002781670643877783,0.026495128335227797,1800000,3600000,3434400000,362.52000000000004
636,0.7822004655454066,0.3184053657859772,0.0010352812888957076,0.02640695827252048,1800000,3600000,3439800000,363.09000000000003
637,0.780135276892405,0.3184790571786108,0.0011929513646790522,0.02631908162073231,1800000,3600000,3445200000,363.66
638,0.7836366972562492,0.32027620481141483,0.0032053352131388236,0.026231497403455158,1800000,3600000,3450600000,364.23
639,0.7813067615860838,0.3187912076437605,0.003030897759230749,0.026144204647530124,1800000,3600000,3456000000,364.80000000000007
640,0.7822691292989822,0.3193877462389672,0.00095876479637296,0.026057202383036816,1800000,3600000,3461400000,365.37000000000006
641,0.7794396835264102,0.3218090515938836,0.002365622048616137,0.025970489643282507,1800000,3600000,3466800000,365.94000000000005
642,0.7800822341710353,0.32048767222052155,0.0016599645868077746,0.025884065464791422,1800000,3600000,3472200000,366.51000000000005
643,0.7805008802661129,0.312890248801407,0.002879466498361893,0.025797928887294017,1800000,3600000,3477600000,367.08000000000004
644,0.7839429573612703,0.3205281824670084,0.002869155610220974,0.02571207895371634,1800000,3600000,3483000000,367.65000000000003
645,0.780666387860618,0.31631833643240753,0.0026322363967414813,0.025626514710169333,1800000,3600000,3488400000,368.22
646,0.7799896728978668,0.3242115590263531,0.003593409673471635,0.025541235205938307,1800000,3600000,3493800000,368.79
647,0.7807313388845398,0.319281764506308,0.0008082114037388343,0.02545623949347234,1800000,3600000,3499200000,369.36
648,0.7852968978832795,0.3157209314823297,0.0015603677430570523,0.025371526628373754,1800000,3600000,3504600000,369.93000000000006
649,0.7823730860809778,0.3214083609736303,0.0013492055541710585,0.025287095669387614,1800000,3600000,3510000000,370.50000000000006
650,0.7826895577521489,0.322163971351994,0.0013368924708553934,0.025202945678391302,1800000,3600000,3515400000,371.07000000000005
651,0.7816806345617229,0.3159026035294492,0.0025127230138804442,0.02511907572038403,1800000,3600000,3520800000,371.64000000000004
652,0.7813778894274922,0.31707916187064433,0.0026230947465134607,0.02503548486347652,1800000,3600000,3526200000,372.21000000000004
653,0.7811326297838804,0.31267211294452824,0.0026136895689179112,0.024952172178880617,1800000,3600000,3531600000,372.78000000000003
654,0.7837247228035886,0.31585380781655575,0.0029771172986988305,0.024869136740898967,1800000,3600000,3537000000,373.35
655,0.7814060885166654,0.32403631075654077,0.0016804711781400147,0.024786377626914748,1800000,3600000,3542400000,373.92
656,0.7810270165869952,0.31864522869683753,0.0034953852472725533,0.024703893917381377,1800000,3600000,3547800000,374.49000000000007
657,0.7801729285529968,0.321289475603577,0.0016561802996653142,0.024621684695812353,1800000,3600000,3553200000,375.06000000000006
658,0.7825959539083582,0.3163659453434482,0.000814560358780077,0.02453974904877104,1800000,3600000,3558600000,375.63000000000005
659,0.778029798564358,0.3241941212940256,0.001946453988471307,0.02445808606586051,1800000,3600000,3564000000,376.20000000000005
660,0.7832989227347117,0.3213371555603116,0.001591109680389544,0.024376694839713452,1800000,3600000,3569400000,376.77000000000004
661,0.7796338252235033,0.31943385444868916,0.0018317348210951526,0.024295574465982076,1800000,3600000,3574800000,377.34000000000003
662,0.780285155988124,0.3166123241762323,0.0020287322258076184,0.024214724043328046,1800000,3600000,3580200000,377.91
663,0.7808191729889179,0.31746418042654345,0.0029406572674093444,0.02413414267341251,1800000,3600000,3585600000,378.48
664,0.7834240761906309,0.3118077564755213,0.002149625363717934,0.02405382946088608,1800000,3600000,3591000000,379.05000000000007
665,0.7842360055053484,0.316241128896557,0.0011378534354048765,0.02397378351337891,1800000,3600000,3596400000,379.62000000000006
666,0.7817535172622178,0.32248143691291475,0.0007051905179687556,0.02389400394149075,1800000,3600000,3601800000,380.19000000000005
667,0.7830632791817891,0.3162846676767799,0.0032203646980286053,0.023814489858781113,1800000,3600000,3607200000,380.76000000000005
668,0.7807689228585285,0.32098417157252884,0.00215335919881349,0.02373524038175934,1800000,3600000,3612600000,381.33000000000004
669,0.7822813236626747,0.3146043919871014,0.0006378873016854645,0.02365625462987489,1800000,3600000,3618000000,381.90000000000003
670,0.7808118575820658,0.3198870513002262,0.0030566474457664828,0.023577531725507483,1800000,3600000,3623400000,382.47
671,0.7823830471339963,0.31967501895499945,0.002347346430924533,0.023499070793957372,1800000,3600000,3628800000,383.04
672,0.7803851423561879,0.3181304848024187,0.004320116731278415,0.023420870963435616,1800000,3600000,3634200000,383.61
673,0.7828848115645805,0.3137680459600504,0.001148468002455048,0.02334293136505442,1800000,3600000,3639600000,384.18000000000006
674,0.7834713184043844,0.3234023833517734,0.0006185919857915098,0.02326525113281743,1800000,3600000,3645000000,384.75000000000006
675,0.7843320134168067,0.31457557641477096,0.001590451003286487,0.023187829403610152,1800000,3600000,3650400000,385.32000000000005
676,0.7821778132547786,0.31749988862068623,0.004277558020655619,0.023110665317190367,1800000,3600000,3655800000,385.89000000000004
677,0.7824711692749395,0.3155825385199548,0.0031054447954923445,0.023033758016178532,1800000,3600000,3661200000,386.46000000000004
678,0.7855081958498217,0.316888954263122,0.002897898239496338,0.022957106646048307,1800000,3600000,3666600000,387.03000000000003
679,0.783160248448157,0.3186389904391645,0.0009086863741628707,0.022880710355116993,1800000,3600000,3672000000,387.6
680,0.7816517772724991,0.312828361577277,0.0021245219465322617,0.02280456829453613,1800000,3600000,3677400000,388.17
681,0.7813461830603012,0.32132965087448706,0.0019128852848364348,0.022728679618282042,1800000,3600000,3682800000,388.74000000000007
682,0.7813511689613688,0.32066658657717645,0.0027148510732546267,0.02265304348314644,1800000,3600000,3688200000,389.31000000000006
683,0.7813544842700342,0.3166921733961758,0.00244264761380952,0.02257765904872704,1800000,3600000,3693600000,389.88000000000005
684,0.7829575889149468,0.31478374851249713,0.0008586426103210747,0.022502525477418246,1800000,3600000,3699000000,390.45000000000005
685,0.7827569489843637,0.3160756313576537,0.0032181596301228826,0.02242764193440181,1800000,3600000,3704400000,391.02000000000004
686,0.7831700211028606,0.31812626294438817,0.002342754360952964,0.02235300758763761,1800000,3600000,3709800000,391.59000000000003
687,0.7835372538022833,0.31724076575797633,0.0028735745324152814,0.02227862160785435,1800000,3600000,3715200000,392.16
688,0.7853171132473172,0.31964610612976563,0.0025223400664452266,0.02220448316854038,1800000,3600000,3720600000,392.73
689,0.7805268930991406,0.31927307312137765,0.00190516468717716,0.0221305914459345,1800000,3600000,3726000000,393.30000000000007
690,0.7826307756995474,0.3224313958788903,0.004482178170838698,0.022056945619016825,1800000,3600000,3731400000,393.87000000000006
691,0.7803001528320436,0.325276551996056,0.00212858040437706,0.02198354486949961,1800000,3600000,3736800000,394.44000000000005
692,0.7841461689080723,0.31643622426124834,0.0027455015982017004,0.02191038838181822,1800000,3600000,3742200000,395.01000000000005
693,0.782777352367778,0.31724967026065315,0.0002614792409834782,0.021837475343122043,1800000,3600000,3747600000,395.58000000000004
694,0.7822580809327528,0.31469801080278753,0.0003485372854734265,0.021764804943265458,1800000,3600000,3753000000,396.15000000000003
695,0.7800517977988797,0.3218733902524139,0.0016581500748596252,0.021692376374798823,1800000,3600000,3758400000,396.72
696,0.7812994616633915,0.31979905289304866,0.0023737334561133912,0.02162018883295954,1800000,3600000,3763800000,397.29
697,0.7822882554509196,0.3195532740780241,0.0038265771376258173,0.021548241515663043,1800000,3600000,3769200000,397.86000000000007
698,0.7818920440315154,0.3136327515205882,0.0018417285872624571,0.021476533623493964,1800000,3600000,3774600000,398.43000000000006
699,0.7807275141477802,0.3198879765228585,0.000773033181570032,0.021405064359697207,1800000,3600000,3780000000,399.00000000000006
700,0.7828256343674356,0.3218856939512761,0.002684919607608408,0.021333832930169112,1800000,3600000,3785400000,399.57000000000005
701,0.7803293630049919,0.3197444039478659,0.0013755306637519456,0.021262838543448622,1800000,3600000,3790800000,400.14000000000004
702,0.7834461594005679,0.3175057129636471,0.003626534694852682,0.02119208041070847,1800000,3600000,3796200000,400.71000000000004
703,0.7834136230573464,0.31570738482164695,0.0010589004762557941,0.02112155774574646,1800000,3600000,3801600000,401.28000000000003
704,0.7818733886582012,0.3228211611854253,0.002756889893712056,0.021051269764976704,1800000,3600000,3807000000,401.85
705,0.7825209996043531,0.31091533550011374,0.003170035123653158,0.020981215687420916,1800000,3600000,3812400000,402.42
706,0.7812868666607244,0.3166371606883783,0.0014666804708809668,0.02091139473469973,1800000,3600000,3817800000,402.99000000000007
707,0.7804337891950142,0.32204195230884153,0.0016604444373756325,0.020841806131024078,1800000,3600000,3823200000,403.56000000000006
708,0.7838544997523849,0.3177754520356444,0.0011879500047936274,0.020772449103186517,1800000,3600000,3828600000,404.13000000000005
709,0.7794434923141422,0.3230936684363236,0.0026528748733063877,0.0207033228805527,1800000,3600000,3834000000,404.70000000000005
710,0.781423197459806,0.32197462802488164,0.0016923781144654226,0.020634426695052777,1800000,3600000,3839400000,405.27000000000004
711,0.7831758308117965,0.3192745231335392,0.0018666422819500468,0.020565759781172862,1800000,3600000,3844800000,405.84000000000003
712,0.7811571579637877,0.31723000807062174,0.0032373495899403726,0.020497321375946544,1800000,3600000,3850200000,406.41
713,0.781571433761249,0.3141027347561109,0.001900523566229635,0.0204291107189464,1800000,3600000,3855600000,406.98
714,0.7793524559036317,0.3214944898644554,0.002082986828519429,0.020361127052275524,1800000,3600000,3861000000,407.55000000000007
715,0.782678253575742,0.3161364404306296,0.001104866562322997,0.020293369620559148,1800000,3600000,3866400000,408.12000000000006
716,0.779182886253641,0.3138554792559739,0.002804980266932741,0.020225837670936227,1800000,3600000,3871800000,408.69000000000005
717,0.7817976151090351,0.3179415220124362,0.001554860920116021,0.020158530453051063,1800000,3600000,3877200000,409.26000000000005
718,0.7815989911806449,0.3179422867814785,0.0011441844197279507,0.020091447219045,1800000,3600000,3882600000,409.83000000000004
719,0.7810012285249377,0.31839551832556473,0.002140862141148948,0.020024587223548076,1800000,3600000,3888000000,410.40000000000003
720,0.7805099882919608,0.31696719656126604,0.0012217959031492272,0.019957949723670754,1800000,3600000,3893400000,410.97
721,0.7813983859876446,0.31446034021434893,0.0019200478880456288,0.01989153397899569,1800000,3600000,3898800000,411.54
722,0.7799755169929097,0.3170057045714463,0.0018099430435534795,0.01982533925156948,1800000,3600000,3904200000,412.11000000000007
723,0.7804067226035984,0.31997753092882897,7.328882990469913e-05,0.019759364805894478,1800000,3600000,3909600000,412.68000000000006
724,0.7835496662353506,0.3186261273438069,0.002629747895457203,0.019693609908920603,1800000,3600000,3915000000,413.25000000000006
725,0.7807024173095819,0.3178978751855796,0.0015286212103327631,0.019628073830037226,1800000,3600000,3920400000,413.82000000000005
726,0.7804721221062968,0.3214762586777877,0.0019046177890330801,0.019562755841064997,1800000,3600000,3925800000,414.39000000000004
727,0.7781548523357427,0.31786280330748345,0.0030120769680461517,0.019497655216247817,1800000,3600000,3931200000,414.96000000000004
728,0.7815841858729854,0.3233797476293119,0.0,0.019432771232244746,1800000,3600000,3936600000,415.53000000000003
729,0.7818361614661802,0.31981210993562764,0.0012920956910077936,0.019368103168121962,1800000,3600000,3942000000,416.1
730,0.782237355759174,0.3155225219452724,0.0021247555568891054,0.019303650305344755,1800000,3600000,3947400000,416.6700000000001
731,0.7774083688784392,0.32844246443944086,0.0005579091004156709,0.01923941192776953,1800000,3600000,3952800000,417.24000000000007
732,0.7841909720691383,0.3199382661277463,0.0005233548522961603,0.019175387321635887,1800000,3600000,3958200000,417.81000000000006
733,0.7806769684568559,0.3143654574613857,0.0015216094353969357,0.019111575775558647,1800000,3600000,3963600000,418.38000000000005
734,0.7834819945803253,0.315589926044266,0.002056686340653512,0.01904797658051998,1800000,3600000,3969000000,418.95000000000005
735,0.7829854038287906,0.3173116392859179,0.0021836020847182205,0.01898458902986151,1800000,3600000,3974400000,419.52000000000004
736,0.7817549436419939,0.31707545759836736,0.0023930601802821436,0.01892141241927647,1800000,3600000,3979800000,420.09000000000003
737,0.7815884704581386,0.31918822902827876,0.0023058542218990213,0.01885844604680186,1800000,3600000,3985200000,420.66
738,0.7826281984348172,0.31756078762924256,0.0016037475030458719,0.018795689212810673,1800000,3600000,3990600000,421.23
739,0.7801011932141277,0.3180306808967112,0.001668900705993534,0.018733141220004107,1800000,3600000,3996000000,421.80000000000007
740,0.7783140238705551,0.32642706706071034,0.0028979315570554776,0.01867080137340383,1800000,3600000,4001400000,422.37000000000006
741,0.7800580248899097,0.3166489898009716,0.0020191075793487513,0.01860866898034423,1800000,3600000,4006800000,422.94000000000005
742,0.7840459862742921,0.3159346040543335,0.0007396175100356862,0.01854674335046476,1800000,3600000,4012200000,423.51000000000005
743,0.7839596100036563,0.31274765314729075,0.001551683999509819,0.018485023795702205,1800000,3600000,4017600000,424.08000000000004
744,0.783203560673537,0.31618292542984017,0.0011641389890624351,0.01842350963028311,1800000,3600000,4023000000,424.65000000000003
745,0.7818851608927513,0.3136390604458872,0.0027481125394743264,0.018362200170716117,1800000,3600000,4028400000,425.22
746,0.7828539201225836,0.31680414591068984,0.0015861786087277244,0.018301094735784378,1800000,3600000,4033800000,425.79
747,0.7804545680666541,0.32305628319476193,0.002297970415927883,0.018240192646537985,1800000,3600000,4039200000,426.36000000000007
748,0.7832695259885647,0.3163096291883374,0.002879809632994174,0.018179493226286442,1800000,3600000,4044600000,426.93000000000006
749,0.7818361411092739,0.3157612394822635,0.0,0.018118995800591103,1800000,3600000,4050000000,427.50000000000006
750,0.7828027783536484,0.31738065371654,0.001097054967593001,0.018058699697257735,1800000,3600000,4055400000,428.07000000000005
751,0.7810434220538216,0.3227168325267066,0.0007468762962686471,0.017998604246329014,1800000,3600000,4060800000,428.64000000000004
752,0.7815827122793276,0.32077328961356955,0.0015092764788964372,0.01793870878007709,1800000,3600000,4066200000,429.21000000000004
753,0.7825121349965668,0.3151682951963745,0.0015614184822816458,0.017879012632996176,1800000,3600000,4071600000,429.78000000000003
754,0.7838698530946195,0.31443704400063593,0.00048210926493973474,0.017819515141795115,1800000,3600000,4077000000,430.35
755,0.7805248920959755,0.3214512661761529,0.0006916939498424828,0.017760215645390067,1800000,3600000,4082400000,430.9200000000001
756,0.7830194540359557,0.3166022696739988,0.0,0.017701113484897137,1800000,3600000,4087800000,431.49000000000007
757,0.7798868247178873,0.3175333257616781,0.0031914508229190734,0.017642208003625034,1800000,3600000,4093200000,432.06000000000006
758,0.7841089797144801,0.31386104997890385,0.0027709098171827904,0.017583498547067807,1800000,3600000,4098600000,432.63000000000005
759,0.7797041893538427,0.32064663914172653,0.00115428186678645,0.017524984462897568,1800000,3600000,4104000000,433.20000000000005
760,0.7816319980462202,0.3150955281750599,0.0013136299489424613,0.01746666510095721,1800000,3600000,4109400000,433.77000000000004
761,0.7840919906820615,0.31472596442094736,0.001185493023677977,0.017408539813253226,1800000,3600000,4114800000,434.34000000000003
762,0.7809755583410899,0.3150635568406865,0.0008094920547722186,0.017350607953948487,1800000,3600000,4120200000,434.91
763,0.7795464600714549,0.31993074754113426,0.003335083513841629,0.017292868879355078,1800000,3600000,4125600000,435.4800000000001
764,0.7829067224799884,0.3136028590177461,0.0016020813420558953,0.017235321947927124,1800000,3600000,4131000000,436.05000000000007
765,0.7821879337481941,0.31563203882334784,0.0012009478378531408,0.017177966520253697,1800000,3600000,4136400000,436.62000000000006
766,0.7806577925365641,0.31139698502962776,0.0016905152186963378,0.01712080195905166,1800000,3600000,4141800000,437.19000000000005
767,0.7815484687601102,0.31919016059043887,0.0038383489024902554,0.017063827629158642,1800000,3600000,4147200000,437.76000000000005
768,0.784398370564173,0.3163402418936991,0.0023447778583581542,0.017007042897525942,1800000,3600000,4152600000,438.33000000000004
769,0.782497382128907,0.31633500922288915,0.0009887809695557652,0.016950447133211522,1800000,3600000,4158000000,438.90000000000003
770,0.7820274468855526,0.32464291153185204,0.000403563229177824,0.01689403970737297,1800000,3600000,4163400000,439.47
771,0.7824929924212071,0.3196413898803108,0.0,0.016837819993260533,1800000,3600000,4168800000,440.04
772,0.7820875321441447,0.31925304368636837,0.002056552690533443,0.016781787366210135,1800000,3600000,4174200000,440.61000000000007
773,0.7818528250406057,0.3245746829287035,0.0024905317617229645,0.016725941203636456,1800000,3600000,4179600000,441.18000000000006
774,0.7816931875545049,0.311987224449521,0.000122687043364676,0.016670280885026006,1800000,3600000,4185000000,441.75000000000006
775,0.7821380265283074,0.3189710858565497,0.0018196626375348445,0.01661480579193023,1800000,3600000,4190400000,442.32000000000005
776,0.7812186492063129,0.3152417960739661,0.001899721478404414,0.016559515307958635,1800000,3600000,4195800000,442.89000000000004
777,0.7832986284872204,0.31318953834703794,0.001398873487178932,0.016504408818771934,1800000,3600000,4201200000,443.46000000000004
778,0.7804144014034132,0.3196173235688894,0.0010340223206695158,0.01644948571207524,1800000,3600000,4206600000,444.03000000000003
779,0.7821370242150812,0.3206846233289942,0.0012363916955973626,0.016394745377611247,1800000,3600000,4212000000,444.6
780,0.782805524477798,0.3216824914045656,0.0,0.016340187207153453,1800000,3600000,4217400000,445.1700000000001
781,0.7821162107951604,0.3143075583858384,0.0015461134703095842,0.016285810594499402,1800000,3600000,4222800000,445.74000000000007
782,0.7829570659612055,0.3128733599687634,8.737879813435346e-05,0.016231614935463958,1800000,3600000,4228200000,446.31000000000006
783,0.7825856319312352,0.32097064747715376,3.4126216868347057e-05,0.01617759962787256,1800000,3600000,4233600000,446.88000000000005
784,0.7837873076832749,0.3145976469567498,0.001204077641600441,0.016123764071554577,1800000,3600000,4239000000,447.45000000000005
785,0.7847287371457148,0.3133308067086697,0.0,0.016070107668336605,1800000,3600000,4244400000,448.02000000000004
786,0.779705910899128,0.31640323444068685,0.0013009892072670564,0.01601662982203583,1800000,3600000,4249800000,448.59000000000003
787,0.7812324933273371,0.32172265850217086,0.001148106877464107,0.015963329938453414,1800000,3600000,4255200000,449.16
788,0.7793346053851135,0.3236802804600736,0.0012855544110026969,0.015910207425367886,1800000,3600000,4260600000,449.7300000000001
789,0.7815273016078502,0.3186075676517209,0.0013657598765624427,0.015857261692528542,1800000,3600000,4266000000,450.30000000000007
790,0.7799800396691148,0.31679803840159076,0.0016100659644261474,0.015804492151648922,1800000,3600000,4271400000,450.87000000000006
791,0.783574575985809,0.31681308160793215,0.0012607816554680326,0.015751898216400252,1800000,3600000,4276800000,451.44000000000005
792,0.7818615302711335,0.3146310816838182,0.00019478921865156594,0.015699479302404933,1800000,3600000,4282200000,452.01000000000005
793,0.7825198690519486,0.31253958672405935,0.0,0.015647234827230044,1800000,3600000,4287600000,452.58000000000004
794,0.7805407363390546,0.318807453398283,0.0015440059540505725,0.015595164210380888,1800000,3600000,4293000000,453.15000000000003
795,0.7807012740183272,0.3206675941353317,0.0015272872201885915,0.015543266873294511,1800000,3600000,4298400000,453.72
796,0.7844680242837756,0.3140265161074918,0.0,0.015491542239333302,1800000,3600000,4303800000,454.2900000000001
797,0.7818285665078788,0.32336521581838407,0.0009762704887942991,0.01543998973377857,1800000,3600000,4309200000,454.86000000000007
798,0.7824284546233339,0.3206408395038361,0.0029739453085344345,0.015388608783824179,1800000,3600000,4314600000,455.43000000000006
799,0.7829106786566529,0.31820480100840925,0.000865535531616775,0.015337398818570146,1800000,3600000,4320000000,456.00000000000006
800,0.7834303232133152,0.32113653130791403,0.0014898468136933,0.01528635926901634,1800000,3600000,4325400000,456.57000000000005
801,0.778188354014533,0.3183174668001513,0.0015130900151435914,0.01523548956805612,1800000,3600000,4330800000,457.14000000000004
802,0.7803437093600031,0.32110520930083186,0.0,0.01518478915047006,1800000,3600000,4336200000,457.71000000000004
803,0.7804922638837657,0.31604440306556464,4.924574280965564e-05,0.015134257452919677,1800000,3600000,4341600000,458.28000000000003
804,0.7823679868534413,0.3182872224527915,0.0012196341815060028,0.01508389391394114,1800000,3600000,4347000000,458.85
805,0.7815859732160064,0.3181661901770195,0.0016166868459582685,0.015033697973939058,1800000,3600000,4352400000,459.4200000000001
806,0.7827506920771672,0.31735968888523947,0.0032403062543662096,0.014983669075180239,1800000,3600000,4357800000,459.99000000000007
807,0.782772471553461,0.3181529148560304,0.0007160044775902899,0.014933806661787518,1800000,3600000,4363200000,460.56000000000006
808,0.7826589626964052,0.31337796055730754,0.0014130254301063837,0.014884110179733566,1800000,3600000,4368600000,461.13000000000005
809,0.7807479456192724,0.3152808877525762,0.0011086729479040341,0.01483457907683474,1800000,3600000,4374000000,461.70000000000005
810,0.7803521506441399,0.320240993843414,0.0018227497338415349,0.014785212802744946,1800000,3600000,4379400000,462.27000000000004
811,0.7809457149070508,0.3174636790941296,0.002247929141603541,0.014736010808949521,1800000,3600000,4384800000,462.84000000000003
812,0.7824702770852714,0.3149740475674212,0.000695147059527631,0.014686972548759124,1800000,3600000,4390200000,463.41
813,0.7790525923902653,0.323630157354857,0.0014815824317024385,0.014638097477303708,1800000,3600000,4395600000,463.9800000000001
814,0.7844265365081006,0.32082579126561805,0.00023267189449349202,0.014589385051526413,1800000,3600000,4401000000,464.55000000000007
815,0.7797843797113317,0.32013463812313336,0.0010520203534853819,0.014540834730177563,1800000,3600000,4406400000,465.12000000000006
816,0.7830724432152849,0.3148509198280717,0.0018066937146462994,0.014492445973808648,1800000,3600000,4411800000,465.69000000000005
817,0.7810810439911315,0.3181976396978088,0.0020626862525252028,0.014444218244766325,1800000,3600000,4417200000,466.26000000000005
818,0.7816944104565114,0.31754106598896564,0.0,0.01439615100718643,1800000,3600000,4422600000,466.83000000000004
819,0.7818409550254193,0.31730185501847863,0.001938884012678082,0.014348243726988055,1800000,3600000,4428000000,467.40000000000003
820,0.7825457592020149,0.31956888910265957,0.0018422523834932874,0.014300495871867599,1800000,3600000,4433400000,467.97
821,0.7823518591657317,0.3156966942333622,0.0015998369983286605,0.01425290691129284,1800000,3600000,4438800000,468.5400000000001
822,0.7827982221128341,0.3202417601844706,0.0012138818452951873,0.014205476316497063,1800000,3600000,4444200000,469.11000000000007
823,0.7813646193392481,0.3186849937796739,0.0,0.014158203560473181,1800000,3600000,4449600000,469.68000000000006
824,0.7826793017166248,0.3071669584270794,0.0003799447759331796,0.014111088117967848,1800000,3600000,4455000000,470.25000000000006
825,0.7824579939391696,0.3224129038253729,0.0014069359429612718,0.014064129465475665,1800000,3600000,4460400000,470.82000000000005
826,0.7798050097936802,0.3247118718979522,0.0011203880699522447,0.01401732708123335,1800000,3600000,4465800000,471.39000000000004
827,0.7834350762272856,0.3159869781246317,0.0009399703158233962,0.013970680445213924,1800000,3600000,4471200000,471.96000000000004
828,0.7832234807779007,0.3152679639949617,0.0005647039024285374,0.013924189039120962,1800000,3600000,4476600000,472.53000000000003
829,0.7831192455070549,0.31394762659024267,0.0001236275898560071,0.01387785234638279,1800000,3600000,4482000000,473.1000000000001
830,0.7808643026179152,0.3185580077433221,0.0029999366479213545,0.013831669852146802,1800000,3600000,4487400000,473.6700000000001
831,0.7818498447075315,0.3157591523144833,0.0009120047455027421,0.013785641043273693,1800000,3600000,4492800000,474.24000000000007
832,0.7840375347717881,0.31909303557573837,0.0008112777586858648,0.01373976540833178,1800000,3600000,4498200000,474.81000000000006
833,0.7815878962953836,0.32116152202164033,0.0,0.013694042437591319,1800000,3600000,4503600000,475.38000000000005
834,0.7815569631543282,0.3169288325696031,0.0005760138743651731,0.01364847162301883,1800000,3600000,4509000000,475.95000000000005
835,0.783607468392478,0.32037618981964994,0.0010352312609309162,0.013603052458271453,1800000,3600000,4514400000,476.52000000000004
836,0.7814165836897512,0.3178176700921546,0.001238313291003775,0.013557784438691338,1800000,3600000,4519800000,477.09000000000003
837,0.7824447575516876,0.31747504006029437,0.0020464694058326977,0.013512667061300028,1800000,3600000,4525200000,477.66
838,0.7802533650089162,0.32366644310407566,0.0010100896376551711,0.013467699824792862,1800000,3600000,4530600000,478.2300000000001
839,0.7818322047923547,0.31979583835755526,0.0,0.013422882229533415,1800000,3600000,4536000000,478.80000000000007
840,0.782976584460184,0.3146803762672141,0.001981918421597833,0.013378213777547955,1800000,3600000,4541400000,479.37000000000006
841,0.7788409631965739,0.31855489950801275,0.0,0.013333693972519876,1800000,3600000,4546800000,479.94000000000005
842,0.7848903442471215,0.314337601966892,0.000945339340751538,0.013289322319784223,1800000,3600000,4552200000,480.51000000000005
843,0.7810102647163517,0.3164465859668091,0.0006357391065146289,0.01324509832632218,1800000,3600000,4557600000,481.08000000000004
844,0.7830273109642778,0.3211028149694056,0.00037568612331669775,0.013201021500755583,1800000,3600000,4563000000,481.65000000000003
845,0.7805133666098044,0.32096178856299307,0.0010990051003347664,0.013157091353341475,1800000,3600000,4568400000,482.22
846,0.7817364261121184,0.3177919394377065,0.001423278909437576,0.013113307395966662,1800000,3600000,4573800000,482.7900000000001
847,0.7822201374560523,0.3183773419980355,0.002054629092760279,0.01306966914214226,1800000,3600000,4579200000,483.36000000000007
848,0.7809232387805417,0.3181831523987114,0.0,0.013026176106998346,1800000,3600000,4584600000,483.93000000000006
849,0.7808418947698124,0.3199125724309774,0.0004985029580796243,0.012982827807278526,1800000,3600000,4590000000,484.50000000000006
850,0.7805954068835609,0.32327674163386383,0.0022900712730993256,0.012939623761334574,1800000,3600000,4595400000,485.07000000000005
851,0.7806520189767895,0.3164590994488283,0.0013364148827121611,0.012896563489121101,1800000,3600000,4600800000,485.64000000000004
852,0.7814619955791311,0.31198532981483257,0.00027318017281969,0.012853646512190182,1800000,3600000,4606200000,486.21000000000004
853,0.7798801439304693,0.32290688452554783,0.0006779403101535339,0.012810872353686081,1800000,3600000,4611600000,486.78000000000003
854,0.7816654238188777,0.3185747316928159,0.0,0.012768240538339934,1800000,3600000,4617000000,487.3500000000001
855,0.7802916241476267,0.31691096986240974,0.0,0.01272575059246446,1800000,3600000,4622400000,487.9200000000001
856,0.785791565834574,0.31761574827474626,0.0,0.012683402043948716,1800000,3600000,4627800000,488.49000000000007
857,0.7833951816567633,0.31853550137959885,0.002527223780015947,0.012641194422252843,1800000,3600000,4633200000,489.06000000000006
858,0.7810128667674818,0.31534059573004375,0.0,0.012599127258402818,1800000,3600000,4638600000,489.63000000000005
859,0.7806239717091442,0.3158661446291812,0.002279085030273265,0.012557200084985287,1800000,3600000,4644000000,490.20000000000005
860,0.7809548409528915,0.31358214643520405,6.820031136284602e-05,0.012515412436142334,1800000,3600000,4649400000,490.77000000000004
861,0.7814388478532281,0.3213149538941086,0.0017889942808878123,0.012473763847566318,1800000,3600000,4654800000,491.34000000000003
862,0.7805430197815227,0.3145065510747981,0.0010717404014353373,0.01243225385649472,1800000,3600000,4660200000,491.9100000000001
863,0.7797994904128162,0.31518072194143604,1.127425106382232e-05,0.012390882001704991,1800000,3600000,4665600000,492.4800000000001
864,0.780365994530588,0.3209325669438548,0.0010430535387031343,0.01234964782350942,1800000,3600000,4671000000,493.05000000000007
865,0.7837596063113798,0.31665523623928216,0.0,0.012308550863750054,1800000,3600000,4676400000,493.62000000000006
866,0.7783686896388206,0.3232260289401755,0.0006786037372361548,0.012267590665793582,1800000,3600000,4681800000,494.19000000000005
867,0.78009564420493,0.3182380648489208,0.0006723404751714488,0.012226766774526273,1800000,3600000,4687200000,494.76000000000005
868,0.7797665594270274,0.3208278307630966,0.0011621463630628595,0.012186078736348917,1800000,3600000,4692600000,495.33000000000004
869,0.7828166599832348,0.3171883861086596,0.0,0.012145526099171784,1800000,3600000,4698000000,495.90000000000003
870,0.7798023075127382,0.31815400098316376,0.0009987734029235928,0.01210510841240959,1800000,3600000,4703400000,496.47
871,0.781818873023562,0.3123598441880175,0.001209093182609976,0.01206482522697652,1800000,3600000,4708800000,497.0400000000001
872,0.7828257377776501,0.3200369011399202,0.00013206754990345711,0.012024676095281203,1800000,3600000,4714200000,497.61000000000007
873,0.7815353703448807,0.3196811346761407,0.0,0.011984660571221769,1800000,3600000,4719600000,498.18000000000006
874,0.7800620680893766,0.3178262634393335,0.0017762866456534241,0.011944778210180869,1800000,3600000,4725000000,498.75000000000006
875,0.7854809436494236,0.3143804230889483,0.0009419062539377555,0.011905028569020754,1800000,3600000,4730400000,499.32000000000005
876,0.7835897999374539,0.3146122346102272,0.0,0.011865411206078324,1800000,3600000,4735800000,499.89000000000004
877,0.7833513038500246,0.31507182880540835,0.0022417185379554425,0.011825925681160258,1800000,3600000,4741200000,500.46000000000004
878,0.7849203206031834,0.31659893321000476,0.0,0.01178657155553809,1800000,3600000,4746600000,501.03000000000003
879,0.7833267350536833,0.3164959671780055,0.0016594854565052408,0.01174734839194336,1800000,3600000,4752000000,501.6000000000001
880,0.7809389186862934,0.32071405414521953,0.0018238397616370066,0.011708255754562732,1800000,3600000,4757400000,502.1700000000001
881,0.7836964999445676,0.3134675619807909,0.0003430469871153212,0.011669293209033163,1800000,3600000,4762800000,502.74000000000007
882,0.780328592897778,0.3149141825246278,0.0013241273125089313,0.011630460322437081,1800000,3600000,4768200000,503.31000000000006
883,0.7824189202166864,0.31781922563030945,0.0,0.01159175666329757,1800000,3600000,4773600000,503.88000000000005
884,0.7833317699611528,0.31623730919821624,0.0,0.011553181801573576,1800000,3600000,4779000000,504.45000000000005
885,0.7841761189017118,0.3130318322455578,0.0020352970172600546,0.011514735308655124,1800000,3600000,4784400000,505.02000000000004
886,0.7811250745087057,0.3212212911416199,0.0,0.011476416757358571,1800000,3600000,4789800000,505.59000000000003
887,0.7801532315791692,0.3216459736298575,0.0019419841989995333,0.011438225721921835,1800000,3600000,4795200000,506.1600000000001
888,0.7826927565776347,0.3222290125283657,0.0025229359065015453,0.011400161777999683,1800000,3600000,4800600000,506.7300000000001
889,0.7821968532696555,0.3181670161365359,0.0005896983731612781,0.01136222450265902,1800000,3600000,4806000000,507.30000000000007
890,0.7837964933440263,0.31975058222679337,0.001969483208237992,0.011324413474374167,1800000,3600000,4811400000,507.87000000000006
891,0.7839938435240974,0.31543933730802,0.0,0.011286728273022203,1800000,3600000,4816800000,508.44000000000005
892,0.7816241594514952,0.32045915075501435,0.0,0.011249168479878289,1800000,3600000,4822200000,509.01000000000005
893,0.7831187242475816,0.31754102671977774,0.0016640057042949055,0.011211733677610984,1800000,3600000,4827600000,509.58000000000004
894,0.7812918725874839,0.31513982412664004,0.00018099184331371533,0.01117442345027767,1800000,3600000,4833000000,510.15000000000003
895,0.7799163982603327,0.32006542509698577,0.00020481534713858059,0.011137237383319877,1800000,3600000,4838400000,510.72
896,0.7824422344847527,0.32044225948585664,0.0005093774803728094,0.011100175063558702,1800000,3600000,4843800000,511.2900000000001
897,0.7792094228094772,0.3236616954145682,0.0013870554982419537,0.01106323607919021,1800000,3600000,4849200000,511.86000000000007
898,0.7816908857383712,0.3223171202536274,0.0,0.011026420019780866,1800000,3600000,4854600000,512.4300000000001
899,0.7799618420214384,0.3238460643798872,0.0011378098271754978,0.010989726476262956,1800000,3600000,4860000000,513.0
900,0.7802056802843356,0.31774779192790176,0.0,0.010953155040930068,1800000,3600000,4865400000,513.57
901,0.7822943193558941,0.3185864659505555,0.0006494317308515518,0.010916705307432543,1800000,3600000,4870800000,514.1400000000001
902,0.7856916466332997,0.31679581102850873,0.0,0.010880376870772968,1800000,3600000,4876200000,514.71
903,0.7828910821698007,0.322479552370855,0.0,0.010844169327301678,1800000,3600000,4881600000,515.2800000000001
904,0.7827858699602018,0.3191720468347984,0.0004620545980945992,0.010808082274712251,1800000,3600000,4887000000,515.85
905,0.7824858913317124,0.3194193821222226,0.0018810337744313843,0.010772115312037072,1800000,3600000,4892400000,516.4200000000001
906,0.7814356051901478,0.3199737703207607,0.0,0.010736268039642852,1800000,3600000,4897800000,516.99
907,0.783465643560846,0.3141388959839001,0.0019377476999172653,0.010700540059226191,1800000,3600000,4903200000,517.5600000000001
908,0.7830026625398733,0.3199925951292641,0.0015971211337568237,0.010664930973809168,1800000,3600000,4908600000,518.1300000000001
909,0.7818021347147828,0.31980170991928336,0.0010408316327137823,0.010629440387734914,1800000,3600000,4914000000,518.7
910,0.7799962042456269,0.32151172016135005,0.0007693076256849925,0.010594067906663207,1800000,3600000,4919400000,519.2700000000001
911,0.7792282521230343,0.31574424947732677,0.0002462966999923128,0.010558813137566122,1800000,3600000,4924800000,519.84
912,0.7809797594590028,0.3188670246286106,0.0012660156750052137,0.01052367568872364,1800000,3600000,4930200000,520.4100000000001
913,0.7823681468253816,0.31643485266483296,0.0004857594040870734,0.010488655169719302,1800000,3600000,4935600000,520.98
914,0.7805195059740663,0.32373463229159427,0.0,0.010453751191435868,1800000,3600000,4941000000,521.5500000000001
915,0.7861840634090911,0.31345398814220193,0.0007820116478799476,0.010418963366051004,1800000,3600000,4946400000,522.12
916,0.7817407490139736,0.31971220366033437,0.0,0.01038429130703295,1800000,3600000,4951800000,522.69
917,0.7837273391892934,0.31958330668551505,0.0005288961147216904,0.010349734629136251,1800000,3600000,4957200000,523.2600000000001
918,0.7820662855187521,0.31662494887341325,0.0017950518794868989,0.010315292948397467,1800000,3600000,4962600000,523.83
919,0.7819976187158986,0.31420021599894754,0.0005538449561179354,0.0102809658821309,1800000,3600000,4968000000,524.4000000000001
920,0.7806432735024993,0.3213704091843058,0.0,0.010246753048924351,1800000,3600000,4973400000,524.97
921,0.7817743205308048,0.31243299355274246,0.0011772250727736574,0.010212654068634879,1800000,3600000,4978800000,525.5400000000001
922,0.7819371968282361,0.31613719124397377,0.0021700591923732946,0.010178668562384568,1800000,3600000,4984200000,526.11
923,0.7826683265112312,0.3212572392233506,0.002138795423527183,0.010144796152556337,1800000,3600000,4989600000,526.6800000000001
924,0.782585494351362,0.31653912565315134,0.0014479325164106147,0.010111036462789725,1800000,3600000,4995000000,527.2500000000001
925,0.7826017203559167,0.3237314253016372,2.596183409148416e-05,0.010077389117976725,1800000,3600000,5000400000,527.82
926,0.7814588928509074,0.3160253657593609,0.0013516117619008258,0.010043853744257604,1800000,3600000,5005800000,528.3900000000001
927,0.7820227094339817,0.31633100166394246,0.0002788119132427323,0.010010429969016745,1800000,3600000,5011200000,528.96
928,0.7820932996781924,0.3174341681656594,0.0007671457097514643,0.009977117420878534,1800000,3600000,5016600000,529.5300000000001
929,0.7803830526334142,0.32092713479430385,0.0006864333567137809,0.009943915729703197,1800000,3600000,5022000000,530.1
930,0.781663323564449,0.316337097059858,0.0013105776044858672,0.009910824526582717,1800000,3600000,5027400000,530.6700000000001
931,0.7797945496979642,0.3191953277258746,4.364448172991509e-05,0.009877843443836716,1800000,3600000,5032800000,531.24
932,0.7807041803471324,0.31915003068571796,0.00037629707924899137,0.009844972115008389,1800000,3600000,5038200000,531.8100000000001
933,0.7804243478043719,0.31746795217658685,0.0,0.009812210174860397,1800000,3600000,5043600000,532.3800000000001
934,0.7835892707285658,0.31916471489435305,0.0007123142487927821,0.009779557259370852,1800000,3600000,5049000000,532.95
935,0.7800858810751751,0.3247612523421172,0.0005577812068062982,0.00974701300572925,1800000,3600000,5054400000,533.5200000000001
936,0.7809583387034044,0.3175414726146372,0.001554369213008481,0.009714577052332429,1800000,3600000,5059800000,534.09
937,0.7809858587711671,0.32370545395056743,0.0,0.00968224903878058,1800000,3600000,5065200000,534.6600000000001
938,0.780965529394551,0.3149337758654332,0.0012253037594186678,0.009650028605873223,1800000,3600000,5070600000,535.23
939,0.7827758950821465,0.3170430701621989,0.0023119745004592245,0.009617915395605208,1800000,3600000,5076000000,535.8000000000001
940,0.7811484577644028,0.32222390806875517,0.0006781462072765054,0.009585909051162758,1800000,3600000,5081400000,536.37
941,0.7821159797817235,0.3184345151575623,0.001847658323152402,0.009554009216919498,1800000,3600000,5086800000,536.94
942,0.781091616705084,0.31866946811936225,0.00014026318775269833,0.009522215538432497,1800000,3600000,5092200000,537.5100000000001
943,0.7837348222732066,0.31363963258277827,0.002165501647036165,0.009490527662438332,1800000,3600000,5097600000,538.08
944,0.7830483157282927,0.31745583192606486,0.0008022690084065655,0.00945894523684917,1800000,3600000,5103000000,538.6500000000001
945,0.7819983446695554,0.3202897819313524,0.0009379355798454167,0.009427467910748841,1800000,3600000,5108400000,539.22
946,0.78041394729635,0.316603458862286,0.0005454849172351037,0.009396095334388952,1800000,3600000,5113800000,539.7900000000001
947,0.7819369818921792,0.32186144158288377,0.0004536682696935923,0.009364827159185005,1800000,3600000,5119200000,540.36
948,0.7815058632282943,0.31758933442474124,0.0009375058391977941,0.009333663037712504,1800000,3600000,5124600000,540.9300000000001
949,0.7805026312033186,0.3204992356012356,0.00025853146236580547,0.009302602623703115,1800000,3600000,5130000000,541.5000000000001
950,0.7829586713387179,0.32292577159047126,0.0,0.009271645572040809,1800000,3600000,5135400000,542.07
951,0.7833392760529934,0.31913513404190996,0.0006216910366855611,0.00924079153875802,1800000,3600000,5140800000,542.6400000000001
952,0.7822271263842626,0.3193117400975461,0.0011560477183873254,0.009210040181031845,1800000,3600000,5146200000,543.21
953,0.7847879545022499,0.3132633058948713,0.0,0.009179391157180212,1800000,3600000,5151600000,543.7800000000001
954,0.7812718091595438,0.32231252523489573,0.0003505758852238695,0.009148844126658095,1800000,3600000,5157000000,544.35
955,0.7836678467613529,0.3187688313074852,0.0,0.009118398750053738,1800000,3600000,5162400000,544.9200000000001
956,0.7797906619513054,0.3154342071928535,0.0010207055544531498,0.009088054689084853,1800000,3600000,5167800000,545.49
957,0.7839004259405982,0.3172809266341235,0.0,0.009057811606594903,1800000,3600000,5173200000,546.0600000000001
958,0.7827832441940631,0.31910195640898237,0.00048525314000931805,0.009027669166549323,1800000,3600000,5178600000,546.6300000000001
959,0.7795285121581198,0.324445866606711,0.0018804627265744155,0.008997627034031805,1800000,3600000,5184000000,547.2
960,0.7834443128124033,0.31697183354482994,0.0008123665234778248,0.008967684875240566,1800000,3600000,5189400000,547.7700000000001
961,0.7835423916718451,0.31979228543811106,0.0008169934528046005,0.00893784235748465,1800000,3600000,5194800000,548.34
962,0.7811415863591652,0.32119442007327004,0.0004550372194561897,0.008908099149180209,1800000,3600000,5200200000,548.9100000000001
963,0.7836264941170176,0.31667885879767027,0.0004865008239370585,0.008878454919846852,1800000,3600000,5205600000,549.48
964,0.7849286226526079,0.31622960409154693,0.0008051843782455185,0.008848909340103947,1800000,3600000,5211000000,550.0500000000001
965,0.7831042513288664,0.3148150022339744,0.0006351164906926755,0.00881946208166697,1800000,3600000,5216400000,550.62
966,0.7831537133606787,0.31672167410265156,0.0,0.008790112817343857,1800000,3600000,5221800000,551.19
967,0.7835764372970089,0.31524870932205157,0.0005845457072382141,0.008760861221031375,1800000,3600000,5227200000,551.7600000000001
968,0.7810687093245805,0.315172719595489,0.0003609637767000412,0.008731706967711477,1800000,3600000,5232600000,552.33
969,0.7835997258581257,0.3225049986027681,9.773019615227528e-05,0.008702649733447719,1800000,3600000,5238000000,552.9000000000001
970,0.7833392308212,0.31532025401376784,0.0012071809222778695,0.008673689195381645,1800000,3600000,5243400000,553.47
971,0.7821464864102498,0.31506297859034815,0.0,0.0086448250317292,1800000,3600000,5248800000,554.0400000000001
972,0.7820882552642296,0.316664897663035,0.0014771311559753776,0.008616056921777155,1800000,3600000,5254200000,554.61
973,0.7828929471474392,0.3166841862995972,0.0005153829429286294,0.008587384545879555,1800000,3600000,5259600000,555.1800000000001
974,0.7796700291456876,0.3198459358616963,0.0,0.00855880758545414,1800000,3600000,5265000000,555.7500000000001
975,0.7838320090056035,0.3202568863167537,0.002667344694936748,0.008530325722978842,1800000,3600000,5270400000,556.32
976,0.7818553154092025,0.3223027454325761,0.0,0.008501938641988227,1800000,3600000,5275800000,556.8900000000001
977,0.7826417013862307,0.3177562961606816,0.0008827985861211275,0.00847364602706999,1800000,3600000,5281200000,557.46
978,0.7829385930901215,0.3142553916115765,0.0030469649871103315,0.008445447563861456,1800000,3600000,5286600000,558.0300000000001
979,0.7804016903745417,0.322550363189109,0.0004553263633020729,0.008417342939046071,1800000,3600000,5292000000,558.6
980,0.7805643900904917,0.3202747598427448,0.0014113184275955286,0.008389331840349944,1800000,3600000,5297400000,559.1700000000001
981,0.781619091574172,0.3213996020889932,0.0005160046359960264,0.008361413956538348,1800000,3600000,5302800000,559.74
982,0.7806835801685102,0.3182830163173935,0.0016483764599394296,0.008333588977412296,1800000,3600000,5308200000,560.3100000000001
983,0.7837589260599784,0.31328215863133924,0.0010408947780050515,0.008305856593805061,1800000,3600000,5313600000,560.8800000000001
984,0.7835129622745363,0.3199204741276275,0.0,0.008278216497578768,1800000,3600000,5319000000,561.45
985,0.7797612104727776,0.32083280104126005,0.0008318036188878261,0.008250668381620944,1800000,3600000,5324400000,562.0200000000001
986,0.783019840147267,0.3165412466780799,1.0637496540381918e-05,0.008223211939841133,1800000,3600000,5329800000,562.59
987,0.7830721110746487,0.32160208915232624,0.0006300930317970949,0.008195846867167478,1800000,3600000,5335200000,563.1600000000001
988,0.7843056166799743,0.31949571381070757,0.0015698893131363815,0.008168572859543331,1800000,3600000,5340600000,563.73
989,0.781646014834922,0.31798527400931687,0.0017614075662648857,0.008141389613923886,1800000,3600000,5346000000,564.3000000000001
990,0.783270773596434,0.31740913766106466,0.0014169693806864712,0.008114296828272803,1800000,3600000,5351400000,564.8700000000001
991,0.7805599060958496,0.3224889500114944,0.0012541894563717357,0.008087294201558844,1800000,3600000,5356800000,565.44
992,0.7824454329871701,0.3180998710170264,0.0,0.00806038143375255,1800000,3600000,5362200000,566.0100000000001
993,0.7822804020526096,0.3188692333401377,0.0008729141967266426,0.008033558225822888,1800000,3600000,5367600000,566.58
994,0.7796833809309844,0.32318675369838673,0.0013241081272735242,0.008006824279733942,1800000,3600000,5373000000,567.1500000000001
995,0.7817895169234353,0.31860719191281217,0.0012295485149158725,0.00798017929844159,1800000,3600000,5378400000,567.72
996,0.7841097645355326,0.3200006458133552,0.00033316154147905,0.007953622985890214,1800000,3600000,5383800000,568.2900000000001
997,0.7848917541139786,0.31879522123761755,0.0011150977662892718,0.007927155047009393,1800000,3600000,5389200000,568.86
998,0.782928348761009,0.3082741642445742,0.0015438327104051741,0.007900775187710651,1800000,3600000,5394600000,569.4300000000001
999,0.7824366712767552,0.31481062639068674,0.0020892855529700063,0.007874483114884165,1800000,3600000,5400000000,570.0000000000001
