round,test_accuracy,train_objective,mfg,hfr_tau,downlink_bytes,uplink_bytes,cumulative_serialized_bytes,single_device_elapsed_seconds
0,0.5063009105548151,0.59301509070665,0.04547312412679646,0.22,1800000,9000000,10800000,0.6000000000000001
1,0.5082164329706724,0.5926454573413974,0.0459334854546423,0.2192678875319951,1800000,9000000,21600000,1.2000000000000002
2,0.5122128973498594,0.5918725992157575,0.04458616466627833,0.21853821137610757,1800000,9000000,32400000,1.8000000000000003
3,0.519498764596424,0.5799259739135164,0.04463477084133824,0.21781096342481698,1800000,9000000,43200000,2.4000000000000004
4,0.5250374574719043,0.5770349070817734,0.0437922974778567,0.21708613559758305,1800000,9000000,54000000,3.0000000000000004
5,0.5284944979286208,0.5694743012611291,0.04458059417700197,0.21636371984075584,1800000,9000000,64800000,3.6000000000000005
6,0.5352780746519176,0.562693802806021,0.043500520728479215,0.21564370812748615,1800000,9000000,75600000,4.200000000000001
7,0.5394831343923291,0.555956204041287,0.044379669795419165,0.21492609245763647,1800000,9000000,86400000,4.800000000000001
8,0.5452247261877204,0.54908052764219,0.04378938756152777,0.2142108648576919,1800000,9000000,97200000,5.4
9,0.5488146408142073,0.5534519724173301,0.04495494368929228,0.21349801738067178,1800000,9000000,108000000,6.000000000000001
10,0.5543348161541464,0.5442734425441385,0.04254162645858167,0.2127875421060413,1800000,9000000,118800000,6.600000000000001
11,0.5577688758786046,0.5349814369781369,0.043964140192092764,0.21207943113962338,1800000,9000000,129600000,7.200000000000001
12,0.5605933623953547,0.542533754966865,0.04279317536860246,0.2113736766135111,1800000,9000000,140400000,7.800000000000001
13,0.5652811064005365,0.5295838186196716,0.045200576586216595,0.2106702706859803,1800000,9000000,151200000,8.400000000000002
14,0.5698299855730086,0.5355084282774327,0.04240875649767081,0.20996920554140228,1800000,9000000,162000000,9.000000000000002
15,0.573454201173883,0.5244601064752111,0.04294071172663996,0.20927047339015709,1800000,9000000,172800000,9.600000000000001
16,0.5769207753180607,0.5298311978336614,0.04076096553136201,0.208574066468547,1800000,9000000,183600000,10.200000000000001
17,0.5795989247297582,0.5206652983217248,0.04289771413797387,0.2078799770387102,1800000,9000000,194400000,10.8
18,0.5861164575293746,0.5100136555393782,0.042829120315226774,0.20718819738853472,1800000,9000000,205200000,11.400000000000002
19,0.5907365769991231,0.5095917612802312,0.043283643222436746,0.2064987198315729,1800000,9000000,216000000,12.000000000000002
20,0.5937019712090147,0.5042105445308724,0.04172351826339687,0.2058115367069559,1800000,9000000,226800000,12.600000000000001
21,0.5980604773521211,0.506661102312371,0.0414268841624845,0.2051266403793086,1800000,9000000,237600000,13.200000000000003
22,0.600540025864305,0.49687984787356165,0.04074920332206105,0.20444402323866478,1800000,9000000,248400000,13.800000000000002
23,0.6018369611286575,0.5038545823515699,0.041556016363834596,0.20376367770038248,1800000,9000000,259200000,14.400000000000002
24,0.6094721548433509,0.48983503056455147,0.04112891754830273,0.20308559620505987,1800000,9000000,270000000,15.000000000000002
25,0.6112739870395839,0.4870565796660304,0.04081831338678206,0.20240977121845113,1800000,9000000,280800000,15.600000000000001
26,0.6113306141683049,0.4872012086801945,0.04001170542327949,0.20173619523138275,1800000,9000000,291600000,16.200000000000003
27,0.619420301165768,0.4813600532784113,0.040249711762,0.2010648607596702,1800000,9000000,302400000,16.800000000000004
28,0.6222271208181019,0.4793389326274701,0.039766532209308085,0.20039576034403467,1800000,9000000,313200000,17.400000000000002
29,0.6236908667709476,0.4831245716175346,0.03993225770331074,0.19972888655002022,1800000,9000000,324000000,18.000000000000004
30,0.6280644504600156,0.46966039457945225,0.04041634798526716,0.1990642319679111,1800000,9000000,334800000,18.6
31,0.6311866489480115,0.4728320531978263,0.04080998432284078,0.19840178921264964,1800000,9000000,345600000,19.200000000000003
32,0.632916290727257,0.4662332179016005,0.041560659921283286,0.19774155092375395,1800000,9000000,356400000,19.800000000000004
33,0.6390417937235441,0.4572886793790963,0.038009683724695285,0.1970835097652362,1800000,9000000,367200000,20.400000000000002
34,0.6412094295327883,0.4551663255546569,0.03845589557439167,0.19642765842552126,1800000,9000000,378000000,21.000000000000004
35,0.6406107243773529,0.45705687799059935,0.038622202032310156,0.19577398961736522,1800000,9000000,388800000,21.6
36,0.642007304441963,0.4580189233840451,0.03839748250871859,0.19512249607777465,1800000,9000000,399600000,22.200000000000003
37,0.6502723608987255,0.45074914426222124,0.037176130711124605,0.1944731705679257,1800000,9000000,410400000,22.800000000000004
38,0.6498777813062145,0.4473181576077967,0.03859949679145244,0.1938260058730838,1800000,9000000,421200000,23.400000000000002
39,0.6549767932629857,0.44663754211945217,0.038660532773232684,0.1931809948025235,1800000,9000000,432000000,24.000000000000004
40,0.6581391836201044,0.4437583844776949,0.040335818040943036,0.19253813018944846,1800000,9000000,442800000,24.600000000000005
41,0.6601349992778272,0.44396444661135515,0.035908369910498936,0.19189740489091192,1800000,9000000,453600000,25.200000000000003
42,0.6607222907452498,0.4415477703066745,0.039305917468367695,0.1912588117877373,1800000,9000000,464400000,25.800000000000004
43,0.6625868808662949,0.4420320101240032,0.037101991936882614,0.1906223437844391,1800000,9000000,475200000,26.400000000000006
44,0.6669245461427433,0.4321820326859359,0.03748258709270738,0.1899879938091441,1800000,9000000,486000000,27.000000000000004
45,0.6667405945238785,0.4323102509221088,0.03713684755683731,0.18935575481351272,1800000,9000000,496800000,27.600000000000005
46,0.6703135421363053,0.4292367245777159,0.038004638687492036,0.1887256197726607,1800000,9000000,507600000,28.200000000000003
47,0.6720796603569047,0.4302556548984718,0.037142830801454536,0.1880975816850811,1800000,9000000,518400000,28.800000000000004
48,0.6758076196315261,0.4246326036891108,0.03779563368085992,0.1874716335725665,1800000,9000000,529200000,29.400000000000006
49,0.6766685931644137,0.42308550382677157,0.03701323246720442,0.18684776848013143,1800000,9000000,540000000,30.000000000000004
50,0.6781867287929565,0.42248964218660007,0.0370070543318423,0.1862259794759351,1800000,9000000,550800000,30.600000000000005
51,0.6814675318980742,0.4189073125089767,0.03583242748230816,0.18560625965120442,1800000,9000000,561600000,31.200000000000003
52,0.6838805769920001,0.41718329544622484,0.035355047437170044,0.18498860212015716,1800000,9000000,572400000,31.800000000000004
53,0.6845882786355262,0.4134379948108065,0.035309326127974744,0.18437300001992551,1800000,9000000,583200000,32.400000000000006
54,0.6905770239177405,0.41147756452636886,0.03602399875545525,0.18375944651047985,1800000,9000000,594000000,33.00000000000001
55,0.6904466011116971,0.4076572301346393,0.03534989102531432,0.1831479347745526,1800000,9000000,604800000,33.60000000000001
56,0.6928336570199555,0.4113738295877268,0.03650531292445834,0.18253845801756263,1800000,9000000,615600000,34.2
57,0.6970440218663844,0.39760063258638345,0.036983383658414096,0.1819310094675397,1800000,9000000,626400000,34.800000000000004
58,0.6966563481678811,0.4021739923839261,0.035278274466521244,0.18132558237504928,1800000,9000000,637200000,35.400000000000006
59,0.69671982588225,0.3973347202136456,0.0360948375495231,0.18072217001311738,1800000,9000000,648000000,36.00000000000001
60,0.7033864430231306,0.3990068264771248,0.03615391190510605,0.18012076567715601,1800000,9000000,658800000,36.60000000000001
61,0.7045641005123601,0.39969057325306856,0.037796272715590516,0.1795213626848886,1800000,9000000,669600000,37.2
62,0.7048850072368436,0.3984273584413027,0.03561333708507886,0.17892395437627573,1800000,9000000,680400000,37.800000000000004
63,0.7086015598583452,0.39419836659039376,0.035812180861101384,0.17832853411344116,1800000,9000000,691200000,38.400000000000006
64,0.7095072012381703,0.39055953618301864,0.03487709371562521,0.17773509528059805,1800000,9000000,702000000,39.00000000000001
65,0.7092371327079133,0.38708321780845845,0.03303795353225171,0.17714363128397553,1800000,9000000,712800000,39.60000000000001
66,0.7122968676401354,0.3918848757929268,0.035048496109939806,0.17655413555174526,1800000,9000000,723600000,40.2
67,0.712213443963205,0.3860853996595474,0.03263853060940979,0.17596660153394866,1800000,9000000,734400000,40.800000000000004
68,0.7162730305760343,0.3833909476570308,0.03537088801684638,0.1753810227024239,1800000,9000000,745200000,41.400000000000006
69,0.714898104331368,0.38231961513958157,0.03351898690084345,0.17479739255073348,1800000,9000000,756000000,42.00000000000001
70,0.7193873352114543,0.3819937895019152,0.03282730820509774,0.17421570459409197,1800000,9000000,766800000,42.60000000000001
71,0.7215867891249433,0.37327105255344645,0.03312420604941068,0.17363595236929383,1800000,9000000,777600000,43.2
72,0.7203290418160779,0.378704258728796,0.03449766186360663,0.17305812943464177,1800000,9000000,788400000,43.800000000000004
73,0.7253797085704285,0.37572712694983423,0.03319117277496294,0.17248222936987492,1800000,9000000,799200000,44.400000000000006
74,0.7254892338932324,0.3757510190950167,0.03380200985401984,0.1719082457760978,1800000,9000000,810000000,45.00000000000001
75,0.7259853161131904,0.3752795224833921,0.03174844091007896,0.17133617227570908,1800000,9000000,820800000,45.60000000000001
76,0.7301665731627947,0.365795971402405,0.03422923351588525,0.17076600251233054,1800000,9000000,831600000,46.20000000000001
77,0.7316298334444344,0.36596013540605316,0.03197534489090576,0.17019773015073678,1800000,9000000,842400000,46.800000000000004
78,0.7322455425967656,0.366486887359012,0.033666996334471885,0.16963134887678458,1800000,9000000,853200000,47.400000000000006
79,0.7319450924864689,0.36775136688869803,0.034923997461212,0.16906685239734287,1800000,9000000,864000000,48.00000000000001
80,0.7352981701550858,0.36420433095290217,0.03132369228245924,0.16850423444022272,1800000,9000000,874800000,48.60000000000001
81,0.7366750105075167,0.3580693889172968,0.031064153935818108,0.1679434887541077,1800000,9000000,885600000,49.20000000000001
82,0.7361085196924018,0.3686845007722546,0.03234957887728459,0.16738460910848446,1800000,9000000,896400000,49.800000000000004
83,0.7361436717005297,0.3628896172769185,0.03236686374130841,0.16682758929357333,1800000,9000000,907200000,50.400000000000006
84,0.7402343554529348,0.35721728956271964,0.03281482017618703,0.1662724231202596,1800000,9000000,918000000,51.00000000000001
85,0.7420559699543462,0.3577173100186826,0.03401066521194007,0.1657191044200245,1800000,9000000,928800000,51.60000000000001
86,0.7444905613728798,0.35262937930361976,0.03219983027355337,0.16516762704487678,1800000,9000000,939600000,52.20000000000001
87,0.7436190880733295,0.35523887521654535,0.032242179078724405,0.16461798486728435,1800000,9000000,950400000,52.80000000000001
88,0.7412060059530826,0.3607833332913165,0.030498564295302465,0.16407017178010627,1800000,9000000,961200000,53.400000000000006
89,0.7430067366272967,0.3542898214194398,0.032885559799258425,0.16352418169652483,1800000,9000000,972000000,54.00000000000001
90,0.745153589744562,0.3551402012762191,0.03135253402225682,0.16298000854997793,1800000,9000000,982800000,54.60000000000001
91,0.7471657656375206,0.351070968507843,0.03085600381658816,0.16243764629409166,1800000,9000000,993600000,55.20000000000001
92,0.74957751463607,0.35492478991448717,0.03327742220896261,0.16189708890261317,1800000,9000000,1004400000,55.80000000000001
93,0.7486994182299771,0.3493225334464125,0.03177547327910458,0.16135833036934363,1800000,9000000,1015200000,56.400000000000006
94,0.7534777760175806,0.3476193397399653,0.03125067799995722,0.1608213647080716,1800000,9000000,1026000000,57.00000000000001
95,0.7508580939379148,0.3479044125656413,0.03244909280725546,0.16028618595250646,1800000,9000000,1036800000,57.60000000000001
96,0.7534969420925608,0.3465575095823711,0.030838524156968312,0.159752788156212,1800000,9000000,1047600000,58.20000000000001
97,0.751855022179592,0.34740584992082263,0.031076597172898915,0.15922116539254064,1800000,9000000,1058400000,58.80000000000001
98,0.7563083163306187,0.3409731496023866,0.03045381949153842,0.15869131175456724,1800000,9000000,1069200000,59.400000000000006
99,0.755550371603247,0.34320028243809675,0.030044408639439472,0.15816322135502375,1800000,9000000,1080000000,60.00000000000001
100,0.7584751865049202,0.3381181534431366,0.030631122820874702,0.15763688832623365,1800000,9000000,1090800000,60.60000000000001
101,0.7592504415449963,0.3428654436365528,0.03022762386460797,0.1571123068200467,1800000,9000000,1101600000,61.20000000000001
102,0.760059437624208,0.334370645870156,0.031074349228007787,0.15658947100777412,1800000,9000000,1112400000,61.80000000000001
103,0.7610380486263126,0.34055945861971937,0.027928461215087685,0.1560683750801238,1800000,9000000,1123200000,62.400000000000006
104,0.7617257804164341,0.3412358883918281,0.029483453139572877,0.1555490132471355,1800000,9000000,1134000000,63.00000000000001
105,0.760996836634926,0.34019610686605184,0.028846671548216903,0.15503137973811695,1800000,9000000,1144800000,63.60000000000001
106,0.7626387266474765,0.33498127998985683,0.029659206701148254,0.15451546880157935,1800000,9000000,1155600000,64.2
107,0.7626381189412172,0.33344936459172314,0.029297619866432208,0.15400127470517364,1800000,9000000,1166400000,64.80000000000001
108,0.7624519245874452,0.3383392986329741,0.028662180505202972,0.15348879173562682,1800000,9000000,1177200000,65.4
109,0.7654963811752523,0.33890554450096383,0.030039554163388618,0.1529780141986784,1800000,9000000,1188000000,66.00000000000001
110,0.7675480529954509,0.3333036525405056,0.028678154504483275,0.15246893641901713,1800000,9000000,1198800000,66.60000000000001
111,0.7678507489425501,0.3345456766209936,0.02865148316347436,0.15196155274021803,1800000,9000000,1209600000,67.20000000000002
112,0.767717118224561,0.329962419500036,0.027817201991685334,0.1514558575246794,1800000,9000000,1220400000,67.80000000000001
113,0.7720195832179164,0.33153945418683056,0.029068713259883437,0.1509518451535604,1800000,9000000,1231200000,68.4
114,0.7698878703655864,0.32903050085379376,0.02978606418165882,0.15044951002671828,1800000,9000000,1242000000,69.00000000000001
115,0.7703287328090582,0.32891624993364427,0.02907866074952277,0.14994884656264654,1800000,9000000,1252800000,69.60000000000001
116,0.7717942086175809,0.3250009907172249,0.028229213529450934,0.14944984919841262,1800000,9000000,1263600000,70.20000000000002
117,0.7720876354867794,0.32750144059009334,0.027398159427020438,0.14895251238959623,1800000,9000000,1274400000,70.80000000000001
118,0.7734184196856496,0.3328637338779909,0.027899558270788716,0.1484568306102277,1800000,9000000,1285200000,71.4
119,0.7722506667135862,0.3303449365423813,0.02645147320994959,0.14796279835272666,1800000,9000000,1296000000,72.00000000000001
120,0.7760517181115463,0.32221723571208605,0.02710348865806998,0.14747041012784065,1800000,9000000,1306800000,72.60000000000001
121,0.7726620674404546,0.3261667178045008,0.028449821749167856,0.14697966046458436,1800000,9000000,1317600000,73.20000000000002
122,0.7738301332666718,0.33115090645982226,0.028277244124922805,0.14649054391017868,1800000,9000000,1328400000,73.80000000000001
123,0.7752519435259219,0.32114495499063817,0.027259481242006566,0.14600305502999028,1800000,9000000,1339200000,74.4
124,0.7774465057020022,0.3191622434081753,0.02780735451388963,0.14551718840747094,1800000,9000000,1350000000,75.00000000000001
125,0.7768581497934323,0.3279643143532257,0.026756869095004774,0.14503293864409764,1800000,9000000,1360800000,75.60000000000001
126,0.7776529747069015,0.3236185119507755,0.02843619915463035,0.1445503003593125,1800000,9000000,1371600000,76.20000000000002
127,0.7791885156193095,0.3257725900883561,0.025910083549832826,0.14406926819046292,1800000,9000000,1382400000,76.80000000000001
128,0.7775667257125098,0.32552200262435405,0.027952197176346782,0.14358983679274215,1800000,9000000,1393200000,77.4
129,0.7823964624813529,0.31696242195018753,0.02658678792983962,0.14311200083912964,1800000,9000000,1404000000,78.00000000000001
130,0.7788462956739926,0.3196149668580555,0.025678572125834576,0.14263575502033213,1800000,9000000,1414800000,78.60000000000001
131,0.7814307114055511,0.3150516975149123,0.026188752084313403,0.14216109404472455,1800000,9000000,1425600000,79.20000000000002
132,0.7836469331318557,0.3182230877521211,0.025343010065344514,0.14168801263829112,1800000,9000000,1436400000,79.80000000000001
133,0.7813693691220811,0.32004779581686726,0.026169579952824828,0.14121650554456688,1800000,9000000,1447200000,80.4
134,0.7837558946633664,0.3166395788100887,0.024527846920745035,0.14074656752457937,1800000,9000000,1458000000,81.00000000000001
135,0.7849513256631178,0.3125686342947468,0.02543707643426553,0.14027819335679012,1800000,9000000,1468800000,81.60000000000001
136,0.7855317174324634,0.31302018033301743,0.02673967332922795,0.13981137783703693,1800000,9000000,1479600000,82.20000000000002
137,0.7841615263391546,0.31439308282751405,0.025971480628848406,0.13934611577847586,1800000,9000000,1490400000,82.80000000000001
138,0.7868515884240057,0.3081513349960583,0.02551966622035939,0.13888240201152371,1800000,9000000,1501200000,83.4
139,0.7872961813085592,0.31013526768684624,0.0253840712520093,0.13842023138380052,1800000,9000000,1512000000,84.00000000000001
140,0.7862677018350906,0.3105737057981531,0.026889584761903167,0.13795959876007233,1800000,9000000,1522800000,84.60000000000001
141,0.7855949974368927,0.3141885308991354,0.02699124549887412,0.13750049902219416,1800000,9000000,1533600000,85.20000000000002
142,0.7857190313281189,0.3104282238027254,0.024429855955224466,0.13704292706905308,1800000,9000000,1544400000,85.80000000000001
143,0.7851309023679888,0.3165561003827037,0.0251922349103768,0.13658687781651155,1800000,9000000,1555200000,86.4
144,0.7893631157545141,0.3137128498822099,0.026651390391069295,0.13613234619735098,1800000,9000000,1566000000,87.00000000000001
145,0.7862696669955492,0.312905560723246,0.02726277717767167,0.1356793271612154,1800000,9000000,1576800000,87.60000000000001
146,0.7904419341843278,0.3105881168111134,0.027442322771029728,0.1352278156745552,1800000,9000000,1587600000,88.20000000000002
147,0.7914392411999137,0.30670337324832486,0.02378191861641984,0.13477780672057155,1800000,9000000,1598400000,88.80000000000001
148,0.7914670897889969,0.30721379597649523,0.02453482062007967,0.13432929529916027,1800000,9000000,1609200000,89.40000000000002
149,0.7955183818863735,0.3046348557102486,0.025398272070272506,0.13388227642685652,1800000,9000000,1620000000,90.00000000000001
150,0.7913006119519429,0.30966058567573074,0.024839137124055652,0.13343674513677936,1800000,9000000,1630800000,90.60000000000001
151,0.7907377897111351,0.30934518810554806,0.024665198195940163,0.1329926964785765,1800000,9000000,1641600000,91.20000000000002
152,0.7932448636311319,0.307571830281762,0.023573862837437464,0.13255012551836945,1800000,9000000,1652400000,91.80000000000001
153,0.7915833249189913,0.3075513327025706,0.02662947231933624,0.1321090273386985,1800000,9000000,1663200000,92.40000000000002
154,0.7948617331347251,0.3011708828281368,0.02655416039702369,0.13166939703846825,1800000,9000000,1674000000,93.00000000000001
155,0.7929003170585002,0.3029641355219973,0.0256316193233371,0.13123122973289303,1800000,9000000,1684800000,93.60000000000001
156,0.7941076442564845,0.2999650126564088,0.02438477428816609,0.13079452055344276,1800000,9000000,1695600000,94.20000000000002
157,0.7939345197395556,0.3092238601407617,0.023851477277075987,0.13035926464778871,1800000,9000000,1706400000,94.80000000000001
158,0.7943568345355893,0.30216855086957584,0.024749037018823753,0.12992545717974963,1800000,9000000,1717200000,95.40000000000002
159,0.7973561729981344,0.2990557806102922,0.023983233479459364,0.12949309332923814,1800000,9000000,1728000000,96.00000000000001
160,0.7953589451730746,0.30217422755247325,0.022987623933177208,0.129062168292207,1800000,9000000,1738800000,96.60000000000001
161,0.7942279005809418,0.3047641490126711,0.024725034310351626,0.1286326772805958,1800000,9000000,1749600000,97.20000000000002
162,0.7959313690932759,0.3077364670641424,0.02491333885866105,0.12820461552227772,1800000,9000000,1760400000,97.80000000000001
163,0.7974485584382208,0.30787756098429486,0.023952094058968202,0.12777797826100667,1800000,9000000,1771200000,98.40000000000002
164,0.7969751889276322,0.30807906157431,0.02384547472853478,0.12735276075636423,1800000,9000000,1782000000,99.00000000000001
165,0.7957512837117987,0.3055928381746508,0.02251606602142885,0.12692895828370707,1800000,9000000,1792800000,99.60000000000001
166,0.7985316351988841,0.3003066802531934,0.02362793134096656,0.12650656613411448,1800000,9000000,1803600000,100.20000000000002
167,0.7969230675287335,0.3050803236718953,0.02336312810348701,0.12608557961433597,1800000,9000000,1814400000,100.80000000000001
168,0.800205047940096,0.30040217996064245,0.024707504280714596,0.12566599404673928,1800000,9000000,1825200000,101.40000000000002
169,0.7973762024082213,0.297128369677766,0.022916647126625844,0.12524780476925818,1800000,9000000,1836000000,102.00000000000001
170,0.8002597189890741,0.2974860953704123,0.023635765921878084,0.12483100713534084,1800000,9000000,1846800000,102.60000000000001
171,0.7990077104457689,0.29633281776214104,0.02173907939917831,0.12441559651389816,1800000,9000000,1857600000,103.20000000000002
172,0.7991589631408609,0.29856154272598884,0.02199151184230717,0.12400156828925231,1800000,9000000,1868400000,103.80000000000001
173,0.798028220455587,0.30141386420752103,0.02221211290958806,0.12358891786108542,1800000,9000000,1879200000,104.40000000000002
174,0.8021360041592143,0.3008752274991776,0.021450152475520953,0.12317764064438845,1800000,9000000,1890000000,105.00000000000001
175,0.8014145394686072,0.3004935112541182,0.022239579641014334,0.12276773206941036,1800000,9000000,1900800000,105.60000000000002
176,0.8000775878592187,0.3061294990414375,0.022271081264548503,0.1223591875816072,1800000,9000000,1911600000,106.20000000000002
177,0.8010982755289947,0.2915529898645993,0.022293253205293292,0.12195200264159156,1800000,9000000,1922400000,106.80000000000001
178,0.7983650769709814,0.3005439736585033,0.021342733813805925,0.12154617272508213,1800000,9000000,1933200000,107.40000000000002
179,0.8019461173265227,0.2975115825767144,0.023659023726949443,0.12114169332285347,1800000,9000000,1944000000,108.00000000000001
180,0.8029420734508859,0.29797068448380054,0.021550859596303547,0.12073855994068583,1800000,9000000,1954800000,108.60000000000002
181,0.805307874232334,0.29822104657297205,0.021132490551053193,0.12033676809931522,1800000,9000000,1965600000,109.20000000000002
182,0.8043472984781238,0.2950397456486069,0.021872233162167503,0.11993631333438377,1800000,9000000,1976400000,109.80000000000001
183,0.8032675567786487,0.29377630076340533,0.02084417797106737,0.11953719119638996,1800000,9000000,1987200000,110.40000000000002
184,0.8010064947552163,0.3024226158785147,0.020516843261256797,0.11913939725063923,1800000,9000000,1998000000,111.00000000000001
185,0.8034055914423229,0.29662053928489696,0.02035955962951569,0.11874292707719478,1800000,9000000,2008800000,111.60000000000002
186,0.8027956308179771,0.30378308893327366,0.021851928902195377,0.11834777627082839,1800000,9000000,2019600000,112.20000000000002
187,0.8034411033983884,0.28890314560820696,0.021194311996316505,0.11795394044097147,1800000,9000000,2030400000,112.80000000000001
188,0.8044785801089643,0.29313334391641027,0.02005447765836055,0.11756141521166627,1800000,9000000,2041200000,113.40000000000002
189,0.8033968063538025,0.2938604717442311,0.019519109121859664,0.11717019622151738,1800000,9000000,2052000000,114.00000000000001
190,0.8025471448311667,0.296394456548298,0.020960300776558888,0.11678027912364307,1800000,9000000,2062800000,114.60000000000002
191,0.804442044386809,0.2967447719762029,0.019381411789889242,0.11639165958562711,1800000,9000000,2073600000,115.20000000000002
192,0.8050612952825477,0.2910519576956934,0.01922022823085226,0.11600433328947068,1800000,9000000,2084400000,115.80000000000001
193,0.802838755041659,0.29856738002107824,0.020829989320878584,0.11561829593154425,1800000,9000000,2095200000,116.40000000000002
194,0.8048499463204313,0.29838206149833074,0.020053183993315588,0.11523354322253988,1800000,9000000,2106000000,117.00000000000001
195,0.8047614894133475,0.2923164060799587,0.02077927570225384,0.11485007088742354,1800000,9000000,2116800000,117.60000000000002
196,0.8047529311024899,0.2954939631455205,0.021648764687391173,0.11446787466538752,1800000,9000000,2127600000,118.20000000000002
197,0.802007744352503,0.29653822348482367,0.020407870598903765,0.11408695030980319,1800000,9000000,2138400000,118.80000000000001
198,0.8066643240653285,0.29483094788926845,0.021710704341832966,0.11370729358817382,1800000,9000000,2149200000,119.40000000000002
199,0.8034292796894889,0.2980042611905301,0.019960030317332362,0.1133289002820875,1800000,9000000,2160000000,120.00000000000001
200,0.8030630492600532,0.2993478785416576,0.020029942465233395,0.11295176618717025,1800000,9000000,2170800000,120.60000000000002
201,0.8045216991502815,0.2940428420993935,0.021948173267067796,0.11257588711303934,1800000,9000000,2181600000,121.20000000000002
202,0.8057878529912983,0.29356803968198275,0.019851731610494392,0.11220125888325679,1800000,9000000,2192400000,121.80000000000001
203,0.8044945972666062,0.29587957341851384,0.01963918557138769,0.11182787733528282,1800000,9000000,2203200000,122.40000000000002
204,0.8035302986358547,0.3028952474590863,0.018046958947968837,0.1114557383204297,1800000,9000000,2214000000,123.00000000000001
205,0.8050453685525119,0.2925935838593506,0.020599730155416333,0.11108483770381573,1800000,9000000,2224800000,123.60000000000002
206,0.8044004645657362,0.2930961780196672,0.020632902326612156,0.11071517136431909,1800000,9000000,2235600000,124.20000000000002
207,0.8034794948923321,0.29664928955819486,0.01800245166303203,0.11034673519453223,1800000,9000000,2246400000,124.80000000000001
208,0.8044687879560748,0.2969124757848759,0.0188367369672254,0.10997952510071608,1800000,9000000,2257200000,125.40000000000002
209,0.8039839379089602,0.2942086729412188,0.021450226051211274,0.10961353700275477,1800000,9000000,2268000000,126.00000000000001
210,0.8044150369246159,0.295448278356852,0.018743736328842076,0.1092487668341101,1800000,9000000,2278800000,126.60000000000002
211,0.8041665738627106,0.2982131349587104,0.020508764892374187,0.10888521054177641,1800000,9000000,2289600000,127.20000000000002
212,0.806393024405259,0.2954031330986772,0.01817698076549062,0.10852286408623565,1800000,9000000,2300400000,127.80000000000003
213,0.807500755357204,0.29898642003180254,0.01911745742148814,0.10816172344141232,1800000,9000000,2311200000,128.4
214,0.8058915086909453,0.29770511945550393,0.019512435960396316,0.1078017845946289,1800000,9000000,2322000000,129.00000000000003
215,0.8056746213670105,0.29556307376098484,0.018380870290400447,0.10744304354656116,1800000,9000000,2332800000,129.60000000000002
216,0.8035731837007005,0.2896933398874494,0.018528388384696,0.10708549631119377,1800000,9000000,2343600000,130.20000000000002
217,0.805002149224701,0.29299429926108705,0.020106530980850367,0.10672913891577596,1800000,9000000,2354400000,130.8
218,0.8061508559589533,0.3013583994052906,0.017211942745567352,0.1063739674007775,1800000,9000000,2365200000,131.4
219,0.8010003364424442,0.3012539902849575,0.0193504223492908,0.10601997781984454,1800000,9000000,2376000000,132.00000000000003
220,0.8035556519744693,0.2951228322338002,0.018063297277424645,0.10566716623975587,1800000,9000000,2386800000,132.60000000000002
221,0.8043329926480173,0.29037105148360176,0.018816276194603975,0.10531552874037918,1800000,9000000,2397600000,133.20000000000002
222,0.8064381123751082,0.2908939898546402,0.018508923002499934,0.10496506141462757,1800000,9000000,2408400000,133.8
223,0.8025209877965204,0.30141468037104924,0.017459150633976885,0.10461576036841601,1800000,9000000,2419200000,134.40000000000003
224,0.8031393753298921,0.29954620660090425,0.018624305856511644,0.10426762172061814,1800000,9000000,2430000000,135.00000000000003
225,0.8068851851628694,0.29489168853864517,0.01818032173870255,0.10392064160302324,1800000,9000000,2440800000,135.60000000000002
226,0.8025428683368775,0.29508769674911817,0.019084068207983074,0.10357481616029306,1800000,9000000,2451600000,136.20000000000002
227,0.8012332020023706,0.30217659744660025,0.018397639353362125,0.10323014154991914,1800000,9000000,2462400000,136.8
228,0.8054128137008715,0.29361869410548774,0.018576242514408946,0.10288661394218003,1800000,9000000,2473200000,137.40000000000003
229,0.8039825527714314,0.2916064631087769,0.01882248002426666,0.10254422952009878,1800000,9000000,2484000000,138.00000000000003
230,0.8057833192442214,0.2980296928040869,0.01811014144576421,0.10220298447940052,1800000,9000000,2494800000,138.60000000000002
231,0.8047922523080996,0.29003607791141406,0.017109238377056173,0.10186287502847018,1800000,9000000,2505600000,139.20000000000002
232,0.8044537777376123,0.2883011228753184,0.016664869009982885,0.10152389738831034,1800000,9000000,2516400000,139.8
233,0.804546796269262,0.29958425071052375,0.017114884087702294,0.1011860477924993,1800000,9000000,2527200000,140.40000000000003
234,0.8040036031000396,0.2948724888471809,0.018584520034140347,0.10084932248714917,1800000,9000000,2538000000,141.00000000000003
235,0.8048325849399482,0.2987242787317595,0.01807014184063166,0.10051371773086425,1800000,9000000,2548800000,141.60000000000002
236,0.803855109724771,0.2992015522180524,0.016748313045727208,0.1001792297946993,1800000,9000000,2559600000,142.20000000000002
237,0.8058344913659172,0.2957126802980555,0.017311062401053453,0.09984585496211829,1800000,9000000,2570400000,142.8
238,0.8077489617230426,0.29398319579994553,0.017931962294446546,0.09951358952895295,1800000,9000000,2581200000,143.40000000000003
239,0.8026824549960794,0.29541741458845916,0.018062260786768945,0.09918242980336175,1800000,9000000,2592000000,144.00000000000003
240,0.8044040786177215,0.29603448741685234,0.017655031025187253,0.09885237210578875,1800000,9000000,2602800000,144.60000000000002
241,0.8045452616531513,0.3011194669491558,0.018344645757850806,0.09852341276892282,1800000,9000000,2613600000,145.20000000000002
242,0.8051929932025013,0.29417933621083814,0.018782535087027,0.09819554813765684,1800000,9000000,2624400000,145.8
243,0.8050992921844842,0.29791385999173664,0.016731958568284692,0.09786877456904704,1800000,9000000,2635200000,146.40000000000003
244,0.8043954212599703,0.29609026198486343,0.016675316875795106,0.09754308843227269,1800000,9000000,2646000000,147.00000000000003
245,0.806082208248735,0.2886370509520464,0.015056648230252241,0.09721848610859557,1800000,9000000,2656800000,147.60000000000002
246,0.8053173288138882,0.2895930971213706,0.014933965302362621,0.09689496399131985,1800000,9000000,2667600000,148.20000000000002
247,0.8046007295036556,0.2914996571130315,0.01562629514016704,0.09657251848575199,1800000,9000000,2678400000,148.8
248,0.8056401825776341,0.2914391183926042,0.014516452997709837,0.09625114600916085,1800000,9000000,2689200000,149.40000000000003
249,0.8016452297746569,0.29379417737627156,0.017211715488915803,0.09593084299073784,1800000,9000000,2700000000,150.00000000000003
250,0.8068808042322047,0.29415247574711434,0.016225748547854725,0.0956116058715572,1800000,9000000,2710800000,150.60000000000002
251,0.8032589937374639,0.3009084097051597,0.01608672153039144,0.0952934311045366,1800000,9000000,2721600000,151.20000000000002
252,0.8039022563087361,0.29217574710177474,0.0167496609361514,0.09497631515439754,1800000,9000000,2732400000,151.8
253,0.8055103635113262,0.2942989551984816,0.015655368060389984,0.0946602544976262,1800000,9000000,2743200000,152.40000000000003
254,0.8046426389099884,0.2946134713785216,0.018252482706719815,0.09434524562243425,1800000,9000000,2754000000,153.00000000000003
255,0.8016770473139732,0.3010441153197127,0.015802320187423897,0.09403128502871988,1800000,9000000,2764800000,153.60000000000002
256,0.8046498632244103,0.2926978496908058,0.015641737836654998,0.09371836922802874,1800000,9000000,2775600000,154.20000000000002
257,0.806630688697682,0.29524557138734475,0.01717708136539607,0.09340649474351545,1800000,9000000,2786400000,154.8
258,0.8045587036153564,0.29412224728952957,0.017995774550510612,0.09309565810990474,1800000,9000000,2797200000,155.40000000000003
259,0.8038600955305155,0.29819076510309644,0.016636715913612495,0.09278585587345302,1800000,9000000,2808000000,156.00000000000003
260,0.8019588887463726,0.29552482419343684,0.015844866321536345,0.09247708459191002,1800000,9000000,2818800000,156.60000000000002
261,0.8046943131323163,0.2907989574221284,0.016121676338899462,0.09216934083448058,1800000,9000000,2829600000,157.20000000000002
262,0.805545241203052,0.2903199813197501,0.014809203396213125,0.09186262118178642,1800000,9000000,2840400000,157.8
263,0.8062399720185787,0.2964319811646009,0.015862817788597244,0.09155692222582827,1800000,9000000,2851200000,158.40000000000003
264,0.8052167760321705,0.2951627476215975,0.016541492838207418,0.0912522405699479,1800000,9000000,2862000000,159.00000000000003
265,0.8041387017748363,0.2921648328477165,0.015735331739249753,0.09094857282879044,1800000,9000000,2872800000,159.60000000000002
266,0.8043559219410077,0.2930243354206084,0.015562182972169528,0.09064591562826678,1800000,9000000,2883600000,160.20000000000002
267,0.8060324319574177,0.29134175587667427,0.01580949003716739,0.090344265605516,1800000,9000000,2894400000,160.8
268,0.8055632407458815,0.2930978680535908,0.015537416715223814,0.0900436194088681,1800000,9000000,2905200000,161.40000000000003
269,0.803252886303466,0.30124716884342356,0.014571377102613014,0.08974397369780665,1800000,9000000,2916000000,162.00000000000003
270,0.8031569826195281,0.2989757809677375,0.017346553827197613,0.08944532514293181,1800000,9000000,2926800000,162.60000000000002
271,0.8021726801133497,0.29751337566616615,0.01566855656117837,0.08914767042592323,1800000,9000000,2937600000,163.20000000000002
272,0.804806096815715,0.2940988028063484,0.015193991303773398,0.08885100623950319,1800000,9000000,2948400000,163.8
273,0.8055176953243162,0.29315400798335534,0.01642711031752581,0.08855532928739991,1800000,9000000,2959200000,164.40000000000003
274,0.8057442576749326,0.29753948247403683,0.014825933143377474,0.08826063628431091,1800000,9000000,2970000000,165.00000000000003
275,0.8049078521337785,0.2924537128630685,0.012972662251559892,0.08796692395586642,1800000,9000000,2980800000,165.60000000000002
276,0.8035009041922268,0.29558030961384646,0.014158242226900382,0.08767418903859311,1800000,9000000,2991600000,166.20000000000002
277,0.8046441162690662,0.2946069618143779,0.014277731976569785,0.0873824282798778,1800000,9000000,3002400000,166.8
278,0.8085058256437606,0.29175459183061425,0.01829072216602427,0.08709163843793126,1800000,9000000,3013200000,167.40000000000003
279,0.8029273717898223,0.2938953480685582,0.01517636409946023,0.08680181628175224,1800000,9000000,3024000000,168.00000000000003
280,0.8030222201375272,0.2938418292117191,0.013465962131469101,0.08651295859109161,1800000,9000000,3034800000,168.60000000000002
281,0.8060911577100033,0.2964208402435043,0.015151642750231028,0.0862250621564165,1800000,9000000,3045600000,169.20000000000002
282,0.8052087336978743,0.29678064913019797,0.013150563862567372,0.08593812377887465,1800000,9000000,3056400000,169.8
283,0.8028954270471302,0.2992630843969596,0.014172175445109932,0.08565214027025891,1800000,9000000,3067200000,170.40000000000003
284,0.8025821546338693,0.29858303200201636,0.015413244029745055,0.08536710845297184,1800000,9000000,3078000000,171.00000000000003
285,0.8035096988806577,0.2982049841078582,0.015311780376416702,0.08508302515999028,1800000,9000000,3088800000,171.60000000000002
286,0.8046497473870553,0.294718287176263,0.013659807199014252,0.08479988723483026,1800000,9000000,3099600000,172.20000000000002
287,0.8049594445145011,0.2951222522497142,0.01401256417729474,0.08451769153151197,1800000,9000000,3110400000,172.8
288,0.8028965345435015,0.2964342986042364,0.013106668130751413,0.08423643491452465,1800000,9000000,3121200000,173.40000000000003
289,0.8092403402161416,0.2918087739778831,0.01275471851316878,0.08395611425879189,1800000,9000000,3132000000,174.00000000000003
290,0.8047387634144261,0.2973540136614006,0.014213750296660483,0.08367672644963688,1800000,9000000,3142800000,174.60000000000002
291,0.8054589015023638,0.2963663449797362,0.013025426085341203,0.08339826838274775,1800000,9000000,3153600000,175.20000000000002
292,0.8041232299746083,0.2996009339221866,0.012944243731889092,0.08312073696414307,1800000,9000000,3164400000,175.80000000000004
293,0.8059835806328268,0.2929063030325438,0.013871967464398834,0.08284412911013761,1800000,9000000,3175200000,176.40000000000003
294,0.8042557404613188,0.2917391881385488,0.01345844177072041,0.0825684417473079,1800000,9000000,3186000000,177.00000000000003
295,0.8022985944865156,0.2968191856870947,0.014552016036607484,0.08229367181245818,1800000,9000000,3196800000,177.60000000000002
296,0.8040887885757293,0.30335202983431764,0.01278548816000623,0.08201981625258635,1800000,9000000,3207600000,178.20000000000002
297,0.8059568478583976,0.2924951543373124,0.01345306427420686,0.08174687202485005,1800000,9000000,3218400000,178.80000000000004
298,0.8028072908700533,0.2997593882332458,0.013840513967272535,0.08147483609653282,1800000,9000000,3229200000,179.40000000000003
299,0.8037574991406036,0.29691293147709946,0.013788181100779824,0.08120370544501043,1800000,9000000,3240000000,180.00000000000003
300,0.8058361850705235,0.2924830729533053,0.014087686893253471,0.08093347705771732,1800000,9000000,3250800000,180.60000000000002
301,0.8040582450257969,0.3046937337899091,0.015092899302525402,0.08066414793211302,1800000,9000000,3261600000,181.20000000000002
302,0.8044470576157924,0.2936814616936237,0.013644764277715108,0.080395715075649,1800000,9000000,3272400000,181.80000000000004
303,0.805727071285221,0.29430605545424066,0.013368617967098907,0.08012817550573513,1800000,9000000,3283200000,182.40000000000003
304,0.8028961874647713,0.296984378597334,0.013645540317512965,0.0798615262497068,1800000,9000000,3294000000,183.00000000000003
305,0.8054103907040935,0.2945921052026301,0.01351200593139531,0.07959576434479178,1800000,9000000,3304800000,183.60000000000002
306,0.8050553199711094,0.29089006257344097,0.014463069079181483,0.07933088683807722,1800000,9000000,3315600000,184.20000000000002
307,0.8058202455325633,0.2963745771384029,0.013469105970601433,0.07906689078647704,1800000,9000000,3326400000,184.80000000000004
308,0.8040404465720936,0.2971729276189654,0.011478400589242911,0.07880377325669904,1800000,9000000,3337200000,185.40000000000003
309,0.804855655033615,0.2969082054531651,0.013451287727108983,0.07854153132521242,1800000,9000000,3348000000,186.00000000000003
310,0.8047668593319389,0.29180872292926685,0.014389612358368437,0.07828016207821521,1800000,9000000,3358800000,186.60000000000002
311,0.8005550372174268,0.297664718731353,0.012261467933483624,0.07801966261160202,1800000,9000000,3369600000,187.20000000000002
312,0.8032081623595794,0.2891539248572363,0.013495646400266572,0.07776003003093164,1800000,9000000,3380400000,187.80000000000004
313,0.8057308472363585,0.2910017215713866,0.013177014472715022,0.07750126145139492,1800000,9000000,3391200000,188.40000000000003
314,0.8042325321351784,0.2953174960515069,0.012306040408806928,0.07724335399778277,1800000,9000000,3402000000,189.00000000000003
315,0.8054916357289343,0.2937042190192381,0.012088110236094875,0.07698630480445418,1800000,9000000,3412800000,189.60000000000002
316,0.8021387740150919,0.2953095237894122,0.011845247340636137,0.07673011101530436,1800000,9000000,3423600000,190.20000000000002
317,0.8061776434204714,0.28799637605756717,0.01357347922950355,0.07647476978373298,1800000,9000000,3434400000,190.80000000000004
318,0.8042337229352334,0.2953643487679297,0.011582172900482097,0.07622027827261263,1800000,9000000,3445200000,191.40000000000003
319,0.8029273192463006,0.2996773300402883,0.01058121839001903,0.07596663365425728,1800000,9000000,3456000000,192.00000000000003
320,0.8057847839530305,0.2974235257618317,0.013981182299221982,0.07571383311039072,1800000,9000000,3466800000,192.60000000000002
321,0.8043035065931206,0.29643105820284615,0.012403818836979654,0.07546187383211546,1800000,9000000,3477600000,193.20000000000002
322,0.8048055976709032,0.29631992656473194,0.01419873398878906,0.07521075301988138,1800000,9000000,3488400000,193.80000000000004
323,0.801884670473832,0.2980626530548088,0.010032303839655268,0.07496046788345459,1800000,9000000,3499200000,194.40000000000003
324,0.8045467975808802,0.2926193254479429,0.013112188782105868,0.0747110156418866,1800000,9000000,3510000000,195.00000000000003
325,0.8033856909840315,0.293125826609025,0.01188854296274851,0.07446239352348329,1800000,9000000,3520800000,195.60000000000002
326,0.8051295753828552,0.3007864099893428,0.013246223620989725,0.07421459876577408,1800000,9000000,3531600000,196.20000000000002
327,0.8085981460970336,0.2938809155022222,0.012870154650021498,0.07396762861548134,1800000,9000000,3542400000,196.80000000000004
328,0.8051113129263249,0.2979977853570821,0.013325993708352838,0.07372148032848977,1800000,9000000,3553200000,197.40000000000003
329,0.8029711715517798,0.2933391168465034,0.012096152610809263,0.07347615116981583,1800000,9000000,3564000000,198.00000000000003
330,0.8052762427582348,0.293196917008784,0.013498150507929022,0.07323163841357751,1800000,9000000,3574800000,198.60000000000002
331,0.8043971525061414,0.2949466829870699,0.01087868569253549,0.07298793934296385,1800000,9000000,3585600000,199.20000000000002
332,0.8040666251158615,0.2922705566237356,0.012889759813593676,0.0727450512502049,1800000,9000000,3596400000,199.80000000000004
333,0.8070964026572593,0.29167128225661865,0.01241608970521726,0.0725029714365416,1800000,9000000,3607200000,200.40000000000003
334,0.8010350770772525,0.29941568246535505,0.01211503665993603,0.07226169721219572,1800000,9000000,3618000000,201.00000000000003
335,0.8048691867653919,0.29137410857504303,0.01296110604639652,0.07202122589634008,1800000,9000000,3628800000,201.60000000000002
336,0.8036759898253217,0.2929866384528747,0.012734417697842537,0.07178155481706869,1800000,9000000,3639600000,202.20000000000002
337,0.8065460456105662,0.2932851623384598,0.011248311870476332,0.0715426813113671,1800000,9000000,3650400000,202.80000000000004
338,0.8025685290428868,0.2957502772600322,0.011114499535922232,0.07130460272508277,1800000,9000000,3661200000,203.40000000000003
339,0.8056948020623739,0.29619995469359434,0.012076503306324623,0.07106731641289565,1800000,9000000,3672000000,204.00000000000003
340,0.8055534414677787,0.29660598673767546,0.011439004346373164,0.0708308197382887,1800000,9000000,3682800000,204.60000000000002
341,0.8042915837607333,0.29593257609765783,0.012924142975812123,0.07059511007351867,1800000,9000000,3693600000,205.20000000000002
342,0.8046219571925715,0.29907581378514847,0.01126494671980681,0.07036018479958688,1800000,9000000,3704400000,205.80000000000004
343,0.8047983532261995,0.29646736678326013,0.00983378211312188,0.07012604130621002,1800000,9000000,3715200000,206.40000000000003
344,0.8075378588353636,0.29040895146939444,0.009690901586417493,0.06989267699179139,1800000,9000000,3726000000,207.00000000000003
345,0.8045284833956591,0.2950834481618115,0.01150462879918346,0.06966008926339172,1800000,9000000,3736800000,207.60000000000002
346,0.804460724323258,0.2952213648838113,0.012152387538766652,0.06942827553670051,1800000,9000000,3747600000,208.20000000000002
347,0.8021202312096901,0.29758687978654114,0.010523243748770362,0.06919723323600736,1800000,9000000,3758400000,208.80000000000004
348,0.8041227173536069,0.2943920038813909,0.010680690116311708,0.06896695979417317,1800000,9000000,3769200000,209.40000000000003
349,0.8022049144099925,0.29517888882288573,0.01113323026434095,0.06873745265260178,1800000,9000000,3780000000,210.00000000000003
350,0.8029160291824186,0.2989472587981374,0.011175818137576576,0.06850870926121148,1800000,9000000,3790800000,210.60000000000002
351,0.8044794287901467,0.2959708252537796,0.01149058390155674,0.06828072707840671,1800000,9000000,3801600000,211.20000000000005
352,0.8064093175071761,0.2941960226792564,0.010950459941601955,0.06805350357104971,1800000,9000000,3812400000,211.80000000000004
353,0.8050456149735327,0.297545518492517,0.00990722852885924,0.06782703621443252,1800000,9000000,3823200000,212.40000000000003
354,0.8073318130608131,0.29351616461451346,0.011867333276514146,0.06760132249224887,1800000,9000000,3834000000,213.00000000000003
355,0.8083250907664395,0.29322238700609715,0.00990967422598421,0.06737635989656618,1800000,9000000,3844800000,213.60000000000002
356,0.8037445258485248,0.29583709567518596,0.009536360592195507,0.06715214592779772,1800000,9000000,3855600000,214.20000000000005
357,0.8020236962357803,0.3004035789889969,0.011045974479566303,0.0669286780946749,1800000,9000000,3866400000,214.80000000000004
358,0.8056064358232188,0.298165864398621,0.011520688910567322,0.06670595391421945,1800000,9000000,3877200000,215.40000000000003
359,0.8058218832750207,0.29286642239353594,0.010083834473078047,0.066483970911716,1800000,9000000,3888000000,216.00000000000003
360,0.8017159943213311,0.29673330788431773,0.012294206662675562,0.06626272662068447,1800000,9000000,3898800000,216.60000000000002
361,0.8052792133412132,0.29361442027972173,0.011587780961954421,0.06604221858285264,1800000,9000000,3909600000,217.20000000000005
362,0.8034351375772478,0.29557240301161686,0.010791959706149967,0.06582244434812895,1800000,9000000,3920400000,217.80000000000004
363,0.8037202850216354,0.29276898970158005,0.011282222332092919,0.06560340147457523,1800000,9000000,3931200000,218.40000000000003
364,0.8066110194214651,0.29365892365756807,0.009930695779558647,0.06538508752837947,1800000,9000000,3942000000,219.00000000000003
365,0.8052252940654482,0.29549003081963865,0.009226463360202221,0.06516750008382895,1800000,9000000,3952800000,219.60000000000002
366,0.8062269771514458,0.29430634277740975,0.00929998839929596,0.06495063672328313,1800000,9000000,3963600000,220.20000000000005
367,0.8037305532529788,0.30017210789109433,0.010431130284327985,0.0647344950371469,1800000,9000000,3974400000,220.80000000000004
368,0.8052829212751522,0.29412812758084605,0.01074778618026403,0.06451907262384375,1800000,9000000,3985200000,221.40000000000003
369,0.8041838214098794,0.29673724294632,0.009607040415436065,0.06430436708978908,1800000,9000000,3996000000,222.00000000000003
370,0.8056689417877192,0.29259653917537926,0.010293520433726286,0.06409037604936363,1800000,9000000,4006800000,222.60000000000002
371,0.8041989731642613,0.29147239633302335,0.009352138430385407,0.063877097124887,1800000,9000000,4017600000,223.20000000000005
372,0.8050698586746695,0.29119308458957893,0.010616045865308977,0.06366452794659114,1800000,9000000,4028400000,223.80000000000004
373,0.8056301479068151,0.2934106067206468,0.011565925042809158,0.06345266615259412,1800000,9000000,4039200000,224.40000000000003
374,0.8054613937278758,0.295851244675523,0.009774376708239909,0.06324150938887384,1800000,9000000,4050000000,225.00000000000003
375,0.8069884736922277,0.29537041604957803,0.010625995512636594,0.06303105530924182,1800000,9000000,4060800000,225.60000000000002
376,0.8046098180174825,0.2993793591724968,0.010738827857359651,0.06282130157531728,1800000,9000000,4071600000,226.20000000000005
377,0.8052234393612093,0.2956615888833964,0.007834313747051555,0.06261224585650099,1800000,9000000,4082400000,226.80000000000004
378,0.8055546670067792,0.2917558042381527,0.01034366409667242,0.06240388582994949,1800000,9000000,4093200000,227.40000000000003
379,0.8065406097530587,0.2889786223323801,0.009779226013668771,0.06219621918054922,1800000,9000000,4104000000,228.00000000000003
380,0.8035461816448652,0.2998929674216484,0.008400047087476836,0.061989243600890837,1800000,9000000,4114800000,228.60000000000002
381,0.8052320162730815,0.2955634364148778,0.011864849187289188,0.06178295679124355,1800000,9000000,4125600000,229.20000000000005
382,0.803073171658914,0.2983767415384015,0.00917057349416333,0.06157735645952957,1800000,9000000,4136400000,229.80000000000004
383,0.8053472554277703,0.29565892807180155,0.008285806197728951,0.061372440321298655,1800000,9000000,4147200000,230.40000000000003
384,0.8052412489513239,0.2971183359101579,0.009564528128646815,0.06116820609970271,1800000,9000000,4158000000,231.00000000000003
385,0.8043679229895525,0.29289461690360996,0.01009962927873737,0.0609646515254705,1800000,9000000,4168800000,231.60000000000002
386,0.8042513923650662,0.29740696630773705,0.008485726268842931,0.060761774336882464,1800000,9000000,4179600000,232.20000000000005
387,0.8044075388396371,0.29268398738185425,0.009978173099793607,0.06055957227974552,1800000,9000000,4190400000,232.80000000000004
388,0.8077028733639449,0.29695072981756226,0.008694259914616915,0.06035804310736805,1800000,9000000,4201200000,233.40000000000003
389,0.8049441780894401,0.2899271993488897,0.009807731041184896,0.060157184580534956,1800000,9000000,4212000000,234.00000000000003
390,0.8050196555575931,0.29081483098489724,0.011912232753794563,0.05995699446748277,1800000,9000000,4222800000,234.60000000000002
391,0.8049092299692986,0.2952633780783512,0.009999381301836065,0.05975747054387485,1800000,9000000,4233600000,235.20000000000005
392,0.8040893239427404,0.29262724421155695,0.009687651718473243,0.05955861059277665,1800000,9000000,4244400000,235.80000000000004
393,0.8039354796819159,0.30205501431952736,0.00963012776273301,0.0593604124046311,1800000,9000000,4255200000,236.40000000000003
394,0.8025505821126191,0.29494583130885427,0.008896829099063535,0.0591628737772341,1800000,9000000,4266000000,237.00000000000003
395,0.8036414922108466,0.29325494040925404,0.011678249907489724,0.05896599251570996,1800000,9000000,4276800000,237.60000000000002
396,0.8055181429310351,0.2988560173736967,0.00958561180797042,0.058769766432487075,1800000,9000000,4287600000,238.20000000000005
397,0.8071032833970875,0.29646991006066004,0.010650330219588574,0.05857419334727365,1800000,9000000,4298400000,238.80000000000004
398,0.8060223401296179,0.29363204774339835,0.008103483283263732,0.05837927108703333,1800000,9000000,4309200000,239.40000000000003
399,0.8056145261752826,0.2977113623558234,0.008417787612590643,0.05818499748596127,1800000,9000000,4320000000,240.00000000000003
400,0.8059430611635724,0.2939408528974167,0.008259058680331624,0.05799137038545989,1800000,9000000,4330800000,240.60000000000002
401,0.8047128234296308,0.3023695568848032,0.009465051556151296,0.05779838763411496,1800000,9000000,4341600000,241.20000000000005
402,0.8040039914268073,0.2952570194596786,0.009719911332479089,0.05760604708767172,1800000,9000000,4352400000,241.80000000000004
403,0.803594346092058,0.29870318186408895,0.009489389748449978,0.057414346609011,1800000,9000000,4363200000,242.40000000000003
404,0.804314497391379,0.30198860715205583,0.009216005175041841,0.05722328406812549,1800000,9000000,4374000000,243.00000000000003
405,0.8048330835135451,0.28927648843375503,0.009272850540495597,0.05703285734209613,1800000,9000000,4384800000,243.60000000000002
406,0.802108466140658,0.2945527970267269,0.008111702878561087,0.05684306431506844,1800000,9000000,4395600000,244.20000000000005
407,0.805881845068278,0.29297790245515015,0.008090094372849835,0.05665390287822906,1800000,9000000,4406400000,244.80000000000004
408,0.802445602658598,0.2950873730858276,0.0077984534468986295,0.056465370929782294,1800000,9000000,4417200000,245.40000000000003
409,0.8062661212096179,0.30120584478921447,0.0085799430090591,0.05627746637492678,1800000,9000000,4428000000,246.00000000000003
410,0.804591239587795,0.29377013450879613,0.009135108422611464,0.05609018712583219,1800000,9000000,4438800000,246.60000000000002
411,0.803323611587432,0.2972417119673667,0.008657126406388813,0.05590353110161606,1800000,9000000,4449600000,247.20000000000005
412,0.8057330005350802,0.2974555113416341,0.01045052022258882,0.05571749622832065,1800000,9000000,4460400000,247.80000000000004
413,0.8058620072273739,0.2913321240512108,0.007499435160375092,0.05553208043888989,1800000,9000000,4471200000,248.40000000000003
414,0.8076804627464733,0.28806136410255656,0.008228603143814073,0.05534728167314643,1800000,9000000,4482000000,249.00000000000003
415,0.8054241057516831,0.2885852869000676,0.008284625222026047,0.05516309787776877,1800000,9000000,4492800000,249.60000000000002
416,0.8063241041375157,0.2918421890202261,0.009096939064276797,0.05497952700626836,1800000,9000000,4503600000,250.20000000000005
417,0.8051262448557772,0.2923128125190269,0.00782746683068982,0.054796567018967006,1800000,9000000,4514400000,250.80000000000004
418,0.8057411982945242,0.29331167149798787,0.009751143880445113,0.05461421588297405,1800000,9000000,4525200000,251.40000000000003
419,0.8069052391092677,0.2947005393232247,0.008675443563770625,0.05443247157216389,1800000,9000000,4536000000,252.00000000000003
420,0.8056913156451441,0.30137750276319386,0.008511136766329728,0.05425133206715343,1800000,9000000,4546800000,252.60000000000005
421,0.8032463568276116,0.2915001640160456,0.008575588518996743,0.05407079535527962,1800000,9000000,4557600000,253.20000000000005
422,0.8047561508776504,0.2991593550363544,0.00818851668588689,0.05389085943057717,1800000,9000000,4568400000,253.80000000000004
423,0.8058316979638829,0.2932473624956558,0.007685678080193353,0.05371152229375616,1800000,9000000,4579200000,254.40000000000003
424,0.8077644143537879,0.28344587181076575,0.007842984795812833,0.053532781952179885,1800000,9000000,4590000000,255.00000000000003
425,0.805768029011944,0.2943599924143824,0.009350474473627806,0.05335463641984271,1800000,9000000,4600800000,255.60000000000005
426,0.803638209780975,0.2919062690622068,0.007390954320463002,0.05317708371734802,1800000,9000000,4611600000,256.20000000000005
427,0.8052454959038579,0.2945054970219306,0.00866036897932712,0.05300012187188616,1800000,9000000,4622400000,256.8
428,0.8053355669855128,0.2939969921112668,0.008075852842512866,0.05282374891721258,1800000,9000000,4633200000,257.40000000000003
429,0.8037860081592012,0.29544596108605553,0.007108593977780824,0.052647962893626,1800000,9000000,4644000000,258.00000000000006
430,0.8052858606669261,0.29728848303212646,0.008704919693625773,0.05247276184794653,1800000,9000000,4654800000,258.6
431,0.8031690038889324,0.2999373397217589,0.007386899263783018,0.05229814383349411,1800000,9000000,4665600000,259.20000000000005
432,0.8039175049651271,0.2956807165173959,0.008011604590326307,0.05212410691006679,1800000,9000000,4676400000,259.8
433,0.8056946420652386,0.2914613364357124,0.009290931109867652,0.051950649143919156,1800000,9000000,4687200000,260.40000000000003
434,0.8032249108999902,0.30387906291840083,0.007955321647867032,0.05177776860774092,1800000,9000000,4698000000,261.00000000000006
435,0.8039983845820126,0.2899408066439312,0.007965119485348969,0.051605463380635486,1800000,9000000,4708800000,261.6
436,0.8041051996191759,0.2967990530679542,0.006391981310911633,0.05143373154809852,1800000,9000000,4719600000,262.20000000000005
437,0.8052077507091475,0.28939523714374427,0.008127479508261946,0.051262571201996794,1800000,9000000,4730400000,262.8
438,0.8064409603389529,0.2913596407835641,0.006275877021953523,0.05109198044054694,1800000,9000000,4741200000,263.40000000000003
439,0.8046504730302054,0.2935473662836851,0.010232038173599892,0.05092195736829428,1800000,9000000,4752000000,264.00000000000006
440,0.8061633074752456,0.29550747262514565,0.005270053566649211,0.05075250009609183,1800000,9000000,4762800000,264.6
441,0.8072728985349202,0.29148474489987164,0.006997054931040247,0.05058360674107924,1800000,9000000,4773600000,265.20000000000005
442,0.803940412082998,0.29447467060694216,0.009246805541389725,0.05041527542666197,1800000,9000000,4784400000,265.8
443,0.8068415931128498,0.2978975337490109,0.008296240634961234,0.05024750428249035,1800000,9000000,4795200000,266.40000000000003
444,0.8044830101399619,0.29193493924874775,0.00610875302798353,0.050080291444438804,1800000,9000000,4806000000,267.00000000000006
445,0.8056137637777405,0.29297136698947585,0.0067492540668924236,0.0499136350545852,1800000,9000000,4816800000,267.6
446,0.8041535120585926,0.30306945918258693,0.006741902545224601,0.04974753326119018,1800000,9000000,4827600000,268.20000000000005
447,0.8083933230188145,0.2925499160062706,0.006394357871940392,0.04958198421867652,1800000,9000000,4838400000,268.80000000000007
448,0.8059499287411973,0.2943321748446764,0.006392367761003045,0.04941698608760872,1800000,9000000,4849200000,269.40000000000003
449,0.8059955663263064,0.2967907223448965,0.008406297371801832,0.04925253703467255,1800000,9000000,4860000000,270.00000000000006
450,0.8048950637426185,0.29378914707927584,0.008409252671749221,0.04908863523265456,1800000,9000000,4870800000,270.6
451,0.8041374335076136,0.29520615334296574,0.006921942954321447,0.04892527886042197,1800000,9000000,4881600000,271.20000000000005
452,0.8052122242715432,0.2950477985302152,0.005938356264799901,0.048762466102902295,1800000,9000000,4892400000,271.80000000000007
453,0.8037928940344264,0.30076982136216474,0.008334752109202842,0.0486001951510632,1800000,9000000,4903200000,272.40000000000003
454,0.8041628735731096,0.29492322808963,0.00702938238936893,0.04843846420189246,1800000,9000000,4914000000,273.00000000000006
455,0.802448485691334,0.3006475555973336,0.007392291110616066,0.04827727145837786,1800000,9000000,4924800000,273.6
456,0.8053076655479562,0.2923430527103863,0.008077654495211913,0.04811661512948724,1800000,9000000,4935600000,274.20000000000005
457,0.8047022224883724,0.2974834588283724,0.008429039575680346,0.047956493430148656,1800000,9000000,4946400000,274.80000000000007
458,0.8044794781903685,0.29448238176672736,0.006552936516533492,0.047796904581230454,1800000,9000000,4957200000,275.40000000000003
459,0.8054275684938025,0.2987839982424726,0.0064670131456637985,0.04763784680952156,1800000,9000000,4968000000,276.00000000000006
460,0.8065914842270452,0.294922468231299,0.0055278199177663185,0.04747931834771174,1800000,9000000,4978800000,276.6
461,0.8043347459118253,0.28819691388740315,0.006777700538014933,0.04732131743437206,1800000,9000000,4989600000,277.20000000000005
462,0.8062987024251943,0.29563583279534983,0.0071102168541757015,0.047163842313935146,1800000,9000000,5000400000,277.80000000000007
463,0.8051571996026259,0.2946731229419021,0.007111480681355333,0.04700689123667585,1800000,9000000,5011200000,278.40000000000003
464,0.8042935869430743,0.300197963511607,0.006677857575951623,0.04685046245869167,1800000,9000000,5022000000,279.00000000000006
465,0.8036598670667043,0.30128124568838477,0.007879502813435663,0.04669455424188347,1800000,9000000,5032800000,279.6
466,0.8052084975737118,0.28797156086088466,0.007029335432148423,0.04653916485393615,1800000,9000000,5043600000,280.20000000000005
467,0.8053610659515776,0.2913588653625943,0.007434401160959733,0.046384292568299325,1800000,9000000,5054400000,280.80000000000007
468,0.8053932305758525,0.2984021518401413,0.006629270531254675,0.04622993566416824,1800000,9000000,5065200000,281.40000000000003
469,0.8039537356181551,0.29573601775118913,0.0072847130028834625,0.046076092426464606,1800000,9000000,5076000000,282.00000000000006
470,0.8050410838654544,0.29454819410119853,0.007789949542232253,0.04592276114581752,1800000,9000000,5086800000,282.6
471,0.8054740887785328,0.2901147258185166,0.006068640675883125,0.0457699401185445,1800000,9000000,5097600000,283.20000000000005
472,0.8051131683672695,0.29213046075995713,0.00741618360095559,0.04561762764663259,1800000,9000000,5108400000,283.80000000000007
473,0.8052014835619725,0.29296040689570557,0.00533305885369993,0.045465822037719386,1800000,9000000,5119200000,284.40000000000003
474,0.8057253358849162,0.2942445757292879,0.007376487770286307,0.045314521605074355,1800000,9000000,5130000000,285.00000000000006
475,0.8041191571495886,0.2976350172047042,0.005845198519249954,0.04516372466758004,1800000,9000000,5140800000,285.6
476,0.8037438772477418,0.3016748737970553,0.005786367891369141,0.04501342954971334,1800000,9000000,5151600000,286.20000000000005
477,0.8031827599021406,0.29702567096196747,0.006544976025214634,0.04486363458152695,1800000,9000000,5162400000,286.80000000000007
478,0.8042879911222821,0.292924304117648,0.0061281142925213635,0.044714338098630825,1800000,9000000,5173200000,287.40000000000003
479,0.8052837734778577,0.28971575763268165,0.006701087957906189,0.04456553844217358,1800000,9000000,5184000000,288.00000000000006
480,0.8051777058450172,0.291507760014725,0.006373243530002697,0.04441723395882419,1800000,9000000,5194800000,288.6
481,0.8060738694956048,0.29930765978967117,0.007830115921651625,0.04426942300075353,1800000,9000000,5205600000,289.20000000000005
482,0.8062378128275204,0.29526685299404976,0.0060893113227929304,0.04412210392561611,1800000,9000000,5216400000,289.80000000000007
483,0.8032863547978409,0.2932422179257148,0.0061613255084910674,0.04397527509653179,1800000,9000000,5227200000,290.40000000000003
484,0.8058697744314226,0.29430906613540914,0.005242968751641598,0.043828934882067634,1800000,9000000,5238000000,291.00000000000006
485,0.803916023193136,0.29310346335339676,0.0070000769436906795,0.043683081656219744,1800000,9000000,5248800000,291.6
486,0.8027790968919101,0.29744731102742933,0.004576802875550286,0.043537713798395224,1800000,9000000,5259600000,292.20000000000005
487,0.8019279629998844,0.298375497509615,0.007267126529663891,0.04339282969339417,1800000,9000000,5270400000,292.80000000000007
488,0.8035990448237764,0.29849388971981394,0.006135591739766631,0.04324842773139169,1800000,9000000,5281200000,293.40000000000003
489,0.8031242587827486,0.2943375219686428,0.0060047420437969136,0.04310450630792006,1800000,9000000,5292000000,294.00000000000006
490,0.8025461047181994,0.2980002974113578,0.004593328583234787,0.04296106382385086,1800000,9000000,5302800000,294.6
491,0.8061007812831704,0.29145815785946283,0.007675995432775303,0.042818098685377254,1800000,9000000,5313600000,295.20000000000005
492,0.8040737563885917,0.29581917037479677,0.00612407227684669,0.04267560930399622,1800000,9000000,5324400000,295.80000000000007
493,0.8051836170676779,0.29568456508702534,0.0050715935154543,0.04253359409649095,1800000,9000000,5335200000,296.40000000000003
494,0.8073925969421499,0.29271243364843935,0.006981300792103462,0.04239205148491322,1800000,9000000,5346000000,297.00000000000006
495,0.8043973969407502,0.30059421446773865,0.006244717189775804,0.04225097989656591,1800000,9000000,5356800000,297.6
496,0.8060249329267971,0.2975289812089434,0.0058217737354162675,0.042110377763985456,1800000,9000000,5367600000,298.20000000000005
497,0.8049122410474244,0.29082965916945935,0.006755032572173399,0.041970243524924504,1800000,9000000,5378400000,298.80000000000007
498,0.8055556271371541,0.29628896039154407,0.007291863080028752,0.04183057562233452,1800000,9000000,5389200000,299.40000000000003
499,0.8050894175724987,0.293641215874154,0.005726367696779402,0.04169137250434846,1800000,9000000,5400000000,300.00000000000006
500,0.8027898716330648,0.2953196271992458,0.004709349619420342,0.041552632624263605,1800000,9000000,5410800000,300.6
501,0.8053758444605003,0.3005338906564259,0.007815652389004089,0.0414143544405243,1800000,9000000,5421600000,301.20000000000005
502,0.8026291104465815,0.2984684468554704,0.007063540394466654,0.04127653641670483,1800000,9000000,5432400000,301.80000000000007
503,0.8045467423291952,0.2938970256198346,0.006239510766077159,0.04113917702149243,1800000,9000000,5443200000,302.40000000000003
504,0.8054463130789041,0.29645656773729956,0.0033639530107681228,0.04100227472867019,1800000,9000000,5454000000,303.00000000000006
505,0.8055657295156327,0.295855756251944,0.006070509099172433,0.0408658280171001,1800000,9000000,5464800000,303.6
506,0.8053362339954598,0.2994408992324517,0.006448525453963328,0.04072983537070618,1800000,9000000,5475600000,304.20000000000005
507,0.803921434150616,0.2979316910634899,0.00706787126438369,0.04059429527845764,1800000,9000000,5486400000,304.80000000000007
508,0.8043889614003027,0.2956356870321936,0.006163506543911578,0.04045920623435205,1800000,9000000,5497200000,305.40000000000003
509,0.8045441908988334,0.30010078750669594,0.007045523121986832,0.040324566737398634,1800000,9000000,5508000000,306.00000000000006
510,0.8042491743175249,0.29461351995900165,0.006716539017674762,0.040190375291601625,1800000,9000000,5518800000,306.6
511,0.805640696308761,0.29370986100573426,0.004600060902312516,0.04005663040594355,1800000,9000000,5529600000,307.20000000000005
512,0.8060482733630542,0.2968051064098556,0.0060479136358761705,0.03992333059436875,1800000,9000000,5540400000,307.80000000000007
513,0.8044238788565181,0.2990445764918314,0.004969843011457641,0.03979047437576686,1800000,9000000,5551200000,308.40000000000003
514,0.8062052342545677,0.2948286802445776,0.006490191908091039,0.039658060273956276,1800000,9000000,5562000000,309.00000000000006
515,0.8066284470632863,0.29107356436811166,0.004287419665860793,0.039526086817667866,1800000,9000000,5572800000,309.6
516,0.8022611404373161,0.296022751578223,0.00491143163763457,0.03939455254052851,1800000,9000000,5583600000,310.20000000000005
517,0.8038722599005366,0.28885995382383617,0.006366850398638676,0.039263455981044894,1800000,9000000,5594400000,310.80000000000007
518,0.8067206092041658,0.28859258128436965,0.006542893995706959,0.039132795682587256,1800000,9000000,5605200000,311.40000000000003
519,0.8035436799746045,0.301044513023838,0.005810555547624451,0.03900257019337312,1800000,9000000,5616000000,312.00000000000006
520,0.8050863240248084,0.29878210725939425,0.00469923000507759,0.03887277806645128,1800000,9000000,5626800000,312.6
521,0.8048446502615376,0.29350180413232874,0.005482830817162039,0.03874341785968567,1800000,9000000,5637600000,313.20000000000005
522,0.8024814072666142,0.29991790183697065,0.0056173455250131225,0.03861448813573931,1800000,9000000,5648400000,313.80000000000007
523,0.8034096244651298,0.2952543700222274,0.004703730876242309,0.0384859874620584,1800000,9000000,5659200000,314.40000000000003
524,0.8042531614369353,0.29711602417885985,0.004851832963679864,0.03835791441085635,1800000,9000000,5670000000,315.00000000000006
525,0.8039328392370844,0.2913821298714635,0.004402783304532917,0.03823026755909793,1800000,9000000,5680800000,315.6
526,0.8044142033606861,0.295162908641437,0.004641732555703794,0.038103045488483485,1800000,9000000,5691600000,316.20000000000005
527,0.8051938125939064,0.2934302283301878,0.005624715474870635,0.03797624678543314,1800000,9000000,5702400000,316.80000000000007
528,0.802527017041597,0.2985940122142871,0.00449371399757597,0.03784987004107112,1800000,9000000,5713200000,317.40000000000003
529,0.8074158458448596,0.2892265218795636,0.006354183310274304,0.03772391385121006,1800000,9000000,5724000000,318.00000000000006
530,0.8022462946753484,0.29597636661066995,0.004831436959666313,0.03759837681633546,1800000,9000000,5734800000,318.6
531,0.8052283156655821,0.29774840733,0.004959206499042818,0.037473257541590074,1800000,9000000,5745600000,319.20000000000005
532,0.8044875322779453,0.29225548785184596,0.0076733693044476765,0.03734855463675846,1800000,9000000,5756400000,319.80000000000007
533,0.8039586982577496,0.2989544465129562,0.004574328967634567,0.037224266716251495,1800000,9000000,5767200000,320.40000000000003
534,0.8052217098320372,0.2943373416475058,0.005495833796234442,0.037100392399091006,1800000,9000000,5778000000,321.00000000000006
535,0.803281999721925,0.30058500838832986,0.00457507612817741,0.03697693030889443,1800000,9000000,5788800000,321.6
536,0.8050884124682515,0.2988396356799323,0.0064812115125909495,0.03685387907385949,1800000,9000000,5799600000,322.20000000000005
537,0.8042808004605037,0.29642974944957434,0.004727290646188329,0.036731237326748954,1800000,9000000,5810400000,322.80000000000007
538,0.8073451211405919,0.29744169778679586,0.006415080889538573,0.036609003704875506,1800000,9000000,5821200000,323.40000000000003
539,0.8042035948347847,0.2992087766079239,0.005223927939912129,0.036487176850086525,1800000,9000000,5832000000,324.00000000000006
540,0.8050842675420106,0.2974670511970811,0.004872123068059778,0.036365755408749034,1800000,9000000,5842800000,324.6
541,0.8061401165281515,0.299351819924663,0.005931925118044058,0.036244738031734676,1800000,9000000,5853600000,325.20000000000005
542,0.8036906644506059,0.2929060385396942,0.005508667368416773,0.03612412337440466,1800000,9000000,5864400000,325.80000000000007
543,0.8038794368200001,0.29779005673504416,0.007462147021900929,0.03600391009659489,1800000,9000000,5875200000,326.40000000000003
544,0.8040835081447046,0.2959953934307711,0.004182959678310474,0.035884096862601064,1800000,9000000,5886000000,327.00000000000006
545,0.8037117116137713,0.2952612263059118,0.005734759798420478,0.03576468234116376,1800000,9000000,5896800000,327.6
546,0.8057187320378747,0.29529831639253307,0.005560690921273321,0.035645665205453765,1800000,9000000,5907600000,328.20000000000005
547,0.8051507418708214,0.2987394744542608,0.004450887800679761,0.035527044133057226,1800000,9000000,5918400000,328.80000000000007
548,0.804321792221346,0.2953173180116706,0.0037117853339346443,0.035408817805960995,1800000,9000000,5929200000,329.40000000000003
549,0.8071668950662955,0.29088332280549906,0.0060140042429559625,0.035290984910538004,1800000,9000000,5940000000,330.00000000000006
550,0.8041189452579924,0.29342848428795965,0.005688195680105894,0.03517354413753266,1800000,9000000,5950800000,330.6
551,0.804188481537944,0.29715603594990114,0.004593812415150796,0.03505649418204626,1800000,9000000,5961600000,331.20000000000005
552,0.803043849376197,0.2979630945182777,0.005456850359601006,0.03493983374352255,1800000,9000000,5972400000,331.80000000000007
553,0.8035045633790088,0.29836066166963593,0.005468035060689775,0.03482356152573324,1800000,9000000,5983200000,332.40000000000003
554,0.8067325007405055,0.29121892572418956,0.00370952214955776,0.03470767623676358,1800000,9000000,5994000000,333.00000000000006
555,0.8064466217100349,0.2977910995730482,0.0057246473105852045,0.034592176588998075,1800000,9000000,6004800000,333.6
556,0.8052388866804747,0.29459743408140593,0.00352840905592889,0.03447706129910612,1800000,9000000,6015600000,334.20000000000005
557,0.8065285300205038,0.2941187166732565,0.005480863406498587,0.03436232908802773,1800000,9000000,6026400000,334.80000000000007
558,0.8051000462197071,0.292671724542741,0.0050298820222868445,0.034247978680959405,1800000,9000000,6037200000,335.40000000000003
559,0.8042245897724298,0.29515929861258516,0.005879885974935611,0.03413400880733988,1800000,9000000,6048000000,336.00000000000006
560,0.8059294160392755,0.29383986996571987,0.004809127262251363,0.03402041820083606,1800000,9000000,6058800000,336.6
561,0.8032972129155551,0.29841056719298875,0.005804112700146224,0.03390720559932891,1800000,9000000,6069600000,337.20000000000005
562,0.8029711762126502,0.29487112138584964,0.004220361402040835,0.033794369744899494,1800000,9000000,6080400000,337.80000000000007
563,0.8045011131812179,0.2964814403347141,0.0028126255671100282,0.033681909383814906,1800000,9000000,6091200000,338.40000000000003
564,0.8042685080494533,0.2928307503139294,0.004797965509223571,0.033569823266514455,1800000,9000000,6102000000,339.00000000000006
565,0.8039982040115389,0.29806454709707014,0.005546401737769454,0.03345811014759566,1800000,9000000,6112800000,339.6
566,0.8053457257608646,0.2915680951945494,0.004779194930884462,0.03334676878580049,1800000,9000000,6123600000,340.20000000000005
567,0.8069585235151719,0.2954790449022304,0.0038071369573747745,0.03323579794400159,1800000,9000000,6134400000,340.80000000000007
568,0.8059436547461893,0.29206546350165924,0.0033867314096853772,0.03312519638918843,1800000,9000000,6145200000,341.40000000000003
569,0.8052485158561975,0.29267326226440676,0.005478375189485068,0.03301496289245373,1800000,9000000,6156000000,342.00000000000006
570,0.8031990201329128,0.29498014214073615,0.005916720209275439,0.03290509622897971,1800000,9000000,6166800000,342.6
571,0.8048954692635034,0.2968239664025628,0.003871858064360957,0.03279559517802455,1800000,9000000,6177600000,343.20000000000005
572,0.8058574254032717,0.28796096484085965,0.004351797233158351,0.032686458522908766,1800000,9000000,6188400000,343.80000000000007
573,0.8022825180425875,0.3006854225736653,0.004914308518205434,0.03257768505100174,1800000,9000000,6199200000,344.40000000000003
574,0.8032855486246708,0.29557980767271164,0.0044606627495845505,0.03246927355370822,1800000,9000000,6210000000,345.00000000000006
575,0.8032140710696287,0.29838626644389704,0.00478511229567798,0.03236122282645489,1800000,9000000,6220800000,345.6
576,0.8056669943563132,0.2919797443837669,0.0025276849456723183,0.03225353166867703,1800000,9000000,6231600000,346.20000000000005
577,0.8027941732718571,0.29630017776996836,0.00325771946132222,0.03214619888380508,1800000,9000000,6242400000,346.80000000000007
578,0.802725624959881,0.30111158291684414,0.002876099248538878,0.032039223279251454,1800000,9000000,6253200000,347.40000000000003
579,0.8070646265561796,0.29249016074552875,0.0047348524115670915,0.03193260366639722,1800000,9000000,6264000000,348.00000000000006
580,0.8042471187148728,0.2978905266635322,0.003331831535673642,0.031826338860578916,1800000,9000000,6274800000,348.6000000000001
581,0.8054845377370095,0.2954483107876515,0.005560798587396192,0.03172042768107538,1800000,9000000,6285600000,349.20000000000005
582,0.8037107360602807,0.2925753665360019,0.003929679157218005,0.031614868951094645,1800000,9000000,6296400000,349.80000000000007
583,0.8058372022210732,0.29111827785819977,0.005476518345244195,0.03150966149776084,1800000,9000000,6307200000,350.40000000000003
584,0.8057704320258796,0.29450444858179936,0.006066501803520489,0.03140480415210119,1800000,9000000,6318000000,351.00000000000006
585,0.8035842076536157,0.29782550887696413,0.0041430358349318274,0.03130029574903299,1800000,9000000,6328800000,351.6000000000001
586,0.8059093133157842,0.28988566651555053,0.0033327891268857286,0.031196135127350685,1800000,9000000,6339600000,352.20000000000005
587,0.8040279030349281,0.2970525882660503,0.003578816621679079,0.03109232112971296,1800000,9000000,6350400000,352.80000000000007
588,0.8026424402345745,0.29387948510108297,0.0037897944926077436,0.0309888526026299,1800000,9000000,6361200000,353.40000000000003
589,0.8053057209317147,0.2974801050802751,0.0036916278881495776,0.030885728396450124,1800000,9000000,6372000000,354.00000000000006
590,0.806419716031944,0.2973576307409828,0.003522714012839128,0.03078294736534807,1800000,9000000,6382800000,354.6000000000001
591,0.8057006456985817,0.2963053416827751,0.003245292119449813,0.030680508367311208,1800000,9000000,6393600000,355.20000000000005
592,0.8044311764541642,0.2919473236388805,0.004231749909081811,0.030578410264127404,1800000,9000000,6404400000,355.80000000000007
593,0.8068492626834683,0.29073622230713697,0.002982106482452605,0.030476651921372246,1800000,9000000,6415200000,356.40000000000003
594,0.8029596084767195,0.2875722619835111,0.003062247256695714,0.03037523220839642,1800000,9000000,6426000000,357.00000000000006
595,0.8056401931539902,0.29685114881588154,0.003125344164805576,0.030274149998313186,1800000,9000000,6436800000,357.6000000000001
596,0.8022073780711425,0.2970793609170203,0.0036909504236701325,0.030173404167985855,1800000,9000000,6447600000,358.20000000000005
597,0.8034774730117074,0.30245012916097846,0.004338127982754056,0.030072993598015248,1800000,9000000,6458400000,358.80000000000007
598,0.8069223576935466,0.29028414290787335,0.004135935155119949,0.029972917172727348,1800000,9000000,6469200000,359.40000000000003
599,0.8042170758584029,0.29516024199504104,0.004938278867785372,0.02987317378016085,1800000,9000000,6480000000,360.00000000000006
600,0.8067724112658617,0.2893946137351497,0.003464247912984173,0.029773762312054794,1800000,9000000,6490800000,360.6000000000001
601,0.8042920812237899,0.2993916935034462,0.0024446681884798356,0.029674681663836296,1800000,9000000,6501600000,361.20000000000005
602,0.8060155165929486,0.3003441159045637,0.0034260389702795487,0.029575930734608246,1800000,9000000,6512400000,361.80000000000007
603,0.8052924576114472,0.29150299804587215,0.004649313441053858,0.029477508427137096,1800000,9000000,6523200000,362.40000000000003
604,0.8035768346274964,0.2963460649482179,0.003890634260133788,0.029379413647840618,1800000,9000000,6534000000,363.00000000000006
605,0.8061925499940037,0.29682916725255626,0.0051499759818694766,0.02928164530677581,1800000,9000000,6544800000,363.6000000000001
606,0.8055771340672399,0.29045204431158755,0.002094646339852695,0.02918420231762678,1800000,9000000,6555600000,364.20000000000005
607,0.8038986064488668,0.2943316793974969,0.003366749966841147,0.029087083597692635,1800000,9000000,6566400000,364.80000000000007
608,0.8024517555083448,0.296703857617473,0.0050508507260867514,0.028990288067875493,1800000,9000000,6577200000,365.40000000000003
609,0.8043864275307958,0.29604806661561645,0.005501035494570601,0.028893814652668486,1800000,9000000,6588000000,366.00000000000006
610,0.8041490105079707,0.29846378900110077,0.004737061096960522,0.028797662280143754,1800000,9000000,6598800000,366.6000000000001
611,0.8017521740624087,0.3005742537608971,0.004691989354841549,0.028701829881940626,1800000,9000000,6609600000,367.20000000000005
612,0.801458140513704,0.29901233375993436,0.0032634903962167516,0.0286063163932537,1800000,9000000,6620400000,367.80000000000007
613,0.8042129329382377,0.2961955751385722,0.0025915192663660716,0.028511120752821004,1800000,9000000,6631200000,368.40000000000003
614,0.8060878573906224,0.3008225750683141,0.0018534085630713664,0.028416241902912216,1800000,9000000,6642000000,369.00000000000006
615,0.8051835813697872,0.2931234528932195,0.00287966781076148,0.02832167878931693,1800000,9000000,6652800000,369.6000000000001
616,0.8043683580865579,0.29339215535460555,0.005201772627116531,0.028227430361332895,1800000,9000000,6663600000,370.20000000000005
617,0.8025297094150107,0.3008990266723399,0.004560627473342615,0.028133495571754392,1800000,9000000,6674400000,370.80000000000007
618,0.8033788803120664,0.29938223381325124,0.002135411813765831,0.028039873376860563,1800000,9000000,6685200000,371.40000000000003
619,0.80428727513523,0.30082614021629356,0.004364947609926584,0.027946562736403842,1800000,9000000,6696000000,372.00000000000006
620,0.8045425320676738,0.2938714961438135,0.0037142073819709347,0.027853562613598382,1800000,9000000,6706800000,372.6000000000001
621,0.8032848187609163,0.29856638672743807,0.0031318510709992644,0.02776087197510853,1800000,9000000,6717600000,373.20000000000005
622,0.8039549455878761,0.2951236755535758,0.003641283188824717,0.027668489791037327,1800000,9000000,6728400000,373.80000000000007
623,0.8059853660452378,0.2951637170203858,0.004233453454868737,0.027576415034915123,1800000,9000000,6739200000,374.40000000000003
624,0.8096631102600941,0.28704550507274584,0.003577306625396646,0.027484646683688132,1800000,9000000,6750000000,375.00000000000006
625,0.8053359206373841,0.29588418823421553,0.003343045948822553,0.02739318371770705,1800000,9000000,6760800000,375.6000000000001
626,0.8055253397639324,0.29626865111289524,0.002615118140056408,0.027302025120715785,1800000,9000000,6771600000,376.20000000000005
627,0.8038288177737227,0.2993497577417344,0.0046921551729869225,0.027211169879840062,1800000,9000000,6782400000,376.80000000000007
628,0.8047388009072234,0.2900575004669112,0.002955674844462998,0.02712061698557629,1800000,9000000,6793200000,377.40000000000003
629,0.8049549007827975,0.2898711291248699,0.0038097592711417746,0.027030365431780265,1800000,9000000,6804000000,378.00000000000006
630,0.8038880194849919,0.2993434970221591,0.0021511299627903656,0.02694041421565602,1800000,9000000,6814800000,378.6000000000001
631,0.8082243002090326,0.2952964868332736,0.0029031807028960456,0.026850762337744662,1800000,9000000,6825600000,379.20000000000005
632,0.8045856326801973,0.2974809673908207,0.0035144997647106537,0.026761408801913317,1800000,9000000,6836400000,379.80000000000007
633,0.805091092725356,0.295187857623127,0.0018311975687386418,0.02667235261534397,1800000,9000000,6847200000,380.40000000000003
634,0.8056079223651424,0.2940804992423633,0.004764428722727187,0.02658359278852253,1800000,9000000,6858000000,381.00000000000006
635,0.8033558928549082,0.2987045298317988,0.0037256546135233685,0.026495128335227797,1800000,9000000,6868800000,381.6000000000001
636,0.8007990354781847,0.30220577400279114,0.0035315997654033413,0.02640695827252048,1800000,9000000,6879600000,382.20000000000005
637,0.805361675204373,0.2949148608425387,0.0035145280990713044,0.02631908162073231,1800000,9000000,6890400000,382.80000000000007
638,0.8046547398597189,0.2961256756843583,0.0036072662521577955,0.026231497403455158,1800000,9000000,6901200000,383.40000000000003
639,0.8031438327684223,0.2961140099638791,0.00151390966940128,0.026144204647530124,1800000,9000000,6912000000,384.00000000000006
640,0.8047374036748457,0.29553825421368785,0.003984590553960946,0.026057202383036816,1800000,9000000,6922800000,384.6000000000001
641,0.8065228583193401,0.2937648976941308,0.003924925367365806,0.025970489643282507,1800000,9000000,6933600000,385.20000000000005
642,0.8059912768664271,0.2970351450138105,0.003567013067864993,0.025884065464791422,1800000,9000000,6944400000,385.80000000000007
643,0.8050199167658458,0.2973945685974256,0.003842274042881763,0.025797928887294017,1800000,9000000,6955200000,386.40000000000003
644,0.8031103899626736,0.2965723873391136,0.005541181674629393,0.02571207895371634,1800000,9000000,6966000000,387.00000000000006
645,0.8019741080361692,0.29663701903816414,0.0023070493972565088,0.025626514710169333,1800000,9000000,6976800000,387.6000000000001
646,0.8074259476297841,0.29340676239014385,0.004815377399096402,0.025541235205938307,1800000,9000000,6987600000,388.20000000000005
647,0.8053461916494725,0.3003253152458224,0.0018252663131020524,0.02545623949347234,1800000,9000000,6998400000,388.80000000000007
648,0.8044828014149542,0.29280933841144047,0.00481188245368034,0.025371526628373754,1800000,9000000,7009200000,389.40000000000003
649,0.8029869732678394,0.2969867080210605,0.003374804538254769,0.025287095669387614,1800000,9000000,7020000000,390.00000000000006
650,0.8041569065110851,0.29774023086134477,0.002558957033027465,0.025202945678391302,1800000,9000000,7030800000,390.6000000000001
651,0.8026879360542527,0.29435325285939506,0.0019472290096106046,0.02511907572038403,1800000,9000000,7041600000,391.20000000000005
652,0.8057927917357257,0.29670001619415415,0.0017311126765421623,0.02503548486347652,1800000,9000000,7052400000,391.80000000000007
653,0.801222869703473,0.2969841058414373,0.0030577145447278405,0.024952172178880617,1800000,9000000,7063200000,392.40000000000003
654,0.8045868434526889,0.29587873396390674,0.00509904695720329,0.024869136740898967,1800000,9000000,7074000000,393.00000000000006
655,0.8037660800764533,0.29066085948460874,0.002147003140813205,0.024786377626914748,1800000,9000000,7084800000,393.6000000000001
656,0.805397116304846,0.2967092174244316,0.004289904790294539,0.024703893917381377,1800000,9000000,7095600000,394.20000000000005
657,0.805777233899357,0.291747132574026,0.0016535031382357412,0.024621684695812353,1800000,9000000,7106400000,394.80000000000007
658,0.8053288050917597,0.29302057078956745,0.0038308592265294357,0.02453974904877104,1800000,9000000,7117200000,395.40000000000003
659,0.8057951807908469,0.29307526627491787,0.0027028103426260095,0.02445808606586051,1800000,9000000,7128000000,396.00000000000006
660,0.8045125277453741,0.29281428542829413,0.004308601839207719,0.024376694839713452,1800000,9000000,7138800000,396.6000000000001
661,0.8013297231561535,0.29747457138244054,0.0022329522312652702,0.024295574465982076,1800000,9000000,7149600000,397.20000000000005
662,0.8053115106888186,0.29556013277985055,0.006181019145591958,0.024214724043328046,1800000,9000000,7160400000,397.80000000000007
663,0.8039002764730223,0.2985210794210926,0.002947501022396951,0.02413414267341251,1800000,9000000,7171200000,398.40000000000003
664,0.8077126428525424,0.2966806507398406,0.0,0.02405382946088608,1800000,9000000,7182000000,399.00000000000006
665,0.8050426385128321,0.2942553047215055,0.0024359791867476083,0.02397378351337891,1800000,9000000,7192800000,399.6000000000001
666,0.8046726830099091,0.2938987752090089,0.0027641123553272125,0.02389400394149075,1800000,9000000,7203600000,400.20000000000005
667,0.8073030324639334,0.29644313979132425,0.0033951712469845784,0.023814489858781113,1800000,9000000,7214400000,400.80000000000007
668,0.8048653336512179,0.29210163049641236,0.0032527538767498617,0.02373524038175934,1800000,9000000,7225200000,401.40000000000003
669,0.8061737439495816,0.2965178375382985,0.003302176394282149,0.02365625462987489,1800000,9000000,7236000000,402.00000000000006
670,0.8047290291558942,0.29557570926917703,0.0017847520034666672,0.023577531725507483,1800000,9000000,7246800000,402.6000000000001
671,0.8035197763880119,0.29216441943288757,0.004289482236549442,0.023499070793957372,1800000,9000000,7257600000,403.20000000000005
672,0.8037841592789329,0.288967002906142,0.002033516706077646,0.023420870963435616,1800000,9000000,7268400000,403.80000000000007
673,0.8043154662575048,0.29892002321088307,0.005990405051059612,0.02334293136505442,1800000,9000000,7279200000,404.40000000000003
674,0.8051684148308561,0.2918406590627688,0.003397928967340321,0.02326525113281743,1800000,9000000,7290000000,405.00000000000006
675,0.8043825395783527,0.29574899849937863,0.004701365683848425,0.023187829403610152,1800000,9000000,7300800000,405.6000000000001
676,0.8014988833564749,0.2966009747581083,0.002324798893021224,0.023110665317190367,1800000,9000000,7311600000,406.20000000000005
677,0.8068248369620492,0.2938458181848568,0.0012703457274355965,0.023033758016178532,1800000,9000000,7322400000,406.80000000000007
678,0.8050515043091728,0.2932145998398487,0.00249501397959072,0.022957106646048307,1800000,9000000,7333200000,407.40000000000003
679,0.8060195564589692,0.2924308409286238,0.0034883904519680048,0.022880710355116993,1800000,9000000,7344000000,408.00000000000006
680,0.8041336422844081,0.2987870498031188,0.002890495810099681,0.02280456829453613,1800000,9000000,7354800000,408.6000000000001
681,0.806722252512608,0.2925849088303182,0.0035270451806803382,0.022728679618282042,1800000,9000000,7365600000,409.20000000000005
682,0.8026211104069675,0.29923754717014556,0.002231356031382662,0.02265304348314644,1800000,9000000,7376400000,409.80000000000007
683,0.8047190741658659,0.2899862674783434,0.00440182968964444,0.02257765904872704,1800000,9000000,7387200000,410.40000000000003
684,0.8047555589373407,0.2959714950303288,0.002878259924030169,0.022502525477418246,1800000,9000000,7398000000,411.00000000000006
685,0.8047248357132594,0.29800930608817433,0.004982466367836828,0.02242764193440181,1800000,9000000,7408800000,411.6000000000001
686,0.8025368871183851,0.29640615703124895,0.002468365864735548,0.02235300758763761,1800000,9000000,7419600000,412.20000000000005
687,0.8042951331633762,0.29738394719656486,0.0028301697762469647,0.02227862160785435,1800000,9000000,7430400000,412.80000000000007
688,0.8056182663583178,0.2882146497153298,0.004297794176397449,0.02220448316854038,1800000,9000000,7441200000,413.40000000000003
689,0.8038163853670737,0.29663684544216384,0.0030977326039721264,0.0221305914459345,1800000,9000000,7452000000,414.00000000000006
690,0.8052390023012335,0.29350782894084465,0.0020608666488891383,0.022056945619016825,1800000,9000000,7462800000,414.6000000000001
691,0.8068808671356608,0.29198897567470905,0.0013602346904152737,0.02198354486949961,1800000,9000000,7473600000,415.20000000000005
692,0.8050018832546368,0.2908125104110067,0.0029316731839387085,0.02191038838181822,1800000,9000000,7484400000,415.80000000000007
693,0.8043497748970326,0.2947848609643291,0.001335423002615353,0.021837475343122043,1800000,9000000,7495200000,416.40000000000003
694,0.8048562102118942,0.29305938072494647,0.0030509312981797246,0.021764804943265458,1800000,9000000,7506000000,417.00000000000006
695,0.8071500987120367,0.2930898883428303,0.003520942860563262,0.021692376374798823,1800000,9000000,7516800000,417.6000000000001
696,0.8048436302956083,0.28893134233894946,0.004922852846403048,0.02162018883295954,1800000,9000000,7527600000,418.20000000000005
697,0.8057372347025943,0.2897670506338983,0.0034850675193733686,0.021548241515663043,1800000,9000000,7538400000,418.80000000000007
698,0.8071486728892293,0.29018098503288525,0.0021353903136718338,0.021476533623493964,1800000,9000000,7549200000,419.40000000000003
699,0.8045009867668347,0.2960741561389654,0.0,0.021405064359697207,1800000,9000000,7560000000,420.00000000000006
700,0.8029615777394083,0.29920360000229507,0.0025832416620261774,0.021333832930169112,1800000,9000000,7570800000,420.6000000000001
701,0.8076196521373246,0.29231359718466704,0.0018227103624697551,0.021262838543448622,1800000,9000000,7581600000,421.20000000000005
702,0.8026052098520942,0.2981554214331883,0.004309091495565338,0.02119208041070847,1800000,9000000,7592400000,421.80000000000007
703,0.8045445086758243,0.29270386554899797,0.0025388399040387243,0.02112155774574646,1800000,9000000,7603200000,422.4000000000001
704,0.8036391765910365,0.30372824331817017,0.0021755986572923255,0.021051269764976704,1800000,9000000,7614000000,423.00000000000006
705,0.8063085639681856,0.29371155339578076,0.001490352584378244,0.020981215687420916,1800000,9000000,7624800000,423.6000000000001
706,0.8028021562141132,0.30060986929398326,0.0036803718298339277,0.02091139473469973,1800000,9000000,7635600000,424.20000000000005
707,0.8060573965375742,0.2950052656234416,0.0014373176849312669,0.020841806131024078,1800000,9000000,7646400000,424.80000000000007
708,0.8041035257473411,0.2990079637659205,0.0011776098794292161,0.020772449103186517,1800000,9000000,7657200000,425.4000000000001
709,0.8054904867914621,0.29692511457012605,0.0016712648595023116,0.0207033228805527,1800000,9000000,7668000000,426.00000000000006
710,0.8047865782594192,0.293952453050578,0.002004592837754471,0.020634426695052777,1800000,9000000,7678800000,426.6000000000001
711,0.8047100444426818,0.29356094339466937,0.00444251974863387,0.020565759781172862,1800000,9000000,7689600000,427.20000000000005
712,0.8036040992525416,0.2950368644413087,0.001556990405717701,0.020497321375946544,1800000,9000000,7700400000,427.80000000000007
713,0.8043320188959361,0.29654885865309333,0.0011560758800017636,0.0204291107189464,1800000,9000000,7711200000,428.4000000000001
714,0.8072814930511862,0.2916970212240905,0.002796995979611669,0.020361127052275524,1800000,9000000,7722000000,429.00000000000006
715,0.8050533784938975,0.2936473479352239,0.003058691432642803,0.020293369620559148,1800000,9000000,7732800000,429.6000000000001
716,0.8032429331978516,0.29637873117896474,0.0028270242017304757,0.020225837670936227,1800000,9000000,7743600000,430.20000000000005
717,0.8055580860848571,0.29368511259030444,0.003647154820047649,0.020158530453051063,1800000,9000000,7754400000,430.80000000000007
718,0.8050853669931796,0.29811691564223863,0.0014910948242127743,0.020091447219045,1800000,9000000,7765200000,431.4000000000001
719,0.8043630875387077,0.29380303481993403,0.0029733529073820183,0.020024587223548076,1800000,9000000,7776000000,432.00000000000006
720,0.8036132515742663,0.2969120549127617,0.0017604596549402152,0.019957949723670754,1800000,9000000,7786800000,432.6000000000001
721,0.8034033075290717,0.2942554648374465,0.002814972820366464,0.01989153397899569,1800000,9000000,7797600000,433.20000000000005
722,0.8058967063423392,0.295532928240514,0.001697725793400941,0.01982533925156948,1800000,9000000,7808400000,433.80000000000007
723,0.8019073800305293,0.29754524696604756,0.0019806985828719377,0.019759364805894478,1800000,9000000,7819200000,434.4000000000001
724,0.8068486516285575,0.29688822385577435,0.0008742595228674981,0.019693609908920603,1800000,9000000,7830000000,435.00000000000006
725,0.8032835697436029,0.30169366087084437,0.002601091591377593,0.019628073830037226,1800000,9000000,7840800000,435.6000000000001
726,0.8023514265197477,0.2972221775508182,0.000752240021753542,0.019562755841064997,1800000,9000000,7851600000,436.20000000000005
727,0.8039867511554877,0.29986903647318297,0.0019390414612227122,0.019497655216247817,1800000,9000000,7862400000,436.80000000000007
728,0.804161500129818,0.29744568359465506,0.001648196876555194,0.019432771232244746,1800000,9000000,7873200000,437.4000000000001
729,0.8056296053121772,0.2929833228959831,0.0027173359672764625,0.019368103168121962,1800000,9000000,7884000000,438.00000000000006
730,0.8051368366568469,0.2960807626730397,0.002044489660469596,0.019303650305344755,1800000,9000000,7894800000,438.6000000000001
731,0.804981125153015,0.2982176834101069,0.0021419859328734693,0.01923941192776953,1800000,9000000,7905600000,439.20000000000005
732,0.8071746540673264,0.2978385880211782,0.00247849635352339,0.019175387321635887,1800000,9000000,7916400000,439.80000000000007
733,0.8054347841854549,0.29372546159513896,0.00256802113167485,0.019111575775558647,1800000,9000000,7927200000,440.4000000000001
734,0.8025760367521938,0.29960825875101915,0.002036273999857033,0.01904797658051998,1800000,9000000,7938000000,441.00000000000006
735,0.8061212264691926,0.29582733689376933,0.0021060288114122657,0.01898458902986151,1800000,9000000,7948800000,441.6000000000001
736,0.8058112296030012,0.29204979356580585,0.001857915519861429,0.01892141241927647,1800000,9000000,7959600000,442.20000000000005
737,0.804603500838559,0.293243188636595,0.004160651253523821,0.01885844604680186,1800000,9000000,7970400000,442.80000000000007
738,0.8018115416901485,0.2964126513065936,0.002207245659812131,0.018795689212810673,1800000,9000000,7981200000,443.4000000000001
739,0.8064635203164545,0.2916596008013233,0.0030492069677171916,0.018733141220004107,1800000,9000000,7992000000,444.00000000000006
740,0.8022518498569473,0.3003896388173491,0.0026362988344441566,0.01867080137340383,1800000,9000000,8002800000,444.6000000000001
741,0.8041188024705216,0.29847267268478284,0.0027801717235809973,0.01860866898034423,1800000,9000000,8013600000,445.20000000000005
742,0.8037198960905436,0.29357122279101655,0.0013956326704839877,0.01854674335046476,1800000,9000000,8024400000,445.80000000000007
743,0.8042759880198487,0.2983632167494789,0.0,0.018485023795702205,1800000,9000000,8035200000,446.4000000000001
744,0.8051682863877092,0.2937975683414544,0.004325106824114806,0.01842350963028311,1800000,9000000,8046000000,447.00000000000006
745,0.8040457479568397,0.2930633714885259,0.0035600681469108476,0.018362200170716117,1800000,9000000,8056800000,447.6000000000001
746,0.8010878872025076,0.2967091442033924,0.0028761106583858834,0.018301094735784378,1800000,9000000,8067600000,448.20000000000005
747,0.8044402799519338,0.2969545998523933,0.0021974998402361817,0.018240192646537985,1800000,9000000,8078400000,448.80000000000007
748,0.8044739813675521,0.29587186316726904,0.0006765035545580043,0.018179493226286442,1800000,9000000,8089200000,449.4000000000001
749,0.8036309472871513,0.2974035650221119,0.001603297325029577,0.018118995800591103,1800000,9000000,8100000000,450.00000000000006
750,0.8030797849278892,0.2977772441368775,0.00238331861664735,0.018058699697257735,1800000,9000000,8110800000,450.6000000000001
751,0.8024302516367421,0.29966172568804256,0.0021473179928673492,0.017998604246329014,1800000,9000000,8121600000,451.20000000000005
752,0.8044437453178139,0.29997648843495084,0.002548050594448905,0.01793870878007709,1800000,9000000,8132400000,451.80000000000007
753,0.805234506663772,0.28859004343826616,0.003312512998776133,0.017879012632996176,1800000,9000000,8143200000,452.4000000000001
754,0.8051653222651899,0.2932937091514776,0.002824588130073219,0.017819515141795115,1800000,9000000,8154000000,453.00000000000006
755,0.8054421641456524,0.2974423557481008,0.0017237905089680788,0.017760215645390067,1800000,9000000,8164800000,453.6000000000001
756,0.8041870594268627,0.29503878312961,0.0022159453026383085,0.017701113484897137,1800000,9000000,8175600000,454.20000000000005
757,0.808961212702576,0.29678181341855253,0.001535517600331968,0.017642208003625034,1800000,9000000,8186400000,454.80000000000007
758,0.8043319956380022,0.29263922059125114,0.001814366512401573,0.017583498547067807,1800000,9000000,8197200000,455.4000000000001
759,0.8054719134301397,0.2929983304553252,0.0026563695402409353,0.017524984462897568,1800000,9000000,8208000000,456.00000000000006
760,0.8053153805348695,0.2889036264894661,0.0032278544252002344,0.01746666510095721,1800000,9000000,8218800000,456.6000000000001
761,0.8061852408106639,0.2927802691373508,0.0027290211363323377,0.017408539813253226,1800000,9000000,8229600000,457.20000000000005
762,0.8066733744556055,0.2956161833183092,0.0009962597716441765,0.017350607953948487,1800000,9000000,8240400000,457.80000000000007
763,0.8048048719259562,0.2944265929527301,0.0022084506580189334,0.017292868879355078,1800000,9000000,8251200000,458.4000000000001
764,0.805009015598427,0.29606534720820554,0.0025441220715091482,0.017235321947927124,1800000,9000000,8262000000,459.00000000000006
765,0.807796912626555,0.2923471610589615,0.0013522300051926975,0.017177966520253697,1800000,9000000,8272800000,459.6000000000001
766,0.8071676234288087,0.28950964146470826,0.0004896919467185826,0.01712080195905166,1800000,9000000,8283600000,460.20000000000005
767,0.8040416063989634,0.29552422904815207,0.0008703755613510384,0.017063827629158642,1800000,9000000,8294400000,460.80000000000007
768,0.8036412155112308,0.2927474169868302,0.003345333008085231,0.017007042897525942,1800000,9000000,8305200000,461.4000000000001
769,0.8047287695155335,0.2932135540391213,0.002189499368959343,0.016950447133211522,1800000,9000000,8316000000,462.00000000000006
770,0.8019460046332616,0.29965233352635,0.0039043056595816825,0.01689403970737297,1800000,9000000,8326800000,462.6000000000001
771,0.8051319056771374,0.29113237775061296,0.0020805449388178955,0.016837819993260533,1800000,9000000,8337600000,463.20000000000005
772,0.8042420631740882,0.2965225506500358,0.0024677992449096227,0.016781787366210135,1800000,9000000,8348400000,463.80000000000007
773,0.8062456079072221,0.30103001644710264,0.0015905703705818765,0.016725941203636456,1800000,9000000,8359200000,464.4000000000001
774,0.8039523433357039,0.295506355081335,0.0027562855275927115,0.016670280885026006,1800000,9000000,8370000000,465.00000000000006
775,0.8047712597959215,0.29581282922660257,0.0026836787389942457,0.01661480579193023,1800000,9000000,8380800000,465.6000000000001
776,0.8055837331123697,0.2904229650334784,0.0017081488069398672,0.016559515307958635,1800000,9000000,8391600000,466.20000000000005
777,0.8059415940681142,0.2974492824650821,0.0005303041980238372,0.016504408818771934,1800000,9000000,8402400000,466.80000000000007
778,0.8059708254405504,0.29364344596921965,0.0013669190609854232,0.01644948571207524,1800000,9000000,8413200000,467.4000000000001
779,0.8039418123964585,0.2919324767609018,0.0009898483065706829,0.016394745377611247,1800000,9000000,8424000000,468.00000000000006
780,0.8069493994430185,0.29113536108238275,0.0006374796927999158,0.016340187207153453,1800000,9000000,8434800000,468.6000000000001
781,0.803251114873073,0.2952471372326365,0.0016840195391939184,0.016285810594499402,1800000,9000000,8445600000,469.20000000000005
782,0.8041049748393522,0.29825228421730626,0.002701754342582604,0.016231614935463958,1800000,9000000,8456400000,469.80000000000007
783,0.804935794684614,0.29440781584525066,0.0008670238883063234,0.01617759962787256,1800000,9000000,8467200000,470.4000000000001
784,0.8014707581765462,0.2977986516129745,0.0027063225848064907,0.016123764071554577,1800000,9000000,8478000000,471.00000000000006
785,0.8037926587780608,0.2994060388923392,0.0007191798025608356,0.016070107668336605,1800000,9000000,8488800000,471.6000000000001
786,0.805072625425074,0.2990709120922327,0.0024892472385317547,0.01601662982203583,1800000,9000000,8499600000,472.20000000000005
787,0.8051209218136942,0.29507491748209447,0.0010768886868787898,0.015963329938453414,1800000,9000000,8510400000,472.80000000000007
788,0.8038565062974963,0.2925183571723979,0.001645968756387945,0.015910207425367886,1800000,9000000,8521200000,473.4000000000001
789,0.8056814432292058,0.2957680415337817,0.0011965093528025386,0.015857261692528542,1800000,9000000,8532000000,474.00000000000006
790,0.807637895084749,0.2922236689792274,0.0014193237704382693,0.015804492151648922,1800000,9000000,8542800000,474.6000000000001
791,0.8070841108232756,0.2897492298776596,0.0010892307447238024,0.015751898216400252,1800000,9000000,8553600000,475.20000000000005
792,0.8016972722714544,0.2945168199432157,0.003322216926152254,0.015699479302404933,1800000,9000000,8564400000,475.80000000000007
793,0.8046007246176005,0.2910829709611723,0.002061721834968562,0.015647234827230044,1800000,9000000,8575200000,476.4000000000001
794,0.8041473891295695,0.29008078983428714,0.0031279706252485403,0.015595164210380888,1800000,9000000,8586000000,477.00000000000006
795,0.8068223877523529,0.2929372716422458,0.0012220514977463078,0.015543266873294511,1800000,9000000,8596800000,477.6000000000001
796,0.8034361723777421,0.29294092515065856,0.0010029936460235127,0.015491542239333302,1800000,9000000,8607600000,478.20000000000005
797,0.8048787841381577,0.293469371523,0.0032839323679976088,0.01543998973377857,1800000,9000000,8618400000,478.80000000000007
798,0.8065486452997086,0.2972721629610184,0.0005449030373080512,0.015388608783824179,1800000,9000000,8629200000,479.4000000000001
799,0.803404543308856,0.29190482394303413,0.0016085707217094272,0.015337398818570146,1800000,9000000,8640000000,480.00000000000006
800,0.805213042650549,0.28966404620179054,0.003679035218250708,0.01528635926901634,1800000,9000000,8650800000,480.6000000000001
801,0.8040003987302556,0.29643135815019256,0.003256855501844031,0.01523548956805612,1800000,9000000,8661600000,481.20000000000005
802,0.804907399297196,0.2910237016629126,0.0002854963001459889,0.01518478915047006,1800000,9000000,8672400000,481.80000000000007
803,0.802772520731002,0.29779698173996444,0.0020918768246818657,0.015134257452919677,1800000,9000000,8683200000,482.4000000000001
804,0.8047522294995259,0.29497153334675635,0.0031260473878705185,0.01508389391394114,1800000,9000000,8694000000,483.00000000000006
805,0.8038298336914041,0.29583110253696054,0.002279071069097212,0.015033697973939058,1800000,9000000,8704800000,483.6000000000001
806,0.8034541259806427,0.29601480650162276,0.0008044162933426482,0.014983669075180239,1800000,9000000,8715600000,484.20000000000005
807,0.8033084177565857,0.3002429312401212,0.002463435101430251,0.014933806661787518,1800000,9000000,8726400000,484.80000000000007
808,0.8056490585852306,0.29623252704176445,0.002404872115015581,0.014884110179733566,1800000,9000000,8737200000,485.4000000000001
809,0.8028426779325116,0.29297461140254216,0.0020852261956927844,0.01483457907683474,1800000,9000000,8748000000,486.00000000000006
810,0.8069769470594448,0.29442110081909856,0.0009446281059081851,0.014785212802744946,1800000,9000000,8758800000,486.6000000000001
811,0.8047259248252927,0.29531048268165055,0.0017995386832511118,0.014736010808949521,1800000,9000000,8769600000,487.20000000000005
812,0.8062926917339155,0.29797682288040384,0.00039354461470106545,0.014686972548759124,1800000,9000000,8780400000,487.80000000000007
813,0.8050158841450697,0.29438204911107946,0.00048524222900331944,0.014638097477303708,1800000,9000000,8791200000,488.4000000000001
814,0.8056462609396958,0.294314446263834,0.0017333442643903767,0.014589385051526413,1800000,9000000,8802000000,489.00000000000006
815,0.8031034892998904,0.3011050087081766,0.001840887144590865,0.014540834730177563,1800000,9000000,8812800000,489.6000000000001
816,0.8062030144244267,0.29767027104118554,0.002478400733474396,0.014492445973808648,1800000,9000000,8823600000,490.20000000000005
817,0.8034998020809484,0.3007567451356083,0.001049259256576009,0.014444218244766325,1800000,9000000,8834400000,490.80000000000007
818,0.8038720034812137,0.29498762862071143,0.003054047726303741,0.01439615100718643,1800000,9000000,8845200000,491.4000000000001
819,0.8015513513170253,0.2931060101460362,0.002292735530911713,0.014348243726988055,1800000,9000000,8856000000,492.00000000000006
820,0.8035350955889495,0.29850307287262945,0.0011258213660487165,0.014300495871867599,1800000,9000000,8866800000,492.6000000000001
821,0.804907741757027,0.2886816309823214,0.0023470239925578954,0.01425290691129284,1800000,9000000,8877600000,493.20000000000005
822,0.8070348778680166,0.2933550544490721,0.0022669737398853364,0.014205476316497063,1800000,9000000,8888400000,493.80000000000007
823,0.8058120390615405,0.30040213707244817,0.0016114461372488925,0.014158203560473181,1800000,9000000,8899200000,494.4000000000001
824,0.8054521499477553,0.293790872206732,0.004014798931545369,0.014111088117967848,1800000,9000000,8910000000,495.00000000000006
825,0.8031277545907837,0.30021680030321507,0.001115813356137791,0.014064129465475665,1800000,9000000,8920800000,495.6000000000001
826,0.8061433240818755,0.2970949351885105,0.004332981126354775,0.01401732708123335,1800000,9000000,8931600000,496.20000000000005
827,0.8038623784614539,0.29211295721376795,0.0019872390390689404,0.013970680445213924,1800000,9000000,8942400000,496.80000000000007
828,0.8059921154155729,0.29098342603604144,0.00200835872932832,0.013924189039120962,1800000,9000000,8953200000,497.4000000000001
829,0.8046489480302385,0.29323136149513457,0.0022257892521925318,0.01387785234638279,1800000,9000000,8964000000,498.00000000000006
830,0.806827434228203,0.29260897824189497,0.004134243808681107,0.013831669852146802,1800000,9000000,8974800000,498.6000000000001
831,0.807403480624183,0.29010721741986484,0.0027567854335087145,0.013785641043273693,1800000,9000000,8985600000,499.20000000000005
832,0.8054644147100564,0.2932079182382793,0.0015952883104408443,0.01373976540833178,1800000,9000000,8996400000,499.80000000000007
833,0.8056371312580616,0.29080068953986465,0.0008344258603473216,0.013694042437591319,1800000,9000000,9007200000,500.4000000000001
834,0.8060127467701759,0.2921973551676877,0.0033263173758085822,0.01364847162301883,1800000,9000000,9018000000,501.00000000000006
835,0.8018911400183055,0.2934270268004599,0.000774398199314972,0.013603052458271453,1800000,9000000,9028800000,501.6000000000001
836,0.8043324048305979,0.2908384486530613,0.0014623686328714342,0.013557784438691338,1800000,9000000,9039600000,502.2000000000001
837,0.8040440817569644,0.2976214281803106,0.001266699023960617,0.013512667061300028,1800000,9000000,9050400000,502.80000000000007
838,0.8032679035940372,0.29623917607429295,0.002968549927475074,0.013467699824792862,1800000,9000000,9061200000,503.4000000000001
839,0.8061937046815035,0.29467218285494773,0.0010932849127009614,0.013422882229533415,1800000,9000000,9072000000,504.00000000000006
840,0.8041586371149132,0.30157240190200635,0.0015232548040137728,0.013378213777547955,1800000,9000000,9082800000,504.6000000000001
841,0.8057682888764223,0.2921538563302495,0.0022286498420862806,0.013333693972519876,1800000,9000000,9093600000,505.2000000000001
842,0.8049971513842519,0.2960845597808436,0.0016920990603314626,0.013289322319784223,1800000,9000000,9104400000,505.80000000000007
843,0.8029934695362602,0.2985091501549859,0.00031542888948083055,0.01324509832632218,1800000,9000000,9115200000,506.4000000000001
844,0.805098976552932,0.2955112328855015,0.00086961539891132,0.013201021500755583,1800000,9000000,9126000000,507.00000000000006
845,0.8045758041544002,0.29417972861514186,0.0,0.013157091353341475,1800000,9000000,9136800000,507.6000000000001
846,0.8049022061343042,0.29264640427089816,0.0014369772477796957,0.013113307395966662,1800000,9000000,9147600000,508.2000000000001
847,0.8078184455472351,0.29024828029609784,0.0015235280731376053,0.01306966914214226,1800000,9000000,9158400000,508.80000000000007
848,0.8078907625589815,0.2930274561181538,0.002181981244130723,0.013026176106998346,1800000,9000000,9169200000,509.4000000000001
849,0.8051629076720042,0.2933562440767944,0.002120892478000052,0.012982827807278526,1800000,9000000,9180000000,510.00000000000006
850,0.8066336887744959,0.2964922617735559,0.002647306475235873,0.012939623761334574,1800000,9000000,9190800000,510.6000000000001
851,0.8033950213561424,0.3023199075271225,0.0018357566999949544,0.012896563489121101,1800000,9000000,9201600000,511.2000000000001
852,0.8053437215838557,0.28664326505553234,0.0025910926080901005,0.012853646512190182,1800000,9000000,9212400000,511.80000000000007
853,0.8050039215536119,0.29514620118527163,0.001929262148448125,0.012810872353686081,1800000,9000000,9223200000,512.4000000000001
854,0.8064528799605379,0.29509113581903074,0.001832114133115236,0.012768240538339934,1800000,9000000,9234000000,513.0000000000001
855,0.8057719541301157,0.29534921602432185,0.002297459296961222,0.01272575059246446,1800000,9000000,9244800000,513.6
856,0.804228352929999,0.2986082365507735,0.000862398500524263,0.012683402043948716,1800000,9000000,9255600000,514.2
857,0.8047559455852894,0.2903710066368541,0.001743995109776982,0.012641194422252843,1800000,9000000,9266400000,514.8000000000001
858,0.804572951755564,0.2955518240472054,0.0008649952892993995,0.012599127258402818,1800000,9000000,9277200000,515.4000000000001
859,0.8051370710978398,0.2899056462371914,0.0013132471469028577,0.012557200084985287,1800000,9000000,9288000000,516.0000000000001
860,0.8037464080662649,0.29462539008418004,0.001161340205367996,0.012515412436142334,1800000,9000000,9298800000,516.6
861,0.8044536085638222,0.29700712633463244,0.002261337782128351,0.012473763847566318,1800000,9000000,9309600000,517.2
862,0.8050504872959976,0.2915755596019683,0.002679432895663918,0.01243225385649472,1800000,9000000,9320400000,517.8000000000001
863,0.8042341009138096,0.29599064232882827,0.003840205750814358,0.012390882001704991,1800000,9000000,9331200000,518.4000000000001
864,0.8066387521709633,0.29340658015299914,0.001071241697392688,0.01234964782350942,1800000,9000000,9342000000,519.0000000000001
865,0.8057352126275636,0.2967572621561613,0.0014871149364728445,0.012308550863750054,1800000,9000000,9352800000,519.6
866,0.8063402827659671,0.2976634697061646,0.0005453504101156401,0.012267590665793582,1800000,9000000,9363600000,520.2
867,0.8039506740649799,0.29397516313712246,0.00247314502236778,0.012226766774526273,1800000,9000000,9374400000,520.8000000000001
868,0.8038164061577106,0.29351690854765183,0.000525404659808544,0.012186078736348917,1800000,9000000,9385200000,521.4000000000001
869,0.8067067638802063,0.2950259984010867,0.0,0.012145526099171784,1800000,9000000,9396000000,522.0000000000001
870,0.8034709190922074,0.2993571961170152,0.002472543614491963,0.01210510841240959,1800000,9000000,9406800000,522.6
871,0.8034357908271241,0.299288438833386,0.0012270902736494572,0.01206482522697652,1800000,9000000,9417600000,523.2
872,0.8073398192932487,0.29981842619232674,0.0024385615218246986,0.012024676095281203,1800000,9000000,9428400000,523.8000000000001
873,0.8016382620834305,0.29857281798902296,0.0005473636634552563,0.011984660571221769,1800000,9000000,9439200000,524.4000000000001
874,0.8049550619035848,0.2900537031996896,0.0013048205875933543,0.011944778210180869,1800000,9000000,9450000000,525.0000000000001
875,0.805176341903795,0.2913001887876215,0.004482395496659356,0.011905028569020754,1800000,9000000,9460800000,525.6
876,0.803961256369279,0.2935925222793124,0.0017286622301984009,0.011865411206078324,1800000,9000000,9471600000,526.2
877,0.8016702651700218,0.2985552359628119,0.0005351116689819649,0.011825925681160258,1800000,9000000,9482400000,526.8000000000001
878,0.8032917357958482,0.29498613260563517,0.0014991881983092092,0.01178657155553809,1800000,9000000,9493200000,527.4000000000001
879,0.8058466256670119,0.29484690724453777,0.0006632810019528253,0.01174734839194336,1800000,9000000,9504000000,528.0000000000001
880,0.8057883502274937,0.2971250682311171,0.0009995941835355296,0.011708255754562732,1800000,9000000,9514800000,528.6
881,0.8044869377996179,0.2995401026852699,0.0,0.011669293209033163,1800000,9000000,9525600000,529.2
882,0.8024244805114035,0.295291158528632,0.00011759801246012105,0.011630460322437081,1800000,9000000,9536400000,529.8000000000001
883,0.8027627207204168,0.2911156869034167,0.0007461505853243022,0.01159175666329757,1800000,9000000,9547200000,530.4000000000001
884,0.8040149810617944,0.3000376587932818,0.0024047351321810455,0.011553181801573576,1800000,9000000,9558000000,531.0000000000001
885,0.8038358688155707,0.2943504240107164,0.003705376005727773,0.011514735308655124,1800000,9000000,9568800000,531.6
886,0.8071235415444639,0.2956707560074643,0.0013749091828836634,0.011476416757358571,1800000,9000000,9579600000,532.2
887,0.8051838480560977,0.2938244739659436,0.0010513294366459051,0.011438225721921835,1800000,9000000,9590400000,532.8000000000001
888,0.8033985532039747,0.29821327523084196,0.0008659302073366678,0.011400161777999683,1800000,9000000,9601200000,533.4000000000001
889,0.8011441673450611,0.30055105091911677,3.147422221177359e-05,0.01136222450265902,1800000,9000000,9612000000,534.0000000000001
890,0.8045332936856755,0.3009178336893964,0.0015234388405044107,0.011324413474374167,1800000,9000000,9622800000,534.6
891,0.8060983966735293,0.294512752060141,0.00104524398161777,0.011286728273022203,1800000,9000000,9633600000,535.2
892,0.8042338474515232,0.28896675056964866,0.0021352788526278455,0.011249168479878289,1800000,9000000,9644400000,535.8000000000001
893,0.8063072275869547,0.29775227945810157,0.0014280129076060485,0.011211733677610984,1800000,9000000,9655200000,536.4000000000001
894,0.8070278593155602,0.2926992562225383,0.002977987292933757,0.01117442345027767,1800000,9000000,9666000000,537.0000000000001
895,0.8051327118587331,0.2954647042215443,0.0010344454321740474,0.011137237383319877,1800000,9000000,9676800000,537.6000000000001
896,0.8046342238245091,0.29499167048151853,0.0010541135112656069,0.011100175063558702,1800000,9000000,9687600000,538.2
897,0.8037322896500241,0.2927180603025907,0.0005704652363895964,0.01106323607919021,1800000,9000000,9698400000,538.8000000000001
898,0.8057830142149622,0.29472929709468526,0.00043965778694205284,0.011026420019780866,1800000,9000000,9709200000,539.4000000000001
899,0.8035397181242294,0.29888820514929026,0.0011370372927561449,0.010989726476262956,1800000,9000000,9720000000,540.0000000000001
900,0.8035248942254979,0.3034772021672485,0.0,0.010953155040930068,1800000,9000000,9730800000,540.6000000000001
901,0.8045349103598215,0.29143637624169094,0.0014266844625101837,0.010916705307432543,1800000,9000000,9741600000,541.2
902,0.8054821928331062,0.2983536392715435,0.001291904264282296,0.010880376870772968,1800000,9000000,9752400000,541.8000000000001
903,0.8056177802152324,0.29071132946789713,1.537018279877873e-05,0.010844169327301678,1800000,9000000,9763200000,542.4000000000001
904,0.8069288159783616,0.2905456995407558,0.0007934024721336259,0.010808082274712251,1800000,9000000,9774000000,543.0000000000001
905,0.8043856441103853,0.30013180939605066,0.002508043547567057,0.010772115312037072,1800000,9000000,9784800000,543.6000000000001
906,0.8024465915968544,0.29984120150897714,0.0006514737448988796,0.010736268039642852,1800000,9000000,9795600000,544.2
907,0.8049097423497499,0.2955181846276217,0.001892681755553632,0.010700540059226191,1800000,9000000,9806400000,544.8000000000001
908,0.806237098281164,0.29436412619161056,0.000852429095925926,0.010664930973809168,1800000,9000000,9817200000,545.4000000000001
909,0.8023611264145752,0.29572216588278505,0.002428403800109727,0.010629440387734914,1800000,9000000,9828000000,546.0000000000001
910,0.804087636078319,0.2964321549530934,0.0005329830820536515,0.010594067906663207,1800000,9000000,9838800000,546.6000000000001
911,0.8071434864149908,0.29226793894592545,0.001719860610613335,0.010558813137566122,1800000,9000000,9849600000,547.2
912,0.804668722155292,0.2978280412101166,0.000968125312753425,0.01052367568872364,1800000,9000000,9860400000,547.8000000000001
913,0.8056278381195306,0.29712216631867033,0.0014084767434062626,0.010488655169719302,1800000,9000000,9871200000,548.4000000000001
914,0.8031516284758597,0.29685559755072605,0.0,0.010453751191435868,1800000,9000000,9882000000,549.0000000000001
915,0.8043133345493131,0.2931737227086223,0.0020151781575429347,0.010418963366051004,1800000,9000000,9892800000,549.6000000000001
916,0.8063300072379721,0.29282799721931296,0.0,0.01038429130703295,1800000,9000000,9903600000,550.2
917,0.8045235197623346,0.2968369555048937,0.0013735685165200463,0.010349734629136251,1800000,9000000,9914400000,550.8000000000001
918,0.8048232008345565,0.29543364983362275,0.0,0.010315292948397467,1800000,9000000,9925200000,551.4000000000001
919,0.8044827015810362,0.29199162028932707,0.001120045792084366,0.0102809658821309,1800000,9000000,9936000000,552.0000000000001
920,0.8065996650257041,0.29206469008462416,0.0010004880289133716,0.010246753048924351,1800000,9000000,9946800000,552.6000000000001
921,0.8073582615792981,0.3008908012556581,0.0016335613490759868,0.010212654068634879,1800000,9000000,9957600000,553.2
922,0.8044930692697834,0.29623275982522645,0.00022511404673560063,0.010178668562384568,1800000,9000000,9968400000,553.8000000000001
923,0.8073670832563138,0.2910696880145875,0.0005040786887102968,0.010144796152556337,1800000,9000000,9979200000,554.4000000000001
924,0.8073524550904019,0.29540062098227027,0.0,0.010111036462789725,1800000,9000000,9990000000,555.0000000000001
925,0.8072996031575371,0.2897922180208702,0.000508001202901823,0.010077389117976725,1800000,9000000,10000800000,555.6000000000001
926,0.8050104549690608,0.29685079507174544,0.000804216666117848,0.010043853744257604,1800000,9000000,10011600000,556.2
927,0.8044877774525165,0.2958577049063323,0.0011218153373603605,0.010010429969016745,1800000,9000000,10022400000,556.8000000000001
928,0.8054335906707366,0.2934244131511263,0.002012094959902065,0.009977117420878534,1800000,9000000,10033200000,557.4000000000001
929,0.8048603908439843,0.29214133583874075,0.0015236869960216207,0.009943915729703197,1800000,9000000,10044000000,558.0000000000001
930,0.8031510659911325,0.2960647478915572,0.0,0.009910824526582717,1800000,9000000,10054800000,558.6000000000001
931,0.8021005806339354,0.29453754604292376,0.0025729645437853298,0.009877843443836716,1800000,9000000,10065600000,559.2
932,0.806119764001696,0.2938346868650102,0.0009705200918410375,0.009844972115008389,1800000,9000000,10076400000,559.8000000000001
933,0.8046350080901212,0.2942966552313829,0.002252495607377375,0.009812210174860397,1800000,9000000,10087200000,560.4000000000001
934,0.8040266012154569,0.29781771651856886,9.007254536495379e-05,0.009779557259370852,1800000,9000000,10098000000,561.0000000000001
935,0.8081699144564901,0.2950333551519136,0.001723810353679424,0.00974701300572925,1800000,9000000,10108800000,561.6000000000001
936,0.80631659730737,0.29616387296492686,0.0006924504862631476,0.009714577052332429,1800000,9000000,10119600000,562.2
937,0.8041641930302184,0.29221259467047234,0.0012888849233781284,0.00968224903878058,1800000,9000000,10130400000,562.8000000000001
938,0.8029547032537999,0.29494181539748315,0.001355006728711835,0.009650028605873223,1800000,9000000,10141200000,563.4000000000001
939,0.8051726537452746,0.2952188868321072,0.001964538965248868,0.009617915395605208,1800000,9000000,10152000000,564.0000000000001
940,0.802817234304679,0.295632654900643,0.0037215598253946616,0.009585909051162758,1800000,9000000,10162800000,564.6000000000001
941,0.8075049799917938,0.2925285879653105,0.0011095865092551657,0.009554009216919498,1800000,9000000,10173600000,565.2
942,0.804358963583823,0.2958066238405466,0.00027613900791974126,0.009522215538432497,1800000,9000000,10184400000,565.8000000000001
943,0.8037982247892181,0.2954975015263091,0.00090996374015823,0.009490527662438332,1800000,9000000,10195200000,566.4000000000001
944,0.8090199918971505,0.2917628228426407,0.0017344084273160703,0.00945894523684917,1800000,9000000,10206000000,567.0000000000001
945,0.8018177269345061,0.30441017967607437,0.0,0.009427467910748841,1800000,9000000,10216800000,567.6000000000001
946,0.8057390552795667,0.29402666026150925,0.0,0.009396095334388952,1800000,9000000,10227600000,568.2
947,0.8063432989093374,0.2925831397841529,0.0014665642705258767,0.009364827159185005,1800000,9000000,10238400000,568.8000000000001
948,0.8056599613316187,0.2984137909249314,0.0017633965270838397,0.009333663037712504,1800000,9000000,10249200000,569.4000000000001
949,0.8027349732431646,0.29863678701019947,0.0016521854405371688,0.009302602623703115,1800000,9000000,10260000000,570.0000000000001
950,0.8040346049238458,0.29873426121435304,0.001655026027231664,0.009271645572040809,1800000,9000000,10270800000,570.6000000000001
951,0.8050118342285981,0.29456622170053304,0.0016033549180781736,0.00924079153875802,1800000,9000000,10281600000,571.2
952,0.8031034895139686,0.29480414335323124,0.0,0.009210040181031845,1800000,9000000,10292400000,571.8000000000001
953,0.8063222817366762,0.2920969993881937,0.0024278988466773822,0.009179391157180212,1800000,9000000,10303200000,572.4000000000001
954,0.8059479075552792,0.28948033483018004,0.00031098707475040843,0.009148844126658095,1800000,9000000,10314000000,573.0000000000001
955,0.8040295905604772,0.29885583560078816,0.0,0.009118398750053738,1800000,9000000,10324800000,573.6000000000001
956,0.8035079292119953,0.2955461421637242,0.00026766262800656765,0.009088054689084853,1800000,9000000,10335600000,574.2
957,0.8062508128002251,0.29307411295279384,0.0011166685726462567,0.009057811606594903,1800000,9000000,10346400000,574.8000000000001
958,0.8062867287880285,0.298621972294842,0.0011698629494598435,0.009027669166549323,1800000,9000000,10357200000,575.4000000000001
959,0.8078896592799201,0.29457523851018763,0.0019962157408204267,0.008997627034031805,1800000,9000000,10368000000,576.0000000000001
960,0.8045985613007204,0.29422368025322265,0.0009165146739161309,0.008967684875240566,1800000,9000000,10378800000,576.6000000000001
961,0.8040312369055921,0.29752608684846943,0.0,0.00893784235748465,1800000,9000000,10389600000,577.2
962,0.8051778843683481,0.2920065943964481,0.0010123410548633915,0.008908099149180209,1800000,9000000,10400400000,577.8000000000001
963,0.8059543376472836,0.29106223552879634,0.0,0.008878454919846852,1800000,9000000,10411200000,578.4000000000001
964,0.8052180727857797,0.2966240207969921,0.0020026194085347305,0.008848909340103947,1800000,9000000,10422000000,579.0000000000001
965,0.8056421642247499,0.2957239095985217,0.000905298118072852,0.00881946208166697,1800000,9000000,10432800000,579.6000000000001
966,0.804079429394546,0.30006071795882616,0.0012076482111317442,0.008790112817343857,1800000,9000000,10443600000,580.2
967,0.8073115335649046,0.29807479375968254,0.0002954000968002121,0.008760861221031375,1800000,9000000,10454400000,580.8000000000001
968,0.801236997073057,0.29377541621647335,0.0009403785259161245,0.008731706967711477,1800000,9000000,10465200000,581.4000000000001
969,0.8046486564240721,0.29493638854492854,0.0004481855466792008,0.008702649733447719,1800000,9000000,10476000000,582.0000000000001
970,0.8011705909536029,0.3010172225135995,0.0,0.008673689195381645,1800000,9000000,10486800000,582.6000000000001
971,0.8042947677008607,0.30032977005227657,0.0002728373176842766,0.0086448250317292,1800000,9000000,10497600000,583.2
972,0.8020242012875892,0.29768692312346556,0.0008936660283028803,0.008616056921777155,1800000,9000000,10508400000,583.8000000000001
973,0.8055381213901985,0.29425924836007256,0.0006740458646365947,0.008587384545879555,1800000,9000000,10519200000,584.4000000000001
974,0.8039849274333405,0.2932172815503737,0.0011657758039472915,0.00855880758545414,1800000,9000000,10530000000,585.0000000000001
975,0.806835258581558,0.2921192465496326,0.0,0.008530325722978842,1800000,9000000,10540800000,585.6000000000001
976,0.802024248819805,0.3014829301516259,0.003130148904153897,0.008501938641988227,1800000,9000000,10551600000,586.2
977,0.8043148555542222,0.2940921008536564,0.0015517205391775714,0.00847364602706999,1800000,9000000,10562400000,586.8000000000001
978,0.8046890120266318,0.2998608974890286,0.0013656238123259288,0.008445447563861456,1800000,9000000,10573200000,587.4000000000001
979,0.8043254956166331,0.29601605051372254,0.0012133030033732878,0.008417342939046071,1800000,9000000,10584000000,588.0000000000001
980,0.8064731069853722,0.2945263781075898,8.401056470740858e-05,0.008389331840349944,1800000,9000000,10594800000,588.6000000000001
981,0.8045333799381229,0.2942507272199828,0.0006454410030980878,0.008361413956538348,1800000,9000000,10605600000,589.2
982,0.8038163050816459,0.2915763105357729,0.0005867710847352173,0.008333588977412296,1800000,9000000,10616400000,589.8000000000001
983,0.8068501950421585,0.29329734124621093,8.223107125581461e-05,0.008305856593805061,1800000,9000000,10627200000,590.4000000000001
984,0.8056264211653191,0.296585536844238,0.0,0.008278216497578768,1800000,9000000,10638000000,591.0000000000001
985,0.8040425438115012,0.2921116438218732,0.0009060268275177451,0.008250668381620944,1800000,9000000,10648800000,591.6000000000001
986,0.8062896825252259,0.28926083465673885,0.002402719210555921,0.008223211939841133,1800000,9000000,10659600000,592.2
987,0.8045985350398531,0.2915878086444219,0.0008282516246338313,0.008195846867167478,1800000,9000000,10670400000,592.8000000000001
988,0.8062085739045094,0.2951055621692724,0.0010466233603975235,0.008168572859543331,1800000,9000000,10681200000,593.4000000000001
989,0.8033169495624808,0.2995989153759294,0.0026014262112617065,0.008141389613923886,1800000,9000000,10692000000,594.0000000000001
990,0.8060375008778108,0.29337964971374286,0.0,0.008114296828272803,1800000,9000000,10702800000,594.6000000000001
991,0.8053051788694507,0.2932590913554987,0.0018084034906198222,0.008087294201558844,1800000,9000000,10713600000,595.2
992,0.8055147687490153,0.2997320227772168,0.002732405803341995,0.00806038143375255,1800000,9000000,10724400000,595.8000000000001
993,0.8043636874892461,0.29994768868765476,0.001638608105764137,0.008033558225822888,1800000,9000000,10735200000,596.4000000000001
994,0.8075147405689844,0.2914268544040095,0.001838084453676577,0.008006824279733942,1800000,9000000,10746000000,597.0000000000001
995,0.8065984948609243,0.2891981986367491,0.0016639262408160284,0.00798017929844159,1800000,9000000,10756800000,597.6000000000001
996,0.8061433154768891,0.2943781089756444,0.0012061521579316754,0.007953622985890214,1800000,9000000,10767600000,598.2
997,0.8038041065312014,0.2982052899283805,0.0011717925223942841,0.007927155047009393,1800000,9000000,10778400000,598.8000000000001
998,0.8055001778382844,0.2956685832777424,0.0011141493778685809,0.007900775187710651,1800000,9000000,10789200000,599.4000000000001
999,0.8046575669348034,0.2973394385128139,0.001749775976265815,0.007874483114884165,1800000,9000000,10800000000,600.0000000000001
