round,test_accuracy,train_objective,mfg,hfr_tau,downlink_bytes,uplink_bytes,cumulative_serialized_bytes,single_device_elapsed_seconds
0,0.5048170483928403,0.5931690868965578,0.03052780279076122,0.22,1800000,18000000,19800000,0.65
1,0.5111711215051199,0.5942698970751389,0.03243416608969493,0.2192678875319951,1800000,18000000,39600000,1.3
2,0.517604673770911,0.5890981586136977,0.03032787461691941,0.21853821137610757,1800000,18000000,59400000,1.9500000000000002
3,0.5231171854926849,0.5811005225002686,0.0302830052808755,0.21781096342481698,1800000,18000000,79200000,2.6
4,0.5300712799084052,0.5646470851797176,0.030182927209128022,0.21708613559758305,1800000,18000000,99000000,3.25
5,0.5332609925744679,0.5678912249936947,0.029435155536116656,0.21636371984075584,1800000,18000000,118800000,3.9000000000000004
6,0.5390138195726538,0.5666835483514581,0.030101552522607492,0.21564370812748615,1800000,18000000,138600000,4.55
7,0.543962030780781,0.5572790238957955,0.030185614418079543,0.21492609245763647,1800000,18000000,158400000,5.2
8,0.5523071608678388,0.5467031619209983,0.028029697906612326,0.2142108648576919,1800000,18000000,178200000,5.8500000000000005
9,0.5541225981976942,0.5444816459671915,0.029463536572580152,0.21349801738067178,1800000,18000000,198000000,6.5
10,0.560316286971515,0.5371437079535434,0.02848744242173135,0.2127875421060413,1800000,18000000,217800000,7.15
11,0.5624551073798462,0.5397070887562682,0.028649721195688996,0.21207943113962338,1800000,18000000,237600000,7.800000000000001
12,0.5693946987859605,0.529863663617512,0.028477928538624988,0.2113736766135111,1800000,18000000,257400000,8.450000000000001
13,0.5779688673346981,0.5212465656496897,0.027205777919901558,0.2106702706859803,1800000,18000000,277200000,9.1
14,0.5791058768892423,0.519656421443799,0.02683180496168007,0.20996920554140228,1800000,18000000,297000000,9.75
15,0.5852152206030171,0.5176915497584369,0.028258465146040076,0.20927047339015709,1800000,18000000,316800000,10.4
16,0.5880347066641562,0.5123608933909258,0.026006276265615462,0.208574066468547,1800000,18000000,336600000,11.05
17,0.595914670364384,0.505474787150849,0.028494339415662054,0.2078799770387102,1800000,18000000,356400000,11.700000000000001
18,0.5969834807601285,0.49717047108393914,0.029133741621467018,0.20718819738853472,1800000,18000000,376200000,12.35
19,0.6012117801716462,0.4957652088181514,0.029118982848881286,0.2064987198315729,1800000,18000000,396000000,13.0
20,0.6055184294705276,0.4963483481405223,0.027728237933746347,0.2058115367069559,1800000,18000000,415800000,13.65
21,0.6101862983737109,0.49020545258025666,0.02809230365181616,0.2051266403793086,1800000,18000000,435600000,14.3
22,0.6133991093345645,0.4864099279215191,0.028136671520291846,0.20444402323866478,1800000,18000000,455400000,14.950000000000001
23,0.6198422145621902,0.4827099693622723,0.028358962307577822,0.20376367770038248,1800000,18000000,475200000,15.600000000000001
24,0.6240730627444915,0.4748912968525228,0.0286736732908207,0.20308559620505987,1800000,18000000,495000000,16.25
25,0.6263687667054836,0.47177015106471987,0.02656507095848188,0.20240977121845113,1800000,18000000,514800000,16.900000000000002
26,0.6319152700306221,0.4663804155525737,0.025738891623028275,0.20173619523138275,1800000,18000000,534600000,17.55
27,0.6368762755322942,0.45939381086424946,0.027434298488861402,0.2010648607596702,1800000,18000000,554400000,18.2
28,0.6370186655614705,0.46078222433070787,0.02717904803663195,0.20039576034403467,1800000,18000000,574200000,18.85
29,0.6400440766465788,0.46076932984382657,0.02602401456290659,0.19972888655002022,1800000,18000000,594000000,19.5
30,0.6463363166449605,0.453080424592175,0.025890346975469842,0.1990642319679111,1800000,18000000,613800000,20.150000000000002
31,0.6496937771984289,0.4531699287270516,0.027617640099045437,0.19840178921264964,1800000,18000000,633600000,20.8
32,0.6528482059626368,0.44523526451165873,0.02530440583772387,0.19774155092375395,1800000,18000000,653400000,21.45
33,0.656838541146897,0.4449628229502289,0.027211229453673748,0.1970835097652362,1800000,18000000,673200000,22.1
34,0.6567746310506039,0.44358086661487367,0.02598938194564151,0.19642765842552126,1800000,18000000,693000000,22.75
35,0.6611587940468703,0.43846323559067035,0.026390003783751857,0.19577398961736522,1800000,18000000,712800000,23.400000000000002
36,0.6621259759156408,0.4494832335698768,0.026134213838906788,0.19512249607777465,1800000,18000000,732600000,24.05
37,0.6665713997454418,0.4352187005066664,0.02477438388788525,0.1944731705679257,1800000,18000000,752400000,24.7
38,0.6705306236255565,0.42753670338984634,0.024688093094166662,0.1938260058730838,1800000,18000000,772200000,25.35
39,0.6764838900740362,0.4232839891855871,0.026716645953191193,0.1931809948025235,1800000,18000000,792000000,26.0
40,0.6757857405593913,0.4242108608089961,0.02560878186397202,0.19253813018944846,1800000,18000000,811800000,26.650000000000002
41,0.6796328736000231,0.422513330241397,0.026342354072287133,0.19189740489091192,1800000,18000000,831600000,27.3
42,0.6795120520204286,0.4206610435566975,0.026260959420694334,0.1912588117877373,1800000,18000000,851400000,27.95
43,0.6851749532941044,0.4114729827156314,0.02300052244201242,0.1906223437844391,1800000,18000000,871200000,28.6
44,0.689598323137888,0.414473043646711,0.02395919962069992,0.1899879938091441,1800000,18000000,891000000,29.25
45,0.6913684675995944,0.4103768205546252,0.025367530370487737,0.18935575481351272,1800000,18000000,910800000,29.900000000000002
46,0.6956258832989679,0.41103154725599206,0.023923347962950293,0.1887256197726607,1800000,18000000,930600000,30.55
47,0.6984491655976911,0.3976355429427189,0.0252208477779258,0.1880975816850811,1800000,18000000,950400000,31.200000000000003
48,0.7011540794832617,0.39806577432894863,0.023335220408438925,0.1874716335725665,1800000,18000000,970200000,31.85
49,0.7010326903205256,0.40215681188474195,0.02398747641478172,0.18684776848013143,1800000,18000000,990000000,32.5
50,0.7062870678746223,0.3904213423363682,0.024919305711181016,0.1862259794759351,1800000,18000000,1009800000,33.15
51,0.7079706253018384,0.3960656712265987,0.023215839133282273,0.18560625965120442,1800000,18000000,1029600000,33.800000000000004
52,0.7101652103171597,0.3887401297335307,0.02323796677439239,0.18498860212015716,1800000,18000000,1049400000,34.45
53,0.7114299856596003,0.39029928399699426,0.026007730766502073,0.18437300001992551,1800000,18000000,1069200000,35.1
54,0.7145564975094817,0.3867923123681043,0.024002246457172593,0.18375944651047985,1800000,18000000,1089000000,35.75
55,0.7196816892684748,0.38087985162288784,0.023937073494500395,0.1831479347745526,1800000,18000000,1108800000,36.4
56,0.717467199654578,0.380020643959903,0.024853528065998578,0.18253845801756263,1800000,18000000,1128600000,37.050000000000004
57,0.7196493908226536,0.38558027252402693,0.02409055330752392,0.1819310094675397,1800000,18000000,1148400000,37.7
58,0.7239986465937203,0.37617358455142136,0.023047495386590584,0.18132558237504928,1800000,18000000,1168200000,38.35
59,0.7269395792572966,0.37187526028094664,0.023419336959053058,0.18072217001311738,1800000,18000000,1188000000,39.0
60,0.7263935183421661,0.36863734439756735,0.022526941169021035,0.18012076567715601,1800000,18000000,1207800000,39.65
61,0.7286306330501502,0.37624152926131693,0.02347581867379243,0.1795213626848886,1800000,18000000,1227600000,40.300000000000004
62,0.7324673298187659,0.3684574376620411,0.023560908694640892,0.17892395437627573,1800000,18000000,1247400000,40.95
63,0.7331952204557892,0.36938265497434836,0.02416536997191824,0.17832853411344116,1800000,18000000,1267200000,41.6
64,0.7381656944120558,0.36144284312561886,0.023804019679739392,0.17773509528059805,1800000,18000000,1287000000,42.25
65,0.7383977136578894,0.36689861185928846,0.02117031905563953,0.17714363128397553,1800000,18000000,1306800000,42.9
66,0.7419727336279108,0.35911173854923994,0.022164423749248256,0.17655413555174526,1800000,18000000,1326600000,43.550000000000004
67,0.7425373645054485,0.35772858149637293,0.022964587200348486,0.17596660153394866,1800000,18000000,1346400000,44.2
68,0.7453063288642822,0.3555313326729352,0.02225976952392726,0.1753810227024239,1800000,18000000,1366200000,44.85
69,0.7483225671756503,0.34872960665343095,0.021023697924136678,0.17479739255073348,1800000,18000000,1386000000,45.5
70,0.7496569123815144,0.34881011063791784,0.02376494672349678,0.17421570459409197,1800000,18000000,1405800000,46.15
71,0.7487688286267528,0.3497766702502946,0.022466462327990443,0.17363595236929383,1800000,18000000,1425600000,46.800000000000004
72,0.7503859289546178,0.3461280740703849,0.022632589147968032,0.17305812943464177,1800000,18000000,1445400000,47.45
73,0.7528622366442188,0.34541161106026164,0.022986549009514985,0.17248222936987492,1800000,18000000,1465200000,48.1
74,0.7553430038588247,0.34018278716347133,0.023295676343624658,0.1719082457760978,1800000,18000000,1485000000,48.75
75,0.7565110480712848,0.3464984802130975,0.02282585907341704,0.17133617227570908,1800000,18000000,1504800000,49.4
76,0.7574555627963215,0.3440540580197094,0.023628684466168406,0.17076600251233054,1800000,18000000,1524600000,50.050000000000004
77,0.7582821781427341,0.3436246563710632,0.021740051370104995,0.17019773015073678,1800000,18000000,1544400000,50.7
78,0.759936777754049,0.33735548693717166,0.022415619623389994,0.16963134887678458,1800000,18000000,1564200000,51.35
79,0.767484196023144,0.3301092152939898,0.02284995004229279,0.16906685239734287,1800000,18000000,1584000000,52.0
80,0.764235908704648,0.33509260628578,0.02164980780138171,0.16850423444022272,1800000,18000000,1603800000,52.65
81,0.7642334354592835,0.33478768827471295,0.021352680104038263,0.1679434887541077,1800000,18000000,1623600000,53.300000000000004
82,0.767360758519311,0.33477661589146307,0.021517040897882492,0.16738460910848446,1800000,18000000,1643400000,53.95
83,0.7681174748143521,0.3338235847705623,0.02167417924276311,0.16682758929357333,1800000,18000000,1663200000,54.6
84,0.7726256673266874,0.32466425113062813,0.022409572781993195,0.1662724231202596,1800000,18000000,1683000000,55.25
85,0.7701524971395971,0.3371039670988953,0.021041852288434786,0.1657191044200245,1800000,18000000,1702800000,55.9
86,0.7724352154637172,0.3289531775429453,0.021820970415019156,0.16516762704487678,1800000,18000000,1722600000,56.550000000000004
87,0.7746855967686869,0.32363419411817645,0.020373295836507318,0.16461798486728435,1800000,18000000,1742400000,57.2
88,0.7723474123750234,0.3240403464579666,0.019574986803975482,0.16407017178010627,1800000,18000000,1762200000,57.85
89,0.774660932850871,0.32546080145735984,0.020261723694088584,0.16352418169652483,1800000,18000000,1782000000,58.5
90,0.7774608035887428,0.321273055692712,0.02092818946254382,0.16298000854997793,1800000,18000000,1801800000,59.15
91,0.7802703526395928,0.32216826141124405,0.01965713323566737,0.16243764629409166,1800000,18000000,1821600000,59.800000000000004
92,0.779334489318232,0.3216171636472801,0.02117575140676718,0.16189708890261317,1800000,18000000,1841400000,60.45
93,0.7799469410241702,0.3233706046537054,0.022096008567014234,0.16135833036934363,1800000,18000000,1861200000,61.1
94,0.7822397454110918,0.31356996038714563,0.02062380306326744,0.1608213647080716,1800000,18000000,1881000000,61.75
95,0.7835939367855204,0.3193169953921247,0.020030263956051318,0.16028618595250646,1800000,18000000,1900800000,62.400000000000006
96,0.7849091836393237,0.3130555616847642,0.01963760135232981,0.159752788156212,1800000,18000000,1920600000,63.050000000000004
97,0.785162137136609,0.3188343346609811,0.020463327374720737,0.15922116539254064,1800000,18000000,1940400000,63.7
98,0.7903344531591094,0.3122782250555816,0.019612858830525864,0.15869131175456724,1800000,18000000,1960200000,64.35000000000001
99,0.7877305257504954,0.31315058607438007,0.020801719497334985,0.15816322135502375,1800000,18000000,1980000000,65.0
100,0.7919079718852533,0.3083036213684968,0.01961292696076537,0.15763688832623365,1800000,18000000,1999800000,65.65
101,0.7905695568445203,0.3136755547155607,0.018816708429178992,0.1571123068200467,1800000,18000000,2019600000,66.3
102,0.7918846146524975,0.3036010410183007,0.01969782558974224,0.15658947100777412,1800000,18000000,2039400000,66.95
103,0.7927400485894877,0.3146071602957546,0.020902349799210955,0.1560683750801238,1800000,18000000,2059200000,67.60000000000001
104,0.7945965548881384,0.30079109968965173,0.019232083010041416,0.1555490132471355,1800000,18000000,2079000000,68.25
105,0.7943651000973304,0.3021291222234319,0.019921958158411836,0.15503137973811695,1800000,18000000,2098800000,68.9
106,0.7963255958044428,0.30396359736390066,0.021074423564956223,0.15451546880157935,1800000,18000000,2118600000,69.55
107,0.8006991888423803,0.298509251215189,0.019574330721661554,0.15400127470517364,1800000,18000000,2138400000,70.2
108,0.8003289313120154,0.2979185912874977,0.0186350731015531,0.15348879173562682,1800000,18000000,2158200000,70.85000000000001
109,0.8010718927464293,0.3028256107559742,0.019225375041176582,0.1529780141986784,1800000,18000000,2178000000,71.5
110,0.8014478089125409,0.2995579322695523,0.022145261660649278,0.15246893641901713,1800000,18000000,2197800000,72.15
111,0.802295469659886,0.29641899580001346,0.02008199805617713,0.15196155274021803,1800000,18000000,2217600000,72.8
112,0.8048192609918797,0.2900542710851449,0.0190515772219028,0.1514558575246794,1800000,18000000,2237400000,73.45
113,0.8028102720415965,0.2916955666483304,0.018166273263852357,0.1509518451535604,1800000,18000000,2257200000,74.10000000000001
114,0.8004734077744049,0.29738174329757133,0.01733270098732743,0.15044951002671828,1800000,18000000,2277000000,74.75
115,0.8038136605565392,0.2999276989378685,0.01879887461472082,0.14994884656264654,1800000,18000000,2296800000,75.4
116,0.8018094761531185,0.30076471082687284,0.018023867591862225,0.14944984919841262,1800000,18000000,2316600000,76.05
117,0.80600906790111,0.29633366482782,0.018719274633080044,0.14895251238959623,1800000,18000000,2336400000,76.7
118,0.8057088546202336,0.2994297924324021,0.018845027824938267,0.1484568306102277,1800000,18000000,2356200000,77.35000000000001
119,0.8093650132364032,0.2909800553537816,0.019427422568503577,0.14796279835272666,1800000,18000000,2376000000,78.0
120,0.8087204695329598,0.2938748515972238,0.01919202473700776,0.14747041012784065,1800000,18000000,2395800000,78.65
121,0.810624774182849,0.28905162794477035,0.018645183574516336,0.14697966046458436,1800000,18000000,2415600000,79.3
122,0.8079549234353192,0.29259867140308965,0.019850970604119535,0.14649054391017868,1800000,18000000,2435400000,79.95
123,0.8107127241532853,0.28729595005632846,0.01895853095003582,0.14600305502999028,1800000,18000000,2455200000,80.60000000000001
124,0.8119637440692695,0.2898734069582404,0.01616031500276602,0.14551718840747094,1800000,18000000,2475000000,81.25
125,0.8120305653018338,0.28481903772955275,0.017211275963941758,0.14503293864409764,1800000,18000000,2494800000,81.9
126,0.8124922394584573,0.28568869161555976,0.017794459147494425,0.1445503003593125,1800000,18000000,2514600000,82.55
127,0.8137302817309344,0.28623768711231634,0.018952105946198772,0.14406926819046292,1800000,18000000,2534400000,83.2
128,0.8143407210777374,0.28258909732912896,0.017062642041557746,0.14358983679274215,1800000,18000000,2554200000,83.85000000000001
129,0.8136105584159109,0.28895544489105013,0.017613840282413196,0.14311200083912964,1800000,18000000,2574000000,84.5
130,0.8112895990719408,0.2907952582335575,0.019271403115228194,0.14263575502033213,1800000,18000000,2593800000,85.15
131,0.8150554284383619,0.28367236589771905,0.016737596091545445,0.14216109404472455,1800000,18000000,2613600000,85.8
132,0.8154266378725304,0.283486860869466,0.017134802822488297,0.14168801263829112,1800000,18000000,2633400000,86.45
133,0.816423443898526,0.28162552888826425,0.01670894382315847,0.14121650554456688,1800000,18000000,2653200000,87.10000000000001
134,0.8167983231960667,0.28825576676929227,0.016136210052058935,0.14074656752457937,1800000,18000000,2673000000,87.75
135,0.8151877827089724,0.2800505757586053,0.017025174771181536,0.14027819335679012,1800000,18000000,2692800000,88.4
136,0.8177673454534358,0.2804020688075409,0.018184113952296608,0.13981137783703693,1800000,18000000,2712600000,89.05
137,0.8169505418958409,0.2826973295304628,0.018520725993873808,0.13934611577847586,1800000,18000000,2732400000,89.7
138,0.8196307580425448,0.2781048204683012,0.017874387859775517,0.13888240201152371,1800000,18000000,2752200000,90.35000000000001
139,0.8209879635699515,0.2767627701048809,0.016677613873383488,0.13842023138380052,1800000,18000000,2772000000,91.0
140,0.8206645384326264,0.2812371822466804,0.016825214055036716,0.13795959876007233,1800000,18000000,2791800000,91.65
141,0.8219117717177238,0.27180191732726505,0.01744658143826751,0.13750049902219416,1800000,18000000,2811600000,92.3
142,0.8230214530310234,0.2769652573316202,0.017219306558881216,0.13704292706905308,1800000,18000000,2831400000,92.95
143,0.8223598165956771,0.2783792704223154,0.01693431512245463,0.13658687781651155,1800000,18000000,2851200000,93.60000000000001
144,0.8249787979322191,0.2716730826534979,0.016406699710695104,0.13613234619735098,1800000,18000000,2871000000,94.25
145,0.8224998716947657,0.2774762731885712,0.01621253158958546,0.1356793271612154,1800000,18000000,2890800000,94.9
146,0.8252690285885329,0.27188792819350466,0.01721721404544181,0.1352278156745552,1800000,18000000,2910600000,95.55
147,0.8240031422553711,0.27433768805742326,0.01734214083756749,0.13477780672057155,1800000,18000000,2930400000,96.2
148,0.8215662707515772,0.28396953555629967,0.01618168360626764,0.13432929529916027,1800000,18000000,2950200000,96.85000000000001
149,0.8238831214019543,0.2693690483666358,0.018705605399648197,0.13388227642685652,1800000,18000000,2970000000,97.5
150,0.8247043972138006,0.2822240034858555,0.015788665718140412,0.13343674513677936,1800000,18000000,2989800000,98.15
151,0.8265784158257058,0.27053793411980764,0.016442080844263966,0.1329926964785765,1800000,18000000,3009600000,98.8
152,0.8269048717540044,0.27843267081604905,0.016157275144696944,0.13255012551836945,1800000,18000000,3029400000,99.45
153,0.8262935209779066,0.2712075173936171,0.015552645556691393,0.1321090273386985,1800000,18000000,3049200000,100.10000000000001
154,0.8283031284359903,0.277777154208863,0.015681304940058878,0.13166939703846825,1800000,18000000,3069000000,100.75
155,0.8267560037719076,0.2771377960341211,0.01737542363189689,0.13123122973289303,1800000,18000000,3088800000,101.4
156,0.8265349841509702,0.27584607107221976,0.015501090913199941,0.13079452055344276,1800000,18000000,3108600000,102.05
157,0.8255856579532954,0.2745441758290548,0.014851269122283897,0.13035926464778871,1800000,18000000,3128400000,102.7
158,0.8280125594181554,0.2770056523906664,0.014705530995296902,0.12992545717974963,1800000,18000000,3148200000,103.35000000000001
159,0.8287530262023084,0.2716333245605169,0.014637416819790255,0.12949309332923814,1800000,18000000,3168000000,104.0
160,0.8303946713571195,0.273418276498956,0.014602555448692307,0.129062168292207,1800000,18000000,3187800000,104.65
161,0.8309248312764448,0.2669981051348024,0.01502047929220102,0.1286326772805958,1800000,18000000,3207600000,105.3
162,0.8314038801117386,0.26812410161716266,0.01608083446242305,0.12820461552227772,1800000,18000000,3227400000,105.95
163,0.8293326055163999,0.2666347648906055,0.016120799136032943,0.12777797826100667,1800000,18000000,3247200000,106.60000000000001
164,0.8318999593833609,0.26796727542640303,0.016629725448893747,0.12735276075636423,1800000,18000000,3267000000,107.25
165,0.8324624642059272,0.26535834971646105,0.016730954017257247,0.12692895828370707,1800000,18000000,3286800000,107.9
166,0.8325529400527197,0.2707562207322723,0.015825433293613578,0.12650656613411448,1800000,18000000,3306600000,108.55
167,0.8316998562958137,0.2719616817122579,0.015092335365493224,0.12608557961433597,1800000,18000000,3326400000,109.2
168,0.8330078353981137,0.2703627725928323,0.013732550418855842,0.12566599404673928,1800000,18000000,3346200000,109.85000000000001
169,0.8329040178930918,0.26653626662826724,0.014180913184343674,0.12524780476925818,1800000,18000000,3366000000,110.5
170,0.8329393298685002,0.27296550042006745,0.01493573102878571,0.12483100713534084,1800000,18000000,3385800000,111.15
171,0.830145958445921,0.27018663225903616,0.0159178011035018,0.12441559651389816,1800000,18000000,3405600000,111.8
172,0.8319111426286918,0.26644504027921967,0.014962495985604273,0.12400156828925231,1800000,18000000,3425400000,112.45
173,0.8345691045445041,0.26592164959043246,0.015517075261842506,0.12358891786108542,1800000,18000000,3445200000,113.10000000000001
174,0.8344958050353806,0.26688556480286374,0.016042387929012168,0.12317764064438845,1800000,18000000,3465000000,113.75
175,0.8355369387293198,0.2679550584170782,0.014494414899897235,0.12276773206941036,1800000,18000000,3484800000,114.4
176,0.8349095336260894,0.2631366769100361,0.014987036817514319,0.1223591875816072,1800000,18000000,3504600000,115.05
177,0.8329390400044349,0.2718888804828621,0.014293181196825525,0.12195200264159156,1800000,18000000,3524400000,115.7
178,0.8352640841563057,0.2619152697289303,0.015230578048983348,0.12154617272508213,1800000,18000000,3544200000,116.35000000000001
179,0.8355254822495154,0.26652556937586247,0.017362560149198663,0.12114169332285347,1800000,18000000,3564000000,117.0
180,0.8372203799428014,0.26443670080262466,0.016109728233607123,0.12073855994068583,1800000,18000000,3583800000,117.65
181,0.8358034301928499,0.2626439873455907,0.015231885318866769,0.12033676809931522,1800000,18000000,3603600000,118.3
182,0.8352796363466786,0.2706064073014674,0.013991808684310245,0.11993631333438377,1800000,18000000,3623400000,118.95
183,0.8370390385402566,0.261138835648122,0.01407174037312986,0.11953719119638996,1800000,18000000,3643200000,119.60000000000001
184,0.8366093013429879,0.26083430537690255,0.014487443563595758,0.11913939725063923,1800000,18000000,3663000000,120.25
185,0.8368909810634256,0.2612472326820636,0.015353330707448754,0.11874292707719478,1800000,18000000,3682800000,120.9
186,0.8377679006167227,0.2548932334472557,0.013922987697060418,0.11834777627082839,1800000,18000000,3702600000,121.55
187,0.8388200206397066,0.26375902319476446,0.013316039971988604,0.11795394044097147,1800000,18000000,3722400000,122.2
188,0.841137756657938,0.2611987149178153,0.014647985546298956,0.11756141521166627,1800000,18000000,3742200000,122.85000000000001
189,0.8358805063489299,0.2625874031154132,0.015282308189883267,0.11717019622151738,1800000,18000000,3762000000,123.5
190,0.8394940246990636,0.2549377830349203,0.01442333756379173,0.11678027912364307,1800000,18000000,3781800000,124.15
191,0.8360865597337471,0.2650762712977483,0.01639545115115019,0.11639165958562711,1800000,18000000,3801600000,124.80000000000001
192,0.8358163737093143,0.2660572246254765,0.015439320020699995,0.11600433328947068,1800000,18000000,3821400000,125.45
193,0.8375402328344029,0.2594040145587044,0.01442474511917975,0.11561829593154425,1800000,18000000,3841200000,126.10000000000001
194,0.839533768598122,0.2581528191277251,0.014240042533463315,0.11523354322253988,1800000,18000000,3861000000,126.75
195,0.8348200271363052,0.2625630660603257,0.01362136161746739,0.11485007088742354,1800000,18000000,3880800000,127.4
196,0.8371567921627487,0.2613765037014176,0.014270574467682217,0.11446787466538752,1800000,18000000,3900600000,128.05
197,0.8383156944288549,0.26913270425323593,0.012910273309903752,0.11408695030980319,1800000,18000000,3920400000,128.70000000000002
198,0.8389695617085416,0.2628425279616039,0.014490115447738459,0.11370729358817382,1800000,18000000,3940200000,129.35
199,0.8359832760668411,0.2674276879634233,0.013020776781777134,0.1133289002820875,1800000,18000000,3960000000,130.0
200,0.8380102200445573,0.2661659315495728,0.01338066571915111,0.11295176618717025,1800000,18000000,3979800000,130.65
201,0.8403048565040601,0.25588337768740366,0.013174138815394773,0.11257588711303934,1800000,18000000,3999600000,131.3
202,0.8362499042938724,0.2659324548413003,0.01320644881004301,0.11220125888325679,1800000,18000000,4019400000,131.95000000000002
203,0.8376121096555832,0.25828141846039654,0.01397470189837429,0.11182787733528282,1800000,18000000,4039200000,132.6
204,0.8385939184405291,0.26146962171169064,0.013875565563970967,0.1114557383204297,1800000,18000000,4059000000,133.25
205,0.8380470690943145,0.2614301009529513,0.011618457892631225,0.11108483770381573,1800000,18000000,4078800000,133.9
206,0.835263095248127,0.266112353772926,0.011743939648838967,0.11071517136431909,1800000,18000000,4098600000,134.55
207,0.8362634215205835,0.25656926780603506,0.013184687995563188,0.11034673519453223,1800000,18000000,4118400000,135.20000000000002
208,0.8355260567690271,0.26238623397530497,0.011503385720134502,0.10997952510071608,1800000,18000000,4138200000,135.85
209,0.8388528021787942,0.25880483807909715,0.014355115511668742,0.10961353700275477,1800000,18000000,4158000000,136.5
210,0.8364144672200776,0.26145880807014743,0.01196787989438178,0.1092487668341101,1800000,18000000,4177800000,137.15
211,0.8352358121392075,0.26629748517859786,0.012704441865775186,0.10888521054177641,1800000,18000000,4197600000,137.8
212,0.8383629503503653,0.25887169032757046,0.011768952962480846,0.10852286408623565,1800000,18000000,4217400000,138.45000000000002
213,0.8400351635043158,0.25896609665624276,0.011013885508786025,0.10816172344141232,1800000,18000000,4237200000,139.1
214,0.8388079104570152,0.26227582464258326,0.011882588697948504,0.1078017845946289,1800000,18000000,4257000000,139.75
215,0.8368055549664795,0.26522703483312887,0.014973102295698391,0.10744304354656116,1800000,18000000,4276800000,140.4
216,0.8376367556636651,0.2639153105841677,0.011837029446232227,0.10708549631119377,1800000,18000000,4296600000,141.05
217,0.8369854051100981,0.266328249830576,0.013562650245244024,0.10672913891577596,1800000,18000000,4316400000,141.70000000000002
218,0.8383679962723832,0.2581820703193175,0.013071963128573167,0.1063739674007775,1800000,18000000,4336200000,142.35
219,0.8361463790535721,0.2655948806425411,0.011459571276417498,0.10601997781984454,1800000,18000000,4356000000,143.0
220,0.8397410469406247,0.2577618573258894,0.013898228943685828,0.10566716623975587,1800000,18000000,4375800000,143.65
221,0.841265490177098,0.2656502529892887,0.01245758302341667,0.10531552874037918,1800000,18000000,4395600000,144.3
222,0.8403054113780946,0.2610295917194598,0.013146027750160848,0.10496506141462757,1800000,18000000,4415400000,144.95000000000002
223,0.8364317955481859,0.26192306519709496,0.011879193683108729,0.10461576036841601,1800000,18000000,4435200000,145.6
224,0.8382370789254185,0.25851433064662666,0.012587733920309199,0.10426762172061814,1800000,18000000,4455000000,146.25
225,0.8373773050033718,0.2607752793534515,0.012430014543177806,0.10392064160302324,1800000,18000000,4474800000,146.9
226,0.8379659329497469,0.266263040930865,0.010702844666949108,0.10357481616029306,1800000,18000000,4494600000,147.55
227,0.8385155900858796,0.26051519684397206,0.01177318547147182,0.10323014154991914,1800000,18000000,4514400000,148.20000000000002
228,0.8378779875040817,0.2605605115400953,0.012768104967269106,0.10288661394218003,1800000,18000000,4534200000,148.85
229,0.8388776871691837,0.261487924036883,0.011601375671257503,0.10254422952009878,1800000,18000000,4554000000,149.5
230,0.8358049791421439,0.2578715462006685,0.011228472205955513,0.10220298447940052,1800000,18000000,4573800000,150.15
231,0.8386649092156117,0.26317905503025085,0.011110527494727261,0.10186287502847018,1800000,18000000,4593600000,150.8
232,0.8394254248658058,0.26498073213763135,0.011006249935904634,0.10152389738831034,1800000,18000000,4613400000,151.45000000000002
233,0.8380954890870763,0.26312893873770704,0.014182079798948078,0.1011860477924993,1800000,18000000,4633200000,152.1
234,0.8376711220451202,0.26242409146967305,0.010431766554556656,0.10084932248714917,1800000,18000000,4653000000,152.75
235,0.8418013112788276,0.25664574693859954,0.012819127166371413,0.10051371773086425,1800000,18000000,4672800000,153.4
236,0.8395545948663156,0.26155958246518135,0.012267403852661198,0.1001792297946993,1800000,18000000,4692600000,154.05
237,0.8404492053945748,0.26212895852746737,0.010063379819176871,0.09984585496211829,1800000,18000000,4712400000,154.70000000000002
238,0.837824283596792,0.2625923822524752,0.014230951408890061,0.09951358952895295,1800000,18000000,4732200000,155.35
239,0.8392746093030461,0.259236575890054,0.012059243170879703,0.09918242980336175,1800000,18000000,4752000000,156.0
240,0.8395599015281876,0.258947842511269,0.010362104611558256,0.09885237210578875,1800000,18000000,4771800000,156.65
241,0.834756388154611,0.26723861120169595,0.010520794898587779,0.09852341276892282,1800000,18000000,4791600000,157.3
242,0.836518149498184,0.263628015279086,0.010626235467125123,0.09819554813765684,1800000,18000000,4811400000,157.95000000000002
243,0.8369090534567929,0.26319445776386,0.011692018261292726,0.09786877456904704,1800000,18000000,4831200000,158.6
244,0.8373587134851874,0.25549118256703923,0.01177403272213324,0.09754308843227269,1800000,18000000,4851000000,159.25
245,0.8366575795771891,0.2607718247325077,0.01126719451297463,0.09721848610859557,1800000,18000000,4870800000,159.9
246,0.8374104560734081,0.26520503779102156,0.010878340780915347,0.09689496399131985,1800000,18000000,4890600000,160.55
247,0.8358173547617762,0.259639459173175,0.01180772330003698,0.09657251848575199,1800000,18000000,4910400000,161.20000000000002
248,0.8380239354697798,0.26095531108874925,0.011663450181515905,0.09625114600916085,1800000,18000000,4930200000,161.85
249,0.8381061547172298,0.2633425943917546,0.011243388156624423,0.09593084299073784,1800000,18000000,4950000000,162.5
250,0.8358811200490988,0.2567737733883219,0.009252245387871076,0.0956116058715572,1800000,18000000,4969800000,163.15
251,0.8393569317364149,0.2614395750951768,0.012524548166613846,0.0952934311045366,1800000,18000000,4989600000,163.8
252,0.8396378302730143,0.2587001025968465,0.012176193434586402,0.09497631515439754,1800000,18000000,5009400000,164.45000000000002
253,0.8393996849029433,0.2624338259973065,0.009928547934317623,0.0946602544976262,1800000,18000000,5029200000,165.1
254,0.8380951381087444,0.25984821952732196,0.00985390620405367,0.09434524562243425,1800000,18000000,5049000000,165.75
255,0.836973292403083,0.2626749837693072,0.012114535350751802,0.09403128502871988,1800000,18000000,5068800000,166.4
256,0.8354512226308,0.26251537296735444,0.010950382828790066,0.09371836922802874,1800000,18000000,5088600000,167.05
257,0.8371125661760966,0.261905436019251,0.01043207737441185,0.09340649474351545,1800000,18000000,5108400000,167.70000000000002
258,0.8374254080729454,0.26539405522902887,0.009617222473875604,0.09309565810990474,1800000,18000000,5128200000,168.35
259,0.8403103176373493,0.25816448855694824,0.008564206090197382,0.09278585587345302,1800000,18000000,5148000000,169.0
260,0.8392179689363821,0.259026949750716,0.011039006437709676,0.09247708459191002,1800000,18000000,5167800000,169.65
261,0.8351906101585501,0.2663467637088768,0.011698186013203674,0.09216934083448058,1800000,18000000,5187600000,170.3
262,0.8380657623308446,0.26654616881799814,0.009523053613687207,0.09186262118178642,1800000,18000000,5207400000,170.95000000000002
263,0.8375662666438439,0.2579529928565846,0.010624665413323159,0.09155692222582827,1800000,18000000,5227200000,171.6
264,0.8386087456819709,0.2617784574000356,0.011295690314000644,0.0912522405699479,1800000,18000000,5247000000,172.25
265,0.8382006040172096,0.2615787619795864,0.012072715125512893,0.09094857282879044,1800000,18000000,5266800000,172.9
266,0.8381828621719365,0.26176597281130154,0.010478080208247238,0.09064591562826678,1800000,18000000,5286600000,173.55
267,0.8382269070397547,0.26364648900683446,0.009567746482934337,0.090344265605516,1800000,18000000,5306400000,174.20000000000002
268,0.8366730684000202,0.2658114627727005,0.009160712376066653,0.0900436194088681,1800000,18000000,5326200000,174.85
269,0.8350234024799488,0.2679534287030066,0.010951024496572814,0.08974397369780665,1800000,18000000,5346000000,175.5
270,0.8391473204772639,0.2591050107991285,0.010028192905110034,0.08944532514293181,1800000,18000000,5365800000,176.15
271,0.8384653751481387,0.259624136689854,0.009194877693396723,0.08914767042592323,1800000,18000000,5385600000,176.8
272,0.837471505078443,0.26220625188201674,0.009981005747534797,0.08885100623950319,1800000,18000000,5405400000,177.45000000000002
273,0.8384932350827572,0.26081998899623865,0.009959685819001684,0.08855532928739991,1800000,18000000,5425200000,178.1
274,0.8393359959471948,0.2594450520104408,0.011015489292690143,0.08826063628431091,1800000,18000000,5445000000,178.75
275,0.8380794303345248,0.26218946768500634,0.01181112449347225,0.08796692395586642,1800000,18000000,5464800000,179.4
276,0.8375835334523726,0.2605826195090012,0.009191080466818331,0.08767418903859311,1800000,18000000,5484600000,180.05
277,0.8380734213282369,0.26437433364199675,0.011050429114470128,0.0873824282798778,1800000,18000000,5504400000,180.70000000000002
278,0.8378273923141525,0.2646503669480904,0.010409127622309495,0.08709163843793126,1800000,18000000,5524200000,181.35
279,0.838170826769296,0.2643834286684598,0.01009790073485372,0.08680181628175224,1800000,18000000,5544000000,182.0
280,0.8379652372436822,0.26605917853505734,0.008252176094460889,0.08651295859109161,1800000,18000000,5563800000,182.65
281,0.8388477225829573,0.2612755069772176,0.010290223512608372,0.0862250621564165,1800000,18000000,5583600000,183.3
282,0.8389561332856299,0.2574182967602006,0.01021221671389202,0.08593812377887465,1800000,18000000,5603400000,183.95000000000002
283,0.8385616726341738,0.26682025429673956,0.011143337182571027,0.08565214027025891,1800000,18000000,5623200000,184.6
284,0.8379779303463492,0.2597496172378404,0.01017541527975658,0.08536710845297184,1800000,18000000,5643000000,185.25
285,0.8373872176168947,0.2656596829803129,0.008130940009034374,0.08508302515999028,1800000,18000000,5662800000,185.9
286,0.8400571918551478,0.26018038431842483,0.009036195394675303,0.08479988723483026,1800000,18000000,5682600000,186.55
287,0.8370535211229909,0.2660054570486776,0.008205755837053644,0.08451769153151197,1800000,18000000,5702400000,187.20000000000002
288,0.8359430343814763,0.25998088079368986,0.009881112089729638,0.08423643491452465,1800000,18000000,5722200000,187.85
289,0.8373558150334542,0.26399880310799834,0.009561878118716885,0.08395611425879189,1800000,18000000,5742000000,188.5
290,0.8404212478973513,0.26123680661524773,0.0092223167330123,0.08367672644963688,1800000,18000000,5761800000,189.15
291,0.8339660639846411,0.27024321751283237,0.008934904517550427,0.08339826838274775,1800000,18000000,5781600000,189.8
292,0.8382707694962854,0.2533749699537965,0.008979049758115006,0.08312073696414307,1800000,18000000,5801400000,190.45000000000002
293,0.8380709242358194,0.26064498605845904,0.009327088825924071,0.08284412911013761,1800000,18000000,5821200000,191.1
294,0.8371717950699938,0.2661878220371176,0.010420366092803925,0.0825684417473079,1800000,18000000,5841000000,191.75
295,0.839200501207735,0.2629722623382115,0.010267440935349047,0.08229367181245818,1800000,18000000,5860800000,192.4
296,0.8377958652541657,0.26661743791961034,0.008664220458560168,0.08201981625258635,1800000,18000000,5880600000,193.05
297,0.8401023420426069,0.25803896940051674,0.008744625521818698,0.08174687202485005,1800000,18000000,5900400000,193.70000000000002
298,0.8376326893363651,0.2634413320974638,0.008844106610241025,0.08147483609653282,1800000,18000000,5920200000,194.35
299,0.8346692656595633,0.2611141256469706,0.009154256334340471,0.08120370544501043,1800000,18000000,5940000000,195.0
300,0.8380109879455445,0.2660265656502477,0.009132864469181176,0.08093347705771732,1800000,18000000,5959800000,195.65
301,0.8333970693547743,0.26347411563025375,0.00854293825272982,0.08066414793211302,1800000,18000000,5979600000,196.3
302,0.8382743570403083,0.2554040401409388,0.010558821674989935,0.080395715075649,1800000,18000000,5999400000,196.95000000000002
303,0.8356413110787595,0.2635346818688888,0.008077497008061625,0.08012817550573513,1800000,18000000,6019200000,197.6
304,0.8357753953943846,0.26381761301257567,0.008827552910953608,0.0798615262497068,1800000,18000000,6039000000,198.25
305,0.8373921495422968,0.2668227179372871,0.010327742647829572,0.07959576434479178,1800000,18000000,6058800000,198.9
306,0.8368108114124809,0.26429765046361814,0.009487818932630648,0.07933088683807722,1800000,18000000,6078600000,199.55
307,0.8403118189825357,0.2616152928913556,0.008439420030132122,0.07906689078647704,1800000,18000000,6098400000,200.20000000000002
308,0.8387640237173412,0.2647889578018364,0.0075160898268862636,0.07880377325669904,1800000,18000000,6118200000,200.85
309,0.8397199361832177,0.25986251183145725,0.007566751078825322,0.07854153132521242,1800000,18000000,6138000000,201.5
310,0.8377707088050759,0.2628646588792867,0.008714839734333053,0.07828016207821521,1800000,18000000,6157800000,202.15
311,0.8365297376873106,0.26227076325184784,0.010447274398926048,0.07801966261160202,1800000,18000000,6177600000,202.8
312,0.8379480092779469,0.26485071081119327,0.00777999466693505,0.07776003003093164,1800000,18000000,6197400000,203.45000000000002
313,0.8377292520215406,0.2602174306626248,0.008175932651789801,0.07750126145139492,1800000,18000000,6217200000,204.1
314,0.8362287269380517,0.26635548058789693,0.008345489648844396,0.07724335399778277,1800000,18000000,6237000000,204.75
315,0.8387433667494798,0.26283732988349684,0.007053790884455059,0.07698630480445418,1800000,18000000,6256800000,205.4
316,0.8372390084392292,0.2638566832922658,0.006552452853279052,0.07673011101530436,1800000,18000000,6276600000,206.05
317,0.8359204726082042,0.2671058742517034,0.009002881473735354,0.07647476978373298,1800000,18000000,6296400000,206.70000000000002
318,0.8372728710880664,0.26173047539871214,0.010235642493345872,0.07622027827261263,1800000,18000000,6316200000,207.35
319,0.838602453225002,0.25996879027874614,0.009069755466983569,0.07596663365425728,1800000,18000000,6336000000,208.0
320,0.8388492581155743,0.25870822918227,0.008910537292615884,0.07571383311039072,1800000,18000000,6355800000,208.65
321,0.8381139699290625,0.26188542514245833,0.009088930216988603,0.07546187383211546,1800000,18000000,6375600000,209.3
322,0.8369862960835505,0.25900964159449635,0.008712802968666875,0.07521075301988138,1800000,18000000,6395400000,209.95000000000002
323,0.8368693765919465,0.26114309607705727,0.0083730216096063,0.07496046788345459,1800000,18000000,6415200000,210.6
324,0.8381407081342376,0.2569406345285775,0.008822968293781402,0.0747110156418866,1800000,18000000,6435000000,211.25
325,0.8389245842003631,0.25524861568665386,0.010003941448364178,0.07446239352348329,1800000,18000000,6454800000,211.9
326,0.8370219998261202,0.2574132544561116,0.00884110345464344,0.07421459876577408,1800000,18000000,6474600000,212.55
327,0.8368938657122329,0.26525329035977796,0.007421987849190334,0.07396762861548134,1800000,18000000,6494400000,213.20000000000002
328,0.8380539953723248,0.264485896726301,0.006950776215235041,0.07372148032848977,1800000,18000000,6514200000,213.85
329,0.8371185478318393,0.26116798482930736,0.007817274890953227,0.07347615116981583,1800000,18000000,6534000000,214.5
330,0.8379378120484201,0.26024170369890787,0.007981281228297894,0.07323163841357751,1800000,18000000,6553800000,215.15
331,0.8366596385578017,0.2587556952041438,0.007659810611465331,0.07298793934296385,1800000,18000000,6573600000,215.8
332,0.8365280766348022,0.2655449807222445,0.006011628880098972,0.0727450512502049,1800000,18000000,6593400000,216.45000000000002
333,0.8369814657248366,0.2613800232614882,0.008607597164462688,0.0725029714365416,1800000,18000000,6613200000,217.1
334,0.8359656729960155,0.26312018906815204,0.0073431457185215345,0.07226169721219572,1800000,18000000,6633000000,217.75
335,0.8377669901734957,0.25830762246985467,0.006861380883163477,0.07202122589634008,1800000,18000000,6652800000,218.4
336,0.8374412046027704,0.2620159633288731,0.007339846942381279,0.07178155481706869,1800000,18000000,6672600000,219.05
337,0.8368659086304756,0.2606233932659888,0.008911945266148006,0.0715426813113671,1800000,18000000,6692400000,219.70000000000002
338,0.8391678795612215,0.25880305010300775,0.00847722230705665,0.07130460272508277,1800000,18000000,6712200000,220.35
339,0.8373499147092315,0.2676711588717646,0.006220340251898794,0.07106731641289565,1800000,18000000,6732000000,221.0
340,0.8400495430227773,0.2545191797814356,0.008250258282369777,0.0708308197382887,1800000,18000000,6751800000,221.65
341,0.8380203964332457,0.26450487100331826,0.006691079514627506,0.07059511007351867,1800000,18000000,6771600000,222.3
342,0.8395925301843286,0.2609307688549489,0.008217124132417626,0.07036018479958688,1800000,18000000,6791400000,222.95000000000002
343,0.8377045639879921,0.2596288580822264,0.007999268365757189,0.07012604130621002,1800000,18000000,6811200000,223.6
344,0.835201278173478,0.2642892899362196,0.00717561988815385,0.06989267699179139,1800000,18000000,6831000000,224.25
345,0.8364529161978381,0.26333469030191486,0.007778222068544972,0.06966008926339172,1800000,18000000,6850800000,224.9
346,0.8386794734143372,0.25834374115875053,0.006604779293169666,0.06942827553670051,1800000,18000000,6870600000,225.55
347,0.8396561229057715,0.2574793482658527,0.007438941226813529,0.06919723323600736,1800000,18000000,6890400000,226.20000000000002
348,0.8362298871094817,0.26356469058111753,0.006155986188181868,0.06896695979417317,1800000,18000000,6910200000,226.85
349,0.8373880916194558,0.2572790538667387,0.007786411889118469,0.06873745265260178,1800000,18000000,6930000000,227.5
350,0.83807721092487,0.26410380667716365,0.0066088455287304235,0.06850870926121148,1800000,18000000,6949800000,228.15
351,0.8369039366711192,0.263225854848482,0.006932959704271158,0.06828072707840671,1800000,18000000,6969600000,228.8
352,0.8362073155879542,0.259786446054545,0.007233154297404868,0.06805350357104971,1800000,18000000,6989400000,229.45000000000002
353,0.8377148281573157,0.2606237208674048,0.008584138507723197,0.06782703621443252,1800000,18000000,7009200000,230.1
354,0.8377020355464687,0.2616122081691159,0.007741009082995186,0.06760132249224887,1800000,18000000,7029000000,230.75
355,0.8381575997106048,0.26255396324730923,0.008974589929439404,0.06737635989656618,1800000,18000000,7048800000,231.4
356,0.8375862067510628,0.2592258356828006,0.00955103503025832,0.06715214592779772,1800000,18000000,7068600000,232.05
357,0.8348033833903985,0.2652784100113275,0.006832724828170419,0.0669286780946749,1800000,18000000,7088400000,232.70000000000002
358,0.8388629981201079,0.2616017622962447,0.006778060001951051,0.06670595391421945,1800000,18000000,7108200000,233.35
359,0.836327406751715,0.2660155438953262,0.005940565104605808,0.066483970911716,1800000,18000000,7128000000,234.0
360,0.8381634239554178,0.2688874544909871,0.005701788546987257,0.06626272662068447,1800000,18000000,7147800000,234.65
361,0.8388950003541065,0.2553134766235649,0.007781027433027248,0.06604221858285264,1800000,18000000,7167600000,235.3
362,0.8377747124338335,0.25750230240615835,0.0066643760843236935,0.06582244434812895,1800000,18000000,7187400000,235.95000000000002
363,0.8394817796517289,0.2616269333440214,0.0069625710682187985,0.06560340147457523,1800000,18000000,7207200000,236.6
364,0.8386059942887761,0.25908673698780954,0.006098993050323067,0.06538508752837947,1800000,18000000,7227000000,237.25
365,0.8359614516031723,0.2661992798329276,0.006303211552546511,0.06516750008382895,1800000,18000000,7246800000,237.9
366,0.8408899484559388,0.258016177619852,0.007568942736268709,0.06495063672328313,1800000,18000000,7266600000,238.55
367,0.8397118105277996,0.2590271835062872,0.0064667247270128216,0.0647344950371469,1800000,18000000,7286400000,239.20000000000002
368,0.8390987563835481,0.26156592499790127,0.007427728076025796,0.06451907262384375,1800000,18000000,7306200000,239.85
369,0.8387709937205081,0.26309759741423294,0.0056951101818131285,0.06430436708978908,1800000,18000000,7326000000,240.5
370,0.8360213346812335,0.26063357977888235,0.007381343451217431,0.06409037604936363,1800000,18000000,7345800000,241.15
371,0.8372365789299077,0.2625634453042011,0.008935419183056976,0.063877097124887,1800000,18000000,7365600000,241.8
372,0.8401928136560814,0.26306540988914456,0.0068922922651096395,0.06366452794659114,1800000,18000000,7385400000,242.45000000000002
373,0.8391546876477723,0.25444404627969447,0.00643088107253743,0.06345266615259412,1800000,18000000,7405200000,243.1
374,0.8385271162641308,0.2614265092401863,0.006652091605065211,0.06324150938887384,1800000,18000000,7425000000,243.75
375,0.8362757658595492,0.26968012986038925,0.007136967167678699,0.06303105530924182,1800000,18000000,7444800000,244.4
376,0.8364472807500454,0.26335724649247283,0.006862881220152845,0.06282130157531728,1800000,18000000,7464600000,245.05
377,0.838238186715954,0.26062564898664564,0.007026007812439847,0.06261224585650099,1800000,18000000,7484400000,245.70000000000002
378,0.8364699158567596,0.2657615798717179,0.007912456651231529,0.06240388582994949,1800000,18000000,7504200000,246.35
379,0.8379231373995234,0.26304303948746727,0.005966828340819336,0.06219621918054922,1800000,18000000,7524000000,247.0
380,0.8403618068728811,0.2608865624714305,0.006782275963533323,0.061989243600890837,1800000,18000000,7543800000,247.65
381,0.8374773164140983,0.263851265214687,0.00643634371159097,0.06178295679124355,1800000,18000000,7563600000,248.3
382,0.8394293031910539,0.2604573748278973,0.006656289102446744,0.06157735645952957,1800000,18000000,7583400000,248.95000000000002
383,0.8370163689468214,0.2636049252106356,0.006868307703842787,0.061372440321298655,1800000,18000000,7603200000,249.60000000000002
384,0.8392753258381233,0.2578376715255457,0.007621010363653327,0.06116820609970271,1800000,18000000,7623000000,250.25
385,0.8389914425867177,0.25974946871720395,0.00601498233737374,0.0609646515254705,1800000,18000000,7642800000,250.9
386,0.8382458825354904,0.2599583664236758,0.0049590319428156815,0.060761774336882464,1800000,18000000,7662600000,251.55
387,0.8356200718743378,0.269562897250685,0.004603376332643142,0.06055957227974552,1800000,18000000,7682400000,252.20000000000002
388,0.8399830926424406,0.25453857622423903,0.006017210730459738,0.06035804310736805,1800000,18000000,7702200000,252.85000000000002
389,0.8370271876190376,0.26082416298603917,0.005988004697871932,0.060157184580534956,1800000,18000000,7722000000,253.5
390,0.8361896307824632,0.26808916844058045,0.006431351373895314,0.05995699446748277,1800000,18000000,7741800000,254.15
391,0.8394159989239521,0.25961941500768804,0.006388288241485383,0.05975747054387485,1800000,18000000,7761600000,254.8
392,0.8372520553161801,0.26150604496857177,0.006786409278036926,0.05955861059277665,1800000,18000000,7781400000,255.45000000000002
393,0.8388617389011879,0.2602387623802389,0.0054693887529611174,0.0593604124046311,1800000,18000000,7801200000,256.1
394,0.8407282427584657,0.25786364935145445,0.0063174785366750435,0.0591628737772341,1800000,18000000,7821000000,256.75
395,0.8403818309542153,0.25940204066740175,0.007016931773724305,0.05896599251570996,1800000,18000000,7840800000,257.40000000000003
396,0.8378955535654944,0.26322887557432617,0.003945839847695603,0.058769766432487075,1800000,18000000,7860600000,258.05
397,0.8380325452071549,0.26363333746969647,0.006770878861896237,0.05857419334727365,1800000,18000000,7880400000,258.7
398,0.8381199700026943,0.26034177269337455,0.005082500844748903,0.05837927108703333,1800000,18000000,7900200000,259.35
399,0.8370411281166726,0.26208866534462394,0.005393171584581588,0.05818499748596127,1800000,18000000,7920000000,260.0
400,0.8378633734137034,0.26558769501358953,0.006930030379436614,0.05799137038545989,1800000,18000000,7939800000,260.65000000000003
401,0.8363116619640903,0.2658488435926741,0.004623447873195071,0.05779838763411496,1800000,18000000,7959600000,261.3
402,0.8356816441686501,0.2693644508617994,0.00654066750918629,0.05760604708767172,1800000,18000000,7979400000,261.95
403,0.8370431629856994,0.26037429772250087,0.0051905072313541654,0.057414346609011,1800000,18000000,7999200000,262.6
404,0.8398711314137216,0.26520408736366136,0.0065530950427870995,0.05722328406812549,1800000,18000000,8019000000,263.25
405,0.8386093936975073,0.26467987534282134,0.004984077967850076,0.05703285734209613,1800000,18000000,8038800000,263.90000000000003
406,0.837314105702356,0.2607939450476484,0.006457035532905124,0.05684306431506844,1800000,18000000,8058600000,264.55
407,0.8367521041095647,0.2597632274408015,0.005647002495170546,0.05665390287822906,1800000,18000000,8078400000,265.2
408,0.8377053497291057,0.2618686211977228,0.00566911099555785,0.056465370929782294,1800000,18000000,8098200000,265.85
409,0.8375314395294097,0.2609403075567555,0.007211479165453711,0.05627746637492678,1800000,18000000,8118000000,266.5
410,0.8376412074412047,0.2619946057605326,0.006168325992584554,0.05609018712583219,1800000,18000000,8137800000,267.15000000000003
411,0.8373554453998786,0.26463483945194716,0.004465465912221497,0.05590353110161606,1800000,18000000,8157600000,267.8
412,0.8363377654643891,0.2618474511321073,0.004883799289156417,0.05571749622832065,1800000,18000000,8177400000,268.45
413,0.8404327381806832,0.2657988632036165,0.005476813419284726,0.05553208043888989,1800000,18000000,8197200000,269.1
414,0.8383831872923505,0.2601685754507986,0.005720422267861236,0.05534728167314643,1800000,18000000,8217000000,269.75
415,0.8370509052758643,0.26129466025668563,0.004844866686049844,0.05516309787776877,1800000,18000000,8236800000,270.40000000000003
416,0.8397104784750868,0.2624130734130844,0.007058799429327749,0.05497952700626836,1800000,18000000,8256600000,271.05
417,0.8363849801298461,0.26258183892529535,0.006394215798267762,0.054796567018967006,1800000,18000000,8276400000,271.7
418,0.8389782345812447,0.2605711822818148,0.004818446544751984,0.05461421588297405,1800000,18000000,8296200000,272.35
419,0.8374974372995823,0.25674544603361404,0.004509515880808056,0.05443247157216389,1800000,18000000,8316000000,273.0
420,0.836811148740103,0.2601377702970923,0.005599788642877066,0.05425133206715343,1800000,18000000,8335800000,273.65000000000003
421,0.8382767692608575,0.26750357967229865,0.0064378133936026025,0.05407079535527962,1800000,18000000,8355600000,274.3
422,0.8395655730799315,0.25794164049405877,0.005346633792090016,0.05389085943057717,1800000,18000000,8375400000,274.95
423,0.8374884026697443,0.26113775345605195,0.006408362520846111,0.05371152229375616,1800000,18000000,8395200000,275.6
424,0.8388050704946345,0.26074206906124653,0.005804500853802358,0.053532781952179885,1800000,18000000,8415000000,276.25
425,0.8373914480976588,0.2688296778266989,0.006536087011626514,0.05335463641984271,1800000,18000000,8434800000,276.90000000000003
426,0.8367799485089932,0.2629678125133538,0.004752900863057243,0.05317708371734802,1800000,18000000,8454600000,277.55
427,0.8378227847058204,0.26164651436223596,0.004984235280335022,0.05300012187188616,1800000,18000000,8474400000,278.2
428,0.8363563825961087,0.26134406088637746,0.0044400764401994605,0.05282374891721258,1800000,18000000,8494200000,278.85
429,0.8379998035476753,0.2625212539225021,0.007084619801432768,0.052647962893626,1800000,18000000,8514000000,279.5
430,0.83697991765523,0.2594537151277455,0.004501485594673278,0.05247276184794653,1800000,18000000,8533800000,280.15000000000003
431,0.8360360746362422,0.26144830302772964,0.0037271751976235175,0.05229814383349411,1800000,18000000,8553600000,280.8
432,0.8369127365746104,0.260287126083241,0.005415622205930745,0.05212410691006679,1800000,18000000,8573400000,281.45
433,0.8392771214210947,0.26118720221611513,0.0044105312716671684,0.051950649143919156,1800000,18000000,8593200000,282.1
434,0.8381728821623606,0.26075872108126624,0.0055909998943395505,0.05177776860774092,1800000,18000000,8613000000,282.75
435,0.8368922146458904,0.26858784948730047,0.0038865309558256764,0.051605463380635486,1800000,18000000,8632800000,283.40000000000003
436,0.83844371434407,0.26232401874378986,0.006390772986663667,0.05143373154809852,1800000,18000000,8652600000,284.05
437,0.8363494904983187,0.2664267066531945,0.00524909047871653,0.051262571201996794,1800000,18000000,8672400000,284.7
438,0.839964099187207,0.25672284494544223,0.0052927546503413045,0.05109198044054694,1800000,18000000,8692200000,285.35
439,0.8404998719651224,0.26095209345587744,0.005780046434545658,0.05092195736829428,1800000,18000000,8712000000,286.0
440,0.8411188867967503,0.25776885669952804,0.0054222108647682225,0.05075250009609183,1800000,18000000,8731800000,286.65000000000003
441,0.8374473989739848,0.2602834770189146,0.005421863159923103,0.05058360674107924,1800000,18000000,8751600000,287.3
442,0.8364299950026344,0.25899180740796124,0.00473513109946892,0.05041527542666197,1800000,18000000,8771400000,287.95
443,0.8377975331202056,0.2647333879288061,0.003908482818268904,0.05024750428249035,1800000,18000000,8791200000,288.6
444,0.8372756552425223,0.26127745488392656,0.006373436041378474,0.050080291444438804,1800000,18000000,8811000000,289.25
445,0.836380475008849,0.26813741948599346,0.00507902961606625,0.0499136350545852,1800000,18000000,8830800000,289.90000000000003
446,0.8393383670168134,0.2654067559311444,0.004524515373094039,0.04974753326119018,1800000,18000000,8850600000,290.55
447,0.8360891921775803,0.2662140893480587,0.005432714651735553,0.04958198421867652,1800000,18000000,8870400000,291.2
448,0.8400875851036539,0.26363650250670084,0.004409534214469034,0.04941698608760872,1800000,18000000,8890200000,291.85
449,0.8366629929739627,0.26589772657231336,0.006122946968760023,0.04925253703467255,1800000,18000000,8910000000,292.5
450,0.8368497727308647,0.26241371466869196,0.004501393829810629,0.04908863523265456,1800000,18000000,8929800000,293.15000000000003
451,0.8387495953807075,0.25885823416174086,0.007398441963028737,0.04892527886042197,1800000,18000000,8949600000,293.8
452,0.8406049842719902,0.25479209361986366,0.005205493363548055,0.048762466102902295,1800000,18000000,8969400000,294.45
453,0.8372328662897895,0.26804503988430756,0.007077761293254683,0.0486001951510632,1800000,18000000,8989200000,295.1
454,0.8342785928187251,0.26104412485726264,0.0049325861779299,0.04843846420189246,1800000,18000000,9009000000,295.75
455,0.8411896850341084,0.2545270657939646,0.004926650296703842,0.04827727145837786,1800000,18000000,9028800000,296.40000000000003
456,0.8390512624263305,0.2706759245609262,0.004710672906731956,0.04811661512948724,1800000,18000000,9048600000,297.05
457,0.8353973504340203,0.26873789778136703,0.004025057928070596,0.047956493430148656,1800000,18000000,9068400000,297.7
458,0.8383010551402198,0.26001087603359074,0.005309625522087984,0.047796904581230454,1800000,18000000,9088200000,298.35
459,0.837756287988128,0.26070465671256854,0.005114172795940438,0.04763784680952156,1800000,18000000,9108000000,299.0
460,0.837420397832874,0.2613736540617671,0.005331587571089785,0.04747931834771174,1800000,18000000,9127800000,299.65000000000003
461,0.8368751734726362,0.25901456012824436,0.005881992265278419,0.04732131743437206,1800000,18000000,9147600000,300.3
462,0.838091448387703,0.26509448405778224,0.006319443322669418,0.047163842313935146,1800000,18000000,9167400000,300.95
463,0.8374226700150392,0.25955914685879145,0.0035530413128120925,0.04700689123667585,1800000,18000000,9187200000,301.6
464,0.8409022746007688,0.2600198375657935,0.004346079588693047,0.04685046245869167,1800000,18000000,9207000000,302.25
465,0.8401917843081079,0.25986108565162686,0.004159015995041184,0.04669455424188347,1800000,18000000,9226800000,302.90000000000003
466,0.8374253952466201,0.25949873901063825,0.004461352869966181,0.04653916485393615,1800000,18000000,9246600000,303.55
467,0.8410277781434708,0.2594745197565313,0.005480623737013198,0.046384292568299325,1800000,18000000,9266400000,304.2
468,0.839687017550915,0.25684287464284583,0.004105851282744998,0.04622993566416824,1800000,18000000,9286200000,304.85
469,0.8375323533542589,0.25583718632430086,0.004849818301481486,0.046076092426464606,1800000,18000000,9306000000,305.5
470,0.8361573052719717,0.2595058903199544,0.0030813583786723497,0.04592276114581752,1800000,18000000,9325800000,306.15000000000003
471,0.8381308883610225,0.2593775606607429,0.005682010567414198,0.0457699401185445,1800000,18000000,9345600000,306.8
472,0.8373067921764488,0.2668166163755475,0.0035338086922009227,0.04561762764663259,1800000,18000000,9365400000,307.45
473,0.8359401188065568,0.26087397575037,0.006073546729567649,0.045465822037719386,1800000,18000000,9385200000,308.1
474,0.8363770866692312,0.26375585296210624,0.005341526488417413,0.045314521605074355,1800000,18000000,9405000000,308.75
475,0.8374300819590886,0.2678731143775513,0.0042765182995071,0.04516372466758004,1800000,18000000,9424800000,309.40000000000003
476,0.8362238842696162,0.2573301387304181,0.003717469384094611,0.04501342954971334,1800000,18000000,9444600000,310.05
477,0.8347641863306612,0.2643910609187751,0.005882727449350646,0.04486363458152695,1800000,18000000,9464400000,310.7
478,0.8372768074862739,0.26499630121956036,0.0040191904093206275,0.044714338098630825,1800000,18000000,9484200000,311.35
479,0.8373578121031362,0.26019191175788076,0.004734469334931889,0.04456553844217358,1800000,18000000,9504000000,312.0
480,0.8384102463360114,0.2620707827436538,0.00488619035617395,0.04441723395882419,1800000,18000000,9523800000,312.65000000000003
481,0.8371537250052555,0.2624950945064875,0.004416863550229566,0.04426942300075353,1800000,18000000,9543600000,313.3
482,0.8375288098274563,0.26183245498818136,0.005876061192270772,0.04412210392561611,1800000,18000000,9563400000,313.95
483,0.8393801027435641,0.25637096966864004,0.004443785501039899,0.04397527509653179,1800000,18000000,9583200000,314.6
484,0.837320730390235,0.26284760903876403,0.004737341134326157,0.043828934882067634,1800000,18000000,9603000000,315.25
485,0.8397550054985958,0.2601035967459429,0.006184758144238366,0.043683081656219744,1800000,18000000,9622800000,315.90000000000003
486,0.8370623388235371,0.2667904885862562,0.004421319024883194,0.043537713798395224,1800000,18000000,9642600000,316.55
487,0.8369231338635913,0.26464812667437515,0.0058741508594061555,0.04339282969339417,1800000,18000000,9662400000,317.2
488,0.8379784529869077,0.2616363676109599,0.004801523028920734,0.04324842773139169,1800000,18000000,9682200000,317.85
489,0.8388698167943148,0.25706116590882194,0.0036464317425353283,0.04310450630792006,1800000,18000000,9702000000,318.5
490,0.8351212576264638,0.2640699149590682,0.004040950931991637,0.04296106382385086,1800000,18000000,9721800000,319.15000000000003
491,0.8367796904140598,0.2648598566209657,0.00299489187044146,0.042818098685377254,1800000,18000000,9741600000,319.8
492,0.8386045483498603,0.26404053625823964,0.0030860592594909525,0.04267560930399622,1800000,18000000,9761400000,320.45
493,0.8362078016639686,0.2660110667580586,0.004256065615641698,0.04253359409649095,1800000,18000000,9781200000,321.1
494,0.8371570991217363,0.2688971386478327,0.0028582506394465154,0.04239205148491322,1800000,18000000,9801000000,321.75
495,0.8368989681249003,0.26067362462279375,0.0034261144084174453,0.04225097989656591,1800000,18000000,9820800000,322.40000000000003
496,0.8386914188843924,0.258758050026311,0.0056727303973337275,0.042110377763985456,1800000,18000000,9840600000,323.05
497,0.8345472239408047,0.26188565986956874,0.004315650112536442,0.041970243524924504,1800000,18000000,9860400000,323.7
498,0.8371287942824452,0.2604629783428195,0.003590958067243989,0.04183057562233452,1800000,18000000,9880200000,324.35
499,0.8362274483150376,0.25901476072422047,0.004799208528883433,0.04169137250434846,1800000,18000000,9900000000,325.0
500,0.8372069609773626,0.26326918681147454,0.004922602759614995,0.041552632624263605,1800000,18000000,9919800000,325.65000000000003
501,0.8410182964114628,0.25935362129610545,0.004117155108687956,0.0414143544405243,1800000,18000000,9939600000,326.3
502,0.8360390587337088,0.2570607177281122,0.004269634584895658,0.04127653641670483,1800000,18000000,9959400000,326.95
503,0.8376816953260345,0.2614098992074344,0.005593187368819651,0.04113917702149243,1800000,18000000,9979200000,327.6
504,0.8385011406308371,0.26468937097469464,0.0038684914005406618,0.04100227472867019,1800000,18000000,9999000000,328.25
505,0.8378619856167734,0.26603618215018754,0.0047437822498882605,0.0408658280171001,1800000,18000000,10018800000,328.90000000000003
506,0.8382322627086676,0.26168235114346367,0.0029370639482739014,0.04072983537070618,1800000,18000000,10038600000,329.55
507,0.8364868634807041,0.2610798955789485,0.004697294803353011,0.04059429527845764,1800000,18000000,10058400000,330.2
508,0.8372484077072238,0.2616541175286065,0.0048851215960373975,0.04045920623435205,1800000,18000000,10078200000,330.85
509,0.8377399268097812,0.25770498361290933,0.003409873231743789,0.040324566737398634,1800000,18000000,10098000000,331.5
510,0.836955816904488,0.2631996268656834,0.004713062471462422,0.040190375291601625,1800000,18000000,10117800000,332.15000000000003
511,0.8366006481178874,0.2676111769306217,0.0034612485095592014,0.04005663040594355,1800000,18000000,10137600000,332.8
512,0.8364883612859965,0.26076911534184677,0.004507247309145313,0.03992333059436875,1800000,18000000,10157400000,333.45
513,0.8363957792378086,0.2615451635054259,0.00422723142436736,0.03979047437576686,1800000,18000000,10177200000,334.1
514,0.8347103650616059,0.26671872196264645,0.006173051284967663,0.039658060273956276,1800000,18000000,10197000000,334.75
515,0.8398964040153738,0.26226335913807153,0.005569021160641373,0.039526086817667866,1800000,18000000,10216800000,335.40000000000003
516,0.8368327441401407,0.26571062294427,0.0035659703687117216,0.03939455254052851,1800000,18000000,10236600000,336.05
517,0.837028228862431,0.26474326609337895,0.0029944255253522693,0.039263455981044894,1800000,18000000,10256400000,336.7
518,0.8369681914015832,0.25884294924011575,0.003419596983464233,0.039132795682587256,1800000,18000000,10276200000,337.35
519,0.8385455316426542,0.263638397808486,0.0031758383760416803,0.03900257019337312,1800000,18000000,10296000000,338.0
520,0.8398724176399706,0.25939922547188554,0.0023271713600610147,0.03887277806645128,1800000,18000000,10315800000,338.65000000000003
521,0.8358392781758954,0.2645479079010269,0.0035860504352969638,0.03874341785968567,1800000,18000000,10335600000,339.3
522,0.8364206068863402,0.2603591412462375,0.003081681138545649,0.03861448813573931,1800000,18000000,10355400000,339.95
523,0.8379085376727998,0.2667656062722332,0.0018072673329355875,0.0384859874620584,1800000,18000000,10375200000,340.6
524,0.8361708677178175,0.26374151580755406,0.004714821748548334,0.03835791441085635,1800000,18000000,10395000000,341.25
525,0.8392429021798896,0.26612382988447647,0.0036327411417251413,0.03823026755909793,1800000,18000000,10414800000,341.90000000000003
526,0.8380086110831656,0.26272092626656374,0.0029033951311141577,0.038103045488483485,1800000,18000000,10434600000,342.55
527,0.835346075436633,0.2560833321721418,0.0031636202950135837,0.03797624678543314,1800000,18000000,10454400000,343.2
528,0.8355514257435688,0.2666594822058132,0.0032147349002429057,0.03784987004107112,1800000,18000000,10474200000,343.85
529,0.8382027215941823,0.26710575777960394,0.004148158930793175,0.03772391385121006,1800000,18000000,10494000000,344.5
530,0.8365269922518996,0.2601839246489067,0.004153888434782156,0.03759837681633546,1800000,18000000,10513800000,345.15000000000003
531,0.8373348559056806,0.2605924811564058,0.0040501931527281276,0.037473257541590074,1800000,18000000,10533600000,345.8
532,0.835663848115323,0.26098224408110204,0.0030462510533354435,0.03734855463675846,1800000,18000000,10553400000,346.45
533,0.8344926149455341,0.2634155882374043,0.003401162423912049,0.037224266716251495,1800000,18000000,10573200000,347.1
534,0.8369537516656521,0.2622831396241496,0.0009247022985729983,0.037100392399091006,1800000,18000000,10593000000,347.75
535,0.8382068271932099,0.26422708061643674,0.0034214896765597425,0.03697693030889443,1800000,18000000,10612800000,348.40000000000003
536,0.8381562244734101,0.2652847315775252,0.0020908076685053492,0.03685387907385949,1800000,18000000,10632600000,349.05
537,0.8372820999246283,0.261137378568613,0.00300267943879528,0.036731237326748954,1800000,18000000,10652400000,349.7
538,0.8376260527795589,0.26163593090797993,0.0039145215893556,0.036609003704875506,1800000,18000000,10672200000,350.35
539,0.8380317816437979,0.26385462247631264,0.004176706706080258,0.036487176850086525,1800000,18000000,10692000000,351.0
540,0.8388955564110833,0.2618161063684377,0.0021001934201402396,0.036365755408749034,1800000,18000000,10711800000,351.65000000000003
541,0.8374000228913285,0.258509040599175,0.003099213389188824,0.036244738031734676,1800000,18000000,10731600000,352.3
542,0.8365400401345344,0.26139668490596213,0.0037423109626620703,0.03612412337440466,1800000,18000000,10751400000,352.95
543,0.837211110312164,0.26502279266966244,0.0025870656673500536,0.03600391009659489,1800000,18000000,10771200000,353.6
544,0.838338613078273,0.26640346684292887,0.003958499098025442,0.035884096862601064,1800000,18000000,10791000000,354.25
545,0.8377664671054774,0.2595994206909125,0.005040807647838562,0.03576468234116376,1800000,18000000,10810800000,354.90000000000003
546,0.8407375964558711,0.2614566331083466,0.003324518117041691,0.035645665205453765,1800000,18000000,10830600000,355.55
547,0.8389096374949738,0.26836195620227044,0.003252075386429958,0.035527044133057226,1800000,18000000,10850400000,356.2
548,0.8367031507711356,0.26200091676870413,0.00337309973296244,0.035408817805960995,1800000,18000000,10870200000,356.85
549,0.836181249552545,0.263015215366481,0.003988843663852398,0.035290984910538004,1800000,18000000,10890000000,357.5
550,0.8391377138053074,0.26479686235971084,0.0029595640473516335,0.03517354413753266,1800000,18000000,10909800000,358.15000000000003
551,0.8389979565253485,0.2557853601474372,0.002849074348558723,0.03505649418204626,1800000,18000000,10929600000,358.8
552,0.8374642299619384,0.2622793086363413,0.002516081395541161,0.03493983374352255,1800000,18000000,10949400000,359.45
553,0.8374133839825726,0.2576644566427716,0.0035881459670715652,0.03482356152573324,1800000,18000000,10969200000,360.1
554,0.8377036736455693,0.2586488109133116,0.0049529094308963465,0.03470767623676358,1800000,18000000,10989000000,360.75
555,0.8366355315626278,0.26451720622918395,0.0032144389258117597,0.034592176588998075,1800000,18000000,11008800000,361.40000000000003
556,0.835906812753887,0.26224328286901205,0.003102871439746339,0.03447706129910612,1800000,18000000,11028600000,362.05
557,0.8390756158494147,0.26144037620606236,0.0046019293609851734,0.03436232908802773,1800000,18000000,11048400000,362.7
558,0.8392569268015705,0.26287357535340694,0.0036439452438605077,0.034247978680959405,1800000,18000000,11068200000,363.35
559,0.8372597999542867,0.2620980389678582,0.003210618128431038,0.03413400880733988,1800000,18000000,11088000000,364.0
560,0.83779096675495,0.2625878800364207,0.0032188150182183165,0.03402041820083606,1800000,18000000,11107800000,364.65000000000003
561,0.8379179603489068,0.25580128539007163,0.005739858708216155,0.03390720559932891,1800000,18000000,11127600000,365.3
562,0.8363136934722266,0.26055664160169545,0.0023981661469444733,0.033794369744899494,1800000,18000000,11147400000,365.95
563,0.8385016431919105,0.2606728659332683,0.0029318298085565155,0.033681909383814906,1800000,18000000,11167200000,366.6
564,0.838283952924903,0.2544896816800959,0.002794370578342859,0.033569823266514455,1800000,18000000,11187000000,367.25
565,0.8370793605958927,0.2681109925588624,0.00401299385837701,0.03345811014759566,1800000,18000000,11206800000,367.90000000000003
566,0.8365480718976918,0.25852404633762993,0.0023927955329006165,0.03334676878580049,1800000,18000000,11226600000,368.55
567,0.8367632472302106,0.2573083917403585,0.0011299088959769443,0.03323579794400159,1800000,18000000,11246400000,369.2
568,0.8405551106228009,0.2538145087419103,0.0037305493641931736,0.03312519638918843,1800000,18000000,11266200000,369.85
569,0.8372641343656337,0.2663709017638254,0.0023028695921440217,0.03301496289245373,1800000,18000000,11286000000,370.5
570,0.8351193769366676,0.2692342885837373,0.002770769042939503,0.03290509622897971,1800000,18000000,11305800000,371.15000000000003
571,0.8388253581461557,0.2653327220532162,0.004472074823624524,0.03279559517802455,1800000,18000000,11325600000,371.8
572,0.8368024593135729,0.26731192238039286,0.003927562986808621,0.032686458522908766,1800000,18000000,11345400000,372.45
573,0.8385853020253392,0.26094325390950435,0.0020298905711598958,0.03257768505100174,1800000,18000000,11365200000,373.1
574,0.8388575813408014,0.26324161747211694,0.003737140768849928,0.03246927355370822,1800000,18000000,11385000000,373.75
575,0.839024742695202,0.26121943049021784,0.0023202782230377214,0.03236122282645489,1800000,18000000,11404800000,374.40000000000003
576,0.8364305563209099,0.26216402234339437,0.0036532197079634484,0.03225353166867703,1800000,18000000,11424600000,375.05
577,0.8382048186168765,0.2593422763719285,0.0021994022110247884,0.03214619888380508,1800000,18000000,11444400000,375.7
578,0.837001953199425,0.26522150586599363,0.0031041175162055132,0.032039223279251454,1800000,18000000,11464200000,376.35
579,0.8378191780424634,0.26207108298769943,0.0021162197630613167,0.03193260366639722,1800000,18000000,11484000000,377.0
580,0.8354797849463983,0.26338545179837647,0.005367098705789244,0.031826338860578916,1800000,18000000,11503800000,377.65000000000003
581,0.8384037851157143,0.26468579321899716,0.00257328210827278,0.03172042768107538,1800000,18000000,11523600000,378.3
582,0.8381714034580626,0.26186047798736595,0.003080494462882422,0.031614868951094645,1800000,18000000,11543400000,378.95
583,0.838729355671557,0.2638289687009576,0.0033112616285366414,0.03150966149776084,1800000,18000000,11563200000,379.6
584,0.839111860491569,0.2628415353134676,0.003964591713144014,0.03140480415210119,1800000,18000000,11583000000,380.25
585,0.8364153698614849,0.2653569474060632,0.003763960080304167,0.03130029574903299,1800000,18000000,11602800000,380.90000000000003
586,0.8367101800966505,0.26207410146093363,0.0025663198560479453,0.031196135127350685,1800000,18000000,11622600000,381.55
587,0.8375548759304368,0.2672336284356908,0.0030595475436665147,0.03109232112971296,1800000,18000000,11642400000,382.2
588,0.838177450871864,0.2598960266401474,0.0024311295999983502,0.0309888526026299,1800000,18000000,11662200000,382.85
589,0.8373063341180053,0.2653309579482037,0.0019760047658095754,0.030885728396450124,1800000,18000000,11682000000,383.5
590,0.8396116919766609,0.2617589308289353,0.001783290155587781,0.03078294736534807,1800000,18000000,11701800000,384.15000000000003
591,0.8374195804296876,0.2653742510248155,0.0018060416147578466,0.030680508367311208,1800000,18000000,11721600000,384.8
592,0.8375477705207012,0.26471604749004407,0.0012520720186149708,0.030578410264127404,1800000,18000000,11741400000,385.45
593,0.8366172751581021,0.25898335197977024,0.003472480744403704,0.030476651921372246,1800000,18000000,11761200000,386.1
594,0.8372863570529122,0.26235825461508333,0.004232474172788945,0.03037523220839642,1800000,18000000,11781000000,386.75
595,0.8391371536696901,0.2593597746050314,0.004043857908258782,0.030274149998313186,1800000,18000000,11800800000,387.40000000000003
596,0.8337809485292718,0.267029985410928,0.00224705284410312,0.030173404167985855,1800000,18000000,11820600000,388.05
597,0.8372512527760256,0.26643377956894354,0.002833632939400255,0.030072993598015248,1800000,18000000,11840400000,388.7
598,0.8396766545971645,0.2589873159554347,0.0031600088524883383,0.029972917172727348,1800000,18000000,11860200000,389.35
599,0.8364977587029294,0.26568287791117834,0.003263983078839888,0.02987317378016085,1800000,18000000,11880000000,390.0
600,0.836688656475275,0.2679243069273204,0.00021184242622566051,0.029773762312054794,1800000,18000000,11899800000,390.65000000000003
601,0.8390275637140016,0.2598472051154741,0.0008195752177537392,0.029674681663836296,1800000,18000000,11919600000,391.3
602,0.8394744157150759,0.26634978496724265,0.0028515431981283273,0.029575930734608246,1800000,18000000,11939400000,391.95
603,0.8372551707439363,0.26261713431662287,0.0035267241980920763,0.029477508427137096,1800000,18000000,11959200000,392.6
604,0.8404043634873034,0.2564453577411452,0.003821259581192219,0.029379413647840618,1800000,18000000,11979000000,393.25
605,0.8362426795257734,0.25926007946781243,0.003408937761082591,0.02928164530677581,1800000,18000000,11998800000,393.90000000000003
606,0.8391883456059411,0.2632592091213221,0.003536245879297268,0.02918420231762678,1800000,18000000,12018600000,394.55
607,0.8377096138273817,0.2615120570943318,0.002376939473915059,0.029087083597692635,1800000,18000000,12038400000,395.2
608,0.8358903216186055,0.2632899088840358,0.0019001233992228005,0.028990288067875493,1800000,18000000,12058200000,395.85
609,0.84199692036263,0.25545381150139634,0.001055037973470136,0.028893814652668486,1800000,18000000,12078000000,396.5
610,0.8388717623985698,0.26318151283920777,0.004277371960062814,0.028797662280143754,1800000,18000000,12097800000,397.15000000000003
611,0.8394009318843123,0.2597608764100986,0.003828356576408543,0.028701829881940626,1800000,18000000,12117600000,397.8
612,0.8354269169267217,0.26813803844064615,0.002117208061899784,0.0286063163932537,1800000,18000000,12137400000,398.45
613,0.8364289922640694,0.26249498641228514,0.0022950482892408735,0.028511120752821004,1800000,18000000,12157200000,399.1
614,0.8355768448345643,0.26584279185833976,0.003047667012944184,0.028416241902912216,1800000,18000000,12177000000,399.75
615,0.8376518641417552,0.25816635242460784,0.00298310813823087,0.02832167878931693,1800000,18000000,12196800000,400.40000000000003
616,0.835037276618517,0.2621568169391774,0.0038603100008926658,0.028227430361332895,1800000,18000000,12216600000,401.05
617,0.8381563761191391,0.257199275287655,0.001816025590216905,0.028133495571754392,1800000,18000000,12236400000,401.7
618,0.8370507845423666,0.26086199953279265,0.0011254277072680432,0.028039873376860563,1800000,18000000,12256200000,402.35
619,0.8389407030719598,0.25922117878917494,0.001382462721512372,0.027946562736403842,1800000,18000000,12276000000,403.0
620,0.8363785213373183,0.2664918295380268,0.0033284727147779966,0.027853562613598382,1800000,18000000,12295800000,403.65000000000003
621,0.8416027424353779,0.2541975418310223,0.002341358915285018,0.02776087197510853,1800000,18000000,12315600000,404.3
622,0.8366495724611294,0.2639412548674221,0.0025694268625736736,0.027668489791037327,1800000,18000000,12335400000,404.95
623,0.8405996243318372,0.2602842598097115,0.003382706302604585,0.027576415034915123,1800000,18000000,12355200000,405.6
624,0.8414946503103378,0.25847189307602697,0.00279234174324788,0.027484646683688132,1800000,18000000,12375000000,406.25
625,0.8392642938244602,0.2660309752235048,0.0031249434372318213,0.02739318371770705,1800000,18000000,12394800000,406.90000000000003
626,0.8377616467385397,0.2609962586520237,0.002669838389429624,0.027302025120715785,1800000,18000000,12414600000,407.55
627,0.8431084654327937,0.2582586818337269,0.003509912569611695,0.027211169879840062,1800000,18000000,12434400000,408.2
628,0.8356830712205687,0.2634031438141211,0.0028413647056869033,0.02712061698557629,1800000,18000000,12454200000,408.85
629,0.8373272109138502,0.26616982717960247,0.003931899812713073,0.027030365431780265,1800000,18000000,12474000000,409.5
630,0.8378670895423319,0.2702489298602751,0.003399317163393673,0.02694041421565602,1800000,18000000,12493800000,410.15000000000003
631,0.8369228046506925,0.26193454778393477,0.001028656347705555,0.026850762337744662,1800000,18000000,12513600000,410.8
632,0.8373011057635215,0.26262351643403015,0.0033104340040188444,0.026761408801913317,1800000,18000000,12533400000,411.45
633,0.8379193124975711,0.26286222502248785,0.003022275049101083,0.02667235261534397,1800000,18000000,12553200000,412.1
634,0.8383655513481236,0.2682316963668636,0.0028730664853252605,0.02658359278852253,1800000,18000000,12573000000,412.75
635,0.8360658324769586,0.2621389241281041,0.001212289926137641,0.026495128335227797,1800000,18000000,12592800000,413.40000000000003
636,0.8393465375553328,0.265925870399104,0.0017635458939120074,0.02640695827252048,1800000,18000000,12612600000,414.05
637,0.8361835965972833,0.2642356299123161,0.0022498016265044747,0.02631908162073231,1800000,18000000,12632400000,414.7
638,0.8374517837898902,0.2652764538263776,0.004000066739251686,0.026231497403455158,1800000,18000000,12652200000,415.35
639,0.8402577420724028,0.25956619817633053,0.0028580884520893967,0.026144204647530124,1800000,18000000,12672000000,416.0
640,0.8368884420423909,0.2649212903899865,0.001075829158515442,0.026057202383036816,1800000,18000000,12691800000,416.65000000000003
641,0.8375892794121054,0.26102990977269513,0.002766112045441598,0.025970489643282507,1800000,18000000,12711600000,417.3
642,0.8375504640317112,0.2607732812245592,0.003011017095868481,0.025884065464791422,1800000,18000000,12731400000,417.95
643,0.8394299836822509,0.2567647968014379,0.0015670906067575393,0.025797928887294017,1800000,18000000,12751200000,418.6
644,0.8377001124493577,0.2583253827116243,0.004282916556775334,0.02571207895371634,1800000,18000000,12771000000,419.25
645,0.8410722919986673,0.2621601073667483,0.0009137212267635135,0.025626514710169333,1800000,18000000,12790800000,419.90000000000003
646,0.8393647702222954,0.26171030234723225,0.00221959442267455,0.025541235205938307,1800000,18000000,12810600000,420.55
647,0.8376052235717227,0.2652255598445727,0.002601849908578009,0.02545623949347234,1800000,18000000,12830400000,421.2
648,0.8366544895742951,0.26229249483432293,0.0033958838466669663,0.025371526628373754,1800000,18000000,12850200000,421.85
649,0.838169647889371,0.255810319276962,0.0034101530674565715,0.025287095669387614,1800000,18000000,12870000000,422.5
650,0.8375084394953437,0.2603226609003655,0.0023047181505439513,0.025202945678391302,1800000,18000000,12889800000,423.15000000000003
651,0.8366196619909566,0.2659911145541245,0.0014905890749002558,0.02511907572038403,1800000,18000000,12909600000,423.8
652,0.8387288687286263,0.2657723129871492,0.003186260061807767,0.02503548486347652,1800000,18000000,12929400000,424.45
653,0.8377098788519128,0.2612947022617971,0.0022326398111899588,0.024952172178880617,1800000,18000000,12949200000,425.1
654,0.8365847968066429,0.26732866144197015,0.0030278565812983343,0.024869136740898967,1800000,18000000,12969000000,425.75
655,0.838417302550364,0.2642355131000759,0.0014125411751577325,0.024786377626914748,1800000,18000000,12988800000,426.40000000000003
656,0.8378060587076408,0.2629220691760526,0.0023485750823540636,0.024703893917381377,1800000,18000000,13008600000,427.05
657,0.8388342291222214,0.26074506542806225,0.0021743110829496965,0.024621684695812353,1800000,18000000,13028400000,427.7
658,0.8372192036239479,0.2593838633668446,0.003737967247457844,0.02453974904877104,1800000,18000000,13048200000,428.35
659,0.8375948351617473,0.26205740359892365,0.0019269090787497971,0.02445808606586051,1800000,18000000,13068000000,429.0
660,0.8390337994414307,0.2623187077187831,0.004854157514519867,0.024376694839713452,1800000,18000000,13087800000,429.65000000000003
661,0.8351837250787698,0.26500561391317295,0.0014900118542802545,0.024295574465982076,1800000,18000000,13107600000,430.3
662,0.8380672353771571,0.25860997355001636,0.002397524974857597,0.024214724043328046,1800000,18000000,13127400000,430.95
663,0.8370838336149481,0.2598856513292531,0.002977545044807757,0.02413414267341251,1800000,18000000,13147200000,431.6
664,0.8384003106699208,0.25930350222314263,0.003936777996562901,0.02405382946088608,1800000,18000000,13167000000,432.25
665,0.8391572128682248,0.2593273621881395,0.003582821673377998,0.02397378351337891,1800000,18000000,13186800000,432.90000000000003
666,0.8383631337150006,0.26400136077534964,0.0023875837930764604,0.02389400394149075,1800000,18000000,13206600000,433.55
667,0.8376595150066424,0.26119738471629866,0.0016979218098390732,0.023814489858781113,1800000,18000000,13226400000,434.2
668,0.8359560009598527,0.2648732212924757,0.001847392556013521,0.02373524038175934,1800000,18000000,13246200000,434.85
669,0.8379683067058182,0.2636171010612751,0.0030533875713515445,0.02365625462987489,1800000,18000000,13266000000,435.5
670,0.8398561114329326,0.2544236368864685,0.0024632056517600925,0.023577531725507483,1800000,18000000,13285800000,436.15000000000003
671,0.8351868137295673,0.257440561153393,0.0021166750545070084,0.023499070793957372,1800000,18000000,13305600000,436.8
672,0.8366759406156262,0.25660117000025406,0.0008826725157008886,0.023420870963435616,1800000,18000000,13325400000,437.45
673,0.8393975285375201,0.2617974717720405,0.002851625581549385,0.02334293136505442,1800000,18000000,13345200000,438.1
674,0.8407265410607851,0.2576786463397954,0.0024239008795121125,0.02326525113281743,1800000,18000000,13365000000,438.75
675,0.8381446237111051,0.2628192738529538,0.0012985457599480115,0.023187829403610152,1800000,18000000,13384800000,439.40000000000003
676,0.8373225449975148,0.26181215340559677,0.002374045071665417,0.023110665317190367,1800000,18000000,13404600000,440.05
677,0.8393985341698593,0.25472276763383706,0.00235895311535915,0.023033758016178532,1800000,18000000,13424400000,440.7
678,0.8382318206168641,0.26209371338183896,0.0018728459597478816,0.022957106646048307,1800000,18000000,13444200000,441.35
679,0.836496902762871,0.2628428053239293,0.002840787316451149,0.022880710355116993,1800000,18000000,13464000000,442.0
680,0.8371702220175697,0.2603298094613745,0.0015634497701873472,0.02280456829453613,1800000,18000000,13483800000,442.65000000000003
681,0.8377500236905766,0.2641061634172035,0.0007192611833575148,0.022728679618282042,1800000,18000000,13503600000,443.3
682,0.8373218718121467,0.2602452203377754,0.002058664176432227,0.02265304348314644,1800000,18000000,13523400000,443.95
683,0.8411388076603967,0.25992703628825314,0.002433917804246616,0.02257765904872704,1800000,18000000,13543200000,444.6
684,0.8383539495188345,0.2575797299452806,0.001844177106133082,0.022502525477418246,1800000,18000000,13563000000,445.25
685,0.8369522283181241,0.264335059337784,0.0009611617630194248,0.02242764193440181,1800000,18000000,13582800000,445.90000000000003
686,0.8389517723350333,0.26267597078897026,0.0008775094451899362,0.02235300758763761,1800000,18000000,13602600000,446.55
687,0.8383207502076538,0.2623239285239336,0.0013960076130937092,0.02227862160785435,1800000,18000000,13622400000,447.2
688,0.8349395512292674,0.263670997907357,0.002049305503264867,0.02220448316854038,1800000,18000000,13642200000,447.85
689,0.8393979037680007,0.2618166346102016,0.002250032481923293,0.0221305914459345,1800000,18000000,13662000000,448.5
690,0.8353410920486148,0.2615506738277197,0.0019308121937923314,0.022056945619016825,1800000,18000000,13681800000,449.15000000000003
691,0.8376847571053577,0.26198418677076235,0.0017572328948427046,0.02198354486949961,1800000,18000000,13701600000,449.8
692,0.8368753031685252,0.2639984611118666,0.0013784097654761462,0.02191038838181822,1800000,18000000,13721400000,450.45
693,0.837591608536201,0.2660411999109244,0.0021007525034000677,0.021837475343122043,1800000,18000000,13741200000,451.1
694,0.8387542302508183,0.26465927869129435,0.0021018118515505426,0.021764804943265458,1800000,18000000,13761000000,451.75
695,0.8378981253385316,0.26218295957739773,0.0011642781012924392,0.021692376374798823,1800000,18000000,13780800000,452.40000000000003
696,0.8385742617158476,0.2583326973552623,0.0021717549591313214,0.02162018883295954,1800000,18000000,13800600000,453.05
697,0.8352352018443799,0.2634272282345207,0.001515820218120615,0.021548241515663043,1800000,18000000,13820400000,453.7
698,0.8381664756761943,0.26242259824900027,0.0005120619657032035,0.021476533623493964,1800000,18000000,13840200000,454.35
699,0.8384393229166762,0.26459953352787857,0.0026286121786865636,0.021405064359697207,1800000,18000000,13860000000,455.0
700,0.838813104172804,0.2614076777765024,0.0013564987660531782,0.021333832930169112,1800000,18000000,13879800000,455.65000000000003
701,0.8395290266918924,0.2555794927988165,0.0018096380944581183,0.021262838543448622,1800000,18000000,13899600000,456.3
702,0.840636284706814,0.25747409643784286,0.0025468020384849877,0.02119208041070847,1800000,18000000,13919400000,456.95
703,0.8399058047145002,0.2606690848571576,0.003527924875885843,0.02112155774574646,1800000,18000000,13939200000,457.6
704,0.8369035205882004,0.26476218646996336,0.002611258858527848,0.021051269764976704,1800000,18000000,13959000000,458.25
705,0.8384820471305009,0.2592312221504983,0.0025338815319721638,0.020981215687420916,1800000,18000000,13978800000,458.90000000000003
706,0.8389342025095791,0.26846323226984803,0.0016639998486492678,0.02091139473469973,1800000,18000000,13998600000,459.55
707,0.8368661197736251,0.26514253355420553,0.0012041620329850667,0.020841806131024078,1800000,18000000,14018400000,460.2
708,0.8361688115961258,0.2672052033111474,0.0016356768549520028,0.020772449103186517,1800000,18000000,14038200000,460.85
709,0.8354733710165908,0.25817761676332257,0.001138565557252477,0.0207033228805527,1800000,18000000,14058000000,461.5
710,0.8395251762020594,0.25878798536932757,0.002582286972543364,0.020634426695052777,1800000,18000000,14077800000,462.15000000000003
711,0.8394592443223446,0.2582780526042069,0.0017010712245656464,0.020565759781172862,1800000,18000000,14097600000,462.8
712,0.8363825977899494,0.26379129281664254,0.00099880757471234,0.020497321375946544,1800000,18000000,14117400000,463.45
713,0.8385378071146258,0.2646728799838765,0.0,0.0204291107189464,1800000,18000000,14137200000,464.1
714,0.8369174269306818,0.2615725918317158,0.001449512988096025,0.020361127052275524,1800000,18000000,14157000000,464.75
715,0.8372746878320404,0.2593786819461698,0.0018995971516529919,0.020293369620559148,1800000,18000000,14176800000,465.40000000000003
716,0.8354580430902602,0.25808941062061164,0.0001902006601174086,0.020225837670936227,1800000,18000000,14196600000,466.05
717,0.838393842926745,0.25511974073229526,0.0008964762896751286,0.020158530453051063,1800000,18000000,14216400000,466.7
718,0.8368552007847846,0.26407326637060213,0.002363795344138069,0.020091447219045,1800000,18000000,14236200000,467.35
719,0.8372400419850236,0.26316438851109075,0.0032782036337083327,0.020024587223548076,1800000,18000000,14256000000,468.0
720,0.8371836254165169,0.26501260891581496,0.0026405529645337203,0.019957949723670754,1800000,18000000,14275800000,468.65000000000003
721,0.8362070389844238,0.262077544982807,0.0014890917001386648,0.01989153397899569,1800000,18000000,14295600000,469.3
722,0.8381887499209529,0.2587900123703974,0.0016511437901563955,0.01982533925156948,1800000,18000000,14315400000,469.95
723,0.8384054685048151,0.2633818442427452,0.002071007245120619,0.019759364805894478,1800000,18000000,14335200000,470.6
724,0.8370967036671714,0.25971427467903807,0.0019428721415610027,0.019693609908920603,1800000,18000000,14355000000,471.25
725,0.8389452069676298,0.26361703508401463,0.0029082523613575186,0.019628073830037226,1800000,18000000,14374800000,471.90000000000003
726,0.8387241871547418,0.2612308321941663,0.001118164727094524,0.019562755841064997,1800000,18000000,14394600000,472.55
727,0.839059517548685,0.258549422884643,0.0016901311696726495,0.019497655216247817,1800000,18000000,14414400000,473.2
728,0.8354149383439442,0.2620927422824017,0.0006419043722703452,0.019432771232244746,1800000,18000000,14434200000,473.85
729,0.8382895462259192,0.26112545233231094,0.0006634366412024,0.019368103168121962,1800000,18000000,14454000000,474.5
730,0.8388064474559923,0.2573342123022772,0.0009241603749764093,0.019303650305344755,1800000,18000000,14473800000,475.15000000000003
731,0.8393360562294812,0.26119333852492077,0.000296781160445906,0.01923941192776953,1800000,18000000,14493600000,475.8
732,0.8370868521579409,0.26345545644579255,0.0013750724256456656,0.019175387321635887,1800000,18000000,14513400000,476.45
733,0.8365451059071496,0.269081951018899,0.0023309837270465957,0.019111575775558647,1800000,18000000,14533200000,477.1
734,0.8402901806783659,0.2580025869733326,0.0024974277612624662,0.01904797658051998,1800000,18000000,14553000000,477.75
735,0.8396647815731981,0.2577383997013424,0.002275042361527323,0.01898458902986151,1800000,18000000,14572800000,478.40000000000003
736,0.8373562807966716,0.25812125114715667,0.0012757708752498189,0.01892141241927647,1800000,18000000,14592600000,479.05
737,0.8362118690505137,0.2626531550782708,0.0006576467509447927,0.01885844604680186,1800000,18000000,14612400000,479.7
738,0.8397501309963988,0.26149543206880327,0.0013860636214577603,0.018795689212810673,1800000,18000000,14632200000,480.35
739,0.8369320162386265,0.25668841519223295,0.0012488201960204537,0.018733141220004107,1800000,18000000,14652000000,481.0
740,0.8376994844385903,0.2635861913954931,0.0013572906760618063,0.01867080137340383,1800000,18000000,14671800000,481.65000000000003
741,0.8382643725636657,0.2631517726763575,0.001065683577192982,0.01860866898034423,1800000,18000000,14691600000,482.3
742,0.8394512284583803,0.2653402544214863,0.003558046478759934,0.01854674335046476,1800000,18000000,14711400000,482.95
743,0.8362439703659594,0.2599184727285531,0.0014870628096121813,0.018485023795702205,1800000,18000000,14731200000,483.6
744,0.8370775406520649,0.2645936399818702,0.002506456549121673,0.01842350963028311,1800000,18000000,14751000000,484.25
745,0.8383150665017751,0.26137908898060164,0.002083036160737254,0.018362200170716117,1800000,18000000,14770800000,484.90000000000003
746,0.8362610082016202,0.267583961594318,0.0009437934973006984,0.018301094735784378,1800000,18000000,14790600000,485.55
747,0.8365338724733674,0.2637962505664457,0.0017396138841591626,0.018240192646537985,1800000,18000000,14810400000,486.2
748,0.8370475411116152,0.2658455622987107,0.0029484765391202586,0.018179493226286442,1800000,18000000,14830200000,486.85
749,0.8364534437573883,0.25888401110879045,0.0016524375526173266,0.018118995800591103,1800000,18000000,14850000000,487.5
750,0.8396385938526614,0.26041967170141433,0.0017131749123348904,0.018058699697257735,1800000,18000000,14869800000,488.15000000000003
751,0.8355429512681787,0.2653545161230435,0.0,0.017998604246329014,1800000,18000000,14889600000,488.8
752,0.8383939093098176,0.2618070275819545,0.0019150112828025551,0.01793870878007709,1800000,18000000,14909400000,489.45
753,0.8356881044028971,0.2584570521139698,0.0023049789666897726,0.017879012632996176,1800000,18000000,14929200000,490.1
754,0.8364070177797304,0.2601860688443032,0.0036818109500849107,0.017819515141795115,1800000,18000000,14949000000,490.75
755,0.8381654215947528,0.2615320932873738,0.0020758432049054437,0.017760215645390067,1800000,18000000,14968800000,491.40000000000003
756,0.8367076588351694,0.26420480394291546,0.0012078912119489664,0.017701113484897137,1800000,18000000,14988600000,492.05
757,0.8371555700840017,0.26415493989129135,0.0032148555558150047,0.017642208003625034,1800000,18000000,15008400000,492.7
758,0.8364722386593298,0.2620586858524882,0.0012711932832933739,0.017583498547067807,1800000,18000000,15028200000,493.35
759,0.8383141619686033,0.26140695974854794,0.0008628825903806989,0.017524984462897568,1800000,18000000,15048000000,494.0
760,0.839517450388717,0.2675259134344672,0.0016806194560919706,0.01746666510095721,1800000,18000000,15067800000,494.65000000000003
761,0.8403762945320521,0.26628081247671614,0.002027751683349931,0.017408539813253226,1800000,18000000,15087600000,495.3
762,0.8389549868226461,0.25937798750025615,0.0,0.017350607953948487,1800000,18000000,15107400000,495.95
763,0.8357429694680727,0.25221366451434557,0.0019547090595524986,0.017292868879355078,1800000,18000000,15127200000,496.6
764,0.8367031224006771,0.26345476961549164,0.0011830840061703206,0.017235321947927124,1800000,18000000,15147000000,497.25
765,0.8385960231157553,0.25602911526032424,0.0004497904494400012,0.017177966520253697,1800000,18000000,15166800000,497.90000000000003
766,0.8358962277313764,0.26577961072610984,0.0007940286832483311,0.01712080195905166,1800000,18000000,15186600000,498.55
767,0.8362226589437135,0.27014672980333077,0.002724027187531333,0.017063827629158642,1800000,18000000,15206400000,499.20000000000005
768,0.8367973384081112,0.2561008953841929,0.001085665168066012,0.017007042897525942,1800000,18000000,15226200000,499.85
769,0.8369891726901314,0.2669626548782353,0.0,0.016950447133211522,1800000,18000000,15246000000,500.5
770,0.837197172099669,0.2666839814689923,0.0017429420198269822,0.01689403970737297,1800000,18000000,15265800000,501.15000000000003
771,0.8369704967126264,0.26326146814213885,0.0018527840550262632,0.016837819993260533,1800000,18000000,15285600000,501.8
772,0.8376380644541295,0.26215242366435243,0.001224228259040603,0.016781787366210135,1800000,18000000,15305400000,502.45000000000005
773,0.8381930624736804,0.25922482557919435,0.00038058165081566835,0.016725941203636456,1800000,18000000,15325200000,503.1
774,0.8381589567459542,0.26813858423386755,0.0010297221409939666,0.016670280885026006,1800000,18000000,15345000000,503.75
775,0.8376084096463585,0.268892718888755,0.0016067130767845154,0.01661480579193023,1800000,18000000,15364800000,504.40000000000003
776,0.834873753014013,0.2627013960766919,0.0008283796057212534,0.016559515307958635,1800000,18000000,15384600000,505.05
777,0.8371936423847416,0.2584702525921739,0.0011871058710319535,0.016504408818771934,1800000,18000000,15404400000,505.70000000000005
778,0.8358746213570722,0.26753126464450516,0.0015555284006895616,0.01644948571207524,1800000,18000000,15424200000,506.35
779,0.8388855719612,0.2588467463507712,0.0029644652696927546,0.016394745377611247,1800000,18000000,15444000000,507.0
780,0.8374737911487159,0.2581902917693074,0.0022875714562061865,0.016340187207153453,1800000,18000000,15463800000,507.65000000000003
781,0.8401721010285028,0.26398698242040397,0.0003699204484629423,0.016285810594499402,1800000,18000000,15483600000,508.3
782,0.8368937943684617,0.26506867626903297,0.0,0.016231614935463958,1800000,18000000,15503400000,508.95000000000005
783,0.8383092338018231,0.258440886992886,0.0,0.01617759962787256,1800000,18000000,15523200000,509.6
784,0.8366924242042455,0.2651901019806618,0.0014893634009985604,0.016123764071554577,1800000,18000000,15543000000,510.25
785,0.8388608365782506,0.2634764015595019,0.0026493159962628597,0.016070107668336605,1800000,18000000,15562800000,510.90000000000003
786,0.8402203916033018,0.2600150214868931,0.0009248232869279319,0.01601662982203583,1800000,18000000,15582600000,511.55
787,0.835079485233122,0.26202247758326713,0.0016207049125200516,0.015963329938453414,1800000,18000000,15602400000,512.2
788,0.835168457889868,0.26399114087939235,0.002479357348366283,0.015910207425367886,1800000,18000000,15622200000,512.85
789,0.8381820435829815,0.26748797784960177,0.0,0.015857261692528542,1800000,18000000,15642000000,513.5
790,0.8363123501260087,0.2662414215066467,0.0,0.015804492151648922,1800000,18000000,15661800000,514.15
791,0.8385346778059486,0.2572956876644535,0.002774015327599663,0.015751898216400252,1800000,18000000,15681600000,514.8000000000001
792,0.8369361017416085,0.2628039660604664,0.0,0.015699479302404933,1800000,18000000,15701400000,515.45
793,0.8393445096735711,0.2585010821454961,0.0002156751162936915,0.015647234827230044,1800000,18000000,15721200000,516.1
794,0.8398624508328665,0.25850326059191175,0.0,0.015595164210380888,1800000,18000000,15741000000,516.75
795,0.8370796566220557,0.26335544535537886,0.0007593327055012012,0.015543266873294511,1800000,18000000,15760800000,517.4
796,0.8387854462955086,0.2589512191353548,0.0006777011703256395,0.015491542239333302,1800000,18000000,15780600000,518.0500000000001
797,0.8353747258909381,0.2648188237150587,0.002314750114559487,0.01543998973377857,1800000,18000000,15800400000,518.7
798,0.8395452242701932,0.25906551526682947,0.002669426626007554,0.015388608783824179,1800000,18000000,15820200000,519.35
799,0.8350156058350081,0.2645119890021119,0.000684064661845129,0.015337398818570146,1800000,18000000,15840000000,520.0
800,0.8369133809789241,0.2682228032751875,0.0018698572620547398,0.01528635926901634,1800000,18000000,15859800000,520.65
801,0.8365497640899823,0.26744966773108825,0.0014901804884966654,0.01523548956805612,1800000,18000000,15879600000,521.3000000000001
802,0.8374152734348711,0.2642680689458013,0.002056031721459581,0.01518478915047006,1800000,18000000,15899400000,521.95
803,0.8384415979029681,0.26708470415602087,0.001236403714574192,0.015134257452919677,1800000,18000000,15919200000,522.6
804,0.8364370325692781,0.26464968502555253,0.0,0.01508389391394114,1800000,18000000,15939000000,523.25
805,0.8392113533322115,0.260295255077787,0.0,0.015033697973939058,1800000,18000000,15958800000,523.9
806,0.839037777844288,0.26144005597449255,0.0006814734839028161,0.014983669075180239,1800000,18000000,15978600000,524.5500000000001
807,0.8409030253217202,0.25739283634389454,0.0020446413567365685,0.014933806661787518,1800000,18000000,15998400000,525.2
808,0.8379591001125862,0.2660191650220611,0.0010549815840511035,0.014884110179733566,1800000,18000000,16018200000,525.85
809,0.8374247589473265,0.26348957180816673,0.0016638057014633498,0.01483457907683474,1800000,18000000,16038000000,526.5
810,0.8365892067691968,0.2623746492213883,0.002068542269342224,0.014785212802744946,1800000,18000000,16057800000,527.15
811,0.8366235921717513,0.2620632635033504,0.0019020742120743265,0.014736010808949521,1800000,18000000,16077600000,527.8000000000001
812,0.8383473230285879,0.2625847904392457,0.00082036013632064,0.014686972548759124,1800000,18000000,16097400000,528.45
813,0.8393495746554,0.2639125781222806,9.299764791183816e-05,0.014638097477303708,1800000,18000000,16117200000,529.1
814,0.8381222812964062,0.26568413403536734,0.0007378445374465129,0.014589385051526413,1800000,18000000,16137000000,529.75
815,0.8370182240088535,0.258119244224769,0.0009876106289742508,0.014540834730177563,1800000,18000000,16156800000,530.4
816,0.8360612558376705,0.2597038459912136,0.0,0.014492445973808648,1800000,18000000,16176600000,531.0500000000001
817,0.837799084990807,0.2622679926467156,0.00018889596351153077,0.014444218244766325,1800000,18000000,16196400000,531.7
818,0.8399426910757332,0.2636991398478242,0.0013341463610957918,0.01439615100718643,1800000,18000000,16216200000,532.35
819,0.8381132543434348,0.25840888153098396,0.0013561462059467938,0.014348243726988055,1800000,18000000,16236000000,533.0
820,0.8377130918706429,0.2615838106266735,0.002088612025725616,0.014300495871867599,1800000,18000000,16255800000,533.65
821,0.83733433585593,0.2617793935999378,0.0006481147563856502,0.01425290691129284,1800000,18000000,16275600000,534.3000000000001
822,0.83733478993564,0.26735918525316865,7.496087821306087e-05,0.014205476316497063,1800000,18000000,16295400000,534.95
823,0.8401014363331647,0.2617638558786298,0.0,0.014158203560473181,1800000,18000000,16315200000,535.6
824,0.8368247301473697,0.2617945469561998,0.00036561206359956406,0.014111088117967848,1800000,18000000,16335000000,536.25
825,0.8405186870516431,0.2607112182512912,0.0007925499870850071,0.014064129465475665,1800000,18000000,16354800000,536.9
826,0.8384360609040864,0.2622040284571003,0.0016699700739403463,0.01401732708123335,1800000,18000000,16374600000,537.5500000000001
827,0.8387139359278543,0.266465065460774,0.0,0.013970680445213924,1800000,18000000,16394400000,538.2
828,0.8385310340638529,0.26140978798562087,0.0018738984678973612,0.013924189039120962,1800000,18000000,16414200000,538.85
829,0.8368227368113291,0.2627069112744658,0.0008622288381847231,0.01387785234638279,1800000,18000000,16434000000,539.5
830,0.8375196136787457,0.2625984461640097,0.002280685178663185,0.013831669852146802,1800000,18000000,16453800000,540.15
831,0.8399397649286315,0.256596752361675,0.0,0.013785641043273693,1800000,18000000,16473600000,540.8000000000001
832,0.8393779259509101,0.26268041606625403,0.0,0.01373976540833178,1800000,18000000,16493400000,541.45
833,0.8350710045704386,0.26596418211606215,0.0016413862651027413,0.013694042437591319,1800000,18000000,16513200000,542.1
834,0.8374460165571337,0.2629542253078091,0.0009651365802484888,0.01364847162301883,1800000,18000000,16533000000,542.75
835,0.8382833536800589,0.2614535595033892,0.0013192924277066233,0.013603052458271453,1800000,18000000,16552800000,543.4
836,0.8367601130327316,0.2599997792497482,0.0,0.013557784438691338,1800000,18000000,16572600000,544.0500000000001
837,0.8366547205048812,0.26254849171531325,0.0013916046652090047,0.013512667061300028,1800000,18000000,16592400000,544.7
838,0.839235616736304,0.25573762965278096,0.0003501870252889984,0.013467699824792862,1800000,18000000,16612200000,545.35
839,0.8358205384126366,0.2598046349384601,0.0004404651461274873,0.013422882229533415,1800000,18000000,16632000000,546.0
840,0.8366667390150259,0.2644855965784667,0.0,0.013378213777547955,1800000,18000000,16651800000,546.65
841,0.836447431166412,0.26520497773212165,0.0020434642313672063,0.013333693972519876,1800000,18000000,16671600000,547.3000000000001
842,0.8375944722677756,0.26636314356827706,8.07364563339501e-05,0.013289322319784223,1800000,18000000,16691400000,547.95
843,0.838220598639383,0.26859039150686204,0.0014679716172200825,0.01324509832632218,1800000,18000000,16711200000,548.6
844,0.8370774296270179,0.2643991413920068,0.0002844223376756547,0.013201021500755583,1800000,18000000,16731000000,549.25
845,0.8391837916303265,0.26592821640959524,0.00012004669663035546,0.013157091353341475,1800000,18000000,16750800000,549.9
846,0.8415511192478318,0.25939464434445425,0.0019036997250665233,0.013113307395966662,1800000,18000000,16770600000,550.5500000000001
847,0.8311494207453619,0.2660622967442828,0.0012964842116226839,0.01306966914214226,1800000,18000000,16790400000,551.2
848,0.8385812505161768,0.26392309196988095,0.00043484163635802546,0.013026176106998346,1800000,18000000,16810200000,551.85
849,0.8388583226649757,0.26185889475568674,0.0015620470830603268,0.012982827807278526,1800000,18000000,16830000000,552.5
850,0.8379542668370723,0.26168451114102126,0.0010440470957075014,0.012939623761334574,1800000,18000000,16849800000,553.15
851,0.8388838154314622,0.26153881621584574,0.003408019822524576,0.012896563489121101,1800000,18000000,16869600000,553.8000000000001
852,0.8394532166034582,0.25497145946243827,0.000659767480497153,0.012853646512190182,1800000,18000000,16889400000,554.45
853,0.8405378967801848,0.26074135223391515,0.002946285823379511,0.012810872353686081,1800000,18000000,16909200000,555.1
854,0.838608127076584,0.2624132931289006,0.0016378171747066174,0.012768240538339934,1800000,18000000,16929000000,555.75
855,0.8371910351196693,0.26656502003676563,0.0017719611646771056,0.01272575059246446,1800000,18000000,16948800000,556.4
856,0.8378089731643082,0.26378330994874943,0.00018764673992066258,0.012683402043948716,1800000,18000000,16968600000,557.0500000000001
857,0.8381723770915301,0.26168504116085056,0.0004759472622706992,0.012641194422252843,1800000,18000000,16988400000,557.7
858,0.8366274138706955,0.26456280656059283,0.0,0.012599127258402818,1800000,18000000,17008200000,558.35
859,0.8390779407860106,0.2665305104126345,0.0,0.012557200084985287,1800000,18000000,17028000000,559.0
860,0.8368560795683797,0.26015774810999964,0.0012527154604748685,0.012515412436142334,1800000,18000000,17047800000,559.65
861,0.83740322209601,0.2685899897801994,0.0021173932756995903,0.012473763847566318,1800000,18000000,17067600000,560.3000000000001
862,0.837240725848514,0.2596241945895516,0.0008462570153532056,0.01243225385649472,1800000,18000000,17087400000,560.95
863,0.8383799153615943,0.26248026228220794,0.0010401698047139809,0.012390882001704991,1800000,18000000,17107200000,561.6
864,0.8391722431325768,0.2632337009332356,0.0026109912056738534,0.01234964782350942,1800000,18000000,17127000000,562.25
865,0.8386582904948876,0.2598143295055491,0.0011638326867699478,0.012308550863750054,1800000,18000000,17146800000,562.9
866,0.838253994952483,0.2627116698393222,0.0,0.012267590665793582,1800000,18000000,17166600000,563.5500000000001
867,0.8376854625393372,0.2675167056183135,0.0016196404882875828,0.012226766774526273,1800000,18000000,17186400000,564.2
868,0.8387641019071227,0.2548398287172817,0.0009189106828968581,0.012186078736348917,1800000,18000000,17206200000,564.85
869,0.8386906135396152,0.2602851826127651,2.2997195899509366e-05,0.012145526099171784,1800000,18000000,17226000000,565.5
870,0.8372674501825788,0.2596614216989507,0.0,0.01210510841240959,1800000,18000000,17245800000,566.15
871,0.8366534557549578,0.26318591818131665,0.0016648488611613306,0.01206482522697652,1800000,18000000,17265600000,566.8000000000001
872,0.8352202024354527,0.2621620922583198,0.0011671601414019468,0.012024676095281203,1800000,18000000,17285400000,567.45
873,0.8365624539904203,0.26209714085464464,0.0015808030879127292,0.011984660571221769,1800000,18000000,17305200000,568.1
874,0.8378942662088276,0.2560142744394085,0.0014965721830751334,0.011944778210180869,1800000,18000000,17325000000,568.75
875,0.8367222381310679,0.2664926326024235,0.0012867875609517433,0.011905028569020754,1800000,18000000,17344800000,569.4
876,0.8352827052594308,0.2667729035045996,0.0,0.011865411206078324,1800000,18000000,17364600000,570.0500000000001
877,0.8373224339829701,0.26615895945140705,0.0,0.011825925681160258,1800000,18000000,17384400000,570.7
878,0.8394631628954182,0.26107548890439614,0.0007633049161828872,0.01178657155553809,1800000,18000000,17404200000,571.35
879,0.8359104988992921,0.26529404213835434,0.00018244945611952605,0.01174734839194336,1800000,18000000,17424000000,572.0
880,0.8388181872278592,0.2644588739449773,0.0015334139880357521,0.011708255754562732,1800000,18000000,17443800000,572.65
881,0.8376917806023404,0.260076071321006,0.0026022786878791594,0.011669293209033163,1800000,18000000,17463600000,573.3000000000001
882,0.8371188150347223,0.26037304783679716,0.001509554379900043,0.011630460322437081,1800000,18000000,17483400000,573.95
883,0.8389159581008954,0.2543818253814897,0.0,0.01159175666329757,1800000,18000000,17503200000,574.6
884,0.8391254191772355,0.2689815989873363,0.0018909788264553121,0.011553181801573576,1800000,18000000,17523000000,575.25
885,0.8357934144530298,0.2727982963876338,0.0017039665031057774,0.011514735308655124,1800000,18000000,17542800000,575.9
886,0.8386023250830067,0.26532600867368605,0.0015889096948628137,0.011476416757358571,1800000,18000000,17562600000,576.5500000000001
887,0.8359485138326993,0.2627514098953782,0.0024058752698600016,0.011438225721921835,1800000,18000000,17582400000,577.2
888,0.839198725694082,0.2601323910214303,0.0,0.011400161777999683,1800000,18000000,17602200000,577.85
889,0.8369955607559044,0.25976558794192034,0.0014656464325418497,0.01136222450265902,1800000,18000000,17622000000,578.5
890,0.8373170551664397,0.26655262440857114,0.0002996976880803113,0.011324413474374167,1800000,18000000,17641800000,579.15
891,0.8389758943444334,0.26679269700575653,0.001534864642534539,0.011286728273022203,1800000,18000000,17661600000,579.8000000000001
892,0.8369049141079351,0.26220901625809223,0.0014310959469048966,0.011249168479878289,1800000,18000000,17681400000,580.45
893,0.8390158472811066,0.26543450998841067,0.0,0.011211733677610984,1800000,18000000,17701200000,581.1
894,0.8408379633559019,0.25529045746656887,0.0007194374698678425,0.01117442345027767,1800000,18000000,17721000000,581.75
895,0.839797249486098,0.2635700549223321,0.0005219338478416903,0.011137237383319877,1800000,18000000,17740800000,582.4
896,0.8363304790416577,0.2711167119360703,0.00046496776266207054,0.011100175063558702,1800000,18000000,17760600000,583.0500000000001
897,0.838654201263432,0.26273557392268,0.002171902615596108,0.01106323607919021,1800000,18000000,17780400000,583.7
898,0.8382664117009578,0.26463202612683845,0.0,0.011026420019780866,1800000,18000000,17800200000,584.35
899,0.8394229926023036,0.25542862245068154,0.000868529468275301,0.010989726476262956,1800000,18000000,17820000000,585.0
900,0.8382742714512543,0.26137654809459593,0.0,0.010953155040930068,1800000,18000000,17839800000,585.65
901,0.8373755654500091,0.2658773932709728,0.0,0.010916705307432543,1800000,18000000,17859600000,586.3000000000001
902,0.8363642540544574,0.2653962548814065,0.0006549752879361915,0.010880376870772968,1800000,18000000,17879400000,586.95
903,0.8400978086950333,0.2560016934745636,0.0004984459352325345,0.010844169327301678,1800000,18000000,17899200000,587.6
904,0.8363509310045577,0.26114667786755547,0.0010963670701775838,0.010808082274712251,1800000,18000000,17919000000,588.25
905,0.8356891254898718,0.2635457109476285,0.0011315558324374799,0.010772115312037072,1800000,18000000,17938800000,588.9
906,0.8378218138708314,0.2654868575104357,0.0015377439384051624,0.010736268039642852,1800000,18000000,17958600000,589.5500000000001
907,0.8359092017476403,0.2651861555315632,0.0018544947070872771,0.010700540059226191,1800000,18000000,17978400000,590.2
908,0.8380341148534677,0.2634828661726858,0.0008756837274801555,0.010664930973809168,1800000,18000000,17998200000,590.85
909,0.8365650467612781,0.26614141177833245,0.0,0.010629440387734914,1800000,18000000,18018000000,591.5
910,0.8374462148528816,0.2610746570158984,0.0,0.010594067906663207,1800000,18000000,18037800000,592.15
911,0.8389800969891006,0.26626145305631566,0.0012126370865054152,0.010558813137566122,1800000,18000000,18057600000,592.8000000000001
912,0.8385391306282491,0.2625773307102273,0.0,0.01052367568872364,1800000,18000000,18077400000,593.45
913,0.8370273785353946,0.2636360282280076,0.0,0.010488655169719302,1800000,18000000,18097200000,594.1
914,0.8379678354733631,0.26271062615320057,0.0006901774935950814,0.010453751191435868,1800000,18000000,18117000000,594.75
915,0.8408348720836708,0.26237423299045665,0.0010462802640787568,0.010418963366051004,1800000,18000000,18136800000,595.4
916,0.8371193771779715,0.26269193570607097,0.00041575307885749355,0.01038429130703295,1800000,18000000,18156600000,596.0500000000001
917,0.8362613282847304,0.2621889861922533,0.0035369788084570896,0.010349734629136251,1800000,18000000,18176400000,596.7
918,0.8398252201900913,0.2574996482223102,0.0006492143539030825,0.010315292948397467,1800000,18000000,18196200000,597.35
919,0.8414434105938388,0.2516125165860654,0.0026659338032482506,0.0102809658821309,1800000,18000000,18216000000,598.0
920,0.8355487534581392,0.2646419845051877,0.0015892202491024118,0.010246753048924351,1800000,18000000,18235800000,598.65
921,0.8359028771169497,0.2703772410809067,0.00020688249333406677,0.010212654068634879,1800000,18000000,18255600000,599.3000000000001
922,0.837864559738527,0.26167819665715536,0.0023831161600579597,0.010178668562384568,1800000,18000000,18275400000,599.95
923,0.8379579954786422,0.2644136397442836,0.0001779162501514154,0.010144796152556337,1800000,18000000,18295200000,600.6
924,0.8377128328864958,0.2646896695969492,0.0013812156421807499,0.010111036462789725,1800000,18000000,18315000000,601.25
925,0.8386146270794412,0.2600979301920806,0.0,0.010077389117976725,1800000,18000000,18334800000,601.9
926,0.8367717000826611,0.2707499296230076,0.0,0.010043853744257604,1800000,18000000,18354600000,602.5500000000001
927,0.839838744869582,0.2562370353673809,0.0,0.010010429969016745,1800000,18000000,18374400000,603.2
928,0.8354993449869877,0.26315474041729675,0.00029676081467191047,0.009977117420878534,1800000,18000000,18394200000,603.85
929,0.8377542365345493,0.26260553934863734,0.0,0.009943915729703197,1800000,18000000,18414000000,604.5
930,0.8383775149378346,0.2576512568681845,0.00018575761512615123,0.009910824526582717,1800000,18000000,18433800000,605.15
931,0.8375903303771798,0.26283737733262746,0.001484229513752515,0.009877843443836716,1800000,18000000,18453600000,605.8000000000001
932,0.8350756903185502,0.2629342919789948,0.001103086785933571,0.009844972115008389,1800000,18000000,18473400000,606.45
933,0.8337842298478985,0.2657554538072283,0.001243250009256459,0.009812210174860397,1800000,18000000,18493200000,607.1
934,0.8356400243214156,0.26992687467973236,0.0003938031495666667,0.009779557259370852,1800000,18000000,18513000000,607.75
935,0.8384313422279477,0.2553039762210628,0.00363976404712841,0.00974701300572925,1800000,18000000,18532800000,608.4
936,0.8353658544023115,0.26798993215370603,0.00013862121495853677,0.009714577052332429,1800000,18000000,18552600000,609.0500000000001
937,0.8364450535320227,0.26321752583718094,0.0013493617185775983,0.00968224903878058,1800000,18000000,18572400000,609.7
938,0.8374839824509038,0.2641913058526845,0.0,0.009650028605873223,1800000,18000000,18592200000,610.35
939,0.8365360833571821,0.2688995759676404,0.0,0.009617915395605208,1800000,18000000,18612000000,611.0
940,0.837098384189267,0.26446586069492084,0.0,0.009585909051162758,1800000,18000000,18631800000,611.65
941,0.8366624959721954,0.26422909562795305,0.0010615985624000312,0.009554009216919498,1800000,18000000,18651600000,612.3000000000001
942,0.8375043585941123,0.2639457374760288,0.0025060126692979306,0.009522215538432497,1800000,18000000,18671400000,612.95
943,0.8355411581509515,0.25955541951424577,0.0011129730295729588,0.009490527662438332,1800000,18000000,18691200000,613.6
944,0.8395319138933957,0.26113819291662577,0.0008479226521490597,0.00945894523684917,1800000,18000000,18711000000,614.25
945,0.8376236752683837,0.2639293531588063,0.0009619108306865358,0.009427467910748841,1800000,18000000,18730800000,614.9
946,0.8363313502928723,0.26442147989041465,0.0009907297498371334,0.009396095334388952,1800000,18000000,18750600000,615.5500000000001
947,0.8390511425867188,0.265351093323414,3.425088938197149e-05,0.009364827159185005,1800000,18000000,18770400000,616.2
948,0.8347388985496051,0.2639440487504437,0.001598526766779728,0.009333663037712504,1800000,18000000,18790200000,616.85
949,0.8377483195684118,0.26151675481305453,0.0,0.009302602623703115,1800000,18000000,18810000000,617.5
950,0.8386057803697978,0.2682761270721353,0.0009037368435964131,0.009271645572040809,1800000,18000000,18829800000,618.15
951,0.8385423152986626,0.2645419363710492,0.00105122699938473,0.00924079153875802,1800000,18000000,18849600000,618.8000000000001
952,0.8404666433091889,0.2637005769177935,0.0019723045445902156,0.009210040181031845,1800000,18000000,18869400000,619.45
953,0.8358783922986275,0.26031182646087203,0.0,0.009179391157180212,1800000,18000000,18889200000,620.1
954,0.8362785346121289,0.2608693230458363,0.0011097734973375506,0.009148844126658095,1800000,18000000,18909000000,620.75
955,0.839003364444926,0.2588512741280956,0.00017476583978208058,0.009118398750053738,1800000,18000000,18928800000,621.4
956,0.8391054208323567,0.25880356463783993,0.0008721649740590072,0.009088054689084853,1800000,18000000,18948600000,622.0500000000001
957,0.8399243021890818,0.2643521467585708,0.0,0.009057811606594903,1800000,18000000,18968400000,622.7
958,0.8355087908342537,0.264604675853861,0.0002430914556594505,0.009027669166549323,1800000,18000000,18988200000,623.35
959,0.8393337997188779,0.2623806839587932,0.0009690845475469386,0.008997627034031805,1800000,18000000,19008000000,624.0
960,0.8363083193364852,0.2596277740711683,0.0012483415424964645,0.008967684875240566,1800000,18000000,19027800000,624.65
961,0.8380864277387486,0.2682428443557871,0.0,0.00893784235748465,1800000,18000000,19047600000,625.3000000000001
962,0.8395059732559856,0.26095379214694453,0.0012813200508444182,0.008908099149180209,1800000,18000000,19067400000,625.95
963,0.837933316415056,0.2575865904696879,0.0019126679821732905,0.008878454919846852,1800000,18000000,19087200000,626.6
964,0.8361375475852604,0.26383748640015375,0.0,0.008848909340103947,1800000,18000000,19107000000,627.25
965,0.8366936819972792,0.2666390488471502,0.0022666437873571582,0.00881946208166697,1800000,18000000,19126800000,627.9
966,0.8397975421259297,0.26251058350955886,0.0017150088375226368,0.008790112817343857,1800000,18000000,19146600000,628.5500000000001
967,0.8371658266242203,0.2633752115270509,0.0,0.008760861221031375,1800000,18000000,19166400000,629.2
968,0.8410539852328739,0.25602804177597377,0.0002092371523333826,0.008731706967711477,1800000,18000000,19186200000,629.85
969,0.8374726589977551,0.2602715783964438,0.00019316423035730561,0.008702649733447719,1800000,18000000,19206000000,630.5
970,0.839913114221766,0.26080338886768895,0.0,0.008673689195381645,1800000,18000000,19225800000,631.15
971,0.8382369655947289,0.25999265127413423,0.0008018496870431375,0.0086448250317292,1800000,18000000,19245600000,631.8000000000001
972,0.8384273955687799,0.259108635917679,0.0015493173416811989,0.008616056921777155,1800000,18000000,19265400000,632.45
973,0.836347978576326,0.2626388368143322,0.0019254445399453524,0.008587384545879555,1800000,18000000,19285200000,633.1
974,0.8375267940005107,0.2651884649161375,0.0011072936145954412,0.00855880758545414,1800000,18000000,19305000000,633.75
975,0.8392358509619497,0.2594017649826107,0.000791659740474944,0.008530325722978842,1800000,18000000,19324800000,634.4
976,0.8386692604080855,0.2587290814987968,0.0,0.008501938641988227,1800000,18000000,19344600000,635.0500000000001
977,0.8378069565068292,0.2610407783070323,0.00048299341833674575,0.00847364602706999,1800000,18000000,19364400000,635.7
978,0.8371154659277298,0.26376518158287204,0.0011898692515929063,0.008445447563861456,1800000,18000000,19384200000,636.35
979,0.8396016278541656,0.2585748786299172,0.0022280409737406998,0.008417342939046071,1800000,18000000,19404000000,637.0
980,0.8396798472100913,0.260654977990948,0.00036113172913148847,0.008389331840349944,1800000,18000000,19423800000,637.65
981,0.8399343961644362,0.2550684748431149,0.0,0.008361413956538348,1800000,18000000,19443600000,638.3000000000001
982,0.8360872746664963,0.262426097215488,0.0017146312447451294,0.008333588977412296,1800000,18000000,19463400000,638.95
983,0.8365446117373786,0.2621655623165533,0.0,0.008305856593805061,1800000,18000000,19483200000,639.6
984,0.8377425003461001,0.2628336402369501,0.0017297893014626968,0.008278216497578768,1800000,18000000,19503000000,640.25
985,0.8389614142227353,0.26237792282247346,0.0010506612557930478,0.008250668381620944,1800000,18000000,19522800000,640.9
986,0.8375115004427456,0.26419386104033865,0.0013107223442278258,0.008223211939841133,1800000,18000000,19542600000,641.5500000000001
987,0.837948334514151,0.26657339396668334,0.001986659904314976,0.008195846867167478,1800000,18000000,19562400000,642.2
988,0.8365893654357874,0.2660484409342408,0.0,0.008168572859543331,1800000,18000000,19582200000,642.85
989,0.8388635855065962,0.25772165038685657,0.0004981676129909855,0.008141389613923886,1800000,18000000,19602000000,643.5
990,0.8340243636253103,0.26863687968704897,0.0,0.008114296828272803,1800000,18000000,19621800000,644.15
991,0.8368817273043677,0.26113957336107696,0.0,0.008087294201558844,1800000,18000000,19641600000,644.8000000000001
992,0.8378378390527751,0.2566662537795495,0.0016933050066901712,0.00806038143375255,1800000,18000000,19661400000,645.45
993,0.8369853641666641,0.26283862684238013,0.0002792363290701846,0.008033558225822888,1800000,18000000,19681200000,646.1
994,0.838897844352928,0.25845425254715126,0.0005814298398358766,0.008006824279733942,1800000,18000000,19701000000,646.75
995,0.8405774224693577,0.25460499613869036,0.00021081075641297313,0.00798017929844159,1800000,18000000,19720800000,647.4
996,0.8400132179776694,0.2555855003370498,0.0,0.007953622985890214,1800000,18000000,19740600000,648.0500000000001
997,0.835038940710147,0.26867053969845367,0.0,0.007927155047009393,1800000,18000000,19760400000,648.7
998,0.8368033801176963,0.268278299209512,0.0,0.007900775187710651,1800000,18000000,19780200000,649.35
999,0.8367257440412036,0.259916752145903,0.00022338848500053142,0.007874483114884165,1800000,18000000,19800000000,650.0
