round,test_accuracy,train_objective,mfg,hfr_tau,downlink_bytes,uplink_bytes,cumulative_serialized_bytes,single_device_elapsed_seconds
0,0.5047214048694438,0.5914647614855219,0.04512281714889975,0.22,1800000,3600000,5400000,0.5700000000000001
1,0.5085675601587859,0.594462945934547,0.04554078571338249,0.2192678875319951,1800000,3600000,10800000,1.1400000000000001
2,0.5144469538534362,0.5865407525843327,0.04450002074184352,0.21853821137610757,1800000,3600000,16200000,1.7100000000000002
3,0.5157163057410766,0.581727886035147,0.04416022356490269,0.21781096342481698,1800000,3600000,21600000,2.2800000000000002
4,0.5249306556737691,0.5759395801329769,0.04367853041207659,0.21708613559758305,1800000,3600000,27000000,2.8500000000000005
5,0.5290470406010511,0.5736867945244497,0.04492506204591966,0.21636371984075584,1800000,3600000,32400000,3.4200000000000004
6,0.5301245054849644,0.5681185055442831,0.04454000327048226,0.21564370812748615,1800000,3600000,37800000,3.99
7,0.5370234296527447,0.5605585411514419,0.043607072535085084,0.21492609245763647,1800000,3600000,43200000,4.5600000000000005
8,0.5379771538362305,0.5649957257480819,0.0434595339671563,0.2142108648576919,1800000,3600000,48600000,5.130000000000001
9,0.5437224312822304,0.5524325591771857,0.04259645835480618,0.21349801738067178,1800000,3600000,54000000,5.700000000000001
10,0.5473675761663512,0.5477193898685406,0.043187430896433926,0.2127875421060413,1800000,3600000,59400000,6.2700000000000005
11,0.5513424394573774,0.5499280124771126,0.04140714811961849,0.21207943113962338,1800000,3600000,64800000,6.840000000000001
12,0.5539110150675238,0.547058390987106,0.042276896647573566,0.2113736766135111,1800000,3600000,70200000,7.410000000000001
13,0.5567557728272174,0.5423474533340036,0.04202454626755812,0.2106702706859803,1800000,3600000,75600000,7.98
14,0.5588767114551618,0.5411083410112894,0.04111416135751095,0.20996920554140228,1800000,3600000,81000000,8.55
15,0.5654667528480727,0.5369241595893283,0.04221873449603469,0.20927047339015709,1800000,3600000,86400000,9.120000000000001
16,0.5692943523373238,0.5346904504894856,0.04227058105807578,0.208574066468547,1800000,3600000,91800000,9.690000000000001
17,0.5711757953631444,0.531576052659893,0.04301071657782786,0.2078799770387102,1800000,3600000,97200000,10.260000000000002
18,0.5759506235956859,0.5268440186689057,0.04185934197487036,0.20718819738853472,1800000,3600000,102600000,10.830000000000002
19,0.5762712787277553,0.5229028292227302,0.04167348655864371,0.2064987198315729,1800000,3600000,108000000,11.400000000000002
20,0.578759408420186,0.5254221616829418,0.0412561864629562,0.2058115367069559,1800000,3600000,113400000,11.97
21,0.5865464940867205,0.5120916603772391,0.04204106368982213,0.2051266403793086,1800000,3600000,118800000,12.540000000000001
22,0.5887763215206494,0.5105348343493552,0.04066224763919361,0.20444402323866478,1800000,3600000,124200000,13.110000000000001
23,0.58882374349579,0.5128331155047432,0.04127586309366305,0.20376367770038248,1800000,3600000,129600000,13.680000000000001
24,0.5943935470511169,0.5016220670735813,0.042437667834831334,0.20308559620505987,1800000,3600000,135000000,14.250000000000002
25,0.5975503006641956,0.5009620067263373,0.041289084941404,0.20240977121845113,1800000,3600000,140400000,14.820000000000002
26,0.5995834366530001,0.49865713860945826,0.042659956034688744,0.20173619523138275,1800000,3600000,145800000,15.390000000000002
27,0.6024634778302934,0.49501712289124994,0.03952362672141808,0.2010648607596702,1800000,3600000,151200000,15.96
28,0.6031389348507065,0.4912442333833587,0.04127439377334641,0.20039576034403467,1800000,3600000,156600000,16.53
29,0.6079296924080393,0.49119691472824567,0.040457606763136755,0.19972888655002022,1800000,3600000,162000000,17.1
30,0.6112959171677357,0.4907731706234744,0.038913433571608265,0.1990642319679111,1800000,3600000,167400000,17.67
31,0.6129461354075979,0.48484847104694545,0.03977209212634399,0.19840178921264964,1800000,3600000,172800000,18.240000000000002
32,0.6157969732374787,0.48682551451252937,0.03907992293495608,0.19774155092375395,1800000,3600000,178200000,18.810000000000002
33,0.6173597765556762,0.4773953409897701,0.04079870942578243,0.1970835097652362,1800000,3600000,183600000,19.380000000000003
34,0.6225518604874645,0.4713675189458753,0.0381814585554014,0.19642765842552126,1800000,3600000,189000000,19.950000000000003
35,0.6278186009409664,0.4693812494842156,0.038408771606167375,0.19577398961736522,1800000,3600000,194400000,20.520000000000003
36,0.6245884390917527,0.47443010239447747,0.03939726163291921,0.19512249607777465,1800000,3600000,199800000,21.090000000000003
37,0.6284601003206104,0.4686952242691794,0.039319873451021725,0.1944731705679257,1800000,3600000,205200000,21.660000000000004
38,0.6327232253797991,0.4715217156866493,0.038071973484786505,0.1938260058730838,1800000,3600000,210600000,22.230000000000004
39,0.6342934565373727,0.4662708186691608,0.039919110414309414,0.1931809948025235,1800000,3600000,216000000,22.800000000000004
40,0.6341230915571129,0.4646359070838651,0.0400191087062846,0.19253813018944846,1800000,3600000,221400000,23.37
41,0.6377998519022354,0.4589748596768837,0.039362940879852024,0.19189740489091192,1800000,3600000,226800000,23.94
42,0.6408344320538417,0.4585159025119927,0.037123464132337844,0.1912588117877373,1800000,3600000,232200000,24.51
43,0.6440068856312374,0.4615136629880083,0.03742580637269066,0.1906223437844391,1800000,3600000,237600000,25.080000000000002
44,0.6429914485659308,0.45573244245563477,0.0388999400006353,0.1899879938091441,1800000,3600000,243000000,25.650000000000002
45,0.6491922340998904,0.44714683354240964,0.038977189258809525,0.18935575481351272,1800000,3600000,248400000,26.220000000000002
46,0.6510617188867458,0.44846687359452175,0.0379231694535584,0.1887256197726607,1800000,3600000,253800000,26.790000000000003
47,0.6535504950042386,0.4449517560400667,0.0388653865771729,0.1880975816850811,1800000,3600000,259200000,27.360000000000003
48,0.6528656553267456,0.4460897457132777,0.03538419427812401,0.1874716335725665,1800000,3600000,264600000,27.930000000000003
49,0.6561070296991288,0.439106227962214,0.036530048301790914,0.18684776848013143,1800000,3600000,270000000,28.500000000000004
50,0.6577182082226655,0.4384999420571199,0.035302716070482326,0.1862259794759351,1800000,3600000,275400000,29.070000000000004
51,0.6599594757864755,0.4424242524223025,0.037105240757302566,0.18560625965120442,1800000,3600000,280800000,29.640000000000004
52,0.6639182982800519,0.43535652457557544,0.03827757875161048,0.18498860212015716,1800000,3600000,286200000,30.210000000000004
53,0.6626292839620094,0.43984433969395587,0.03478179517344771,0.18437300001992551,1800000,3600000,291600000,30.780000000000005
54,0.6642607598715978,0.4379097140585507,0.03756655321048681,0.18375944651047985,1800000,3600000,297000000,31.350000000000005
55,0.6671461967321709,0.43481768492732326,0.03506428326775837,0.1831479347745526,1800000,3600000,302400000,31.92
56,0.6693464623269404,0.43466040596111377,0.03570949774942173,0.18253845801756263,1800000,3600000,307800000,32.49
57,0.6689100957261335,0.4302018094838182,0.03633617621857614,0.1819310094675397,1800000,3600000,313200000,33.06
58,0.671811030883443,0.42339513595150735,0.03664084323091964,0.18132558237504928,1800000,3600000,318600000,33.63
59,0.6744452998295726,0.4234021229183309,0.0349986701386223,0.18072217001311738,1800000,3600000,324000000,34.2
60,0.6748535493773101,0.42740963154177064,0.03379315405390986,0.18012076567715601,1800000,3600000,329400000,34.77
61,0.6753922370563227,0.4255849458554335,0.03662186022952511,0.1795213626848886,1800000,3600000,334800000,35.34
62,0.67901724287142,0.4207783544867918,0.035380408042274956,0.17892395437627573,1800000,3600000,340200000,35.910000000000004
63,0.677453963912623,0.41605055471980723,0.03370476439907672,0.17832853411344116,1800000,3600000,345600000,36.480000000000004
64,0.6825248447641046,0.42091059685593635,0.033036341378751694,0.17773509528059805,1800000,3600000,351000000,37.050000000000004
65,0.6832162872945642,0.42395346768462044,0.035640896614808314,0.17714363128397553,1800000,3600000,356400000,37.620000000000005
66,0.6837933779582228,0.41687928549832715,0.03577736597607006,0.17655413555174526,1800000,3600000,361800000,38.190000000000005
67,0.683837099262489,0.4151729886386851,0.033677324009276824,0.17596660153394866,1800000,3600000,367200000,38.760000000000005
68,0.689945939426005,0.40561517741848524,0.03528075561313212,0.1753810227024239,1800000,3600000,372600000,39.330000000000005
69,0.6922251014154908,0.40359003617593764,0.03432527550777115,0.17479739255073348,1800000,3600000,378000000,39.900000000000006
70,0.6901551852460518,0.412099584441082,0.035261306408338175,0.17421570459409197,1800000,3600000,383400000,40.470000000000006
71,0.6925114885573833,0.4068807155506008,0.03218118272508269,0.17363595236929383,1800000,3600000,388800000,41.040000000000006
72,0.6911521789850626,0.40803318662047583,0.03399849613952685,0.17305812943464177,1800000,3600000,394200000,41.61000000000001
73,0.6948176945801893,0.40332375262962017,0.033124317526822405,0.17248222936987492,1800000,3600000,399600000,42.18000000000001
74,0.6976694840713265,0.4045409496982724,0.034666281570912554,0.1719082457760978,1800000,3600000,405000000,42.75000000000001
75,0.698104560784663,0.4045289916933685,0.0337490774392662,0.17133617227570908,1800000,3600000,410400000,43.32000000000001
76,0.7007477873747205,0.39616311106362345,0.033895870196790266,0.17076600251233054,1800000,3600000,415800000,43.89000000000001
77,0.7010585854256977,0.3987323090943686,0.03247282188399274,0.17019773015073678,1800000,3600000,421200000,44.46000000000001
78,0.7025967569366274,0.40251152731306683,0.03269083985715799,0.16963134887678458,1800000,3600000,426600000,45.03000000000001
79,0.7050811588941572,0.3964880874904248,0.031542213918067975,0.16906685239734287,1800000,3600000,432000000,45.60000000000001
80,0.707424446124267,0.39132482105402727,0.03320554233013021,0.16850423444022272,1800000,3600000,437400000,46.17
81,0.703755557879644,0.39852440590208354,0.03280143143244083,0.1679434887541077,1800000,3600000,442800000,46.74
82,0.7077098812124231,0.3877894110522823,0.032295159396310946,0.16738460910848446,1800000,3600000,448200000,47.31
83,0.7079134279690287,0.393499122905253,0.03079188358794561,0.16682758929357333,1800000,3600000,453600000,47.88
84,0.7091693111457447,0.385688726955984,0.03175200401569778,0.1662724231202596,1800000,3600000,459000000,48.45
85,0.7084480695823779,0.3936485571010558,0.033502964042269434,0.1657191044200245,1800000,3600000,464400000,49.02
86,0.712332791473685,0.3885315525857881,0.031728127765953344,0.16516762704487678,1800000,3600000,469800000,49.59
87,0.7119220519846674,0.3834737990966156,0.033224668571976874,0.16461798486728435,1800000,3600000,475200000,50.160000000000004
88,0.714147234785529,0.3876091487575786,0.029717063357387635,0.16407017178010627,1800000,3600000,480600000,50.730000000000004
89,0.7164270679702365,0.38651902640977037,0.031484997087530664,0.16352418169652483,1800000,3600000,486000000,51.300000000000004
90,0.7206499538506835,0.3786940881550776,0.031355761996879825,0.16298000854997793,1800000,3600000,491400000,51.870000000000005
91,0.7131711795526201,0.38313567673535437,0.03308076509777242,0.16243764629409166,1800000,3600000,496800000,52.440000000000005
92,0.7178413503561546,0.3884755304544143,0.030106405827893416,0.16189708890261317,1800000,3600000,502200000,53.010000000000005
93,0.7165604354482475,0.38268402633488124,0.030560492905381834,0.16135833036934363,1800000,3600000,507600000,53.580000000000005
94,0.7208276930596607,0.38507597091104606,0.03120484587270691,0.1608213647080716,1800000,3600000,513000000,54.150000000000006
95,0.7210549464617121,0.3803142645466227,0.02974579112537703,0.16028618595250646,1800000,3600000,518400000,54.720000000000006
96,0.7208399964199921,0.3848151693335714,0.029123092177910596,0.159752788156212,1800000,3600000,523800000,55.290000000000006
97,0.7207076428155722,0.3828295317999829,0.03059718361215481,0.15922116539254064,1800000,3600000,529200000,55.86000000000001
98,0.7210723928906202,0.3835910220997122,0.02858760264060531,0.15869131175456724,1800000,3600000,534600000,56.43000000000001
99,0.7232468240360516,0.37753929276801873,0.02866780677195042,0.15816322135502375,1800000,3600000,540000000,57.00000000000001
100,0.7250991848322651,0.37762288262339916,0.030568405263236866,0.15763688832623365,1800000,3600000,545400000,57.57000000000001
101,0.723266072774832,0.37484370331170824,0.028945763369921065,0.1571123068200467,1800000,3600000,550800000,58.14000000000001
102,0.7276124680588245,0.3685785048406848,0.029068037389454092,0.15658947100777412,1800000,3600000,556200000,58.71000000000001
103,0.7272024799905045,0.37906882694182364,0.02968719891690083,0.1560683750801238,1800000,3600000,561600000,59.28000000000001
104,0.7263602047482958,0.3754260207402319,0.030643457589891388,0.1555490132471355,1800000,3600000,567000000,59.85000000000001
105,0.7254875168969795,0.3787700531911113,0.03061589955075344,0.15503137973811695,1800000,3600000,572400000,60.42000000000001
106,0.7312356295928739,0.3663861713189644,0.030405318355531393,0.15451546880157935,1800000,3600000,577800000,60.99000000000001
107,0.7283510100438488,0.36935887529309747,0.02888301645596299,0.15400127470517364,1800000,3600000,583200000,61.56000000000001
108,0.7298364175135428,0.37196811887850184,0.02789756767121443,0.15348879173562682,1800000,3600000,588600000,62.13000000000001
109,0.7303256635179689,0.3670267142528928,0.03000078333124771,0.1529780141986784,1800000,3600000,594000000,62.70000000000001
110,0.7309373040524808,0.3685135346775969,0.02792751150166579,0.15246893641901713,1800000,3600000,599400000,63.27000000000001
111,0.7336941755610981,0.3691133037375702,0.03001196264567122,0.15196155274021803,1800000,3600000,604800000,63.84
112,0.7332670421814819,0.36313174575683665,0.029692813506256292,0.1514558575246794,1800000,3600000,610200000,64.41000000000001
113,0.7328197063770191,0.366469913210563,0.027915941580187783,0.1509518451535604,1800000,3600000,615600000,64.98
114,0.7364393809411325,0.3597966689236762,0.03028418035238922,0.15044951002671828,1800000,3600000,621000000,65.55000000000001
115,0.7357768122240813,0.36385556850076567,0.02763845650820799,0.14994884656264654,1800000,3600000,626400000,66.12
116,0.7333049535242693,0.364944242763077,0.028250592312885313,0.14944984919841262,1800000,3600000,631800000,66.69000000000001
117,0.7347516612237516,0.3689293475086068,0.027755227619329546,0.14895251238959623,1800000,3600000,637200000,67.26
118,0.7371708322633774,0.3647596615738271,0.028575039212212296,0.1484568306102277,1800000,3600000,642600000,67.83000000000001
119,0.7375463686402329,0.36071466933941265,0.0281913303936377,0.14796279835272666,1800000,3600000,648000000,68.4
120,0.7380130427085929,0.3600747727342139,0.02770893447967114,0.14747041012784065,1800000,3600000,653400000,68.97000000000001
121,0.7404254129949522,0.35707165071471114,0.026150026539001676,0.14697966046458436,1800000,3600000,658800000,69.54
122,0.7397110493440122,0.356809573203809,0.02792276550498555,0.14649054391017868,1800000,3600000,664200000,70.11000000000001
123,0.7440536962063381,0.3525987076785473,0.026618822978883183,0.14600305502999028,1800000,3600000,669600000,70.68
124,0.7403953332017782,0.36142164138453364,0.02805186174677053,0.14551718840747094,1800000,3600000,675000000,71.25000000000001
125,0.7432047576717871,0.3660870774643324,0.029214462550261416,0.14503293864409764,1800000,3600000,680400000,71.82000000000001
126,0.7449667299677701,0.3505509291631723,0.027873630798271157,0.1445503003593125,1800000,3600000,685800000,72.39000000000001
127,0.7419991081048972,0.3559695528585167,0.027934057185050935,0.14406926819046292,1800000,3600000,691200000,72.96000000000001
128,0.7448759206273968,0.3582067154049813,0.028178031362613307,0.14358983679274215,1800000,3600000,696600000,73.53
129,0.7434965583466462,0.3576491935030839,0.02651661379119891,0.14311200083912964,1800000,3600000,702000000,74.10000000000001
130,0.7465516822240467,0.3495838658292686,0.026743021636299047,0.14263575502033213,1800000,3600000,707400000,74.67
131,0.7451224079801221,0.3518935800646024,0.026381915605031586,0.14216109404472455,1800000,3600000,712800000,75.24000000000001
132,0.7464464970696614,0.35565049590121567,0.02803041662832519,0.14168801263829112,1800000,3600000,718200000,75.81
133,0.7478981837619508,0.35064545828996857,0.0258609860507154,0.14121650554456688,1800000,3600000,723600000,76.38000000000001
134,0.7471395250294678,0.3535159303350171,0.025497419819608937,0.14074656752457937,1800000,3600000,729000000,76.95
135,0.7455157678333678,0.3562520316278742,0.027204519890455824,0.14027819335679012,1800000,3600000,734400000,77.52000000000001
136,0.7484418046156371,0.3500520172195121,0.02484508498417716,0.13981137783703693,1800000,3600000,739800000,78.09
137,0.7459233099270703,0.3552815669794139,0.027728552888363355,0.13934611577847586,1800000,3600000,745200000,78.66000000000001
138,0.7490348197986081,0.35064665557925484,0.02660838239859077,0.13888240201152371,1800000,3600000,750600000,79.23
139,0.7482029860265069,0.348920813317976,0.02533454278315324,0.13842023138380052,1800000,3600000,756000000,79.80000000000001
140,0.7510614454581012,0.3475995723671192,0.025955982711121445,0.13795959876007233,1800000,3600000,761400000,80.37
141,0.7526195081039356,0.342998521531319,0.026589358899046314,0.13750049902219416,1800000,3600000,766800000,80.94000000000001
142,0.7503166126163202,0.34613529026668083,0.02585024210954593,0.13704292706905308,1800000,3600000,772200000,81.51
143,0.7533429685777822,0.34525707946252704,0.02492405682968743,0.13658687781651155,1800000,3600000,777600000,82.08000000000001
144,0.7521325625171302,0.3453703369016354,0.026378906631395586,0.13613234619735098,1800000,3600000,783000000,82.65
145,0.7505841791532415,0.3461774931535444,0.02516373221956661,0.1356793271612154,1800000,3600000,788400000,83.22000000000001
146,0.7520813684174694,0.3437045675133473,0.02414332882307533,0.1352278156745552,1800000,3600000,793800000,83.79
147,0.75215699108931,0.3503011245644998,0.025281708080515195,0.13477780672057155,1800000,3600000,799200000,84.36000000000001
148,0.754450700441313,0.3439178017956619,0.02481632638659815,0.13432929529916027,1800000,3600000,804600000,84.93
149,0.7532154869214006,0.34756143760205754,0.026129280571812744,0.13388227642685652,1800000,3600000,810000000,85.50000000000001
150,0.7523876446613899,0.34495627838917053,0.02547443503873276,0.13343674513677936,1800000,3600000,815400000,86.07000000000001
151,0.7545525680631218,0.34839258143967433,0.0247273989625883,0.1329926964785765,1800000,3600000,820800000,86.64000000000001
152,0.7543441878501381,0.344899470299911,0.02490205750421871,0.13255012551836945,1800000,3600000,826200000,87.21000000000001
153,0.7551390091382572,0.34360869445162345,0.024264738724016417,0.1321090273386985,1800000,3600000,831600000,87.78000000000002
154,0.754419685595348,0.34380207370258403,0.023913362298593616,0.13166939703846825,1800000,3600000,837000000,88.35000000000001
155,0.7555547434607529,0.34564116028255365,0.023512828545005453,0.13123122973289303,1800000,3600000,842400000,88.92000000000002
156,0.7563282049338574,0.34516108294110104,0.024846921406556508,0.13079452055344276,1800000,3600000,847800000,89.49000000000001
157,0.7562129780988399,0.34335735661193156,0.02295996298531975,0.13035926464778871,1800000,3600000,853200000,90.06000000000002
158,0.7580447328066664,0.34207140951944803,0.02608567087432653,0.12992545717974963,1800000,3600000,858600000,90.63000000000001
159,0.7528421140407796,0.3411128970351138,0.022942013140479906,0.12949309332923814,1800000,3600000,864000000,91.20000000000002
160,0.7568741499564565,0.3449399056541871,0.024177878908652885,0.129062168292207,1800000,3600000,869400000,91.77000000000001
161,0.7585507732863954,0.3442066431288403,0.02283569887625685,0.1286326772805958,1800000,3600000,874800000,92.34
162,0.7566656273105279,0.3435884015591415,0.024178410186163016,0.12820461552227772,1800000,3600000,880200000,92.91000000000001
163,0.7580724873107414,0.346128663613508,0.022819066213057678,0.12777797826100667,1800000,3600000,885600000,93.48
164,0.7565287266664834,0.34083205030306607,0.022748898756576957,0.12735276075636423,1800000,3600000,891000000,94.05000000000001
165,0.7593246772561258,0.3424106794304164,0.023474245560313634,0.12692895828370707,1800000,3600000,896400000,94.62
166,0.7630693982916811,0.33480706553424294,0.023740075321629053,0.12650656613411448,1800000,3600000,901800000,95.19000000000001
167,0.7596881084902245,0.33980166660631944,0.02318969489106517,0.12608557961433597,1800000,3600000,907200000,95.76
168,0.7588062608871908,0.346692646804065,0.023015613912772,0.12566599404673928,1800000,3600000,912600000,96.33000000000001
169,0.7614592078996467,0.3375961470758149,0.02438812967927982,0.12524780476925818,1800000,3600000,918000000,96.9
170,0.7614631441586298,0.3422379568146581,0.022987200619295885,0.12483100713534084,1800000,3600000,923400000,97.47000000000001
171,0.7604514243683027,0.3420207778639695,0.02227069085543903,0.12441559651389816,1800000,3600000,928800000,98.04
172,0.7633707911636693,0.3328989288207789,0.021850994858641497,0.12400156828925231,1800000,3600000,934200000,98.61000000000001
173,0.7624376810798127,0.3365425302377678,0.022433040605273843,0.12358891786108542,1800000,3600000,939600000,99.18
174,0.7609707376856398,0.34371528557954417,0.022033339526191707,0.12317764064438845,1800000,3600000,945000000,99.75000000000001
175,0.7607892178267872,0.33883692745418154,0.02238021040506999,0.12276773206941036,1800000,3600000,950400000,100.32000000000001
176,0.7641311269418499,0.33745340876814384,0.021585813898847932,0.1223591875816072,1800000,3600000,955800000,100.89000000000001
177,0.7640259389070277,0.3303735161405228,0.02297338530123449,0.12195200264159156,1800000,3600000,961200000,101.46000000000001
178,0.7615962229397173,0.3370552581734282,0.02252043413602244,0.12154617272508213,1800000,3600000,966600000,102.03000000000002
179,0.7631339590483196,0.32559717750545464,0.02224239287807991,0.12114169332285347,1800000,3600000,972000000,102.60000000000001
180,0.7614845253927622,0.3406619833699797,0.021837013595883723,0.12073855994068583,1800000,3600000,977400000,103.17000000000002
181,0.7624713194682613,0.3394214332570896,0.022814493356406507,0.12033676809931522,1800000,3600000,982800000,103.74000000000001
182,0.7628316965361299,0.3388463661909748,0.0225507675000967,0.11993631333438377,1800000,3600000,988200000,104.31000000000002
183,0.7637625706976556,0.33830872504994475,0.020392831277125063,0.11953719119638996,1800000,3600000,993600000,104.88000000000001
184,0.7623195347480098,0.33668042437682827,0.021857100230367858,0.11913939725063923,1800000,3600000,999000000,105.45000000000002
185,0.763337754775452,0.33848263259389705,0.01916895596890212,0.11874292707719478,1800000,3600000,1004400000,106.02000000000001
186,0.7666358056499931,0.3375538337233315,0.022243708940332223,0.11834777627082839,1800000,3600000,1009800000,106.59000000000002
187,0.763888865180256,0.3367924879562642,0.020017097186436093,0.11795394044097147,1800000,3600000,1015200000,107.16000000000001
188,0.7650404109381927,0.33009295591409843,0.02072572392630216,0.11756141521166627,1800000,3600000,1020600000,107.73000000000002
189,0.763011443037561,0.3370210252343172,0.021741961314887294,0.11717019622151738,1800000,3600000,1026000000,108.30000000000001
190,0.7679418839005684,0.3297891945440847,0.021850596903899778,0.11678027912364307,1800000,3600000,1031400000,108.87000000000002
191,0.767533283779123,0.3315925511525448,0.020591188293744067,0.11639165958562711,1800000,3600000,1036800000,109.44000000000001
192,0.7655524220732829,0.3414354275055174,0.021264443992593994,0.11600433328947068,1800000,3600000,1042200000,110.01
193,0.7657719970396248,0.3338675484727151,0.021154535957602652,0.11561829593154425,1800000,3600000,1047600000,110.58000000000001
194,0.7654980519401118,0.337003779975261,0.01943605604041292,0.11523354322253988,1800000,3600000,1053000000,111.15
195,0.7663085316425331,0.3310869413357831,0.020505086403110332,0.11485007088742354,1800000,3600000,1058400000,111.72000000000001
196,0.76497164133143,0.3362861245697449,0.018379283227101095,0.11446787466538752,1800000,3600000,1063800000,112.29
197,0.7681885204711332,0.3324327537117496,0.021389230550493448,0.11408695030980319,1800000,3600000,1069200000,112.86000000000001
198,0.7659482217377015,0.33802555518390615,0.018860271273179408,0.11370729358817382,1800000,3600000,1074600000,113.43
199,0.7681087270459731,0.33111253501308396,0.021200355193363947,0.1133289002820875,1800000,3600000,1080000000,114.00000000000001
200,0.7638296776783,0.33700172980822757,0.01940055854365851,0.11295176618717025,1800000,3600000,1085400000,114.57000000000001
201,0.7645512257953408,0.3367730676115874,0.020478984529092897,0.11257588711303934,1800000,3600000,1090800000,115.14000000000001
202,0.7636253875634379,0.33440720216561387,0.019252824486821852,0.11220125888325679,1800000,3600000,1096200000,115.71000000000001
203,0.7653221687355589,0.333240849992183,0.01910084999775764,0.11182787733528282,1800000,3600000,1101600000,116.28000000000002
204,0.766088615635257,0.3349615609742316,0.018854704640232017,0.1114557383204297,1800000,3600000,1107000000,116.85000000000001
205,0.7648450141736562,0.33274399052743,0.021231768749024334,0.11108483770381573,1800000,3600000,1112400000,117.42000000000002
206,0.765979883929583,0.3330080931083165,0.020075548885551738,0.11071517136431909,1800000,3600000,1117800000,117.99000000000001
207,0.7623311090854386,0.34298549511139487,0.020805627032348957,0.11034673519453223,1800000,3600000,1123200000,118.56000000000002
208,0.764206799350992,0.3344937137305491,0.02148182762279438,0.10997952510071608,1800000,3600000,1128600000,119.13000000000001
209,0.763455819274427,0.3331859927440499,0.020741178022373373,0.10961353700275477,1800000,3600000,1134000000,119.70000000000002
210,0.7686398979259399,0.3358408332134428,0.018132874828858548,0.1092487668341101,1800000,3600000,1139400000,120.27000000000001
211,0.7647836048591607,0.33289991234272304,0.018113029340270516,0.10888521054177641,1800000,3600000,1144800000,120.84000000000002
212,0.7658438870424676,0.3358046812813468,0.018782390314471452,0.10852286408623565,1800000,3600000,1150200000,121.41000000000001
213,0.7655043552566542,0.3364994970194208,0.02036342973938723,0.10816172344141232,1800000,3600000,1155600000,121.98000000000002
214,0.7650993482485686,0.3326959294911981,0.019468716595150943,0.1078017845946289,1800000,3600000,1161000000,122.55000000000001
215,0.7680408480304662,0.33358108083442295,0.020078113596070674,0.10744304354656116,1800000,3600000,1166400000,123.12000000000002
216,0.7668167535918178,0.3331858053080663,0.017512232537389556,0.10708549631119377,1800000,3600000,1171800000,123.69000000000001
217,0.7654168697752721,0.33868769632254975,0.018134905073080944,0.10672913891577596,1800000,3600000,1177200000,124.26000000000002
218,0.7667473333310527,0.3352624657807305,0.017873061254037707,0.1063739674007775,1800000,3600000,1182600000,124.83000000000001
219,0.7642646249971278,0.33419896368641266,0.019787889416616494,0.10601997781984454,1800000,3600000,1188000000,125.40000000000002
220,0.7660282483295369,0.3322750494560363,0.01903165338046014,0.10566716623975587,1800000,3600000,1193400000,125.97000000000001
221,0.76579839358909,0.33480979769489694,0.018728218096836977,0.10531552874037918,1800000,3600000,1198800000,126.54000000000002
222,0.7652433822482811,0.3312013009930148,0.017409851178990902,0.10496506141462757,1800000,3600000,1204200000,127.11000000000001
223,0.7629668956503416,0.33844606878523287,0.019202922822255636,0.10461576036841601,1800000,3600000,1209600000,127.68
224,0.766682081435223,0.33152685691238815,0.018558093265891255,0.10426762172061814,1800000,3600000,1215000000,128.25
225,0.7666166308817856,0.33062687181189143,0.01685225316470764,0.10392064160302324,1800000,3600000,1220400000,128.82000000000002
226,0.7644525866177584,0.3421058531504565,0.01707732774706807,0.10357481616029306,1800000,3600000,1225800000,129.39000000000001
227,0.7668248177033792,0.3298995670606433,0.0170197944650622,0.10323014154991914,1800000,3600000,1231200000,129.96
228,0.7649744047080574,0.32935103832157264,0.017348755075031,0.10288661394218003,1800000,3600000,1236600000,130.53
229,0.7654366503740514,0.33302727583472613,0.017762498851917087,0.10254422952009878,1800000,3600000,1242000000,131.10000000000002
230,0.7668160877080157,0.33012115912335527,0.017566187898354284,0.10220298447940052,1800000,3600000,1247400000,131.67000000000002
231,0.7661997376519234,0.3356925424351321,0.018486766235468063,0.10186287502847018,1800000,3600000,1252800000,132.24
232,0.7674758813761968,0.338417970635935,0.018026603392972303,0.10152389738831034,1800000,3600000,1258200000,132.81
233,0.7654598560621306,0.32877058985423785,0.01827189869838661,0.1011860477924993,1800000,3600000,1263600000,133.38000000000002
234,0.766965408593815,0.3323715300073127,0.019698611061916595,0.10084932248714917,1800000,3600000,1269000000,133.95000000000002
235,0.7664826289513025,0.3313119547291448,0.017126284154841916,0.10051371773086425,1800000,3600000,1274400000,134.52
236,0.7663787241375684,0.33712999108804553,0.017062648365867465,0.1001792297946993,1800000,3600000,1279800000,135.09
237,0.7657459557897287,0.3363100432602406,0.018068259875128494,0.09984585496211829,1800000,3600000,1285200000,135.66000000000003
238,0.7650955995234932,0.3355929911136523,0.018032678189152423,0.09951358952895295,1800000,3600000,1290600000,136.23000000000002
239,0.7651254489168812,0.3389716861019109,0.01908848759429777,0.09918242980336175,1800000,3600000,1296000000,136.8
240,0.7659213227182983,0.33699536344545167,0.018167340734068567,0.09885237210578875,1800000,3600000,1301400000,137.37
241,0.7659702198737579,0.33302687584009527,0.016378995459506898,0.09852341276892282,1800000,3600000,1306800000,137.94000000000003
242,0.7712354240800959,0.3242975748364771,0.017858619254516886,0.09819554813765684,1800000,3600000,1312200000,138.51000000000002
243,0.7661451802701469,0.3316268106784199,0.016479595280490197,0.09786877456904704,1800000,3600000,1317600000,139.08
244,0.7647525606561043,0.33451749870199243,0.017088392520288345,0.09754308843227269,1800000,3600000,1323000000,139.65
245,0.7665372050948515,0.3344312135110894,0.016897505178056098,0.09721848610859557,1800000,3600000,1328400000,140.22000000000003
246,0.7646591910951627,0.33215077569002366,0.01607861914426305,0.09689496399131985,1800000,3600000,1333800000,140.79000000000002
247,0.7647256651561691,0.3332827668780413,0.018130201041537324,0.09657251848575199,1800000,3600000,1339200000,141.36
248,0.766005020833057,0.33413949100987506,0.015587739005960903,0.09625114600916085,1800000,3600000,1344600000,141.93
249,0.7670041822576614,0.3324738601228622,0.014037014902800925,0.09593084299073784,1800000,3600000,1350000000,142.50000000000003
250,0.7647406763857042,0.34050326447079593,0.01621868923879722,0.0956116058715572,1800000,3600000,1355400000,143.07000000000002
251,0.7663171919404244,0.3329627859502766,0.01772734797741698,0.0952934311045366,1800000,3600000,1360800000,143.64000000000001
252,0.7675400807584983,0.3247064661374056,0.014621875461403694,0.09497631515439754,1800000,3600000,1366200000,144.21
253,0.7660388999768165,0.334464501154887,0.016931386409801664,0.0946602544976262,1800000,3600000,1371600000,144.78000000000003
254,0.764910792511643,0.33688271619973525,0.015946221203931417,0.09434524562243425,1800000,3600000,1377000000,145.35000000000002
255,0.7657198414152667,0.33297108743862563,0.015328350989016195,0.09403128502871988,1800000,3600000,1382400000,145.92000000000002
256,0.7637096199889556,0.3382793816290688,0.017073837140963655,0.09371836922802874,1800000,3600000,1387800000,146.49
257,0.7677535129964945,0.33257270636329667,0.01558050587360179,0.09340649474351545,1800000,3600000,1393200000,147.06
258,0.7652087954784783,0.3366952547982778,0.015297617920061537,0.09309565810990474,1800000,3600000,1398600000,147.63000000000002
259,0.7693726129175006,0.33051812192447233,0.017224925343325037,0.09278585587345302,1800000,3600000,1404000000,148.20000000000002
260,0.7687072558919527,0.330877962960355,0.016350353917044563,0.09247708459191002,1800000,3600000,1409400000,148.77
261,0.7645380318247793,0.3377784021831903,0.017357793830705105,0.09216934083448058,1800000,3600000,1414800000,149.34
262,0.7657942099853299,0.3366607586011642,0.016896034546994076,0.09186262118178642,1800000,3600000,1420200000,149.91000000000003
263,0.764890277500984,0.3333042610045671,0.015001954258816686,0.09155692222582827,1800000,3600000,1425600000,150.48000000000002
264,0.7681626309158446,0.3300433286559815,0.017523039562239644,0.0912522405699479,1800000,3600000,1431000000,151.05
265,0.7684303681789352,0.3343016777682626,0.015188334014773604,0.09094857282879044,1800000,3600000,1436400000,151.62
266,0.765057451697745,0.3289084842046861,0.015936451036272115,0.09064591562826678,1800000,3600000,1441800000,152.19000000000003
267,0.7649422319241571,0.33576400420275293,0.013819878407379011,0.090344265605516,1800000,3600000,1447200000,152.76000000000002
268,0.7655728559425896,0.3369571639834701,0.015286074679391692,0.0900436194088681,1800000,3600000,1452600000,153.33
269,0.7665524837511011,0.33039312549404787,0.014325608561186969,0.08974397369780665,1800000,3600000,1458000000,153.9
270,0.7629088539697793,0.3419151405818588,0.018062659301102558,0.08944532514293181,1800000,3600000,1463400000,154.47000000000003
271,0.7634458527777188,0.3247781374569699,0.01542465684511592,0.08914767042592323,1800000,3600000,1468800000,155.04000000000002
272,0.7667137088889094,0.3351521903980483,0.01465447913507774,0.08885100623950319,1800000,3600000,1474200000,155.61
273,0.7665161381552296,0.33604926132505997,0.014364023089125065,0.08855532928739991,1800000,3600000,1479600000,156.18
274,0.7659528337027155,0.33432723048633844,0.014017591515613341,0.08826063628431091,1800000,3600000,1485000000,156.75000000000003
275,0.7664893543535287,0.3387647741049767,0.015817149653940658,0.08796692395586642,1800000,3600000,1490400000,157.32000000000002
276,0.766190271680814,0.33346000122885155,0.013131209466171549,0.08767418903859311,1800000,3600000,1495800000,157.89000000000001
277,0.7668165457369757,0.32950884151530024,0.014626498513304014,0.0873824282798778,1800000,3600000,1501200000,158.46
278,0.7670396879353187,0.32808937243056446,0.015502347552083724,0.08709163843793126,1800000,3600000,1506600000,159.03000000000003
279,0.7645521514115673,0.3338740493816219,0.01395956779625136,0.08680181628175224,1800000,3600000,1512000000,159.60000000000002
280,0.7677990964121181,0.32660598037586536,0.013829313083036587,0.08651295859109161,1800000,3600000,1517400000,160.17000000000002
281,0.7673919356633865,0.3367119757909747,0.013566473184662215,0.0862250621564165,1800000,3600000,1522800000,160.74
282,0.7662017951729128,0.3345357014127037,0.015455567909055695,0.08593812377887465,1800000,3600000,1528200000,161.31000000000003
283,0.7650783111187149,0.3399273200919027,0.014703988602716414,0.08565214027025891,1800000,3600000,1533600000,161.88000000000002
284,0.7658218043376162,0.33927399793147817,0.015595020764830374,0.08536710845297184,1800000,3600000,1539000000,162.45000000000002
285,0.766801219193358,0.33696187410951267,0.012112847902210334,0.08508302515999028,1800000,3600000,1544400000,163.02
286,0.7643840849106288,0.33491208584411636,0.01446109198108654,0.08479988723483026,1800000,3600000,1549800000,163.59000000000003
287,0.7662473536449579,0.33485494237562585,0.015641291015831994,0.08451769153151197,1800000,3600000,1555200000,164.16000000000003
288,0.7656883682937268,0.32877799184323087,0.013884297933877021,0.08423643491452465,1800000,3600000,1560600000,164.73000000000002
289,0.7636727259069341,0.336485918992916,0.012726022070286055,0.08395611425879189,1800000,3600000,1566000000,165.3
290,0.7661443736998371,0.3356765468759699,0.012506518441296927,0.08367672644963688,1800000,3600000,1571400000,165.87
291,0.7646903350016833,0.33975560890469186,0.012365539745828285,0.08339826838274775,1800000,3600000,1576800000,166.44000000000003
292,0.7657229691757533,0.3397736863015965,0.013330128236871751,0.08312073696414307,1800000,3600000,1582200000,167.01000000000002
293,0.7654860670254562,0.3355148379070225,0.014472917124220702,0.08284412911013761,1800000,3600000,1587600000,167.58
294,0.7651571319746949,0.33332816523751746,0.015074552516504039,0.0825684417473079,1800000,3600000,1593000000,168.15
295,0.767170522554662,0.3333884813620214,0.013574340157064498,0.08229367181245818,1800000,3600000,1598400000,168.72000000000003
296,0.7652376568885695,0.3296644185839337,0.013979510747722156,0.08201981625258635,1800000,3600000,1603800000,169.29000000000002
297,0.7662552118832218,0.33252386485661156,0.012099686065480961,0.08174687202485005,1800000,3600000,1609200000,169.86
298,0.7654380200421222,0.33494519502553527,0.014770552221898308,0.08147483609653282,1800000,3600000,1614600000,170.43
299,0.7621043333070555,0.33893905590607076,0.014141460876854499,0.08120370544501043,1800000,3600000,1620000000,171.00000000000003
300,0.7666313297561569,0.33765490546977556,0.014295845627697796,0.08093347705771732,1800000,3600000,1625400000,171.57000000000002
301,0.7672328333479882,0.3353343908735141,0.013477503657428903,0.08066414793211302,1800000,3600000,1630800000,172.14000000000001
302,0.7665377821734742,0.33377045321587706,0.013804652655328067,0.080395715075649,1800000,3600000,1636200000,172.71
303,0.7662214731043144,0.3322454811892634,0.01327389931448462,0.08012817550573513,1800000,3600000,1641600000,173.28000000000003
304,0.7645746997098181,0.3338105813228664,0.0157949164371778,0.0798615262497068,1800000,3600000,1647000000,173.85000000000002
305,0.7619383699885189,0.3385834073469388,0.013069676994670834,0.07959576434479178,1800000,3600000,1652400000,174.42000000000002
306,0.7650960548129365,0.3322928185769439,0.012487074822058705,0.07933088683807722,1800000,3600000,1657800000,174.99
307,0.7672013834860308,0.3352812538945533,0.01282580117689554,0.07906689078647704,1800000,3600000,1663200000,175.56000000000003
308,0.76711931606278,0.33083503456782964,0.011841207453307412,0.07880377325669904,1800000,3600000,1668600000,176.13000000000002
309,0.7641214307404371,0.3431063217053625,0.012597566622650897,0.07854153132521242,1800000,3600000,1674000000,176.70000000000002
310,0.766739652934195,0.32924572465987806,0.011501855031479616,0.07828016207821521,1800000,3600000,1679400000,177.27
311,0.7642133943865846,0.334575075954664,0.011074418246565815,0.07801966261160202,1800000,3600000,1684800000,177.84000000000003
312,0.7677028394467722,0.32701949234767014,0.012840394596101354,0.07776003003093164,1800000,3600000,1690200000,178.41000000000003
313,0.762902431424244,0.3383409950815579,0.01238949974080823,0.07750126145139492,1800000,3600000,1695600000,178.98000000000002
314,0.7655964572864434,0.3346829651134335,0.012556297433627007,0.07724335399778277,1800000,3600000,1701000000,179.55
315,0.7656456351029979,0.33997976200332963,0.013373989504177166,0.07698630480445418,1800000,3600000,1706400000,180.12000000000003
316,0.7675629029859719,0.3342583604702655,0.013196355027487453,0.07673011101530436,1800000,3600000,1711800000,180.69000000000003
317,0.7660076037486845,0.3335465778743818,0.014124313733792214,0.07647476978373298,1800000,3600000,1717200000,181.26000000000002
318,0.7670470643894466,0.33137128498159724,0.013551703124001276,0.07622027827261263,1800000,3600000,1722600000,181.83
319,0.7663884176236285,0.33617175666955,0.011950166914825772,0.07596663365425728,1800000,3600000,1728000000,182.40000000000003
320,0.7642642558840731,0.33714782809240956,0.011463592183270848,0.07571383311039072,1800000,3600000,1733400000,182.97000000000003
321,0.7647402169093045,0.33894116483657133,0.011200494405207765,0.07546187383211546,1800000,3600000,1738800000,183.54000000000002
322,0.7651661569752725,0.3351321364084327,0.011294134409923096,0.07521075301988138,1800000,3600000,1744200000,184.11
323,0.7658069327457327,0.33392745370126226,0.012957177560403545,0.07496046788345459,1800000,3600000,1749600000,184.68
324,0.7640131568722023,0.3323885032877664,0.012197701009047488,0.0747110156418866,1800000,3600000,1755000000,185.25000000000003
325,0.7646116861770542,0.3368019166409363,0.012474373836199069,0.07446239352348329,1800000,3600000,1760400000,185.82000000000002
326,0.7633039275044723,0.33372400560789434,0.010856753368945033,0.07421459876577408,1800000,3600000,1765800000,186.39000000000001
327,0.7671330715582327,0.3295342811977592,0.013574915760847869,0.07396762861548134,1800000,3600000,1771200000,186.96
328,0.7641535059440918,0.33279265975093275,0.009279212288042935,0.07372148032848977,1800000,3600000,1776600000,187.53000000000003
329,0.7645425741832004,0.33273997282618883,0.013113276055969583,0.07347615116981583,1800000,3600000,1782000000,188.10000000000002
330,0.7663690197853681,0.333573357194476,0.012493567014178447,0.07323163841357751,1800000,3600000,1787400000,188.67000000000002
331,0.7674570136529741,0.3342947806853165,0.01199167539953249,0.07298793934296385,1800000,3600000,1792800000,189.24
332,0.7655747839240167,0.3311536109634149,0.012219731249988746,0.0727450512502049,1800000,3600000,1798200000,189.81000000000003
333,0.7639721103414051,0.3375338498341428,0.013956874063801573,0.0725029714365416,1800000,3600000,1803600000,190.38000000000002
334,0.7660236138611233,0.3336226641890031,0.011073990505297917,0.07226169721219572,1800000,3600000,1809000000,190.95000000000002
335,0.7641877023062743,0.33539016758015433,0.012228279374911421,0.07202122589634008,1800000,3600000,1814400000,191.52
336,0.76754504787935,0.3306796739280028,0.011533259269826075,0.07178155481706869,1800000,3600000,1819800000,192.09000000000003
337,0.7649117827342877,0.33731951065334337,0.01157292407141288,0.0715426813113671,1800000,3600000,1825200000,192.66000000000003
338,0.7671878999471369,0.3386942233849092,0.011655066475725553,0.07130460272508277,1800000,3600000,1830600000,193.23000000000002
339,0.7647611220729295,0.33499875329071394,0.012397121442730365,0.07106731641289565,1800000,3600000,1836000000,193.8
340,0.768718184331812,0.33105105188545814,0.01237940052513622,0.0708308197382887,1800000,3600000,1841400000,194.37000000000003
341,0.7680934460734087,0.329406497464121,0.010696915853556364,0.07059511007351867,1800000,3600000,1846800000,194.94000000000003
342,0.7647504948104749,0.33647957234949977,0.009994995317504545,0.07036018479958688,1800000,3600000,1852200000,195.51000000000002
343,0.7633084419830354,0.33627243241281735,0.011357547973663227,0.07012604130621002,1800000,3600000,1857600000,196.08
344,0.7651495172836629,0.3351251798582987,0.012478027273849508,0.06989267699179139,1800000,3600000,1863000000,196.65000000000003
345,0.7659209737197764,0.33306282921385694,0.011991730585765952,0.06966008926339172,1800000,3600000,1868400000,197.22000000000003
346,0.7647544761805278,0.335901064603987,0.01201016183526628,0.06942827553670051,1800000,3600000,1873800000,197.79000000000002
347,0.7645325600158361,0.33974334324022254,0.011473758210178367,0.06919723323600736,1800000,3600000,1879200000,198.36
348,0.7655715636531952,0.3371258092335815,0.012058559360938486,0.06896695979417317,1800000,3600000,1884600000,198.93000000000004
349,0.7650166223062259,0.33615411533718426,0.01030497675728187,0.06873745265260178,1800000,3600000,1890000000,199.50000000000003
350,0.7632067086273624,0.3380070801321288,0.011526071936946727,0.06850870926121148,1800000,3600000,1895400000,200.07000000000002
351,0.7673270722423569,0.33134633957827453,0.012579545365071809,0.06828072707840671,1800000,3600000,1900800000,200.64000000000001
352,0.7665335262945143,0.3311063844954419,0.011098592242927027,0.06805350357104971,1800000,3600000,1906200000,201.21
353,0.7652671213209623,0.33869150351666444,0.010710679016664197,0.06782703621443252,1800000,3600000,1911600000,201.78000000000003
354,0.765465520531545,0.3340770989125435,0.01147162214918567,0.06760132249224887,1800000,3600000,1917000000,202.35000000000002
355,0.7651075826546815,0.33123920148711516,0.011043261319269708,0.06737635989656618,1800000,3600000,1922400000,202.92000000000002
356,0.7660250144462795,0.3404860683664382,0.011370236014353422,0.06715214592779772,1800000,3600000,1927800000,203.49
357,0.7659492976591523,0.3355501778779743,0.011225807021173744,0.0669286780946749,1800000,3600000,1933200000,204.06000000000003
358,0.7653391038790344,0.3368894097777271,0.011355619303582322,0.06670595391421945,1800000,3600000,1938600000,204.63000000000002
359,0.7648038409527509,0.334694387893503,0.012533317055889268,0.066483970911716,1800000,3600000,1944000000,205.20000000000002
360,0.7668222314696661,0.3333465576337829,0.010932934698726512,0.06626272662068447,1800000,3600000,1949400000,205.77
361,0.7631982589799279,0.3383035894472095,0.008836707666076717,0.06604221858285264,1800000,3600000,1954800000,206.34000000000003
362,0.7669402079112301,0.3265104319491884,0.008931304631514769,0.06582244434812895,1800000,3600000,1960200000,206.91000000000003
363,0.765817657669206,0.3360261317702125,0.010941566813780695,0.06560340147457523,1800000,3600000,1965600000,207.48000000000002
364,0.7672486248271638,0.33100231378776834,0.009420546438614919,0.06538508752837947,1800000,3600000,1971000000,208.05
365,0.7655902995375591,0.339049509315594,0.010497250806008865,0.06516750008382895,1800000,3600000,1976400000,208.62000000000003
366,0.7647162425514635,0.33097188159051105,0.010392141288441197,0.06495063672328313,1800000,3600000,1981800000,209.19000000000003
367,0.7685681736340766,0.33349511628576994,0.010763973507560946,0.0647344950371469,1800000,3600000,1987200000,209.76000000000002
368,0.766153567481124,0.3311109392182764,0.01096384176831216,0.06451907262384375,1800000,3600000,1992600000,210.33
369,0.7667122817254042,0.33452899580080275,0.010846550565201674,0.06430436708978908,1800000,3600000,1998000000,210.90000000000003
370,0.7654206559401108,0.3370680463552518,0.00965858417461355,0.06409037604936363,1800000,3600000,2003400000,211.47000000000003
371,0.7627236670392104,0.33669639327695755,0.009085592431615469,0.063877097124887,1800000,3600000,2008800000,212.04000000000002
372,0.7649396765602131,0.33810152447879227,0.009338413503228733,0.06366452794659114,1800000,3600000,2014200000,212.61
373,0.7675802169292343,0.3334246801395089,0.008593433221831752,0.06345266615259412,1800000,3600000,2019600000,213.18000000000004
374,0.7648852998364812,0.336742200161302,0.011185059256879317,0.06324150938887384,1800000,3600000,2025000000,213.75000000000003
375,0.7617913544647809,0.33896630809279127,0.008329687272592083,0.06303105530924182,1800000,3600000,2030400000,214.32000000000002
376,0.764262988397344,0.3274811585082605,0.009385265644181627,0.06282130157531728,1800000,3600000,2035800000,214.89000000000001
377,0.7681563186763234,0.33647503602951895,0.00834487405135177,0.06261224585650099,1800000,3600000,2041200000,215.46000000000004
378,0.7671325932269362,0.333902023252257,0.008497281799435121,0.06240388582994949,1800000,3600000,2046600000,216.03000000000003
379,0.7657154865229124,0.337351057176448,0.010680389537855219,0.06219621918054922,1800000,3600000,2052000000,216.60000000000002
380,0.7655096088335879,0.3362548284964273,0.00980854096586089,0.061989243600890837,1800000,3600000,2057400000,217.17000000000002
381,0.7618071897187925,0.33957163621856545,0.010409953494920347,0.06178295679124355,1800000,3600000,2062800000,217.74000000000004
382,0.7653837461166643,0.3314467550113893,0.009712802437441957,0.06157735645952957,1800000,3600000,2068200000,218.31000000000003
383,0.7678775009194364,0.33482299898509593,0.0078608041817929,0.061372440321298655,1800000,3600000,2073600000,218.88000000000002
384,0.7672130538828247,0.3357660202759463,0.009268895195317414,0.06116820609970271,1800000,3600000,2079000000,219.45000000000002
385,0.7641915258918821,0.34062608082877927,0.009387656152423002,0.0609646515254705,1800000,3600000,2084400000,220.02
386,0.7634270505735908,0.3350051680655322,0.010210002098189187,0.060761774336882464,1800000,3600000,2089800000,220.59000000000003
387,0.7640431642088624,0.33648591015891804,0.007773027937964792,0.06055957227974552,1800000,3600000,2095200000,221.16000000000003
388,0.7675453695812751,0.3294063523871511,0.009587675983323952,0.06035804310736805,1800000,3600000,2100600000,221.73000000000002
389,0.7656374706974532,0.33829107420684845,0.011681684157808072,0.060157184580534956,1800000,3600000,2106000000,222.3
390,0.7640764237169566,0.3336963442491804,0.008922695235427247,0.05995699446748277,1800000,3600000,2111400000,222.87000000000003
391,0.7663406510972215,0.33025969906127417,0.009593833619646426,0.05975747054387485,1800000,3600000,2116800000,223.44000000000003
392,0.7696701198298321,0.3308629296112903,0.009987659432925457,0.05955861059277665,1800000,3600000,2122200000,224.01000000000002
393,0.7680505329314259,0.3295727985739516,0.01132896072922595,0.0593604124046311,1800000,3600000,2127600000,224.58
394,0.7642730841242378,0.33498967936026486,0.009544750597937576,0.0591628737772341,1800000,3600000,2133000000,225.15000000000003
395,0.7636316308223682,0.3377333815147058,0.010423076390183278,0.05896599251570996,1800000,3600000,2138400000,225.72000000000003
396,0.7647565702287251,0.3353410697847624,0.010067729658484056,0.058769766432487075,1800000,3600000,2143800000,226.29000000000002
397,0.7663304991229943,0.33680666444817503,0.008476973560796274,0.05857419334727365,1800000,3600000,2149200000,226.86
398,0.7661237571986426,0.3333026019150298,0.009170775127823718,0.05837927108703333,1800000,3600000,2154600000,227.43000000000004
399,0.766109282117571,0.3355951614269094,0.009471587009693945,0.05818499748596127,1800000,3600000,2160000000,228.00000000000003
400,0.7660943977110029,0.3315501196512411,0.009940843148273029,0.05799137038545989,1800000,3600000,2165400000,228.57000000000002
401,0.7655407860789589,0.3355573634895533,0.008476038685511451,0.05779838763411496,1800000,3600000,2170800000,229.14000000000001
402,0.7669394625680249,0.33314956079226615,0.008945103566267577,0.05760604708767172,1800000,3600000,2176200000,229.71000000000004
403,0.7664943452481475,0.33403650325274487,0.010619182149971014,0.057414346609011,1800000,3600000,2181600000,230.28000000000003
404,0.7669261775461675,0.33252741760578536,0.009009010572317415,0.05722328406812549,1800000,3600000,2187000000,230.85000000000002
405,0.7655980247197011,0.3360205503915618,0.009231703666382597,0.05703285734209613,1800000,3600000,2192400000,231.42000000000002
406,0.7680932591867584,0.3339651896017251,0.00918444100144823,0.05684306431506844,1800000,3600000,2197800000,231.99000000000004
407,0.7649847225727913,0.3295616644119136,0.010091921189838262,0.05665390287822906,1800000,3600000,2203200000,232.56000000000003
408,0.767255299799716,0.3354264489354197,0.009195070424414899,0.056465370929782294,1800000,3600000,2208600000,233.13000000000002
409,0.7650098586638024,0.3345530588762039,0.009555850829238299,0.05627746637492678,1800000,3600000,2214000000,233.70000000000002
410,0.7658124280893709,0.33712632656248537,0.008920128302844466,0.05609018712583219,1800000,3600000,2219400000,234.27000000000004
411,0.7655142727627372,0.3337802627160513,0.008566394294205013,0.05590353110161606,1800000,3600000,2224800000,234.84000000000003
412,0.7649204677925924,0.3386419514359394,0.008124668004467506,0.05571749622832065,1800000,3600000,2230200000,235.41000000000003
413,0.7652289955076109,0.33541517726232073,0.008179807382410859,0.05553208043888989,1800000,3600000,2235600000,235.98000000000002
414,0.7670170387529581,0.33704177490980675,0.008566707935419972,0.05534728167314643,1800000,3600000,2241000000,236.55000000000004
415,0.7650324482564828,0.3300095832905176,0.00888818847273715,0.05516309787776877,1800000,3600000,2246400000,237.12000000000003
416,0.7670950347635676,0.3350854173576562,0.007969348823990969,0.05497952700626836,1800000,3600000,2251800000,237.69000000000003
417,0.765200486168405,0.3329615770258282,0.007848697110410219,0.054796567018967006,1800000,3600000,2257200000,238.26000000000002
418,0.766205048537665,0.3385108642716577,0.006169582465523512,0.05461421588297405,1800000,3600000,2262600000,238.83
419,0.7638130292732555,0.3318628624496377,0.010083060693632868,0.05443247157216389,1800000,3600000,2268000000,239.40000000000003
420,0.7673725775885547,0.3277400711651176,0.009877178993773593,0.05425133206715343,1800000,3600000,2273400000,239.97000000000003
421,0.7663876687076098,0.3341640286486886,0.009483944907934149,0.05407079535527962,1800000,3600000,2278800000,240.54000000000002
422,0.7665216368505727,0.3343534656310797,0.008515417425430489,0.05389085943057717,1800000,3600000,2284200000,241.11
423,0.7637180115547814,0.331705851867448,0.009246858755163845,0.05371152229375616,1800000,3600000,2289600000,241.68000000000004
424,0.7658136379165406,0.33833845817119373,0.008561893223268497,0.053532781952179885,1800000,3600000,2295000000,242.25000000000003
425,0.7670522708265426,0.33636388142807677,0.007330816459321299,0.05335463641984271,1800000,3600000,2300400000,242.82000000000002
426,0.7671337584171422,0.3326647298342868,0.007324995928888954,0.05317708371734802,1800000,3600000,2305800000,243.39000000000001
427,0.7633217111563834,0.33346004630275655,0.00862904152405736,0.05300012187188616,1800000,3600000,2311200000,243.96000000000004
428,0.7626577643249671,0.340010859171738,0.007833020106779779,0.05282374891721258,1800000,3600000,2316600000,244.53000000000003
429,0.7651881731705212,0.341504679278499,0.008574393792883172,0.052647962893626,1800000,3600000,2322000000,245.10000000000002
430,0.7637217949727458,0.3375443963845521,0.00719309597076408,0.05247276184794653,1800000,3600000,2327400000,245.67000000000002
431,0.7647781305285924,0.33937802383608784,0.008250138053850003,0.05229814383349411,1800000,3600000,2332800000,246.24000000000004
432,0.7670089341476711,0.3342265792641453,0.007460095233512813,0.05212410691006679,1800000,3600000,2338200000,246.81000000000003
433,0.7660262465940585,0.33604483820663955,0.008726632691729332,0.051950649143919156,1800000,3600000,2343600000,247.38000000000002
434,0.7649208388345475,0.333336677821519,0.008381466817005816,0.05177776860774092,1800000,3600000,2349000000,247.95000000000002
435,0.7682980368910884,0.32936592210984617,0.008669683771089244,0.051605463380635486,1800000,3600000,2354400000,248.52000000000004
436,0.7647312497469411,0.33723700277115254,0.007689387489938025,0.05143373154809852,1800000,3600000,2359800000,249.09000000000003
437,0.7672142723673435,0.32486863768681273,0.008055004871552137,0.051262571201996794,1800000,3600000,2365200000,249.66000000000003
438,0.7686007137800238,0.3342167242888299,0.00848514249433565,0.05109198044054694,1800000,3600000,2370600000,250.23000000000002
439,0.7658013298720935,0.33477675287467584,0.009322578972038476,0.05092195736829428,1800000,3600000,2376000000,250.80000000000004
440,0.7659168001818801,0.3331231897864865,0.008744130146745193,0.05075250009609183,1800000,3600000,2381400000,251.37000000000003
441,0.7646341875165099,0.34018826627045984,0.007065696473751585,0.05058360674107924,1800000,3600000,2386800000,251.94000000000003
442,0.767399620877226,0.33327782521419014,0.0067931780961326075,0.05041527542666197,1800000,3600000,2392200000,252.51000000000002
443,0.7640749703482269,0.33198568690720015,0.009503984679308049,0.05024750428249035,1800000,3600000,2397600000,253.08000000000004
444,0.7669099295357705,0.334464112729635,0.00511509943352744,0.050080291444438804,1800000,3600000,2403000000,253.65000000000003
445,0.7648853849624249,0.33589038950028444,0.007704412048774878,0.0499136350545852,1800000,3600000,2408400000,254.22000000000003
446,0.7663804718835644,0.33399645406611134,0.00930351981754394,0.04974753326119018,1800000,3600000,2413800000,254.79000000000002
447,0.7646751616341296,0.33256894815711646,0.008170005837751473,0.04958198421867652,1800000,3600000,2419200000,255.36
448,0.7634694564415552,0.34008793495367456,0.006898542290061083,0.04941698608760872,1800000,3600000,2424600000,255.93000000000004
449,0.7652162023213178,0.33637036077649524,0.007482573443672175,0.04925253703467255,1800000,3600000,2430000000,256.5
450,0.7662602726748078,0.33921006158812567,0.006999828980455179,0.04908863523265456,1800000,3600000,2435400000,257.07000000000005
451,0.7676589376846009,0.33230571196189623,0.009480027713691329,0.04892527886042197,1800000,3600000,2440800000,257.64000000000004
452,0.7639859585000327,0.336562930339742,0.007888196964093083,0.048762466102902295,1800000,3600000,2446200000,258.21000000000004
453,0.767477301773541,0.32680005920057964,0.008300525034768896,0.0486001951510632,1800000,3600000,2451600000,258.78000000000003
454,0.7645627770910636,0.334350728435451,0.005805584385282695,0.04843846420189246,1800000,3600000,2457000000,259.35
455,0.764728102795538,0.33564814601686577,0.006823539082796762,0.04827727145837786,1800000,3600000,2462400000,259.92
456,0.7658172789795743,0.33634648310988297,0.008200979953964741,0.04811661512948724,1800000,3600000,2467800000,260.49
457,0.7679275294284137,0.33798206722454865,0.010352754129259997,0.047956493430148656,1800000,3600000,2473200000,261.06
458,0.767038754312043,0.33107245521286766,0.00909443313673139,0.047796904581230454,1800000,3600000,2478600000,261.63000000000005
459,0.7659222476106485,0.33417854425285193,0.008056801204486274,0.04763784680952156,1800000,3600000,2484000000,262.20000000000005
460,0.7667870203171844,0.33204163589205155,0.006288967860120129,0.04747931834771174,1800000,3600000,2489400000,262.77000000000004
461,0.7679234803632101,0.32907925542277866,0.009168269538422407,0.04732131743437206,1800000,3600000,2494800000,263.34000000000003
462,0.7672171098825553,0.33491438519308525,0.006686496992354287,0.047163842313935146,1800000,3600000,2500200000,263.91
463,0.7664046802281456,0.3353264330433807,0.00589354324519782,0.04700689123667585,1800000,3600000,2505600000,264.48
464,0.7638656478192642,0.34161665032664384,0.007056863005771949,0.04685046245869167,1800000,3600000,2511000000,265.05
465,0.7648266903578546,0.33473836173812505,0.006493582917922893,0.04669455424188347,1800000,3600000,2516400000,265.62
466,0.7657501375942107,0.3300406814184644,0.006127829117266894,0.04653916485393615,1800000,3600000,2521800000,266.19000000000005
467,0.7659046001955716,0.3368573966242442,0.005021207218327084,0.046384292568299325,1800000,3600000,2527200000,266.76000000000005
468,0.7662182308267351,0.3364684403144743,0.006013873952182826,0.04622993566416824,1800000,3600000,2532600000,267.33000000000004
469,0.7659098021473258,0.33216374144478233,0.006298265495456746,0.046076092426464606,1800000,3600000,2538000000,267.90000000000003
470,0.7667168766124809,0.3320690762704725,0.006286826812508691,0.04592276114581752,1800000,3600000,2543400000,268.47
471,0.7631482467961137,0.3356272879100441,0.007877634835993363,0.0457699401185445,1800000,3600000,2548800000,269.04
472,0.7638645359074155,0.3369140496904381,0.007118978109986953,0.04561762764663259,1800000,3600000,2554200000,269.61
473,0.7662035673602966,0.3334265954329225,0.0063342945312666295,0.045465822037719386,1800000,3600000,2559600000,270.18
474,0.7625101938473353,0.334792959093084,0.005877177469956756,0.045314521605074355,1800000,3600000,2565000000,270.75000000000006
475,0.7683068609772956,0.3368148555327234,0.0054107543095044865,0.04516372466758004,1800000,3600000,2570400000,271.32000000000005
476,0.7656775583637048,0.3337606815911743,0.006189220455820023,0.04501342954971334,1800000,3600000,2575800000,271.89000000000004
477,0.7667889410915487,0.3304971176723172,0.007769715369163549,0.04486363458152695,1800000,3600000,2581200000,272.46000000000004
478,0.7653418889785432,0.3344341015990202,0.008574170949947843,0.044714338098630825,1800000,3600000,2586600000,273.03000000000003
479,0.7676335535678392,0.3302445163904459,0.007309401865371282,0.04456553844217358,1800000,3600000,2592000000,273.6
480,0.7671570595840674,0.33398295783399107,0.005973728073179545,0.04441723395882419,1800000,3600000,2597400000,274.17
481,0.7665004352888426,0.3330078985417263,0.008317937597630073,0.04426942300075353,1800000,3600000,2602800000,274.74
482,0.7669232492303988,0.333413692442942,0.0068049514372811905,0.04412210392561611,1800000,3600000,2608200000,275.31
483,0.76518338038383,0.33937092450717227,0.00582554739326523,0.04397527509653179,1800000,3600000,2613600000,275.88000000000005
484,0.7648978622916724,0.334799133341925,0.007768226775416994,0.043828934882067634,1800000,3600000,2619000000,276.45000000000005
485,0.7664648093837713,0.33080550832756483,0.0043384000203906025,0.043683081656219744,1800000,3600000,2624400000,277.02000000000004
486,0.764266495235168,0.334318374794051,0.00742966173680938,0.043537713798395224,1800000,3600000,2629800000,277.59000000000003
487,0.7678755202852541,0.33653265593076975,0.006975957305488687,0.04339282969339417,1800000,3600000,2635200000,278.16
488,0.7653166257434149,0.3319855057372407,0.005815618808232137,0.04324842773139169,1800000,3600000,2640600000,278.73
489,0.7647687873866507,0.3334977029631271,0.006652487419769984,0.04310450630792006,1800000,3600000,2646000000,279.3
490,0.7643273654901109,0.34061010029676275,0.006375728160489609,0.04296106382385086,1800000,3600000,2651400000,279.87
491,0.7658380124690446,0.3353370619875193,0.005876925103194625,0.042818098685377254,1800000,3600000,2656800000,280.44000000000005
492,0.7643860512881975,0.3324311516606854,0.006375197961869181,0.04267560930399622,1800000,3600000,2662200000,281.01000000000005
493,0.7658028151624346,0.3411122527808886,0.008813422741061876,0.04253359409649095,1800000,3600000,2667600000,281.58000000000004
494,0.7651318319186655,0.3333822919769615,0.006553555257598241,0.04239205148491322,1800000,3600000,2673000000,282.15000000000003
495,0.7661093913797684,0.3285509264772931,0.004847560394196275,0.04225097989656591,1800000,3600000,2678400000,282.72
496,0.7672059958391497,0.3325704381031346,0.003021286959395264,0.042110377763985456,1800000,3600000,2683800000,283.29
497,0.7657466657298055,0.33551481108634335,0.005739146603201762,0.041970243524924504,1800000,3600000,2689200000,283.86
498,0.766089468115037,0.33565349643093273,0.0064330915636286205,0.04183057562233452,1800000,3600000,2694600000,284.43
499,0.7623470385864637,0.3394853270853592,0.006319369973971068,0.04169137250434846,1800000,3600000,2700000000,285.00000000000006
500,0.765598486383501,0.3334463867819933,0.007305601066025994,0.041552632624263605,1800000,3600000,2705400000,285.57000000000005
501,0.7635487411637711,0.3341497653018472,0.007184958474866132,0.0414143544405243,1800000,3600000,2710800000,286.14000000000004
502,0.7655858451800647,0.33302166098000485,0.004030343162814108,0.04127653641670483,1800000,3600000,2716200000,286.71000000000004
503,0.7648674125486811,0.33539852642916923,0.0067002240970876785,0.04113917702149243,1800000,3600000,2721600000,287.28000000000003
504,0.7647174412024252,0.33589173479100154,0.00682727403093069,0.04100227472867019,1800000,3600000,2727000000,287.85
505,0.7672599906425749,0.33097325054138427,0.006894179985663882,0.0408658280171001,1800000,3600000,2732400000,288.42
506,0.7630081237880989,0.3380392388539341,0.006667298679809036,0.04072983537070618,1800000,3600000,2737800000,288.99
507,0.7636069767361627,0.3349201360865964,0.007090934932377315,0.04059429527845764,1800000,3600000,2743200000,289.56000000000006
508,0.7648226534964656,0.3361394085135218,0.0053026258736319,0.04045920623435205,1800000,3600000,2748600000,290.13000000000005
509,0.7628278004233144,0.33827099724243315,0.0053255178474759125,0.040324566737398634,1800000,3600000,2754000000,290.70000000000005
510,0.7661528793152099,0.3318685036733852,0.006211644866797758,0.040190375291601625,1800000,3600000,2759400000,291.27000000000004
511,0.7664038549757519,0.3323543068085986,0.0063353995755343825,0.04005663040594355,1800000,3600000,2764800000,291.84000000000003
512,0.7645967428787663,0.3375908331137078,0.006315433891266099,0.03992333059436875,1800000,3600000,2770200000,292.41
513,0.7676254898164763,0.33366456270670886,0.005557564077629059,0.03979047437576686,1800000,3600000,2775600000,292.98
514,0.7662081892088684,0.33405862369127637,0.00411269927372364,0.039658060273956276,1800000,3600000,2781000000,293.55
515,0.7650225209658618,0.3384433258566089,0.005416089893774707,0.039526086817667866,1800000,3600000,2786400000,294.12
516,0.7636887198885823,0.33545194507163345,0.00589665714979096,0.03939455254052851,1800000,3600000,2791800000,294.69000000000005
517,0.7663986421453274,0.3300339074996822,0.006657069987499957,0.039263455981044894,1800000,3600000,2797200000,295.26000000000005
518,0.7653502911238157,0.3368234381969604,0.005624297817336275,0.039132795682587256,1800000,3600000,2802600000,295.83000000000004
519,0.7631631158620714,0.33365690460655684,0.005105357467132059,0.03900257019337312,1800000,3600000,2808000000,296.40000000000003
520,0.767381918580111,0.32958488011482573,0.005398869925676208,0.03887277806645128,1800000,3600000,2813400000,296.97
521,0.766624818534998,0.33620069150319015,0.0068382653010583185,0.03874341785968567,1800000,3600000,2818800000,297.54
522,0.7664833360282243,0.3306151692100152,0.004756441226841306,0.03861448813573931,1800000,3600000,2824200000,298.11
523,0.7657395199920703,0.3317480895700081,0.005220684635692605,0.0384859874620584,1800000,3600000,2829600000,298.68
524,0.7665728684416697,0.329579587892366,0.004182381324422269,0.03835791441085635,1800000,3600000,2835000000,299.25000000000006
525,0.7689223880619737,0.3302181580363697,0.005377768965801338,0.03823026755909793,1800000,3600000,2840400000,299.82000000000005
526,0.7653973656188411,0.33465707471180145,0.0071562003888964686,0.038103045488483485,1800000,3600000,2845800000,300.39000000000004
527,0.7637357070414369,0.3389342773334429,0.005407465909491797,0.03797624678543314,1800000,3600000,2851200000,300.96000000000004
528,0.7671151398000875,0.33019046932826024,0.005678834914392148,0.03784987004107112,1800000,3600000,2856600000,301.53000000000003
529,0.7659694022645889,0.3308650506755862,0.004302372330099764,0.03772391385121006,1800000,3600000,2862000000,302.1
530,0.765984483840796,0.33048119221389644,0.006289336864549245,0.03759837681633546,1800000,3600000,2867400000,302.67
531,0.7647933443932877,0.3346910165125556,0.003859140807900307,0.037473257541590074,1800000,3600000,2872800000,303.24
532,0.7656626604025232,0.34016288607358774,0.006421617758125484,0.03734855463675846,1800000,3600000,2878200000,303.81000000000006
533,0.7653860298166867,0.3341883694714446,0.006145426132536188,0.037224266716251495,1800000,3600000,2883600000,304.38000000000005
534,0.7651680201531267,0.33241650938260375,0.006258404092099516,0.037100392399091006,1800000,3600000,2889000000,304.95000000000005
535,0.7653037781728228,0.3386082340414257,0.005366445767051154,0.03697693030889443,1800000,3600000,2894400000,305.52000000000004
536,0.7646705675308137,0.3352530255715253,0.004656713781942831,0.03685387907385949,1800000,3600000,2899800000,306.09000000000003
537,0.7648512773432969,0.3341549844377202,0.0052849146312631354,0.036731237326748954,1800000,3600000,2905200000,306.66
538,0.7675463618954455,0.3316772419130834,0.005340266748380728,0.036609003704875506,1800000,3600000,2910600000,307.23
539,0.7636107114521612,0.3340231021774725,0.005942964653899492,0.036487176850086525,1800000,3600000,2916000000,307.8
540,0.7676338278236634,0.3296366714978752,0.005264851472551073,0.036365755408749034,1800000,3600000,2921400000,308.37000000000006
541,0.7661251365374819,0.331712663037151,0.004566423954581534,0.036244738031734676,1800000,3600000,2926800000,308.94000000000005
542,0.7643810700759344,0.33712128654247925,0.0034006724137002698,0.03612412337440466,1800000,3600000,2932200000,309.51000000000005
543,0.7659836315490638,0.33535487348326204,0.00494433093647102,0.03600391009659489,1800000,3600000,2937600000,310.08000000000004
544,0.76425020132839,0.33526860738783715,0.0040049999059880055,0.035884096862601064,1800000,3600000,2943000000,310.65000000000003
545,0.765962034362156,0.33402009497934465,0.003875107730831704,0.03576468234116376,1800000,3600000,2948400000,311.22
546,0.7672427439933973,0.3325281998270219,0.004809500528359516,0.035645665205453765,1800000,3600000,2953800000,311.79
547,0.7676633228016807,0.3299939709815772,0.004156437034800974,0.035527044133057226,1800000,3600000,2959200000,312.36
548,0.7652958937114166,0.33827368348398673,0.0042301752673632835,0.035408817805960995,1800000,3600000,2964600000,312.93
549,0.7649532378943047,0.32620403309465396,0.004436945163208903,0.035290984910538004,1800000,3600000,2970000000,313.50000000000006
550,0.7636429018312723,0.33235302828208685,0.00693076206001927,0.03517354413753266,1800000,3600000,2975400000,314.07000000000005
551,0.7655217765126139,0.3396257528230642,0.004044020944297951,0.03505649418204626,1800000,3600000,2980800000,314.64000000000004
552,0.7678777964268424,0.33430898561106337,0.005408757158250574,0.03493983374352255,1800000,3600000,2986200000,315.21000000000004
553,0.7660825319120889,0.33576850377486145,0.002857063468356926,0.03482356152573324,1800000,3600000,2991600000,315.78000000000003
554,0.7651290842848437,0.33318273631504863,0.004791310059904205,0.03470767623676358,1800000,3600000,2997000000,316.35
555,0.768321152730105,0.33509650476606434,0.007290677959027733,0.034592176588998075,1800000,3600000,3002400000,316.92
556,0.7660101424566748,0.33220044146032357,0.004408898009429636,0.03447706129910612,1800000,3600000,3007800000,317.49
557,0.7657031385196092,0.3317338874057051,0.004230684532091757,0.03436232908802773,1800000,3600000,3013200000,318.06000000000006
558,0.769324619207395,0.33794524757212296,0.003381163657645338,0.034247978680959405,1800000,3600000,3018600000,318.63000000000005
559,0.767782812891458,0.32771401620774054,0.0021823014874397285,0.03413400880733988,1800000,3600000,3024000000,319.20000000000005
560,0.76704547932896,0.3338274234532015,0.004637538844067473,0.03402041820083606,1800000,3600000,3029400000,319.77000000000004
561,0.7668273932317327,0.33376786727531943,0.005623464067152001,0.03390720559932891,1800000,3600000,3034800000,320.34000000000003
562,0.7693647261297442,0.33212395769969605,0.004767881422997755,0.033794369744899494,1800000,3600000,3040200000,320.91
563,0.766249074757637,0.3391497344619156,0.003469581895965564,0.033681909383814906,1800000,3600000,3045600000,321.48
564,0.7671946155105889,0.3382368244865673,0.0044857782070615426,0.033569823266514455,1800000,3600000,3051000000,322.05
565,0.7639545181596833,0.336069365884728,0.004972948199573933,0.03345811014759566,1800000,3600000,3056400000,322.62000000000006
566,0.7639890731636929,0.33890966129320776,0.0035748969701376917,0.03334676878580049,1800000,3600000,3061800000,323.19000000000005
567,0.7669927840796679,0.3294580824913411,0.0029400844911955846,0.03323579794400159,1800000,3600000,3067200000,323.76000000000005
568,0.7672235657666509,0.33022241599431257,0.0031659751748765084,0.03312519638918843,1800000,3600000,3072600000,324.33000000000004
569,0.7656224749109479,0.33184689808063006,0.004980797427156107,0.03301496289245373,1800000,3600000,3078000000,324.90000000000003
570,0.7678560985764891,0.33198379629830493,0.0048225273071922665,0.03290509622897971,1800000,3600000,3083400000,325.47
571,0.7645970046257256,0.32968746485196365,0.004212528462661206,0.03279559517802455,1800000,3600000,3088800000,326.04
572,0.7640609377178601,0.3332703914775782,0.005204223302194315,0.032686458522908766,1800000,3600000,3094200000,326.61
573,0.7665463134099593,0.3325811277559073,0.0035641492272671365,0.03257768505100174,1800000,3600000,3099600000,327.18000000000006
574,0.7673362229179684,0.34001488231879645,0.0041115267354659805,0.03246927355370822,1800000,3600000,3105000000,327.75000000000006
575,0.7653965877271626,0.34080143601763785,0.0036089249858448414,0.03236122282645489,1800000,3600000,3110400000,328.32000000000005
576,0.7694519732947448,0.3299514665116866,0.005487357258729538,0.03225353166867703,1800000,3600000,3115800000,328.89000000000004
577,0.7646480225878494,0.3351517835207771,0.003959608822919217,0.03214619888380508,1800000,3600000,3121200000,329.46000000000004
578,0.7628109967800507,0.3410817302519607,0.004850833436506377,0.032039223279251454,1800000,3600000,3126600000,330.03000000000003
579,0.7636818733060655,0.33354416913204893,0.002930609637752315,0.03193260366639722,1800000,3600000,3132000000,330.6
580,0.7655028111355596,0.33399685978787513,0.004811279509592373,0.031826338860578916,1800000,3600000,3137400000,331.17
581,0.7654610212594806,0.33608359270702043,0.0040456618048186664,0.03172042768107538,1800000,3600000,3142800000,331.74
582,0.7662780539429845,0.333865968828248,0.0024155666959355653,0.031614868951094645,1800000,3600000,3148200000,332.31000000000006
583,0.7660243021993932,0.330140549495411,0.003786264875198069,0.03150966149776084,1800000,3600000,3153600000,332.88000000000005
584,0.7676618711124958,0.33034869205657963,0.00394693606072465,0.03140480415210119,1800000,3600000,3159000000,333.45000000000005
585,0.7665776987155157,0.33568023682336073,0.004517964320117257,0.03130029574903299,1800000,3600000,3164400000,334.02000000000004
586,0.7669230762705129,0.33241337446668134,0.004231642645857707,0.031196135127350685,1800000,3600000,3169800000,334.59000000000003
587,0.7660506653440683,0.3393617352679438,0.0037333983610899823,0.03109232112971296,1800000,3600000,3175200000,335.16
588,0.7655358242587275,0.3338547423925756,0.005186024959836994,0.0309888526026299,1800000,3600000,3180600000,335.73
589,0.765753400235857,0.33315425242338537,0.0032574339448942623,0.030885728396450124,1800000,3600000,3186000000,336.3
590,0.7664443625491542,0.3353458575576646,0.004830607549809142,0.03078294736534807,1800000,3600000,3191400000,336.87000000000006
591,0.765049680144538,0.3367018227928997,0.003381475978169526,0.030680508367311208,1800000,3600000,3196800000,337.44000000000005
592,0.7655318964700579,0.33521981328981776,0.0060874539844967684,0.030578410264127404,1800000,3600000,3202200000,338.01000000000005
593,0.7653310616183779,0.3378224764617221,0.003917179423329568,0.030476651921372246,1800000,3600000,3207600000,338.58000000000004
594,0.7655169329540354,0.33499035815368794,0.004636439713917134,0.03037523220839642,1800000,3600000,3213000000,339.15000000000003
595,0.7657150027551521,0.3320809451849543,0.004653252680451067,0.030274149998313186,1800000,3600000,3218400000,339.72
596,0.7674989014754158,0.3310161205728271,0.0036859092433542445,0.030173404167985855,1800000,3600000,3223800000,340.29
597,0.7665862381378129,0.3331147124821807,0.004435021406871433,0.030072993598015248,1800000,3600000,3229200000,340.86
598,0.7661387955987331,0.3294648671785516,0.003966343963641267,0.029972917172727348,1800000,3600000,3234600000,341.43000000000006
599,0.7626382966401142,0.34038761218787644,0.0038507646147718953,0.02987317378016085,1800000,3600000,3240000000,342.00000000000006
600,0.7648941664260398,0.3323388517974978,0.005192973059172096,0.029773762312054794,1800000,3600000,3245400000,342.57000000000005
601,0.765984695659102,0.33276546001724905,0.0036315671882107972,0.029674681663836296,1800000,3600000,3250800000,343.14000000000004
602,0.7628478702470295,0.3371807852342087,0.004557568648755023,0.029575930734608246,1800000,3600000,3256200000,343.71000000000004
603,0.7655037958376297,0.3359728835831473,0.005091156599827975,0.029477508427137096,1800000,3600000,3261600000,344.28000000000003
604,0.7682274154278607,0.3331958353735883,0.004659095998131588,0.029379413647840618,1800000,3600000,3267000000,344.85
605,0.7669970662850789,0.3341285651810257,0.005163880223212285,0.02928164530677581,1800000,3600000,3272400000,345.42
606,0.7678060907637166,0.33574956032833825,0.00573326183169935,0.02918420231762678,1800000,3600000,3277800000,345.99000000000007
607,0.7670789600797898,0.33147964127357255,0.004927399364156551,0.029087083597692635,1800000,3600000,3283200000,346.56000000000006
608,0.7632723562074308,0.3401070466000477,0.0015975727046333922,0.028990288067875493,1800000,3600000,3288600000,347.13000000000005
609,0.7657549025486449,0.33586724871429224,0.0035469345177032703,0.028893814652668486,1800000,3600000,3294000000,347.70000000000005
610,0.7663506453947719,0.3366334700556681,0.0033844278052898723,0.028797662280143754,1800000,3600000,3299400000,348.27000000000004
611,0.7665499219176903,0.3296042432060758,0.0033393152328011614,0.028701829881940626,1800000,3600000,3304800000,348.84000000000003
612,0.7630490114400598,0.3371379326858875,0.00438405897821425,0.0286063163932537,1800000,3600000,3310200000,349.41
613,0.7657913867555326,0.33009666373797025,0.0024711044434562964,0.028511120752821004,1800000,3600000,3315600000,349.98
614,0.7684195177314552,0.330634337203765,0.003118411894086208,0.028416241902912216,1800000,3600000,3321000000,350.55
615,0.7654078717823998,0.3333090608325063,0.004832983900093892,0.02832167878931693,1800000,3600000,3326400000,351.12000000000006
616,0.7673401132854688,0.33454927996465916,0.002967123981858931,0.028227430361332895,1800000,3600000,3331800000,351.69000000000005
617,0.7683118036166763,0.3329186207365616,0.003217148058264818,0.028133495571754392,1800000,3600000,3337200000,352.26000000000005
618,0.7680738713386205,0.33370452675842655,0.0016509279296469258,0.028039873376860563,1800000,3600000,3342600000,352.83000000000004
619,0.7654320324844732,0.3322139950320125,0.003358859975804128,0.027946562736403842,1800000,3600000,3348000000,353.40000000000003
620,0.7657671126737686,0.3334587713006874,0.0040932327825909855,0.027853562613598382,1800000,3600000,3353400000,353.97
621,0.7629751966870357,0.33662215921261196,0.004594020634431429,0.02776087197510853,1800000,3600000,3358800000,354.54
622,0.767059323533098,0.33663133320267125,0.005805902709698913,0.027668489791037327,1800000,3600000,3364200000,355.11
623,0.7646343018320048,0.332845030057124,0.004026759978739066,0.027576415034915123,1800000,3600000,3369600000,355.68000000000006
624,0.7655115740740722,0.332736533611373,0.0036684182578233158,0.027484646683688132,1800000,3600000,3375000000,356.25000000000006
625,0.764192780283815,0.33446735580022363,0.003574673608607108,0.02739318371770705,1800000,3600000,3380400000,356.82000000000005
626,0.7700948431543396,0.32859918886814704,0.004466629413352477,0.027302025120715785,1800000,3600000,3385800000,357.39000000000004
627,0.7638385319775634,0.33560517195121414,0.003865010731538892,0.027211169879840062,1800000,3600000,3391200000,357.96000000000004
628,0.7623024531413524,0.33844030873596287,0.003957932017174901,0.02712061698557629,1800000,3600000,3396600000,358.53000000000003
629,0.7634651270495114,0.3332342416150181,0.003974210149314844,0.027030365431780265,1800000,3600000,3402000000,359.1
630,0.7669671004798472,0.3337445774278804,0.002887553585317124,0.02694041421565602,1800000,3600000,3407400000,359.67
631,0.764844837905553,0.33903493405726315,0.00230721904413554,0.026850762337744662,1800000,3600000,3412800000,360.24000000000007
632,0.7674421586971206,0.333067548385313,0.005021932239937327,0.026761408801913317,1800000,3600000,3418200000,360.81000000000006
633,0.76633615492541,0.3268172040680622,0.004906925051261514,0.02667235261534397,1800000,3600000,3423600000,361.38000000000005
634,0.7656489164279369,0.33895135653179426,0.003477318363827998,0.02658359278852253,1800000,3600000,3429000000,361.95000000000005
635,0.7652814465011738,0.334152546514943,0.0039646666407379075,0.026495128335227797,1800000,3600000,3434400000,362.52000000000004
636,0.7661004655454066,0.3345053657859772,0.002213554753130351,0.02640695827252048,1800000,3600000,3439800000,363.09000000000003
637,0.764035276892405,0.3345790571786108,0.002366521148688778,0.02631908162073231,1800000,3600000,3445200000,363.66
638,0.7675366972562492,0.33637620481141484,0.004374220094065214,0.026231497403455158,1800000,3600000,3450600000,364.23
639,0.7652067615860838,0.3348912076437605,0.004195116439256833,0.026144204647530124,1800000,3600000,3456000000,364.80000000000007
640,0.7661691292989822,0.3354877462389672,0.002118335903022456,0.026057202383036816,1800000,3600000,3461400000,365.37000000000006
641,0.7633396835264102,0.3379090515938836,0.003520564135051489,0.025970489643282507,1800000,3600000,3466800000,365.94000000000005
642,0.7639822341710353,0.33658767222052155,0.0028102961321270032,0.025884065464791422,1800000,3600000,3472200000,366.51000000000005
643,0.7644008802661129,0.328990248801407,0.004025205907894265,0.025797928887294017,1800000,3600000,3477600000,367.08000000000004
644,0.7678429573612703,0.33662818246700843,0.004010321215821483,0.02571207895371634,1800000,3600000,3483000000,367.65000000000003
645,0.764566387860618,0.33241833643240754,0.003768846457084164,0.025626514710169333,1800000,3600000,3488400000,368.22
646,0.7638896728978668,0.3403115590263531,0.004725482374341703,0.025541235205938307,1800000,3600000,3493800000,368.79
647,0.7646313388845398,0.335381764506308,0.0019357648583236524,0.02545623949347234,1800000,3600000,3499200000,369.36
648,0.7691968978832795,0.3318209314823297,0.002683419992235948,0.025371526628373754,1800000,3600000,3504600000,369.93000000000006
649,0.7662730860809778,0.3375083609736303,0.0024677745668039777,0.025287095669387614,1800000,3600000,3510000000,370.50000000000006
650,0.7665895577521489,0.338263971351994,0.002450996144070402,0.025202945678391302,1800000,3600000,3515400000,371.07000000000005
651,0.7655806345617229,0.3320026035294492,0.00362237917336008,0.02511907572038403,1800000,3600000,3520800000,371.64000000000004
652,0.7652778894274922,0.33317916187064434,0.003728321146779948,0.02503548486347652,1800000,3600000,3526200000,372.21000000000004
653,0.7650326297838804,0.32877211294452824,0.003714503893617233,0.024952172178880617,1800000,3600000,3531600000,372.78000000000003
654,0.7676247228035886,0.33195380781655576,0.004073537160883666,0.024869136740898967,1800000,3600000,3537000000,373.35
655,0.7653060885166654,0.34013631075654077,0.0027725141205515486,0.024786377626914748,1800000,3600000,3542400000,373.92
656,0.7649270165869952,0.33474522869683754,0.004583068742621162,0.024703893917381377,1800000,3600000,3547800000,374.49000000000007
657,0.7640729285529968,0.337389475603577,0.0027395217509101257,0.024621684695812353,1800000,3600000,3553200000,375.06000000000006
658,0.7664959539083582,0.3324659453434482,0.0018935770994074237,0.02453974904877104,1800000,3600000,3558600000,375.63000000000005
659,0.761929798564358,0.3402941212940256,0.0030211632827720583,0.02445808606586051,1800000,3600000,3564000000,376.20000000000005
660,0.7671989227347117,0.3374371555603116,0.002661528723735335,0.024376694839713452,1800000,3600000,3569400000,376.77000000000004
661,0.7635338252235033,0.33553385444868916,0.0028978807402135123,0.024295574465982076,1800000,3600000,3574800000,377.34000000000003
662,0.764185155988124,0.3327123241762323,0.0030906220790559978,0.024214724043328046,1800000,3600000,3580200000,377.91
663,0.7647191729889179,0.33356418042654346,0.0039983080450480485,0.02413414267341251,1800000,3600000,3585600000,378.48
664,0.7673240761906309,0.3279077564755213,0.0032030539881819694,0.02405382946088608,1800000,3600000,3591000000,379.05000000000007
665,0.7681360055053484,0.332341128896557,0.002187076761574707,0.02397378351337891,1800000,3600000,3596400000,379.62000000000006
666,0.7656535172622178,0.33858143691291476,0.0017502253334399833,0.02389400394149075,1800000,3600000,3601800000,380.19000000000005
667,0.7669632791817891,0.3323846676767799,0.004261227723380572,0.023814489858781113,1800000,3600000,3607200000,380.76000000000005
668,0.7646689228585285,0.33708417157252885,0.0031900670878768065,0.02373524038175934,1800000,3600000,3612600000,381.33000000000004
669,0.7661813236626747,0.3307043919871014,0.0016704566418084717,0.02365625462987489,1800000,3600000,3618000000,381.90000000000003
670,0.7647118575820658,0.3359870513002262,0.004085094758080651,0.023577531725507483,1800000,3600000,3623400000,382.47
671,0.7662830471339963,0.33577501895499945,0.0033716881706088004,0.023499070793957372,1800000,3600000,3628800000,383.04
672,0.7642851423561879,0.3342304848024187,0.005340369287822468,0.023420870963435616,1800000,3600000,3634200000,383.61
673,0.7667848115645804,0.3298680459600504,0.0021646476999215574,0.02334293136505442,1800000,3600000,3639600000,384.18000000000006
674,0.7673713184043844,0.3395023833517734,0.001630715083077313,0.02326525113281743,1800000,3600000,3645000000,384.75000000000006
675,0.7682320134168067,0.33067557641477097,0.0025985336943827333,0.023187829403610152,1800000,3600000,3650400000,385.32000000000005
676,0.7660778132547786,0.33359988862068624,0.00528161643490687,0.023110665317190367,1800000,3600000,3655800000,385.89000000000004
677,0.7663711692749395,0.33168253851995483,0.004105494997854651,0.023033758016178532,1800000,3600000,3661200000,386.46000000000004
678,0.7694081958498217,0.33298895426312203,0.0038939562307942705,0.022957106646048307,1800000,3600000,3666600000,387.03000000000003
679,0.767060248448157,0.3347389904391645,0.0019007680913455396,0.022880710355116993,1800000,3600000,3672000000,387.6
680,0.7655517772724991,0.328928361577277,0.003112643262928306,0.02280456829453613,1800000,3600000,3677400000,388.17
681,0.7652461830603012,0.33742965087448706,0.0028970620104079967,0.022728679618282042,1800000,3600000,3682800000,388.74000000000007
682,0.7652511689613688,0.33676658657717645,0.003695098954850311,0.02265304348314644,1800000,3600000,3688200000,389.31000000000006
683,0.7652544842700342,0.3327921733961758,0.003418982335416345,0.02257765904872704,1800000,3600000,3693600000,389.88000000000005
684,0.7668575889149468,0.33088374851249713,0.001831079793315414,0.022502525477418246,1800000,3600000,3699000000,390.45000000000005
685,0.7666569489843637,0.3321756313576537,0.00418671483352041,0.02242764193440181,1800000,3600000,3704400000,391.02000000000004
686,0.7670700211028606,0.3342262629443882,0.003307443081657596,0.02235300758763761,1800000,3600000,3709800000,391.59000000000003
687,0.7674372538022833,0.33334076575797633,0.0038344122054671287,0.02227862160785435,1800000,3600000,3715200000,392.16
688,0.7692171132473172,0.33574610612976563,0.003479342065267557,0.02220448316854038,1800000,3600000,3720600000,392.73
689,0.7644268930991406,0.33537307312137765,0.0028583463238223703,0.0221305914459345,1800000,3600000,3726000000,393.30000000000007
690,0.7665307756995474,0.3385313958788903,0.005431554696233309,0.022056945619016825,1800000,3600000,3731400000,393.87000000000006
691,0.7642001528320436,0.341376551996056,0.003074167008565732,0.02198354486949961,1800000,3600000,3736800000,394.44000000000005
692,0.7680461689080723,0.33253622426124835,0.003687313410590271,0.02191038838181822,1800000,3600000,3742200000,395.01000000000005
693,0.766677352367778,0.33334967026065315,0.0011995313305810395,0.021837475343122043,1800000,3600000,3747600000,395.58000000000004
694,0.7661580809327528,0.33079801080278753,0.0012828446611334234,0.021764804943265458,1800000,3600000,3753000000,396.15000000000003
695,0.7639517977988797,0.3379733902524139,0.0025887276855199996,0.021692376374798823,1800000,3600000,3758400000,396.72
696,0.7651994616633915,0.33589905289304867,0.0033005961910357665,0.02162018883295954,1800000,3600000,3763800000,397.29
697,0.7661882554509196,0.3356532740780241,0.004749739826633726,0.021548241515663043,1800000,3600000,3769200000,397.86000000000007
698,0.7657920440315154,0.32973275152058823,0.0027612060009786165,0.021476533623493964,1800000,3600000,3774600000,398.43000000000006
699,0.7646275141477802,0.3359879765228585,0.001688840031652677,0.021405064359697207,1800000,3600000,3780000000,399.00000000000006
700,0.7667256343674356,0.3379856939512761,0.0035970705469866777,0.021333832930169112,1800000,3600000,3785400000,399.57000000000005
701,0.7642293630049919,0.3358444039478659,0.002284040286860329,0.021262838543448622,1800000,3600000,3790800000,400.14000000000004
702,0.7673461594005679,0.3336057129636471,0.00453141753786453,0.02119208041070847,1800000,3600000,3796200000,400.71000000000004
703,0.7673136230573464,0.33180738482164696,0.0019601710173158997,0.02112155774574646,1800000,3600000,3801600000,401.28000000000003
704,0.7657733886582012,0.3389211611854253,0.0036545625531683034,0.021051269764976704,1800000,3600000,3807000000,401.85
705,0.7664209996043531,0.32701533550011375,0.004064124264287248,0.020981215687420916,1800000,3600000,3812400000,402.42
706,0.7651868666607244,0.33273716068837833,0.0023572003981382245,0.02091139473469973,1800000,3600000,3817800000,402.99000000000007
707,0.7643337891950142,0.33814195230884153,0.002547409399593891,0.020841806131024078,1800000,3600000,3823200000,403.56000000000006
708,0.7677544997523849,0.3338754520356444,0.0020713741934312046,0.020772449103186517,1800000,3600000,3828600000,404.13000000000005
709,0.7633434923141422,0.3391936684363236,0.0035327724231691477,0.0207033228805527,1800000,3600000,3834000000,404.70000000000005
710,0.765323197459806,0.33807462802488164,0.002568763103932935,0.020634426695052777,1800000,3600000,3839400000,405.27000000000004
711,0.7670758308117965,0.3353745231335392,0.002739528733200839,0.020565759781172862,1800000,3600000,3844800000,405.84000000000003
712,0.7650571579637877,0.33333000807062174,0.004106751469176286,0.020497321375946544,1800000,3600000,3850200000,406.41
713,0.765471433761249,0.3302027347561109,0.002766454783899285,0.0204291107189464,1800000,3600000,3855600000,406.98
714,0.7632524559036317,0.3375944898644554,0.0029454612395407712,0.020361127052275524,1800000,3600000,3861000000,407.55000000000007
715,0.7665782535757419,0.3322364404306296,0.001963897966305007,0.020293369620559148,1800000,3600000,3866400000,408.12000000000006
716,0.763082886253641,0.3299554792559739,0.0036605824083962095,0.020225837670936227,1800000,3600000,3871800000,408.69000000000005
717,0.7656976151090351,0.3340415220124362,0.002407047488713463,0.020158530453051063,1800000,3600000,3877200000,409.26000000000005
718,0.7654989911806449,0.3340422867814785,0.0019929690504626447,0.020091447219045,1800000,3600000,3882600000,409.83000000000004
719,0.7649012285249377,0.33449551832556473,0.0029862584145930924,0.020024587223548076,1800000,3600000,3888000000,410.40000000000003
720,0.7644099882919608,0.33306719656126604,0.002063817345661233,0.019957949723670754,1800000,3600000,3893400000,410.97
721,0.7652983859876445,0.33056034021434894,0.002758707971986539,0.01989153397899569,1800000,3600000,3898800000,411.54
722,0.7638755169929097,0.3331057045714463,0.002645255187502529,0.01982533925156948,1800000,3600000,3904200000,412.11000000000007
723,0.7643067226035984,0.33607753092882897,0.0009052663988740105,0.019759364805894478,1800000,3600000,3909600000,412.68000000000006
724,0.7674496662353506,0.3347261273438069,0.0034584042011056287,0.019693609908920603,1800000,3600000,3915000000,413.25000000000006
725,0.7646024173095819,0.3339978751855796,0.002353969511178872,0.019628073830037226,1800000,3600000,3920400000,413.82000000000005
726,0.7643721221062968,0.3375762586777877,0.0027266712906672923,0.019562755841064997,1800000,3600000,3925800000,414.39000000000004
727,0.7620548523357427,0.33396280330748346,0.0038308488233420313,0.019497655216247817,1800000,3600000,3931200000,414.96000000000004
728,0.7654841858729854,0.3394797476293119,0.0,0.019432771232244746,1800000,3600000,3936600000,415.53000000000003
729,0.7657361614661802,0.33591210993562765,0.0021043435024316577,0.019368103168121962,1800000,3600000,3942000000,416.1
730,0.766137355759174,0.3316225219452724,0.002933760866394446,0.019303650305344755,1800000,3600000,3947400000,416.6700000000001
731,0.7613083688784392,0.34454246443944087,0.0013636848521046984,0.01923941192776953,1800000,3600000,3952800000,417.24000000000007
732,0.7680909720691383,0.3360382661277463,0.001325913938598092,0.019175387321635887,1800000,3600000,3958200000,417.81000000000006
733,0.7645769684568559,0.3304654574613857,0.0023209646972742735,0.019111575775558647,1800000,3600000,3963600000,418.38000000000005
734,0.7673819945803253,0.331689926044266,0.0028528505678074995,0.01904797658051998,1800000,3600000,3969000000,418.95000000000005
735,0.7668854038287906,0.3334116392859179,0.002976588015793476,0.01898458902986151,1800000,3600000,3974400000,419.52000000000004
736,0.7656549436419939,0.33317545759836736,0.003182880503070482,0.01892141241927647,1800000,3600000,3979800000,420.09000000000003
737,0.7654884704581386,0.33528822902827876,0.0030925215735424566,0.01885844604680186,1800000,3600000,3985200000,420.66
738,0.7665281984348172,0.33366078762924256,0.0023872744702388123,0.018795689212810673,1800000,3600000,3990600000,421.23
739,0.7640011932141277,0.3341306808967112,0.00244929982518417,0.018733141220004107,1800000,3600000,3996000000,421.80000000000007
740,0.7622140238705551,0.34252706706071034,0.0036752153146463653,0.01867080137340383,1800000,3600000,4001400000,422.37000000000006
741,0.7639580248899097,0.3327489898009716,0.0027932884118965938,0.01860866898034423,1800000,3600000,4006800000,422.94000000000005
742,0.7679459862742921,0.3320346040543335,0.0015107078044503197,0.01854674335046476,1800000,3600000,4012200000,423.51000000000005
743,0.7678596100036563,0.32884765314729075,0.002319696093252405,0.018485023795702205,1800000,3600000,4017600000,424.08000000000004
744,0.767103560673537,0.33228292542984017,0.001929085170342857,0.01842350963028311,1800000,3600000,4023000000,424.65000000000003
745,0.7657851608927513,0.3297390604458872,0.0035100050474478036,0.018362200170716117,1800000,3600000,4028400000,425.22
746,0.7667539201225836,0.33290414591068984,0.002345029633690639,0.018301094735784378,1800000,3600000,4033800000,425.79
747,0.7643545680666541,0.33915628319476193,0.0030537920995128225,0.018240192646537985,1800000,3600000,4039200000,426.36000000000007
748,0.7671695259885647,0.3324096291883374,0.0036326140683642,0.018179493226286442,1800000,3600000,4044600000,426.93000000000006
749,0.7657361411092739,0.3318612394822635,0.0,0.018118995800591103,1800000,3600000,4050000000,427.50000000000006
750,0.7667027783536484,0.33348065371654,0.0018438609931109603,0.018058699697257735,1800000,3600000,4055400000,428.07000000000005
751,0.7649434220538216,0.3388168325267066,0.0014907010641747672,0.017998604246329014,1800000,3600000,4060800000,428.64000000000004
752,0.7654827122793276,0.33687328961356955,0.0022501318904028732,0.01793870878007709,1800000,3600000,4066200000,429.21000000000004
753,0.7664121349965668,0.3312682951963745,0.0022993163910907865,0.017879012632996176,1800000,3600000,4071600000,429.78000000000003
754,0.7677698530946195,0.33053704400063594,0.0012170614774338628,0.017819515141795115,1800000,3600000,4077000000,430.35
755,0.7644248920959755,0.3375512661761529,0.0014237122252726772,0.017760215645390067,1800000,3600000,4082400000,430.9200000000001
756,0.7669194540359557,0.3327022696739988,0.00040901054019796493,0.017701113484897137,1800000,3600000,4087800000,431.49000000000007
757,0.7637868247178873,0.3336333257616781,0.0039176363143898114,0.017642208003625034,1800000,3600000,4093200000,432.06000000000006
758,0.7680089797144801,0.32996104997890385,0.003494196368433339,0.017583498547067807,1800000,3600000,4098600000,432.63000000000005
759,0.7636041893538427,0.33674663914172653,0.0018746810504170586,0.017524984462897568,1800000,3600000,4104000000,433.20000000000005
760,0.7655319980462202,0.33119552817505993,0.0020311532913554367,0.01746666510095721,1800000,3600000,4109400000,433.77000000000004
761,0.7679919906820615,0.33082596442094736,0.0019001520052621052,0.017408539813253226,1800000,3600000,4114800000,434.34000000000003
762,0.7648755583410899,0.3311635568406865,0.0015212981100864505,0.017350607953948487,1800000,3600000,4120200000,434.91
763,0.7634464600714549,0.33603074754113427,0.004044048031798035,0.017292868879355078,1800000,3600000,4125600000,435.4800000000001
764,0.7668067224799884,0.3297028590177461,0.0023082156661018874,0.017235321947927124,1800000,3600000,4131000000,436.05000000000007
765,0.7660879337481941,0.33173203882334784,0.001904263266152968,0.017177966520253697,1800000,3600000,4136400000,436.62000000000006
766,0.7645577925365641,0.32749698502962776,0.002391023004311857,0.01712080195905166,1800000,3600000,4141800000,437.19000000000005
767,0.7654484687601102,0.33529016059043887,0.004536060253560981,0.017063827629158642,1800000,3600000,4147200000,437.76000000000005
768,0.768298370564173,0.3324402418936991,0.003039703938280587,0.017007042897525942,1800000,3600000,4152600000,438.33000000000004
769,0.766397382128907,0.33243500922288916,0.0016809328971620094,0.016950447133211522,1800000,3600000,4158000000,438.90000000000003
770,0.7659274468855526,0.34074291153185204,0.0010929520789134872,0.01689403970737297,1800000,3600000,4163400000,439.47
771,0.7663929924212071,0.3357413898803108,0.0,0.016837819993260533,1800000,3600000,4168800000,440.04
772,0.7659875321441447,0.33535304368636837,0.002740448431204032,0.016781787366210135,1800000,3600000,4174200000,440.61000000000007
773,0.7657528250406057,0.3406746829287035,0.003171697383309197,0.016725941203636456,1800000,3600000,4179600000,441.18000000000006
774,0.7655931875545049,0.328087224449521,0.0008011334445310299,0.016670280885026006,1800000,3600000,4185000000,441.75000000000006
775,0.7660380265283074,0.3350710858565497,0.0024954006734382115,0.01661480579193023,1800000,3600000,4190400000,442.32000000000005
776,0.7651186492063129,0.3313417960739661,0.0025727619608677844,0.016559515307958635,1800000,3600000,4195800000,442.89000000000004
777,0.7671986284872204,0.32928953834703795,0.002069227184864384,0.016504408818771934,1800000,3600000,4201200000,443.46000000000004
778,0.7643144014034132,0.3357173235688894,0.0017016999592505124,0.01644948571207524,1800000,3600000,4206600000,444.03000000000003
779,0.7660370242150812,0.3367846233289942,0.001901403957930365,0.016394745377611247,1800000,3600000,4212000000,444.6
780,0.766705524477798,0.3377824914045656,0.0,0.016340187207153453,1800000,3600000,4217400000,445.1700000000001
781,0.7660162107951604,0.3304075583858384,0.0022058268583019184,0.016285810594499402,1800000,3600000,4222800000,445.74000000000007
782,0.7668570659612055,0.3289733599687634,0.0007444586032519108,0.016231614935463958,1800000,3600000,4228200000,446.31000000000006
783,0.7664856319312352,0.33707064747715376,0.0006885829524020273,0.01617759962787256,1800000,3600000,4233600000,446.88000000000005
784,0.7676873076832749,0.3306976469567498,0.001855921778871974,0.016123764071554577,1800000,3600000,4239000000,447.45000000000005
785,0.7686287371457148,0.3294308067086697,0.0,0.016070107668336605,1800000,3600000,4244400000,448.02000000000004
786,0.763605910899128,0.33250323444068686,0.0019476393949398472,0.01601662982203583,1800000,3600000,4249800000,448.59000000000003
787,0.7651324933273371,0.33782265850217086,0.0017921756306969981,0.015963329938453414,1800000,3600000,4255200000,449.16
788,0.7632346053851135,0.3397802804600736,0.00192705203490948,0.015910207425367886,1800000,3600000,4260600000,449.7300000000001
789,0.7654273016078502,0.3347075676517209,0.002004696635118786,0.015857261692528542,1800000,3600000,4266000000,450.30000000000007
790,0.7638800396691148,0.33289803840159077,0.002246452080633818,0.015804492151648922,1800000,3600000,4271400000,450.87000000000006
791,0.767474575985809,0.33291308160793215,0.0018946273115184665,0.015751898216400252,1800000,3600000,4276800000,451.44000000000005
792,0.7657615302711335,0.3307310816838182,0.0008261045560887818,0.015699479302404933,1800000,3600000,4282200000,452.01000000000005
793,0.7664198690519486,0.32863958672405935,0.00015970581426140635,0.015647234827230044,1800000,3600000,4287600000,452.58000000000004
794,0.7644407363390546,0.334907453398283,0.0021702909171144188,0.015595164210380888,1800000,3600000,4293000000,453.15000000000003
795,0.7646012740183272,0.3367675941353317,0.002151072047006189,0.015543266873294511,1800000,3600000,4298400000,453.72
796,0.7683680242837756,0.33012651610749183,0.0005232874801792185,0.015491542239333302,1800000,3600000,4303800000,454.2900000000001
797,0.7657285665078788,0.33946521581838407,0.0015950849449884645,0.01543998973377857,1800000,3600000,4309200000,454.86000000000007
798,0.7663284546233339,0.3367408395038361,0.0035902894508253805,0.015388608783824179,1800000,3600000,4314600000,455.43000000000006
799,0.7668106786566529,0.33430480100840926,0.0014794192215239273,0.015337398818570146,1800000,3600000,4320000000,456.00000000000006
800,0.7673303232133152,0.33723653130791403,0.0021012798733687933,0.01528635926901634,1800000,3600000,4325400000,456.57000000000005
801,0.762088354014533,0.33441746680015133,0.002122082227529424,0.01523548956805612,1800000,3600000,4330800000,457.14000000000004
802,0.7642437093600031,0.33720520930083187,0.0001489428733437441,0.01518478915047006,1800000,3600000,4336200000,457.71000000000004
803,0.7643922638837657,0.33214440306556464,0.000653385453383631,0.015134257452919677,1800000,3600000,4341600000,458.28000000000003
804,0.7662679868534413,0.3343872224527915,0.001821362159917649,0.01508389391394114,1800000,3600000,4347000000,458.85
805,0.7654859732160064,0.33426619017701953,0.002216012719868077,0.015033697973939058,1800000,3600000,4352400000,459.4200000000001
806,0.7666506920771672,0.33345968888523947,0.0038372396130009487,0.014983669075180239,1800000,3600000,4357800000,459.99000000000007
807,0.766672471553461,0.3342529148560304,0.0013105548718964318,0.014933806661787518,1800000,3600000,4363200000,460.56000000000006
808,0.7665589626964052,0.32947796055730755,0.002005202372902922,0.014884110179733566,1800000,3600000,4368600000,461.13000000000005
809,0.7646479456192724,0.3313808877525762,0.0016984859140346858,0.01483457907683474,1800000,3600000,4374000000,461.70000000000005
810,0.7642521506441399,0.336340993843414,0.0024102081603263412,0.014785212802744946,1800000,3600000,4379400000,462.27000000000004
811,0.7648457149070508,0.3335636790941296,0.0028330424277898574,0.014736010808949521,1800000,3600000,4384800000,462.84000000000003
812,0.7663702770852714,0.3310740475674212,0.0012779245672405197,0.014686972548759124,1800000,3600000,4390200000,463.41
813,0.7629525923902652,0.339730157354857,0.0020620334853944555,0.014638097477303708,1800000,3600000,4395600000,463.9800000000001
814,0.7683265365081006,0.33692579126561806,0.0008108057813938791,0.014589385051526413,1800000,3600000,4401000000,464.55000000000007
815,0.7636843797113317,0.33623463812313337,0.001627846323748663,0.014540834730177563,1800000,3600000,4406400000,465.12000000000006
816,0.7669724432152849,0.3309509198280717,0.0023802209815002827,0.014492445973808648,1800000,3600000,4411800000,465.69000000000005
817,0.7649810439911315,0.3342976396978088,0.002633923992418394,0.014444218244766325,1800000,3600000,4417200000,466.26000000000005
818,0.7655944104565114,0.33364106598896565,0.00015122732099486186,0.01439615100718643,1800000,3600000,4422600000,466.83000000000004
819,0.7657409550254193,0.33340185501847863,0.002505570081611519,0.014348243726988055,1800000,3600000,4428000000,467.40000000000003
820,0.7664457592020149,0.3356688891026596,0.0024066762356009306,0.014300495871867599,1800000,3600000,4433400000,467.97
821,0.7662518591657317,0.3317966942333622,0.002162007664404185,0.01425290691129284,1800000,3600000,4438800000,468.5400000000001
822,0.7666982221128341,0.3363417601844706,0.0017738083200812425,0.014205476316497063,1800000,3600000,4444200000,469.11000000000007
823,0.765264619339248,0.3347849937796739,0.0004486489651916092,0.014158203560473181,1800000,3600000,4449600000,469.68000000000006
824,0.7665793017166248,0.3232669584270794,0.0009354097088831552,0.014111088117967848,1800000,3600000,4455000000,470.25000000000006
825,0.7663579939391696,0.3385129038253729,0.001960183453979872,0.014064129465475665,1800000,3600000,4460400000,470.82000000000005
826,0.7637050097936802,0.3408118718979522,0.0016714270110114483,0.01401732708123335,1800000,3600000,4465800000,471.39000000000004
827,0.7673350762272856,0.3320869781246317,0.0014888095035580158,0.013970680445213924,1800000,3600000,4471200000,471.96000000000004
828,0.7671234807779007,0.3313679639949617,0.0011113521182772857,0.013924189039120962,1800000,3600000,4476600000,472.53000000000003
829,0.7670192455070549,0.33004762659024267,0.0006680935802019988,0.01387785234638279,1800000,3600000,4482000000,473.1000000000001
830,0.7647643026179152,0.3346580077433221,0.003542229124232051,0.013831669852146802,1800000,3600000,4487400000,473.6700000000001
831,0.7657498447075315,0.3318591523144833,0.0014521323844693327,0.013785641043273693,1800000,3600000,4492800000,474.24000000000007
832,0.767937534771788,0.3351930355757384,0.0013492492023620961,0.01373976540833178,1800000,3600000,4498200000,474.81000000000006
833,0.7654878962953836,0.33726152202164034,0.00020766419436437766,0.013694042437591319,1800000,3600000,4503600000,475.38000000000005
834,0.7654569631543282,0.3330288325696031,0.001109698715762963,0.01364847162301883,1800000,3600000,4509000000,475.95000000000005
835,0.767507468392478,0.33647618981964994,0.0015667856267548958,0.013603052458271453,1800000,3600000,4514400000,476.52000000000004
836,0.7653165836897512,0.3339176700921546,0.0017677456861351372,0.013557784438691338,1800000,3600000,4519800000,477.09000000000003
837,0.7663447575516876,0.33357504006029437,0.0025737883012010594,0.013512667061300028,1800000,3600000,4525200000,477.66
838,0.7641533650089162,0.33976644310407567,0.001535303470374108,0.013467699824792862,1800000,3600000,4530600000,478.2300000000001
839,0.7657322047923547,0.33589583835755527,0.00016142093366677108,0.013422882229533415,1800000,3600000,4536000000,478.80000000000007
840,0.766876584460184,0.3307803762672141,0.0025029473057689117,0.013378213777547955,1800000,3600000,4541400000,479.37000000000006
841,0.7627409631965739,0.33465489950801275,0.00036840770438803625,0.013333693972519876,1800000,3600000,4546800000,479.94000000000005
842,0.7687903442471214,0.330437601966892,0.00146221662240119,0.013289322319784223,1800000,3600000,4552200000,480.51000000000005
843,0.7649102647163517,0.3325465859668091,0.0011505530085480868,0.01324509832632218,1800000,3600000,4557600000,481.08000000000004
844,0.7669273109642778,0.33720281496940563,0.0008884448827673768,0.013201021500755583,1800000,3600000,4563000000,481.65000000000003
845,0.7644133666098044,0.33706178856299307,0.0016097169213537565,0.013157091353341475,1800000,3600000,4568400000,482.22
846,0.7656364261121184,0.3338919394377065,0.001931951963424909,0.013113307395966662,1800000,3600000,4573800000,482.7900000000001
847,0.7661201374560523,0.3344773419980355,0.00256127151849567,0.01306966914214226,1800000,3600000,4579200000,483.36000000000007
848,0.7648232387805417,0.3342831523987114,2.184203923297017e-05,0.013026176106998346,1800000,3600000,4584600000,483.93000000000006
849,0.7647418947698124,0.33601257243097743,0.0010011084138195976,0.012982827807278526,1800000,3600000,4590000000,484.50000000000006
850,0.7644954068835609,0.33937674163386383,0.0027906703225042163,0.012939623761334574,1800000,3600000,4595400000,485.07000000000005
851,0.7645520189767895,0.3325590994488283,0.0018350155353774403,0.012896563489121101,1800000,3600000,4600800000,485.64000000000004
852,0.7653619955791311,0.32808532981483257,0.0007697904063664364,0.012853646512190182,1800000,3600000,4606200000,486.21000000000004
853,0.7637801439304693,0.33900688452554784,0.001172568070356079,0.012810872353686081,1800000,3600000,4611600000,486.78000000000003
854,0.7655654238188777,0.3346747316928159,0.0004188480569790136,0.012768240538339934,1800000,3600000,4617000000,487.3500000000001
855,0.7641916241476266,0.33301096986240974,4.899733603690713e-05,0.01272575059246446,1800000,3600000,4622400000,487.9200000000001
856,0.769691565834574,0.33371574827474626,0.0,0.012683402043948716,1800000,3600000,4627800000,488.49000000000007
857,0.7672951816567632,0.33463550137959885,0.003014000472089026,0.012641194422252843,1800000,3600000,4633200000,489.06000000000006
858,0.7649128667674818,0.33144059573004375,0.00020352758185315485,0.012599127258402818,1800000,3600000,4638600000,489.63000000000005
859,0.7645239717091442,0.3319661446291812,0.0027619830442085717,0.012557200084985287,1800000,3600000,4644000000,490.20000000000005
860,0.7648548409528915,0.32968214643520405,0.0005491705912807576,0.012515412436142334,1800000,3600000,4649400000,490.77000000000004
861,0.7653388478532281,0.3374149538941086,0.002268044522323068,0.012473763847566318,1800000,3600000,4654800000,491.34000000000003
862,0.7644430197815227,0.3306065510747981,0.0015488782692020201,0.01243225385649472,1800000,3600000,4660200000,491.9100000000001
863,0.7636994904128162,0.33128072194143604,0.00048650737937799545,0.012390882001704991,1800000,3600000,4665600000,492.4800000000001
864,0.764265994530588,0.3370325669438548,0.0015163895313049889,0.01234964782350942,1800000,3600000,4671000000,493.05000000000007
865,0.7676596063113797,0.33275523623928216,0.00045135175861245834,0.012308550863750054,1800000,3600000,4676400000,493.62000000000006
866,0.7622686896388206,0.3393260289401755,0.0011481681483382735,0.012267590665793582,1800000,3600000,4681800000,494.19000000000005
867,0.76399564420493,0.3343380648489208,0.0011400303801407654,0.012226766774526273,1800000,3600000,4687200000,494.76000000000005
868,0.7636665594270274,0.3369278307630966,0.0016279692449478308,0.012186078736348917,1800000,3600000,4692600000,495.33000000000004
869,0.7667166599832348,0.33328838610865963,0.0,0.012145526099171784,1800000,3600000,4698000000,495.90000000000003
870,0.7637023075127382,0.33425400098316377,0.0014608845684148588,0.01210510841240959,1800000,3600000,4703400000,496.47
871,0.765718873023562,0.3284598441880175,0.0016693595954043404,0.01206482522697652,1800000,3600000,4708800000,497.0400000000001
872,0.7667257377776501,0.33613690113992023,0.0005904965742733436,0.012024676095281203,1800000,3600000,4714200000,497.61000000000007
873,0.7654353703448807,0.3357811346761407,0.0003987411730056647,0.011984660571221769,1800000,3600000,4719600000,498.18000000000006
874,0.7639620680893766,0.3339262634393335,0.002231062868515968,0.011944778210180869,1800000,3600000,4725000000,498.75000000000006
875,0.7693809436494236,0.3304804230889483,0.001394867005272533,0.011905028569020754,1800000,3600000,4730400000,499.32000000000005
876,0.7674897999374539,0.3307122346102272,0.0,0.011865411206078324,1800000,3600000,4735800000,499.89000000000004
877,0.7672513038500246,0.33117182880540835,0.002691070059448116,0.011825925681160258,1800000,3600000,4741200000,500.46000000000004
878,0.7688203206031834,0.33269893321000477,0.00030341705537115845,0.01178657155553809,1800000,3600000,4746600000,501.03000000000003
879,0.7672267350536833,0.3325959671780055,0.0021052565068065635,0.01174734839194336,1800000,3600000,4752000000,501.6000000000001
880,0.7648389186862934,0.33681405414521953,0.0022678312891553864,0.011708255754562732,1800000,3600000,4757400000,502.1700000000001
881,0.7675964999445676,0.3295675619807909,0.0007852660957246702,0.011669293209033163,1800000,3600000,4762800000,502.74000000000007
882,0.764228592897778,0.3310141825246278,0.0017645810777244212,0.011630460322437081,1800000,3600000,4768200000,503.31000000000006
883,0.7663189202166864,0.33391922563030946,0.0,0.01159175666329757,1800000,3600000,4773600000,503.88000000000005
884,0.7672317699611528,0.33233730919821625,7.076076783260458e-05,0.011553181801573576,1800000,3600000,4779000000,504.45000000000005
885,0.7680761189017118,0.3291318322455578,0.0024704969234930103,0.011514735308655124,1800000,3600000,4784400000,505.02000000000004
886,0.7650250745087057,0.3373212911416199,0.0,0.011476416757358571,1800000,3600000,4789800000,505.59000000000003
887,0.7640532315791692,0.3377459736298575,0.0023737163953167217,0.011438225721921835,1800000,3600000,4795200000,506.1600000000001
888,0.7665927565776347,0.3383290125283657,0.0029529446232904933,0.011400161777999683,1800000,3600000,4800600000,506.7300000000001
889,0.7660968532696555,0.3342670161365359,0.0010179904905706283,0.01136222450265902,1800000,3600000,4806000000,507.30000000000007
890,0.7676964933440263,0.33585058222679337,0.0023960655789507595,0.011324413474374167,1800000,3600000,4811400000,507.87000000000006
891,0.7678938435240974,0.33153933730802,9.554991410870247e-05,0.011286728273022203,1800000,3600000,4816800000,508.44000000000005
892,0.7655241594514952,0.33655915075501436,6.994271710560312e-05,0.011249168479878289,1800000,3600000,4822200000,509.01000000000005
893,0.7670187242475816,0.33364102671977774,0.002085499678001773,0.011211733677610984,1800000,3600000,4827600000,509.58000000000004
894,0.7651918725874839,0.33123982412664005,0.0006008032085861015,0.01117442345027767,1800000,3600000,4833000000,510.15000000000003
895,0.7638163982603327,0.33616542509698577,0.0006229508209672857,0.011137237383319877,1800000,3600000,4838400000,510.72
896,0.7663422344847527,0.33654225948585664,0.0009258437529343352,0.011100175063558702,1800000,3600000,4843800000,511.2900000000001
897,0.7631094228094772,0.3397616954145682,0.0018018592330055457,0.01106323607919021,1800000,3600000,4849200000,511.86000000000007
898,0.7655908857383712,0.3384171202536274,0.00039995885262595677,0.011026420019780866,1800000,3600000,4854600000,512.4300000000001
899,0.7638618420214384,0.3399460643798872,0.0015493083704545883,0.010989726476262956,1800000,3600000,4860000000,513.0
900,0.7641056802843356,0.33384779192790176,0.0,0.010953155040930068,1800000,3600000,4865400000,513.57
901,0.7661943193558941,0.3346864659505555,0.001057651418693369,0.010916705307432543,1800000,3600000,4870800000,514.1400000000001
902,0.7695916466332997,0.33289581102850874,1.4131518591399767e-05,0.010880376870772968,1800000,3600000,4876200000,514.71
903,0.7667910821698007,0.338579552370855,0.000270425265639644,0.010844169327301678,1800000,3600000,4881600000,515.2800000000001
904,0.7666858699602018,0.3352720468347984,0.0008654049242844261,0.010808082274712251,1800000,3600000,4887000000,515.85
905,0.7663858913317124,0.3355193821222226,0.002282773921820957,0.010772115312037072,1800000,3600000,4892400000,516.4200000000001
906,0.7653356051901478,0.3360737703207607,9.47681456733157e-06,0.010736268039642852,1800000,3600000,4897800000,516.99
907,0.767365643560846,0.3302388959839001,0.002336286747599066,0.010700540059226191,1800000,3600000,4903200000,517.5600000000001
908,0.7669026625398733,0.3360925951292641,0.0019940692093134435,0.010664930973809168,1800000,3600000,4908600000,518.1300000000001
909,0.7657021347147828,0.33590170991928336,0.0014361950873228977,0.010629440387734914,1800000,3600000,4914000000,518.7
910,0.7638962042456269,0.33761172016135005,0.0011630927851703121,0.010594067906663207,1800000,3600000,4919400000,519.2700000000001
911,0.7631282521230343,0.33184424947732677,0.0006385098649247888,0.010558813137566122,1800000,3600000,4924800000,519.84
912,0.7648797594590028,0.3349670246286106,0.0016566631208038524,0.01052367568872364,1800000,3600000,4930200000,520.4100000000001
913,0.7662681468253816,0.33253485266483296,0.0008748473811193414,0.010488655169719302,1800000,3600000,4935600000,520.98
914,0.7644195059740663,0.3398346322915943,0.0,0.010453751191435868,1800000,3600000,4941000000,521.5500000000001
915,0.7700840634090911,0.32955398814220194,0.0011679993387753466,0.010418963366051004,1800000,3600000,4946400000,522.12
916,0.7656407490139736,0.3358122036603344,0.0003613001071655267,0.01038429130703295,1800000,3600000,4951800000,522.69
917,0.7676273391892934,0.33568330668551505,0.0009118082228241886,0.010349734629136251,1800000,3600000,4957200000,523.2600000000001
918,0.7659662855187521,0.33272494887341325,0.0021764353983735373,0.010315292948397467,1800000,3600000,4962600000,523.83
919,0.7658976187158986,0.33030021599894754,0.0009337059879331523,0.0102809658821309,1800000,3600000,4968000000,524.4000000000001
920,0.7645432735024993,0.3374704091843058,0.0,0.010246753048924351,1800000,3600000,4973400000,524.97
921,0.7656743205308048,0.32853299355274246,0.0015540593395372887,0.010212654068634879,1800000,3600000,4978800000,525.5400000000001
922,0.7658371968282361,0.3322371912439738,0.002545389132728456,0.010178668562384568,1800000,3600000,4984200000,526.11
923,0.7665683265112312,0.3373572392233506,0.002512627042760928,0.010144796152556337,1800000,3600000,4989600000,526.6800000000001
924,0.766485494351362,0.33263912565315135,0.0018202717958368253,0.010111036462789725,1800000,3600000,4995000000,527.2500000000001
925,0.7665017203559167,0.3398314253016372,0.0003968147311465749,0.010077389117976725,1800000,3600000,5000400000,527.82
926,0.7653588928509074,0.3321253657593609,0.0017209842102390612,0.010043853744257604,1800000,3600000,5005800000,528.3900000000001
927,0.7659227094339817,0.33243100166394246,0.0006467098228311654,0.010010429969016745,1800000,3600000,5011200000,528.96
928,0.7659932996781924,0.3335341681656594,0.0011335749669644972,0.009977117420878534,1800000,3600000,5016600000,529.5300000000001
929,0.7642830526334142,0.33702713479430385,0.0010513998244273458,0.009943915729703197,1800000,3600000,5022000000,530.1
930,0.765563323564449,0.332437097059858,0.001674087122171234,0.009910824526582717,1800000,3600000,5027400000,530.6700000000001
931,0.7636945496979642,0.3352953277258746,0.00040570286554712125,0.009877843443836716,1800000,3600000,5032800000,531.24
932,0.7646041803471324,0.33525003068571796,0.000736910122139902,0.009844972115008389,1800000,3600000,5038200000,531.8100000000001
933,0.7643243478043719,0.33356795217658686,0.0,0.009812210174860397,1800000,3600000,5043600000,532.3800000000001
934,0.7674892707285658,0.33526471489435306,0.0010700538962470714,0.009779557259370852,1800000,3600000,5049000000,532.95
935,0.7639858810751751,0.3408612523421172,0.0009140927537758732,0.00974701300572925,1800000,3600000,5054400000,533.5200000000001
936,0.7648583387034044,0.3336414726146372,0.0019092583604856943,0.009714577052332429,1800000,3600000,5059800000,534.09
937,0.7648858587711671,0.33980545395056744,0.0,0.00968224903878058,1800000,3600000,5065200000,534.6600000000001
938,0.764865529394551,0.3310337758654332,0.0015773651199453799,0.009650028605873223,1800000,3600000,5070600000,535.23
939,0.7666758950821465,0.3331430701621989,0.002662630428283145,0.009617915395605208,1800000,3600000,5076000000,535.8000000000001
940,0.7650484577644028,0.3383239080687552,0.0010274023128999607,0.009585909051162758,1800000,3600000,5081400000,536.37
941,0.7660159797817235,0.33453451515756233,0.0021955201946805324,0.009554009216919498,1800000,3600000,5086800000,536.94
942,0.764991616705084,0.33476946811936226,0.0004867363909828692,0.009522215538432497,1800000,3600000,5092200000,537.5100000000001
943,0.7676348222732066,0.3297396325827783,0.0025105917255470196,0.009490527662438332,1800000,3600000,5097600000,538.08
944,0.7669483157282927,0.33355583192606486,0.0011459814836467218,0.00945894523684917,1800000,3600000,5103000000,538.6500000000001
945,0.7658983446695554,0.3363897819313524,0.0012802759512218114,0.009427467910748841,1800000,3600000,5108400000,539.22
946,0.76431394729635,0.33270345886228603,0.000886458662200982,0.009396095334388952,1800000,3600000,5113800000,539.7900000000001
947,0.7658369818921792,0.33796144158288377,0.0007932808438361476,0.009364827159185005,1800000,3600000,5119200000,540.36
948,0.7654058632282943,0.33368933442474125,0.0012757626763254578,0.009333663037712504,1800000,3600000,5124600000,540.9300000000001
949,0.7644026312033186,0.3365992356012356,0.0005954379745951877,0.009302602623703115,1800000,3600000,5130000000,541.5000000000001
950,0.7668586713387179,0.33902577159047126,0.0,0.009271645572040809,1800000,3600000,5135400000,542.07
951,0.7672392760529934,0.33523513404190997,0.0009559130491335508,0.00924079153875802,1800000,3600000,5140800000,542.6400000000001
952,0.7661271263842626,0.3354117400975461,0.0014889355130001504,0.009210040181031845,1800000,3600000,5146200000,543.21
953,0.7686879545022499,0.3293633058948713,0.0,0.009179391157180212,1800000,3600000,5151600000,543.7800000000001
954,0.7651718091595437,0.33841252523489573,0.0006808112015395163,0.009148844126658095,1800000,3600000,5157000000,544.35
955,0.7675678467613529,0.3348688313074852,0.0002737066552065908,0.009118398750053738,1800000,3600000,5162400000,544.9200000000001
956,0.7636906619513054,0.3315342071928535,0.0013483095276445832,0.009088054689084853,1800000,3600000,5167800000,545.49
957,0.7678004259405982,0.3333809266341235,0.00023557513358003074,0.009057811606594903,1800000,3600000,5173200000,546.0600000000001
958,0.7666832441940631,0.33520195640898237,0.0008102467368426448,0.009027669166549323,1800000,3600000,5178600000,546.6300000000001
959,0.7634285121581198,0.340545866606711,0.002204158945506049,0.008997627034031805,1800000,3600000,5184000000,547.2
960,0.7673443128124033,0.33307183354482994,0.0011347705436541736,0.008967684875240566,1800000,3600000,5189400000,547.7700000000001
961,0.7674423916718451,0.33589228543811106,0.0011381104326968652,0.00893784235748465,1800000,3600000,5194800000,548.34
962,0.7650415863591652,0.33729442007327004,0.0007748722969428993,0.008908099149180209,1800000,3600000,5200200000,548.9100000000001
963,0.7675264941170176,0.3327788587976703,0.000805059116386276,0.008878454919846852,1800000,3600000,5205600000,549.48
964,0.7688286226526079,0.33232960409154694,0.0011224709825967188,0.008848909340103947,1800000,3600000,5211000000,550.0500000000001
965,0.7670042513288664,0.3309150022339744,0.0009511364835382971,0.00881946208166697,1800000,3600000,5216400000,550.62
966,0.7670537133606787,0.33282167410265157,0.00012483630085336492,0.008790112817343857,1800000,3600000,5221800000,551.19
967,0.7674764372970089,0.33134870932205157,0.0008980476258676501,0.008760861221031375,1800000,3600000,5227200000,551.7600000000001
968,0.7649687093245805,0.331272719595489,0.0006732141923296295,0.008731706967711477,1800000,3600000,5232600000,552.33
969,0.7674997258581256,0.3386049986027681,0.00040873410479532705,0.008702649733447719,1800000,3600000,5238000000,552.9000000000001
970,0.7672392308212,0.33142025401376785,0.0015169433000035578,0.008673689195381645,1800000,3600000,5243400000,553.47
971,0.7660464864102497,0.33116297859034816,0.00021977693163246516,0.0086448250317292,1800000,3600000,5248800000,554.0400000000001
972,0.7659882552642296,0.332764897663035,0.001784425320695073,0.008616056921777155,1800000,3600000,5254200000,554.61
973,0.7667929471474392,0.3327841862995972,0.0008214503860682347,0.008587384545879555,1800000,3600000,5259600000,555.1800000000001
974,0.7635700291456876,0.3359459358616963,2.372268896909933e-05,0.00855880758545414,1800000,3600000,5265000000,555.7500000000001
975,0.7677320090056035,0.3363568863167537,0.0029709733666238142,0.008530325722978842,1800000,3600000,5270400000,556.32
976,0.7657553154092025,0.3384027454325761,0.0,0.008501938641988227,1800000,3600000,5275800000,556.8900000000001
977,0.7665417013862307,0.3338562961606816,0.0011840079186942805,0.00847364602706999,1800000,3600000,5281200000,557.46
978,0.7668385930901215,0.3303553916115765,0.0033469718888181634,0.008445447563861456,1800000,3600000,5286600000,558.0300000000001
979,0.7643016903745417,0.338650363189109,0.0007541356342614111,0.008417342939046071,1800000,3600000,5292000000,558.6
980,0.7644643900904917,0.3363747598427448,0.0017089348487610827,0.008389331840349944,1800000,3600000,5297400000,559.1700000000001
981,0.765519091574172,0.3374996020889932,0.0008124329692368847,0.008361413956538348,1800000,3600000,5302800000,559.74
982,0.7645835801685102,0.3343830163173935,0.0019436214481152476,0.008333588977412296,1800000,3600000,5308200000,560.3100000000001
983,0.7676589260599784,0.32938215863133924,0.0013349611450419385,0.008305856593805061,1800000,3600000,5313600000,560.8800000000001
984,0.7674129622745363,0.3360204741276275,0.0,0.008278216497578768,1800000,3600000,5319000000,561.45
985,0.7636612104727776,0.33693280104126005,0.0011235268400686068,0.008250668381620944,1800000,3600000,5324400000,562.0200000000001
986,0.766919840147267,0.3326412466780799,0.00030119615551360394,0.008223211939841133,1800000,3600000,5329800000,562.59
987,0.7669721110746487,0.33770208915232625,0.0009194917775075003,0.008195846867167478,1800000,3600000,5335200000,563.1600000000001
988,0.7682056166799743,0.3355957138107076,0.0018581327759700753,0.008168572859543331,1800000,3600000,5340600000,563.73
989,0.765546014834922,0.33408527400931687,0.0020485003581234224,0.008141389613923886,1800000,3600000,5346000000,564.3000000000001
990,0.767170773596434,0.33350913766106466,0.0017029160950606458,0.008114296828272803,1800000,3600000,5351400000,564.8700000000001
991,0.7644599060958496,0.3385889500114944,0.0015389946684150782,0.008087294201558844,1800000,3600000,5356800000,565.44
992,0.7663454329871701,0.3341998710170264,0.00010783281395432113,0.00806038143375255,1800000,3600000,5362200000,566.0100000000001
993,0.7661804020526096,0.33496923334013773,0.0011554500565855743,0.008033558225822888,1800000,3600000,5367600000,566.58
994,0.7635833809309844,0.33928675369838673,0.0016055161009691948,0.008006824279733942,1800000,3600000,5373000000,567.1500000000001
995,0.7656895169234353,0.3347071919128122,0.0015098331049818643,0.00798017929844159,1800000,3600000,5378400000,567.72
996,0.7680097645355326,0.3361006458133552,0.0006123272324747831,0.007953622985890214,1800000,3600000,5383800000,568.2900000000001
997,0.7687917541139786,0.33489522123761756,0.001393149024871758,0.007927155047009393,1800000,3600000,5389200000,568.86
998,0.766828348761009,0.3243741642445742,0.0018207739854004825,0.007900775187710651,1800000,3600000,5394600000,569.4300000000001
999,0.7663366712767552,0.33091062639068675,0.0023651212754444446,0.007874483114884165,1800000,3600000,5400000000,570.0000000000001
