round,test_accuracy,train_objective,mfg,hfr_tau,downlink_bytes,uplink_bytes,cumulative_serialized_bytes,single_device_elapsed_seconds
0,0.5042688330065421,0.5944961416173782,0.04711549253979443,0.22,1800000,3600000,5400000,0.5700000000000001
1,0.5077022293078951,0.5955831949685363,0.04478448756403329,0.2192678875319951,1800000,3600000,10800000,1.1400000000000001
2,0.5149333749903618,0.5821573192874272,0.04481381430491084,0.21853821137610757,1800000,3600000,16200000,1.7100000000000002
3,0.5184064668781689,0.5863844030279582,0.045848594137456795,0.21781096342481698,1800000,3600000,21600000,2.2800000000000002
4,0.5219787751567403,0.5740968454142862,0.04521968370359635,0.21708613559758305,1800000,3600000,27000000,2.8500000000000005
5,0.5262794034753847,0.573946608971257,0.04398026272762559,0.21636371984075584,1800000,3600000,32400000,3.4200000000000004
6,0.5306534200648604,0.5695524772391078,0.04285885437330854,0.21564370812748615,1800000,3600000,37800000,3.99
7,0.5344142639792883,0.5672562454448341,0.0430731473382224,0.21492609245763647,1800000,3600000,43200000,4.5600000000000005
8,0.5389498564105816,0.5607960106530276,0.043232826113656045,0.2142108648576919,1800000,3600000,48600000,5.130000000000001
9,0.5431440613239757,0.558754292495519,0.043943987525949225,0.21349801738067178,1800000,3600000,54000000,5.700000000000001
10,0.5472532844171227,0.5579281294193368,0.04413729542913591,0.2127875421060413,1800000,3600000,59400000,6.2700000000000005
11,0.5485312750839795,0.5533255501300228,0.042885920639719265,0.21207943113962338,1800000,3600000,64800000,6.840000000000001
12,0.5536402110707722,0.5474055553033683,0.04285087079523899,0.2113736766135111,1800000,3600000,70200000,7.410000000000001
13,0.5565472846793611,0.5417522056155988,0.043087757030350095,0.2106702706859803,1800000,3600000,75600000,7.98
14,0.5631858475299413,0.5321805288582699,0.041867409972081986,0.20996920554140228,1800000,3600000,81000000,8.55
15,0.5635286912966304,0.53274806698639,0.041187736442929855,0.20927047339015709,1800000,3600000,86400000,9.120000000000001
16,0.5675439861042416,0.5312138985232592,0.04471492438178702,0.208574066468547,1800000,3600000,91800000,9.690000000000001
17,0.5722901442356252,0.5296848642670829,0.04289742062950976,0.2078799770387102,1800000,3600000,97200000,10.260000000000002
18,0.57574534926098,0.5243810095779043,0.0415414362569478,0.20718819738853472,1800000,3600000,102600000,10.830000000000002
19,0.5794294430879332,0.5207282628151991,0.04161984519424651,0.2064987198315729,1800000,3600000,108000000,11.400000000000002
20,0.5829179447546884,0.5203437186531312,0.0405905783920249,0.2058115367069559,1800000,3600000,113400000,11.97
21,0.5886314980504196,0.5128460302644773,0.04267099939964595,0.2051266403793086,1800000,3600000,118800000,12.540000000000001
22,0.5896683984088157,0.5142324959676768,0.04021810975099133,0.20444402323866478,1800000,3600000,124200000,13.110000000000001
23,0.5901615361465583,0.5076501932815407,0.04120701650650464,0.20376367770038248,1800000,3600000,129600000,13.680000000000001
24,0.5915715665005739,0.5083075019375156,0.03970624391163365,0.20308559620505987,1800000,3600000,135000000,14.250000000000002
25,0.5980240004966269,0.5035677961753785,0.04015853398341163,0.20240977121845113,1800000,3600000,140400000,14.820000000000002
26,0.6004960006009883,0.4976463706878095,0.03978725766428328,0.20173619523138275,1800000,3600000,145800000,15.390000000000002
27,0.6044999440413773,0.4921612583564616,0.03940999846473589,0.2010648607596702,1800000,3600000,151200000,15.96
28,0.6077444310566036,0.49564094715300494,0.04028823406716857,0.20039576034403467,1800000,3600000,156600000,16.53
29,0.6079144222562761,0.4964293412216867,0.04006082095955978,0.19972888655002022,1800000,3600000,162000000,17.1
30,0.6122698942080839,0.4898822272426982,0.04006932157654422,0.1990642319679111,1800000,3600000,167400000,17.67
31,0.6161620020523234,0.4818707196645155,0.038901421300286045,0.19840178921264964,1800000,3600000,172800000,18.240000000000002
32,0.6190058237971319,0.48328522516768174,0.038988065149703745,0.19774155092375395,1800000,3600000,178200000,18.810000000000002
33,0.6216344311046867,0.4842520683317547,0.03966331905381842,0.1970835097652362,1800000,3600000,183600000,19.380000000000003
34,0.6232272386354392,0.4739790014708608,0.039921687088555514,0.19642765842552126,1800000,3600000,189000000,19.950000000000003
35,0.6254660306740512,0.47937620727999264,0.038703213657196624,0.19577398961736522,1800000,3600000,194400000,20.520000000000003
36,0.6274198446514063,0.4703310234311337,0.03890937943009709,0.19512249607777465,1800000,3600000,199800000,21.090000000000003
37,0.6302580698095341,0.4733282363404186,0.038363709995717206,0.1944731705679257,1800000,3600000,205200000,21.660000000000004
38,0.6334964197347109,0.4674681780118173,0.03989538787505084,0.1938260058730838,1800000,3600000,210600000,22.230000000000004
39,0.6343765601121512,0.4650969075168789,0.03938908473158905,0.1931809948025235,1800000,3600000,216000000,22.800000000000004
40,0.6372155856840909,0.4595397431167793,0.03830652699428548,0.19253813018944846,1800000,3600000,221400000,23.37
41,0.6392006964955164,0.45824510623111964,0.03926024167102013,0.19189740489091192,1800000,3600000,226800000,23.94
42,0.6409602974658664,0.4595322202954322,0.03742740320372243,0.1912588117877373,1800000,3600000,232200000,24.51
43,0.6434822234915212,0.4547034045783713,0.0384818064103244,0.1906223437844391,1800000,3600000,237600000,25.080000000000002
44,0.6479538319737246,0.4528974472235657,0.03587966708468452,0.1899879938091441,1800000,3600000,243000000,25.650000000000002
45,0.649458724259826,0.4512756635783044,0.037832749156239916,0.18935575481351272,1800000,3600000,248400000,26.220000000000002
46,0.6528292781535133,0.446124491713244,0.036911089742346075,0.1887256197726607,1800000,3600000,253800000,26.790000000000003
47,0.6495657942704709,0.45056871814695443,0.03686751913647095,0.1880975816850811,1800000,3600000,259200000,27.360000000000003
48,0.6562668620059025,0.444715699184647,0.037084719418204265,0.1874716335725665,1800000,3600000,264600000,27.930000000000003
49,0.6592227489587524,0.4448975788060783,0.03785797081274979,0.18684776848013143,1800000,3600000,270000000,28.500000000000004
50,0.6591038412016422,0.44408725192046716,0.03615815919889398,0.1862259794759351,1800000,3600000,275400000,29.070000000000004
51,0.663451121331268,0.4369725605689311,0.03561071095398571,0.18560625965120442,1800000,3600000,280800000,29.640000000000004
52,0.6613887742322561,0.43828474859866984,0.03580095982831322,0.18498860212015716,1800000,3600000,286200000,30.210000000000004
53,0.6667607302943288,0.4314509841838766,0.035988628696871944,0.18437300001992551,1800000,3600000,291600000,30.780000000000005
54,0.6665783468255402,0.43703682369794133,0.03699071018122411,0.18375944651047985,1800000,3600000,297000000,31.350000000000005
55,0.6676806498821397,0.43390915233551175,0.036148883809094014,0.1831479347745526,1800000,3600000,302400000,31.92
56,0.6707113118593746,0.43315318393349306,0.035824197220111605,0.18253845801756263,1800000,3600000,307800000,32.49
57,0.6725699143964556,0.4264202145329815,0.037185628695516185,0.1819310094675397,1800000,3600000,313200000,33.06
58,0.6735205604723156,0.4331762866256189,0.03629788196256121,0.18132558237504928,1800000,3600000,318600000,33.63
59,0.6733989940801736,0.42027005744187645,0.03593690884407127,0.18072217001311738,1800000,3600000,324000000,34.2
60,0.6754855929784462,0.4214580125577711,0.035002804773763635,0.18012076567715601,1800000,3600000,329400000,34.77
61,0.6802016985011576,0.41254862498000106,0.03759581219462827,0.1795213626848886,1800000,3600000,334800000,35.34
62,0.6813475843186759,0.4187133100552388,0.03503785151724979,0.17892395437627573,1800000,3600000,340200000,35.910000000000004
63,0.6788915859215287,0.4205338941843893,0.03405764433155793,0.17832853411344116,1800000,3600000,345600000,36.480000000000004
64,0.6876822815118214,0.414047754011514,0.036958564208269054,0.17773509528059805,1800000,3600000,351000000,37.050000000000004
65,0.6836511812555567,0.41317463908209917,0.03406579005944383,0.17714363128397553,1800000,3600000,356400000,37.620000000000005
66,0.6872635582388994,0.41801107776317337,0.03421839752988162,0.17655413555174526,1800000,3600000,361800000,38.190000000000005
67,0.6910275799727759,0.41080625082561983,0.03426702722253292,0.17596660153394866,1800000,3600000,367200000,38.760000000000005
68,0.6894870652415208,0.4105750561433618,0.0346645195793447,0.1753810227024239,1800000,3600000,372600000,39.330000000000005
69,0.6891753393737747,0.4063369830861191,0.0339489259600227,0.17479739255073348,1800000,3600000,378000000,39.900000000000006
70,0.6943460606848733,0.4021335360169088,0.03417665386224814,0.17421570459409197,1800000,3600000,383400000,40.470000000000006
71,0.6941121944171407,0.4019971428057235,0.03271384771633155,0.17363595236929383,1800000,3600000,388800000,41.040000000000006
72,0.6930397445241321,0.4071419222973585,0.031951068409407354,0.17305812943464177,1800000,3600000,394200000,41.61000000000001
73,0.6963222134129868,0.4040312587658086,0.03387008797379932,0.17248222936987492,1800000,3600000,399600000,42.18000000000001
74,0.6969429872168832,0.3971475638495337,0.03291132441809683,0.1719082457760978,1800000,3600000,405000000,42.75000000000001
75,0.700361300855753,0.3964491055292911,0.035461824821275495,0.17133617227570908,1800000,3600000,410400000,43.32000000000001
76,0.7002689362761879,0.3921742021169135,0.03241370210722686,0.17076600251233054,1800000,3600000,415800000,43.89000000000001
77,0.7029380795886215,0.3986631604528692,0.03217651648691413,0.17019773015073678,1800000,3600000,421200000,44.46000000000001
78,0.7005595454743788,0.4004905220777019,0.03304527400745534,0.16963134887678458,1800000,3600000,426600000,45.03000000000001
79,0.7059357607145332,0.39189379836983107,0.035700759367955165,0.16906685239734287,1800000,3600000,432000000,45.60000000000001
80,0.7077849447353217,0.3919326143649862,0.031110345649590084,0.16850423444022272,1800000,3600000,437400000,46.17
81,0.7090017761040547,0.3930234929524156,0.031920718312538614,0.1679434887541077,1800000,3600000,442800000,46.74
82,0.7080375190858639,0.3865283359863427,0.03401094730818763,0.16738460910848446,1800000,3600000,448200000,47.31
83,0.7086426364136201,0.39235720453848677,0.03190599871932041,0.16682758929357333,1800000,3600000,453600000,47.88
84,0.7115948752903556,0.3912260469618715,0.03230270738702571,0.1662724231202596,1800000,3600000,459000000,48.45
85,0.7091617616485579,0.3880820660923425,0.031176222205712662,0.1657191044200245,1800000,3600000,464400000,49.02
86,0.7128893809461971,0.38830976663560873,0.0322470293151959,0.16516762704487678,1800000,3600000,469800000,49.59
87,0.715298379932223,0.3817322807166586,0.031169175035696873,0.16461798486728435,1800000,3600000,475200000,50.160000000000004
88,0.7152391693347625,0.3876526379982442,0.031763270675488196,0.16407017178010627,1800000,3600000,480600000,50.730000000000004
89,0.7142064797758084,0.38728961768782777,0.03103730093555436,0.16352418169652483,1800000,3600000,486000000,51.300000000000004
90,0.7155706697443044,0.379958810033404,0.031768460404897454,0.16298000854997793,1800000,3600000,491400000,51.870000000000005
91,0.7196485914214582,0.38393655261241016,0.03106390241750117,0.16243764629409166,1800000,3600000,496800000,52.440000000000005
92,0.717845702489565,0.3796887915300208,0.029617429902116237,0.16189708890261317,1800000,3600000,502200000,53.010000000000005
93,0.7184323399716293,0.3798557962644831,0.03204763667751539,0.16135833036934363,1800000,3600000,507600000,53.580000000000005
94,0.7210962900573317,0.38050654062833256,0.030432999939393992,0.1608213647080716,1800000,3600000,513000000,54.150000000000006
95,0.7222539757645636,0.3798524685789406,0.032346655304821184,0.16028618595250646,1800000,3600000,518400000,54.720000000000006
96,0.7204468663662217,0.3808740804975432,0.030741914678144442,0.159752788156212,1800000,3600000,523800000,55.290000000000006
97,0.7252909189178324,0.37236967483297684,0.030828426746542063,0.15922116539254064,1800000,3600000,529200000,55.86000000000001
98,0.7255521352471055,0.37758574744085627,0.030828667320360076,0.15869131175456724,1800000,3600000,534600000,56.43000000000001
99,0.7275866865748067,0.3685196988282328,0.030996489918980366,0.15816322135502375,1800000,3600000,540000000,57.00000000000001
100,0.7282298900154258,0.37085755265101394,0.03176922480264149,0.15763688832623365,1800000,3600000,545400000,57.57000000000001
101,0.7270709544442511,0.3787453926675062,0.030100924358374394,0.1571123068200467,1800000,3600000,550800000,58.14000000000001
102,0.7285333106327434,0.374307628305845,0.02923358682355543,0.15658947100777412,1800000,3600000,556200000,58.71000000000001
103,0.7305437080308163,0.370540035301973,0.02847529845872221,0.1560683750801238,1800000,3600000,561600000,59.28000000000001
104,0.7322133986703993,0.3706113178904641,0.029001144194715476,0.1555490132471355,1800000,3600000,567000000,59.85000000000001
105,0.7295528550024445,0.3749493499512117,0.029511754165461652,0.15503137973811695,1800000,3600000,572400000,60.42000000000001
106,0.7337124265038792,0.3672285969961598,0.027845099796403816,0.15451546880157935,1800000,3600000,577800000,60.99000000000001
107,0.7287762250838657,0.3726063646817663,0.028850330337445895,0.15400127470517364,1800000,3600000,583200000,61.56000000000001
108,0.7331945996283346,0.3707539366015618,0.029664618195615472,0.15348879173562682,1800000,3600000,588600000,62.13000000000001
109,0.7333715099769625,0.3652080228679462,0.028816953643732567,0.1529780141986784,1800000,3600000,594000000,62.70000000000001
110,0.7335525069714374,0.36508627143372896,0.03005113551742602,0.15246893641901713,1800000,3600000,599400000,63.27000000000001
111,0.7347506792371405,0.3606449419332428,0.02896071877272906,0.15196155274021803,1800000,3600000,604800000,63.84
112,0.7366613326732885,0.36035753853638125,0.02994964085649812,0.1514558575246794,1800000,3600000,610200000,64.41000000000001
113,0.7362677410298203,0.3655221149970494,0.027170678572156985,0.1509518451535604,1800000,3600000,615600000,64.98
114,0.739200860828675,0.3595094623682632,0.0302204759506534,0.15044951002671828,1800000,3600000,621000000,65.55000000000001
115,0.7396933021632055,0.3573597430965052,0.02671188578502832,0.14994884656264654,1800000,3600000,626400000,66.12
116,0.7401023181845036,0.35779103538328605,0.02855590002197784,0.14944984919841262,1800000,3600000,631800000,66.69000000000001
117,0.7398447976841483,0.3537354623444553,0.027945254006649895,0.14895251238959623,1800000,3600000,637200000,67.26
118,0.7412956122998497,0.35820920084614627,0.02874675816386682,0.1484568306102277,1800000,3600000,642600000,67.83000000000001
119,0.7462612465486579,0.3502613478304808,0.028717404442453,0.14796279835272666,1800000,3600000,648000000,68.4
120,0.7419823864350764,0.3595853604040346,0.026805868241511585,0.14747041012784065,1800000,3600000,653400000,68.97000000000001
121,0.7414725994771086,0.36035044128451665,0.028486911746752244,0.14697966046458436,1800000,3600000,658800000,69.54
122,0.7436529538665665,0.35385955358509774,0.02695715041565797,0.14649054391017868,1800000,3600000,664200000,70.11000000000001
123,0.7435867257733322,0.35080033073105976,0.027576717330535152,0.14600305502999028,1800000,3600000,669600000,70.68
124,0.7423105024520834,0.35688723341508094,0.02733021334825901,0.14551718840747094,1800000,3600000,675000000,71.25000000000001
125,0.7441668901968527,0.355082762112083,0.026300787052516844,0.14503293864409764,1800000,3600000,680400000,71.82000000000001
126,0.7452137912938478,0.35351092031311776,0.02686784973756643,0.1445503003593125,1800000,3600000,685800000,72.39000000000001
127,0.743422819188056,0.3595101899845415,0.02641402172430985,0.14406926819046292,1800000,3600000,691200000,72.96000000000001
128,0.746561857470937,0.3575704230466772,0.027007298945908063,0.14358983679274215,1800000,3600000,696600000,73.53
129,0.746557272557239,0.35145533631868264,0.026835377010477356,0.14311200083912964,1800000,3600000,702000000,74.10000000000001
130,0.7478907432926366,0.3505676086499499,0.027250974952041363,0.14263575502033213,1800000,3600000,707400000,74.67
131,0.7480343646071614,0.34912925027785985,0.02643192827292439,0.14216109404472455,1800000,3600000,712800000,75.24000000000001
132,0.748955163599337,0.34789324381220355,0.02654165753033732,0.14168801263829112,1800000,3600000,718200000,75.81
133,0.7486684362253804,0.351890261076464,0.027646019822418943,0.14121650554456688,1800000,3600000,723600000,76.38000000000001
134,0.7499618056381455,0.34676121356727424,0.02639078893787062,0.14074656752457937,1800000,3600000,729000000,76.95
135,0.7476391584150759,0.3523193515606769,0.027607140441390864,0.14027819335679012,1800000,3600000,734400000,77.52000000000001
136,0.7519062550170751,0.34775519053838905,0.025705962581844773,0.13981137783703693,1800000,3600000,739800000,78.09
137,0.7514113763667823,0.34844257076332963,0.02575514540713612,0.13934611577847586,1800000,3600000,745200000,78.66000000000001
138,0.7513473593405395,0.3462608412204685,0.026419608284896975,0.13888240201152371,1800000,3600000,750600000,79.23
139,0.7510217585110694,0.3467405977049825,0.027040997257350548,0.13842023138380052,1800000,3600000,756000000,79.80000000000001
140,0.7528737402330191,0.3421687270369888,0.026362744888294622,0.13795959876007233,1800000,3600000,761400000,80.37
141,0.7529836380580351,0.34632058572077545,0.0266804910111902,0.13750049902219416,1800000,3600000,766800000,80.94000000000001
142,0.7528277883112713,0.346078046617866,0.026209756453831966,0.13704292706905308,1800000,3600000,772200000,81.51
143,0.7506233490063992,0.3514841829319575,0.025501783169862437,0.13658687781651155,1800000,3600000,777600000,82.08000000000001
144,0.7554671668393226,0.35206427119399136,0.026566859094619172,0.13613234619735098,1800000,3600000,783000000,82.65
145,0.7530030205622071,0.351008828434774,0.025095665718527404,0.1356793271612154,1800000,3600000,788400000,83.22000000000001
146,0.7544732644973715,0.34426153600799914,0.025490299153029087,0.1352278156745552,1800000,3600000,793800000,83.79
147,0.7529221010680428,0.3466275048770674,0.023296519173563134,0.13477780672057155,1800000,3600000,799200000,84.36000000000001
148,0.7537541433351459,0.34297314037992005,0.02401801364155007,0.13432929529916027,1800000,3600000,804600000,84.93
149,0.755433334394714,0.34666200295597377,0.025149490060676048,0.13388227642685652,1800000,3600000,810000000,85.50000000000001
150,0.7560828050670055,0.3442481016026698,0.025143602008910096,0.13343674513677936,1800000,3600000,815400000,86.07000000000001
151,0.7547763311100787,0.34415874686715076,0.023140983884524922,0.1329926964785765,1800000,3600000,820800000,86.64000000000001
152,0.7567783872978479,0.3431064696245153,0.02425715911630058,0.13255012551836945,1800000,3600000,826200000,87.21000000000001
153,0.7578388427573193,0.3446475452925278,0.02453473477625891,0.1321090273386985,1800000,3600000,831600000,87.78000000000002
154,0.7600150170162022,0.3418995980825826,0.02401162178335924,0.13166939703846825,1800000,3600000,837000000,88.35000000000001
155,0.7583380221348959,0.3485644644599126,0.02466960944426471,0.13123122973289303,1800000,3600000,842400000,88.92000000000002
156,0.758757789731932,0.3415299229554006,0.02355981896458411,0.13079452055344276,1800000,3600000,847800000,89.49000000000001
157,0.7575294399368996,0.3418809748103075,0.023982264423452276,0.13035926464778871,1800000,3600000,853200000,90.06000000000002
158,0.7604630269201852,0.34134314206873667,0.023859532151154387,0.12992545717974963,1800000,3600000,858600000,90.63000000000001
159,0.7590105666483475,0.33892546060739215,0.023155861566503535,0.12949309332923814,1800000,3600000,864000000,91.20000000000002
160,0.7598934128255235,0.3408878379851191,0.023926706845943144,0.129062168292207,1800000,3600000,869400000,91.77000000000001
161,0.7599768936142397,0.33937769750366964,0.023434505800962166,0.1286326772805958,1800000,3600000,874800000,92.34
162,0.7600116307220406,0.3340596169090127,0.023460543634780645,0.12820461552227772,1800000,3600000,880200000,92.91000000000001
163,0.7599653280808548,0.34050273971638556,0.023880610743393312,0.12777797826100667,1800000,3600000,885600000,93.48
164,0.7621412708427617,0.33802309922628043,0.023772694839084476,0.12735276075636423,1800000,3600000,891000000,94.05000000000001
165,0.7601703042002214,0.34021285608432256,0.024861347577727247,0.12692895828370707,1800000,3600000,896400000,94.62
166,0.760939777510554,0.34273346091829093,0.023698160815807504,0.12650656613411448,1800000,3600000,901800000,95.19000000000001
167,0.7628627997874434,0.3348326029328483,0.022350851501556936,0.12608557961433597,1800000,3600000,907200000,95.76
168,0.7650226959576563,0.33471977891592597,0.0234287784574089,0.12566599404673928,1800000,3600000,912600000,96.33000000000001
169,0.7624531705867624,0.339416179266266,0.024011665098803908,0.12524780476925818,1800000,3600000,918000000,96.9
170,0.7623026203871278,0.3354118412316421,0.02420854684310328,0.12483100713534084,1800000,3600000,923400000,97.47000000000001
171,0.7623837253713385,0.3313000270153366,0.022006100208163158,0.12441559651389816,1800000,3600000,928800000,98.04
172,0.7620020791973502,0.3355593104971594,0.021757555308343647,0.12400156828925231,1800000,3600000,934200000,98.61000000000001
173,0.7655635979667053,0.33417800480981924,0.021452259874215642,0.12358891786108542,1800000,3600000,939600000,99.18
174,0.7618227773474534,0.34355359026604515,0.022520919706176548,0.12317764064438845,1800000,3600000,945000000,99.75000000000001
175,0.765913053070569,0.33159557540873225,0.021379253365457762,0.12276773206941036,1800000,3600000,950400000,100.32000000000001
176,0.7637340911288638,0.33271152462752857,0.02226518313801862,0.1223591875816072,1800000,3600000,955800000,100.89000000000001
177,0.7656440326408913,0.332739136373159,0.020630566868981553,0.12195200264159156,1800000,3600000,961200000,101.46000000000001
178,0.7643157604675139,0.33279154003455014,0.022109907038847278,0.12154617272508213,1800000,3600000,966600000,102.03000000000002
179,0.7655866759359071,0.3357638404149389,0.022081516980246456,0.12114169332285347,1800000,3600000,972000000,102.60000000000001
180,0.7648773870538191,0.3390516103391699,0.021777155531129813,0.12073855994068583,1800000,3600000,977400000,103.17000000000002
181,0.7648649971885308,0.33862206186691146,0.021201960068579176,0.12033676809931522,1800000,3600000,982800000,103.74000000000001
182,0.7670216752172755,0.3343206156296228,0.02091781027341095,0.11993631333438377,1800000,3600000,988200000,104.31000000000002
183,0.7662932013794643,0.33046242016265914,0.021328565193373613,0.11953719119638996,1800000,3600000,993600000,104.88000000000001
184,0.7646643462629038,0.34318438933958273,0.020713726921455126,0.11913939725063923,1800000,3600000,999000000,105.45000000000002
185,0.7663077915128111,0.32991389206632205,0.021738930291024243,0.11874292707719478,1800000,3600000,1004400000,106.02000000000001
186,0.7672196206884401,0.336369001995014,0.01977240056105745,0.11834777627082839,1800000,3600000,1009800000,106.59000000000002
187,0.7689609753965883,0.328970403065274,0.01989318560466132,0.11795394044097147,1800000,3600000,1015200000,107.16000000000001
188,0.7671862774287392,0.3383379732114067,0.022343805179013958,0.11756141521166627,1800000,3600000,1020600000,107.73000000000002
189,0.7692489593376157,0.3328139905171538,0.020658356966327014,0.11717019622151738,1800000,3600000,1026000000,108.30000000000001
190,0.769374093807974,0.3350582254526224,0.020448630298361324,0.11678027912364307,1800000,3600000,1031400000,108.87000000000002
191,0.7655793409543169,0.333232935064409,0.020487471500768795,0.11639165958562711,1800000,3600000,1036800000,109.44000000000001
192,0.7663296109702732,0.33413001603690934,0.019620518560211523,0.11600433328947068,1800000,3600000,1042200000,110.01
193,0.7714868216840621,0.32391711963488684,0.020473719814146155,0.11561829593154425,1800000,3600000,1047600000,110.58000000000001
194,0.7691892028571278,0.3320884094258377,0.020665206502165186,0.11523354322253988,1800000,3600000,1053000000,111.15
195,0.7664331026173439,0.334369822880241,0.021422059504115146,0.11485007088742354,1800000,3600000,1058400000,111.72000000000001
196,0.7676793280698272,0.32837322313155753,0.020090911256192428,0.11446787466538752,1800000,3600000,1063800000,112.29
197,0.7698183635894116,0.3310920313643261,0.01981326435527152,0.11408695030980319,1800000,3600000,1069200000,112.86000000000001
198,0.7718274133600579,0.3318030337038242,0.020520136673787326,0.11370729358817382,1800000,3600000,1074600000,113.43
199,0.769295412085972,0.3330671306360268,0.01979026893658096,0.1133289002820875,1800000,3600000,1080000000,114.00000000000001
200,0.7701825032299028,0.33328372542719187,0.020343997985967362,0.11295176618717025,1800000,3600000,1085400000,114.57000000000001
201,0.7704572431474987,0.33134797822839995,0.01916162659455522,0.11257588711303934,1800000,3600000,1090800000,115.14000000000001
202,0.7686719486838333,0.3288007944124876,0.019914075693318344,0.11220125888325679,1800000,3600000,1096200000,115.71000000000001
203,0.768753752415147,0.33259541815562416,0.021616115475984486,0.11182787733528282,1800000,3600000,1101600000,116.28000000000002
204,0.7672642090125213,0.3370261309913735,0.021603717050245594,0.1114557383204297,1800000,3600000,1107000000,116.85000000000001
205,0.7692623312221625,0.3341010534935773,0.021213867706351138,0.11108483770381573,1800000,3600000,1112400000,117.42000000000002
206,0.7678585637446269,0.33299741331375177,0.02035533249989763,0.11071517136431909,1800000,3600000,1117800000,117.99000000000001
207,0.768914177577178,0.3364157923637422,0.019937140603213426,0.11034673519453223,1800000,3600000,1123200000,118.56000000000002
208,0.7731171911496593,0.3219022406269899,0.019812664217660682,0.10997952510071608,1800000,3600000,1128600000,119.13000000000001
209,0.7682818859647523,0.33144564948105215,0.018447222898118475,0.10961353700275477,1800000,3600000,1134000000,119.70000000000002
210,0.7694888760868124,0.3330520051886943,0.018573803154951694,0.1092487668341101,1800000,3600000,1139400000,120.27000000000001
211,0.7682835513112266,0.33372471354010996,0.0179710880066551,0.10888521054177641,1800000,3600000,1144800000,120.84000000000002
212,0.7688507620481635,0.3310136223004015,0.01786835188289611,0.10852286408623565,1800000,3600000,1150200000,121.41000000000001
213,0.7672026446637068,0.3348334782491506,0.01991929357666998,0.10816172344141232,1800000,3600000,1155600000,121.98000000000002
214,0.7674642525844909,0.33160040168086646,0.01933786225827572,0.1078017845946289,1800000,3600000,1161000000,122.55000000000001
215,0.768905529060891,0.3303706965816764,0.020154933205122752,0.10744304354656116,1800000,3600000,1166400000,123.12000000000002
216,0.7687181126092822,0.33011862672803577,0.018452073667939838,0.10708549631119377,1800000,3600000,1171800000,123.69000000000001
217,0.7665688668302858,0.33115713971734145,0.017008400460458737,0.10672913891577596,1800000,3600000,1177200000,124.26000000000002
218,0.7695820214252802,0.3310967636952187,0.018186481746934824,0.1063739674007775,1800000,3600000,1182600000,124.83000000000001
219,0.7688284738079236,0.3308011621941913,0.020480955898022117,0.10601997781984454,1800000,3600000,1188000000,125.40000000000002
220,0.7678550586682907,0.33366110245234404,0.01878884463169138,0.10566716623975587,1800000,3600000,1193400000,125.97000000000001
221,0.7699274937357087,0.33105184521862946,0.019586388307991278,0.10531552874037918,1800000,3600000,1198800000,126.54000000000002
222,0.770304101669743,0.32705035547274297,0.019066632110173815,0.10496506141462757,1800000,3600000,1204200000,127.11000000000001
223,0.7671809390076836,0.3337234300672597,0.017852931364280112,0.10461576036841601,1800000,3600000,1209600000,127.68
224,0.7686584725325646,0.3276315279453187,0.01995164351446543,0.10426762172061814,1800000,3600000,1215000000,128.25
225,0.7673037646641941,0.32989793124371225,0.016953992796953896,0.10392064160302324,1800000,3600000,1220400000,128.82000000000002
226,0.767350851115798,0.32932544159394783,0.018725047335666392,0.10357481616029306,1800000,3600000,1225800000,129.39000000000001
227,0.7667861633577489,0.3356747082543224,0.018610715586463124,0.10323014154991914,1800000,3600000,1231200000,129.96
228,0.7674248837776281,0.33126790331127465,0.016928989351488573,0.10288661394218003,1800000,3600000,1236600000,130.53
229,0.766934986303462,0.3343943297405207,0.01745683136935848,0.10254422952009878,1800000,3600000,1242000000,131.10000000000002
230,0.7676786351109712,0.32993526313767085,0.019340620969167846,0.10220298447940052,1800000,3600000,1247400000,131.67000000000002
231,0.7669279793736341,0.3336066673538255,0.01853936665108779,0.10186287502847018,1800000,3600000,1252800000,132.24
232,0.766718363550858,0.3334336121457722,0.015386525504574753,0.10152389738831034,1800000,3600000,1258200000,132.81
233,0.7701467256294807,0.33047428826915054,0.018024373134521397,0.1011860477924993,1800000,3600000,1263600000,133.38000000000002
234,0.7666711831823674,0.33118984851792943,0.017339686600779784,0.10084932248714917,1800000,3600000,1269000000,133.95000000000002
235,0.7681734111537794,0.33178917865620894,0.016921063614123637,0.10051371773086425,1800000,3600000,1274400000,134.52
236,0.7695819258641767,0.3336528041079002,0.016930590707749806,0.1001792297946993,1800000,3600000,1279800000,135.09
237,0.7698276334559684,0.3353617417027382,0.017399605478607808,0.09984585496211829,1800000,3600000,1285200000,135.66000000000003
238,0.7692090063173428,0.33153934707248806,0.017863452551131646,0.09951358952895295,1800000,3600000,1290600000,136.23000000000002
239,0.7651630354033734,0.32972204039023245,0.016504957674027817,0.09918242980336175,1800000,3600000,1296000000,136.8
240,0.7651757065727401,0.3374167713641714,0.017982849776007837,0.09885237210578875,1800000,3600000,1301400000,137.37
241,0.7692277638937595,0.3363898495308594,0.01745981403447151,0.09852341276892282,1800000,3600000,1306800000,137.94000000000003
242,0.76789862019474,0.330382773774737,0.017105370896879444,0.09819554813765684,1800000,3600000,1312200000,138.51000000000002
243,0.7713445827308835,0.3275767247702461,0.017476254268826995,0.09786877456904704,1800000,3600000,1317600000,139.08
244,0.7691388000288135,0.3243650552755895,0.016423061707593868,0.09754308843227269,1800000,3600000,1323000000,139.65
245,0.7701227295189049,0.32859058033065974,0.015804521229013355,0.09721848610859557,1800000,3600000,1328400000,140.22000000000003
246,0.7688500960001362,0.33650088058054045,0.018364886801297598,0.09689496399131985,1800000,3600000,1333800000,140.79000000000002
247,0.7696628853473311,0.3307532518253551,0.01720012140787863,0.09657251848575199,1800000,3600000,1339200000,141.36
248,0.7692406512417119,0.3339122483548915,0.015825424746592102,0.09625114600916085,1800000,3600000,1344600000,141.93
249,0.7664113027802277,0.33630382218281113,0.018093133588774495,0.09593084299073784,1800000,3600000,1350000000,142.50000000000003
250,0.7700694523284889,0.336150122268325,0.01658149793810315,0.0956116058715572,1800000,3600000,1355400000,143.07000000000002
251,0.7669586026168799,0.3306551038080275,0.017668796281987448,0.0952934311045366,1800000,3600000,1360800000,143.64000000000001
252,0.7678372422289483,0.3316876216203711,0.017068622696884198,0.09497631515439754,1800000,3600000,1366200000,144.21
253,0.7686097199282996,0.3294507182988948,0.01544064765385406,0.0946602544976262,1800000,3600000,1371600000,144.78000000000003
254,0.7712361493859624,0.33263321405661955,0.016629608391380408,0.09434524562243425,1800000,3600000,1377000000,145.35000000000002
255,0.7685596692737895,0.33495485024551863,0.01760820213099149,0.09403128502871988,1800000,3600000,1382400000,145.92000000000002
256,0.7684842606658382,0.3300045224817464,0.016254774855850054,0.09371836922802874,1800000,3600000,1387800000,146.49
257,0.7710704091717805,0.32625486121822816,0.016288196573321537,0.09340649474351545,1800000,3600000,1393200000,147.06
258,0.767926114609849,0.32981788558249775,0.015182040093248115,0.09309565810990474,1800000,3600000,1398600000,147.63000000000002
259,0.7684820740634456,0.32934791958775544,0.01560141947883041,0.09278585587345302,1800000,3600000,1404000000,148.20000000000002
260,0.7699827206383613,0.3281646489326279,0.01478866194212312,0.09247708459191002,1800000,3600000,1409400000,148.77
261,0.7687047704537622,0.3279868576290963,0.016940227136158777,0.09216934083448058,1800000,3600000,1414800000,149.34
262,0.7661514444278771,0.332456322630293,0.015757370630116167,0.09186262118178642,1800000,3600000,1420200000,149.91000000000003
263,0.7669092008912604,0.33817023717680966,0.015490646841428316,0.09155692222582827,1800000,3600000,1425600000,150.48000000000002
264,0.7669020411026517,0.33853269838640976,0.016404605530688413,0.0912522405699479,1800000,3600000,1431000000,151.05
265,0.7701343819694579,0.32985009971784596,0.016038761016923808,0.09094857282879044,1800000,3600000,1436400000,151.62
266,0.7670225332399688,0.33714214052008806,0.01493938871757989,0.09064591562826678,1800000,3600000,1441800000,152.19000000000003
267,0.7679690657546834,0.32833132130859966,0.01571884358264048,0.090344265605516,1800000,3600000,1447200000,152.76000000000002
268,0.7683313389121935,0.33689481050789866,0.014375889697221459,0.0900436194088681,1800000,3600000,1452600000,153.33
269,0.7689971216947473,0.33143200814595974,0.017085455059491304,0.08974397369780665,1800000,3600000,1458000000,153.9
270,0.7681294619876424,0.33042208319503064,0.014354833287778907,0.08944532514293181,1800000,3600000,1463400000,154.47000000000003
271,0.765592678709407,0.33224173742398494,0.016497538147950543,0.08914767042592323,1800000,3600000,1468800000,155.04000000000002
272,0.7670072769204216,0.33611401513439604,0.014672271262544764,0.08885100623950319,1800000,3600000,1474200000,155.61
273,0.76810253110658,0.33115127864396254,0.015130063644474848,0.08855532928739991,1800000,3600000,1479600000,156.18
274,0.7678841985071444,0.3309466309703594,0.015320150587785061,0.08826063628431091,1800000,3600000,1485000000,156.75000000000003
275,0.7698189253106585,0.33089041500129845,0.014630003742062804,0.08796692395586642,1800000,3600000,1490400000,157.32000000000002
276,0.7697759709873795,0.33478876859518353,0.014421350071471165,0.08767418903859311,1800000,3600000,1495800000,157.89000000000001
277,0.7690203748775722,0.3359960977818718,0.014763204229869176,0.0873824282798778,1800000,3600000,1501200000,158.46
278,0.7676486539310456,0.3345926923125896,0.014964279971746491,0.08709163843793126,1800000,3600000,1506600000,159.03000000000003
279,0.7677958286585318,0.3290243838499024,0.015253136619594817,0.08680181628175224,1800000,3600000,1512000000,159.60000000000002
280,0.7688417047379056,0.32496326471474696,0.014126634770162494,0.08651295859109161,1800000,3600000,1517400000,160.17000000000002
281,0.7663313392573731,0.33448743501615097,0.013832396665176341,0.0862250621564165,1800000,3600000,1522800000,160.74
282,0.7693941244337381,0.32801174213375683,0.013631649404471372,0.08593812377887465,1800000,3600000,1528200000,161.31000000000003
283,0.7680976778447701,0.3344625201894332,0.014406172669210486,0.08565214027025891,1800000,3600000,1533600000,161.88000000000002
284,0.7678116388190754,0.3334471747046682,0.013765572726058406,0.08536710845297184,1800000,3600000,1539000000,162.45000000000002
285,0.7694761667039998,0.3328343911819734,0.014539813387076118,0.08508302515999028,1800000,3600000,1544400000,163.02
286,0.7657019018916081,0.3329339230795805,0.017071966367092226,0.08479988723483026,1800000,3600000,1549800000,163.59000000000003
287,0.76694691430758,0.33139516859751217,0.01406125547615111,0.08451769153151197,1800000,3600000,1555200000,164.16000000000003
288,0.7673045701710821,0.33584461940696186,0.012738382403826734,0.08423643491452465,1800000,3600000,1560600000,164.73000000000002
289,0.7681909630163386,0.3293282109944377,0.013836806070390865,0.08395611425879189,1800000,3600000,1566000000,165.3
290,0.7690383318677638,0.3312993411814549,0.013765786898702757,0.08367672644963688,1800000,3600000,1571400000,165.87
291,0.7692590646196471,0.3330898204820187,0.011705209984027215,0.08339826838274775,1800000,3600000,1576800000,166.44000000000003
292,0.76836938070325,0.32728268731640614,0.014441944814254495,0.08312073696414307,1800000,3600000,1582200000,167.01000000000002
293,0.7671150118255887,0.3374881382058502,0.014287957320211396,0.08284412911013761,1800000,3600000,1587600000,167.58
294,0.7692581722271927,0.32888984612478206,0.012356665175167347,0.0825684417473079,1800000,3600000,1593000000,168.15
295,0.7680379848103959,0.33240168057268354,0.016623945433835614,0.08229367181245818,1800000,3600000,1598400000,168.72000000000003
296,0.767918953169551,0.3335690298709328,0.014813578502634548,0.08201981625258635,1800000,3600000,1603800000,169.29000000000002
297,0.7651114826640837,0.3359760030763436,0.014598323916206076,0.08174687202485005,1800000,3600000,1609200000,169.86
298,0.7706511300977757,0.3303043911718189,0.012741833975795156,0.08147483609653282,1800000,3600000,1614600000,170.43
299,0.7667667352844264,0.3333047808671612,0.013047453990860103,0.08120370544501043,1800000,3600000,1620000000,171.00000000000003
300,0.7705260733337632,0.32938198464329205,0.012374472570405696,0.08093347705771732,1800000,3600000,1625400000,171.57000000000002
301,0.7689600142680053,0.3294203949872061,0.013736614566334753,0.08066414793211302,1800000,3600000,1630800000,172.14000000000001
302,0.7698064450021779,0.31989706582263494,0.013792810647307406,0.080395715075649,1800000,3600000,1636200000,172.71
303,0.7673530211822379,0.3330113698120991,0.012306412630719726,0.08012817550573513,1800000,3600000,1641600000,173.28000000000003
304,0.7707690761917515,0.32842012788109015,0.01109851801092441,0.0798615262497068,1800000,3600000,1647000000,173.85000000000002
305,0.768301160067098,0.3361065668337314,0.01421461885625458,0.07959576434479178,1800000,3600000,1652400000,174.42000000000002
306,0.7700772373732941,0.32928975297627855,0.010924632271915508,0.07933088683807722,1800000,3600000,1657800000,174.99
307,0.7701626011075761,0.3302922365959043,0.012148512713497914,0.07906689078647704,1800000,3600000,1663200000,175.56000000000003
308,0.767438429835695,0.3316098824097478,0.012703593048170349,0.07880377325669904,1800000,3600000,1668600000,176.13000000000002
309,0.7693619836729464,0.3294093304762656,0.011765327010380619,0.07854153132521242,1800000,3600000,1674000000,176.70000000000002
310,0.7703219315228411,0.32723448132356575,0.012864315121299565,0.07828016207821521,1800000,3600000,1679400000,177.27
311,0.7655244969374838,0.3317172726386345,0.012301705911569618,0.07801966261160202,1800000,3600000,1684800000,177.84000000000003
312,0.7670114765425788,0.3379862778295361,0.012629827727860712,0.07776003003093164,1800000,3600000,1690200000,178.41000000000003
313,0.7689307200493212,0.32990877006152425,0.014134481950531278,0.07750126145139492,1800000,3600000,1695600000,178.98000000000002
314,0.7671650213918082,0.3375667588083024,0.014555865686759184,0.07724335399778277,1800000,3600000,1701000000,179.55
315,0.7665340567695349,0.32916959468560986,0.012396062910509778,0.07698630480445418,1800000,3600000,1706400000,180.12000000000003
316,0.7711017238219393,0.32539488956010293,0.013146039942245974,0.07673011101530436,1800000,3600000,1711800000,180.69000000000003
317,0.7677213359970235,0.3352384647492177,0.014017706403356534,0.07647476978373298,1800000,3600000,1717200000,181.26000000000002
318,0.7693107398447434,0.3325408906602383,0.012831479967201588,0.07622027827261263,1800000,3600000,1722600000,181.83
319,0.7644418802493019,0.3309436065196303,0.012893715293366146,0.07596663365425728,1800000,3600000,1728000000,182.40000000000003
320,0.7686227219618788,0.33064809405447493,0.012823289300595026,0.07571383311039072,1800000,3600000,1733400000,182.97000000000003
321,0.7652113458295502,0.3359840609296737,0.013287203192927248,0.07546187383211546,1800000,3600000,1738800000,183.54000000000002
322,0.7695748133660675,0.33497661216797525,0.011786492638991427,0.07521075301988138,1800000,3600000,1744200000,184.11
323,0.7674926475661947,0.3353498434985858,0.011631236533851688,0.07496046788345459,1800000,3600000,1749600000,184.68
324,0.7689401352555979,0.3293391526925369,0.01277642452786138,0.0747110156418866,1800000,3600000,1755000000,185.25000000000003
325,0.7671347630809167,0.33122373566753976,0.013639867744609764,0.07446239352348329,1800000,3600000,1760400000,185.82000000000002
326,0.7689769208833597,0.3277796316192736,0.010567202877278841,0.07421459876577408,1800000,3600000,1765800000,186.39000000000001
327,0.7660252596192698,0.33459452082775865,0.012277829211938252,0.07396762861548134,1800000,3600000,1771200000,186.96
328,0.7673362771885331,0.3327741736528284,0.013701838467977455,0.07372148032848977,1800000,3600000,1776600000,187.53000000000003
329,0.7681153940025499,0.3323528176089806,0.012623100036960235,0.07347615116981583,1800000,3600000,1782000000,188.10000000000002
330,0.7681150981432948,0.3291016181019797,0.012658414108938828,0.07323163841357751,1800000,3600000,1787400000,188.67000000000002
331,0.7692788798383127,0.3389386937217704,0.012349821815844528,0.07298793934296385,1800000,3600000,1792800000,189.24
332,0.7690475686137122,0.3276231948801722,0.010896498569540024,0.0727450512502049,1800000,3600000,1798200000,189.81000000000003
333,0.7671945842747073,0.3273063947483055,0.011155898879195804,0.0725029714365416,1800000,3600000,1803600000,190.38000000000002
334,0.7672612394518484,0.32967004888167956,0.011914795514021055,0.07226169721219572,1800000,3600000,1809000000,190.95000000000002
335,0.7686202829005331,0.3337215790445443,0.01171761356884386,0.07202122589634008,1800000,3600000,1814400000,191.52
336,0.7672973714951329,0.329156405592245,0.012150511724064866,0.07178155481706869,1800000,3600000,1819800000,192.09000000000003
337,0.7679480728486985,0.3288755027780817,0.011390659820243757,0.0715426813113671,1800000,3600000,1825200000,192.66000000000003
338,0.7670245943485882,0.3333551264902012,0.012521322386746617,0.07130460272508277,1800000,3600000,1830600000,193.23000000000002
339,0.7659987661349795,0.33478134537477094,0.011490679553140419,0.07106731641289565,1800000,3600000,1836000000,193.8
340,0.7683781363062246,0.33659988956461123,0.012118446083553724,0.0708308197382887,1800000,3600000,1841400000,194.37000000000003
341,0.7689689736405771,0.32925829271772705,0.012067523411421302,0.07059511007351867,1800000,3600000,1846800000,194.94000000000003
342,0.7691236180757616,0.3303266832049857,0.010182487767534772,0.07036018479958688,1800000,3600000,1852200000,195.51000000000002
343,0.7689943996806814,0.33062485390768326,0.01117249018256801,0.07012604130621002,1800000,3600000,1857600000,196.08
344,0.768538009282882,0.3317100462335607,0.010479103489622214,0.06989267699179139,1800000,3600000,1863000000,196.65000000000003
345,0.7711959881879665,0.33233745978376156,0.010170251167590624,0.06966008926339172,1800000,3600000,1868400000,197.22000000000003
346,0.7674007653114592,0.336872150776905,0.00953901689138486,0.06942827553670051,1800000,3600000,1873800000,197.79000000000002
347,0.7682908506233216,0.333804586557726,0.010072435600008903,0.06919723323600736,1800000,3600000,1879200000,198.36
348,0.767177465655538,0.3357507741995416,0.01037490292591123,0.06896695979417317,1800000,3600000,1884600000,198.93000000000004
349,0.7704996149580815,0.3240889882451637,0.0140163450422525,0.06873745265260178,1800000,3600000,1890000000,199.50000000000003
350,0.7712840094410279,0.32371828024503374,0.011158071458616655,0.06850870926121148,1800000,3600000,1895400000,200.07000000000002
351,0.7686886270590155,0.3295391000459378,0.010321116363687627,0.06828072707840671,1800000,3600000,1900800000,200.64000000000001
352,0.7658589370793354,0.3311424334752762,0.011653684116577736,0.06805350357104971,1800000,3600000,1906200000,201.21
353,0.7691635085317564,0.3324043533459904,0.011824295536729158,0.06782703621443252,1800000,3600000,1911600000,201.78000000000003
354,0.7694326520825744,0.33000977358772526,0.009345572930859481,0.06760132249224887,1800000,3600000,1917000000,202.35000000000002
355,0.7665489087637564,0.33333241626613425,0.009221698976426813,0.06737635989656618,1800000,3600000,1922400000,202.92000000000002
356,0.7693374763754682,0.32769855002023046,0.012151192070875356,0.06715214592779772,1800000,3600000,1927800000,203.49
357,0.769147056469931,0.3341660963086384,0.011297461209997755,0.0669286780946749,1800000,3600000,1933200000,204.06000000000003
358,0.7663295216926365,0.33591930989293134,0.011113274671321916,0.06670595391421945,1800000,3600000,1938600000,204.63000000000002
359,0.769570506182366,0.3312857819711053,0.010263854596131718,0.066483970911716,1800000,3600000,1944000000,205.20000000000002
360,0.7686875421736181,0.3346072714355843,0.010619409594669714,0.06626272662068447,1800000,3600000,1949400000,205.77
361,0.7704708185693769,0.33031279628812654,0.011133785607569379,0.06604221858285264,1800000,3600000,1954800000,206.34000000000003
362,0.7680141647777211,0.3297176850334955,0.01045830734416524,0.06582244434812895,1800000,3600000,1960200000,206.91000000000003
363,0.7686671974860363,0.3333478999308185,0.010976717240655295,0.06560340147457523,1800000,3600000,1965600000,207.48000000000002
364,0.7671987031597123,0.3304063144025945,0.011398196286347494,0.06538508752837947,1800000,3600000,1971000000,208.05
365,0.7673718666378887,0.33319500509475014,0.01064233228439087,0.06516750008382895,1800000,3600000,1976400000,208.62000000000003
366,0.7685594256395417,0.3244625346772692,0.009893533436251788,0.06495063672328313,1800000,3600000,1981800000,209.19000000000003
367,0.7657573702665955,0.33272245525123845,0.010640134493629376,0.0647344950371469,1800000,3600000,1987200000,209.76000000000002
368,0.7679934838467973,0.3382120624702185,0.01012451773484784,0.06451907262384375,1800000,3600000,1992600000,210.33
369,0.7663744882604534,0.33081130208762277,0.00976730126597068,0.06430436708978908,1800000,3600000,1998000000,210.90000000000003
370,0.7695800675974332,0.33131341254896207,0.009787852590146065,0.06409037604936363,1800000,3600000,2003400000,211.47000000000003
371,0.7666360765765943,0.33439634968239906,0.009901876411853777,0.063877097124887,1800000,3600000,2008800000,212.04000000000002
372,0.7678540464236927,0.32916373917805364,0.013351133621993862,0.06366452794659114,1800000,3600000,2014200000,212.61
373,0.7662710502411887,0.3382236959827434,0.007879139189698906,0.06345266615259412,1800000,3600000,2019600000,213.18000000000004
374,0.7662696521162726,0.3290314098568594,0.010180717852126021,0.06324150938887384,1800000,3600000,2025000000,213.75000000000003
375,0.7656386534221196,0.33442021744620953,0.010476372056386069,0.06303105530924182,1800000,3600000,2030400000,214.32000000000002
376,0.7686660724960946,0.3299695634544116,0.009714944494829524,0.06282130157531728,1800000,3600000,2035800000,214.89000000000001
377,0.7699901505158355,0.33188816606036303,0.011345574239730767,0.06261224585650099,1800000,3600000,2041200000,215.46000000000004
378,0.7662463641983026,0.33540989750667505,0.009865684404722644,0.06240388582994949,1800000,3600000,2046600000,216.03000000000003
379,0.7682158289619254,0.3332736166184911,0.008381628476083333,0.06219621918054922,1800000,3600000,2052000000,216.60000000000002
380,0.7711669831226718,0.32649563785984376,0.010436449527624044,0.061989243600890837,1800000,3600000,2057400000,217.17000000000002
381,0.7683721741500409,0.3327809426548707,0.010764137729871096,0.06178295679124355,1800000,3600000,2062800000,217.74000000000004
382,0.7683017801284198,0.3309414428222087,0.011338036463260717,0.06157735645952957,1800000,3600000,2068200000,218.31000000000003
383,0.7703429957318879,0.32370500539367136,0.009879295092607925,0.061372440321298655,1800000,3600000,2073600000,218.88000000000002
384,0.7659809860093301,0.3379289863206077,0.011280434575955326,0.06116820609970271,1800000,3600000,2079000000,219.45000000000002
385,0.7677950699162818,0.33010663548239166,0.008944001290583906,0.0609646515254705,1800000,3600000,2084400000,220.02
386,0.7671385154168242,0.331249567763834,0.009133110370219343,0.060761774336882464,1800000,3600000,2089800000,220.59000000000003
387,0.7675618000974028,0.33110005315577784,0.008040470868670139,0.06055957227974552,1800000,3600000,2095200000,221.16000000000003
388,0.7689290967080893,0.3348037600142187,0.008492003182755609,0.06035804310736805,1800000,3600000,2100600000,221.73000000000002
389,0.7675372028035828,0.33695544963037677,0.008884508712816411,0.060157184580534956,1800000,3600000,2106000000,222.3
390,0.7693447265980652,0.3315285994533525,0.010511338399569584,0.05995699446748277,1800000,3600000,2111400000,222.87000000000003
391,0.7650363077710971,0.3342283219280836,0.010232076210650623,0.05975747054387485,1800000,3600000,2116800000,223.44000000000003
392,0.7680149393258177,0.32817441521144614,0.00928009011367492,0.05955861059277665,1800000,3600000,2122200000,224.01000000000002
393,0.7668683388060017,0.33855721502203345,0.009104930177775463,0.0593604124046311,1800000,3600000,2127600000,224.58
394,0.7695364494349809,0.3343156953071817,0.009782706897254754,0.0591628737772341,1800000,3600000,2133000000,225.15000000000003
395,0.7676559509689558,0.32899501576343426,0.008747543665893559,0.05896599251570996,1800000,3600000,2138400000,225.72000000000003
396,0.768646644247006,0.32895210657578805,0.0078068841495445435,0.058769766432487075,1800000,3600000,2143800000,226.29000000000002
397,0.7675831322406158,0.338583718670978,0.008301349167688247,0.05857419334727365,1800000,3600000,2149200000,226.86
398,0.7676552381146957,0.33227287083143353,0.007896717083733169,0.05837927108703333,1800000,3600000,2154600000,227.43000000000004
399,0.7686157105750332,0.32689662180705387,0.008228440391016091,0.05818499748596127,1800000,3600000,2160000000,228.00000000000003
400,0.7688687673210546,0.3333640852126383,0.009962779487689801,0.05799137038545989,1800000,3600000,2165400000,228.57000000000002
401,0.7675424189462282,0.3328038949891,0.008947939490429211,0.05779838763411496,1800000,3600000,2170800000,229.14000000000001
402,0.7689226067488206,0.33237215587896995,0.010923907920414366,0.05760604708767172,1800000,3600000,2176200000,229.71000000000004
403,0.767588848009805,0.33386931543310155,0.00798310855812516,0.057414346609011,1800000,3600000,2181600000,230.28000000000003
404,0.7704270255349891,0.3322336497646969,0.008189533687906713,0.05722328406812549,1800000,3600000,2187000000,230.85000000000002
405,0.7717523009941418,0.3216629134099109,0.010276986826804385,0.05703285734209613,1800000,3600000,2192400000,231.42000000000002
406,0.7669510855715792,0.32963566292375884,0.008012454205330782,0.05684306431506844,1800000,3600000,2197800000,231.99000000000004
407,0.7692826915202482,0.3309998006676873,0.009163951867256697,0.05665390287822906,1800000,3600000,2203200000,232.56000000000003
408,0.769610659922567,0.3286017695579134,0.011125441579268003,0.056465370929782294,1800000,3600000,2208600000,233.13000000000002
409,0.7668269974546139,0.3311207226558801,0.007621863099749229,0.05627746637492678,1800000,3600000,2214000000,233.70000000000002
410,0.7668280534470544,0.3306393551344408,0.00846332700828401,0.05609018712583219,1800000,3600000,2219400000,234.27000000000004
411,0.7662728134833428,0.33441655544518106,0.009067718896484889,0.05590353110161606,1800000,3600000,2224800000,234.84000000000003
412,0.7682238687490686,0.3282784723586632,0.009164214734856716,0.05571749622832065,1800000,3600000,2230200000,235.41000000000003
413,0.7668342269145687,0.33144753371098035,0.009449813644499195,0.05553208043888989,1800000,3600000,2235600000,235.98000000000002
414,0.7698701019294812,0.32882688961379297,0.009856289870172457,0.05534728167314643,1800000,3600000,2241000000,236.55000000000004
415,0.7693184277693711,0.32989237817118466,0.008536716773138194,0.05516309787776877,1800000,3600000,2246400000,237.12000000000003
416,0.7698238848187114,0.33049550075189715,0.009392898315091111,0.05497952700626836,1800000,3600000,2251800000,237.69000000000003
417,0.768523776230596,0.32629709048977973,0.007534897180762967,0.054796567018967006,1800000,3600000,2257200000,238.26000000000002
418,0.7684700987640146,0.3303128446157531,0.009037970717666464,0.05461421588297405,1800000,3600000,2262600000,238.83
419,0.7707440364418845,0.3270946841599937,0.008496689481995652,0.05443247157216389,1800000,3600000,2268000000,239.40000000000003
420,0.771366855777927,0.32888199600133944,0.006951032725380803,0.05425133206715343,1800000,3600000,2273400000,239.97000000000003
421,0.7705265391187971,0.32714534262870837,0.008100878094949448,0.05407079535527962,1800000,3600000,2278800000,240.54000000000002
422,0.7691941857440049,0.3306726877365384,0.007262091182864463,0.05389085943057717,1800000,3600000,2284200000,241.11
423,0.768984172607073,0.3337351457194644,0.007846534965896563,0.05371152229375616,1800000,3600000,2289600000,241.68000000000004
424,0.7707945335226248,0.3247711641950718,0.0072052993608497954,0.053532781952179885,1800000,3600000,2295000000,242.25000000000003
425,0.7683635470384261,0.3302671392181547,0.0060970587740362455,0.05335463641984271,1800000,3600000,2300400000,242.82000000000002
426,0.7679517477882731,0.33414954517988915,0.007222306987155971,0.05317708371734802,1800000,3600000,2305800000,243.39000000000001
427,0.7668958343252364,0.33285513141422723,0.009453588209945657,0.05300012187188616,1800000,3600000,2311200000,243.96000000000004
428,0.7711737182012534,0.32704649104630207,0.009225677204949002,0.05282374891721258,1800000,3600000,2316600000,244.53000000000003
429,0.7656383226290115,0.33140069796728855,0.00823422662430052,0.052647962893626,1800000,3600000,2322000000,245.10000000000002
430,0.7645641262779445,0.331647303917784,0.00891342846508821,0.05247276184794653,1800000,3600000,2327400000,245.67000000000002
431,0.7697798744396902,0.326167794213371,0.010863314663807041,0.05229814383349411,1800000,3600000,2332800000,246.24000000000004
432,0.7652517353314007,0.3342892792539648,0.008062028521038878,0.05212410691006679,1800000,3600000,2338200000,246.81000000000003
433,0.7696303130229049,0.3315384506613385,0.00556349232041916,0.051950649143919156,1800000,3600000,2343600000,247.38000000000002
434,0.7669622326739451,0.3354373660462424,0.008817072695383309,0.05177776860774092,1800000,3600000,2349000000,247.95000000000002
435,0.7709137984765058,0.329646436542203,0.010109924946521694,0.051605463380635486,1800000,3600000,2354400000,248.52000000000004
436,0.7702567619090186,0.33099827527600084,0.00889762820261796,0.05143373154809852,1800000,3600000,2359800000,249.09000000000003
437,0.7686541635416991,0.3343873297573962,0.008720137557581116,0.051262571201996794,1800000,3600000,2365200000,249.66000000000003
438,0.7699714470462732,0.33408464588219045,0.008282202520592636,0.05109198044054694,1800000,3600000,2370600000,250.23000000000002
439,0.7699954250705333,0.3282840252646552,0.007531677657003132,0.05092195736829428,1800000,3600000,2376000000,250.80000000000004
440,0.7677123508088497,0.3337645505364022,0.008709688751680773,0.05075250009609183,1800000,3600000,2381400000,251.37000000000003
441,0.7703787766001676,0.3226581893628721,0.007966222036175499,0.05058360674107924,1800000,3600000,2386800000,251.94000000000003
442,0.7692672866577523,0.3299729501140584,0.006954457688579088,0.05041527542666197,1800000,3600000,2392200000,252.51000000000002
443,0.7673955900719681,0.33009438183154666,0.008180469625457376,0.05024750428249035,1800000,3600000,2397600000,253.08000000000004
444,0.7678937219470916,0.3358505293912633,0.008532056081665825,0.050080291444438804,1800000,3600000,2403000000,253.65000000000003
445,0.7666877503147312,0.3352962010083096,0.006729217696336716,0.0499136350545852,1800000,3600000,2408400000,254.22000000000003
446,0.7673862852361226,0.3330142225081725,0.007898803872904616,0.04974753326119018,1800000,3600000,2413800000,254.79000000000002
447,0.7679580092358028,0.3319123687228302,0.006312087716663561,0.04958198421867652,1800000,3600000,2419200000,255.36
448,0.7687787660196586,0.3324907649838796,0.006306606205520508,0.04941698608760872,1800000,3600000,2424600000,255.93000000000004
449,0.7693606249845253,0.3284269817065187,0.00909094225258469,0.04925253703467255,1800000,3600000,2430000000,256.5
450,0.7689758704581819,0.32814398303136166,0.007811480893164489,0.04908863523265456,1800000,3600000,2435400000,257.07000000000005
451,0.7684416838280007,0.33433323146145455,0.007035215882105089,0.04892527886042197,1800000,3600000,2440800000,257.64000000000004
452,0.769517572982442,0.3273637633234472,0.006797974553909647,0.048762466102902295,1800000,3600000,2446200000,258.21000000000004
453,0.7711371835486086,0.3290047711810377,0.009204095735306485,0.0486001951510632,1800000,3600000,2451600000,258.78000000000003
454,0.7674941195480821,0.3321298885858457,0.007161480326682913,0.04843846420189246,1800000,3600000,2457000000,259.35
455,0.7681285072452175,0.3332318507834511,0.0053481755503614285,0.04827727145837786,1800000,3600000,2462400000,259.92
456,0.7679851905518409,0.3337181580664831,0.009475520891958512,0.04811661512948724,1800000,3600000,2467800000,260.49
457,0.7699621982508258,0.32880449477950646,0.008258671004731674,0.047956493430148656,1800000,3600000,2473200000,261.06
458,0.7696587339861165,0.3320834041578231,0.007983029175713731,0.047796904581230454,1800000,3600000,2478600000,261.63000000000005
459,0.7696411914412501,0.33027652583883443,0.006019833651356074,0.04763784680952156,1800000,3600000,2484000000,262.20000000000005
460,0.7689897615762635,0.33120489324224933,0.006394043618389182,0.04747931834771174,1800000,3600000,2489400000,262.77000000000004
461,0.7672218786551239,0.3364319351885902,0.006327314212185099,0.04732131743437206,1800000,3600000,2494800000,263.34000000000003
462,0.7668252856336094,0.33622165484381633,0.00690351964382166,0.047163842313935146,1800000,3600000,2500200000,263.91
463,0.7699507409670424,0.32888732778007057,0.0059891283771959835,0.04700689123667585,1800000,3600000,2505600000,264.48
464,0.7694075219956916,0.33423339757094633,0.00828018287881967,0.04685046245869167,1800000,3600000,2511000000,265.05
465,0.7704171368412411,0.3298347596405742,0.005639563095055638,0.04669455424188347,1800000,3600000,2516400000,265.62
466,0.7662399297784565,0.3353878837112787,0.006001042303209032,0.04653916485393615,1800000,3600000,2521800000,266.19000000000005
467,0.76774733434515,0.3294762745726761,0.008408300707776624,0.046384292568299325,1800000,3600000,2527200000,266.76000000000005
468,0.7703672036085724,0.33837616198011466,0.006674974211669541,0.04622993566416824,1800000,3600000,2532600000,267.33000000000004
469,0.7687421748573927,0.3325284238876927,0.007441528167125619,0.046076092426464606,1800000,3600000,2538000000,267.90000000000003
470,0.7689269047807127,0.33117380868434637,0.007511410368685031,0.04592276114581752,1800000,3600000,2543400000,268.47
471,0.7701281616906992,0.33133815598994715,0.007557570973934325,0.0457699401185445,1800000,3600000,2548800000,269.04
472,0.7692245789486254,0.3310207416519229,0.006100405766644929,0.04561762764663259,1800000,3600000,2554200000,269.61
473,0.7677817206427748,0.3334677568978118,0.006051554161742087,0.045465822037719386,1800000,3600000,2559600000,270.18
474,0.7678175695320401,0.32882144160695115,0.007754377054357704,0.045314521605074355,1800000,3600000,2565000000,270.75000000000006
475,0.7670773872528125,0.3347593443071249,0.007138894762607117,0.04516372466758004,1800000,3600000,2570400000,271.32000000000005
476,0.766773333434885,0.3370687217016682,0.006068302102459045,0.04501342954971334,1800000,3600000,2575800000,271.89000000000004
477,0.7666190011417727,0.33389459591942344,0.006854668620527474,0.04486363458152695,1800000,3600000,2581200000,272.46000000000004
478,0.7684307975200602,0.3329678267137655,0.005553572351181455,0.044714338098630825,1800000,3600000,2586600000,273.03000000000003
479,0.76287513224873,0.3273300633489747,0.008294988567673887,0.04456553844217358,1800000,3600000,2592000000,273.6
480,0.7674630926207218,0.3313309563067021,0.006617293014033767,0.04441723395882419,1800000,3600000,2597400000,274.17
481,0.7669515775783617,0.3269407077953572,0.0072536177840453195,0.04426942300075353,1800000,3600000,2602800000,274.74
482,0.7711362021625315,0.329465230211803,0.006980681690629451,0.04412210392561611,1800000,3600000,2608200000,275.31
483,0.7649940975474738,0.33476576891136056,0.006173176375074149,0.04397527509653179,1800000,3600000,2613600000,275.88000000000005
484,0.7691883974986794,0.3294511001678262,0.006436123300183955,0.043828934882067634,1800000,3600000,2619000000,276.45000000000005
485,0.7695713957910132,0.33089344124774106,0.006245562876624015,0.043683081656219744,1800000,3600000,2624400000,277.02000000000004
486,0.7681217205090891,0.33162134031547813,0.005206881688630882,0.043537713798395224,1800000,3600000,2629800000,277.59000000000003
487,0.7665497804531709,0.3326775865480703,0.007377049591267824,0.04339282969339417,1800000,3600000,2635200000,278.16
488,0.7693861878046181,0.3284277251789305,0.00744825401042643,0.04324842773139169,1800000,3600000,2640600000,278.73
489,0.7670145787611077,0.3324678609939694,0.005485888661535323,0.04310450630792006,1800000,3600000,2646000000,279.3
490,0.7683429544765225,0.33380187204809453,0.006605717560757703,0.04296106382385086,1800000,3600000,2651400000,279.87
491,0.7661542885455926,0.3315373609203423,0.006068535474806277,0.042818098685377254,1800000,3600000,2656800000,280.44000000000005
492,0.7690369504470229,0.3297342369044026,0.006011624479187814,0.04267560930399622,1800000,3600000,2662200000,281.01000000000005
493,0.7701454813778075,0.3318874883030661,0.006528833298283418,0.04253359409649095,1800000,3600000,2667600000,281.58000000000004
494,0.7677337388402005,0.3363613215580352,0.006129370601224255,0.04239205148491322,1800000,3600000,2673000000,282.15000000000003
495,0.767219264001203,0.3296766568988699,0.008323551517826294,0.04225097989656591,1800000,3600000,2678400000,282.72
496,0.7690272549155087,0.3273951993292132,0.00565528267280632,0.042110377763985456,1800000,3600000,2683800000,283.29
497,0.7670463632869872,0.33175986706236504,0.006641779025984289,0.041970243524924504,1800000,3600000,2689200000,283.86
498,0.766134735523322,0.3345817007981227,0.005282743610665501,0.04183057562233452,1800000,3600000,2694600000,284.43
499,0.7666759403964211,0.32744046613384803,0.0055051276215536,0.04169137250434846,1800000,3600000,2700000000,285.00000000000006
500,0.7687384675340613,0.3311817591773718,0.005618829368157642,0.041552632624263605,1800000,3600000,2705400000,285.57000000000005
501,0.7681026924346869,0.3348271591577881,0.004064529180293933,0.0414143544405243,1800000,3600000,2710800000,286.14000000000004
502,0.7700374472102335,0.33058948114787046,0.004231970835873562,0.04127653641670483,1800000,3600000,2716200000,286.71000000000004
503,0.7672284185359016,0.3331598618875908,0.006352090576142356,0.04113917702149243,1800000,3600000,2721600000,287.28000000000003
504,0.767153522515465,0.3363669209702161,0.006767980670140504,0.04100227472867019,1800000,3600000,2727000000,287.85
505,0.7675238758796907,0.32988389337702395,0.005957689020602812,0.0408658280171001,1800000,3600000,2732400000,288.42
506,0.7677315233169866,0.3370397256192795,0.0030378965733253295,0.04072983537070618,1800000,3600000,2737800000,288.99
507,0.7694380847850795,0.3293006069516114,0.005103027226058063,0.04059429527845764,1800000,3600000,2743200000,289.56000000000006
508,0.7668614797430984,0.3329976457739922,0.004363730074763628,0.04045920623435205,1800000,3600000,2748600000,290.13000000000005
509,0.7690572682613321,0.3271832033585235,0.006381644148973621,0.040324566737398634,1800000,3600000,2754000000,290.70000000000005
510,0.7714290650700484,0.3242685747442053,0.004784842458685035,0.040190375291601625,1800000,3600000,2759400000,291.27000000000004
511,0.7695794610428702,0.3343408261838025,0.0044857739780004595,0.04005663040594355,1800000,3600000,2764800000,291.84000000000003
512,0.7665407004255759,0.3323737611691677,0.006603088219312737,0.03992333059436875,1800000,3600000,2770200000,292.41
513,0.7693391156591828,0.32681848334898245,0.0060487568849631225,0.03979047437576686,1800000,3600000,2775600000,292.98
514,0.7678238695963743,0.3327809392637546,0.004823989018517822,0.039658060273956276,1800000,3600000,2781000000,293.55
515,0.7655604815840503,0.3362884867202505,0.004835466517853437,0.039526086817667866,1800000,3600000,2786400000,294.12
516,0.7666518409241009,0.32784594880981655,0.007344201024439756,0.03939455254052851,1800000,3600000,2791800000,294.69000000000005
517,0.7668394917706127,0.33225556990279903,0.00804744973910203,0.039263455981044894,1800000,3600000,2797200000,295.26000000000005
518,0.7673088393101417,0.3327470306895188,0.006287261311759404,0.039132795682587256,1800000,3600000,2802600000,295.83000000000004
519,0.7698114130829259,0.336559320413616,0.006256147492228071,0.03900257019337312,1800000,3600000,2808000000,296.40000000000003
520,0.7708541276745902,0.32731097591618097,0.005520097781149294,0.03887277806645128,1800000,3600000,2813400000,296.97
521,0.7698830437278755,0.33655587646847246,0.004587524234216568,0.03874341785968567,1800000,3600000,2818800000,297.54
522,0.7679451523620907,0.3385519223898617,0.006797826158551054,0.03861448813573931,1800000,3600000,2824200000,298.11
523,0.7662440224611876,0.3284282115482104,0.006034759446150574,0.0384859874620584,1800000,3600000,2829600000,298.68
524,0.7667430822346447,0.33274510446468825,0.006065405959631529,0.03835791441085635,1800000,3600000,2835000000,299.25000000000006
525,0.7692635713885062,0.33707009493358076,0.005233110892103012,0.03823026755909793,1800000,3600000,2840400000,299.82000000000005
526,0.7677938761511464,0.3350252746381478,0.0067354681456714225,0.038103045488483485,1800000,3600000,2845800000,300.39000000000004
527,0.7665526366498155,0.3284786915441175,0.005702433973747792,0.03797624678543314,1800000,3600000,2851200000,300.96000000000004
528,0.7665424543770337,0.3352260357596221,0.005166868372128978,0.03784987004107112,1800000,3600000,2856600000,301.53000000000003
529,0.7677836073385926,0.3292485445237082,0.006382867465617331,0.03772391385121006,1800000,3600000,2862000000,302.1
530,0.7693254576374075,0.3315515529911058,0.0049922479190107685,0.03759837681633546,1800000,3600000,2867400000,302.67
531,0.7692444694730779,0.3351965788447349,0.005885762464737819,0.037473257541590074,1800000,3600000,2872800000,303.24
532,0.7693130116018507,0.3328977444697661,0.005347368916870672,0.03734855463675846,1800000,3600000,2878200000,303.81000000000006
533,0.7670109796159864,0.3315308773341321,0.005516175032448306,0.037224266716251495,1800000,3600000,2883600000,304.38000000000005
534,0.7689327276899537,0.3275795229036456,0.004961219666247464,0.037100392399091006,1800000,3600000,2889000000,304.95000000000005
535,0.7672780286768465,0.33463575628363185,0.0066126700316246345,0.03697693030889443,1800000,3600000,2894400000,305.52000000000004
536,0.767591545829414,0.3300860050210975,0.005251804121204674,0.03685387907385949,1800000,3600000,2899800000,306.09000000000003
537,0.7703894123031644,0.32839589035456573,0.005557659198646189,0.036731237326748954,1800000,3600000,2905200000,306.66
538,0.7668698808022643,0.33339035171387094,0.004445606222684138,0.036609003704875506,1800000,3600000,2910600000,307.23
539,0.7670769824609441,0.3363596204418914,0.00721071567407503,0.036487176850086525,1800000,3600000,2916000000,307.8
540,0.7688380646223103,0.3272448858936943,0.005458666386599917,0.036365755408749034,1800000,3600000,2921400000,308.37000000000006
541,0.7677812307322559,0.3338514214806528,0.005561547784865435,0.036244738031734676,1800000,3600000,2926800000,308.94000000000005
542,0.7675369281400978,0.332277631122666,0.004584080378723255,0.03612412337440466,1800000,3600000,2932200000,309.51000000000005
543,0.7699820495530623,0.3287968790806504,0.0036857468147636734,0.03600391009659489,1800000,3600000,2937600000,310.08000000000004
544,0.7686389958282643,0.33190256588899636,0.006707148555002501,0.035884096862601064,1800000,3600000,2943000000,310.65000000000003
545,0.7687511703249681,0.33180498961715876,0.005309281567346823,0.03576468234116376,1800000,3600000,2948400000,311.22
546,0.7692818208405966,0.3316987993736688,0.0058784166680917235,0.035645665205453765,1800000,3600000,2953800000,311.79
547,0.7683761393196928,0.3298189919741195,0.004035237803448086,0.035527044133057226,1800000,3600000,2959200000,312.36
548,0.768148694152312,0.3325772855951704,0.00357557813970214,0.035408817805960995,1800000,3600000,2964600000,312.93
549,0.7691992293969695,0.33708361750606014,0.004459914559669619,0.035290984910538004,1800000,3600000,2970000000,313.50000000000006
550,0.7672167036436017,0.3311007637931672,0.00786695241471879,0.03517354413753266,1800000,3600000,2975400000,314.07000000000005
551,0.7704973439880314,0.32977454335564094,0.004463035490097225,0.03505649418204626,1800000,3600000,2980800000,314.64000000000004
552,0.7677627468094534,0.33203649001793856,0.0056575785809011205,0.03493983374352255,1800000,3600000,2986200000,315.21000000000004
553,0.7671971693899983,0.33109058093200644,0.006113150949588743,0.03482356152573324,1800000,3600000,2991600000,315.78000000000003
554,0.7689101358189533,0.3255907112325029,0.005165708829593443,0.03470767623676358,1800000,3600000,2997000000,316.35
555,0.7679411276519431,0.3303085468021952,0.004023617781630445,0.034592176588998075,1800000,3600000,3002400000,316.92
556,0.7693094084409513,0.32939711683577044,0.006197399909997698,0.03447706129910612,1800000,3600000,3007800000,317.49
557,0.7698434164047938,0.3266874367351003,0.004212878954440773,0.03436232908802773,1800000,3600000,3013200000,318.06000000000006
558,0.7670602612352806,0.33321437044591556,0.004490233963854427,0.034247978680959405,1800000,3600000,3018600000,318.63000000000005
559,0.7666200321807757,0.33325862368851317,0.005408286192152266,0.03413400880733988,1800000,3600000,3024000000,319.20000000000005
560,0.7688224130724706,0.3316792379805218,0.004326308966749882,0.03402041820083606,1800000,3600000,3029400000,319.77000000000004
561,0.76635617602964,0.32729513896189466,0.00420488282731112,0.03390720559932891,1800000,3600000,3034800000,320.34000000000003
562,0.769441584940059,0.32665361083951067,0.0043377010241480995,0.033794369744899494,1800000,3600000,3040200000,320.91
563,0.7676241850313575,0.332035528884379,0.0057234271310482926,0.033681909383814906,1800000,3600000,3045600000,321.48
564,0.7682171605382188,0.3345423180492438,0.00429950593682332,0.033569823266514455,1800000,3600000,3051000000,322.05
565,0.7688849935098205,0.3314953411824319,0.0058235994406779295,0.03345811014759566,1800000,3600000,3056400000,322.62000000000006
566,0.7688309137173447,0.32986200460478504,0.00589133491595055,0.03334676878580049,1800000,3600000,3061800000,323.19000000000005
567,0.7700424865167135,0.33105626104524855,0.0037327869866168473,0.03323579794400159,1800000,3600000,3067200000,323.76000000000005
568,0.7682319744186035,0.32317539414032426,0.004514012907789984,0.03312519638918843,1800000,3600000,3072600000,324.33000000000004
569,0.7686921446198841,0.3295303696748818,0.004617396384874942,0.03301496289245373,1800000,3600000,3078000000,324.90000000000003
570,0.7705017593241111,0.33003595345927905,0.005624344118308687,0.03290509622897971,1800000,3600000,3083400000,325.47
571,0.7664239562998231,0.3343736499870284,0.004434810603212941,0.03279559517802455,1800000,3600000,3088800000,326.04
572,0.7696875307856891,0.33217673404194276,0.0034832938265184094,0.032686458522908766,1800000,3600000,3094200000,326.61
573,0.7689332116735282,0.3332481663981711,0.005496992006637215,0.03257768505100174,1800000,3600000,3099600000,327.18000000000006
574,0.7702684180379752,0.33072682451980817,0.006174825962458242,0.03246927355370822,1800000,3600000,3105000000,327.75000000000006
575,0.7676667328068603,0.33270702729822604,0.005657265278679326,0.03236122282645489,1800000,3600000,3110400000,328.32000000000005
576,0.7702671180430235,0.32868496325849994,0.005530636032255485,0.03225353166867703,1800000,3600000,3115800000,328.89000000000004
577,0.770996877896315,0.33039780667181184,0.004682836720370749,0.03214619888380508,1800000,3600000,3121200000,329.46000000000004
578,0.7691142719065732,0.33085338541901876,0.004716028335363599,0.032039223279251454,1800000,3600000,3126600000,330.03000000000003
579,0.7640518115320175,0.3370623814351765,0.00451033932666878,0.03193260366639722,1800000,3600000,3132000000,330.6
580,0.765626835195931,0.33045780376988554,0.004572210071818725,0.031826338860578916,1800000,3600000,3137400000,331.17
581,0.7663969305556386,0.3348823460366799,0.003647894046229752,0.03172042768107538,1800000,3600000,3142800000,331.74
582,0.7668291726783898,0.3309899722052203,0.004050330119552047,0.031614868951094645,1800000,3600000,3148200000,332.31000000000006
583,0.7642275710751422,0.334034604219762,0.005174444921408285,0.03150966149776084,1800000,3600000,3153600000,332.88000000000005
584,0.766773003471609,0.33390497203454517,0.0053595223988573675,0.03140480415210119,1800000,3600000,3159000000,333.45000000000005
585,0.7669353269442637,0.3355172944396191,0.003638034273460477,0.03130029574903299,1800000,3600000,3164400000,334.02000000000004
586,0.7685553125746197,0.3366660794915612,0.004525690748099681,0.031196135127350685,1800000,3600000,3169800000,334.59000000000003
587,0.7684488698497767,0.32703828345627745,0.003743926273749389,0.03109232112971296,1800000,3600000,3175200000,335.16
588,0.7674024354073409,0.3347562656659497,0.003938293138783785,0.0309888526026299,1800000,3600000,3180600000,335.73
589,0.7703031872847209,0.33043489368458817,0.003485492866159525,0.030885728396450124,1800000,3600000,3186000000,336.3
590,0.7674143743310973,0.3347837859765472,0.004734418959042349,0.03078294736534807,1800000,3600000,3191400000,336.87000000000006
591,0.7665360645473371,0.33328564644008546,0.004708473984437292,0.030680508367311208,1800000,3600000,3196800000,337.44000000000005
592,0.7684846055916725,0.33525669088039367,0.0030615229183762107,0.030578410264127404,1800000,3600000,3202200000,338.01000000000005
593,0.7682514966621165,0.3311772620881262,0.0046714018832296235,0.030476651921372246,1800000,3600000,3207600000,338.58000000000004
594,0.7684584072278651,0.33205587146137217,0.0048747122377120955,0.03037523220839642,1800000,3600000,3213000000,339.15000000000003
595,0.7669399498518914,0.33334040155492717,0.003493824011457048,0.030274149998313186,1800000,3600000,3218400000,339.72
596,0.7676340723964405,0.3350535117081493,0.0037098818878210237,0.030173404167985855,1800000,3600000,3223800000,340.29
597,0.7671150409296302,0.33368318500800676,0.004354945599049409,0.030072993598015248,1800000,3600000,3229200000,340.86
598,0.7669287828049313,0.3310766707744965,0.004465385883350216,0.029972917172727348,1800000,3600000,3234600000,341.43000000000006
599,0.7682528755865237,0.33183617398993537,0.005154805716626727,0.02987317378016085,1800000,3600000,3240000000,342.00000000000006
600,0.7680767867208773,0.3307423407862839,0.0020193560207546514,0.029773762312054794,1800000,3600000,3245400000,342.57000000000005
601,0.768485591454753,0.3277176327041366,0.005405792356296695,0.029674681663836296,1800000,3600000,3250800000,343.14000000000004
602,0.7700268093174548,0.32773683867335784,0.0043327700298446585,0.029575930734608246,1800000,3600000,3256200000,343.71000000000004
603,0.7672939054318701,0.33308518910738427,0.0049016260909274505,0.029477508427137096,1800000,3600000,3261600000,344.28000000000003
604,0.7658023906531689,0.3369462586903112,0.003352788174195607,0.029379413647840618,1800000,3600000,3267000000,344.85
605,0.7682642739485055,0.33266180661823946,0.0047156535907702515,0.02928164530677581,1800000,3600000,3272400000,345.42
606,0.7677885155295092,0.3349025728147781,0.0030987509595105933,0.02918420231762678,1800000,3600000,3277800000,345.99000000000007
607,0.7690546529212587,0.3296102406211967,0.00437426160780921,0.029087083597692635,1800000,3600000,3283200000,346.56000000000006
608,0.7699710806977487,0.3310133789483143,0.004553330549271597,0.028990288067875493,1800000,3600000,3288600000,347.13000000000005
609,0.768733830915323,0.3297454549746542,0.004602433023718493,0.028893814652668486,1800000,3600000,3294000000,347.70000000000005
610,0.7690805757253372,0.33689102758766426,0.003572431456924715,0.028797662280143754,1800000,3600000,3299400000,348.27000000000004
611,0.7695173670968598,0.3308706879058162,0.0050465703508269805,0.028701829881940626,1800000,3600000,3304800000,348.84000000000003
612,0.7675085516900881,0.3300726498878983,0.004960986470126915,0.0286063163932537,1800000,3600000,3310200000,349.41
613,0.7686566945431723,0.33069300467221324,0.0026481448874442594,0.028511120752821004,1800000,3600000,3315600000,349.98
614,0.7720109501387333,0.3265249869586924,0.003827506151298844,0.028416241902912216,1800000,3600000,3321000000,350.55
615,0.7680838138689969,0.3300992846436966,0.00416436407862807,0.02832167878931693,1800000,3600000,3326400000,351.12000000000006
616,0.7687379649503956,0.3225966572682595,0.003530091527804779,0.028227430361332895,1800000,3600000,3331800000,351.69000000000005
617,0.7700585775557373,0.32947405836245547,0.003891577668064869,0.028133495571754392,1800000,3600000,3337200000,352.26000000000005
618,0.7709087227745123,0.33057688448594175,0.0033900770212307433,0.028039873376860563,1800000,3600000,3342600000,352.83000000000004
619,0.7688726562731449,0.3310942279344557,0.002628171505505307,0.027946562736403842,1800000,3600000,3348000000,353.40000000000003
620,0.7679588311606629,0.3335476200179983,0.0024084956743162895,0.027853562613598382,1800000,3600000,3353400000,353.97
621,0.7694181723198152,0.33331916505080605,0.0023283542648016697,0.02776087197510853,1800000,3600000,3358800000,354.54
622,0.7670563015937121,0.3359762423859421,0.005394420723682063,0.027668489791037327,1800000,3600000,3364200000,355.11
623,0.7679936134948405,0.3333730378727484,0.005377009993626872,0.027576415034915123,1800000,3600000,3369600000,355.68000000000006
624,0.7685350112472509,0.3296587731653559,0.004019803758319808,0.027484646683688132,1800000,3600000,3375000000,356.25000000000006
625,0.768808782901676,0.33041294178570885,0.003882242868807811,0.02739318371770705,1800000,3600000,3380400000,356.82000000000005
626,0.7653023304631922,0.33067378752983456,0.00228374218282327,0.027302025120715785,1800000,3600000,3385800000,357.39000000000004
627,0.7664097423876175,0.3354407954886332,0.004000976338553085,0.027211169879840062,1800000,3600000,3391200000,357.96000000000004
628,0.7673601878100538,0.3379910935529565,0.0064227406614571665,0.02712061698557629,1800000,3600000,3396600000,358.53000000000003
629,0.7685479302172187,0.33258790639125735,0.005574787450380705,0.027030365431780265,1800000,3600000,3402000000,359.1
630,0.7675503918575434,0.3343156366160518,0.003464241957982897,0.02694041421565602,1800000,3600000,3407400000,359.67
631,0.7670899049062321,0.33339205396768634,0.0041049993457654005,0.026850762337744662,1800000,3600000,3412800000,360.24000000000007
632,0.7693309684795844,0.3329346713671429,0.0038925272587278614,0.026761408801913317,1800000,3600000,3418200000,360.81000000000006
633,0.7700964762680296,0.32897020587219217,0.0034177934473834846,0.02667235261534397,1800000,3600000,3423600000,361.38000000000005
634,0.767003968842342,0.3342983666280863,0.002032546334494539,0.02658359278852253,1800000,3600000,3429000000,361.95000000000005
635,0.7671647116132754,0.3333995762306521,0.004762878321453196,0.026495128335227797,1800000,3600000,3434400000,362.52000000000004
636,0.7663686525162899,0.3343889481990074,0.0016010224638559644,0.02640695827252048,1800000,3600000,3439800000,363.09000000000003
637,0.7706432859238059,0.3299281208017241,0.004412946376941303,0.02631908162073231,1800000,3600000,3445200000,363.66
638,0.7703406785466218,0.3253275998734529,0.003355291320729822,0.026231497403455158,1800000,3600000,3450600000,364.23
639,0.7675527074422857,0.32931727130071337,0.004850436106400123,0.026144204647530124,1800000,3600000,3456000000,364.80000000000007
640,0.7680586646309538,0.3312900625931531,0.0033124358973502088,0.026057202383036816,1800000,3600000,3461400000,365.37000000000006
641,0.7683940004613965,0.3295395220439391,0.003224947955303193,0.025970489643282507,1800000,3600000,3466800000,365.94000000000005
642,0.767912480413837,0.3301450965302475,0.003944606159556968,0.025884065464791422,1800000,3600000,3472200000,366.51000000000005
643,0.765133857144371,0.3367291661093635,0.0015558591438530752,0.025797928887294017,1800000,3600000,3477600000,367.08000000000004
644,0.7660547586842121,0.3318470636647716,0.002383455655503868,0.02571207895371634,1800000,3600000,3483000000,367.65000000000003
645,0.7690851670375877,0.3317389864568653,0.003698782023565039,0.025626514710169333,1800000,3600000,3488400000,368.22
646,0.769948731043751,0.329436688064727,0.0049338904413376095,0.025541235205938307,1800000,3600000,3493800000,368.79
647,0.7686236515408009,0.3287450106885,0.003361454290132542,0.02545623949347234,1800000,3600000,3499200000,369.36
648,0.7686460670758255,0.33420806407513387,0.0008800447405809151,0.025371526628373754,1800000,3600000,3504600000,369.93000000000006
649,0.7676981815511243,0.33189404844841325,0.003369012653375017,0.025287095669387614,1800000,3600000,3510000000,370.50000000000006
650,0.7687643732044047,0.33376307716047815,0.0031317222705783943,0.025202945678391302,1800000,3600000,3515400000,371.07000000000005
651,0.7649209003291038,0.33071957334853025,0.004404696699032016,0.02511907572038403,1800000,3600000,3520800000,371.64000000000004
652,0.7694608979867386,0.3237154084877528,0.0025065784489692964,0.02503548486347652,1800000,3600000,3526200000,372.21000000000004
653,0.7676743269302734,0.33330849363988835,0.003012306468439016,0.024952172178880617,1800000,3600000,3531600000,372.78000000000003
654,0.7709915119009456,0.32712609200824144,0.005161054414250929,0.024869136740898967,1800000,3600000,3537000000,373.35
655,0.7671468539066089,0.33227022791024624,0.0028001528883335627,0.024786377626914748,1800000,3600000,3542400000,373.92
656,0.7688061675930022,0.3278609341068384,0.0,0.024703893917381377,1800000,3600000,3547800000,374.49000000000007
657,0.7673482326575084,0.334388336472323,0.003535959786448924,0.024621684695812353,1800000,3600000,3553200000,375.06000000000006
658,0.7673554822633047,0.3318768997676154,0.00306126175072748,0.02453974904877104,1800000,3600000,3558600000,375.63000000000005
659,0.7703584924728757,0.3294402732250571,0.0035045962271175505,0.02445808606586051,1800000,3600000,3564000000,376.20000000000005
660,0.7686439838802681,0.3276989070852255,0.004919340398189103,0.024376694839713452,1800000,3600000,3569400000,376.77000000000004
661,0.7670574421990213,0.3293427884127821,0.0045195028278587086,0.024295574465982076,1800000,3600000,3574800000,377.34000000000003
662,0.7656962234929552,0.33358046075097564,0.004306285450294994,0.024214724043328046,1800000,3600000,3580200000,377.91
663,0.7674348940815449,0.3352293372272977,0.0018166022415878772,0.02413414267341251,1800000,3600000,3585600000,378.48
664,0.7643815848651669,0.33635531077323516,0.0034483558230798466,0.02405382946088608,1800000,3600000,3591000000,379.05000000000007
665,0.7697436821433283,0.3316158635385221,0.0034384596606211017,0.02397378351337891,1800000,3600000,3596400000,379.62000000000006
666,0.7703993648222509,0.3336908026135991,0.005488463412868089,0.02389400394149075,1800000,3600000,3601800000,380.19000000000005
667,0.7677628514306012,0.3323553713441086,0.004466772576734403,0.023814489858781113,1800000,3600000,3607200000,380.76000000000005
668,0.7680792526033879,0.33430487184048074,0.0032060138845011665,0.02373524038175934,1800000,3600000,3612600000,381.33000000000004
669,0.7667773750905361,0.3300604269015548,0.003400387070005571,0.02365625462987489,1800000,3600000,3618000000,381.90000000000003
670,0.766062524287345,0.34149460344240956,0.0035572115859126433,0.023577531725507483,1800000,3600000,3623400000,382.47
671,0.7682725849779526,0.33036365873961376,0.002740611959332111,0.023499070793957372,1800000,3600000,3628800000,383.04
672,0.7689994640328336,0.33173701122365723,0.003715913047052657,0.023420870963435616,1800000,3600000,3634200000,383.61
673,0.7669376425176716,0.3315912209158035,0.003830569085664006,0.02334293136505442,1800000,3600000,3639600000,384.18000000000006
674,0.7706659537678651,0.327023271189362,0.0049149125787782775,0.02326525113281743,1800000,3600000,3645000000,384.75000000000006
675,0.7686229434913678,0.3335258556171298,0.0005176309285627604,0.023187829403610152,1800000,3600000,3650400000,385.32000000000005
676,0.7694474726240488,0.3227467939217662,0.0023382353764974956,0.023110665317190367,1800000,3600000,3655800000,385.89000000000004
677,0.7703298178085994,0.3284901314570932,0.003680459970859814,0.023033758016178532,1800000,3600000,3661200000,386.46000000000004
678,0.7671875334455804,0.33493434846596054,0.0020478659781469955,0.022957106646048307,1800000,3600000,3666600000,387.03000000000003
679,0.7676175111088039,0.33172074835468934,0.0032573068446521613,0.022880710355116993,1800000,3600000,3672000000,387.6
680,0.7699262270342376,0.33284193070244317,0.002910870236823281,0.02280456829453613,1800000,3600000,3677400000,388.17
681,0.768458770240034,0.3307054889988657,0.0030140465609172816,0.022728679618282042,1800000,3600000,3682800000,388.74000000000007
682,0.7682814692768264,0.32973638735906274,0.002847018585687372,0.02265304348314644,1800000,3600000,3688200000,389.31000000000006
683,0.7696058656275693,0.329751587455025,0.003103396311711691,0.02257765904872704,1800000,3600000,3693600000,389.88000000000005
684,0.7678475772387637,0.330867034451406,0.0021213234143455167,0.022502525477418246,1800000,3600000,3699000000,390.45000000000005
685,0.7692814176763395,0.33307449067806866,0.004913583464633458,0.02242764193440181,1800000,3600000,3704400000,391.02000000000004
686,0.7714511928318446,0.3300009416736506,0.0020868881807738658,0.02235300758763761,1800000,3600000,3709800000,391.59000000000003
687,0.7655737338297084,0.3327695994544102,0.002619151827701874,0.02227862160785435,1800000,3600000,3715200000,392.16
688,0.7686214253309593,0.3303087322047032,0.002728628660006318,0.02220448316854038,1800000,3600000,3720600000,392.73
689,0.768557088781329,0.3310751485585602,0.005831442988756524,0.0221305914459345,1800000,3600000,3726000000,393.30000000000007
690,0.7698374887090387,0.3279245184752825,0.0031099075181767067,0.022056945619016825,1800000,3600000,3731400000,393.87000000000006
691,0.7672889499230383,0.3334746243533304,0.0031499530923789596,0.02198354486949961,1800000,3600000,3736800000,394.44000000000005
692,0.7690661826562579,0.32916264538932183,0.0026804698662971182,0.02191038838181822,1800000,3600000,3742200000,395.01000000000005
693,0.7674102481105598,0.3340195956617024,0.0014158150873672458,0.021837475343122043,1800000,3600000,3747600000,395.58000000000004
694,0.7709100406034523,0.33481298502660045,0.004992620876600917,0.021764804943265458,1800000,3600000,3753000000,396.15000000000003
695,0.7680049200890174,0.3317923831197365,0.0018803915253364613,0.021692376374798823,1800000,3600000,3758400000,396.72
696,0.7700224333707321,0.3258462891985291,0.0036348860792307976,0.02162018883295954,1800000,3600000,3763800000,397.29
697,0.7700974807009201,0.3270779341935484,0.0013009039279902126,0.021548241515663043,1800000,3600000,3769200000,397.86000000000007
698,0.768044551422796,0.3304501125649107,0.0032033649591973186,0.021476533623493964,1800000,3600000,3774600000,398.43000000000006
699,0.7691540043677834,0.33157049246982373,0.0034259530587351216,0.021405064359697207,1800000,3600000,3780000000,399.00000000000006
700,0.7663905444011914,0.3354349817124518,0.003632589027804354,0.021333832930169112,1800000,3600000,3785400000,399.57000000000005
701,0.7686345374464503,0.332412348623972,0.0032276127633363767,0.021262838543448622,1800000,3600000,3790800000,400.14000000000004
702,0.7689367760233138,0.32926633966996793,0.002949498515520031,0.02119208041070847,1800000,3600000,3796200000,400.71000000000004
703,0.7664173412619156,0.3329202336790333,0.0034046252771680876,0.02112155774574646,1800000,3600000,3801600000,401.28000000000003
704,0.7697481057434448,0.326234122604168,0.0022665246518676816,0.021051269764976704,1800000,3600000,3807000000,401.85
705,0.7637996465912887,0.3379022261726138,0.0029185267652625203,0.020981215687420916,1800000,3600000,3812400000,402.42
706,0.769285407931534,0.3285871562197352,0.0016583113375400567,0.02091139473469973,1800000,3600000,3817800000,402.99000000000007
707,0.7679305264224623,0.3343602897138305,0.0022404359785201102,0.020841806131024078,1800000,3600000,3823200000,403.56000000000006
708,0.7670252027126968,0.33445909021706816,0.003967776856637337,0.020772449103186517,1800000,3600000,3828600000,404.13000000000005
709,0.7693922501918388,0.33254662283662023,0.003354436531102111,0.0207033228805527,1800000,3600000,3834000000,404.70000000000005
710,0.7665053724544549,0.34157026258628864,0.0020150758340530743,0.020634426695052777,1800000,3600000,3839400000,405.27000000000004
711,0.7673470890447591,0.339510763848544,0.001883150286884966,0.020565759781172862,1800000,3600000,3844800000,405.84000000000003
712,0.7700338335976536,0.3245616350519782,0.0032516814551555146,0.020497321375946544,1800000,3600000,3850200000,406.41
713,0.769038301004291,0.3275315370873729,0.002107134055919617,0.0204291107189464,1800000,3600000,3855600000,406.98
714,0.768097684898392,0.32960394166974083,0.0033346291025217116,0.020361127052275524,1800000,3600000,3861000000,407.55000000000007
715,0.7680654191858824,0.3325027305313802,0.0021624429078327826,0.020293369620559148,1800000,3600000,3866400000,408.12000000000006
716,0.7708602719695056,0.32976938037715636,0.0039207950711630715,0.020225837670936227,1800000,3600000,3871800000,408.69000000000005
717,0.7687954012543312,0.33294773414414225,0.0009895799254564452,0.020158530453051063,1800000,3600000,3877200000,409.26000000000005
718,0.7669982803883652,0.33065944802317426,0.003184155037345108,0.020091447219045,1800000,3600000,3882600000,409.83000000000004
719,0.7677745257148411,0.3326144184040276,0.002144364390071233,0.020024587223548076,1800000,3600000,3888000000,410.40000000000003
720,0.7700328707480318,0.33439993870936985,0.0028037666963442675,0.019957949723670754,1800000,3600000,3893400000,410.97
721,0.7654965627126237,0.3317482576453935,0.00237403945619872,0.01989153397899569,1800000,3600000,3898800000,411.54
722,0.7689643075120902,0.3302493993260385,0.0031862768763556196,0.01982533925156948,1800000,3600000,3904200000,412.11000000000007
723,0.7676705859097372,0.3378551528699781,0.0033909147935628743,0.019759364805894478,1800000,3600000,3909600000,412.68000000000006
724,0.7669205654233031,0.33215189558913855,0.0014203197331633377,0.019693609908920603,1800000,3600000,3915000000,413.25000000000006
725,0.7672050051650926,0.3342380590431637,0.0034905070331043573,0.019628073830037226,1800000,3600000,3920400000,413.82000000000005
726,0.7676229468667047,0.3293512106004594,0.001770324213938901,0.019562755841064997,1800000,3600000,3925800000,414.39000000000004
727,0.7683562983609522,0.3297619407640246,0.0029256693948038837,0.019497655216247817,1800000,3600000,3931200000,414.96000000000004
728,0.7681218351322516,0.3322714285430822,0.0029675720910831618,0.019432771232244746,1800000,3600000,3936600000,415.53000000000003
729,0.7685030646237296,0.32534735021067646,0.00238811382066579,0.019368103168121962,1800000,3600000,3942000000,416.1
730,0.7697764212563567,0.32958023639884965,0.002252678929063072,0.019303650305344755,1800000,3600000,3947400000,416.6700000000001
731,0.7683105711048017,0.33086156745122247,0.002179232753370622,0.01923941192776953,1800000,3600000,3952800000,417.24000000000007
732,0.7697425194340825,0.3330675750324949,0.0028608853651084913,0.019175387321635887,1800000,3600000,3958200000,417.81000000000006
733,0.7680837723708375,0.3308499879797638,0.001073223552286916,0.019111575775558647,1800000,3600000,3963600000,418.38000000000005
734,0.7671778867309527,0.3349565523551971,0.0022334953464000816,0.01904797658051998,1800000,3600000,3969000000,418.95000000000005
735,0.7700021473260309,0.3280885496048958,0.001466871844313408,0.01898458902986151,1800000,3600000,3974400000,419.52000000000004
736,0.7690602402299986,0.33500869045879217,0.0013151405237837941,0.01892141241927647,1800000,3600000,3979800000,420.09000000000003
737,0.7687806876291927,0.3322824447381762,0.002359566260039735,0.01885844604680186,1800000,3600000,3985200000,420.66
738,0.770336628663317,0.33348658136259185,0.0011174120649741067,0.018795689212810673,1800000,3600000,3990600000,421.23
739,0.7680602389300376,0.3315027512002232,0.0018815814608482762,0.018733141220004107,1800000,3600000,3996000000,421.80000000000007
740,0.7702020869244206,0.32604610399172607,0.0025401902602269983,0.01867080137340383,1800000,3600000,4001400000,422.37000000000006
741,0.7671767890578216,0.33282897462659794,0.004200408124859962,0.01860866898034423,1800000,3600000,4006800000,422.94000000000005
742,0.7698364972979953,0.33030361611491144,0.0026974531043401427,0.01854674335046476,1800000,3600000,4012200000,423.51000000000005
743,0.7696247258179616,0.33014075281574606,0.0016352253283007743,0.018485023795702205,1800000,3600000,4017600000,424.08000000000004
744,0.7695770847691765,0.3335094071511103,0.0021089664650649712,0.01842350963028311,1800000,3600000,4023000000,424.65000000000003
745,0.7687732097572283,0.3303483629134504,0.0026242198328827776,0.018362200170716117,1800000,3600000,4028400000,425.22
746,0.765602662249059,0.33824206307808563,0.002477242180845058,0.018301094735784378,1800000,3600000,4033800000,425.79
747,0.7687904521688622,0.33691550631370887,0.0019986058004526856,0.018240192646537985,1800000,3600000,4039200000,426.36000000000007
748,0.7657223654784853,0.3344995986149794,0.0022175250669125178,0.018179493226286442,1800000,3600000,4044600000,426.93000000000006
749,0.7666072004221245,0.33800312251314674,0.0012486796814166598,0.018118995800591103,1800000,3600000,4050000000,427.50000000000006
750,0.768316285937194,0.3291076302058931,0.0017206008864879305,0.018058699697257735,1800000,3600000,4055400000,428.07000000000005
751,0.7683265300536692,0.3334166928792021,0.0026895960438938138,0.017998604246329014,1800000,3600000,4060800000,428.64000000000004
752,0.7688056643624812,0.33048184498049604,0.0014849735280777826,0.01793870878007709,1800000,3600000,4066200000,429.21000000000004
753,0.7703081821194336,0.3257992066993513,0.0032125235333609193,0.017879012632996176,1800000,3600000,4071600000,429.78000000000003
754,0.7665712748629042,0.32797448996970424,0.0022358266912206565,0.017819515141795115,1800000,3600000,4077000000,430.35
755,0.7695703700589177,0.32834405526045995,0.0020068222503642876,0.017760215645390067,1800000,3600000,4082400000,430.9200000000001
756,0.7681232810989167,0.332666653898089,0.002181941513057236,0.017701113484897137,1800000,3600000,4087800000,431.49000000000007
757,0.7678696581014939,0.3338844190894386,0.0025236791074689916,0.017642208003625034,1800000,3600000,4093200000,432.06000000000006
758,0.7691232517253168,0.32827763970893786,0.0015502821789719168,0.017583498547067807,1800000,3600000,4098600000,432.63000000000005
759,0.7696138688724243,0.32498965272179636,0.0033343876985543765,0.017524984462897568,1800000,3600000,4104000000,433.20000000000005
760,0.7691366841427248,0.3337342475205056,0.0015638412651739358,0.01746666510095721,1800000,3600000,4109400000,433.77000000000004
761,0.769442572641227,0.33111992055487405,0.00316115600934494,0.017408539813253226,1800000,3600000,4114800000,434.34000000000003
762,0.7673597590088899,0.3349541055127321,0.0025017660923931937,0.017350607953948487,1800000,3600000,4120200000,434.91
763,0.7682865586986023,0.33459170677831823,0.0023560943763386386,0.017292868879355078,1800000,3600000,4125600000,435.4800000000001
764,0.7688592669130315,0.3287669441948607,0.0018485831099992627,0.017235321947927124,1800000,3600000,4131000000,436.05000000000007
765,0.7680387707857038,0.33617485405979053,0.0012880930281064717,0.017177966520253697,1800000,3600000,4136400000,436.62000000000006
766,0.7664282712504216,0.3345240424444211,0.0016631402058173315,0.01712080195905166,1800000,3600000,4141800000,437.19000000000005
767,0.7663756022015773,0.33048949830986113,0.002141829617698391,0.017063827629158642,1800000,3600000,4147200000,437.76000000000005
768,0.7704445694930092,0.3275878589582962,0.001376435104307681,0.017007042897525942,1800000,3600000,4152600000,438.33000000000004
769,0.770009197591031,0.33439552690814484,0.001669716374725471,0.016950447133211522,1800000,3600000,4158000000,438.90000000000003
770,0.7691268233839423,0.3297636747106799,0.0024034741782351828,0.01689403970737297,1800000,3600000,4163400000,439.47
771,0.7698145869114249,0.3293529291305359,0.001873072087845829,0.016837819993260533,1800000,3600000,4168800000,440.04
772,0.7687660563273665,0.33055461315184725,0.002634233422754731,0.016781787366210135,1800000,3600000,4174200000,440.61000000000007
773,0.7690892768531002,0.32832517026305297,0.0018598911243738838,0.016725941203636456,1800000,3600000,4179600000,441.18000000000006
774,0.7676224298113019,0.33251762063080165,0.0025074385044785595,0.016670280885026006,1800000,3600000,4185000000,441.75000000000006
775,0.7697177670022199,0.33264081706794363,0.0025778257018410806,0.01661480579193023,1800000,3600000,4190400000,442.32000000000005
776,0.7659727645445984,0.3329831999720951,0.0012285265372686523,0.016559515307958635,1800000,3600000,4195800000,442.89000000000004
777,0.7667151286906198,0.33462264427711785,0.0018092169176397717,0.016504408818771934,1800000,3600000,4201200000,443.46000000000004
778,0.7687325285543931,0.33121517615402557,0.0018075519241476312,0.01644948571207524,1800000,3600000,4206600000,444.03000000000003
779,0.7663696613206583,0.34057283905771696,0.0027083802434467582,0.016394745377611247,1800000,3600000,4212000000,444.6
780,0.7698798557086192,0.33578083512239726,0.001705028715285671,0.016340187207153453,1800000,3600000,4217400000,445.1700000000001
781,0.7696880530229688,0.3314342420298417,0.0,0.016285810594499402,1800000,3600000,4222800000,445.74000000000007
782,0.7679630562502268,0.33811840152630396,0.0023516374563900366,0.016231614935463958,1800000,3600000,4228200000,446.31000000000006
783,0.7680578709448237,0.3337749324805111,0.0019620789809729478,0.01617759962787256,1800000,3600000,4233600000,446.88000000000005
784,0.769146607431152,0.32505154251443513,0.002317238456639769,0.016123764071554577,1800000,3600000,4239000000,447.45000000000005
785,0.7682275660597027,0.33551579496248474,0.0016110563820428416,0.016070107668336605,1800000,3600000,4244400000,448.02000000000004
786,0.7693409516411335,0.32902522108735244,0.0030766491322285487,0.01601662982203583,1800000,3600000,4249800000,448.59000000000003
787,0.7677119365955983,0.33513754688524333,0.0035632888489928387,0.015963329938453414,1800000,3600000,4255200000,449.16
788,0.7663409753569418,0.32149686460045324,0.001955843044249501,0.015910207425367886,1800000,3600000,4260600000,449.7300000000001
789,0.7698575803763327,0.32970401353648493,0.0028270467555950173,0.015857261692528542,1800000,3600000,4266000000,450.30000000000007
790,0.7707092153560249,0.32757747493370143,0.003904916221197464,0.015804492151648922,1800000,3600000,4271400000,450.87000000000006
791,0.7700425793241765,0.3285601153340241,0.0025086209616346717,0.015751898216400252,1800000,3600000,4276800000,451.44000000000005
792,0.768187888226385,0.3302008969886043,0.0024849669503879007,0.015699479302404933,1800000,3600000,4282200000,452.01000000000005
793,0.7678037827197332,0.3283457403451127,0.002173462120164554,0.015647234827230044,1800000,3600000,4287600000,452.58000000000004
794,0.7704686510905607,0.3323870284282051,0.004129077218229593,0.015595164210380888,1800000,3600000,4293000000,453.15000000000003
795,0.767638177896504,0.3335623816483132,0.0028697445280231435,0.015543266873294511,1800000,3600000,4298400000,453.72
796,0.7668086808550892,0.3286200892188656,0.0021680840939656562,0.015491542239333302,1800000,3600000,4303800000,454.2900000000001
797,0.7675247561313574,0.33070718491855405,0.002716511250954458,0.01543998973377857,1800000,3600000,4309200000,454.86000000000007
798,0.771399638070085,0.3262426299940288,0.0019346520880321044,0.015388608783824179,1800000,3600000,4314600000,455.43000000000006
799,0.7666794065925094,0.3364023425805215,0.0021136931146417343,0.015337398818570146,1800000,3600000,4320000000,456.00000000000006
800,0.7704231994321473,0.3327986814259361,0.001470807253630728,0.01528635926901634,1800000,3600000,4325400000,456.57000000000005
801,0.7681662142505772,0.3315021202484434,0.0010430632125778378,0.01523548956805612,1800000,3600000,4330800000,457.14000000000004
802,0.7695943434005473,0.3291072936806046,0.0024675261653582443,0.01518478915047006,1800000,3600000,4336200000,457.71000000000004
803,0.7688440425278795,0.3317545628861762,0.001481655599168298,0.015134257452919677,1800000,3600000,4341600000,458.28000000000003
804,0.7666652579351558,0.3370250473969383,0.0023042535103072427,0.01508389391394114,1800000,3600000,4347000000,458.85
805,0.7669221737284724,0.33130982348700677,0.0007965719525975391,0.015033697973939058,1800000,3600000,4352400000,459.4200000000001
806,0.7661728935403584,0.3367815919628628,0.0032367956248220203,0.014983669075180239,1800000,3600000,4357800000,459.99000000000007
807,0.7677839764903777,0.32901261448082975,0.002070851103265516,0.014933806661787518,1800000,3600000,4363200000,460.56000000000006
808,0.7683378314802988,0.3289914200990269,0.0,0.014884110179733566,1800000,3600000,4368600000,461.13000000000005
809,0.7664579313936638,0.33308686667352777,0.0016896948186582873,0.01483457907683474,1800000,3600000,4374000000,461.70000000000005
810,0.7687071015947092,0.32984699633968356,0.0017414422211604373,0.014785212802744946,1800000,3600000,4379400000,462.27000000000004
811,0.7682252564291214,0.3312427027532327,0.0013593703751541629,0.014736010808949521,1800000,3600000,4384800000,462.84000000000003
812,0.7661133882393586,0.33370914375271427,0.001341354382513422,0.014686972548759124,1800000,3600000,4390200000,463.41
813,0.7702986409566118,0.33013570411905646,0.0025177316697984438,0.014638097477303708,1800000,3600000,4395600000,463.9800000000001
814,0.7672425541234857,0.3356928099347878,0.002180677741933476,0.014589385051526413,1800000,3600000,4401000000,464.55000000000007
815,0.7688337633453716,0.33305226006857475,0.003157817939908575,0.014540834730177563,1800000,3600000,4406400000,465.12000000000006
816,0.7693099450530624,0.33090724979750347,0.0010093350743956744,0.014492445973808648,1800000,3600000,4411800000,465.69000000000005
817,0.7667234955483294,0.33826819212508136,0.002780167212974246,0.014444218244766325,1800000,3600000,4417200000,466.26000000000005
818,0.7682185584715812,0.3322758627581088,0.00043380777965819047,0.01439615100718643,1800000,3600000,4422600000,466.83000000000004
819,0.767742420717982,0.334619778782033,0.0016794079030959385,0.014348243726988055,1800000,3600000,4428000000,467.40000000000003
820,0.7717151596859153,0.3257869322801026,0.0022130906795746223,0.014300495871867599,1800000,3600000,4433400000,467.97
821,0.7684885055763158,0.3300853689510022,0.0013559235127169876,0.01425290691129284,1800000,3600000,4438800000,468.5400000000001
822,0.768328126670899,0.3303379684753946,0.000529678124884494,0.014205476316497063,1800000,3600000,4444200000,469.11000000000007
823,0.767371390964517,0.3321015576482455,0.0005870716675450427,0.014158203560473181,1800000,3600000,4449600000,469.68000000000006
824,0.7678314143527749,0.3337123007009223,0.005296327392485388,0.014111088117967848,1800000,3600000,4455000000,470.25000000000006
825,0.7673422506684479,0.3304368742954187,0.0003949391575123369,0.014064129465475665,1800000,3600000,4460400000,470.82000000000005
826,0.7690111973496553,0.3307399128266915,0.002666834335792293,0.01401732708123335,1800000,3600000,4465800000,471.39000000000004
827,0.769286810950296,0.32161243403633516,0.0013955406539537985,0.013970680445213924,1800000,3600000,4471200000,471.96000000000004
828,0.7670223485178655,0.32836146081805767,0.00307884071351643,0.013924189039120962,1800000,3600000,4476600000,472.53000000000003
829,0.7695929025897091,0.3331684186609089,0.0025846058093587036,0.01387785234638279,1800000,3600000,4482000000,473.1000000000001
830,0.7673430886938514,0.3387844474731566,0.0,0.013831669852146802,1800000,3600000,4487400000,473.6700000000001
831,0.7670705078348715,0.33319705456165477,0.001788978499850354,0.013785641043273693,1800000,3600000,4492800000,474.24000000000007
832,0.7647617092359026,0.33425105954856016,0.0021123673204268777,0.01373976540833178,1800000,3600000,4498200000,474.81000000000006
833,0.7709322898530273,0.32555486232850245,0.00048312802688631,0.013694042437591319,1800000,3600000,4503600000,475.38000000000005
834,0.7672289541270904,0.3304431035014252,0.001912122133517824,0.01364847162301883,1800000,3600000,4509000000,475.95000000000005
835,0.7711304565344486,0.32583044844783066,0.0007973850651129674,0.013603052458271453,1800000,3600000,4514400000,476.52000000000004
836,0.76870392077406,0.3340034673933035,0.00016229558527735654,0.013557784438691338,1800000,3600000,4519800000,477.09000000000003
837,0.7705369504737029,0.3250590303249415,0.0008001420408996432,0.013512667061300028,1800000,3600000,4525200000,477.66
838,0.7686507673448864,0.33429549185613333,0.0002413633092151733,0.013467699824792862,1800000,3600000,4530600000,478.2300000000001
839,0.7676528240424417,0.33316491305466894,0.0008861467096102638,0.013422882229533415,1800000,3600000,4536000000,478.80000000000007
840,0.7686026704759118,0.32899477882887446,0.001918086498795643,0.013378213777547955,1800000,3600000,4541400000,479.37000000000006
841,0.7714317677094312,0.3301132958352237,0.0009065877199670347,0.013333693972519876,1800000,3600000,4546800000,479.94000000000005
842,0.7687055319798675,0.33370860395979485,0.0022109138078420876,0.013289322319784223,1800000,3600000,4552200000,480.51000000000005
843,0.7676096824859405,0.33454347321176126,0.0013429814959145148,0.01324509832632218,1800000,3600000,4557600000,481.08000000000004
844,0.767500915185386,0.33645226708090165,0.0012176981209682566,0.013201021500755583,1800000,3600000,4563000000,481.65000000000003
845,0.7706660691074464,0.3359811623299804,0.0005126527418222078,0.013157091353341475,1800000,3600000,4568400000,482.22
846,0.7673295358091096,0.3316960881514119,0.0019109999881651847,0.013113307395966662,1800000,3600000,4573800000,482.7900000000001
847,0.7685917622235009,0.3273849564346289,0.002858547809023638,0.01306966914214226,1800000,3600000,4579200000,483.36000000000007
848,0.7685199930960374,0.3318338998931797,0.002659120056264932,0.013026176106998346,1800000,3600000,4584600000,483.93000000000006
849,0.7652302410308013,0.34022106920968853,0.0013883344668491457,0.012982827807278526,1800000,3600000,4590000000,484.50000000000006
850,0.7641225779853313,0.33701578530280585,0.0030235172252517806,0.012939623761334574,1800000,3600000,4595400000,485.07000000000005
851,0.7695049367858986,0.332161931703804,0.0010490724644445163,0.012896563489121101,1800000,3600000,4600800000,485.64000000000004
852,0.7650921531298741,0.3366677066028665,0.0027765047932962195,0.012853646512190182,1800000,3600000,4606200000,486.21000000000004
853,0.7690776633227816,0.33023849821946066,0.0005740885390597194,0.012810872353686081,1800000,3600000,4611600000,486.78000000000003
854,0.7664243324388942,0.33370280363132815,0.001415077126705457,0.012768240538339934,1800000,3600000,4617000000,487.3500000000001
855,0.7704670246290732,0.3270443403100421,0.0,0.01272575059246446,1800000,3600000,4622400000,487.9200000000001
856,0.7695221896969652,0.32811658532603016,0.00046033116050707987,0.012683402043948716,1800000,3600000,4627800000,488.49000000000007
857,0.7706771014608764,0.3242220746253122,0.0012693508049888818,0.012641194422252843,1800000,3600000,4633200000,489.06000000000006
858,0.7674652238500068,0.3305576998087505,0.0034079499442355157,0.012599127258402818,1800000,3600000,4638600000,489.63000000000005
859,0.767797018648866,0.3303333995111302,0.0021219605807082293,0.012557200084985287,1800000,3600000,4644000000,490.20000000000005
860,0.7690597226424534,0.33435315506045754,0.0015988437449421364,0.012515412436142334,1800000,3600000,4649400000,490.77000000000004
861,0.7676575836868509,0.33377933889855244,0.0017351384421616194,0.012473763847566318,1800000,3600000,4654800000,491.34000000000003
862,0.7701310641738086,0.32900425866568733,0.0005834155670272923,0.01243225385649472,1800000,3600000,4660200000,491.9100000000001
863,0.7676425928043444,0.3324532206353014,0.0014504946340027076,0.012390882001704991,1800000,3600000,4665600000,492.4800000000001
864,0.7648445177994919,0.33716932957344414,0.004725377550510319,0.01234964782350942,1800000,3600000,4671000000,493.05000000000007
865,0.7681120855647832,0.33209289829242733,0.0013768387308866073,0.012308550863750054,1800000,3600000,4676400000,493.62000000000006
866,0.7658421931891206,0.33164629493916564,0.0010880934521968711,0.012267590665793582,1800000,3600000,4681800000,494.19000000000005
867,0.7685370102186951,0.32946695964212946,0.001437653830011496,0.012226766774526273,1800000,3600000,4687200000,494.76000000000005
868,0.7686013935694973,0.3301070506977518,0.002934057266391565,0.012186078736348917,1800000,3600000,4692600000,495.33000000000004
869,0.7680800695042198,0.33219063695021206,0.002078983445895026,0.012145526099171784,1800000,3600000,4698000000,495.90000000000003
870,0.7661162412285545,0.3404940491803099,0.0,0.01210510841240959,1800000,3600000,4703400000,496.47
871,0.772495335268317,0.3286138188227345,0.0017680193317748598,0.01206482522697652,1800000,3600000,4708800000,497.0400000000001
872,0.7660536861690264,0.33315747497605924,0.0,0.012024676095281203,1800000,3600000,4714200000,497.61000000000007
873,0.7700674036271574,0.3318335414341406,0.0014029310017165788,0.011984660571221769,1800000,3600000,4719600000,498.18000000000006
874,0.767575870782752,0.3295366963353984,0.0002531633069358292,0.011944778210180869,1800000,3600000,4725000000,498.75000000000006
875,0.7652592311454144,0.33513607192729555,0.001643684034430537,0.011905028569020754,1800000,3600000,4730400000,499.32000000000005
876,0.7689712362955908,0.3326638957766298,0.001158014731955899,0.011865411206078324,1800000,3600000,4735800000,499.89000000000004
877,0.7688117729040231,0.33672860639036567,0.000259551608333993,0.011825925681160258,1800000,3600000,4741200000,500.46000000000004
878,0.7670469163036512,0.3262981154778635,0.0006509171385170044,0.01178657155553809,1800000,3600000,4746600000,501.03000000000003
879,0.7664994787641266,0.33775960627318474,0.0023379524355074373,0.01174734839194336,1800000,3600000,4752000000,501.6000000000001
880,0.7679794086640248,0.33233447470334504,0.0008820667766420553,0.011708255754562732,1800000,3600000,4757400000,502.1700000000001
881,0.7703200871055651,0.33276863922928973,0.00041979625610160103,0.011669293209033163,1800000,3600000,4762800000,502.74000000000007
882,0.7683288887755901,0.32739657513098525,0.0019895468521569505,0.011630460322437081,1800000,3600000,4768200000,503.31000000000006
883,0.7677364544247705,0.3290464306562668,0.002869741540467204,0.01159175666329757,1800000,3600000,4773600000,503.88000000000005
884,0.7701816144380673,0.3343488972107706,0.00248288199232795,0.011553181801573576,1800000,3600000,4779000000,504.45000000000005
885,0.7688093549640721,0.33202302807648243,0.0017105461850355913,0.011514735308655124,1800000,3600000,4784400000,505.02000000000004
886,0.768321639609276,0.3289968856075955,0.001671508159287742,0.011476416757358571,1800000,3600000,4789800000,505.59000000000003
887,0.7672781779733091,0.3344879515033886,0.0003608815470853056,0.011438225721921835,1800000,3600000,4795200000,506.1600000000001
888,0.768528822375275,0.333437819144536,0.0013563004622581492,0.011400161777999683,1800000,3600000,4800600000,506.7300000000001
889,0.7655066494678058,0.3331635510551294,0.0015742702725768344,0.01136222450265902,1800000,3600000,4806000000,507.30000000000007
890,0.7685576940562936,0.3351384501891064,0.00040748995491947436,0.011324413474374167,1800000,3600000,4811400000,507.87000000000006
891,0.7668419010699149,0.3342032598593738,5.479308580002011e-05,0.011286728273022203,1800000,3600000,4816800000,508.44000000000005
892,0.7685784906981125,0.333632107659166,0.0015643874219729852,0.011249168479878289,1800000,3600000,4822200000,509.01000000000005
893,0.769442702461145,0.333348304038485,0.0,0.011211733677610984,1800000,3600000,4827600000,509.58000000000004
894,0.7698814176814156,0.33147516371663927,0.002404630707567944,0.01117442345027767,1800000,3600000,4833000000,510.15000000000003
895,0.7705002223532934,0.3239305380304774,0.0019993902019612023,0.011137237383319877,1800000,3600000,4838400000,510.72
896,0.7681397495010518,0.3342457329486023,5.3152773982468064e-05,0.011100175063558702,1800000,3600000,4843800000,511.2900000000001
897,0.7671491089832312,0.3332639061446553,0.0015387359404839124,0.01106323607919021,1800000,3600000,4849200000,511.86000000000007
898,0.768507628922542,0.33987758045966576,0.0009642066617732712,0.011026420019780866,1800000,3600000,4854600000,512.4300000000001
899,0.7687069245820547,0.3329056411376591,0.0029022092056243606,0.010989726476262956,1800000,3600000,4860000000,513.0
900,0.7682914870219529,0.3316635373636322,0.0012031561798494293,0.010953155040930068,1800000,3600000,4865400000,513.57
901,0.7676624661870748,0.3281286252146742,0.0004988035986478989,0.010916705307432543,1800000,3600000,4870800000,514.1400000000001
902,0.7685158723301788,0.33172904496836464,0.002333035446611252,0.010880376870772968,1800000,3600000,4876200000,514.71
903,0.7659501779718961,0.3371849449837338,0.0005173482059824865,0.010844169327301678,1800000,3600000,4881600000,515.2800000000001
904,0.7705797536214084,0.3351677094125503,0.0004136532414498606,0.010808082274712251,1800000,3600000,4887000000,515.85
905,0.7687212937525245,0.325555662971234,0.0012316667541954916,0.010772115312037072,1800000,3600000,4892400000,516.4200000000001
906,0.764474780052879,0.33938495800138785,0.002093686053857741,0.010736268039642852,1800000,3600000,4897800000,516.99
907,0.768865161935363,0.33155004939636695,0.002190301371278418,0.010700540059226191,1800000,3600000,4903200000,517.5600000000001
908,0.7690442956070376,0.3325548112623637,0.0017618045067686104,0.010664930973809168,1800000,3600000,4908600000,518.1300000000001
909,0.7679732596883767,0.3328921955243528,0.00216561059723336,0.010629440387734914,1800000,3600000,4914000000,518.7
910,0.7691471422784835,0.3299208571150395,0.0018566009914596305,0.010594067906663207,1800000,3600000,4919400000,519.2700000000001
911,0.769294975128936,0.3321937206916646,0.0015472996045126617,0.010558813137566122,1800000,3600000,4924800000,519.84
912,0.7697420659031857,0.3278995635994057,0.0001626494283726947,0.01052367568872364,1800000,3600000,4930200000,520.4100000000001
913,0.7668663474815224,0.3343165910815863,0.0032716004539533614,0.010488655169719302,1800000,3600000,4935600000,520.98
914,0.7660765243654722,0.3322999386344141,0.0003391452603474384,0.010453751191435868,1800000,3600000,4941000000,521.5500000000001
915,0.7699067969153585,0.3343349161848621,0.0015072175255752053,0.010418963366051004,1800000,3600000,4946400000,522.12
916,0.7679911814391176,0.33366444943585977,0.002551016781145582,0.01038429130703295,1800000,3600000,4951800000,522.69
917,0.7723188321860237,0.3321813132796047,0.0003092953079775031,0.010349734629136251,1800000,3600000,4957200000,523.2600000000001
918,0.7680894409401291,0.3246230773269238,0.0030604030242250358,0.010315292948397467,1800000,3600000,4962600000,523.83
919,0.7672429390533337,0.3299670127913375,0.0013231693616515294,0.0102809658821309,1800000,3600000,4968000000,524.4000000000001
920,0.7670893664853906,0.3295136028810691,0.001231683844406512,0.010246753048924351,1800000,3600000,4973400000,524.97
921,0.7691012832432584,0.33117219651891805,0.0019086274472573039,0.010212654068634879,1800000,3600000,4978800000,525.5400000000001
922,0.7685151467128614,0.33395903614152334,0.0018798645292159553,0.010178668562384568,1800000,3600000,4984200000,526.11
923,0.7674558449928736,0.3368575879115212,0.0010193329104361678,0.010144796152556337,1800000,3600000,4989600000,526.6800000000001
924,0.769061421674892,0.3314316237528766,0.0012196127474638182,0.010111036462789725,1800000,3600000,4995000000,527.2500000000001
925,0.7668152358795624,0.3344598770560265,0.0012156298612674636,0.010077389117976725,1800000,3600000,5000400000,527.82
926,0.7682117248811926,0.3278529244359992,0.0034133569179430794,0.010043853744257604,1800000,3600000,5005800000,528.3900000000001
927,0.7704335523887857,0.3276711249743184,0.0,0.010010429969016745,1800000,3600000,5011200000,528.96
928,0.7680990257446308,0.3365149195332327,0.0008841431530068138,0.009977117420878534,1800000,3600000,5016600000,529.5300000000001
929,0.7701531081219911,0.32602048271274714,0.0005583148643723184,0.009943915729703197,1800000,3600000,5022000000,530.1
930,0.7699488139553947,0.32395988636074285,0.002053436046737824,0.009910824526582717,1800000,3600000,5027400000,530.6700000000001
931,0.7677342327202152,0.32851132119324106,0.001067300752115259,0.009877843443836716,1800000,3600000,5032800000,531.24
932,0.7686282674600445,0.3296313296894748,0.001167985015213638,0.009844972115008389,1800000,3600000,5038200000,531.8100000000001
933,0.770406453333967,0.33305805924126797,0.0035467624911168184,0.009812210174860397,1800000,3600000,5043600000,532.3800000000001
934,0.7695726084995791,0.334010980977755,0.0006387795930623183,0.009779557259370852,1800000,3600000,5049000000,532.95
935,0.7674114983814415,0.3325992604066524,0.0009170065107289726,0.00974701300572925,1800000,3600000,5054400000,533.5200000000001
936,0.7670145461714167,0.3283768770033616,0.002887109334847057,0.009714577052332429,1800000,3600000,5059800000,534.09
937,0.7652050143467769,0.333818278227316,0.0018336884087729497,0.00968224903878058,1800000,3600000,5065200000,534.6600000000001
938,0.7693972621583389,0.33232093945043417,0.003536172871837006,0.009650028605873223,1800000,3600000,5070600000,535.23
939,0.7662640296972532,0.3309001172186161,0.0007204090268515401,0.009617915395605208,1800000,3600000,5076000000,535.8000000000001
940,0.7692857492352814,0.33015511820394106,0.0004325263454433722,0.009585909051162758,1800000,3600000,5081400000,536.37
941,0.7684982386223103,0.33248982900484264,0.000932712401357093,0.009554009216919498,1800000,3600000,5086800000,536.94
942,0.7655098922898325,0.3372167329598859,0.002638325771528731,0.009522215538432497,1800000,3600000,5092200000,537.5100000000001
943,0.7683692624542073,0.329470578658407,0.0019555843254789847,0.009490527662438332,1800000,3600000,5097600000,538.08
944,0.768131094520547,0.33403489890077825,0.0009476919002265187,0.00945894523684917,1800000,3600000,5103000000,538.6500000000001
945,0.7678281469643372,0.33444171401107853,0.0002631024641855781,0.009427467910748841,1800000,3600000,5108400000,539.22
946,0.7676199774051307,0.33232960217444635,0.0007517357016926385,0.009396095334388952,1800000,3600000,5113800000,539.7900000000001
947,0.7698473550890743,0.3309886806259082,0.0,0.009364827159185005,1800000,3600000,5119200000,540.36
948,0.7691612122565863,0.33634745314761305,0.0018596600905573142,0.009333663037712504,1800000,3600000,5124600000,540.9300000000001
949,0.7718394496969458,0.3235761968594309,0.002860024138182804,0.009302602623703115,1800000,3600000,5130000000,541.5000000000001
950,0.7689560993799206,0.3317683300994444,0.0013303525206072452,0.009271645572040809,1800000,3600000,5135400000,542.07
951,0.7697288883021914,0.33276502628440324,0.0023970691597498175,0.00924079153875802,1800000,3600000,5140800000,542.6400000000001
952,0.7661494473775436,0.3298921335565943,0.0009704782003055935,0.009210040181031845,1800000,3600000,5146200000,543.21
953,0.7671863290319647,0.33109793567404094,0.0005089105421847157,0.009179391157180212,1800000,3600000,5151600000,543.7800000000001
954,0.7708790109463955,0.32647655403404496,0.001989679270710416,0.009148844126658095,1800000,3600000,5157000000,544.35
955,0.7684090994624928,0.3299461955454652,0.0006980834896201033,0.009118398750053738,1800000,3600000,5162400000,544.9200000000001
956,0.7680389907376444,0.33236571236018964,0.0008849732539061681,0.009088054689084853,1800000,3600000,5167800000,545.49
957,0.7669470100075279,0.3316958582879158,0.0028493294390340975,0.009057811606594903,1800000,3600000,5173200000,546.0600000000001
958,0.7664509624048127,0.3330926856670314,0.0014559021495801905,0.009027669166549323,1800000,3600000,5178600000,546.6300000000001
959,0.7697439171413061,0.33181583696796463,0.0005907350069120713,0.008997627034031805,1800000,3600000,5184000000,547.2
960,0.7692964930977387,0.3288413322490954,0.0020851598789054585,0.008967684875240566,1800000,3600000,5189400000,547.7700000000001
961,0.7672670165591835,0.32795947688156657,0.0009883223269593255,0.00893784235748465,1800000,3600000,5194800000,548.34
962,0.7696482526419176,0.33518512717771975,0.0,0.008908099149180209,1800000,3600000,5200200000,548.9100000000001
963,0.768756913673079,0.33069377092806984,0.0018275060754543056,0.008878454919846852,1800000,3600000,5205600000,549.48
964,0.7691597736060346,0.33233690350698997,0.0015871864880698365,0.008848909340103947,1800000,3600000,5211000000,550.0500000000001
965,0.7689891706811088,0.338989093401154,0.00031971848524296677,0.00881946208166697,1800000,3600000,5216400000,550.62
966,0.7669307197584326,0.33543292966492927,0.00026840005028450087,0.008790112817343857,1800000,3600000,5221800000,551.19
967,0.7675522773856829,0.3286899009420475,0.0,0.008760861221031375,1800000,3600000,5227200000,551.7600000000001
968,0.7678953320961667,0.33436276315499314,0.0006300214668455221,0.008731706967711477,1800000,3600000,5232600000,552.33
969,0.7672891488956012,0.3350585484082284,0.00047253592426587987,0.008702649733447719,1800000,3600000,5238000000,552.9000000000001
970,0.7680696202391157,0.3299453363882121,0.0,0.008673689195381645,1800000,3600000,5243400000,553.47
971,0.7676154135859301,0.3307372855762783,0.0,0.0086448250317292,1800000,3600000,5248800000,554.0400000000001
972,0.76675986442491,0.3314256403195971,0.0,0.008616056921777155,1800000,3600000,5254200000,554.61
973,0.7687336209009618,0.33032890693288597,0.0010887123417863396,0.008587384545879555,1800000,3600000,5259600000,555.1800000000001
974,0.7694863534677613,0.3314123984631784,0.002008603756856636,0.00855880758545414,1800000,3600000,5265000000,555.7500000000001
975,0.7666111510608511,0.33344115554052195,0.0012746512333139835,0.008530325722978842,1800000,3600000,5270400000,556.32
976,0.7680210204053918,0.3313986230033235,0.0,0.008501938641988227,1800000,3600000,5275800000,556.8900000000001
977,0.7679641890304884,0.33264825662241526,0.0,0.00847364602706999,1800000,3600000,5281200000,557.46
978,0.7677070850555819,0.33838161370304376,0.0008778378130130098,0.008445447563861456,1800000,3600000,5286600000,558.0300000000001
979,0.7650482477752606,0.3361366390857874,0.0006820460034210339,0.008417342939046071,1800000,3600000,5292000000,558.6
980,0.7705717074471542,0.327263242078062,0.00029627724076989237,0.008389331840349944,1800000,3600000,5297400000,559.1700000000001
981,0.7695851838341299,0.3305909872537176,0.0002604322322215018,0.008361413956538348,1800000,3600000,5302800000,559.74
982,0.7682509623743287,0.3256632414508607,0.002020042577572064,0.008333588977412296,1800000,3600000,5308200000,560.3100000000001
983,0.7674904265396829,0.33689341476301493,0.001618747347968517,0.008305856593805061,1800000,3600000,5313600000,560.8800000000001
984,0.7696822475684045,0.33137920151330397,0.0011486414982961048,0.008278216497578768,1800000,3600000,5319000000,561.45
985,0.7685114566849787,0.3353427767780887,0.0011216670414693414,0.008250668381620944,1800000,3600000,5324400000,562.0200000000001
986,0.7696474398053801,0.3325164707391613,0.0,0.008223211939841133,1800000,3600000,5329800000,562.59
987,0.7689508097064164,0.3332765208024243,0.001137048629674177,0.008195846867167478,1800000,3600000,5335200000,563.1600000000001
988,0.7674950935299106,0.3321392104342338,0.0019124839304818,0.008168572859543331,1800000,3600000,5340600000,563.73
989,0.7649009459790191,0.33372769726790547,0.00037032474925935064,0.008141389613923886,1800000,3600000,5346000000,564.3000000000001
990,0.7700774863101876,0.33132709381947856,0.0009995448988166986,0.008114296828272803,1800000,3600000,5351400000,564.8700000000001
991,0.7692077720735919,0.3332434776163115,0.0027929158252795448,0.008087294201558844,1800000,3600000,5356800000,565.44
992,0.7705174967909381,0.32255720929018367,0.00034674108217729396,0.00806038143375255,1800000,3600000,5362200000,566.0100000000001
993,0.7715087438921407,0.3303910570954737,0.0010597909230890825,0.008033558225822888,1800000,3600000,5367600000,566.58
994,0.7688608633197066,0.3322017130967081,0.0012072610212472904,0.008006824279733942,1800000,3600000,5373000000,567.1500000000001
995,0.7727892883571322,0.3311001981609457,0.0010325130289533884,0.00798017929844159,1800000,3600000,5378400000,567.72
996,0.7672451889658187,0.3308182464227774,0.0,0.007953622985890214,1800000,3600000,5383800000,568.2900000000001
997,0.7667266342660962,0.3366987863017389,0.0003534525686487006,0.007927155047009393,1800000,3600000,5389200000,568.86
998,0.7680996071594953,0.3309929746368217,0.0017502268014562637,0.007900775187710651,1800000,3600000,5394600000,569.4300000000001
999,0.7698505886918211,0.33395341366818887,0.0005500005984713709,0.007874483114884165,1800000,3600000,5400000000,570.0000000000001
