round,test_accuracy,train_objective,mfg,hfr_tau,downlink_bytes,uplink_bytes,cumulative_serialized_bytes,single_device_elapsed_seconds
0,0.5062697899916406,0.5964232365095435,0.030022197740778217,0.22,1800000,18000000,19800000,0.65
1,0.5122448783094222,0.5897325493215677,0.029263545137720413,0.2192678875319951,1800000,18000000,39600000,1.3
2,0.5187543296578762,0.5878454154829775,0.031083445535146085,0.21853821137610757,1800000,18000000,59400000,1.9500000000000002
3,0.5219819505685087,0.5741587416807329,0.030246731069612315,0.21781096342481698,1800000,18000000,79200000,2.6
4,0.5295289914597114,0.5737784368658467,0.028533525875019165,0.21708613559758305,1800000,18000000,99000000,3.25
5,0.5347617526599637,0.5639956410215237,0.03029952978763422,0.21636371984075584,1800000,18000000,118800000,3.9000000000000004
6,0.5398535652847419,0.5596151370789123,0.028859643025548946,0.21564370812748615,1800000,18000000,138600000,4.55
7,0.5473226503765443,0.5520112536577123,0.030389040146586364,0.21492609245763647,1800000,18000000,158400000,5.2
8,0.5500956199068809,0.5497035478487106,0.029908556861622877,0.2142108648576919,1800000,18000000,178200000,5.8500000000000005
9,0.5547118122825403,0.5435402450658645,0.029432748013007264,0.21349801738067178,1800000,18000000,198000000,6.5
10,0.5614477695337545,0.5388534936645404,0.029510987481217547,0.2127875421060413,1800000,18000000,217800000,7.15
11,0.5645105043981218,0.5348435036787549,0.027285981872441287,0.21207943113962338,1800000,18000000,237600000,7.800000000000001
12,0.5732799383747573,0.528340609445613,0.029193630111737156,0.2113736766135111,1800000,18000000,257400000,8.450000000000001
13,0.5759590365168856,0.5212359529166027,0.027755452746018802,0.2106702706859803,1800000,18000000,277200000,9.1
14,0.5807787731134778,0.5196194419459058,0.028486020001891994,0.20996920554140228,1800000,18000000,297000000,9.75
15,0.5838668096430146,0.513251472211027,0.028989382448823982,0.20927047339015709,1800000,18000000,316800000,10.4
16,0.5940021476089151,0.5039296137667909,0.027583528319405137,0.208574066468547,1800000,18000000,336600000,11.05
17,0.5950629950013395,0.5041151074771674,0.02784786438156534,0.2078799770387102,1800000,18000000,356400000,11.700000000000001
18,0.5999699807399224,0.5009052748312905,0.02903893563385815,0.20718819738853472,1800000,18000000,376200000,12.35
19,0.6044745588748206,0.48958403099343717,0.0280653110165291,0.2064987198315729,1800000,18000000,396000000,13.0
20,0.6080444024931089,0.4939686911609779,0.027254602103704208,0.2058115367069559,1800000,18000000,415800000,13.65
21,0.6126116272677133,0.4839341778899112,0.02664848331115361,0.2051266403793086,1800000,18000000,435600000,14.3
22,0.6165870839401328,0.48061171870340547,0.02696415903793399,0.20444402323866478,1800000,18000000,455400000,14.950000000000001
23,0.6209259284404427,0.4805595002727985,0.02854562404338384,0.20376367770038248,1800000,18000000,475200000,15.600000000000001
24,0.6241012252159518,0.47350759321896196,0.027097319192498,0.20308559620505987,1800000,18000000,495000000,16.25
25,0.6282562578202402,0.46913099032465977,0.027856943634876886,0.20240977121845113,1800000,18000000,514800000,16.900000000000002
26,0.6321599697130404,0.472100949153934,0.027302341206150594,0.20173619523138275,1800000,18000000,534600000,17.55
27,0.6368462542477925,0.4549088142162805,0.02639455568202106,0.2010648607596702,1800000,18000000,554400000,18.2
28,0.6378099861433507,0.458409193915603,0.025326345849175726,0.20039576034403467,1800000,18000000,574200000,18.85
29,0.6441029242502118,0.4563267689952085,0.029149794523653683,0.19972888655002022,1800000,18000000,594000000,19.5
30,0.6471479437216067,0.45523517284007087,0.026979604121047992,0.1990642319679111,1800000,18000000,613800000,20.150000000000002
31,0.6493400309557379,0.44596540459205397,0.02738467975403085,0.19840178921264964,1800000,18000000,633600000,20.8
32,0.6533871650242048,0.44976602576487124,0.026412295910194786,0.19774155092375395,1800000,18000000,653400000,21.45
33,0.6565527189702199,0.44074043113438555,0.0250721548375356,0.1970835097652362,1800000,18000000,673200000,22.1
34,0.6609637388995646,0.43731971808513553,0.025815650893950787,0.19642765842552126,1800000,18000000,693000000,22.75
35,0.6642328267379265,0.43428166002767166,0.025372865629579227,0.19577398961736522,1800000,18000000,712800000,23.400000000000002
36,0.6677569835224468,0.43280674280737585,0.026213636802531182,0.19512249607777465,1800000,18000000,732600000,24.05
37,0.6706878467567355,0.43199413563911127,0.026377763219374906,0.1944731705679257,1800000,18000000,752400000,24.7
38,0.6721855708103135,0.4324789653369468,0.026998771992818173,0.1938260058730838,1800000,18000000,772200000,25.35
39,0.6793460455108371,0.4197323285298465,0.024818623840124582,0.1931809948025235,1800000,18000000,792000000,26.0
40,0.6772781523021251,0.41893784556417296,0.025766914292047742,0.19253813018944846,1800000,18000000,811800000,26.650000000000002
41,0.6844717470474782,0.41001468770232896,0.025137312316329093,0.19189740489091192,1800000,18000000,831600000,27.3
42,0.6870773784734967,0.4147221174364616,0.025626692633234114,0.1912588117877373,1800000,18000000,851400000,27.95
43,0.6899356705232598,0.4081125811599032,0.023694034351128934,0.1906223437844391,1800000,18000000,871200000,28.6
44,0.6938704917128493,0.40048903916594475,0.025210476473508683,0.1899879938091441,1800000,18000000,891000000,29.25
45,0.6950441177306169,0.4070964559186455,0.02416304928755081,0.18935575481351272,1800000,18000000,910800000,29.900000000000002
46,0.6963207451709216,0.40162927594071884,0.023723166790186007,0.1887256197726607,1800000,18000000,930600000,30.55
47,0.7002646643574635,0.39375073101847885,0.02460409651021041,0.1880975816850811,1800000,18000000,950400000,31.200000000000003
48,0.699718127129945,0.3964964344509954,0.023697195535175884,0.1874716335725665,1800000,18000000,970200000,31.85
49,0.7057381121360162,0.39469465826352845,0.025728434196594624,0.18684776848013143,1800000,18000000,990000000,32.5
50,0.709003095570726,0.38740553680491874,0.023380706756403004,0.1862259794759351,1800000,18000000,1009800000,33.15
51,0.7106343268739388,0.3910785433017118,0.02428227747047105,0.18560625965120442,1800000,18000000,1029600000,33.800000000000004
52,0.713024931702877,0.38724008813494,0.025039130297707927,0.18498860212015716,1800000,18000000,1049400000,34.45
53,0.71490703878708,0.38723505145941683,0.024121568419385172,0.18437300001992551,1800000,18000000,1069200000,35.1
54,0.7170352957308275,0.3820464775018095,0.025474662501325383,0.18375944651047985,1800000,18000000,1089000000,35.75
55,0.7241077567418958,0.3739303150654334,0.024273686214107294,0.1831479347745526,1800000,18000000,1108800000,36.4
56,0.7231924944722705,0.3826964265798767,0.02489843613350857,0.18253845801756263,1800000,18000000,1128600000,37.050000000000004
57,0.7252142486540226,0.37325640953554806,0.024419356434418647,0.1819310094675397,1800000,18000000,1148400000,37.7
58,0.7283051918072817,0.37679953704929636,0.02255384440135846,0.18132558237504928,1800000,18000000,1168200000,38.35
59,0.72777139012462,0.3749562231266221,0.02518556805577184,0.18072217001311738,1800000,18000000,1188000000,39.0
60,0.7305415387844385,0.3676890010548471,0.02317686993082902,0.18012076567715601,1800000,18000000,1207800000,39.65
61,0.7300142694936887,0.371420415621759,0.02429992832115978,0.1795213626848886,1800000,18000000,1227600000,40.300000000000004
62,0.7349465234783712,0.36670530334355794,0.02338052115281757,0.17892395437627573,1800000,18000000,1247400000,40.95
63,0.7402369240672703,0.3593530584341306,0.023324695558001478,0.17832853411344116,1800000,18000000,1267200000,41.6
64,0.7403803239894668,0.3590156669619778,0.02478938516365411,0.17773509528059805,1800000,18000000,1287000000,42.25
65,0.740216409584577,0.36215528580221484,0.022184177159051504,0.17714363128397553,1800000,18000000,1306800000,42.9
66,0.7434223849882976,0.3581094687273782,0.023328830715655974,0.17655413555174526,1800000,18000000,1326600000,43.550000000000004
67,0.7452345202060369,0.3506581494208456,0.022681393790308424,0.17596660153394866,1800000,18000000,1346400000,44.2
68,0.7457228405973315,0.3513894553974091,0.02199582053767249,0.1753810227024239,1800000,18000000,1366200000,44.85
69,0.7493761435506467,0.35063578812492585,0.022159577213440525,0.17479739255073348,1800000,18000000,1386000000,45.5
70,0.7487406602572948,0.3524199563492409,0.022465189772544858,0.17421570459409197,1800000,18000000,1405800000,46.15
71,0.754363894248357,0.3476467839298211,0.02227034336639113,0.17363595236929383,1800000,18000000,1425600000,46.800000000000004
72,0.7576259457561185,0.347498920438912,0.021797463406067998,0.17305812943464177,1800000,18000000,1445400000,47.45
73,0.7582472486283038,0.34331792859837,0.02281241529264238,0.17248222936987492,1800000,18000000,1465200000,48.1
74,0.7593371277355371,0.3444833291527779,0.021667993745472125,0.1719082457760978,1800000,18000000,1485000000,48.75
75,0.7602106623204307,0.3428117375269557,0.024163307916156677,0.17133617227570908,1800000,18000000,1504800000,49.4
76,0.7635631059869576,0.3366654995158977,0.021415579657275148,0.17076600251233054,1800000,18000000,1524600000,50.050000000000004
77,0.7650887451553807,0.3273110079140352,0.022671679780265158,0.17019773015073678,1800000,18000000,1544400000,50.7
78,0.7639347400973323,0.33294797993753517,0.022752791651414125,0.16963134887678458,1800000,18000000,1564200000,51.35
79,0.7676555781494183,0.32917343251806397,0.024058777086150285,0.16906685239734287,1800000,18000000,1584000000,52.0
80,0.7677479268126808,0.33428672269784854,0.02289359277767732,0.16850423444022272,1800000,18000000,1603800000,52.65
81,0.7679938676536398,0.33025429880126855,0.020119796652590137,0.1679434887541077,1800000,18000000,1623600000,53.300000000000004
82,0.7715163418247469,0.3293539300341071,0.021585124307067428,0.16738460910848446,1800000,18000000,1643400000,53.95
83,0.7753054849288226,0.32154729974489255,0.022978455571193872,0.16682758929357333,1800000,18000000,1663200000,54.6
84,0.774509258083209,0.3238630580742158,0.021698560222216456,0.1662724231202596,1800000,18000000,1683000000,55.25
85,0.7767168068341983,0.32988438681431304,0.022445142811424654,0.1657191044200245,1800000,18000000,1702800000,55.9
86,0.7752018558640837,0.32158986623962593,0.022447839515676502,0.16516762704487678,1800000,18000000,1722600000,56.550000000000004
87,0.7791781508984692,0.31895522508851976,0.021075349551238878,0.16461798486728435,1800000,18000000,1742400000,57.2
88,0.7797016131287245,0.31739268359043166,0.02063288510119409,0.16407017178010627,1800000,18000000,1762200000,57.85
89,0.7797772355511783,0.3186955017622162,0.020762228493069308,0.16352418169652483,1800000,18000000,1782000000,58.5
90,0.7820152717209411,0.3188866992155296,0.02023895476642734,0.16298000854997793,1800000,18000000,1801800000,59.15
91,0.7842113622490253,0.31887736673889916,0.022859412257856843,0.16243764629409166,1800000,18000000,1821600000,59.800000000000004
92,0.7837563092521771,0.3178608507751474,0.020697775266164252,0.16189708890261317,1800000,18000000,1841400000,60.45
93,0.7845231711950782,0.318593482973088,0.020039960738731582,0.16135833036934363,1800000,18000000,1861200000,61.1
94,0.7880603856658248,0.3148505386058215,0.021122308049055367,0.1608213647080716,1800000,18000000,1881000000,61.75
95,0.7880861079643552,0.318096654081663,0.02119588806072214,0.16028618595250646,1800000,18000000,1900800000,62.400000000000006
96,0.790415657699273,0.3082940061123808,0.020378205555930347,0.159752788156212,1800000,18000000,1920600000,63.050000000000004
97,0.7901793032444695,0.308733602032922,0.021520601209211353,0.15922116539254064,1800000,18000000,1940400000,63.7
98,0.7915640627907178,0.3065365299637858,0.018867232516724914,0.15869131175456724,1800000,18000000,1960200000,64.35000000000001
99,0.7929238402218732,0.3012480483245512,0.019383234924627575,0.15816322135502375,1800000,18000000,1980000000,65.0
100,0.7948541603456521,0.30620120157140707,0.01981139032140437,0.15763688832623365,1800000,18000000,1999800000,65.65
101,0.7956244642329001,0.3040050566649328,0.019011290297378237,0.1571123068200467,1800000,18000000,2019600000,66.3
102,0.7988641169595276,0.29893340217415726,0.02095480636424374,0.15658947100777412,1800000,18000000,2039400000,66.95
103,0.7979511681575914,0.3017502061244673,0.018417328694625465,0.1560683750801238,1800000,18000000,2059200000,67.60000000000001
104,0.7987332542782662,0.29717755948271923,0.019826965235540703,0.1555490132471355,1800000,18000000,2079000000,68.25
105,0.8008070283752357,0.30083191290235883,0.019140333286614745,0.15503137973811695,1800000,18000000,2098800000,68.9
106,0.8006565756462415,0.30480112847290086,0.02003719713155735,0.15451546880157935,1800000,18000000,2118600000,69.55
107,0.8032135815517427,0.2979631390289253,0.02031457403054092,0.15400127470517364,1800000,18000000,2138400000,70.2
108,0.7990531142451398,0.3028769069070568,0.019230678500514336,0.15348879173562682,1800000,18000000,2158200000,70.85000000000001
109,0.8045385545345937,0.2960761478546283,0.019269508257410112,0.1529780141986784,1800000,18000000,2178000000,71.5
110,0.8044665411474925,0.29820015079323636,0.01890861678467757,0.15246893641901713,1800000,18000000,2197800000,72.15
111,0.8066699660619032,0.29436254612478724,0.01930231020186129,0.15196155274021803,1800000,18000000,2217600000,72.8
112,0.8088944653918541,0.2941111129156365,0.019843595433201657,0.1514558575246794,1800000,18000000,2237400000,73.45
113,0.8057158535340943,0.29383183976291044,0.01740381754603205,0.1509518451535604,1800000,18000000,2257200000,74.10000000000001
114,0.8063017047594743,0.29459255225430725,0.019763967318319305,0.15044951002671828,1800000,18000000,2277000000,74.75
115,0.8069911441356805,0.2927363100464131,0.0194263824018227,0.14994884656264654,1800000,18000000,2296800000,75.4
116,0.8079316572735304,0.29261495840996593,0.020416955632234612,0.14944984919841262,1800000,18000000,2316600000,76.05
117,0.8121903675452932,0.289499969406423,0.019209286675011726,0.14895251238959623,1800000,18000000,2336400000,76.7
118,0.8125750463722865,0.2891278684997263,0.017698990942424234,0.1484568306102277,1800000,18000000,2356200000,77.35000000000001
119,0.8113420306176107,0.2954315031928168,0.01757116014156296,0.14796279835272666,1800000,18000000,2376000000,78.0
120,0.8128667291989609,0.28330576646428796,0.018922796476439054,0.14747041012784065,1800000,18000000,2395800000,78.65
121,0.8166738074959896,0.2859322089245502,0.016805424918974042,0.14697966046458436,1800000,18000000,2415600000,79.3
122,0.8127710435404674,0.28631257093144874,0.01826085602251487,0.14649054391017868,1800000,18000000,2435400000,79.95
123,0.8157036675325151,0.28638474707152417,0.018041267437493028,0.14600305502999028,1800000,18000000,2455200000,80.60000000000001
124,0.8146516266506271,0.281497830604461,0.018107885977701528,0.14551718840747094,1800000,18000000,2475000000,81.25
125,0.813785671891463,0.2865581532416471,0.01836191447429145,0.14503293864409764,1800000,18000000,2494800000,81.9
126,0.8167474767621868,0.28746188579490245,0.019186847695429308,0.1445503003593125,1800000,18000000,2514600000,82.55
127,0.8168793825501474,0.28104354114409646,0.017216643798022853,0.14406926819046292,1800000,18000000,2534400000,83.2
128,0.8157908846802524,0.28384655021556776,0.018650074132655115,0.14358983679274215,1800000,18000000,2554200000,83.85000000000001
129,0.8169048048798063,0.2845112562562294,0.019317680320417776,0.14311200083912964,1800000,18000000,2574000000,84.5
130,0.8185791371373246,0.28443275243449023,0.018418299591542273,0.14263575502033213,1800000,18000000,2593800000,85.15
131,0.8208446619921644,0.2754984822902645,0.016974463460861483,0.14216109404472455,1800000,18000000,2613600000,85.8
132,0.8216621791298859,0.2773619230495092,0.017587044622633122,0.14168801263829112,1800000,18000000,2633400000,86.45
133,0.8194804144428144,0.28066042480123754,0.016673214746148444,0.14121650554456688,1800000,18000000,2653200000,87.10000000000001
134,0.8216844937300779,0.2785826868047106,0.0187604063691675,0.14074656752457937,1800000,18000000,2673000000,87.75
135,0.8228889347580325,0.28099857562720487,0.016778854838585554,0.14027819335679012,1800000,18000000,2692800000,88.4
136,0.8245559102865595,0.272875536559151,0.015697298594232145,0.13981137783703693,1800000,18000000,2712600000,89.05
137,0.8242428468248358,0.280858312329586,0.018307015199927595,0.13934611577847586,1800000,18000000,2732400000,89.7
138,0.8245043564582821,0.2776783173138238,0.016635868076046802,0.13888240201152371,1800000,18000000,2752200000,90.35000000000001
139,0.8255893061880286,0.2677130041487349,0.015340881510845636,0.13842023138380052,1800000,18000000,2772000000,91.0
140,0.8261603544043414,0.27188617069417753,0.017956446270830137,0.13795959876007233,1800000,18000000,2791800000,91.65
141,0.8240636954350917,0.275203640227382,0.016275416693761587,0.13750049902219416,1800000,18000000,2811600000,92.3
142,0.824377205595152,0.2756850124904559,0.016381586564627307,0.13704292706905308,1800000,18000000,2831400000,92.95
143,0.8240605046934179,0.2757721763756754,0.01709148969426047,0.13658687781651155,1800000,18000000,2851200000,93.60000000000001
144,0.8287717639364396,0.2685764090109411,0.014773885877701875,0.13613234619735098,1800000,18000000,2871000000,94.25
145,0.8294750796649533,0.2703966618809079,0.016675690246514503,0.1356793271612154,1800000,18000000,2890800000,94.9
146,0.826752717778797,0.269020050807554,0.015940804182028385,0.1352278156745552,1800000,18000000,2910600000,95.55
147,0.8330536542738454,0.26767167757471505,0.016621016982190588,0.13477780672057155,1800000,18000000,2930400000,96.2
148,0.8281398495079297,0.2718093398564205,0.016516877017777796,0.13432929529916027,1800000,18000000,2950200000,96.85000000000001
149,0.832351285765845,0.26964009088735785,0.01636623541069846,0.13388227642685652,1800000,18000000,2970000000,97.5
150,0.8313910445266979,0.2682984165533827,0.016597533052194857,0.13343674513677936,1800000,18000000,2989800000,98.15
151,0.8297299618354808,0.27016155930609514,0.018978761235555162,0.1329926964785765,1800000,18000000,3009600000,98.8
152,0.8305379143957621,0.2741930193048668,0.016279008313299842,0.13255012551836945,1800000,18000000,3029400000,99.45
153,0.8315590990808793,0.26599780723912975,0.016814051190079195,0.1321090273386985,1800000,18000000,3049200000,100.10000000000001
154,0.8332408728104765,0.26476871264952645,0.01660163315344754,0.13166939703846825,1800000,18000000,3069000000,100.75
155,0.8321485953883458,0.26923649639993785,0.016728627098357603,0.13123122973289303,1800000,18000000,3088800000,101.4
156,0.8327226744331022,0.2668407558150683,0.015721801326795976,0.13079452055344276,1800000,18000000,3108600000,102.05
157,0.833362641411487,0.26503040663999494,0.016075333931830433,0.13035926464778871,1800000,18000000,3128400000,102.7
158,0.8354985632194604,0.26444121996566233,0.014469521123829494,0.12992545717974963,1800000,18000000,3148200000,103.35000000000001
159,0.8347075839353211,0.2637385154853719,0.015997581759661227,0.12949309332923814,1800000,18000000,3168000000,104.0
160,0.8331588527582556,0.2658901442509261,0.01845300860996427,0.129062168292207,1800000,18000000,3187800000,104.65
161,0.8333507874954864,0.26384008329232805,0.017771609443773696,0.1286326772805958,1800000,18000000,3207600000,105.3
162,0.8346314661411314,0.2648667951690687,0.013993613562579957,0.12820461552227772,1800000,18000000,3227400000,105.95
163,0.8373111950896658,0.2605345918988793,0.016674726512471066,0.12777797826100667,1800000,18000000,3247200000,106.60000000000001
164,0.8349846641292674,0.2646964538319317,0.015252882991141383,0.12735276075636423,1800000,18000000,3267000000,107.25
165,0.8356679636209977,0.2674097224512981,0.013819004502580598,0.12692895828370707,1800000,18000000,3286800000,107.9
166,0.834971524869431,0.2676115661108847,0.015096177254749241,0.12650656613411448,1800000,18000000,3306600000,108.55
167,0.8364937408678181,0.25861665811342377,0.014746273745971735,0.12608557961433597,1800000,18000000,3326400000,109.2
168,0.8363502413128322,0.2610052300071958,0.015107631953155258,0.12566599404673928,1800000,18000000,3346200000,109.85000000000001
169,0.8370859366696531,0.2632924476078854,0.014649606481012847,0.12524780476925818,1800000,18000000,3366000000,110.5
170,0.838246824413631,0.25887324255251476,0.015551543235491742,0.12483100713534084,1800000,18000000,3385800000,111.15
171,0.837053944327218,0.2641167333100297,0.01626319226571063,0.12441559651389816,1800000,18000000,3405600000,111.8
172,0.8356054745542546,0.2634657359580049,0.014479486019493006,0.12400156828925231,1800000,18000000,3425400000,112.45
173,0.8400201951627355,0.2570445274767017,0.015089565625890502,0.12358891786108542,1800000,18000000,3445200000,113.10000000000001
174,0.8384768323370414,0.26563675565889483,0.014302053786203866,0.12317764064438845,1800000,18000000,3465000000,113.75
175,0.8381855584232079,0.26151139371911913,0.013656365953817523,0.12276773206941036,1800000,18000000,3484800000,114.4
176,0.8405344352278703,0.2590648188993307,0.013332167676420547,0.1223591875816072,1800000,18000000,3504600000,115.05
177,0.844582451495366,0.25423854245257166,0.01366708494119856,0.12195200264159156,1800000,18000000,3524400000,115.7
178,0.842907207339665,0.25635848258520816,0.014905294486098194,0.12154617272508213,1800000,18000000,3544200000,116.35000000000001
179,0.8401163265588778,0.2598931859408564,0.015126391072957351,0.12114169332285347,1800000,18000000,3564000000,117.0
180,0.8417361460934676,0.2545038669640857,0.014732350097621048,0.12073855994068583,1800000,18000000,3583800000,117.65
181,0.838669861230351,0.2635070769476204,0.01464688450289821,0.12033676809931522,1800000,18000000,3603600000,118.3
182,0.8409272734545326,0.25670861261380407,0.015568319635622265,0.11993631333438377,1800000,18000000,3623400000,118.95
183,0.8430733929708726,0.25608926046119296,0.014533845748845605,0.11953719119638996,1800000,18000000,3643200000,119.60000000000001
184,0.8427904215300114,0.2563732716747429,0.015468185402657082,0.11913939725063923,1800000,18000000,3663000000,120.25
185,0.8437607730828912,0.25545093385568857,0.015182800411490218,0.11874292707719478,1800000,18000000,3682800000,120.9
186,0.8431611511475253,0.25300084188134836,0.016065707100938506,0.11834777627082839,1800000,18000000,3702600000,121.55
187,0.8415586922775123,0.2623337458996228,0.014887583698069707,0.11795394044097147,1800000,18000000,3722400000,122.2
188,0.8402523841552201,0.25878626206793,0.013821967590701645,0.11756141521166627,1800000,18000000,3742200000,122.85000000000001
189,0.8411860208656489,0.26249338475341494,0.013530857591457487,0.11717019622151738,1800000,18000000,3762000000,123.5
190,0.8417468215608983,0.2568305023793131,0.014427603629178064,0.11678027912364307,1800000,18000000,3781800000,124.15
191,0.8431217108274178,0.25613328270253694,0.013437766719742977,0.11639165958562711,1800000,18000000,3801600000,124.80000000000001
192,0.8409847827087152,0.2550623501066324,0.011888800633039832,0.11600433328947068,1800000,18000000,3821400000,125.45
193,0.8414920579672625,0.25855038636261835,0.015694464019217515,0.11561829593154425,1800000,18000000,3841200000,126.10000000000001
194,0.8455881425425682,0.2558649624705192,0.013601342647654144,0.11523354322253988,1800000,18000000,3861000000,126.75
195,0.8426508562960746,0.258843237557646,0.012057467868324071,0.11485007088742354,1800000,18000000,3880800000,127.4
196,0.8423110903788348,0.2562628360706849,0.012960487881003844,0.11446787466538752,1800000,18000000,3900600000,128.05
197,0.8453300948400679,0.24868861075097742,0.012173143517640574,0.11408695030980319,1800000,18000000,3920400000,128.70000000000002
198,0.8438770561956213,0.26199927847715576,0.01257057093235996,0.11370729358817382,1800000,18000000,3940200000,129.35
199,0.8439061525894139,0.25863526381444,0.014005089769473952,0.1133289002820875,1800000,18000000,3960000000,130.0
200,0.8441754666761478,0.25761946296044685,0.012188964678469673,0.11295176618717025,1800000,18000000,3979800000,130.65
201,0.842200099190292,0.2520574141133886,0.015001113551193225,0.11257588711303934,1800000,18000000,3999600000,131.3
202,0.8451635896949815,0.25371580742412403,0.012358447279557825,0.11220125888325679,1800000,18000000,4019400000,131.95000000000002
203,0.8418828031508048,0.2579673330964029,0.011567193975691696,0.11182787733528282,1800000,18000000,4039200000,132.6
204,0.840813121859622,0.2598959546764938,0.012777255669251362,0.1114557383204297,1800000,18000000,4059000000,133.25
205,0.8400270890726798,0.2620911049707603,0.01510925327248144,0.11108483770381573,1800000,18000000,4078800000,133.9
206,0.8443062944597474,0.2535407001093943,0.013319557531511912,0.11071517136431909,1800000,18000000,4098600000,134.55
207,0.842573356113123,0.2584644896922647,0.012934576137266987,0.11034673519453223,1800000,18000000,4118400000,135.20000000000002
208,0.8463938847226258,0.254900493165661,0.012983636781300243,0.10997952510071608,1800000,18000000,4138200000,135.85
209,0.8434006201820405,0.2559218057312165,0.012187910178056281,0.10961353700275477,1800000,18000000,4158000000,136.5
210,0.8426309731594962,0.25710960723685006,0.015068836067291404,0.1092487668341101,1800000,18000000,4177800000,137.15
211,0.8425430830502011,0.253264239687521,0.012700208294663605,0.10888521054177641,1800000,18000000,4197600000,137.8
212,0.840110609878888,0.2627162871293474,0.009976464432768305,0.10852286408623565,1800000,18000000,4217400000,138.45000000000002
213,0.8427857435035857,0.2539364109595462,0.013149434027376434,0.10816172344141232,1800000,18000000,4237200000,139.1
214,0.8435842658674028,0.25723847071770356,0.012017631871288468,0.1078017845946289,1800000,18000000,4257000000,139.75
215,0.8428695999790939,0.26283997012117544,0.011520511506122787,0.10744304354656116,1800000,18000000,4276800000,140.4
216,0.8439119750794768,0.25454670785562805,0.01282185798106491,0.10708549631119377,1800000,18000000,4296600000,141.05
217,0.8399307575961664,0.26283506503840515,0.013295337124287671,0.10672913891577596,1800000,18000000,4316400000,141.70000000000002
218,0.8451717873874702,0.25569523291450924,0.01186844002777966,0.1063739674007775,1800000,18000000,4336200000,142.35
219,0.8447406042904185,0.2546803484649388,0.012127563189743566,0.10601997781984454,1800000,18000000,4356000000,143.0
220,0.8423333572731477,0.25868833744257297,0.01239528368138619,0.10566716623975587,1800000,18000000,4375800000,143.65
221,0.8422231459962114,0.25470421626566253,0.013540017508542588,0.10531552874037918,1800000,18000000,4395600000,144.3
222,0.8429784288931507,0.26115391130437887,0.012102891900627735,0.10496506141462757,1800000,18000000,4415400000,144.95000000000002
223,0.841369936035982,0.26016670329040176,0.011682465529882552,0.10461576036841601,1800000,18000000,4435200000,145.6
224,0.8422216988633784,0.25547675303695977,0.01148682282166846,0.10426762172061814,1800000,18000000,4455000000,146.25
225,0.8453328921256082,0.25667002394583166,0.011921713776054523,0.10392064160302324,1800000,18000000,4474800000,146.9
226,0.8421079191404929,0.2595215406847801,0.01375561172052611,0.10357481616029306,1800000,18000000,4494600000,147.55
227,0.8435880950000726,0.2547766295314876,0.011008116120917743,0.10323014154991914,1800000,18000000,4514400000,148.20000000000002
228,0.8415911451051432,0.2572352691534652,0.011447762203867373,0.10288661394218003,1800000,18000000,4534200000,148.85
229,0.8415789707340866,0.2552368078535668,0.01241974780997869,0.10254422952009878,1800000,18000000,4554000000,149.5
230,0.8417110582758898,0.2640457116712242,0.012079796360378018,0.10220298447940052,1800000,18000000,4573800000,150.15
231,0.8435244224285338,0.25420693331848065,0.012335018497608088,0.10186287502847018,1800000,18000000,4593600000,150.8
232,0.8429680182007363,0.25659702147952723,0.011565575874541432,0.10152389738831034,1800000,18000000,4613400000,151.45000000000002
233,0.8395674686144691,0.25988008831870146,0.009546529107284272,0.1011860477924993,1800000,18000000,4633200000,152.1
234,0.8423438063682717,0.2625075165258511,0.012530031992812418,0.10084932248714917,1800000,18000000,4653000000,152.75
235,0.8422985535061492,0.26033013477554007,0.011615036047277146,0.10051371773086425,1800000,18000000,4672800000,153.4
236,0.8438715443869983,0.2583659562357697,0.010264778323718811,0.1001792297946993,1800000,18000000,4692600000,154.05
237,0.8400084156858425,0.26076532348851633,0.01058947269704208,0.09984585496211829,1800000,18000000,4712400000,154.70000000000002
238,0.8427895954257765,0.2537414027991208,0.011615567820483667,0.09951358952895295,1800000,18000000,4732200000,155.35
239,0.8420648514297452,0.25840911536562716,0.01196277387540024,0.09918242980336175,1800000,18000000,4752000000,156.0
240,0.8419551935776146,0.2603934753299042,0.012968657060762943,0.09885237210578875,1800000,18000000,4771800000,156.65
241,0.8435415329030941,0.25990391965619913,0.011889021013782338,0.09852341276892282,1800000,18000000,4791600000,157.3
242,0.8417364852694011,0.2570912451722643,0.012506776618841213,0.09819554813765684,1800000,18000000,4811400000,157.95000000000002
243,0.8428610067989897,0.25895409100250616,0.012014642915129489,0.09786877456904704,1800000,18000000,4831200000,158.6
244,0.8423000433816229,0.2559493562576617,0.009791197059904399,0.09754308843227269,1800000,18000000,4851000000,159.25
245,0.843501279411162,0.2611145749806274,0.010416267184501197,0.09721848610859557,1800000,18000000,4870800000,159.9
246,0.8460235368274491,0.25335681742441396,0.01035779706818108,0.09689496399131985,1800000,18000000,4890600000,160.55
247,0.8426908800058007,0.25990475785090955,0.010558698328747668,0.09657251848575199,1800000,18000000,4910400000,161.20000000000002
248,0.8415239866991364,0.2536017374657497,0.010891312376083331,0.09625114600916085,1800000,18000000,4930200000,161.85
249,0.8420134731741441,0.26047464468385984,0.010644439952020957,0.09593084299073784,1800000,18000000,4950000000,162.5
250,0.839394466916248,0.2617914604712432,0.011411160932711864,0.0956116058715572,1800000,18000000,4969800000,163.15
251,0.8426772513973902,0.26013420558114453,0.010715829983882173,0.0952934311045366,1800000,18000000,4989600000,163.8
252,0.8424377260697498,0.25634241531093754,0.01077178876274834,0.09497631515439754,1800000,18000000,5009400000,164.45000000000002
253,0.8414798899756819,0.2558887192616909,0.010993527867170725,0.0946602544976262,1800000,18000000,5029200000,165.1
254,0.8424950977819317,0.2571537880013335,0.010628306215408116,0.09434524562243425,1800000,18000000,5049000000,165.75
255,0.8419701483295364,0.2554290881044649,0.010771694947812499,0.09403128502871988,1800000,18000000,5068800000,166.4
256,0.8462681702740734,0.25239003573800334,0.010959097096137186,0.09371836922802874,1800000,18000000,5088600000,167.05
257,0.842274790303116,0.2583350517658272,0.00965128123293701,0.09340649474351545,1800000,18000000,5108400000,167.70000000000002
258,0.8422733125704689,0.2553160590107148,0.011310241632461781,0.09309565810990474,1800000,18000000,5128200000,168.35
259,0.8410698469081629,0.25781202348225996,0.010690146143332172,0.09278585587345302,1800000,18000000,5148000000,169.0
260,0.8436260194547105,0.2515438266670205,0.010956064748209628,0.09247708459191002,1800000,18000000,5167800000,169.65
261,0.8382181586984054,0.2601531274260356,0.00964649179779276,0.09216934083448058,1800000,18000000,5187600000,170.3
262,0.8418633914149781,0.2576963708154806,0.009241150192000629,0.09186262118178642,1800000,18000000,5207400000,170.95000000000002
263,0.8448132404271406,0.25668904895155786,0.010581785607021514,0.09155692222582827,1800000,18000000,5227200000,171.6
264,0.8422502485830062,0.2526596419997102,0.00967813382868407,0.0912522405699479,1800000,18000000,5247000000,172.25
265,0.8429149514181714,0.2587763111134385,0.010625679078557488,0.09094857282879044,1800000,18000000,5266800000,172.9
266,0.8412823591423255,0.26507990127004283,0.010592252830308091,0.09064591562826678,1800000,18000000,5286600000,173.55
267,0.8411410750146071,0.25993916368590597,0.010210098449592527,0.090344265605516,1800000,18000000,5306400000,174.20000000000002
268,0.8453167201055969,0.2495880740529388,0.01136471186801013,0.0900436194088681,1800000,18000000,5326200000,174.85
269,0.8420428736701024,0.2548119475071639,0.010349338415618503,0.08974397369780665,1800000,18000000,5346000000,175.5
270,0.8452835698214652,0.25410200282828177,0.009580828680322546,0.08944532514293181,1800000,18000000,5365800000,176.15
271,0.8404514162968103,0.2577473915002683,0.009917357378038267,0.08914767042592323,1800000,18000000,5385600000,176.8
272,0.8426518896216503,0.2613608418691652,0.008940833440576302,0.08885100623950319,1800000,18000000,5405400000,177.45000000000002
273,0.8414865669948176,0.25346448125733984,0.010554587260512763,0.08855532928739991,1800000,18000000,5425200000,178.1
274,0.8443868313043238,0.25373236291923534,0.010293518965272232,0.08826063628431091,1800000,18000000,5445000000,178.75
275,0.8409788432152844,0.2547301582811047,0.011112213039949324,0.08796692395586642,1800000,18000000,5464800000,179.4
276,0.8438989392270464,0.25249572405394116,0.009520479361751448,0.08767418903859311,1800000,18000000,5484600000,180.05
277,0.8420914186962639,0.25496352862943705,0.010540729670443364,0.0873824282798778,1800000,18000000,5504400000,180.70000000000002
278,0.8428011709199822,0.25713763990919897,0.009005387069827942,0.08709163843793126,1800000,18000000,5524200000,181.35
279,0.8443392691934001,0.2605408969710941,0.01181487486018764,0.08680181628175224,1800000,18000000,5544000000,182.0
280,0.8413178940481968,0.26336136502035773,0.00987086143535268,0.08651295859109161,1800000,18000000,5563800000,182.65
281,0.8444422371860455,0.2562928441166449,0.010388121611408575,0.0862250621564165,1800000,18000000,5583600000,183.3
282,0.8424894435322395,0.2575093463630882,0.010547784488083791,0.08593812377887465,1800000,18000000,5603400000,183.95000000000002
283,0.8433529171656547,0.25294637968524974,0.009556565892904361,0.08565214027025891,1800000,18000000,5623200000,184.6
284,0.8439429670250128,0.2551656889686879,0.010317746243460952,0.08536710845297184,1800000,18000000,5643000000,185.25
285,0.8411195459801246,0.2599257355109668,0.010196025366383515,0.08508302515999028,1800000,18000000,5662800000,185.9
286,0.8423736539878217,0.26073350115779076,0.01039105147091551,0.08479988723483026,1800000,18000000,5682600000,186.55
287,0.8422085108773764,0.2576981467047456,0.01064073230846271,0.08451769153151197,1800000,18000000,5702400000,187.20000000000002
288,0.8412676750483922,0.2606468825571598,0.008818849033884218,0.08423643491452465,1800000,18000000,5722200000,187.85
289,0.8420990079712263,0.25372243142119477,0.010744031708829344,0.08395611425879189,1800000,18000000,5742000000,188.5
290,0.8438239547316224,0.2557165660608609,0.00987616755527903,0.08367672644963688,1800000,18000000,5761800000,189.15
291,0.8408547659812112,0.26016539192141647,0.009370297250135797,0.08339826838274775,1800000,18000000,5781600000,189.8
292,0.8417344211549539,0.2654794836969304,0.009851554853201988,0.08312073696414307,1800000,18000000,5801400000,190.45000000000002
293,0.8420853800814093,0.25622065657828774,0.01005491414543128,0.08284412911013761,1800000,18000000,5821200000,191.1
294,0.8411517621113286,0.2535409495435121,0.008989172889207706,0.0825684417473079,1800000,18000000,5841000000,191.75
295,0.8415827999781258,0.2606795764114879,0.008253197999378589,0.08229367181245818,1800000,18000000,5860800000,192.4
296,0.8421056619095382,0.25324591571795246,0.009077188290618729,0.08201981625258635,1800000,18000000,5880600000,193.05
297,0.842467407638648,0.25693433644044383,0.011300568843809073,0.08174687202485005,1800000,18000000,5900400000,193.70000000000002
298,0.8419599621040175,0.25910127274541794,0.007309335193221708,0.08147483609653282,1800000,18000000,5920200000,194.35
299,0.8408753536305777,0.26052745741417493,0.009009559975834573,0.08120370544501043,1800000,18000000,5940000000,195.0
300,0.8434089575300272,0.2529647470058983,0.008698952472181644,0.08093347705771732,1800000,18000000,5959800000,195.65
301,0.8413711563965188,0.2595659887913722,0.00909926732509554,0.08066414793211302,1800000,18000000,5979600000,196.3
302,0.8417792270485687,0.26004792341834915,0.010264806507637222,0.080395715075649,1800000,18000000,5999400000,196.95000000000002
303,0.8462501756482594,0.2510695593918911,0.008603424721162625,0.08012817550573513,1800000,18000000,6019200000,197.6
304,0.8449376691051367,0.25318643787827405,0.010825564423674845,0.0798615262497068,1800000,18000000,6039000000,198.25
305,0.8439010786162852,0.25106468173654367,0.009273102622580024,0.07959576434479178,1800000,18000000,6058800000,198.9
306,0.8414441132859887,0.2615484521527161,0.009512015770915575,0.07933088683807722,1800000,18000000,6078600000,199.55
307,0.8419315803219393,0.2526201837371589,0.009132670774711128,0.07906689078647704,1800000,18000000,6098400000,200.20000000000002
308,0.8448711502461788,0.25380725451676955,0.009115495765130023,0.07880377325669904,1800000,18000000,6118200000,200.85
309,0.8419193844255541,0.2605079409022044,0.010054653930057916,0.07854153132521242,1800000,18000000,6138000000,201.5
310,0.8437817705437016,0.25710188694270053,0.007019340882228626,0.07828016207821521,1800000,18000000,6157800000,202.15
311,0.8405374449195213,0.2640159376507048,0.009766035967890094,0.07801966261160202,1800000,18000000,6177600000,202.8
312,0.843157088646,0.2576087774863848,0.008384135147639716,0.07776003003093164,1800000,18000000,6197400000,203.45000000000002
313,0.844038529314034,0.25188711790737905,0.007597510825850123,0.07750126145139492,1800000,18000000,6217200000,204.1
314,0.8396433800184426,0.26717898610247226,0.010029680123232347,0.07724335399778277,1800000,18000000,6237000000,204.75
315,0.8434935444558772,0.25907031764405936,0.009082524460490226,0.07698630480445418,1800000,18000000,6256800000,205.4
316,0.8425706679662694,0.2584757246857277,0.00860675796631969,0.07673011101530436,1800000,18000000,6276600000,206.05
317,0.841875903130902,0.262091886817901,0.009383518045230913,0.07647476978373298,1800000,18000000,6296400000,206.70000000000002
318,0.8425016145556543,0.25841299737516865,0.007987020453016727,0.07622027827261263,1800000,18000000,6316200000,207.35
319,0.8413632447997856,0.2556763674585862,0.008722762415159608,0.07596663365425728,1800000,18000000,6336000000,208.0
320,0.8404737405527002,0.2574889789336822,0.0077115828927463385,0.07571383311039072,1800000,18000000,6355800000,208.65
321,0.8433633236977599,0.2536799971228254,0.008609505222539277,0.07546187383211546,1800000,18000000,6375600000,209.3
322,0.842651827074033,0.25732987175058675,0.008338752512795275,0.07521075301988138,1800000,18000000,6395400000,209.95000000000002
323,0.843024197826644,0.2582235069572014,0.007451553706432321,0.07496046788345459,1800000,18000000,6415200000,210.6
324,0.8441175417168952,0.2539537149743957,0.0069693093806277185,0.0747110156418866,1800000,18000000,6435000000,211.25
325,0.8443760539611431,0.25009123790613097,0.007662473166073122,0.07446239352348329,1800000,18000000,6454800000,211.9
326,0.842316786217749,0.26007129457390854,0.006777295193468638,0.07421459876577408,1800000,18000000,6474600000,212.55
327,0.8438034783087988,0.253072929541484,0.008698743887772156,0.07396762861548134,1800000,18000000,6494400000,213.20000000000002
328,0.8459272787505514,0.2584199973856354,0.007579679238961993,0.07372148032848977,1800000,18000000,6514200000,213.85
329,0.8420225111617621,0.2584348464275932,0.009185969263845286,0.07347615116981583,1800000,18000000,6534000000,214.5
330,0.8436432054634223,0.25351709254306387,0.008072040318807636,0.07323163841357751,1800000,18000000,6553800000,215.15
331,0.8430901342275049,0.2559806935328758,0.0065832832889065,0.07298793934296385,1800000,18000000,6573600000,215.8
332,0.8445996626876088,0.2579627879313987,0.0070237559014462835,0.0727450512502049,1800000,18000000,6593400000,216.45000000000002
333,0.8450956864838847,0.2533173941270915,0.007855647787490008,0.0725029714365416,1800000,18000000,6613200000,217.1
334,0.8448725850979706,0.2567336998072381,0.008843682724835496,0.07226169721219572,1800000,18000000,6633000000,217.75
335,0.8438458987828341,0.25790415661671307,0.009139211414783584,0.07202122589634008,1800000,18000000,6652800000,218.4
336,0.840772175123979,0.2602182773179706,0.005958433959749097,0.07178155481706869,1800000,18000000,6672600000,219.05
337,0.8427111350834259,0.2582122215759658,0.007964337873355477,0.0715426813113671,1800000,18000000,6692400000,219.70000000000002
338,0.8438016670059499,0.2579656276259905,0.00708071982420737,0.07130460272508277,1800000,18000000,6712200000,220.35
339,0.8434659118206631,0.2566289387820712,0.007987841614038508,0.07106731641289565,1800000,18000000,6732000000,221.0
340,0.8436376383302746,0.25808850757798035,0.006329108889702314,0.0708308197382887,1800000,18000000,6751800000,221.65
341,0.8386801464960522,0.26032511231590777,0.008426315219383914,0.07059511007351867,1800000,18000000,6771600000,222.3
342,0.8405831988009781,0.26084485260693835,0.008099000620670892,0.07036018479958688,1800000,18000000,6791400000,222.95000000000002
343,0.8421911089743808,0.2580061322299276,0.007482632237302888,0.07012604130621002,1800000,18000000,6811200000,223.6
344,0.8431841735348867,0.2549158809050071,0.006692989442734737,0.06989267699179139,1800000,18000000,6831000000,224.25
345,0.8445450761486559,0.2574874318730481,0.006649751887302014,0.06966008926339172,1800000,18000000,6850800000,224.9
346,0.8423450180132516,0.2605843080342279,0.007692414486105817,0.06942827553670051,1800000,18000000,6870600000,225.55
347,0.8447695422431847,0.26117827186024595,0.009327457749492481,0.06919723323600736,1800000,18000000,6890400000,226.20000000000002
348,0.8423842472469804,0.2548221296666379,0.008119366282674453,0.06896695979417317,1800000,18000000,6910200000,226.85
349,0.8428844061136808,0.2591069383234972,0.008664581058956625,0.06873745265260178,1800000,18000000,6930000000,227.5
350,0.839541673869899,0.2659433053804354,0.009229118624025015,0.06850870926121148,1800000,18000000,6949800000,228.15
351,0.8433804327213378,0.2570816734814589,0.00791845861473087,0.06828072707840671,1800000,18000000,6969600000,228.8
352,0.8434292092226477,0.25271422390544446,0.007262199931358251,0.06805350357104971,1800000,18000000,6989400000,229.45000000000002
353,0.8425197715151573,0.25442636935315094,0.0070143225971384966,0.06782703621443252,1800000,18000000,7009200000,230.1
354,0.8429759892794356,0.2598085595263524,0.007021397722706918,0.06760132249224887,1800000,18000000,7029000000,230.75
355,0.8415854526390334,0.25641315516487523,0.007052185095748897,0.06737635989656618,1800000,18000000,7048800000,231.4
356,0.8438792664477055,0.25288699506964657,0.007329392022059631,0.06715214592779772,1800000,18000000,7068600000,232.05
357,0.840571595445458,0.25569422876635794,0.007859461869837958,0.0669286780946749,1800000,18000000,7088400000,232.70000000000002
358,0.8415161799548858,0.2618032525270769,0.007925281544237977,0.06670595391421945,1800000,18000000,7108200000,233.35
359,0.8424513105415612,0.2598248034123355,0.006833371873869739,0.066483970911716,1800000,18000000,7128000000,234.0
360,0.8426202639639717,0.25844206456562224,0.007243323118204761,0.06626272662068447,1800000,18000000,7147800000,234.65
361,0.8448111228368127,0.25784266371990194,0.007717862864798553,0.06604221858285264,1800000,18000000,7167600000,235.3
362,0.8413960968048119,0.25663029406494614,0.0087196580107396,0.06582244434812895,1800000,18000000,7187400000,235.95000000000002
363,0.8419469222777107,0.2557215195910766,0.005886874354518288,0.06560340147457523,1800000,18000000,7207200000,236.6
364,0.8424111525421458,0.2575406628292984,0.009137239696890068,0.06538508752837947,1800000,18000000,7227000000,237.25
365,0.8444027604415897,0.253921586470769,0.008825072801744192,0.06516750008382895,1800000,18000000,7246800000,237.9
366,0.8434154189074107,0.25936668086912273,0.0077206871245622906,0.06495063672328313,1800000,18000000,7266600000,238.55
367,0.8423528091440682,0.2573637763895113,0.007987520896915809,0.0647344950371469,1800000,18000000,7286400000,239.20000000000002
368,0.8439682714022712,0.2576218394374507,0.006572454073084245,0.06451907262384375,1800000,18000000,7306200000,239.85
369,0.8445901267470779,0.2485160457168185,0.006327791711168932,0.06430436708978908,1800000,18000000,7326000000,240.5
370,0.844633154090509,0.259050096126494,0.0051821379682758665,0.06409037604936363,1800000,18000000,7345800000,241.15
371,0.8434489618739373,0.2517395617620861,0.00790678780759335,0.063877097124887,1800000,18000000,7365600000,241.8
372,0.8432295261286845,0.2593404905085321,0.007251037253055177,0.06366452794659114,1800000,18000000,7385400000,242.45000000000002
373,0.8426995996379715,0.25657762305260995,0.005931669526117609,0.06345266615259412,1800000,18000000,7405200000,243.1
374,0.8437193994215271,0.2527607703977958,0.006585192172898352,0.06324150938887384,1800000,18000000,7425000000,243.75
375,0.8410025113564816,0.2624837277746111,0.006616908105446785,0.06303105530924182,1800000,18000000,7444800000,244.4
376,0.8435149651368866,0.25979581728020257,0.006249019775017046,0.06282130157531728,1800000,18000000,7464600000,245.05
377,0.839780207746849,0.2625360837209433,0.00581824790907431,0.06261224585650099,1800000,18000000,7484400000,245.70000000000002
378,0.8444685395461624,0.2523734350401824,0.005560747448384879,0.06240388582994949,1800000,18000000,7504200000,246.35
379,0.8448844215799114,0.24819127221105428,0.007905883376780533,0.06219621918054922,1800000,18000000,7524000000,247.0
380,0.8418464402216246,0.25937425537179054,0.005625740651377053,0.061989243600890837,1800000,18000000,7543800000,247.65
381,0.8434445159447039,0.2548975849415785,0.008176941584825868,0.06178295679124355,1800000,18000000,7563600000,248.3
382,0.8424851075864843,0.2599248361425677,0.006475591561548298,0.06157735645952957,1800000,18000000,7583400000,248.95000000000002
383,0.844167635567424,0.24904321492341597,0.008165894410493639,0.061372440321298655,1800000,18000000,7603200000,249.60000000000002
384,0.8433023681994718,0.2605723364446137,0.005933293384965708,0.06116820609970271,1800000,18000000,7623000000,250.25
385,0.8421682550230828,0.2632016842039847,0.007857894029369447,0.0609646515254705,1800000,18000000,7642800000,250.9
386,0.8431733837728465,0.25732157704333025,0.007170545725672031,0.060761774336882464,1800000,18000000,7662600000,251.55
387,0.8401732173695008,0.25995734898337547,0.005432848053992691,0.06055957227974552,1800000,18000000,7682400000,252.20000000000002
388,0.8441378820171374,0.2551759272089624,0.00503948854201299,0.06035804310736805,1800000,18000000,7702200000,252.85000000000002
389,0.8409656985628312,0.2623651616705106,0.0059192417289577895,0.060157184580534956,1800000,18000000,7722000000,253.5
390,0.8442254656042144,0.2586914653654082,0.006136723622557894,0.05995699446748277,1800000,18000000,7741800000,254.15
391,0.841032725770523,0.2548532401134383,0.005397151872433639,0.05975747054387485,1800000,18000000,7761600000,254.8
392,0.8415357658202923,0.25956575319849284,0.007120375901961517,0.05955861059277665,1800000,18000000,7781400000,255.45000000000002
393,0.839909692302139,0.2629172345799218,0.0064906115581414795,0.0593604124046311,1800000,18000000,7801200000,256.1
394,0.8442477614605229,0.2569202147325949,0.006630083930229659,0.0591628737772341,1800000,18000000,7821000000,256.75
395,0.8423236004869293,0.2582533089568385,0.006377666433186176,0.05896599251570996,1800000,18000000,7840800000,257.40000000000003
396,0.8436609348309243,0.2558035553192721,0.005654248941705842,0.058769766432487075,1800000,18000000,7860600000,258.05
397,0.8424801489323115,0.2518511670925706,0.0061701174773328114,0.05857419334727365,1800000,18000000,7880400000,258.7
398,0.8413711984302121,0.25732318077130345,0.006895470063772144,0.05837927108703333,1800000,18000000,7900200000,259.35
399,0.8426863766783664,0.2560559914036339,0.006101190229713325,0.05818499748596127,1800000,18000000,7920000000,260.0
400,0.8438949037463587,0.26167275181950933,0.006813943401317151,0.05799137038545989,1800000,18000000,7939800000,260.65000000000003
401,0.8440190090978951,0.2557066104656101,0.0064286095751374984,0.05779838763411496,1800000,18000000,7959600000,261.3
402,0.8455999532638593,0.25145370885513674,0.005291764042139203,0.05760604708767172,1800000,18000000,7979400000,261.95
403,0.844037954331459,0.25685369883180315,0.006039403179187303,0.057414346609011,1800000,18000000,7999200000,262.6
404,0.8424342705203207,0.256378580546299,0.006594091886011695,0.05722328406812549,1800000,18000000,8019000000,263.25
405,0.8424012152198731,0.2599678906529591,0.008415228790021417,0.05703285734209613,1800000,18000000,8038800000,263.90000000000003
406,0.8400199026173187,0.26061318656768256,0.006422868293293069,0.05684306431506844,1800000,18000000,8058600000,264.55
407,0.8429672344275756,0.259792611989842,0.006161113444909137,0.05665390287822906,1800000,18000000,8078400000,265.2
408,0.8451088144983394,0.25045493712482736,0.00470708292995177,0.056465370929782294,1800000,18000000,8098200000,265.85
409,0.8433747508280668,0.2479779838535121,0.005907952466169081,0.05627746637492678,1800000,18000000,8118000000,266.5
410,0.8421920997030682,0.25758009456405995,0.005043660612078508,0.05609018712583219,1800000,18000000,8137800000,267.15000000000003
411,0.8419115554515612,0.2552656655863453,0.006664637633482062,0.05590353110161606,1800000,18000000,8157600000,267.8
412,0.8417301078302643,0.2569152414402321,0.005724467565751968,0.05571749622832065,1800000,18000000,8177400000,268.45
413,0.844951468096293,0.25203169697400724,0.006969528132175236,0.05553208043888989,1800000,18000000,8197200000,269.1
414,0.8421223006693398,0.2575009078473713,0.006262408233349351,0.05534728167314643,1800000,18000000,8217000000,269.75
415,0.842509984386354,0.2586385729945686,0.0058447454448280894,0.05516309787776877,1800000,18000000,8236800000,270.40000000000003
416,0.8420752043612271,0.2625947442253667,0.00514761971115217,0.05497952700626836,1800000,18000000,8256600000,271.05
417,0.8446092840453643,0.2589634852928041,0.004790581173345844,0.054796567018967006,1800000,18000000,8276400000,271.7
418,0.8400667676145445,0.25954190235873803,0.005090520105265745,0.05461421588297405,1800000,18000000,8296200000,272.35
419,0.8438866027351548,0.25270545338621003,0.006365330318817566,0.05443247157216389,1800000,18000000,8316000000,273.0
420,0.8447615548557933,0.251407694676968,0.005488214948473236,0.05425133206715343,1800000,18000000,8335800000,273.65000000000003
421,0.8413439201437628,0.263504206851886,0.004433246091211063,0.05407079535527962,1800000,18000000,8355600000,274.3
422,0.8433893614321922,0.25928530688957735,0.007055930448635581,0.05389085943057717,1800000,18000000,8375400000,274.95
423,0.8435096829783392,0.2555608195949396,0.0056848775926807175,0.05371152229375616,1800000,18000000,8395200000,275.6
424,0.841836243821063,0.25735467264961465,0.006997602552394222,0.053532781952179885,1800000,18000000,8415000000,276.25
425,0.8432147850235165,0.25459233237819057,0.007124767975606974,0.05335463641984271,1800000,18000000,8434800000,276.90000000000003
426,0.8413381682983723,0.25823907141997177,0.0066100082845516606,0.05317708371734802,1800000,18000000,8454600000,277.55
427,0.8413424906173451,0.25311816485025845,0.00515077828749341,0.05300012187188616,1800000,18000000,8474400000,278.2
428,0.8438984020285829,0.2544697303547485,0.005334830114547654,0.05282374891721258,1800000,18000000,8494200000,278.85
429,0.8432825189167621,0.2578963236077393,0.004408649181242643,0.052647962893626,1800000,18000000,8514000000,279.5
430,0.8424341753015828,0.258150355154455,0.006252281881109149,0.05247276184794653,1800000,18000000,8533800000,280.15000000000003
431,0.8429872967585086,0.25513162448695526,0.004437859673400238,0.05229814383349411,1800000,18000000,8553600000,280.8
432,0.8454076248980118,0.25304525985831344,0.003845872528982997,0.05212410691006679,1800000,18000000,8573400000,281.45
433,0.8433597123258776,0.2563434791995403,0.006437556026821026,0.051950649143919156,1800000,18000000,8593200000,282.1
434,0.8453215151751535,0.2498362062739131,0.005566883103069184,0.05177776860774092,1800000,18000000,8613000000,282.75
435,0.841890478860196,0.2605217410426582,0.00461052585044239,0.051605463380635486,1800000,18000000,8632800000,283.40000000000003
436,0.8406982569050643,0.2559981584415166,0.005507451936690858,0.05143373154809852,1800000,18000000,8652600000,284.05
437,0.8422238087944848,0.2583204462061666,0.005522852744379489,0.051262571201996794,1800000,18000000,8672400000,284.7
438,0.8415861563308014,0.25359343143193885,0.004969898445038533,0.05109198044054694,1800000,18000000,8692200000,285.35
439,0.8480013634030806,0.2512749459441632,0.0063051055294210765,0.05092195736829428,1800000,18000000,8712000000,286.0
440,0.8416619509501525,0.26030042411865495,0.00632074316069264,0.05075250009609183,1800000,18000000,8731800000,286.65000000000003
441,0.8422631486466837,0.26022873362594817,0.005975731463303839,0.05058360674107924,1800000,18000000,8751600000,287.3
442,0.8421615289298151,0.25996085093670857,0.005422889098009105,0.05041527542666197,1800000,18000000,8771400000,287.95
443,0.8456205516283785,0.258475305588003,0.005913266505928148,0.05024750428249035,1800000,18000000,8791200000,288.6
444,0.8408123517214227,0.26533685631188403,0.00569311370810664,0.050080291444438804,1800000,18000000,8811000000,289.25
445,0.8445097845870236,0.25298348761211975,0.004111607567662981,0.0499136350545852,1800000,18000000,8830800000,289.90000000000003
446,0.8418222813884073,0.25414652719045705,0.003989248399972129,0.04974753326119018,1800000,18000000,8850600000,290.55
447,0.8424453851495679,0.25815760553054234,0.0046511427870232205,0.04958198421867652,1800000,18000000,8870400000,291.2
448,0.8423876725329348,0.25597041345984645,0.005346891048682974,0.04941698608760872,1800000,18000000,8890200000,291.85
449,0.8407661246569581,0.25796868853562516,0.006050806038518226,0.04925253703467255,1800000,18000000,8910000000,292.5
450,0.8407983091092506,0.25975469762918363,0.004643546762630498,0.04908863523265456,1800000,18000000,8929800000,293.15000000000003
451,0.8436198928081788,0.25516024605581644,0.004001009960518849,0.04892527886042197,1800000,18000000,8949600000,293.8
452,0.8422481686431339,0.2582595169046217,0.005049018079318332,0.048762466102902295,1800000,18000000,8969400000,294.45
453,0.8425714128436911,0.26087101488597,0.006289914375024698,0.0486001951510632,1800000,18000000,8989200000,295.1
454,0.8427466057179925,0.26026377767555575,0.005077760264764544,0.04843846420189246,1800000,18000000,9009000000,295.75
455,0.8456040250224772,0.2569065988960228,0.0033075632970391315,0.04827727145837786,1800000,18000000,9028800000,296.40000000000003
456,0.8434795470276607,0.25555840739515956,0.0036901403304563825,0.04811661512948724,1800000,18000000,9048600000,297.05
457,0.8436407500198182,0.2549329739677582,0.004778504397094866,0.047956493430148656,1800000,18000000,9068400000,297.7
458,0.8386356894519978,0.2605464197919723,0.004327723322783651,0.047796904581230454,1800000,18000000,9088200000,298.35
459,0.841033113843488,0.25755451457540085,0.0036245211030193976,0.04763784680952156,1800000,18000000,9108000000,299.0
460,0.8421072382576461,0.25294664980445486,0.004082567900391513,0.04747931834771174,1800000,18000000,9127800000,299.65000000000003
461,0.843738028200307,0.26155119220184236,0.006033806175780328,0.04732131743437206,1800000,18000000,9147600000,300.3
462,0.8406102911950959,0.2608323539579329,0.003763694985914422,0.047163842313935146,1800000,18000000,9167400000,300.95
463,0.8425281103221621,0.2530192683113304,0.003406055685305895,0.04700689123667585,1800000,18000000,9187200000,301.6
464,0.8440059049835401,0.25644500951341487,0.006198407241965653,0.04685046245869167,1800000,18000000,9207000000,302.25
465,0.8433143507557679,0.2615098828228287,0.003604032793127785,0.04669455424188347,1800000,18000000,9226800000,302.90000000000003
466,0.8427319850529252,0.2593540303489557,0.003968380416964924,0.04653916485393615,1800000,18000000,9246600000,303.55
467,0.8451041226542281,0.2559665965193109,0.004165336541759662,0.046384292568299325,1800000,18000000,9266400000,304.2
468,0.8439255096146506,0.26094677869269717,0.00476216001600066,0.04622993566416824,1800000,18000000,9286200000,304.85
469,0.8411718194497333,0.2589690801945547,0.003378152615938517,0.046076092426464606,1800000,18000000,9306000000,305.5
470,0.8438351732118005,0.25597408334466704,0.003123532630375351,0.04592276114581752,1800000,18000000,9325800000,306.15000000000003
471,0.843911230999833,0.255224535155507,0.004559931420010886,0.0457699401185445,1800000,18000000,9345600000,306.8
472,0.8410422158367181,0.2585621735887261,0.004224552196262029,0.04561762764663259,1800000,18000000,9365400000,307.45
473,0.8434399548073137,0.26250977992998015,0.004850360927696039,0.045465822037719386,1800000,18000000,9385200000,308.1
474,0.8430300109557497,0.25167788397770785,0.002725582388922187,0.045314521605074355,1800000,18000000,9405000000,308.75
475,0.8430671235423419,0.2539081909065195,0.004171479191860369,0.04516372466758004,1800000,18000000,9424800000,309.40000000000003
476,0.8445986493196251,0.256173036779901,0.0053206460924607075,0.04501342954971334,1800000,18000000,9444600000,310.05
477,0.8397466574266907,0.2608763039875726,0.0030774205988798684,0.04486363458152695,1800000,18000000,9464400000,310.7
478,0.8418110073738632,0.2602289327986358,0.004342055075146701,0.044714338098630825,1800000,18000000,9484200000,311.35
479,0.8416983077040933,0.2595001830105659,0.006027383522962054,0.04456553844217358,1800000,18000000,9504000000,312.0
480,0.8422034970551441,0.26295776278939065,0.003103137880991263,0.04441723395882419,1800000,18000000,9523800000,312.65000000000003
481,0.841211154032685,0.26217059486486816,0.0048012181298551174,0.04426942300075353,1800000,18000000,9543600000,313.3
482,0.8411956467882142,0.2591369096577985,0.004473258714147684,0.04412210392561611,1800000,18000000,9563400000,313.95
483,0.8411099091804758,0.258287629280714,0.002995509781361627,0.04397527509653179,1800000,18000000,9583200000,314.6
484,0.8423774943948311,0.25805878807014954,0.004055799294790545,0.043828934882067634,1800000,18000000,9603000000,315.25
485,0.8424818907112723,0.25726245416697296,0.005606065697969127,0.043683081656219744,1800000,18000000,9622800000,315.90000000000003
486,0.8419360143652763,0.2594906790428021,0.003579911331313357,0.043537713798395224,1800000,18000000,9642600000,316.55
487,0.8424066534958277,0.2616718345452829,0.0033995714378404363,0.04339282969339417,1800000,18000000,9662400000,317.2
488,0.8428982298479063,0.2531992884160268,0.004876748434370839,0.04324842773139169,1800000,18000000,9682200000,317.85
489,0.8439619100332532,0.258111884337936,0.003117535907467321,0.04310450630792006,1800000,18000000,9702000000,318.5
490,0.842234581893947,0.2588170371557468,0.003582285828656254,0.04296106382385086,1800000,18000000,9721800000,319.15000000000003
491,0.8426979035853491,0.2619534460018858,0.003951693013377821,0.042818098685377254,1800000,18000000,9741600000,319.8
492,0.8402833035987239,0.25117969427132364,0.0049111634486403676,0.04267560930399622,1800000,18000000,9761400000,320.45
493,0.8448171085973966,0.2548776899376861,0.004540542703375189,0.04253359409649095,1800000,18000000,9781200000,321.1
494,0.8455796672257203,0.2585309560756727,0.0038803108718097647,0.04239205148491322,1800000,18000000,9801000000,321.75
495,0.842588490530824,0.2554437250631674,0.004148384351281369,0.04225097989656591,1800000,18000000,9820800000,322.40000000000003
496,0.8423169517300679,0.2619883683531384,0.004134519951855188,0.042110377763985456,1800000,18000000,9840600000,323.05
497,0.8435826381387481,0.25690820119912844,0.004710428384713373,0.041970243524924504,1800000,18000000,9860400000,323.7
498,0.8442065999370626,0.25470890558774734,0.004233362916253796,0.04183057562233452,1800000,18000000,9880200000,324.35
499,0.8419929006422167,0.25515744637508037,0.003842626994948129,0.04169137250434846,1800000,18000000,9900000000,325.0
500,0.8427797027125103,0.258505945353502,0.004924706828470791,0.041552632624263605,1800000,18000000,9919800000,325.65000000000003
501,0.8449532343724462,0.2607696526347533,0.0046507729863269455,0.0414143544405243,1800000,18000000,9939600000,326.3
502,0.8445214469864516,0.25889903779334467,0.00404774016695965,0.04127653641670483,1800000,18000000,9959400000,326.95
503,0.8437985619794518,0.25781301758188085,0.004951917562584791,0.04113917702149243,1800000,18000000,9979200000,327.6
504,0.8414596011772686,0.25792754163104525,0.0027072504190685243,0.04100227472867019,1800000,18000000,9999000000,328.25
505,0.8412397988420465,0.2562059105012276,0.0035465884351399447,0.0408658280171001,1800000,18000000,10018800000,328.90000000000003
506,0.8427715556185709,0.25586810718160513,0.005073462341500152,0.04072983537070618,1800000,18000000,10038600000,329.55
507,0.8443666810110811,0.2579004246854165,0.004553651917539873,0.04059429527845764,1800000,18000000,10058400000,330.2
508,0.8416871406174415,0.2617047123058833,0.004812317509850207,0.04045920623435205,1800000,18000000,10078200000,330.85
509,0.8445966574437557,0.25835643591484414,0.003370490636560161,0.040324566737398634,1800000,18000000,10098000000,331.5
510,0.8416143975398898,0.2516602464043116,0.006165174788839467,0.040190375291601625,1800000,18000000,10117800000,332.15000000000003
511,0.84427071189222,0.24944287936532555,0.004176901675686265,0.04005663040594355,1800000,18000000,10137600000,332.8
512,0.8420295409745426,0.25209143894702934,0.003171724065016821,0.03992333059436875,1800000,18000000,10157400000,333.45
513,0.8403491602477722,0.26157371898814574,0.0032284864011407864,0.03979047437576686,1800000,18000000,10177200000,334.1
514,0.8453194501736551,0.25716155429741505,0.004583305201401813,0.039658060273956276,1800000,18000000,10197000000,334.75
515,0.8410071671761229,0.25874341331018097,0.0064180517499235895,0.039526086817667866,1800000,18000000,10216800000,335.40000000000003
516,0.8405353424370684,0.26297034152187954,0.0056617537893736344,0.03939455254052851,1800000,18000000,10236600000,336.05
517,0.8435513681426661,0.2590851686108959,0.003137063405588689,0.039263455981044894,1800000,18000000,10256400000,336.7
518,0.8419301868474087,0.25658005170970677,0.004899359226707836,0.039132795682587256,1800000,18000000,10276200000,337.35
519,0.8431183854092177,0.257161359404905,0.004582603247521811,0.03900257019337312,1800000,18000000,10296000000,338.0
520,0.84231299012337,0.2560873442502684,0.0060652386468596515,0.03887277806645128,1800000,18000000,10315800000,338.65000000000003
521,0.8429851609339577,0.2566721219548941,0.0023356731103654693,0.03874341785968567,1800000,18000000,10335600000,339.3
522,0.8407378616453421,0.25792351735078406,0.0034936854429958586,0.03861448813573931,1800000,18000000,10355400000,339.95
523,0.8400404625408396,0.26124083552319255,0.005185351547344933,0.0384859874620584,1800000,18000000,10375200000,340.6
524,0.8427660586843824,0.2576610663642607,0.003330793190535264,0.03835791441085635,1800000,18000000,10395000000,341.25
525,0.8436837442592665,0.2559593770815927,0.003739295189888118,0.03823026755909793,1800000,18000000,10414800000,341.90000000000003
526,0.8434242514283308,0.2577871388923893,0.00469281143405202,0.038103045488483485,1800000,18000000,10434600000,342.55
527,0.844732329449036,0.24820539771248082,0.004957416260202079,0.03797624678543314,1800000,18000000,10454400000,343.2
528,0.8424927649116367,0.26381446968708683,0.0038619933316580576,0.03784987004107112,1800000,18000000,10474200000,343.85
529,0.8441671053612456,0.2556714878693194,0.003289367444819542,0.03772391385121006,1800000,18000000,10494000000,344.5
530,0.8437348369839579,0.2561236037471626,0.0022897262709634884,0.03759837681633546,1800000,18000000,10513800000,345.15000000000003
531,0.8409902521393935,0.25792037209543167,0.003683356204350042,0.037473257541590074,1800000,18000000,10533600000,345.8
532,0.8435025841885854,0.25707013264943657,0.003137299373416852,0.03734855463675846,1800000,18000000,10553400000,346.45
533,0.8411742506363995,0.25828715332240526,0.0028867864492361332,0.037224266716251495,1800000,18000000,10573200000,347.1
534,0.841665875793004,0.2620670904032934,0.0033333206189074347,0.037100392399091006,1800000,18000000,10593000000,347.75
535,0.8441566300682787,0.2507431115563549,0.0043315823994188735,0.03697693030889443,1800000,18000000,10612800000,348.40000000000003
536,0.8428383930126891,0.2557256843999196,0.004504838956464636,0.03685387907385949,1800000,18000000,10632600000,349.05
537,0.8426302417332593,0.2547491174554125,0.003485505990443771,0.036731237326748954,1800000,18000000,10652400000,349.7
538,0.8420080215616647,0.25572928257685307,0.0049855002873982895,0.036609003704875506,1800000,18000000,10672200000,350.35
539,0.8409668227176422,0.2618791658625479,0.0030505921146565555,0.036487176850086525,1800000,18000000,10692000000,351.0
540,0.8405840092729578,0.25672395099661155,0.0027592276866085577,0.036365755408749034,1800000,18000000,10711800000,351.65000000000003
541,0.8425337591886362,0.2538760165486257,0.0028170835525105813,0.036244738031734676,1800000,18000000,10731600000,352.3
542,0.8417385077007488,0.2618984542474836,0.004922157933625045,0.03612412337440466,1800000,18000000,10751400000,352.95
543,0.8441222895438217,0.25443388660937355,0.0030735745910877477,0.03600391009659489,1800000,18000000,10771200000,353.6
544,0.8412110578768714,0.26216757482001385,0.004312562153016363,0.035884096862601064,1800000,18000000,10791000000,354.25
545,0.8437666893102518,0.2509845684971412,0.003706755788458539,0.03576468234116376,1800000,18000000,10810800000,354.90000000000003
546,0.8451483162470439,0.25374118151473657,0.002331868253734555,0.035645665205453765,1800000,18000000,10830600000,355.55
547,0.8420700228182533,0.2596109421406161,0.00412701493312651,0.035527044133057226,1800000,18000000,10850400000,356.2
548,0.8433199367626204,0.26341354036614545,0.0032903199472974183,0.035408817805960995,1800000,18000000,10870200000,356.85
549,0.8420404309133724,0.26310188258551587,0.003254983083151297,0.035290984910538004,1800000,18000000,10890000000,357.5
550,0.8426951844989536,0.25971990544546963,0.0015854944623837307,0.03517354413753266,1800000,18000000,10909800000,358.15000000000003
551,0.8388330231611585,0.26236952751170556,0.0007407054010910279,0.03505649418204626,1800000,18000000,10929600000,358.8
552,0.8410344356871232,0.2604112638142275,0.004094246735476485,0.03493983374352255,1800000,18000000,10949400000,359.45
553,0.8414269128998241,0.258943785645279,0.004305181345660961,0.03482356152573324,1800000,18000000,10969200000,360.1
554,0.8424920625736557,0.2580064769469101,0.0032748791547937326,0.03470767623676358,1800000,18000000,10989000000,360.75
555,0.843844758951353,0.25086876707064804,0.0015514023594586238,0.034592176588998075,1800000,18000000,11008800000,361.40000000000003
556,0.8411715758971191,0.2615243806952141,0.003709046499114471,0.03447706129910612,1800000,18000000,11028600000,362.05
557,0.8448835807721389,0.25608004796561473,0.0029059877110747907,0.03436232908802773,1800000,18000000,11048400000,362.7
558,0.8427438016264595,0.257576264572278,0.0020737511553299646,0.034247978680959405,1800000,18000000,11068200000,363.35
559,0.8447578712917726,0.25112792177078636,0.0024658040864152055,0.03413400880733988,1800000,18000000,11088000000,364.0
560,0.8433636255031229,0.25497561100359584,0.0024639477519502245,0.03402041820083606,1800000,18000000,11107800000,364.65000000000003
561,0.8441465128779182,0.25329272632465416,0.0013905859718042414,0.03390720559932891,1800000,18000000,11127600000,365.3
562,0.8444464021300842,0.2532260799942825,0.0028996366667410622,0.033794369744899494,1800000,18000000,11147400000,365.95
563,0.8438785628202006,0.258296431689368,0.0038586449510037593,0.033681909383814906,1800000,18000000,11167200000,366.6
564,0.8446283603277049,0.2552410583601963,0.005162975831284562,0.033569823266514455,1800000,18000000,11187000000,367.25
565,0.8404419369461944,0.26340825754332264,0.0019179618221565463,0.03345811014759566,1800000,18000000,11206800000,367.90000000000003
566,0.8419566277206157,0.2539224492295147,0.004528031991621573,0.03334676878580049,1800000,18000000,11226600000,368.55
567,0.8420413707596852,0.2598215367889003,0.0030124498955794777,0.03323579794400159,1800000,18000000,11246400000,369.2
568,0.8393390307394065,0.2580426697685939,0.004415816410988773,0.03312519638918843,1800000,18000000,11266200000,369.85
569,0.8444435358360448,0.25993944551627457,0.003312945768972027,0.03301496289245373,1800000,18000000,11286000000,370.5
570,0.8409492084264493,0.2590787750839282,0.0020281291252665424,0.03290509622897971,1800000,18000000,11305800000,371.15000000000003
571,0.8429492617031549,0.2561358822684833,0.003545709066942908,0.03279559517802455,1800000,18000000,11325600000,371.8
572,0.840617954897037,0.26016042885806046,0.0016615568966322778,0.032686458522908766,1800000,18000000,11345400000,372.45
573,0.8454692455942628,0.24749844030182372,0.0027725362916554046,0.03257768505100174,1800000,18000000,11365200000,373.1
574,0.8391659276312644,0.25610718509912855,0.003754165602768191,0.03246927355370822,1800000,18000000,11385000000,373.75
575,0.8425221940469181,0.2600513217696204,0.002987866090488023,0.03236122282645489,1800000,18000000,11404800000,374.40000000000003
576,0.8433446371550011,0.2558491901104438,0.001721696772428509,0.03225353166867703,1800000,18000000,11424600000,375.05
577,0.845153317461977,0.25989064447816573,0.002334112291335681,0.03214619888380508,1800000,18000000,11444400000,375.7
578,0.8428749694428411,0.25675512369847303,0.0026382392361313208,0.032039223279251454,1800000,18000000,11464200000,376.35
579,0.8414199616339061,0.2594109563536363,0.0046600008670597505,0.03193260366639722,1800000,18000000,11484000000,377.0
580,0.8425417575345833,0.25457349685409886,0.003775849484231768,0.031826338860578916,1800000,18000000,11503800000,377.65000000000003
581,0.8443156476013712,0.25065020277462385,0.0028469752014674042,0.03172042768107538,1800000,18000000,11523600000,378.3
582,0.8402166862828152,0.2615550851177588,0.0029207468101013225,0.031614868951094645,1800000,18000000,11543400000,378.95
583,0.8407970886169364,0.2554786633058779,0.0011840790145910387,0.03150966149776084,1800000,18000000,11563200000,379.6
584,0.841641850301559,0.2571378716629182,0.0019589776279111504,0.03140480415210119,1800000,18000000,11583000000,380.25
585,0.8437358940401162,0.2566828048088962,0.0029493029227593407,0.03130029574903299,1800000,18000000,11602800000,380.90000000000003
586,0.8421481153247953,0.25578130671230936,0.0029963459053705854,0.031196135127350685,1800000,18000000,11622600000,381.55
587,0.843632764642164,0.262608929720217,0.0034949093211270373,0.03109232112971296,1800000,18000000,11642400000,382.2
588,0.8428789496630431,0.2646449272932153,0.0036747264110019925,0.0309888526026299,1800000,18000000,11662200000,382.85
589,0.8424604823014993,0.25946981424574406,0.002848926526193462,0.030885728396450124,1800000,18000000,11682000000,383.5
590,0.8432466942280412,0.256483406724173,0.002743252508531576,0.03078294736534807,1800000,18000000,11701800000,384.15000000000003
591,0.8444876186762852,0.2548447283071978,0.002972633604519177,0.030680508367311208,1800000,18000000,11721600000,384.8
592,0.8405211877494719,0.25641048580213993,0.0030144484468567576,0.030578410264127404,1800000,18000000,11741400000,385.45
593,0.8447325986388042,0.2535903502155861,0.004532785057282126,0.030476651921372246,1800000,18000000,11761200000,386.1
594,0.842374563707963,0.25647825502030636,0.0024322539452140872,0.03037523220839642,1800000,18000000,11781000000,386.75
595,0.8445877566901986,0.2523956017702768,0.0031527693086166033,0.030274149998313186,1800000,18000000,11800800000,387.40000000000003
596,0.8408061879973565,0.26126211911195,0.0014317177007049232,0.030173404167985855,1800000,18000000,11820600000,388.05
597,0.8443066741032014,0.2554957156388947,0.004408819910521979,0.030072993598015248,1800000,18000000,11840400000,388.7
598,0.8417534867565597,0.2590892418367914,0.0043172658584558635,0.029972917172727348,1800000,18000000,11860200000,389.35
599,0.8447822194826875,0.2572179132872697,0.003212956243415338,0.02987317378016085,1800000,18000000,11880000000,390.0
600,0.8431765815907488,0.2547025455631237,0.0005827121767328835,0.029773762312054794,1800000,18000000,11899800000,390.65000000000003
601,0.8423548115530766,0.2575417717889451,0.004093695675131655,0.029674681663836296,1800000,18000000,11919600000,391.3
602,0.8410641107466932,0.2560161309134965,0.003280171998458872,0.029575930734608246,1800000,18000000,11939400000,391.95
603,0.8436103751107599,0.2537575531010828,0.004019959379162752,0.029477508427137096,1800000,18000000,11959200000,392.6
604,0.8429795715292452,0.25303568844919366,0.0034231461090731465,0.029379413647840618,1800000,18000000,11979000000,393.25
605,0.840742135958894,0.25858546713487024,0.0016617639148984945,0.02928164530677581,1800000,18000000,11998800000,393.90000000000003
606,0.8423681365440142,0.2566262555944829,0.0008181750282770968,0.02918420231762678,1800000,18000000,12018600000,394.55
607,0.8426674017491713,0.2569033438607913,0.0021365473464940703,0.029087083597692635,1800000,18000000,12038400000,395.2
608,0.8421692616448895,0.2591067232690402,0.004078532339180046,0.028990288067875493,1800000,18000000,12058200000,395.85
609,0.8429578102038198,0.25323490332608267,0.003287628797723193,0.028893814652668486,1800000,18000000,12078000000,396.5
610,0.8404637578677832,0.25797043087267885,0.0017798726765727258,0.028797662280143754,1800000,18000000,12097800000,397.15000000000003
611,0.8407653782138266,0.2640834433241011,0.003113612895982581,0.028701829881940626,1800000,18000000,12117600000,397.8
612,0.8453744437552116,0.2571117677019806,0.0009247374492576696,0.0286063163932537,1800000,18000000,12137400000,398.45
613,0.8425548994059056,0.2501537244091414,0.0010255549672139924,0.028511120752821004,1800000,18000000,12157200000,399.1
614,0.8443414235028528,0.25897172796306783,0.0015091216351617671,0.028416241902912216,1800000,18000000,12177000000,399.75
615,0.843118410451422,0.2589301090491657,0.0017264325531165736,0.02832167878931693,1800000,18000000,12196800000,400.40000000000003
616,0.840617418407251,0.2631653056905591,0.0018381922520097679,0.028227430361332895,1800000,18000000,12216600000,401.05
617,0.8432388259397413,0.25663470881892775,0.003287666434993928,0.028133495571754392,1800000,18000000,12236400000,401.7
618,0.8406804530146067,0.2626583199725899,0.003535052609549231,0.028039873376860563,1800000,18000000,12256200000,402.35
619,0.8446082608861014,0.2550333719320557,0.005470097303415987,0.027946562736403842,1800000,18000000,12276000000,403.0
620,0.8433567497978125,0.25750673095069837,0.004269292121764486,0.027853562613598382,1800000,18000000,12295800000,403.65000000000003
621,0.8425518264138294,0.25819816646935323,0.0027904162119525185,0.02776087197510853,1800000,18000000,12315600000,404.3
622,0.8410275617087795,0.25226265958536453,0.0031099268318519903,0.027668489791037327,1800000,18000000,12335400000,404.95
623,0.8426046140196378,0.2566451908497488,0.004643197717304171,0.027576415034915123,1800000,18000000,12355200000,405.6
624,0.8444658444550782,0.2571161754918796,0.0029838266990880663,0.027484646683688132,1800000,18000000,12375000000,406.25
625,0.8427320613511093,0.25929868286651,0.0032511887542399096,0.02739318371770705,1800000,18000000,12394800000,406.90000000000003
626,0.8438234861992593,0.2518141561862158,0.002048853315704714,0.027302025120715785,1800000,18000000,12414600000,407.55
627,0.8420274217509738,0.2576448580416344,0.001961016321992003,0.027211169879840062,1800000,18000000,12434400000,408.2
628,0.8432849248451859,0.25181234018098436,0.0017133778846806832,0.02712061698557629,1800000,18000000,12454200000,408.85
629,0.8450345767776932,0.258331653631645,0.0017035758025675451,0.027030365431780265,1800000,18000000,12474000000,409.5
630,0.8414230098559552,0.2609030787521164,0.0007459945492077704,0.02694041421565602,1800000,18000000,12493800000,410.15000000000003
631,0.8445336346865415,0.2575822900555197,0.0025749451461387317,0.026850762337744662,1800000,18000000,12513600000,410.8
632,0.8439492570512498,0.25972052269562224,0.0,0.026761408801913317,1800000,18000000,12533400000,411.45
633,0.8438369666703409,0.2553302496303726,0.0021355258199938394,0.02667235261534397,1800000,18000000,12553200000,412.1
634,0.8414446773938338,0.2586216779849745,0.002600656379226088,0.02658359278852253,1800000,18000000,12573000000,412.75
635,0.841943100528006,0.25637428741473434,0.002149917049119828,0.026495128335227797,1800000,18000000,12592800000,413.40000000000003
636,0.8436756324880634,0.2548555124321732,0.0033670000043381923,0.02640695827252048,1800000,18000000,12612600000,414.05
637,0.841666425554282,0.25277717506710334,0.001143329450985591,0.02631908162073231,1800000,18000000,12632400000,414.7
638,0.8445903123718498,0.25905964226250977,0.00333663867313149,0.026231497403455158,1800000,18000000,12652200000,415.35
639,0.8437057987862858,0.25218306699159143,0.0026346981056219244,0.026144204647530124,1800000,18000000,12672000000,416.0
640,0.8421566554141446,0.2549757452556206,0.0011901509237356666,0.026057202383036816,1800000,18000000,12691800000,416.65000000000003
641,0.8389723395398114,0.2615067952492787,0.0019288528365926057,0.025970489643282507,1800000,18000000,12711600000,417.3
642,0.84112725841303,0.25604889581937074,0.0020547415520567706,0.025884065464791422,1800000,18000000,12731400000,417.95
643,0.841360988375337,0.2622498726804128,0.0008074635532444958,0.025797928887294017,1800000,18000000,12751200000,418.6
644,0.8433694012546279,0.24953640537713082,0.0024748431457757136,0.02571207895371634,1800000,18000000,12771000000,419.25
645,0.8408603831134314,0.2629861822706388,0.00272739506894537,0.025626514710169333,1800000,18000000,12790800000,419.90000000000003
646,0.8416364420756764,0.25715340183284063,0.002049603633243528,0.025541235205938307,1800000,18000000,12810600000,420.55
647,0.8425843829498655,0.2554270551742516,0.003864332206898637,0.02545623949347234,1800000,18000000,12830400000,421.2
648,0.8423443942268365,0.25923795969466723,0.0020307975127812614,0.025371526628373754,1800000,18000000,12850200000,421.85
649,0.8430765435210994,0.25332687883605975,0.002259287744234616,0.025287095669387614,1800000,18000000,12870000000,422.5
650,0.8433457836896227,0.257769796586375,0.00425442630172252,0.025202945678391302,1800000,18000000,12889800000,423.15000000000003
651,0.8443330228402516,0.26021106387786297,0.003233588743144005,0.02511907572038403,1800000,18000000,12909600000,423.8
652,0.8445285429151294,0.2558691163733928,0.0017569881086789004,0.02503548486347652,1800000,18000000,12929400000,424.45
653,0.8424212753040492,0.2563445744717998,0.0034054868817610636,0.024952172178880617,1800000,18000000,12949200000,425.1
654,0.8424223471654493,0.2607639959947472,0.0017007874850831848,0.024869136740898967,1800000,18000000,12969000000,425.75
655,0.8416168440092296,0.2576735415368975,0.002138689588640207,0.024786377626914748,1800000,18000000,12988800000,426.40000000000003
656,0.8404218708421941,0.25945768563557015,0.0009998877103311607,0.024703893917381377,1800000,18000000,13008600000,427.05
657,0.8447161948207043,0.25826980950940115,0.0020721398834786164,0.024621684695812353,1800000,18000000,13028400000,427.7
658,0.8426816794852535,0.2609473147292952,0.002070412671071964,0.02453974904877104,1800000,18000000,13048200000,428.35
659,0.8431244843806606,0.25976603677751287,0.0004951487017931292,0.02445808606586051,1800000,18000000,13068000000,429.0
660,0.8435451802143824,0.25815774866211755,0.00206939143042766,0.024376694839713452,1800000,18000000,13087800000,429.65000000000003
661,0.8433689596836121,0.2597394199587623,0.0029191693053665733,0.024295574465982076,1800000,18000000,13107600000,430.3
662,0.8442498191571749,0.2556572260441861,0.001595124881659044,0.024214724043328046,1800000,18000000,13127400000,430.95
663,0.8432501462562508,0.25449700420842,0.0019971595136711387,0.02413414267341251,1800000,18000000,13147200000,431.6
664,0.8406270339760682,0.25908255667807717,0.001142725391775883,0.02405382946088608,1800000,18000000,13167000000,432.25
665,0.8442051274746184,0.2528083346321306,0.0009244948655801649,0.02397378351337891,1800000,18000000,13186800000,432.90000000000003
666,0.8427286825351464,0.2593787555823995,0.0023882564039026874,0.02389400394149075,1800000,18000000,13206600000,433.55
667,0.843750392087388,0.2558008986305626,0.002956987189426872,0.023814489858781113,1800000,18000000,13226400000,434.2
668,0.8424296432452658,0.26026417412155334,0.004775985544097352,0.02373524038175934,1800000,18000000,13246200000,434.85
669,0.8424185201734203,0.2597067050135408,0.003690628562324867,0.02365625462987489,1800000,18000000,13266000000,435.5
670,0.84154675341029,0.2603534302474726,0.001551861311496093,0.023577531725507483,1800000,18000000,13285800000,436.15000000000003
671,0.8433494862381952,0.2571573618351041,0.0014788638274270127,0.023499070793957372,1800000,18000000,13305600000,436.8
672,0.8445890515142556,0.25566104253545396,0.0020237041509030573,0.023420870963435616,1800000,18000000,13325400000,437.45
673,0.8431747395369817,0.25913899995326434,0.0006136119221580086,0.02334293136505442,1800000,18000000,13345200000,438.1
674,0.8425984482337848,0.25660496288170387,0.0022990370634211332,0.02326525113281743,1800000,18000000,13365000000,438.75
675,0.8462808643885901,0.2566151326622973,0.002017499030507034,0.023187829403610152,1800000,18000000,13384800000,439.40000000000003
676,0.8422218631006283,0.25744684128501827,0.0011732150527819657,0.023110665317190367,1800000,18000000,13404600000,440.05
677,0.8432649565524457,0.25778624257105426,0.003141942157412171,0.023033758016178532,1800000,18000000,13424400000,440.7
678,0.8437601135248962,0.26249870213048837,0.00040912095909765526,0.022957106646048307,1800000,18000000,13444200000,441.35
679,0.8421854475356796,0.25846442871588626,0.0018269077312296224,0.022880710355116993,1800000,18000000,13464000000,442.0
680,0.8395732929340476,0.26007693461231224,0.0013269554651662153,0.02280456829453613,1800000,18000000,13483800000,442.65000000000003
681,0.842719966723064,0.256413968013555,0.0021195643883536734,0.022728679618282042,1800000,18000000,13503600000,443.3
682,0.8394488893046592,0.2629196598442385,0.0,0.02265304348314644,1800000,18000000,13523400000,443.95
683,0.8436772669154283,0.25664649182007837,0.002577945504662217,0.02257765904872704,1800000,18000000,13543200000,444.6
684,0.8424224684777675,0.2571795527374511,0.00259131306408464,0.022502525477418246,1800000,18000000,13563000000,445.25
685,0.8443730394279313,0.24969960070037192,0.0023415056096370095,0.02242764193440181,1800000,18000000,13582800000,445.90000000000003
686,0.8425407119234197,0.2566451107220622,0.0013150853380177758,0.02235300758763761,1800000,18000000,13602600000,446.55
687,0.8450078319128329,0.25858743313853844,0.0031997453711033203,0.02227862160785435,1800000,18000000,13622400000,447.2
688,0.8444638511818514,0.25858653168857626,0.0027876480600129948,0.02220448316854038,1800000,18000000,13642200000,447.85
689,0.841015974872796,0.2610477024504668,0.002571135155555361,0.0221305914459345,1800000,18000000,13662000000,448.5
690,0.8435458746133383,0.26020860636947385,0.0026172243741007994,0.022056945619016825,1800000,18000000,13681800000,449.15000000000003
691,0.8425969786036113,0.2588704869548466,0.0009576561024378893,0.02198354486949961,1800000,18000000,13701600000,449.8
692,0.8423528469807836,0.25960285860943355,0.0012743004172228955,0.02191038838181822,1800000,18000000,13721400000,450.45
693,0.8437521347855663,0.2554797700198549,0.0017002796598039778,0.021837475343122043,1800000,18000000,13741200000,451.1
694,0.8419344661200442,0.2563067930078663,0.0029997000553872166,0.021764804943265458,1800000,18000000,13761000000,451.75
695,0.844667628465891,0.25939766565865374,0.002845789109973535,0.021692376374798823,1800000,18000000,13780800000,452.40000000000003
696,0.8424367798268837,0.25534494384284045,0.0027177762976182754,0.02162018883295954,1800000,18000000,13800600000,453.05
697,0.8447321287974652,0.25373183016523376,0.0011081968828469196,0.021548241515663043,1800000,18000000,13820400000,453.7
698,0.8395252447846365,0.25561036097724843,0.0019077344202236498,0.021476533623493964,1800000,18000000,13840200000,454.35
699,0.8407186073774513,0.25598618140596263,0.0009157092931235899,0.021405064359697207,1800000,18000000,13860000000,455.0
700,0.8442697542284683,0.26006572519761784,0.001714376797498791,0.021333832930169112,1800000,18000000,13879800000,455.65000000000003
701,0.8434482430549508,0.2525691253904055,0.00011939975457118663,0.021262838543448622,1800000,18000000,13899600000,456.3
702,0.8433339816289154,0.25979670203358846,0.0017381774469784666,0.02119208041070847,1800000,18000000,13919400000,456.95
703,0.8396941240026826,0.25861027444355367,0.0016734742138346907,0.02112155774574646,1800000,18000000,13939200000,457.6
704,0.8427516619447833,0.26107095706271516,0.0035880010500470537,0.021051269764976704,1800000,18000000,13959000000,458.25
705,0.8438177674671032,0.2612540900101121,0.0020330379462862314,0.020981215687420916,1800000,18000000,13978800000,458.90000000000003
706,0.8436772405589603,0.25616117853867965,0.0016578993666755545,0.02091139473469973,1800000,18000000,13998600000,459.55
707,0.8416844292786206,0.258260483793199,0.002573031177089089,0.020841806131024078,1800000,18000000,14018400000,460.2
708,0.8393279216513579,0.26189653896756415,0.00142589493094875,0.020772449103186517,1800000,18000000,14038200000,460.85
709,0.8424046393320674,0.2582233359329921,0.0005025483067321369,0.0207033228805527,1800000,18000000,14058000000,461.5
710,0.8420076017528542,0.2519788041925488,0.0032078310169130217,0.020634426695052777,1800000,18000000,14077800000,462.15000000000003
711,0.8436485917176922,0.2566593278915442,0.0026517159149063293,0.020565759781172862,1800000,18000000,14097600000,462.8
712,0.8449636541423813,0.2587458723251776,0.002101273936383269,0.020497321375946544,1800000,18000000,14117400000,463.45
713,0.842496895133481,0.2610800497596327,0.0019156072754941355,0.0204291107189464,1800000,18000000,14137200000,464.1
714,0.8439356409673767,0.25812757895891736,0.0026480737412876245,0.020361127052275524,1800000,18000000,14157000000,464.75
715,0.8429330499548763,0.25526592541953946,0.0027482563924775775,0.020293369620559148,1800000,18000000,14176800000,465.40000000000003
716,0.8426088308259073,0.25473719891713337,0.0019990928245676247,0.020225837670936227,1800000,18000000,14196600000,466.05
717,0.8406449009698801,0.2561309746166425,0.0013938135157405612,0.020158530453051063,1800000,18000000,14216400000,466.7
718,0.8405017208629403,0.26306488420157675,0.0011648180194623356,0.020091447219045,1800000,18000000,14236200000,467.35
719,0.8409240287383025,0.2612516916786639,0.0013125217956721084,0.020024587223548076,1800000,18000000,14256000000,468.0
720,0.841245021222574,0.25976267822979526,0.00026231880681619273,0.019957949723670754,1800000,18000000,14275800000,468.65000000000003
721,0.8421320233270755,0.25233241440893056,0.000927626026254089,0.01989153397899569,1800000,18000000,14295600000,469.3
722,0.842896980567711,0.2516058384227367,0.00340309621576943,0.01982533925156948,1800000,18000000,14315400000,469.95
723,0.8432967872513734,0.2541199476441329,0.0026851471518684945,0.019759364805894478,1800000,18000000,14335200000,470.6
724,0.8453496962381631,0.25389546683357767,0.0008264089577100493,0.019693609908920603,1800000,18000000,14355000000,471.25
725,0.8414124048914504,0.25671615762938155,0.0022152257998623408,0.019628073830037226,1800000,18000000,14374800000,471.90000000000003
726,0.8396189264973685,0.25884088932486826,0.0008922504187327176,0.019562755841064997,1800000,18000000,14394600000,472.55
727,0.8446356234133781,0.25968667579668747,0.002180351800358799,0.019497655216247817,1800000,18000000,14414400000,473.2
728,0.8446574127771087,0.2559738076099001,0.0,0.019432771232244746,1800000,18000000,14434200000,473.85
729,0.8418077783818257,0.2543828496731561,0.000916047515723659,0.019368103168121962,1800000,18000000,14454000000,474.5
730,0.8430159590173791,0.25516025163992884,0.0024219970906191953,0.019303650305344755,1800000,18000000,14473800000,475.15000000000003
731,0.8432120547294604,0.2556685908320226,0.002719208787473935,0.01923941192776953,1800000,18000000,14493600000,475.8
732,0.8422668721974371,0.26150303699811034,0.00023489868413772118,0.019175387321635887,1800000,18000000,14513400000,476.45
733,0.8425541654307878,0.2545417011274722,0.0009646446577271558,0.019111575775558647,1800000,18000000,14533200000,477.1
734,0.8436799948461299,0.2520476437218232,0.0015761342380130937,0.01904797658051998,1800000,18000000,14553000000,477.75
735,0.8415266428159638,0.26091079662149835,0.0015801935845898526,0.01898458902986151,1800000,18000000,14572800000,478.40000000000003
736,0.8418873182916871,0.25726046359896027,0.002705213802314066,0.01892141241927647,1800000,18000000,14592600000,479.05
737,0.8446155223521313,0.2596375581563288,0.002565411266051856,0.01885844604680186,1800000,18000000,14612400000,479.7
738,0.8422142505709179,0.2594537425190612,0.002637703749777511,0.018795689212810673,1800000,18000000,14632200000,480.35
739,0.8431116778172487,0.2560128751284343,0.0005664358723355219,0.018733141220004107,1800000,18000000,14652000000,481.0
740,0.8412576834517739,0.2548001430188424,0.0015998215622968876,0.01867080137340383,1800000,18000000,14671800000,481.65000000000003
741,0.8445649584005294,0.2550128247261443,0.0019340635783925645,0.01860866898034423,1800000,18000000,14691600000,482.3
742,0.8442779409162535,0.2591604398802142,0.001546564737314369,0.01854674335046476,1800000,18000000,14711400000,482.95
743,0.8430356282322755,0.2541887046393639,0.0,0.018485023795702205,1800000,18000000,14731200000,483.6
744,0.8430361435392878,0.2595779566502594,0.0020177577087263855,0.01842350963028311,1800000,18000000,14751000000,484.25
745,0.8446406378208807,0.2528375733927311,0.0016667851965540964,0.018362200170716117,1800000,18000000,14770800000,484.90000000000003
746,0.8446506385446259,0.26011844551838803,0.00173115561748699,0.018301094735784378,1800000,18000000,14790600000,485.55
747,0.839507109139702,0.2633701792810154,0.0007199958407166507,0.018240192646537985,1800000,18000000,14810400000,486.2
748,0.8441908563040547,0.2569588824834717,0.0011502018718295072,0.018179493226286442,1800000,18000000,14830200000,486.85
749,0.8450851016915517,0.2545000281758305,0.0017962814182279079,0.018118995800591103,1800000,18000000,14850000000,487.5
750,0.8436245769354259,0.2523788180520355,0.001777513046333743,0.018058699697257735,1800000,18000000,14869800000,488.15000000000003
751,0.8445243723594801,0.2557220473515533,0.002353287891766364,0.017998604246329014,1800000,18000000,14889600000,488.8
752,0.845858962580276,0.2581596079370072,0.0012885718116468269,0.01793870878007709,1800000,18000000,14909400000,489.45
753,0.8429439764570783,0.2562864947993513,0.0035293853109420415,0.017879012632996176,1800000,18000000,14929200000,490.1
754,0.8431043495989587,0.2608389082477355,0.0010339173061122248,0.017819515141795115,1800000,18000000,14949000000,490.75
755,0.8418321638579207,0.25689320791713843,0.0014532351995303176,0.017760215645390067,1800000,18000000,14968800000,491.40000000000003
756,0.8443936271222207,0.25281972524921587,0.0017719462486326819,0.017701113484897137,1800000,18000000,14988600000,492.05
757,0.8416192994159553,0.25752383761086045,4.580291684447833e-05,0.017642208003625034,1800000,18000000,15008400000,492.7
758,0.8422403910615079,0.25822836649640574,0.0012137372861263079,0.017583498547067807,1800000,18000000,15028200000,493.35
759,0.8429786392890521,0.2572178651904652,0.0031926906383706244,0.017524984462897568,1800000,18000000,15048000000,494.0
760,0.8425277838730826,0.26214543576471866,0.0008260292833534995,0.01746666510095721,1800000,18000000,15067800000,494.65000000000003
761,0.8454175844031729,0.25049164562787757,0.0,0.017408539813253226,1800000,18000000,15087600000,495.3
762,0.8455783536501645,0.25618089978265146,0.0037727306811950597,0.017350607953948487,1800000,18000000,15107400000,495.95
763,0.8438042230481779,0.2565933369564361,0.001882466437102161,0.017292868879355078,1800000,18000000,15127200000,496.6
764,0.8434778137539793,0.2574397510616946,0.0014041634386827407,0.017235321947927124,1800000,18000000,15147000000,497.25
765,0.8439290922223831,0.2597403282827858,0.0012807486844921435,0.017177966520253697,1800000,18000000,15166800000,497.90000000000003
766,0.8432698035273934,0.25855603382204656,0.0006616176363711941,0.01712080195905166,1800000,18000000,15186600000,498.55
767,0.8434644492698706,0.25376023913620693,0.00078467365181588,0.017063827629158642,1800000,18000000,15206400000,499.20000000000005
768,0.845218340229621,0.25419539065823116,0.0006493513370443717,0.017007042897525942,1800000,18000000,15226200000,499.85
769,0.8441793830293427,0.254841382618018,0.0011275110972856237,0.016950447133211522,1800000,18000000,15246000000,500.5
770,0.8429777996876429,0.26053613050828145,0.0,0.01689403970737297,1800000,18000000,15265800000,501.15000000000003
771,0.8423391837531585,0.2600273079815037,0.0015875417888178097,0.016837819993260533,1800000,18000000,15285600000,501.8
772,0.8414609434446546,0.25897823950042187,0.0027027037668838636,0.016781787366210135,1800000,18000000,15305400000,502.45000000000005
773,0.8418057457821412,0.2554052676151023,0.0012998125926193846,0.016725941203636456,1800000,18000000,15325200000,503.1
774,0.8455681311817109,0.25481230673698635,0.0003382250202442303,0.016670280885026006,1800000,18000000,15345000000,503.75
775,0.8410360052562066,0.25814597393176825,0.00011825464501400134,0.01661480579193023,1800000,18000000,15364800000,504.40000000000003
776,0.8424628667851728,0.2644713935624704,0.0010729340280787908,0.016559515307958635,1800000,18000000,15384600000,505.05
777,0.8405141165500833,0.2569928860884038,0.00012890356846750146,0.016504408818771934,1800000,18000000,15404400000,505.70000000000005
778,0.8429145563225331,0.2541909295069071,0.0002109207850284555,0.01644948571207524,1800000,18000000,15424200000,506.35
779,0.8443936691992129,0.2617098615756279,0.0028480374193547197,0.016394745377611247,1800000,18000000,15444000000,507.0
780,0.8448858238809412,0.2557249496761903,0.0019451842412201458,0.016340187207153453,1800000,18000000,15463800000,507.65000000000003
781,0.8441351662583789,0.25461396758355004,0.0004410032598720332,0.016285810594499402,1800000,18000000,15483600000,508.3
782,0.8417434901413159,0.2587036461347232,0.00028984367488974296,0.016231614935463958,1800000,18000000,15503400000,508.95000000000005
783,0.8434107977578129,0.2573236499222319,0.0021973679108479964,0.01617759962787256,1800000,18000000,15523200000,509.6
784,0.8423712041943203,0.2604263059132935,0.002774100609209895,0.016123764071554577,1800000,18000000,15543000000,510.25
785,0.8427440576021328,0.2605889726981456,0.003265547645144586,0.016070107668336605,1800000,18000000,15562800000,510.90000000000003
786,0.8427070414894272,0.2620062517523558,0.0022387036810456703,0.01601662982203583,1800000,18000000,15582600000,511.55
787,0.8421856730009266,0.2554844535095513,0.003460595607263892,0.015963329938453414,1800000,18000000,15602400000,512.2
788,0.8446048244489406,0.25823785577965996,0.002240219072928493,0.015910207425367886,1800000,18000000,15622200000,512.85
789,0.8443412242644156,0.255781630081265,0.002957626258539759,0.015857261692528542,1800000,18000000,15642000000,513.5
790,0.8420718255186138,0.25377430126473993,0.000380756860803486,0.015804492151648922,1800000,18000000,15661800000,514.15
791,0.8410961007365365,0.25264784560375386,0.00025257349377879375,0.015751898216400252,1800000,18000000,15681600000,514.8000000000001
792,0.8436033889934806,0.2575595057769114,0.0010105177697579558,0.015699479302404933,1800000,18000000,15701400000,515.45
793,0.8426091311549578,0.2533344765548003,0.002126943080683146,0.015647234827230044,1800000,18000000,15721200000,516.1
794,0.8423232599137573,0.25614599997684556,0.0013058173504287428,0.015595164210380888,1800000,18000000,15741000000,516.75
795,0.8454636633697095,0.25791203291622566,0.0002964651412864053,0.015543266873294511,1800000,18000000,15760800000,517.4
796,0.8439839222696437,0.2573766170552981,0.00023053724044849126,0.015491542239333302,1800000,18000000,15780600000,518.0500000000001
797,0.8403873797394634,0.25732979671184647,0.0,0.01543998973377857,1800000,18000000,15800400000,518.7
798,0.842996563699085,0.255764513660899,0.0018317681616287361,0.015388608783824179,1800000,18000000,15820200000,519.35
799,0.8403284867154192,0.2620052107877744,0.0004553103442972425,0.015337398818570146,1800000,18000000,15840000000,520.0
800,0.8436361554676319,0.25200953402734005,4.513212963431828e-05,0.01528635926901634,1800000,18000000,15859800000,520.65
801,0.843342162211203,0.253470943721902,0.00107127689237342,0.01523548956805612,1800000,18000000,15879600000,521.3000000000001
802,0.8434437111986696,0.2560251993323395,0.0,0.01518478915047006,1800000,18000000,15899400000,521.95
803,0.8426860172282138,0.25820618520071364,0.001690541452933603,0.015134257452919677,1800000,18000000,15919200000,522.6
804,0.8415378868705529,0.2599006942479506,0.00045017459305617753,0.01508389391394114,1800000,18000000,15939000000,523.25
805,0.8397557073253757,0.2523073356827909,0.0024027867146705134,0.015033697973939058,1800000,18000000,15958800000,523.9
806,0.842303979800315,0.2578977179963906,0.0008611725890394588,0.014983669075180239,1800000,18000000,15978600000,524.5500000000001
807,0.8430795006412034,0.25491846746365787,0.0012212759325137073,0.014933806661787518,1800000,18000000,15998400000,525.2
808,0.8427343402708436,0.2608093176005975,0.002337432455116838,0.014884110179733566,1800000,18000000,16018200000,525.85
809,0.8440771887350105,0.25804759398265814,0.0007645907694579628,0.01483457907683474,1800000,18000000,16038000000,526.5
810,0.8430701747410257,0.26122667166521474,0.0019136239588200266,0.014785212802744946,1800000,18000000,16057800000,527.15
811,0.84378675433813,0.2535535996899095,0.0010128589935412607,0.014736010808949521,1800000,18000000,16077600000,527.8000000000001
812,0.843989807991291,0.2529464024644942,0.0005319772034581523,0.014686972548759124,1800000,18000000,16097400000,528.45
813,0.8424540378169603,0.2627603390056031,0.00021937908463824283,0.014638097477303708,1800000,18000000,16117200000,529.1
814,0.8419418628675848,0.26013682707947716,0.002266101087115769,0.014589385051526413,1800000,18000000,16137000000,529.75
815,0.8389948950291453,0.2615232969696818,0.00045943754075969997,0.014540834730177563,1800000,18000000,16156800000,530.4
816,0.8447004764323222,0.25495853882280733,0.001269574674945897,0.014492445973808648,1800000,18000000,16176600000,531.0500000000001
817,0.8428742518692287,0.25393839960832415,0.0002299281739947984,0.014444218244766325,1800000,18000000,16196400000,531.7
818,0.8442466424438922,0.258257483771677,0.0006883648942324983,0.01439615100718643,1800000,18000000,16216200000,532.35
819,0.8444710024800873,0.25308370612618625,0.000629429212736095,0.014348243726988055,1800000,18000000,16236000000,533.0
820,0.841584512085893,0.25249364596924917,0.0010455464332489001,0.014300495871867599,1800000,18000000,16255800000,533.65
821,0.8397475948693196,0.25766997931825547,0.001042750020712103,0.01425290691129284,1800000,18000000,16275600000,534.3000000000001
822,0.8408210464140533,0.26074118099672744,0.0005999369785220228,0.014205476316497063,1800000,18000000,16295400000,534.95
823,0.8415136930426939,0.25300089114401625,0.0,0.014158203560473181,1800000,18000000,16315200000,535.6
824,0.8411979510199572,0.2556448139257702,0.000621018174647427,0.014111088117967848,1800000,18000000,16335000000,536.25
825,0.8441171206237393,0.25265934571237864,0.0009688626913856382,0.014064129465475665,1800000,18000000,16354800000,536.9
826,0.8415585332354241,0.2607622284439004,0.0007510532169738957,0.01401732708123335,1800000,18000000,16374600000,537.5500000000001
827,0.8434423280959329,0.251395555504555,0.0010185442017150307,0.013970680445213924,1800000,18000000,16394400000,538.2
828,0.843279582479928,0.259882920709713,0.0011362116946932,0.013924189039120962,1800000,18000000,16414200000,538.85
829,0.8415953347552391,0.25917951957497976,0.0005711111478058147,0.01387785234638279,1800000,18000000,16434000000,539.5
830,0.8437819857692576,0.2543656035074013,9.48490105144677e-05,0.013831669852146802,1800000,18000000,16453800000,540.15
831,0.8434871666959872,0.25720629272323375,0.00035046489142640045,0.013785641043273693,1800000,18000000,16473600000,540.8000000000001
832,0.8460280344155068,0.2500528868582526,0.0019429301350733447,0.01373976540833178,1800000,18000000,16493400000,541.45
833,0.8411802902964715,0.25902373755282077,0.0014503188596913753,0.013694042437591319,1800000,18000000,16513200000,542.1
834,0.8410860587557569,0.2585782475363176,0.0025286848915608514,0.01364847162301883,1800000,18000000,16533000000,542.75
835,0.8434549162314883,0.2630094983164071,0.0013899135078934695,0.013603052458271453,1800000,18000000,16552800000,543.4
836,0.8432877619078125,0.2524084747639599,0.0019919866609957055,0.013557784438691338,1800000,18000000,16572600000,544.0500000000001
837,0.84265772233561,0.2598737613917489,0.0005762498489269166,0.013512667061300028,1800000,18000000,16592400000,544.7
838,0.8415075655876659,0.254275414080738,0.0005843276656566407,0.013467699824792862,1800000,18000000,16612200000,545.35
839,0.8420183006633063,0.2572991790686011,0.001994500041754061,0.013422882229533415,1800000,18000000,16632000000,546.0
840,0.841374287375286,0.2552036600381207,0.00242976019518997,0.013378213777547955,1800000,18000000,16651800000,546.65
841,0.8437608212232465,0.2512579950274399,0.0003024633152639343,0.013333693972519876,1800000,18000000,16671600000,547.3000000000001
842,0.8427770421648247,0.25848426537924024,0.0009073970235263483,0.013289322319784223,1800000,18000000,16691400000,547.95
843,0.8434487445731603,0.2539568823441014,0.0002838282897140318,0.01324509832632218,1800000,18000000,16711200000,548.6
844,0.8459679198471259,0.25450030039808214,0.0009787529432447556,0.013201021500755583,1800000,18000000,16731000000,549.25
845,0.8424074204244708,0.2582233611660318,0.0010378683974301246,0.013157091353341475,1800000,18000000,16750800000,549.9
846,0.8436411415187368,0.255087428679969,0.00035926309310133206,0.013113307395966662,1800000,18000000,16770600000,550.5500000000001
847,0.8432716261997123,0.25529111616849626,0.0,0.01306966914214226,1800000,18000000,16790400000,551.2
848,0.8415808646676801,0.2559666854924416,0.0011705749650942456,0.013026176106998346,1800000,18000000,16810200000,551.85
849,0.8422964047582225,0.2597604013634152,0.0028554489014071807,0.012982827807278526,1800000,18000000,16830000000,552.5
850,0.8423753368286254,0.2596136897934241,0.003338492272120527,0.012939623761334574,1800000,18000000,16849800000,553.15
851,0.8475307469992377,0.2535956171139575,0.0019318728823733873,0.012896563489121101,1800000,18000000,16869600000,553.8000000000001
852,0.8430426454639863,0.25752024753521324,0.0015863820087137657,0.012853646512190182,1800000,18000000,16889400000,554.45
853,0.846215522941445,0.25766165967043403,0.0040987788252751425,0.012810872353686081,1800000,18000000,16909200000,555.1
854,0.8426232261887373,0.26021278758033456,0.0,0.012768240538339934,1800000,18000000,16929000000,555.75
855,0.8443606588603524,0.25597349423315063,0.0,0.01272575059246446,1800000,18000000,16948800000,556.4
856,0.8441379508487827,0.2547205190932183,0.0013180793373558973,0.012683402043948716,1800000,18000000,16968600000,557.0500000000001
857,0.8409502411490526,0.25832330705042184,0.00027038536373188385,0.012641194422252843,1800000,18000000,16988400000,557.7
858,0.8438747016731717,0.25970671924732974,0.001922795442642846,0.012599127258402818,1800000,18000000,17008200000,558.35
859,0.8432552755038617,0.2626579466415212,0.0022042010913154554,0.012557200084985287,1800000,18000000,17028000000,559.0
860,0.8419043297695205,0.2626781908286985,0.0013135707663410024,0.012515412436142334,1800000,18000000,17047800000,559.65
861,0.8434068730410832,0.25767463874997637,2.4579390768574775e-05,0.012473763847566318,1800000,18000000,17067600000,560.3000000000001
862,0.8456021401915342,0.2509885761693631,0.0003667056156220845,0.01243225385649472,1800000,18000000,17087400000,560.95
863,0.8426426350811372,0.2540305008952698,0.0017572405564040756,0.012390882001704991,1800000,18000000,17107200000,561.6
864,0.8422998792213889,0.26294405013690236,0.00033625486013641784,0.01234964782350942,1800000,18000000,17127000000,562.25
865,0.8421514301000547,0.2564694037558317,0.0017484813792638756,0.012308550863750054,1800000,18000000,17146800000,562.9
866,0.841680488350489,0.26247908980848195,0.001068119997133376,0.012267590665793582,1800000,18000000,17166600000,563.5500000000001
867,0.8426557621015028,0.2557948811337778,0.0009164432599412457,0.012226766774526273,1800000,18000000,17186400000,564.2
868,0.8426549994126572,0.257276373863,0.0,0.012186078736348917,1800000,18000000,17206200000,564.85
869,0.8411630175866814,0.26096599975607015,0.0011036085339776272,0.012145526099171784,1800000,18000000,17226000000,565.5
870,0.8432649517559575,0.2567036688104151,0.0,0.01210510841240959,1800000,18000000,17245800000,566.15
871,0.8429950213832315,0.25847694971771895,0.0,0.01206482522697652,1800000,18000000,17265600000,566.8000000000001
872,0.8411394756038281,0.2651014573033151,0.0011111678217466546,0.012024676095281203,1800000,18000000,17285400000,567.45
873,0.8402900965292218,0.26104028189744405,0.0,0.011984660571221769,1800000,18000000,17305200000,568.1
874,0.8432337724330092,0.25684698673362366,0.0004357389323966114,0.011944778210180869,1800000,18000000,17325000000,568.75
875,0.8416701269669216,0.26158270781528664,0.0014580872823947632,0.011905028569020754,1800000,18000000,17344800000,569.4
876,0.8439265771074235,0.2497373836743214,0.0015284880072553438,0.011865411206078324,1800000,18000000,17364600000,570.0500000000001
877,0.8433964143237813,0.260506874048964,0.0001796958104485786,0.011825925681160258,1800000,18000000,17384400000,570.7
878,0.8438977774172228,0.25465777957511976,0.0012957440122616625,0.01178657155553809,1800000,18000000,17404200000,571.35
879,0.8427845369755147,0.26191078183469907,0.00035753907073149426,0.01174734839194336,1800000,18000000,17424000000,572.0
880,0.8408025063567888,0.25912657525849675,0.0021503469112392867,0.011708255754562732,1800000,18000000,17443800000,572.65
881,0.8422543130528074,0.2592365586763006,0.0009177787585826689,0.011669293209033163,1800000,18000000,17463600000,573.3000000000001
882,0.8449518765671883,0.26084315903241795,0.0024847366641060366,0.011630460322437081,1800000,18000000,17483400000,573.95
883,0.8445654138516283,0.24696765248956734,0.00015625698249226486,0.01159175666329757,1800000,18000000,17503200000,574.6
884,0.8414641241732999,0.25268764494592694,0.0,0.011553181801573576,1800000,18000000,17523000000,575.25
885,0.8431243211049362,0.2526405228915116,0.0,0.011514735308655124,1800000,18000000,17542800000,575.9
886,0.8447793220829413,0.2558330452759553,0.0009807548870398568,0.011476416757358571,1800000,18000000,17562600000,576.5500000000001
887,0.8409400195754141,0.2579693873951495,0.0,0.011438225721921835,1800000,18000000,17582400000,577.2
888,0.8449915431042606,0.2518921178782484,0.0011692869685024435,0.011400161777999683,1800000,18000000,17602200000,577.85
889,0.8433101379463722,0.2538501361321242,0.002354223685297665,0.01136222450265902,1800000,18000000,17622000000,578.5
890,0.8415040724663547,0.2569150186792208,0.0011847688397031621,0.011324413474374167,1800000,18000000,17641800000,579.15
891,0.8435565719207756,0.26080863073049565,0.0009087395642556769,0.011286728273022203,1800000,18000000,17661600000,579.8000000000001
892,0.843053429146044,0.26085748337593156,0.00045759327798205654,0.011249168479878289,1800000,18000000,17681400000,580.45
893,0.840516284306524,0.2607793779507164,0.0007913944345778914,0.011211733677610984,1800000,18000000,17701200000,581.1
894,0.8405122237140418,0.2604979795002439,0.00195377319742555,0.01117442345027767,1800000,18000000,17721000000,581.75
895,0.8411802850863588,0.26055925810227204,0.0012107076575767293,0.011137237383319877,1800000,18000000,17740800000,582.4
896,0.8451420383288192,0.25518189824120635,0.0023782328005161014,0.011100175063558702,1800000,18000000,17760600000,583.0500000000001
897,0.844342242989062,0.2528714694983474,0.0,0.01106323607919021,1800000,18000000,17780400000,583.7
898,0.8439793311569898,0.2591164448990752,0.0,0.011026420019780866,1800000,18000000,17800200000,584.35
899,0.8430302866171523,0.25731649005139706,0.0011386945899618962,0.010989726476262956,1800000,18000000,17820000000,585.0
900,0.8435602750854089,0.26090365368390084,0.0,0.010953155040930068,1800000,18000000,17839800000,585.65
901,0.840811981047087,0.2591905919678204,0.00021154725684147438,0.010916705307432543,1800000,18000000,17859600000,586.3000000000001
902,0.8424710689613835,0.25920230240575615,0.0,0.010880376870772968,1800000,18000000,17879400000,586.95
903,0.841883676334867,0.25802795647364374,0.0,0.010844169327301678,1800000,18000000,17899200000,587.6
904,0.8437611986225133,0.2518345862359568,0.000593109171598206,0.010808082274712251,1800000,18000000,17919000000,588.25
905,0.8425484507536726,0.2611039030261808,0.0006354986743329957,0.010772115312037072,1800000,18000000,17938800000,588.9
906,0.8409190119315854,0.26033131384089236,0.00040782132938829024,0.010736268039642852,1800000,18000000,17958600000,589.5500000000001
907,0.8439507495411331,0.2601932784070937,0.0011669050838064605,0.010700540059226191,1800000,18000000,17978400000,590.2
908,0.8424212780934309,0.2560161282537132,0.0018457970401936845,0.010664930973809168,1800000,18000000,17998200000,590.85
909,0.8443006183461509,0.25497863063949094,0.0005065081996413955,0.010629440387734914,1800000,18000000,18018000000,591.5
910,0.8446542809640553,0.24774750949915145,0.0,0.010594067906663207,1800000,18000000,18037800000,592.15
911,0.8436054254948613,0.2564689913916863,0.0,0.010558813137566122,1800000,18000000,18057600000,592.8000000000001
912,0.8413050943366875,0.26465411557087926,0.0008586949165951525,0.01052367568872364,1800000,18000000,18077400000,593.45
913,0.8414597851101456,0.2577078880842703,0.0013638245453580832,0.010488655169719302,1800000,18000000,18097200000,594.1
914,0.8437085114229989,0.2584759577276114,0.0015220184862745983,0.010453751191435868,1800000,18000000,18117000000,594.75
915,0.8447002654905675,0.25300032549884205,0.0014058017402074552,0.010418963366051004,1800000,18000000,18136800000,595.4
916,0.8431505012593187,0.258636256506047,0.0016993217968751776,0.01038429130703295,1800000,18000000,18156600000,596.0500000000001
917,0.8442542130942825,0.25903268650914807,0.0007460342034540855,0.010349734629136251,1800000,18000000,18176400000,596.7
918,0.8429355331757795,0.26052111549225165,0.0,0.010315292948397467,1800000,18000000,18196200000,597.35
919,0.8428824854371152,0.2541855395694462,0.002508703784883738,0.0102809658821309,1800000,18000000,18216000000,598.0
920,0.8415888589742166,0.25777771500963964,0.0009329361717698015,0.010246753048924351,1800000,18000000,18235800000,598.65
921,0.8432457687296823,0.25664728849716206,0.000325265119559512,0.010212654068634879,1800000,18000000,18255600000,599.3000000000001
922,0.8433813594796989,0.2569312656463009,0.0,0.010178668562384568,1800000,18000000,18275400000,599.95
923,0.8440049465198376,0.25491852006005505,0.0010817833288432497,0.010144796152556337,1800000,18000000,18295200000,600.6
924,0.8425657043864889,0.2636122372673086,0.0008517265364306138,0.010111036462789725,1800000,18000000,18315000000,601.25
925,0.8420141036783796,0.2556982343411015,0.0008154707423179907,0.010077389117976725,1800000,18000000,18334800000,601.9
926,0.8435032690771503,0.2511298008813005,0.0,0.010043853744257604,1800000,18000000,18354600000,602.5500000000001
927,0.8413815424533085,0.25861385273463866,0.001187849001061155,0.010010429969016745,1800000,18000000,18374400000,603.2
928,0.8445893623340243,0.2606537365805502,0.0012567256360848933,0.009977117420878534,1800000,18000000,18394200000,603.85
929,0.8460989280384742,0.25144052742034406,0.0,0.009943915729703197,1800000,18000000,18414000000,604.5
930,0.842857074920781,0.25736614773867156,0.001267356512077514,0.009910824526582717,1800000,18000000,18433800000,605.15
931,0.8405891470699267,0.2589807910913886,0.00016854485190798975,0.009877843443836716,1800000,18000000,18453600000,605.8000000000001
932,0.8425236266939694,0.2550711071099103,0.004100301029505602,0.009844972115008389,1800000,18000000,18473400000,606.45
933,0.8435218526048248,0.25080221382787926,0.0020624597119903083,0.009812210174860397,1800000,18000000,18493200000,607.1
934,0.8437143073360054,0.2539397221604536,0.001409371903587109,0.009779557259370852,1800000,18000000,18513000000,607.75
935,0.844456295861765,0.2611257812691825,0.000980252572450909,0.00974701300572925,1800000,18000000,18532800000,608.4
936,0.8417585111835075,0.2623567592060584,0.0008700592213663851,0.009714577052332429,1800000,18000000,18552600000,609.0500000000001
937,0.8423451013134756,0.26039978492511906,0.0010431071115988412,0.00968224903878058,1800000,18000000,18572400000,609.7
938,0.8423287695108013,0.25779478574806974,0.0017125788579138213,0.009650028605873223,1800000,18000000,18592200000,610.35
939,0.8426449643984164,0.25748726066925587,0.0019166086033534724,0.009617915395605208,1800000,18000000,18612000000,611.0
940,0.8422039911627739,0.2627358629213506,0.0,0.009585909051162758,1800000,18000000,18631800000,611.65
941,0.8437542764383438,0.25520301311095117,0.0,0.009554009216919498,1800000,18000000,18651600000,612.3000000000001
942,0.8413346117955381,0.2538715354512175,0.0,0.009522215538432497,1800000,18000000,18671400000,612.95
943,0.8431218537112071,0.25777534473737096,0.0010291814917950122,0.009490527662438332,1800000,18000000,18691200000,613.6
944,0.8425350987425834,0.25602882178448094,0.0018330140155690166,0.00945894523684917,1800000,18000000,18711000000,614.25
945,0.845880181645302,0.2554184560294299,0.0,0.009427467910748841,1800000,18000000,18730800000,614.9
946,0.8463191585031894,0.2511365225163653,0.0007941840865438659,0.009396095334388952,1800000,18000000,18750600000,615.5500000000001
947,0.8425388765508195,0.2543289303979421,0.0012144998226779101,0.009364827159185005,1800000,18000000,18770400000,616.2
948,0.842736695655661,0.26048923924172496,0.0018880020669588364,0.009333663037712504,1800000,18000000,18790200000,616.85
949,0.8431113744340846,0.2540369127553455,0.0003259480085782785,0.009302602623703115,1800000,18000000,18810000000,617.5
950,0.8418184166561408,0.25608974497915554,0.0010607356536563334,0.009271645572040809,1800000,18000000,18829800000,618.15
951,0.8434767473408882,0.2586220147246757,0.0004704088125012775,0.00924079153875802,1800000,18000000,18849600000,618.8000000000001
952,0.8435893897520725,0.2567675986047015,0.0,0.009210040181031845,1800000,18000000,18869400000,619.45
953,0.8414582093915719,0.2572649116824123,0.0018743306834004695,0.009179391157180212,1800000,18000000,18889200000,620.1
954,0.842585313392468,0.25534297509293324,0.0001599714688576211,0.009148844126658095,1800000,18000000,18909000000,620.75
955,0.8429713601316398,0.261337762053128,0.0,0.009118398750053738,1800000,18000000,18928800000,621.4
956,0.8414930684622847,0.26004374410742154,0.0,0.009088054689084853,1800000,18000000,18948600000,622.0500000000001
957,0.8409683339703959,0.260309864935949,0.0,0.009057811606594903,1800000,18000000,18968400000,622.7
958,0.8435327436384694,0.2527185619909245,0.0017938080832264388,0.009027669166549323,1800000,18000000,18988200000,623.35
959,0.8426446844876935,0.2576284598858768,0.0016421997883258649,0.008997627034031805,1800000,18000000,19008000000,624.0
960,0.8418032212752111,0.2593239815511942,0.0,0.008967684875240566,1800000,18000000,19027800000,624.65
961,0.8450027071043916,0.25125203196805984,0.0012255726498467882,0.00893784235748465,1800000,18000000,19047600000,625.3000000000001
962,0.8435037963424128,0.25928052667871815,0.00042798658581449846,0.008908099149180209,1800000,18000000,19067400000,625.95
963,0.8441544766093863,0.25639122509440604,0.0,0.008878454919846852,1800000,18000000,19087200000,626.6
964,0.8440570982363003,0.25774896010727083,0.001881058706712285,0.008848909340103947,1800000,18000000,19107000000,627.25
965,0.8425907740924454,0.25934195129330956,0.0002086861660897275,0.00881946208166697,1800000,18000000,19126800000,627.9
966,0.8431061252558711,0.2525298933301241,0.0007245814711973453,0.008790112817343857,1800000,18000000,19146600000,628.5500000000001
967,0.8446471928984285,0.25490445721529603,0.0009354360818334221,0.008760861221031375,1800000,18000000,19166400000,629.2
968,0.8428375062503449,0.25396281819738237,0.0,0.008731706967711477,1800000,18000000,19186200000,629.85
969,0.8419805860420654,0.26256498508340126,0.0013156830838612328,0.008702649733447719,1800000,18000000,19206000000,630.5
970,0.843245443374621,0.25467956775900674,0.00033565760470038336,0.008673689195381645,1800000,18000000,19225800000,631.15
971,0.8421926748113845,0.25661327734000455,0.0,0.0086448250317292,1800000,18000000,19245600000,631.8000000000001
972,0.8410325095705414,0.2557126787339722,0.00030889741750112865,0.008616056921777155,1800000,18000000,19265400000,632.45
973,0.8449169140941594,0.25059842950917344,0.0010801284683135156,0.008587384545879555,1800000,18000000,19285200000,633.1
974,0.8434487659248563,0.25977377766709947,0.000825882708725922,0.00855880758545414,1800000,18000000,19305000000,633.75
975,0.8416112663809457,0.26010304912014315,0.0,0.008530325722978842,1800000,18000000,19324800000,634.4
976,0.8430045578737494,0.2505679422785015,0.0,0.008501938641988227,1800000,18000000,19344600000,635.0500000000001
977,0.8442291964751422,0.26136240917191017,0.0,0.00847364602706999,1800000,18000000,19364400000,635.7
978,0.8412874843659487,0.26031224717293894,0.0,0.008445447563861456,1800000,18000000,19384200000,636.35
979,0.8432372793577247,0.25552538847545236,0.0013683599877488358,0.008417342939046071,1800000,18000000,19404000000,637.0
980,0.8391597442733567,0.26087763349087983,0.0011998911696357692,0.008389331840349944,1800000,18000000,19423800000,637.65
981,0.8440195929614496,0.2598808476863852,0.00036668774292626584,0.008361413956538348,1800000,18000000,19443600000,638.3000000000001
982,0.8447528477934878,0.2531344021666313,0.001314875674519694,0.008333588977412296,1800000,18000000,19463400000,638.95
983,0.8430425713135759,0.2592915291376812,0.0,0.008305856593805061,1800000,18000000,19483200000,639.6
984,0.8396520826591368,0.2638789212148878,0.0,0.008278216497578768,1800000,18000000,19503000000,640.25
985,0.842501679772985,0.2544759240076277,4.195744301470296e-05,0.008250668381620944,1800000,18000000,19522800000,640.9
986,0.8422772007005345,0.2576522027947866,0.0,0.008223211939841133,1800000,18000000,19542600000,641.5500000000001
987,0.8442995632322596,0.257540275715579,0.0010849847465392594,0.008195846867167478,1800000,18000000,19562400000,642.2
988,0.843708739747244,0.25590820688904536,0.000840127106632761,0.008168572859543331,1800000,18000000,19582200000,642.85
989,0.8417545478008396,0.25403632676785587,0.0,0.008141389613923886,1800000,18000000,19602000000,643.5
990,0.8430330364086982,0.2561649315605451,0.0,0.008114296828272803,1800000,18000000,19621800000,644.15
991,0.8432005458152835,0.25995850178796526,0.0011209615372731903,0.008087294201558844,1800000,18000000,19641600000,644.8000000000001
992,0.8402493444892789,0.2580392041581118,0.00047195778696546876,0.00806038143375255,1800000,18000000,19661400000,645.45
993,0.8420908296301166,0.25537783561783617,0.0006677418116297376,0.008033558225822888,1800000,18000000,19681200000,646.1
994,0.8444665111885068,0.25733319795252885,0.0007289528270303544,0.008006824279733942,1800000,18000000,19701000000,646.75
995,0.8434931611144806,0.25674399384697166,0.0,0.00798017929844159,1800000,18000000,19720800000,647.4
996,0.8432570093144157,0.258707410785748,0.0020344442977163826,0.007953622985890214,1800000,18000000,19740600000,648.0500000000001
997,0.8438879412744333,0.25575744364078273,0.0003850089526874422,0.007927155047009393,1800000,18000000,19760400000,648.7
998,0.8462505372578305,0.251606487797367,0.0,0.007900775187710651,1800000,18000000,19780200000,649.35
999,0.8462331221214011,0.2541084502812882,0.00021643321716106233,0.007874483114884165,1800000,18000000,19800000000,650.0
