round,test_accuracy,train_objective,mfg,hfr_tau,downlink_bytes,uplink_bytes,cumulative_serialized_bytes,single_device_elapsed_seconds
0,0.500366541313795,0.5983984333101253,0.12211549253979444,0.35,1800000,3600000,5400000,0.5700000000000001
1,0.4999705473211803,0.6033148769552511,0.11948508676483265,0.3488352756190831,1800000,3600000,10800000,1.1400000000000001
2,0.5034439851514673,0.5936467091263218,0.1192162079176904,0.34767442718926206,1800000,3600000,16200000,1.7100000000000002
3,0.5032298526899432,0.6015610172161839,0.11995397260210157,0.34651744181220884,1800000,3600000,21600000,2.2800000000000002
4,0.5031842408734373,0.5928913796975892,0.11902923270774274,0.3453643066325185,1800000,3600000,27000000,2.8500000000000005
5,0.5039350934706607,0.5962909189759811,0.11749516322563223,0.3442150088375661,1800000,3600000,32400000,3.4200000000000004
6,0.5048263378826991,0.5953795594212691,0.11608028260515174,0.3430695356573643,1800000,3600000,37800000,3.99
7,0.5051702910730417,0.5965002183510807,0.11600227484831592,0.3419278743644216,1800000,3600000,43200000,4.5600000000000005
8,0.5063537705752273,0.5933920964883819,0.11587081976959587,0.34079001227360073,1800000,3600000,48600000,5.130000000000001
9,0.507259554826614,0.5946387989928807,0.11629200953718345,0.33965593674197786,1800000,3600000,54000000,5.700000000000001
10,0.5081429818306468,0.5970384320058127,0.11619650336556014,0.33852563516870204,1800000,3600000,59400000,6.2700000000000005
11,0.5062567508287783,0.595600074385224,0.11465746745019777,0.3373990949948554,1800000,3600000,64800000,6.840000000000001
12,0.5082620066692417,0.5927837597048988,0.11433590482605184,0.3362763037033131,1800000,3600000,70200000,7.410000000000001
13,0.5081249257279227,0.5901745645670372,0.1142874220435668,0.335157248818605,1800000,3600000,75600000,7.98
14,0.5117778603931903,0.5835885159950209,0.11278284516386171,0.3340419179067763,1800000,3600000,81000000,8.55
15,0.5091926195281608,0.5870841387548597,0.1118200764617485,0.33293029857524986,1800000,3600000,86400000,9.120000000000001
16,0.5103364065986181,0.5884214780288827,0.11506529934659172,0.3318223784726884,1800000,3600000,91800000,9.690000000000001
17,0.5122666831159037,0.5897083253868044,0.11296695614780078,0.3307181452888571,1800000,3600000,97200000,10.260000000000002
18,0.5129606975061012,0.5871656613327831,0.11133125344278821,0.32961758675448705,1800000,3600000,102600000,10.830000000000002
19,0.5139373719042465,0.5862203339988858,0.11113106068620017,0.32852069064113865,1800000,3600000,108000000,11.400000000000002
20,0.5147713206957931,0.5884903427120265,0.10982430437102257,0.3274274447610662,1800000,3600000,113400000,11.97
21,0.5178822978894404,0.5835952304254565,0.11162834360678028,0.32633783696708185,1800000,3600000,118800000,12.540000000000001
22,0.5163677237671637,0.5875331706093289,0.10890017550524075,0.3252518551524212,1800000,3600000,124200000,13.110000000000001
23,0.5143596278831621,0.5834521015449369,0.10961490272238641,0.32416948725060846,1800000,3600000,129600000,13.680000000000001
24,0.5133178188655,0.5865612495725895,0.1078410451167866,0.3230907212353225,1800000,3600000,135000000,14.250000000000002
25,0.5173669750529434,0.584224821619062,0.10802134033610858,0.32201554512026315,1800000,3600000,140400000,14.820000000000002
26,0.517483439918666,0.5806589313701318,0.10737915497087365,0.320943946959018,1800000,3600000,145800000,15.390000000000002
27,0.5191787851669556,0.5774824172308832,0.1067320681970185,0.31987591484492983,1800000,3600000,151200000,15.96
28,0.5201608187622933,0.5832245594473152,0.10734155337969535,0.3188114369109642,1800000,3600000,156600000,16.53
29,0.5181137220721046,0.5862300414058582,0.10684646270687023,0.3177505013295776,1800000,3600000,162000000,17.1
30,0.5202967052406355,0.5818554162101465,0.10658835433033102,0.3166930963125858,1800000,3600000,167400000,17.67
31,0.5220601695935654,0.5759725521232735,0.10515490936649237,0.3156392101110335,1800000,3600000,172800000,18.240000000000002
32,0.5228184517267602,0.5794725972380533,0.10497706858555203,0.3145888310150631,1800000,3600000,178200000,18.810000000000002
33,0.5234038940893724,0.5824826053470691,0.1053888936847714,0.3135419473537849,1800000,3600000,183600000,19.380000000000003
34,0.5229951941282946,0.5742110459780053,0.10538488452520946,0.31249854749514744,1800000,3600000,189000000,19.950000000000003
35,0.5232734307175905,0.5815688072364533,0.10390508131210706,0.3114586198458083,1800000,3600000,194400000,20.520000000000003
36,0.5233069474872095,0.5744439205953304,0.10385096053453748,0.3104221528510051,1800000,3600000,199800000,21.090000000000003
37,0.5242644512977824,0.5793218548521704,0.10304604361637061,0.3093891349944272,1800000,3600000,205200000,21.660000000000004
38,0.5256609845867013,0.5753036131598269,0.1043195089306351,0.30835955479808785,1800000,3600000,210600000,22.230000000000004
39,0.5247375529388523,0.5747359146901777,0.10355602400941544,0.30733340082219646,1800000,3600000,216000000,22.800000000000004
40,0.5258106018637488,0.5709447269371213,0.10221731116675133,0.3063106616650316,1800000,3600000,221400000,23.37
41,0.5260666928632722,0.5713791098633637,0.10291589331203563,0.3052913259628144,1800000,3600000,226800000,23.94
42,0.5261336028282976,0.5743589149330011,0.10082894080507185,0.304275382389582,1800000,3600000,232200000,24.51
43,0.5269985489689711,0.5711870791009214,0.1016302443979619,0.3032628196570622,1800000,3600000,237600000,25.080000000000002
44,0.5298482811732389,0.5710029980240514,0.09877601583496508,0.3022536265145474,1800000,3600000,243000000,25.650000000000002
45,0.529765803281467,0.5709685845566633,0.10047801501208531,0.3012477917487702,1800000,3600000,248400000,26.220000000000002
46,0.5315829054327791,0.5673708644339782,0.09930627502934646,0.30024530418377837,1800000,3600000,253800000,26.790000000000003
47,0.5267993102595006,0.5733352021579248,0.09901362217892198,0.2992461526808108,1800000,3600000,259200000,27.360000000000003
48,0.532013038696106,0.5689695224944433,0.09898273455508044,0.2982503261381739,1800000,3600000,264600000,27.930000000000003
49,0.5335137992474602,0.5706065285173705,0.09950888841361377,0.2972578134911182,1800000,3600000,270000000,28.500000000000004
50,0.5319714281053252,0.5712196650167842,0.09756296567974262,0.29626860371171493,1800000,3600000,275400000,29.070000000000004
51,0.5349263670478402,0.5654973148523589,0.09677038879303267,0.2952826858087343,1800000,3600000,280800000,29.640000000000004
52,0.5315022690549299,0.568171253775996,0.09671648758170864,0.29430004882752275,1800000,3600000,286200000,30.210000000000004
53,0.535542541379449,0.5626691730987564,0.09666098101435942,0.29332068184988147,1800000,3600000,291600000,30.780000000000005
54,0.5340580268167897,0.5695571437066919,0.09742085782173508,0.2923445739939452,1800000,3600000,297000000,31.350000000000005
55,0.5338872453934654,0.567702556824186,0.0963377936562799,0.29137171441406096,1800000,3600000,302400000,31.92
56,0.5356733718189445,0.5681911239739231,0.09577283229781398,0.2904020923006678,1800000,3600000,307800000,32.49
57,0.5363154982539233,0.5626746306755138,0.09689494818317522,0.2894356968801768,1800000,3600000,313200000,33.06
58,0.5360772462716272,0.5706196008263072,0.09576884121056248,0.2884725174148511,1800000,3600000,318600000,33.63
59,0.534793886400118,0.5588751651219319,0.09517045938903147,0.2875125432026867,1800000,3600000,324000000,34.2
60,0.5357453307431133,0.561198274793104,0.09399989435375514,0.2865557635772936,1800000,3600000,329400000,34.77
61,0.5393524626624313,0.5533978608187273,0.09635738476434295,0.2856021679077773,1800000,3600000,334800000,35.34
62,0.539415105412859,0.5606457889610558,0.09356484726310235,0.28465174559862044,1800000,3600000,340200000,35.910000000000004
63,0.5359011515021568,0.5635243286037612,0.09235099968672889,0.28370448608956544,1800000,3600000,345600000,36.480000000000004
64,0.5436587434606932,0.5580712920626423,0.09501921186768768,0.2827603788554969,1800000,3600000,351000000,37.050000000000004
65,0.5386189629739725,0.5582068573636834,0.09189465899471129,0.28181941340632466,1800000,3600000,356400000,37.620000000000005
66,0.5412466617210696,0.5640279742810032,0.09181641300413458,0.28088157928686747,1800000,3600000,361800000,38.190000000000005
67,0.544049592763326,0.5577842380350697,0.09163511080524772,0.2799468660767365,1800000,3600000,367200000,38.760000000000005
68,0.5415711672789909,0.5584909541058918,0.09180358916108251,0.2790152633902198,1800000,3600000,372600000,39.330000000000005
69,0.5403443097219782,0.5551680127379156,0.0908598957671158,0.2780867608761669,1800000,3600000,378000000,39.900000000000006
70,0.5446222841539504,0.5518573125478317,0.09086043447142755,0.2771613482178736,1800000,3600000,383400000,40.470000000000006
71,0.543517668076112,0.5525916691467522,0.08917134606929626,0.27623901513296745,1800000,3600000,388800000,41.040000000000006
72,0.541596084106727,0.5585855827147636,0.08818318782733545,0.2753197513732937,1800000,3600000,394200000,41.61000000000001
73,0.5440506596184937,0.5563028125603017,0.0898777281718011,0.274403546724801,1800000,3600000,399600000,42.18000000000001
74,0.54386441190774,0.5502261391586768,0.0886953815196103,0.27349039100742834,1800000,3600000,405000000,42.75000000000001
75,0.5464962131535668,0.5503141932314772,0.09102319137240433,0.2725802740749917,1800000,3600000,410400000,43.32000000000001
76,0.5456374885578459,0.5468056498352555,0.08775326709102119,0.27167318581507127,1800000,3600000,415800000,43.89000000000001
77,0.5475600733841295,0.5540411666573613,0.0872951653375943,0.2707691161488994,1800000,3600000,421200000,44.46000000000001
78,0.544454437268034,0.5565956302840468,0.0879438886245788,0.26986805503124817,1800000,3600000,426600000,45.03000000000001
79,0.5491226676510144,0.5487068914333499,0.09038021813052695,0.26896999245031816,1800000,3600000,432000000,45.60000000000001
80,0.5502826502322515,0.5494349088680565,0.0855715234301169,0.26807491842762704,1800000,3600000,437400000,46.17
81,0.5508287353725663,0.5511965336839041,0.08616448649102679,0.2671828230178986,1800000,3600000,442800000,46.74
82,0.5492118645606756,0.5453539905115309,0.08803817378608522,0.2662936963089525,1800000,3600000,448200000,47.31
83,0.5491821830941009,0.551817657858006,0.08571754793340365,0.26540752842159393,1800000,3600000,453600000,47.88
84,0.5515171259940365,0.5513037962581907,0.08589944032322999,0.2645243095095039,1800000,3600000,459000000,48.45
85,0.548483912178523,0.5487599155623775,0.08455899641290837,0.26364402975912987,1800000,3600000,464400000,49.02
86,0.5516283251737639,0.549570822408042,0.08541669891890921,0.26276667938957665,1800000,3600000,469800000,49.59
87,0.5534707147962968,0.5435599458525847,0.08412659075177571,0.2618922486524978,1800000,3600000,475200000,50.160000000000004
88,0.552861199759231,0.5500306075737756,0.08450927982371377,0.26102072783198726,1800000,3600000,480600000,50.730000000000004
89,0.5512942235063153,0.5502018739573209,0.08357274745319829,0.2601521072444713,1800000,3600000,486000000,51.300000000000004
90,0.5521398621057234,0.5433896176719849,0.08409418486022478,0.25928637723860126,1800000,3600000,491400000,51.870000000000005
91,0.5557146899973635,0.5478704540365048,0.08318074202321947,0.2584235281951458,1800000,3600000,496800000,52.440000000000005
92,0.5534238917249774,0.5441106022946084,0.08152621852877101,0.25756355052688457,1800000,3600000,502200000,53.010000000000005
93,0.5535375357002902,0.5447506005358221,0.08374920486683207,0.25670643467850124,1800000,3600000,507600000,53.580000000000005
94,0.5557431439547431,0.5458596867309211,0.08192817491756657,0.2558521711264775,1800000,3600000,513000000,54.150000000000006
95,0.5564568797280076,0.5456495646154966,0.08363626099574788,0.2550007503789875,1800000,3600000,518400000,54.720000000000006
96,0.5542199568229549,0.54710099004081,0.08182677171661047,0.2541521629757918,1800000,3600000,523800000,55.290000000000006
97,0.5586480810626304,0.5390125126881787,0.08170935249134988,0.2533063994881328,1800000,3600000,529200000,55.86000000000001
98,0.558507007210315,0.5446308754776468,0.08150647586740703,0.2524634505186297,1800000,3600000,534600000,56.43000000000001
99,0.5601526635220406,0.535953721880999,0.08147199211428435,0.25162330670117417,1800000,3600000,540000000,57.00000000000001
100,0.5604201281800214,0.5386673144864184,0.08204322825531443,0.2507859587008262,1800000,3600000,545400000,57.57000000000001
101,0.5588983750935925,0.5469179720181647,0.08017423345354406,0.24995139721371062,1800000,3600000,550800000,58.14000000000001
102,0.5600106039695283,0.5428303349690601,0.07910700273523556,0.24911961296691337,1800000,3600000,556200000,58.71000000000001
103,0.5616833370303339,0.5394004063024553,0.07814961916263137,0.24829059671837875,1800000,3600000,561600000,59.28000000000001
104,0.5630276028548664,0.5397971137059969,0.07847716448104465,0.24746433925680647,1800000,3600000,567000000,59.85000000000001
105,0.560053654153429,0.5444485508002272,0.0787902656515909,0.2466408314015497,1800000,3600000,572400000,60.42000000000001
106,0.5639116243138251,0.537029399186214,0.07692689093956821,0.24582006400251258,1800000,3600000,577800000,60.99000000000001
107,0.5586854127477162,0.5426971770179158,0.07773618644735078,0.24500202794004897,1800000,3600000,583200000,61.56000000000001
108,0.5628251593762338,0.5411233768536626,0.07835532144700152,0.24418671412486084,1800000,3600000,588600000,62.13000000000001
109,0.562734618549,0.5358449142959087,0.07731328308889054,0.24337411349789742,1800000,3600000,594000000,62.70000000000001
110,0.5626591390353841,0.5359796393697822,0.07835386709866163,0.24256421703025452,1800000,3600000,599400000,63.27000000000001
111,0.5636116107501101,0.5317840104202732,0.07707062533477804,0.24175701572307412,1800000,3600000,604800000,63.84
112,0.5652871441882402,0.5317317270214295,0.07786749215889184,0.2409525006074445,1800000,3600000,610200000,64.41000000000001
113,0.5646688209478078,0.5371210350790618,0.07489724130153852,0.24015066274430058,1800000,3600000,615600000,64.98
114,0.5673874085977283,0.5313229145992099,0.07775651373304458,0.23935149322432453,1800000,3600000,621000000,65.55000000000001
115,0.5676753314247199,0.5293777138349908,0.07405815919804776,0.23855498316784673,1800000,3600000,626400000,66.12
116,0.567889659867995,0.5300036936997946,0.07571316660701022,0.23776112372474734,1800000,3600000,631800000,66.69000000000001
117,0.5674471030512193,0.5261331569773844,0.07491426828096659,0.2369699060743576,1800000,3600000,637200000,67.26
118,0.5687223559381985,0.5307824572077975,0.07552827163269824,0.23618132142536227,1800000,3600000,642600000,67.83000000000001
119,0.5735217293169481,0.5230008650621906,0.07531216561101264,0.2353953610157015,1800000,3600000,648000000,68.4
120,0.5690857383594715,0.5324820084796396,0.07321462262697215,0.23461201611247376,1800000,3600000,653400000,68.97000000000001
121,0.5684277826002611,0.5333952581613642,0.07471040189017396,0.23383127801183873,1800000,3600000,658800000,69.54
122,0.570468765049843,0.5270437424018213,0.07299611589386926,0.23305313803892064,1800000,3600000,664200000,70.11000000000001
123,0.5702717994530376,0.5241152570513543,0.0734318947679658,0.23227758754771177,1800000,3600000,669600000,70.68
124,0.5688733133504376,0.5303244225167268,0.07300233642872628,0.23150461792097646,1800000,3600000,675000000,71.25000000000001
125,0.5706157559884607,0.528633896320475,0.07179058653096435,0.2307342205701553,1800000,3600000,680400000,71.82000000000001
126,0.5715568752283924,0.5271678363785732,0.07217605345175628,0.22996638693526986,1800000,3600000,685800000,72.39000000000001
127,0.5696681326699282,0.5332648765026693,0.07154135460646804,0.22920110848482736,1800000,3600000,691200000,72.96000000000001
128,0.5727172625965107,0.5314150179211035,0.07195448303432345,0.22843837671572612,1800000,3600000,696600000,73.53
129,0.5726304846104827,0.525382124265439,0.07160313146105421,0.22767818315316077,1800000,3600000,702000000,74.10000000000001
130,0.5738893331997434,0.5245690187428431,0.07184001604980593,0.2269205193505284,1800000,3600000,707400000,74.67
131,0.573965761350869,0.5231978535341524,0.07084296944348548,0.2261653768893345,1800000,3600000,712800000,75.24000000000001
132,0.574826656593598,0.5220217508179426,0.0707754093513011,0.22541274737909947,1800000,3600000,718200000,75.81
133,0.574487177651031,0.5260715196508133,0.0717031900347582,0.22466262245726548,1800000,3600000,723600000,76.38000000000001
134,0.5757348127402115,0.5209882064652083,0.07027208245724863,0.22391499378910354,1800000,3600000,729000000,76.95
135,0.5733733157623443,0.5265851942134085,0.07131325936944008,0.22316985306762066,1800000,3600000,734400000,77.52000000000001
136,0.5776083167245486,0.5220531288309156,0.06923760621740044,0.22242719201346783,1800000,3600000,739800000,78.09
137,0.577087968281625,0.522765978848487,0.06911301025742508,0.22168700237484795,1800000,3600000,745200000,78.66000000000001
138,0.5770049811921104,0.5206032193688976,0.0696043880766818,0.22094927592742405,1800000,3600000,750600000,79.23
139,0.5766667860256329,0.521095570190419,0.0700533829480292,0.22021400447422812,1800000,3600000,756000000,79.80000000000001
140,0.5785124272137103,0.5165300400562977,0.06920342467695573,0.2194811798455696,1800000,3600000,761400000,80.37
141,0.5786221184306486,0.520682105348162,0.06935015034962433,0.21875079389894525,1800000,3600000,766800000,80.94000000000001
142,0.5784720781364322,0.5204337567927051,0.06870907805749882,0.21802283851894808,1800000,3600000,772200000,81.51
143,0.5762793484586695,0.5258281834796872,0.06783144702881432,0.21729730561717747,1800000,3600000,777600000,82.08000000000001
144,0.5811406621537809,0.526390775879533,0.06872754248438086,0.2165741871321493,1800000,3600000,783000000,82.65
145,0.5786996859490364,0.5253121630479447,0.06708804321093255,0.21585347502920627,1800000,3600000,788400000,83.22000000000001
146,0.5801986640249785,0.5185361364803921,0.06731504262701342,0.2151351613004287,1800000,3600000,793800000,83.79
147,0.5786816905152228,0.5208679154298874,0.06495429782591451,0.21441923796454562,1800000,3600000,799200000,84.36000000000001
148,0.5795532720128018,0.5171740117022642,0.06550949399761562,0.21370569706684586,1800000,3600000,804600000,84.93
149,0.5812772469376276,0.5208180904130602,0.0664753359850266,0.2129945306790899,1800000,3600000,810000000,85.50000000000001
150,0.5819766431961491,0.5183542634735263,0.06630447471596208,0.21228573089942168,1800000,3600000,815400000,86.07000000000001
151,0.5807251353659528,0.5182099426112766,0.06413754194911975,0.2115792898522808,1800000,3600000,820800000,86.64000000000001
152,0.5827870987453182,0.517097758177045,0.06509005848424186,0.21087519968831503,1800000,3600000,826200000,87.21000000000001
153,0.5839123046624177,0.5185740833874294,0.06520462877480765,0.21017345258429304,1800000,3600000,831600000,87.78000000000002
154,0.5861579764953541,0.5157566386034308,0.06451916113168703,0.20947404074301768,1800000,3600000,837000000,88.35000000000001
155,0.5845551317770222,0.5223473548177863,0.0650154422638653,0.20877695639323893,1800000,3600000,842400000,88.92000000000002
156,0.5850536091938733,0.5152341034934593,0.06374459078964331,0.20808219178956802,1800000,3600000,847800000,89.49000000000001
157,0.5839084375125965,0.5155019772346107,0.06400661821117656,0.2073897392123911,1800000,3600000,853200000,90.06000000000002
158,0.5869295810840451,0.5148765879048767,0.06372410829205823,0.20669959096778348,1800000,3600000,858600000,90.63000000000001
159,0.5855689675732227,0.512367059682517,0.06286129789465562,0.20601173938742431,1800000,3600000,864000000,91.20000000000002
160,0.5865478638757137,0.5142333869349289,0.06347363864917178,0.20532617682851112,1800000,3600000,869400000,91.77000000000001
161,0.5867315128139287,0.5126230783039807,0.06282356583101988,0.2046428956736751,1800000,3600000,874800000,92.34
162,0.5868704521995706,0.5072007954314827,0.0626923621174682,0.20396188833089637,1800000,3600000,880200000,92.91000000000001
163,0.586932303489233,0.5135357643080074,0.0629558153886434,0.2032831472334197,1800000,3600000,885600000,93.48
164,0.589220270756788,0.5109440993122543,0.062691910851005,0.20260666483967038,1800000,3600000,891000000,94.05000000000001
165,0.5873651194906209,0.513018040793923,0.06362519766460469,0.20193243363317032,1800000,3600000,896400000,94.62
166,0.5882541206954918,0.5154191177333531,0.06230726520007022,0.20126044612245486,1800000,3600000,901800000,95.19000000000001
167,0.5903003063617888,0.507395096358503,0.06080582792969872,0.20059069484098904,1800000,3600000,907200000,95.76
168,0.5925869257003646,0.5071555491732176,0.06173024220987299,0.1999231723470852,1800000,3600000,912600000,96.33000000000001
169,0.5901476088467312,0.5117217410062972,0.062160228999827434,0.1992578712238198,1800000,3600000,918000000,96.9
170,0.5901306793478791,0.5075837822708907,0.062204821270522494,0.19859478407895134,1800000,3600000,923400000,97.47000000000001
171,0.590348745294875,0.5033350070918,0.05985069310317949,0.19793390354483797,1800000,3600000,928800000,98.04
172,0.590107329647527,0.5074540600469827,0.05945107218525078,0.19727522227835592,1800000,3600000,934200000,98.61000000000001
173,0.5938122790124514,0.5059293237640732,0.05899530383008772,0.1966187329608177,1800000,3600000,939600000,99.18
174,0.5902180207461735,0.5151583468673251,0.05991409143051779,0.1959644282978907,1800000,3600000,945000000,99.75000000000001
175,0.5944579234320502,0.503050705047251,0.05862315114981348,0.19531230101951647,1800000,3600000,950400000,100.32000000000001
176,0.5924315870600074,0.504014028696385,0.0593604028855479,0.1946623438798296,1800000,3600000,955800000,100.89000000000001
177,0.5944970878715823,0.503886081142468,0.05757770210399171,0.19401454965707748,1800000,3600000,961200000,101.46000000000001
178,0.5933272449579383,0.5037800555441257,0.05890954891629029,0.19336891115353974,1800000,3600000,966600000,102.03000000000002
179,0.59475939696562,0.506591119385226,0.058734254295177424,0.1927254211954487,1800000,3600000,972000000,102.60000000000001
180,0.5942140902928632,0.5097149071001259,0.05828357472812768,0.19208407263290928,1800000,3600000,977400000,103.17000000000002
181,0.5943683677508997,0.5091186913045426,0.05756264525112992,0.19144485833981967,1800000,3600000,982800000,103.74000000000001
182,0.59669433869701,0.5046479521498882,0.05713334321325318,0.19080777121379236,1800000,3600000,988200000,104.31000000000002
183,0.5961377248696665,0.5006178966724569,0.05739952533980696,0.19017280417607493,1800000,3600000,993600000,104.88000000000001
184,0.594683239357949,0.5131654962445376,0.056640691410611455,0.1895399501714715,1800000,3600000,999000000,105.45000000000002
185,0.5965035072940339,0.4997181762850993,0.057522473955101815,0.1889092021682644,1800000,3600000,1004400000,106.02000000000001
186,0.5975945566935622,0.5059940659898918,0.05541309593751829,0.18828055315813605,1800000,3600000,1009800000,106.59000000000002
187,0.5995174745731586,0.4984139038887036,0.05539160294539177,0.18765399615609096,1800000,3600000,1015200000,107.16000000000001
188,0.5979266290718449,0.507597621568301,0.05770051245944877,0.18702952420037813,1800000,3600000,1020600000,107.73000000000002
189,0.6001754000121227,0.5018875498426468,0.05587391989453696,0.186407130352414,1800000,3600000,1026000000,108.30000000000001
190,0.6004888082555521,0.5039435110050443,0.05552361232410452,0.1857868076967049,1800000,3600000,1031400000,108.87000000000002
191,0.5968844629854964,0.5019278130332295,0.055422433824505915,0.1851685493407704,1800000,3600000,1036800000,109.44000000000001
192,0.5978272243417793,0.5026324026654033,0.05441602014208503,0.18455234841506699,1800000,3600000,1042200000,110.01
193,0.6031789609616689,0.4922249803572801,0.055130317382923656,0.18393819807291129,1800000,3600000,1047600000,110.58000000000001
194,0.6012643734065627,0.5000132388764028,0.05518345456414713,0.18332609149040435,1800000,3600000,1053000000,111.15
195,0.5988901917850062,0.5019127337125786,0.05580251035200691,0.1827160218663556,1800000,3600000,1058400000,111.72000000000001
196,0.600517226434223,0.4955353247671617,0.05433411497794103,0.1821079824222074,1800000,3600000,1063800000,112.29
197,0.603035964951765,0.4978744300019726,0.05391976884286703,0.1815019664019596,1800000,3600000,1069200000,112.86000000000001
198,0.6054236147349498,0.4982068323289323,0.054490487632029155,0.1808979670720947,1800000,3600000,1074600000,113.43
199,0.6032691136920053,0.49909342902999343,0.053625009891809135,0.18029597772150285,1800000,3600000,1080000000,114.00000000000001
200,0.6045326084803955,0.4989336201766992,0.054043670294758976,0.1796959916614072,1800000,3600000,1085400000,114.57000000000001
201,0.6051826586412035,0.49662256273469524,0.05272676945238615,0.17909800222528985,1800000,3600000,1090800000,115.14000000000001
202,0.6037715841956841,0.49370115890063676,0.05334522614319035,0.1785020027688176,1800000,3600000,1096200000,115.71000000000001
203,0.6042265208870333,0.4971226496837378,0.05491380841701799,0.1779079866697681,1800000,3600000,1101600000,116.28000000000002
204,0.603109026544088,0.5011813134598068,0.054768485246237994,0.17731594732795633,1800000,3600000,1107000000,116.85000000000001
205,0.6054781170616369,0.4978852676541029,0.054246241794301084,0.1767258781651614,1800000,3600000,1112400000,117.42000000000002
206,0.6044442402796731,0.49641173677870554,0.05325584099849522,0.1761377726250531,1800000,3600000,1117800000,117.99000000000001
207,0.6058686703257768,0.4994612996151433,0.05270630992129652,0.17555162417311942,1800000,3600000,1123200000,118.56000000000002
208,0.6104394287510153,0.48458000302563387,0.05245101866263744,0.17496742629659376,1800000,3600000,1128600000,119.13000000000001
209,0.6059708001702272,0.4937567352755773,0.0509552846843563,0.17438517250438257,1800000,3600000,1134000000,119.70000000000002
210,0.6075434017508841,0.49499747952462264,0.05095209241213267,0.17380485632699333,1800000,3600000,1139400000,120.27000000000001
211,0.6067026263824759,0.4953056384688607,0.050220122788098086,0.17322647131646246,1800000,3600000,1144800000,120.84000000000002
212,0.6076333275602853,0.49223105678827966,0.04998864817384559,0.17265001104628397,1800000,3600000,1150200000,121.41000000000001
213,0.606347644726549,0.4956884781863084,0.05191136530255184,0.17207546911133778,1800000,3600000,1155600000,121.98000000000002
214,0.6069706343751181,0.49209401989023926,0.051202221292920055,0.1715028391278187,1800000,3600000,1161000000,122.55000000000001
215,0.608772242814675,0.4905039828278924,0.05189208937895391,0.17093211473316547,1800000,3600000,1166400000,123.12000000000002
216,0.6089441116110177,0.4898926277263003,0.050062534776133656,0.1703632895859901,1800000,3600000,1171800000,123.69000000000001
217,0.6071531074053323,0.4905728991422949,0.04849267227106731,0.1697963573660072,1800000,3600000,1177200000,124.26000000000002
218,0.61052346293073,0.49015532218976887,0.04954506800897877,0.1692313117739642,1800000,3600000,1182600000,124.83000000000001
219,0.6101260786237945,0.4895035573783204,0.05171435834955062,0.16866814653157083,1800000,3600000,1188000000,125.40000000000002
220,0.6095077921887452,0.4920083689318896,0.04989756300780998,0.16810685538142978,1800000,3600000,1193400000,125.97000000000001
221,0.6119343243602977,0.48904501459404043,0.05057092034885764,0.16754743208696687,1800000,3600000,1198800000,126.54000000000002
222,0.6126640007946764,0.4846904563478095,0.049927473568961614,0.16698987043236202,1800000,3600000,1204200000,127.11000000000001
223,0.6098928810171251,0.49101148805781814,0.04859057601511103,0.16643416422248,1800000,3600000,1209600000,127.68
224,0.6117214347899517,0.4845685656879316,0.050566583160309625,0.1658803072828016,1800000,3600000,1215000000,128.25
225,0.6107167275035842,0.4864849684043222,0.04744671727749883,0.16532829345935512,1800000,3600000,1220400000,128.82000000000002
226,0.6111127978332389,0.48556349487650696,0.04909604453515426,0.16477811661864805,1800000,3600000,1225800000,129.39000000000001
227,0.6108960802026747,0.4915647914093965,0.048860471441497036,0.1642297706475986,1800000,3600000,1231200000,129.96
228,0.6118817599442802,0.48681102714462254,0.04705798785880752,0.1636832494534682,1800000,3600000,1236600000,130.53
229,0.6117378139223345,0.4895915021216482,0.04746555459358135,0.1631385469637935,1800000,3600000,1242000000,131.10000000000002
230,0.6128264092402816,0.48478748900836044,0.0492295490505064,0.162595657126319,1800000,3600000,1247400000,131.67000000000002
231,0.6124196979908189,0.48811494873664074,0.048308977813028973,0.16205457390892983,1800000,3600000,1252800000,132.24
232,0.6125530275440924,0.48759894815253785,0.045037296061532235,0.16151529129958464,1800000,3600000,1258200000,132.81
233,0.6163233387892235,0.48429767510940774,0.047556777499456644,0.1609778033062489,1800000,3600000,1263600000,133.38000000000002
234,0.6131887521929303,0.48467227950736647,0.046754197292792656,0.16044210395682823,1800000,3600000,1269000000,133.95000000000002
235,0.6150309455849207,0.4849316442250676,0.04621815126601272,0.1599081872991022,1800000,3600000,1274400000,134.52
236,0.6167784381627195,0.48645629180935746,0.04611072407354253,0.15937604740065797,1800000,3600000,1279800000,135.09
237,0.6173621389374429,0.4878272362212637,0.04646325144106054,0.15884567834882454,1800000,3600000,1285200000,135.66000000000003
238,0.6170805231576534,0.48366783023217746,0.046811076129199804,0.15831707425060695,1800000,3600000,1290600000,136.23000000000002
239,0.6133705846304895,0.4815144911631163,0.04533702203030621,0.15779022923262095,1800000,3600000,1296000000,136.8
240,0.6137183120584117,0.4888741658784999,0.04669981622414124,0.15726513744102755,1800000,3600000,1301400000,137.37
241,0.6181044523452554,0.4875131610793635,0.04606214204653573,0.1567417930414681,1800000,3600000,1306800000,137.94000000000003
242,0.617108421146612,0.481172972822865,0.045593518110732846,0.1562201902189995,1800000,3600000,1312200000,138.51000000000002
243,0.6208865285367532,0.47803477896437635,0.04585067649543276,0.15570032317802937,1800000,3600000,1317600000,139.08
244,0.6190119258531832,0.4744919294512198,0.044684212938312935,0.15518218614225202,1800000,3600000,1323000000,139.65
245,0.6203260733289923,0.4783872365205724,0.04395285364286832,0.15466577335458384,1800000,3600000,1328400000,140.22000000000003
246,0.6193826985577331,0.48596827802294357,0.04640085077220759,0.15415107907709974,1800000,3600000,1333800000,140.79000000000002
247,0.6205237902006854,0.4798923469720008,0.045124165511865266,0.15363809759096905,1800000,3600000,1339200000,141.36
248,0.6204289047174335,0.48272399487916995,0.04363799576895677,0.15312682319639226,1800000,3600000,1344600000,141.93
249,0.6179259539752175,0.4847891709878213,0.0457946765312469,0.15261725021253744,1800000,3600000,1350000000,142.50000000000003
250,0.6219095531018918,0.48431002149492214,0.04417245602596133,0.15210937297747737,1800000,3600000,1355400000,143.07000000000002
251,0.6191232075820603,0.47849049884284706,0.04514961097114941,0.1516031858481264,1800000,3600000,1360800000,143.64000000000001
252,0.6203254087454902,0.47919945510382916,0.044439733680971226,0.15109868320017789,1800000,3600000,1366200000,144.21
253,0.6214205080940287,0.4766399301331657,0.04270249287122582,0.15059585942804166,1800000,3600000,1371600000,144.78000000000003
254,0.624368622028992,0.47950074141358995,0.04378262403214197,0.15009470894478177,1800000,3600000,1377000000,145.35000000000002
255,0.6220128919445893,0.4815016275747188,0.044652822643972356,0.14959522618205434,1800000,3600000,1382400000,145.92000000000002
256,0.6222573016293266,0.476231481518258,0.043191432955555394,0.14909740559004572,1800000,3600000,1387800000,146.49
257,0.625162339399439,0.47216293099056966,0.0431173232468556,0.14860124163741095,1800000,3600000,1393200000,147.06
258,0.6223360077718604,0.4754079924204864,0.04190406460721003,0.1481067288112121,1800000,3600000,1398600000,147.63000000000002
259,0.6232090065208542,0.47462098713034684,0.04221676938618246,0.14761386161685705,1800000,3600000,1404000000,148.20000000000002
260,0.6250257714352567,0.47312159813573246,0.04129776308903163,0.14712263457803865,1800000,3600000,1409400000,148.77
261,0.6240630213094855,0.47262860677337293,0.04334350366880761,0.14663304223667364,1800000,3600000,1414800000,149.34
262,0.6218239797292494,0.4767837873289207,0.04205524500149314,0.14614507915284203,1800000,3600000,1420200000,149.91000000000003
263,0.622895107684834,0.482184330383236,0.04168353981808437,0.14565873990472678,1800000,3600000,1425600000,150.48000000000002
264,0.6232004090869844,0.4822343304020771,0.04249293619946997,0.14517401908855349,1800000,3600000,1431000000,151.05
265,0.6267443034874088,0.47324017819989506,0.04202294679167811,0.14469091131853026,1800000,3600000,1436400000,151.62
266,0.6239431032710173,0.4802215704890396,0.04081984534583367,0.14420941122678804,1800000,3600000,1441800000,152.19000000000003
267,0.6251993819072701,0.47110100515601294,0.041495985152251905,0.1437295134633209,1800000,3600000,1447200000,152.76000000000002
268,0.6258705014160834,0.4793556480040088,0.040050128643005556,0.1432512126959265,1800000,3600000,1452600000,153.33
269,0.626844233393415,0.47358489644729207,0.04265720216981892,0.14277450361014693,1800000,3600000,1458000000,153.9
270,0.6262836283306802,0.4722679168519929,0.03982449771114934,0.14229938090920968,1800000,3600000,1463400000,154.47000000000003
271,0.6240530077449538,0.47378140838843813,0.04186552739953792,0.14182583931396875,1800000,3600000,1468800000,155.04000000000002
272,0.6257728792876149,0.4773484127672027,0.03993899123071829,0.14135387356284596,1800000,3600000,1474200000,155.61
273,0.6271725200280295,0.47208128972251306,0.04029591859729305,0.14088347841177257,1800000,3600000,1479600000,156.18
274,0.6272576897814268,0.471573139696077,0.04038554317946404,0.14041464863413097,1800000,3600000,1485000000,156.75000000000003
275,0.6294950373048354,0.47121430300712164,0.03959533501941877,0.13994737902069657,1800000,3600000,1490400000,157.32000000000002
276,0.6297538246295356,0.47481091495302746,0.039287019480337144,0.13948166437957993,1800000,3600000,1495800000,157.89000000000001
277,0.6292990936493764,0.4757173790100676,0.039529609621486175,0.1390174995361692,1800000,3600000,1501200000,158.46
278,0.6282273638603331,0.47401398238330217,0.03963181760912912,0.13855487933307245,1800000,3600000,1506600000,159.03000000000003
279,0.6286736583119075,0.46814655419652673,0.03982220118387153,0.13809379863006038,1800000,3600000,1512000000,159.60000000000002
280,0.6300177852133696,0.46378718423928295,0.038597619366890455,0.13763425230400939,1800000,3600000,1517400000,160.17000000000002
281,0.6278048041769675,0.47301397009655655,0.03820569283063114,0.1371762352488444,1800000,3600000,1522800000,160.74
282,0.6311641099362146,0.4662417566312803,0.03790764711191163,0.1367197423754824,1800000,3600000,1528200000,161.31000000000003
283,0.6301633225782796,0.47239687545592374,0.0385852603351174,0.13626476861177553,1800000,3600000,1533600000,161.88000000000002
284,0.6301720839338784,0.4710867295898653,0.037848137216350455,0.13581130890245519,1800000,3600000,1539000000,162.45000000000002
285,0.632130555845198,0.4701800020407752,0.03852624002329891,0.1353593582090754,1800000,3600000,1544400000,163.02
286,0.6286493811918976,0.469986443779291,0.04096263893258365,0.13490891150995724,1800000,3600000,1549800000,163.59000000000003
287,0.6301866323800248,0.46815545052506735,0.037856556222181884,0.13445996380013267,1800000,3600000,1555200000,164.16000000000003
288,0.6308356781019093,0.47231351147613465,0.036438692055716426,0.1340125100912892,1800000,3600000,1560600000,164.73000000000002
289,0.6320126143577538,0.4655065596530225,0.037442503833599504,0.13356654541171437,1800000,3600000,1566000000,165.3
290,0.6331496826307882,0.4671879904184305,0.03727725046489816,0.13312206480624048,1800000,3600000,1571400000,165.87
291,0.6336592732669746,0.4686896118346912,0.03512281553712801,0.1326790633361896,1800000,3600000,1576800000,166.44000000000003
292,0.6330576081421257,0.4625944598775304,0.0377660670364491,0.1322375360793185,1800000,3600000,1582200000,167.01000000000002
293,0.6320904214007077,0.47251272863073124,0.037518969397952955,0.13179747812976436,1800000,3600000,1587600000,167.58
294,0.6345199297136196,0.4636280886383552,0.0354949388051447,0.13135888459798983,1800000,3600000,1593000000,168.15
295,0.6335852584065048,0.4668544069765746,0.03966985082892046,0.13092175061072892,1800000,3600000,1598400000,168.72000000000003
296,0.6337509134899867,0.46773706955049715,0.03776748439780485,0.13048607131093282,1800000,3600000,1603800000,169.29000000000002
297,0.631227302732742,0.46986018300768534,0.037460597574445836,0.13005184185771598,1800000,3600000,1609200000,169.86
298,0.6370499853408051,0.4639055359287895,0.03551284119397064,0.1296190574263022,1800000,3600000,1614600000,170.43
299,0.6334478035232503,0.46662371262833735,0.035727559105572584,0.12918771320797112,1800000,3600000,1620000000,171.00000000000003
300,0.6374885347781213,0.462419523198934,0.03496403846382085,0.1287578044100048,1800000,3600000,1625400000,171.57000000000002
301,0.6362030515090165,0.46217735774619495,0.03623600267198879,0.12832932625563434,1800000,3600000,1630800000,172.14000000000001
302,0.6373292430054222,0.45237426781939066,0.036202380955890005,0.12790227398398704,1800000,3600000,1636200000,172.71
303,0.6351547672808591,0.46520962371347796,0.03462652369583389,0.12747664285003316,1800000,3600000,1641600000,173.28000000000003
304,0.6388489600795798,0.46034024399326184,0.033329526954823344,0.12705242812453352,1800000,3600000,1647000000,173.85000000000002
305,0.6366583737917927,0.46774935310903676,0.03635688137555565,0.1266296250939869,1800000,3600000,1652400000,174.42000000000002
306,0.6387109753295056,0.4606560150200671,0.032978502643291385,0.1262082290605774,1800000,3600000,1657800000,174.99
307,0.6390720600301284,0.46138277767335195,0.03411434379934503,0.12578823534212255,1800000,3600000,1663200000,175.56000000000003
308,0.6366228087927882,0.4624255034526546,0.034581736302254674,0.12536963927202122,1800000,3600000,1668600000,176.13000000000002
309,0.6388204840593781,0.4599508300898339,0.03355613248346096,0.12495243619920157,1800000,3600000,1674000000,176.70000000000002
310,0.640053757053248,0.4575026557931589,0.03456813146672836,0.12453662148806965,1800000,3600000,1679400000,177.27
311,0.635528853639603,0.4617129159365153,0.03391888039087142,0.12412219051845777,1800000,3600000,1684800000,177.84000000000003
312,0.6372875727505286,0.46771018162158634,0.034160706216288333,0.12370913868557305,1800000,3600000,1690200000,178.41000000000003
313,0.6394777663969011,0.4593617237139443,0.03557940894259988,0.12329746139994645,1800000,3600000,1695600000,178.98000000000002
314,0.6379822308058192,0.4667495493942914,0.035915184301758114,0.12288715408738168,1800000,3600000,1701000000,179.55
315,0.637620644463118,0.4580830069920268,0.033670114897992556,0.12247821218890435,1800000,3600000,1706400000,180.12000000000003
316,0.6424569072879344,0.4540397060941079,0.03433516568749824,0.12207063116071146,1800000,3600000,1711800000,180.69000000000003
317,0.639344335001347,0.4636154657448942,0.035122244932842245,0.12166440647412063,1800000,3600000,1717200000,181.26000000000002
318,0.6412007764197853,0.46065085408519635,0.033851768953987456,0.12125953361552008,1800000,3600000,1722600000,181.83
319,0.6365981786873421,0.4587873080815901,0.03383009106252438,0.12085600808631838,1800000,3600000,1728000000,182.40000000000003
320,0.6410445088085223,0.4582263072078314,0.03367608683458458,0.12045382540289432,1800000,3600000,1733400000,182.97000000000003
321,0.6378978498771813,0.46329755688204255,0.03405675613695353,0.12005298109654731,1800000,3600000,1738800000,183.54000000000002
322,0.6425252656473238,0.4620261598867189,0.032473133306344625,0.11965347071344763,1800000,3600000,1744200000,184.11
323,0.6407062813474589,0.46213620971732167,0.032235295911223795,0.11925528981458684,1800000,3600000,1749600000,184.68
324,0.6424161860305091,0.4558631019176257,0.033298232280641986,0.11885843397572868,1800000,3600000,1755000000,185.25000000000003
325,0.6408724685639011,0.4574860301845553,0.034079752222160704,0.11846289878735977,1800000,3600000,1760400000,185.82000000000002
326,0.6429755210031788,0.4537810314994545,0.03092549111818782,0.11806867985464056,1800000,3600000,1765800000,186.39000000000001
327,0.6402839965125886,0.46033578393443986,0.032554846949251426,0.11767577279735666,1800000,3600000,1771200000,186.96
328,0.6418543951935061,0.4582560556478555,0.0338979101344112,0.11728417324987007,1800000,3600000,1776600000,187.53000000000003
329,0.6428921396524261,0.45757607195910444,0.032738548770092066,0.11689387686107064,1800000,3600000,1782000000,188.10000000000002
330,0.6431497201600415,0.45406699608523304,0.0326935617563776,0.11650487929432783,1800000,3600000,1787400000,188.67000000000002
331,0.6445706291262574,0.46364694443382565,0.032304988940380024,0.11611717622744248,1800000,3600000,1792800000,189.24
332,0.6445956982532031,0.4520750652406813,0.030772004454271945,0.1157307633525987,1800000,3600000,1798200000,189.81000000000003
333,0.6429983495157924,0.4515026295072204,0.03095206153264232,0.11534563637631616,1800000,3600000,1803600000,190.38000000000002
334,0.6433198977079725,0.4536113906255555,0.03163193167520693,0.11496179101940228,1800000,3600000,1809000000,190.95000000000002
335,0.6449330937422538,0.45740876820282356,0.031356038712368306,0.11457922301690467,1800000,3600000,1814400000,191.52
336,0.6438635966438544,0.4525901804435235,0.03171054006514914,0.1141979281180638,1800000,3600000,1819800000,192.09000000000003
337,0.6447669761704237,0.4520565994563565,0.030872604319758593,0.11381790208626583,1800000,3600000,1825200000,192.66000000000003
338,0.6440954418476886,0.45628427899110074,0.03192549475621962,0.1134391406989953,1800000,3600000,1830600000,193.23000000000002
339,0.643320825947984,0.45745928556176646,0.03081739025974346,0.11306163974778852,1800000,3600000,1836000000,193.8
340,0.6459506786956256,0.45902734717521027,0.031368004355070415,0.11268539503818656,1800000,3600000,1841400000,194.37000000000003
341,0.6467912709886549,0.45143599536964935,0.031240237241194638,0.11231040238968878,1800000,3600000,1846800000,194.94000000000003
342,0.6471949448784265,0.45225535640232073,0.029278663919395053,0.11193665763570637,1800000,3600000,1852200000,195.51000000000002
343,0.6473140325413347,0.45230522104702997,0.03019243419574105,0.11156415662351593,1800000,3600000,1857600000,196.08
344,0.6471052269062929,0.45314282861014976,0.029423119683617986,0.11119289521421355,1800000,3600000,1863000000,196.65000000000003
345,0.6500100713741689,0.4535233765975592,0.02903864264707236,0.11082286928266864,1800000,3600000,1868400000,197.22000000000003
346,0.6464609969496643,0.4578119191386999,0.02833208555101877,0.11045407471747809,1800000,3600000,1873800000,197.79000000000002
347,0.6475965156858501,0.4544989214951975,0.02879048212929445,0.11008650742092078,1800000,3600000,1879200000,198.36
348,0.6467278511917682,0.45620038866331136,0.029018226813992208,0.10972016330891185,1800000,3600000,1884600000,198.93000000000004
349,0.6502940100884161,0.44429459311482905,0.03258524458270884,0.10935503831095737,1800000,3600000,1890000000,199.50000000000003
350,0.6513217053508781,0.4436805843351836,0.02965284375423714,0.10899112837010919,1800000,3600000,1895400000,200.07000000000002
351,0.6489689169928018,0.4492588101121515,0.028742057331223547,0.10862842944291975,1800000,3600000,1900800000,200.64000000000001
352,0.646381116334507,0.4506202542201046,0.03000108849147755,0.10826693749939725,1800000,3600000,1906200000,201.21
353,0.6499268744528274,0.4516409874249194,0.03009845687785427,0.10790664852296081,1800000,3600000,1911600000,201.78000000000003
354,0.6504365040551772,0.4490059216151225,0.027546783625181204,0.10754755851039594,1800000,3600000,1917000000,202.35000000000002
355,0.6477925482087125,0.45208877682117815,0.02735025024370455,0.10718966347180982,1800000,3600000,1922400000,202.92000000000002
356,0.6508202067428764,0.44621581965282225,0.03020737396831612,0.10683295943058728,1800000,3600000,1927800000,203.49
357,0.6508681832332726,0.45244496954529684,0.02928156263689711,0.10647744242334642,1800000,3600000,1933200000,204.06000000000003
358,0.6482883523428974,0.4539604792426704,0.029025583373686346,0.10612310849989458,1800000,3600000,1938600000,204.63000000000002
359,0.6517663502221767,0.44908993793129465,0.028104657171282597,0.10576995372318454,1800000,3600000,1944000000,205.20000000000002
360,0.6511197111114094,0.45217510249779297,0.028388991495828846,0.10541797416927075,1800000,3600000,1949400000,205.77
361,0.6531386259135539,0.4476449889439496,0.028832431148426266,0.10506716592726555,1800000,3600000,1954800000,206.34000000000003
362,0.6509169260308533,0.44681492378036336,0.02808629970342611,0.10471752509929605,1800000,3600000,1960200000,206.91000000000003
363,0.6518042301390649,0.4502108672777899,0.028534338466573956,0.10436904780046058,1800000,3600000,1965600000,207.48000000000002
364,0.6505693266861742,0.4470356908761326,0.02888572730123813,0.1040217301587855,1800000,3600000,1971000000,208.05
365,0.6509754024881573,0.4495914692444815,0.02806005288912278,0.1036755683151824,1800000,3600000,1976400000,208.62000000000003
366,0.6523951972350847,0.44062676308172627,0.027241722314726234,0.10333055842340497,1800000,3600000,1981800000,209.19000000000003
367,0.6498247029942487,0.4486551225235853,0.0279190692172385,0.10298669665000641,1800000,3600000,1987200000,209.76000000000002
368,0.652291705053056,0.45391384126395984,0.027334474766915837,0.10264397917429686,1800000,3600000,1992600000,210.33
369,0.6509029272457793,0.4462828631022969,0.02690855596617722,0.10230240218830079,1800000,3600000,1998000000,210.90000000000003
370,0.6543380556105789,0.4465554245358164,0.026860679218932017,0.10196196189671484,1800000,3600000,2003400000,211.47000000000003
371,0.6516229468089434,0.44940947945004994,0.026906548134809433,0.10162265451686568,1800000,3600000,2008800000,212.04000000000002
372,0.653069134003617,0.44394865159812935,0.03028792251422955,0.10128447627866771,1800000,3600000,2014200000,212.61
373,0.6517136922284212,0.45278105399551083,0.024748316240198225,0.10094742342458156,1800000,3600000,2019600000,213.18000000000004
374,0.6519391874962979,0.4433618744768342,0.026982552968081653,0.10061149220957201,1800000,3600000,2025000000,213.75000000000003
375,0.6515344231005785,0.4485244477677506,0.027211134067518305,0.10027667890106652,1800000,3600000,2030400000,214.32000000000002
376,0.6547874192932078,0.4438482166572984,0.026382901157687554,0.09994297977891384,1800000,3600000,2035800000,214.89000000000001
377,0.656336419160841,0.4455418974153576,0.02794699224197678,0.09961039113534248,1800000,3600000,2041200000,215.46000000000004
378,0.6528169013239106,0.4488393603810671,0.02640082936939884,0.09927890927491963,1800000,3600000,2046600000,216.03000000000003
379,0.6550099830987889,0.4464794624816276,0.024850764965861895,0.09894853051451011,1800000,3600000,2052000000,216.60000000000002
380,0.6581841046938737,0.43947851628864193,0.02683984104904015,0.09861925118323542,1800000,3600000,2057400000,217.17000000000002
381,0.655611615465596,0.4455415013393156,0.02710204673753903,0.09829106762243292,1800000,3600000,2062800000,217.74000000000004
382,0.6557628953797943,0.4434803275708342,0.02761072436407314,0.09796397618561521,1800000,3600000,2068200000,218.31000000000003
383,0.6580251409865336,0.43602286013902564,0.026087022249918407,0.09763797323842967,1800000,3600000,2073600000,218.88000000000002
384,0.6538835192052351,0.45002645312470263,0.027423460313744142,0.09731305515861795,1800000,3600000,2079000000,219.45000000000002
385,0.6559173508565367,0.44198435454213675,0.02502258389760725,0.09698921833597579,1800000,3600000,2084400000,220.02
386,0.6554799057642043,0.4429081774164539,0.025147507104141934,0.09666645917231301,1800000,3600000,2089800000,220.59000000000003
387,0.656121663368966,0.4425401898842146,0.023990937960181365,0.09634477408141331,1800000,3600000,2095200000,221.16000000000003
388,0.6577067982697895,0.44602605845251847,0.02437879583966921,0.09602415948899462,1800000,3600000,2100600000,221.73000000000002
389,0.6565321098648995,0.4479605425690601,0.024707881124153813,0.09570461183266925,1800000,3600000,2106000000,222.3
390,0.6585562082066477,0.44231711784476996,0.026271543739626937,0.0953861275619044,1800000,3600000,2111400000,222.87000000000003
391,0.6544637348074256,0.4448008948917551,0.025929366643049585,0.09506870313798271,1800000,3600000,2116800000,223.44000000000003
392,0.6576576844978785,0.43853167003938526,0.024914716795397283,0.09475233503396285,1800000,3600000,2122200000,224.01000000000002
393,0.656725776643979,0.4486997771840561,0.024677143263181676,0.09443701973464037,1800000,3600000,2127600000,224.58
394,0.6596079562859635,0.4442441884561991,0.02529275554208639,0.0941227537365088,1800000,3600000,2133000000,225.15000000000003
395,0.6579409049916588,0.43871006174073124,0.024195676031259813,0.0938095335477204,1800000,3600000,2138400000,225.72000000000003
396,0.659144425406509,0.4384543254162851,0.02319334740589283,0.09349735568804761,1800000,3600000,2143800000,226.29000000000002
397,0.658293122303115,0.4478737286084788,0.023626389498758907,0.09318621668884443,1800000,3600000,2149200000,226.86
398,0.6585768206422723,0.44135128830385695,0.02316057969049843,0.09287611309300757,1800000,3600000,2154600000,227.43000000000004
399,0.6597482709204364,0.43576406146165064,0.0234313694956033,0.09256704145493838,1800000,3600000,2160000000,228.00000000000003
400,0.6602116926225,0.44202115991119284,0.025105018337288953,0.09225899834050437,1800000,3600000,2165400000,228.57000000000002
401,0.6590950981222116,0.44125121581311666,0.02402973036118494,0.09195198032700107,1800000,3600000,2170800000,229.14000000000001
402,0.6606844304929458,0.4406103321348448,0.025945492121302347,0.09164598400311409,1800000,3600000,2176200000,229.71000000000004
403,0.659559208785628,0.4418989546572785,0.022944726434813066,0.09134100596888113,1800000,3600000,2181600000,230.28000000000003
404,0.6626053175708764,0.4400553577288096,0.02309142462659975,0.09103704283565418,1800000,3600000,2187000000,230.85000000000002
405,0.6641379202781439,0.4292772941259088,0.025119389258075484,0.09073409122606202,1800000,3600000,2192400000,231.42000000000002
406,0.6595434298463186,0.4370433186490194,0.02279560560793548,0.09043214777397252,1800000,3600000,2197800000,231.99000000000004
407,0.6620811602778235,0.438201331910112,0.02388808877193281,0.09013120912445531,1800000,3600000,2203200000,232.56000000000003
408,0.66261465439947,0.4355977750810105,0.02579079957252012,0.08983127193374456,1800000,3600000,2208600000,233.13000000000002
409,0.6600359206266626,0.4379117994838314,0.022228676827618105,0.08953233286920169,1800000,3600000,2214000000,233.70000000000002
410,0.6602413100243409,0.4372260985571543,0.023011830180100903,0.08923438860927849,1800000,3600000,2219400000,234.27000000000004
411,0.6598898099051951,0.44079955902332874,0.023558144288610916,0.08893743584348009,1800000,3600000,2224800000,234.84000000000003
412,0.6620440131790274,0.43445832792870437,0.02359679419440728,0.0886414712723283,1800000,3600000,2230200000,235.41000000000003
413,0.660856929235379,0.4374248313901701,0.023824778093053542,0.08834649160732481,1800000,3600000,2235600000,235.98000000000002
414,0.6640947737380981,0.4346022178051761,0.024173869307468433,0.08805249357091477,1800000,3600000,2241000000,236.55000000000004
415,0.6637444823719802,0.4354663235685755,0.022797140280752234,0.08775947389645031,1800000,3600000,2246400000,237.12000000000003
416,0.6644507372257641,0.4358686483448445,0.023596394060103564,0.0874674293281542,1800000,3600000,2251800000,237.69000000000003
417,0.6633508431518581,0.4314700235685176,0.021681692419408757,0.08717635662108388,1800000,3600000,2257200000,238.26000000000002
418,0.6634967986036309,0.43528614477613686,0.023128291798971207,0.08688625254109507,1800000,3600000,2262600000,238.83
419,0.6659697892934562,0.431868931308422,0.022530761851397248,0.08659711386480617,1800000,3600000,2268000000,239.40000000000003
420,0.6667910834196042,0.43345776835966215,0.020929080928336553,0.08630893737956227,1800000,3600000,2273400000,239.97000000000003
421,0.6661486650083858,0.4315232167391197,0.022023125780528795,0.0860217198833994,1800000,3600000,2278800000,240.54000000000002
422,0.6650136350140874,0.4348532384664559,0.02112876110732739,0.08573545818500913,1800000,3600000,2284200000,241.11
423,0.665000372060143,0.4377189462663944,0.021657848996257677,0.08545014910370298,1800000,3600000,2289600000,241.68000000000004
424,0.6670069116262365,0.42855878609146014,0.02096147847842823,0.08516578946937708,1800000,3600000,2295000000,242.25000000000003
425,0.6647715339203577,0.43385915233622313,0.019798323077991346,0.08488237612247704,1800000,3600000,2300400000,242.82000000000002
426,0.6645547752317037,0.4375465177364586,0.020868875698008892,0.08459990591396276,1800000,3600000,2305800000,243.39000000000001
427,0.6636933357639375,0.43605762997552616,0.023045679673086898,0.08431837570527342,1800000,3600000,2311200000,243.96000000000004
428,0.6681651287147942,0.43005508053276126,0.022763508894131944,0.08403778236829273,1800000,3600000,2316600000,244.53000000000003
429,0.662823078937978,0.4342159416583221,0.021718015145120992,0.08375812278531408,1800000,3600000,2322000000,245.10000000000002
430,0.6619416667391723,0.43426976345655616,0.0223433895584502,0.08347939384900584,1800000,3600000,2327400000,245.67000000000002
431,0.6673496390415122,0.42859802961154897,0.02423966320937455,0.08320159246237699,1800000,3600000,2332800000,246.24000000000004
432,0.6630131656889069,0.43652784889645857,0.021384978540673998,0.08292471553874262,1800000,3600000,2338200000,246.81000000000003
433,0.6675828523732174,0.43358591131102603,0.018833256981606428,0.08264876000168955,1800000,3600000,2343600000,247.38000000000002
434,0.6651053258715063,0.4372942728486813,0.02203386431464039,0.08237372278504237,1800000,3600000,2349000000,247.95000000000002
435,0.6692468919883799,0.4313133430303288,0.023273954992796456,0.08209960083282918,1800000,3600000,2354400000,248.52000000000004
436,0.6687793038102081,0.4324757333748113,0.022009107300671977,0.08182639109924764,1800000,3600000,2359800000,249.09000000000003
437,0.6673656035104728,0.43567588978862254,0.02177927549135967,0.08155409054863126,1800000,3600000,2365200000,249.66000000000003
438,0.6688712363595096,0.435184856568954,0.021289208236581262,0.08128269615541558,1800000,3600000,2370600000,250.23000000000002
439,0.669083016599077,0.42919643373611155,0.020486759267570768,0.08101220490410453,1800000,3600000,2376000000,250.80000000000004
440,0.6669871990128804,0.4344897023323715,0.02161305353840956,0.080742613789237,1800000,3600000,2381400000,251.37000000000003
441,0.6698403375245842,0.42319662843845557,0.020818076453177303,0.08047391981535335,1800000,3600000,2386800000,251.94000000000003
442,0.6689150179275687,0.4303252188442421,0.019755007365798747,0.08020611999696223,1800000,3600000,2392200000,252.51000000000002
443,0.6672289508877237,0.43026102101579106,0.02092991937196281,0.07993921135850737,1800000,3600000,2397600000,253.08000000000004
444,0.6679121730802747,0.4358320782580802,0.021230609888924962,0.07967319093433445,1800000,3600000,2403000000,253.65000000000003
445,0.6668907541032152,0.43509319721982564,0.01937707874148138,0.07940805576865827,1800000,3600000,2408400000,254.22000000000003
446,0.6677733055796159,0.4326272021646792,0.020496174521981346,0.07914380291552983,1800000,3600000,2413800000,254.79000000000002
447,0.6685285115913122,0.4313418663673208,0.018859169527871488,0.07888042943880355,1800000,3600000,2419200000,255.36
448,0.6695322173969653,0.4317373136065728,0.018803599932436278,0.07861793241210478,1800000,3600000,2424600000,255.93000000000004
449,0.6702964939416746,0.4274911127493694,0.021538047847374543,0.07835630891879723,1800000,3600000,2430000000,256.5
450,0.6700936270969852,0.42702622639255844,0.02020889750978348,0.07809555605195043,1800000,3600000,2435400000,257.07000000000005
451,0.6697407997895515,0.4330341154999038,0.01938314187948356,0.07783567091430767,1800000,3600000,2440800000,257.64000000000004
452,0.6709975214426444,0.4258838148632449,0.019096607499126974,0.07757665061825365,1800000,3600000,2446200000,258.21000000000004
453,0.6727974392137187,0.4273445155159276,0.02145363240675217,0.07731849228578236,1800000,3600000,2451600000,258.78000000000003
454,0.6693341586502628,0.430289849483665,0.01936211671720502,0.07706119304846527,1800000,3600000,2457000000,259.35
455,0.6701478075381058,0.43121255049056284,0.017500106870402484,0.07680475004741931,1800000,3600000,2462400000,259.92
456,0.6701832313061282,0.43152011731219575,0.02157894157267888,0.07654916043327516,1800000,3600000,2467800000,260.49
457,0.6723384602498512,0.42642823278048103,0.020313774701120453,0.07629442136614559,1800000,3600000,2473200000,261.06
458,0.6722126995214727,0.42952943862246695,0.019990008769687238,0.0760405300155939,1800000,3600000,2478600000,261.63000000000005
459,0.6723723443084019,0.42754537297168266,0.01797888125484396,0.07578748356060247,1800000,3600000,2484000000,262.20000000000005
460,0.6718975870701798,0.4282970677483331,0.018305350576408235,0.07553527918954141,1800000,3600000,2489400000,262.77000000000004
461,0.6703058635659211,0.433347950277793,0.018191071105900746,0.07528391410013736,1800000,3600000,2494800000,263.34000000000003
462,0.6700849182422092,0.43296202223521657,0.018719916293597302,0.07503338549944227,1800000,3600000,2500200000,263.91
463,0.6733855110408399,0.4254525577062731,0.017758353845630098,0.07478369060380248,1800000,3600000,2505600000,264.48
464,0.6730169207842386,0.4306239987823994,0.02000242547377083,0.07453482663882764,1800000,3600000,2511000000,265.05
465,0.6742006570719399,0.42605123940987544,0.017315010372655436,0.07428679083936006,1800000,3600000,2516400000,265.62
466,0.6701970656522668,0.4314307478374684,0.017629881070862982,0.07403958044944386,1800000,3600000,2521800000,266.19000000000005
467,0.6718775815323091,0.4253460273855169,0.019990717027153097,0.07379319272229437,1800000,3600000,2527200000,266.76000000000005
468,0.6746700592443268,0.43407330634436025,0.018211153401676734,0.07354762492026765,1800000,3600000,2532600000,267.33000000000004
469,0.6732171375377421,0.4280534612073433,0.018931654806876683,0.07330287431483005,1800000,3600000,2538000000,267.90000000000003
470,0.6735734745581673,0.42652723890689176,0.018955668300451322,0.07305893818652787,1800000,3600000,2543400000,268.47
471,0.6749458400700484,0.4265204776105979,0.018956143306086897,0.07281581382495715,1800000,3600000,2548800000,269.04
472,0.6742128688827191,0.42603245171782916,0.01745347487658426,0.07257349852873365,1800000,3600000,2554200000,269.61
473,0.6729401265283173,0.42830935101226936,0.01735930169881614,0.07233198960546265,1800000,3600000,2559600000,270.18
474,0.6731455972053952,0.42349341393359596,0.019016983942768302,0.0720912843717092,1800000,3600000,2565000000,270.75000000000006
475,0.6725745439858225,0.4292621875741149,0.018356541204304747,0.07185138015296824,1800000,3600000,2570400000,271.32000000000005
476,0.6724391279307,0.4314029272058531,0.01724116758002608,0.07161227428363486,1800000,3600000,2575800000,271.89000000000004
477,0.6724529435306934,0.42806065353050277,0.017982931900049914,0.07137396410697469,1800000,3600000,2581200000,272.46000000000004
478,0.6744323993553916,0.4269662248784341,0.016637411485109173,0.07113644697509448,1800000,3600000,2586600000,273.03000000000003
479,0.6690439065026483,0.4211612890950564,0.01933458089766948,0.0708997202489125,1800000,3600000,2592000000,273.6
480,0.6737985536801526,0.42499549524727126,0.01761281517381003,0.07066378129812938,1800000,3600000,2597400000,274.17
481,0.6734532412408705,0.4204390441328485,0.018205245702191373,0.0704286275011988,1800000,3600000,2602800000,274.74
482,0.6778035856322255,0.422797846742109,0.01788859059342563,0.07019425624529835,1800000,3600000,2608200000,275.31
483,0.6718267194309167,0.42793314702791774,0.01703754078929559,0.06996066492630057,1800000,3600000,2613600000,275.88000000000005
484,0.6761857778008169,0.4224537198656887,0.017257117055893067,0.06972785094874395,1800000,3600000,2619000000,276.45000000000005
485,0.6767330559111114,0.4237317811276428,0.017023359109951737,0.06949581172580413,1800000,3600000,2624400000,277.02000000000004
486,0.675447183236684,0.4242958775878833,0.015941652844546867,0.06926454467926513,1800000,3600000,2629800000,277.59000000000003
487,0.6740385699640296,0.42518879703721163,0.018068967426339583,0.06903404723949072,1800000,3600000,2635200000,278.16
488,0.6770378296567122,0.42077608332683636,0.018097489595567413,0.06880431684539587,1800000,3600000,2640600000,278.73
489,0.6748285998905983,0.4246538398644788,0.016092612384742078,0.06857535094441827,1800000,3600000,2646000000,279.3
490,0.6763188831937567,0.4258259433308603,0.017170099129836077,0.06834714699249,1800000,3600000,2651400000,279.87
491,0.6742916545311114,0.42339999493482355,0.016590743920086748,0.06811970245400925,1800000,3600000,2656800000,280.44000000000005
492,0.6773352847475813,0.4214359026038442,0.016491828156229984,0.06789301480181216,1800000,3600000,2662200000,281.01000000000005
493,0.6786043164024057,0.42342865327846785,0.016967199890569697,0.06766708151714468,1800000,3600000,2667600000,281.58000000000004
494,0.6763526083561268,0.4277424520421089,0.016526067122842804,0.06744190008963466,1800000,3600000,2673000000,282.15000000000003
495,0.6759977031300881,0.42089821776998476,0.018678744316143255,0.06721746801726394,1800000,3600000,2678400000,282.72
496,0.6779648001293915,0.41845765411533037,0.015969137431127378,0.0669937828063405,1800000,3600000,2683800000,283.29
497,0.6761425524043921,0.42266367794496007,0.0169144607662056,0.0667708419714708,1800000,3600000,2689200000,283.86
498,0.6753891077053479,0.42532732861609684,0.01551441669591407,0.06654864303553219,1800000,3600000,2694600000,284.43
499,0.6760880361428404,0.4180283703874287,0.01569595575881706,0.06632718352964527,1800000,3600000,2700000000,285.00000000000006
500,0.6783078286794325,0.42161239803200057,0.015768975610903593,0.06610646099314664,1800000,3600000,2705400000,285.57000000000005
501,0.6778288621444762,0.42510098944799873,0.014174155931078798,0.06588647297356137,1800000,3600000,2710800000,286.14000000000004
502,0.6799199699769495,0.42070695838115446,0.014301239848941024,0.06566721702657587,1800000,3600000,2716200000,286.71000000000004
503,0.6772668401752396,0.42312144024825277,0.016381162960011436,0.06544869071601069,1800000,3600000,2721600000,287.28000000000003
504,0.677347390162464,0.42617305332321703,0.016757016890183298,0.06523089161379349,1800000,3600000,2727000000,287.85
505,0.6778727379849008,0.4195350312718139,0.01590684890161194,0.06501381729993197,1800000,3600000,2732400000,288.42
506,0.678234929642647,0.42653631929361907,0.012947339302071136,0.0647974653624871,1800000,3600000,2737800000,288.99
507,0.680095586401309,0.4186431053353819,0.014972911353835612,0.06458183339754624,1800000,3600000,2743200000,289.56000000000006
508,0.6776726290240959,0.4221864964929947,0.01419421351992952,0.06436691900919644,1800000,3600000,2748600000,290.13000000000005
509,0.6800216188815884,0.41621885273826725,0.016172884199472694,0.06415271980949783,1800000,3600000,2754000000,290.70000000000005
510,0.6825461720005688,0.4131514678136849,0.014536995774566979,0.06393923341845713,1800000,3600000,2759400000,291.27000000000004
511,0.6808488805474088,0.42307140667926396,0.014198996593926372,0.0637264574640011,1800000,3600000,2764800000,291.84000000000003
512,0.6779619900568798,0.42095247153786375,0.01627753554705169,0.06351438958195028,1800000,3600000,2770200000,292.41
513,0.6809118342552484,0.41524576475291686,0.015684583715878747,0.06330302741599274,1800000,3600000,2775600000,292.98
514,0.679547577276713,0.4210572315834159,0.01442134952604498,0.06309236861765771,1800000,3600000,2781000000,293.55
515,0.6774347397459667,0.42441422855833416,0.014394514259964991,0.06288241084628979,1800000,3600000,2786400000,294.12
516,0.6786762122389803,0.4158215774949371,0.01686508894610351,0.06267315176902262,1800000,3600000,2791800000,294.69000000000005
517,0.6790135401802206,0.4200815214931911,0.017530330174727837,0.062464589060753244,1800000,3600000,2797200000,295.26000000000005
518,0.6796321300229333,0.42042373997672716,0.015732285987636537,0.06225672040411608,1800000,3600000,2802600000,295.83000000000004
519,0.6822835125703663,0.42408722092617557,0.01566346752895284,0.06204954348945723,1800000,3600000,2808000000,296.40000000000003
520,0.6834746036674861,0.414690499923285,0.014889863696042976,0.061843056014808856,1800000,3600000,2813400000,296.97
521,0.6826514652127165,0.4237874549836315,0.013919885943733688,0.06163725568586356,1800000,3600000,2818800000,297.54
522,0.6808610895774017,0.42563598517455076,0.016092932980678057,0.0614321402159489,1800000,3600000,2824200000,298.11
523,0.679307046893892,0.415365187115506,0.015292760102794905,0.061227707326001996,1800000,3600000,2829600000,298.68
524,0.6799527666164381,0.41953542008289485,0.015286448579001202,0.06102395474454419,1800000,3600000,2835000000,299.25000000000006
525,0.6826194896922403,0.4237141766298467,0.014417343011076654,0.060820880207655796,1800000,3600000,2840400000,299.82000000000005
526,0.6812956035872236,0.4215235472020705,0.015883036712158866,0.06061848145895099,1800000,3600000,2845800000,300.39000000000004
527,0.6801997496625942,0.41483157853133884,0.01481348534904125,0.06041675624955272,1800000,3600000,2851200000,300.96000000000004
528,0.6803345306412435,0.42143395949541235,0.014241548333244822,0.06021570233806768,1800000,3600000,2856600000,301.53000000000003
529,0.6817202257557604,0.41531192610654044,0.015421321207628534,0.06001531749056146,1800000,3600000,2862000000,302.1
530,0.6834061983322938,0.41747081229621946,0.013994620057370023,0.059815599480533686,1800000,3600000,2867400000,302.67
531,0.6834689137901236,0.42097213452768917,0.01485219703759139,0.059616546088893295,1800000,3600000,2872800000,303.24
532,0.6836807421016342,0.41853001396998263,0.014278009387363007,0.0594181551039339,1800000,3600000,2878200000,303.81000000000006
533,0.6815215800716903,0.41702027687842824,0.014411164291017454,0.059220424321309195,1800000,3600000,2883600000,304.38000000000005
534,0.6835857830838429,0.4129264675097564,0.013820700032911323,0.059023351544008416,1800000,3600000,2889000000,304.95000000000005
535,0.6820731251967558,0.41984065976372253,0.015436783258258074,0.05882693458233204,1800000,3600000,2894400000,305.52000000000004
536,0.6825282708652461,0.41514927998526535,0.014040691393807566,0.05863117125386736,1800000,3600000,2899800000,306.09000000000003
537,0.6854673544433981,0.413317948214332,0.014311461139602393,0.05843605938346424,1800000,3600000,2905200000,306.66
538,0.6820886298304727,0.4181716026856625,0.013164462893011456,0.05824159680321103,1800000,3600000,2910600000,307.23
539,0.6824361293523231,0.4210004735505124,0.01589476657566619,0.05804778135241038,1800000,3600000,2916000000,307.8
540,0.684337201540217,0.4117457489757876,0.014108050464454604,0.05785461087755528,1800000,3600000,2921400000,308.37000000000006
541,0.6834199510247573,0.4182127011881514,0.014176403429313419,0.05766208323230516,1800000,3600000,2926800000,308.94000000000005
542,0.6833148263365293,0.4164997329262345,0.013164545427638624,0.05747019627746195,1800000,3600000,2932200000,309.51000000000005
543,0.6858987213605962,0.41288020727311653,0.012231958555770264,0.05727894788094641,1800000,3600000,2937600000,310.08000000000004
544,0.6846940381284886,0.4158475235887721,0.015219243727670488,0.05708833591777441,1800000,3600000,2943000000,310.65000000000003
545,0.6849441811704744,0.41561197877165246,0.013787396365380561,0.05689835827003326,1800000,3600000,2948400000,311.22
546,0.6856123994515794,0.41536822076268604,0.014322686741508847,0.05670901282685826,1800000,3600000,2953800000,311.79
547,0.684843886080557,0.41335124521325534,0.012445798260749914,0.05652029748440921,1800000,3600000,2959200000,312.36
548,0.6847532106082913,0.4159727691391911,0.011952563550035416,0.05633221014584703,1800000,3600000,2964600000,312.93
549,0.6859401182507544,0.42034272865227523,0.012803458954979616,0.05614474872131046,1800000,3600000,2970000000,313.50000000000006
550,0.6840935687519771,0.4142238986847918,0.01617718929189383,0.05595791112789286,1800000,3600000,2975400000,314.07000000000005
551,0.6875097903585243,0.412762096985148,0.012740097813104626,0.05577169528961905,1800000,3600000,2980800000,314.64000000000004
552,0.6849103805969902,0.41488885623040184,0.01390159878291463,0.05558609913742223,1800000,3600000,2986200000,315.21000000000004
553,0.6844795978935713,0.41380815242843344,0.014324260935107466,0.05540112060912105,1800000,3600000,2991600000,315.78000000000003
554,0.6863269674782979,0.40817387957315826,0.013344039976552317,0.0552167576493966,1800000,3600000,2997000000,316.35
555,0.6854919720442239,0.41275770240991444,0.012169300943502291,0.05503300820976966,1800000,3600000,3002400000,316.92
556,0.6869938762774577,0.4117126489992641,0.014310565417886882,0.05484987024857791,1800000,3600000,3007800000,317.49
557,0.6876611195276461,0.40886973361224804,0.012293656619168505,0.0546673417309532,1800000,3600000,3013200000,318.06000000000006
558,0.6850108126141445,0.4152638190670516,0.012538753078035729,0.054485420628799054,1800000,3600000,3018600000,318.63000000000005
559,0.6847030459095875,0.4151756099597013,0.013424675532264669,0.054304104920767995,1800000,3600000,3024000000,319.20000000000005
560,0.6870375043661711,0.4134641466868213,0.01231069679519384,0.05412339259223918,1800000,3600000,3029400000,319.77000000000004
561,0.6847029612209179,0.4089483537706168,0.012157396894462227,0.053943281635295985,1800000,3600000,3034800000,320.34000000000003
562,0.6879196814761044,0.40817551430346527,0.01225846857040108,0.05376377004870373,1800000,3600000,3040200000,320.91
563,0.6862332114706241,0.4134265024451124,0.01361257488885287,0.05358485583788735,1800000,3600000,3045600000,321.48
564,0.6869567365471959,0.4158027420402666,0.012157160132711916,0.05340653701490936,1800000,3600000,3051000000,322.05
565,0.6877547398598147,0.4126255948324377,0.013649885797285308,0.05322881159844763,1800000,3600000,3056400000,322.62000000000006
566,0.6878304522812699,0.4108624660408598,0.013686378654025376,0.05305167761377351,1800000,3600000,3061800000,323.19000000000005
567,0.6891714402658914,0.41192730729607063,0.011496712827025227,0.0528751330927298,1800000,3600000,3067200000,323.76000000000005
568,0.6874899674195725,0.40391740113935526,0.012246945073510991,0.052699176073708866,1800000,3600000,3072600000,324.33000000000004
569,0.6880788020312182,0.41014371226354773,0.012319458602988203,0.052523804601630926,1800000,3600000,3078000000,324.90000000000003
570,0.6900167073932476,0.4105210053901426,0.013295659621973998,0.05234901672792227,1800000,3600000,3083400000,325.47
571,0.6860668223598991,0.41473078392695234,0.012075502133642018,0.0521748105104936,1800000,3600000,3088800000,326.04
572,0.6894579432523885,0.4124063215752433,0.011093483634938736,0.052001184013718484,1800000,3600000,3094200000,326.61
573,0.6888308000419366,0.4133505780297627,0.013076801856248082,0.05182813530841186,1800000,3600000,3099600000,327.18000000000006
574,0.6902928128794443,0.41070242967833903,0.013724377130378943,0.05165566247180853,1800000,3600000,3105000000,327.75000000000006
575,0.6878175657658817,0.4125561943392046,0.013176678557889607,0.05148376358754188,1800000,3600000,3110400000,328.32000000000005
576,0.6905440218341115,0.408408059467412,0.013020031733528226,0.05131243674562255,1800000,3600000,3115800000,328.89000000000004
577,0.6913994863008978,0.4099951982672291,0.012142334674196944,0.05114168004241717,1800000,3600000,3121200000,329.46000000000004
578,0.6896422197698941,0.41032543755569784,0.012145747893869649,0.05097149158062731,1800000,3600000,3126600000,330.03000000000003
579,0.6847047347600448,0.4164094582071492,0.011910399365526117,0.050801869469268304,1800000,3600000,3132000000,330.6
580,0.6864043707522762,0.4096802682135403,0.011942728992145839,0.05063281182364827,1800000,3600000,3137400000,331.17
581,0.6872987164584845,0.413980560133834,0.010988989776486609,0.050464316765347184,1800000,3600000,3142800000,331.74
582,0.6878548479974271,0.40996429688618297,0.011362120117426941,0.05029638242219602,1800000,3600000,3148200000,332.31000000000006
583,0.6853767759285149,0.4128853993663893,0.012457046175697166,0.05012900692825588,1800000,3600000,3153600000,332.88000000000005
584,0.6880453790228687,0.41263259648328554,0.012613051431335665,0.049962188423797335,1800000,3600000,3159000000,333.45000000000005
585,0.6883305153993329,0.4141221059845499,0.010862607140747455,0.04979592505527975,1800000,3600000,3164400000,334.02000000000004
586,0.690072957178764,0.4151484348874169,0.011721423043515339,0.04963021497533063,1800000,3600000,3169800000,334.59000000000003
587,0.6900886148845855,0.4053985384214686,0.010910933129163964,0.04946505634272516,1800000,3600000,3175200000,335.16
588,0.6891639261877173,0.4129947748855733,0.011076689226459857,0.04930044732236575,1800000,3600000,3180600000,335.73
589,0.6921860701558794,0.4085520108134297,0.010595392400586785,0.04913638608526156,1800000,3600000,3186000000,336.3
590,0.6894182966655716,0.4127798636420728,0.011815935698765025,0.04897287080850829,1800000,3600000,3191400000,336.87000000000006
591,0.6886606747419957,0.41116103624542694,0.011761721233874292,0.048809899675267825,1800000,3600000,3196800000,337.44000000000005
592,0.6907295530647426,0.4130117434073236,0.010086613529633996,0.04864747087474814,1800000,3600000,3202200000,338.01000000000005
593,0.6906164318502178,0.40881232690002484,0.011668448257907842,0.048485582602183115,1800000,3600000,3207600000,338.58000000000004
594,0.6909429815830515,0.4095712971061858,0.011843826328702014,0.048324233058812484,1800000,3600000,3213000000,339.15000000000003
595,0.6895438158387006,0.41073653556811796,0.010435117324732795,0.04816342045186189,1800000,3600000,3218400000,339.72
596,0.6903568834889535,0.4123307006156363,0.010623465484223693,0.04800314299452295,1800000,3600000,3223800000,340.29
597,0.6899564516085386,0.4108417743290984,0.011240930096064033,0.047843398905933344,1800000,3600000,3229200000,340.86
598,0.689888448554613,0.4081170050248148,0.011323881456875648,0.04768418641115714,1800000,3600000,3234600000,341.43000000000006
599,0.6913304528921276,0.40875859668433145,0.011985922102738458,0.04752550374116498,1800000,3600000,3240000000,342.00000000000006
600,0.6912719330654161,0.4075471944417451,0.00882320251746059,0.04736734913281444,1800000,3600000,3245400000,342.57000000000005
601,0.6917979653162045,0.40440525884268513,0.012182477825285937,0.047209720828830466,1800000,3600000,3250800000,343.14000000000004
602,0.6934560701658717,0.4043075778249409,0.011082402898229277,0.047052617077785845,1800000,3600000,3256200000,343.71000000000004
603,0.6908397137264981,0.4095393808127563,0.011624314352977332,0.04689603613408174,1800000,3600000,3261600000,344.28000000000003
604,0.6894644078395734,0.4132842415039067,0.010048639393066362,0.04673997625792825,1800000,3600000,3267000000,344.85
605,0.6920421624557063,0.4088839181110387,0.011384774900224227,0.046584435715325154,1800000,3600000,3272400000,345.42
606,0.6916819387671236,0.4110091495771637,0.009741249065631015,0.0464294127780426,1800000,3600000,3277800000,345.99000000000007
607,0.6930632752766535,0.405601618265802,0.010990242790707483,0.04627490572360191,1800000,3600000,3283200000,346.56000000000006
608,0.6940945675331991,0.40688989211286386,0.011142900664787788,0.04612091283525647,1800000,3600000,3288600000,347.13000000000005
609,0.6929718485651816,0.4055074373247956,0.011165697505115027,0.04596743240197259,1800000,3600000,3294000000,347.70000000000005
610,0.6934327914932097,0.41253881181979174,0.01010949531657331,0.04581446271841051,1800000,3600000,3299400000,348.27000000000004
611,0.6939834492527894,0.40640460574988657,0.01155753818188885,0.04566200208490554,1800000,3600000,3304800000,348.84000000000003
612,0.6920881694677485,0.4054930321102379,0.011445962448226259,0.04551004880744906,1800000,3600000,3310200000,349.41
613,0.6933495181370681,0.4060001810783174,0.00910723277233507,0.045358601197669775,1800000,3600000,3315600000,349.98
614,0.6968166507014091,0.4017192863960167,0.010260809288525078,0.045207657572814884,1800000,3600000,3321000000,350.55
615,0.6930020635082543,0.4051810350044392,0.010571985401177162,0.04505721625573148,1800000,3600000,3326400000,351.12000000000006
616,0.6937684367265184,0.3975661854921366,0.009912133557754587,0.044907275574847784,1800000,3600000,3331800000,351.69000000000005
617,0.6952009454787245,0.40433169043946826,0.010248142518224024,0.04475783386415471,1800000,3600000,3337200000,352.26000000000005
618,0.6961626618013194,0.40532294545913466,0.009721266396772453,0.04460888946318726,1800000,3600000,3342600000,352.83000000000004
619,0.6942378423049331,0.4057290419026675,0.008934086705594648,0.04446044071700611,1800000,3600000,3348000000,353.40000000000003
620,0.6934349410400563,0.4080715101386049,0.008689237593730987,0.04431248597617924,1800000,3600000,3353400000,353.97
621,0.6950048838281662,0.40773245354245513,0.008584023395546425,0.04416502359676357,1800000,3600000,3358800000,354.54
622,0.692753293448374,0.41027925053128017,0.01162511715659642,0.04401805194028666,1800000,3600000,3364200000,355.11
623,0.6938005653464491,0.40756608602113986,0.01158283341998668,0.0438715693737286,1800000,3600000,3369600000,355.68000000000006
624,0.6944516036770131,0.4037421807355937,0.01020085347143228,0.04372557426950384,1800000,3600000,3375000000,356.25000000000006
625,0.6948346974186668,0.40438702726871806,0.01003861776560022,0.043580065005443036,1800000,3600000,3380400000,356.82000000000005
626,0.6914372495016592,0.40453886849136755,0.0084155407654253,0.04343503996477511,1800000,3600000,3385800000,357.39000000000004
627,0.6926533493042936,0.40919718857195714,0.01010829671587287,0.04329049753610919,1800000,3600000,3391200000,357.96000000000004
628,0.6937121668814774,0.41163911448153284,0.012505680550751033,0.04314643611341682,1800000,3600000,3396600000,358.53000000000003
629,0.6950079666370617,0.40612786997141437,0.011633444178816652,0.04300285409601406,1800000,3600000,3402000000,359.1
630,0.6941181717339472,0.407747856739648,0.009498712464197829,0.042859749888543665,1800000,3600000,3407400000,359.67
631,0.6937651152591511,0.40671684361476734,0.010115380181416155,0.04271712190095742,1800000,3600000,3412800000,360.24000000000007
632,0.6961132972381374,0.40615234260858984,0.009878914590036028,0.04257496854849846,1800000,3600000,3418200000,360.81000000000006
633,0.6969856122678588,0.4020810698723629,0.009380283056674075,0.04243328825168358,1800000,3600000,3423600000,361.38000000000005
634,0.6939996018229795,0.40730273364744884,0.0079712336217285,0.042292079436285844,1800000,3600000,3429000000,361.95000000000005
635,0.6942665322155176,0.40629775562840986,0.010677858305753818,0.04215134053331695,1800000,3600000,3434400000,362.52000000000004
636,0.6935763522795796,0.40718124843571774,0.007492389785029179,0.04201106997900985,1800000,3600000,3439800000,363.09000000000003
637,0.6979565572836217,0.40261484944190834,0.010280795296989935,0.0418712662148014,1800000,3600000,3445200000,363.66
638,0.6977592148318754,0.3979090635881993,0.00919971572536177,0.04173192768731502,1800000,3600000,3450600000,364.23
639,0.6950762028727262,0.4017937758702728,0.010671529506530544,0.04159305284834337,1800000,3600000,3456000000,364.80000000000007
640,0.6956868143145807,0.40366191290952624,0.009110291430597689,0.041454640154831295,1800000,3600000,3461400000,365.37000000000006
641,0.6961265003918784,0.4018070221134572,0.008999658387479952,0.041316688068858534,1800000,3600000,3466800000,365.94000000000005
642,0.6957490274679398,0.4023085494761447,0.009696263886153115,0.041179195057622714,1800000,3600000,3472200000,366.51000000000005
643,0.6930741490793922,0.40878887417434223,0.0072845561915149334,0.0410421595934223,1800000,3600000,3477600000,367.08000000000004
644,0.694098494135423,0.40380332821356074,0.008089283683506417,0.040905580153639626,1800000,3600000,3483000000,367.65000000000003
645,0.697232045515683,0.40359210797877,0.00938183232527845,0.040769455220723935,1800000,3600000,3488400000,368.22
646,0.6981984529323058,0.40118696617617217,0.010594253945687946,0.04063378328217458,1800000,3600000,3493800000,368.79
647,0.6969759180937353,0.40039274413556564,0.008999221563056633,0.04049856283052418,1800000,3600000,3499200000,369.36
648,0.697100580414876,0.4057535507360834,0.006495305986475396,0.040363792363321875,1800000,3600000,3504600000,369.93000000000006
649,0.6962546446633233,0.4033375853362143,0.008961857716539616,0.04022947038311665,1800000,3600000,3510000000,370.50000000000006
650,0.6974224899395668,0.4051049604253161,0.008702240636653435,0.0400955953974407,1800000,3600000,3515400000,371.07000000000005
651,0.6936803753973193,0.4019600982803147,0.009952977496430192,0.03996216591879277,1800000,3600000,3520800000,371.64000000000004
652,0.6983214369558748,0.3948548695186166,0.008032710450301734,0.03982918046462173,1800000,3600000,3526200000,372.21000000000004
653,0.6966356362234829,0.4043471843466788,0.008516378091935624,0.039696637557310066,1800000,3600000,3531600000,372.78000000000003
654,0.7000532987941815,0.3980643051150055,0.010643153725175103,0.03956453572415745,1800000,3600000,3537000000,373.35
655,0.6963088265261479,0.4031082552907072,0.008260367600391231,0.039432873497364365,1800000,3600000,3542400000,373.92
656,0.6980680349129744,0.39859906678686624,0.0052905033976390825,0.03930164941401582,1800000,3600000,3547800000,374.49000000000007
657,0.6967097044974341,0.40502686463239734,0.008952667042672982,0.03917086201606511,1800000,3600000,3553200000,375.06000000000006
658,0.6968162692856391,0.40241611274528105,0.008456345453864214,0.03904050985031756,1800000,3600000,3558600000,375.63000000000005
659,0.6999183061805601,0.3998804595173727,0.008878142698621303,0.03891059146841445,1800000,3600000,3564000000,376.20000000000005
660,0.6983025366142883,0.39804035435120527,0.010271435614918056,0.03878110542681685,1800000,3600000,3569400000,376.77000000000004
661,0.6968144471359734,0.39958578347582996,0.009850232423450508,0.03865205028678966,1800000,3600000,3574800000,377.34000000000003
662,0.6955513946426181,0.40372528960131276,0.009615734716536891,0.03852342461438552,1800000,3600000,3580200000,377.91
663,0.6973879462844601,0.40527628502438245,0.007104856129781401,0.03839522698042899,1800000,3600000,3585600000,378.48
664,0.6944322337902255,0.40630466184817665,0.00871549894540002,0.03826745596050058,1800000,3600000,3591000000,379.05000000000007
665,0.699891644285364,0.40146790139648647,0.008684576291470252,0.03814011013492099,1800000,3600000,3596400000,379.62000000000006
666,0.7006443574996415,0.40344580993620854,0.010713637490224227,0.038013188088735286,1800000,3600000,3601800000,380.19000000000005
667,0.698104592782876,0.4020136299918338,0.009671087703494237,0.03788668841169722,1800000,3600000,3607200000,380.76000000000005
668,0.6985174615888426,0.40386666285502604,0.008389553329817747,0.03776060969825349,1800000,3600000,3612600000,381.33000000000004
669,0.697311771483854,0.3995260305082369,0.008563233770620609,0.03763495054752823,1800000,3600000,3618000000,381.90000000000003
670,0.6966928286772258,0.41086429905252875,0.008699448147483487,0.037509709563307354,1800000,3600000,3623400000,382.47
671,0.6989985187647477,0.39963772495281863,0.007862320657753446,0.03738488535402309,1800000,3600000,3628800000,383.04
672,0.6998207494261884,0.4009157258303024,0.008817175829772922,0.03726047653273848,1800000,3600000,3634200000,383.61
673,0.6978540025341747,0.4006748608993004,0.008911467572996554,0.03713648171713203,1800000,3600000,3639600000,384.18000000000006
674,0.7016771122287039,0.39601211272852316,0.009975528065207295,0.03701289952948227,1800000,3600000,3645000000,384.75000000000006
675,0.6997286250199918,0.40242017408850583,0.005558044384043993,0.036889728596652516,1800000,3600000,3650400000,385.32000000000005
676,0.7006474026438383,0.3915468639019767,0.007358527447753756,0.03676696755007558,1800000,3600000,3655800000,385.89000000000004
677,0.701623722540543,0.3971962267251497,0.008680710982671345,0.03664461502573857,1800000,3600000,3661200000,386.46000000000004
678,0.6985751399059568,0.4035467420055842,0.0070281559346366575,0.03652266966416776,1800000,3600000,3666600000,387.03000000000003
679,0.6990985471068726,0.4002397123566207,0.008217715430565504,0.0364011301104134,1800000,3600000,3672000000,387.6
680,0.7015004211699348,0.40126773656674597,0.007851476818803502,0.03627999501403475,1800000,3600000,3677400000,388.17
681,0.7001258519016764,0.39903840733722323,0.007934930188775093,0.036159263029085065,1800000,3600000,3682800000,388.74000000000007
682,0.7000411686388207,0.3979766879970684,0.007748257993665796,0.036038932814096605,1800000,3600000,3688200000,389.31000000000006
683,0.7014579136481285,0.39789953943446577,0.007985069919745815,0.035919003032065744,1800000,3600000,3693600000,389.88000000000005
684,0.6997917056576307,0.398922906032539,0.006983509329317214,0.035799472350438115,1800000,3600000,3699000000,390.45000000000005
685,0.7013173590125165,0.4010385493418917,0.009756359481621093,0.03568033944109379,1800000,3600000,3704400000,391.02000000000004
686,0.7035786803813298,0.39787345412416547,0.006910331784297024,0.035561602980332556,1800000,3600000,3709800000,391.59000000000003
687,0.6977925016632386,0.40055083162088,0.007423340192961112,0.035443261648859185,1800000,3600000,3715200000,392.16
688,0.7009312082917596,0.39799894924390294,0.007513638654117971,0.03532531413176878,1800000,3600000,3720600000,392.73
689,0.7009576224828686,0.39867461485702055,0.010597351171982575,0.035207759118532155,1800000,3600000,3726000000,393.30000000000007
690,0.7023285095327939,0.39543349765152724,0.007856790145149761,0.03509059530298131,1800000,3600000,3731400000,393.87000000000006
691,0.6998701950162611,0.4008933792601076,0.007877886113322317,0.03497382138329483,1800000,3600000,3736800000,394.44000000000005
692,0.7017373899297518,0.396491438115828,0.007389528928239976,0.03485743606198353,1800000,3600000,3742200000,395.01000000000005
693,0.7001711562364614,0.4012586875358008,0.006106075535355053,0.034741438045875976,1800000,3600000,3747600000,395.58000000000004
694,0.7037603890130202,0.4019626366170325,0.009664157754900902,0.03462582604610413,1800000,3600000,3753000000,396.15000000000003
695,0.7009444489704268,0.3988528542383271,0.006533279578638335,0.034510598778089034,1800000,3600000,3758400000,396.72
696,0.7030508836668762,0.392817838902385,0.008269199753842675,0.03439575496152654,1800000,3600000,3763800000,397.29
697,0.7032145941072175,0.393960820787251,0.005916717373029754,0.034281293320373024,1800000,3600000,3769200000,397.86000000000007
698,0.7012500703850051,0.39724459360270165,0.007800752027778114,0.0341672125828313,1800000,3600000,3774600000,398.43000000000006
699,0.7024476720798223,0.3982768247577848,0.008004987309148347,0.034053511481336465,1800000,3600000,3780000000,399.00000000000006
700,0.699772104802965,0.4020534213106781,0.008193343724695702,0.03394018875254177,1800000,3600000,3785400000,399.57000000000005
701,0.702103735221683,0.39894315084873927,0.007770160878878293,0.03382724313730462,1800000,3600000,3790800000,400.14000000000004
702,0.7024933565973892,0.3957097590958925,0.007473912730579273,0.03371467338067256,1800000,3600000,3796200000,400.71000000000004
703,0.7000610507997217,0.3992765241412272,0.007910977982468616,0.03360247823186937,1800000,3600000,3801600000,401.28000000000003
704,0.7034786911472259,0.39250353720038683,0.0067548879491489185,0.03349065644428111,1800000,3600000,3807000000,401.85
705,0.6976168554985037,0.4040850172653988,0.007388972468432973,0.033379206775442365,1800000,3600000,3812400000,402.42
706,0.7031889887127204,0.3946835754385488,0.006110910973826345,0.03326812798702229,1800000,3600000,3817800000,402.99000000000007
707,0.701920228179107,0.4003705879571858,0.006675260789611404,0.033157418844811035,1800000,3600000,3823200000,403.56000000000006
708,0.7011007752751127,0.40038351765465224,0.008384897799825222,0.03304707811870582,1800000,3600000,3828600000,404.13000000000005
709,0.7035534441170475,0.39838542891141154,0.007753924280415913,0.032937104582697475,1800000,3600000,3834000000,404.70000000000005
710,0.7007519390240758,0.40732369601666774,0.006397000781390636,0.03282749701485669,1800000,3600000,3839400000,405.27000000000004
711,0.7016787802629048,0.4051790726303984,0.006247582543138927,0.03271825419732046,1800000,3600000,3844800000,405.84000000000003
712,0.7044504021888307,0.39014506646080116,0.007598690851335081,0.03260937491627859,1800000,3600000,3850200000,406.41
713,0.7035395004113077,0.3930303376803562,0.006436790144267866,0.03250085796196018,1800000,3600000,3855600000,406.98
714,0.7026832692802716,0.3950183572878613,0.007647001157628422,0.03239270212862015,1800000,3600000,3861000000,407.55000000000007
715,0.7027351434157826,0.39783300630148005,0.0064575999277428344,0.03228490621452591,1800000,3600000,3866400000,408.12000000000006
716,0.7056138916326442,0.3950157607140177,0.008198805778480412,0.032177469021943995,1800000,3600000,3871800000,408.69000000000005
717,0.7036326726459177,0.3981104627525558,0.005250512768443657,0.032070389357126694,1800000,3600000,3877200000,409.26000000000005
718,0.7019189605115381,0.3957387679000013,0.007428078191018578,0.03196366603029886,1800000,3600000,3882600000,409.83000000000004
719,0.7027783722786117,0.39761057184025694,0.006371345757291957,0.031857297855644666,1800000,3600000,3888000000,410.40000000000003
720,0.705119642165234,0.39931316729216765,0.007013873908904297,0.03175128365129438,1800000,3600000,3893400000,410.97
721,0.7006660180978685,0.39657880226014863,0.006567339875903272,0.03164562223931132,1800000,3600000,3898800000,411.54
722,0.7042162066797285,0.3949975001584002,0.007362837596100865,0.03154031244567872,1800000,3600000,3904200000,412.11000000000007
723,0.7030046893718259,0.4025210494078894,0.00755080263840943,0.03143535310028667,1800000,3600000,3909600000,412.68000000000006
724,0.7023366343875792,0.39673582662486245,0.0055636012614054655,0.03133074303691914,1800000,3600000,3915000000,413.25000000000006
725,0.7027028015329521,0.39874026267530427,0.007617248537334899,0.031226481093241037,1800000,3600000,3920400000,413.82000000000005
726,0.7032022332311872,0.3937719242359769,0.005880591722109962,0.03112256611078522,1800000,3600000,3925800000,414.39000000000004
727,0.7040168380047326,0.3941014011202442,0.0070195286712832795,0.03101899693493971,1800000,3600000,3931200000,414.96000000000004
728,0.7038633920256361,0.3965298716496978,0.007045088637706654,0.03091577241493482,1800000,3600000,3936600000,415.53000000000003
729,0.7043254034226585,0.3895250114117476,0.0064493528777851096,0.03081289140383039,1800000,3600000,3942000000,416.1
730,0.7056793073004126,0.39367735035479373,0.006297705476589773,0.030710352758503014,1800000,3600000,3947400000,416.6700000000001
731,0.7042937704152239,0.3948783681408003,0.006208111511815759,0.030608155339633344,1800000,3600000,3952800000,417.24000000000007
732,0.7058057987117864,0.39700429575479096,0.006873680796618149,0.030506298011693453,1800000,3600000,3958200000,417.81000000000006
733,0.7042268989944409,0.39470686135616034,0.005069999861673605,0.03040477964293421,1800000,3600000,3963600000,418.38000000000005
734,0.7034006287548066,0.3987338103313432,0.006214316482170016,0.030303599105372694,1800000,3600000,3969000000,418.95000000000005
735,0.7063042734782567,0.39178642345266995,0.0054318014996896855,0.030202755274779673,1800000,3600000,3974400000,419.52000000000004
736,0.7054415199105312,0.39862741077825964,0.005264242137725485,0.030102247030667106,1800000,3600000,3979800000,420.09000000000003
737,0.7052408909078283,0.39582224145954065,0.006292903018256911,0.030002073256275682,1800000,3600000,3985200000,420.66
738,0.7068755262777681,0.39694768374814077,0.005035046900938809,0.02990223283856243,1800000,3600000,3990600000,421.23
739,0.7046776022839921,0.3948853878462687,0.0057835770568014574,0.02980272466818835,1800000,3600000,3996000000,421.80000000000007
740,0.7068976880856078,0.38935050283053885,0.006426609048181435,0.02970354763950609,1800000,3600000,4001400000,422.37000000000006
741,0.7039504007560827,0.3960553629283368,0.008071312287599173,0.02960470065054764,1800000,3600000,4006800000,422.94000000000005
742,0.7066878929233604,0.3934522204895463,0.006552904576413312,0.029506182603012115,1800000,3600000,4012200000,423.51000000000005
743,0.7065536794187318,0.39321179921497584,0.005475285797013704,0.029407992402253506,1800000,3600000,4017600000,424.08000000000004
744,0.706583371050012,0.39650312087027484,0.005933697371467081,0.029310128957268585,1800000,3600000,4023000000,424.65000000000003
745,0.7058566040772412,0.3932649685934375,0.006433682372750165,0.02921259118068473,1800000,3600000,4028400000,425.22
746,0.7027629406199127,0.40108178470723194,0.0062714973056596296,0.029115377988747873,1800000,3600000,4033800000,425.79
747,0.7060273912528757,0.39967856722969536,0.005777714218377383,0.02901848830131043,1800000,3600000,4039200000,426.36000000000007
748,0.703035742586743,0.3971862215067217,0.005981547243762648,0.02892192104181934,1800000,3600000,4044600000,426.93000000000006
749,0.7039967935125919,0.4006135294226793,0.004997675841627352,0.028825675137304024,1800000,3600000,4050000000,427.50000000000006
750,0.7057818736128383,0.39164204253024887,0.005454631014077726,0.02872974951836458,1800000,3600000,4055400000,428.07000000000005
751,0.7058678915605857,0.39587533137228564,0.006408719883424414,0.028634143119159794,1800000,3600000,4060800000,428.64000000000004
752,0.7064225795880252,0.392864929754952,0.005189250585609961,0.02853885487739537,1800000,3600000,4066200000,429.21000000000004
753,0.7080004315903579,0.3881069572284271,0.006902013077406621,0.028443883734312093,1800000,3600000,4071600000,429.78000000000003
754,0.7043386397435011,0.3902071250891074,0.005910587753691296,0.028349228634674047,1800000,3600000,4077000000,430.35
755,0.7074126321491675,0.39050179317021017,0.005666913627515259,0.028254888526756925,1800000,3600000,4082400000,430.9200000000001
756,0.7060402228326411,0.3947497121643646,0.005827421766428657,0.02816086236233635,1800000,3600000,4087800000,431.49000000000007
757,0.7058610625445145,0.39589301464641796,0.006154606564822685,0.028067149096676187,1800000,3600000,4093200000,432.06000000000006
758,0.7071889025736195,0.39021198886063513,0.005166714935224659,0.027973747688516962,1800000,3600000,4098600000,432.63000000000005
759,0.7077535504503288,0.38684997114389186,0.00693638361670742,0.02788065710006431,1800000,3600000,4104000000,433.20000000000005
760,0.707350181401059,0.3955207502621715,0.005151457977238814,0.027787876296977376,1800000,3600000,4109400000,433.77000000000004
761,0.7077296711555073,0.39283282204059367,0.006734450917265579,0.0276954042483574,1800000,3600000,4114800000,434.34000000000003
762,0.7057202449775066,0.3965936195441153,0.006060796368964354,0.027603239926736228,1800000,3600000,4120200000,434.91
763,0.7067202189410106,0.39615804653590997,0.005900916966120669,0.027511382308064894,1800000,3600000,4125600000,435.4800000000001
764,0.7073658888679465,0.3902603222399457,0.005379254730229224,0.02741983037170224,1800000,3600000,4131000000,436.05000000000007
765,0.7066181425093022,0.39759548233619213,0.004804670169605608,0.02732858310040361,1800000,3600000,4136400000,436.62000000000006
766,0.7050801814145482,0.39587213228029444,0.0051656791338949275,0.027237639480309456,1800000,3600000,4141800000,437.19000000000005
767,0.7050998400919564,0.39176526041948206,0.005630386373052017,0.0271469985009342,1800000,3600000,4147200000,437.76000000000005
768,0.7092409250074612,0.3887915034438442,0.004851065503919844,0.027056659155154907,1800000,3600000,4152600000,438.33000000000004
769,0.7088774612376945,0.3955272632614814,0.005130476012756691,0.026966620439200145,1800000,3600000,4158000000,438.90000000000003
770,0.7080667862795011,0.3908237118151211,0.005850418426913498,0.02687688135263881,1800000,3600000,4163400000,439.47
771,0.7088260407793405,0.39034147526262025,0.0053062560983527535,0.026787440898369028,1800000,3600000,4168800000,440.04
772,0.7078487934961152,0.39147187598309857,0.006053712126107673,0.02669829808260703,1800000,3600000,4174200000,440.61000000000007
773,0.7082430902544159,0.3891713568617373,0.005265719232305047,0.026609451914876178,1800000,3600000,4179600000,441.18000000000006
774,0.7068471129784235,0.39329293746368005,0.005899670510310329,0.026520901407995918,1800000,3600000,4185000000,441.75000000000006
775,0.7090131140681439,0.39334547000201964,0.005956515881357916,0.026432645578070815,1800000,3600000,4190400000,442.32000000000005
776,0.7053385702403372,0.3936173942763563,0.004593728949585504,0.026344683444479648,1800000,3600000,4195800000,442.89000000000004
777,0.7061511883434639,0.3951865846242737,0.005160985406067029,0.02625701402986444,1800000,3600000,4201200000,443.46000000000004
778,0.7082386380861796,0.3917090666222391,0.005145940117052614,0.026169636360119694,1800000,3600000,4206600000,444.03000000000003
779,0.7059456172460432,0.40099688313233206,0.006033441555111771,0.02608254946438153,1800000,3600000,4212000000,444.6
780,0.709525455133356,0.39613523569766046,0.005016816346762635,0.025995752375016855,1800000,3600000,4217400000,445.1700000000001
781,0.7094030936421909,0.3917192014106196,0.003250871570806032,0.025909244127612686,1800000,3600000,4222800000,445.74000000000007
782,0.7077473363467356,0.39833412142979513,0.005637036481977823,0.025823023760965385,1800000,3600000,4228200000,446.31000000000006
783,0.7079111893873817,0.39392161403795306,0.005234362658641348,0.025737090317069982,1800000,3600000,4233600000,446.88000000000005
784,0.7090687636727806,0.3851293862728066,0.005576459142997435,0.02565144284110955,1800000,3600000,4239000000,447.45000000000005
785,0.7082183601359846,0.3955250008862028,0.004857266224690284,0.025566080381444596,1800000,3600000,4244400000,448.02000000000004
786,0.709400184168521,0.3889659885599649,0.0063099000705925026,0.025481001989602455,1800000,3600000,4249800000,448.59000000000003
787,0.7078394087697257,0.39501007471111593,0.0067836326151572935,0.025396206720266795,1800000,3600000,4255200000,449.16
788,0.7065364889509428,0.38130135100645224,0.005163331163783417,0.02531169363126709,1800000,3600000,4260600000,449.7300000000001
789,0.7101209377391632,0.3894406561736544,0.006021730548376733,0.025227461783568134,1800000,3600000,4266000000,450.30000000000007
790,0.7110402194107901,0.3872464708789362,0.007086846802235818,0.02514351024125965,1800000,3600000,4271400000,450.87000000000006
791,0.7104410335664629,0.3881616610917377,0.005677849241886841,0.025059838071545854,1800000,3600000,4276800000,451.44000000000005
792,0.7086535967225979,0.38973518849239136,0.0056415436375739795,0.024976444344735116,1800000,3600000,4282200000,452.01000000000005
793,0.708336550105438,0.3878129729594079,0.005317437719578878,0.024893328134229613,1800000,3600000,4287600000,452.58000000000004
794,0.7110682825688301,0.3917873969499357,0.007260502033548824,0.024810488516515048,1800000,3600000,4293000000,453.15000000000003
795,0.708304479236269,0.39289608030854817,0.005988668662111131,0.024727924571150358,1800000,3600000,4298400000,453.72
796,0.7075414583894957,0.38788731168445917,0.005274557449675083,0.024645635380757525,1800000,3600000,4303800000,454.2900000000001
797,0.708323816756127,0.38990812429378446,0.005810583531925285,0.02456362003101136,1800000,3600000,4309200000,454.86000000000007
798,0.7122647892418809,0.385377478822233,0.005016372799486835,0.024481877610629373,1800000,3600000,4314600000,455.43000000000006
799,0.7076104563273069,0.395471292845724,0.005183111564177496,0.024400407211361594,1800000,3600000,4320000000,456.00000000000006
800,0.7114199563036092,0.3918019245544742,0.004527972552008193,0.02431920792798054,1800000,3600000,4325400000,456.57000000000005
801,0.7092284873884336,0.390439847110587,0.004088024274507001,0.024238278858271095,1800000,3600000,4330800000,457.14000000000004
802,0.7107219424889807,0.38797969459217124,0.005500331710281055,0.024157619103020552,1800000,3600000,4336200000,457.71000000000004
803,0.7100367778039134,0.39056182761014235,0.0045023541520381755,0.024077227766008576,1800000,3600000,4341600000,458.28000000000003
804,0.7079229401870496,0.3957673651450445,0.005312893402365473,0.02399710395399727,1800000,3600000,4347000000,458.85
805,0.7082446142941197,0.3899873829213595,0.003793201322146581,0.02391724677672123,1800000,3600000,4352400000,459.4200000000001
806,0.7075599043056906,0.3953945811975306,0.006221462417995715,0.02383765534687765,1800000,3600000,4357800000,459.99000000000007
807,0.7092353698877716,0.3875612210834358,0.005043603074796226,0.023758328780116505,1800000,3600000,4363200000,460.56000000000006
808,0.7098534204869899,0.3874758310923358,0.002597830589300224,0.023679266195030673,1800000,3600000,4368600000,461.13000000000005
809,0.7080375295301631,0.3915072685370285,0.004638759649311545,0.023600466713146178,1800000,3600000,4374000000,461.70000000000005
810,0.7103505229232252,0.3882035750111676,0.004678734353584467,0.023521929458912412,1800000,3600000,4379400000,462.27000000000004
811,0.7099323155519864,0.3895356436303677,0.004284936806085746,0.02344365355969242,1800000,3600000,4384800000,462.84000000000003
812,0.70788390029746,0.3919386316946129,0.004255241921077866,0.023365638145753154,1800000,3600000,4390200000,463.41
813,0.7121324216278274,0.38830192344784087,0.005419986938258529,0.023287882350255897,1800000,3600000,4395600000,463.9800000000001
814,0.7091394196211241,0.3937959444371494,0.005071347176435411,0.023210385309246566,1800000,3600000,4401000000,464.55000000000007
815,0.7107935304166164,0.3910924929973299,0.0060369477912249805,0.02313314616164612,1800000,3600000,4406400000,465.12000000000006
816,0.7113324309774218,0.388884763873144,0.003876971408665593,0.023056164049241032,1800000,3600000,4411800000,465.69000000000005
817,0.7088085181360898,0.39618316953732097,0.005636355912440202,0.0229794381166737,1800000,3600000,4417200000,466.26000000000005
818,0.710365936062265,0.390128485167425,0.003278594543400306,0.022902967511432955,1800000,3600000,4422600000,466.83000000000004
819,0.7099519721788108,0.39241022732120423,0.004512838247763123,0.022826751383844632,1800000,3600000,4428000000,467.40000000000003
820,0.7139867044102765,0.38351538755574144,0.005035209940112839,0.022750788887062088,1800000,3600000,4433400000,467.97
821,0.7108218634822343,0.38775201104508367,0.0041667768430946085,0.02267507917705679,1800000,3600000,4438800000,468.5400000000001
822,0.7107231181995136,0.38794297694678,0.00332931049881477,0.022599621412608965,1800000,3600000,4444200000,469.11000000000007
823,0.7098278370785603,0.38964511153420217,0.0033755278792056828,0.02252441475529824,1800000,3600000,4449600000,469.68000000000006
824,0.7103491365350584,0.3911945785186388,0.008073652057235266,0.022449458369494302,1800000,3600000,4455000000,470.25000000000006
825,0.7099210709203511,0.3878580540435155,0.0031611767126053384,0.022374751422347648,1800000,3600000,4460400000,470.82000000000005
826,0.7116509381896194,0.38810017198672736,0.0054220290410883125,0.02230029308378033,1800000,3600000,4465800000,471.39000000000004
827,0.7119872954123222,0.378911949574309,0.004139736592626897,0.022226082526476697,1800000,3600000,4471200000,471.96000000000004
828,0.7097834001500167,0.3856004091859065,0.00581208179276017,0.022152118925874254,1800000,3600000,4476600000,472.53000000000003
829,0.7124143454526173,0.39034697579800076,0.005306935761088663,0.02207840146015444,1800000,3600000,4482000000,473.1000000000001
830,0.7102247473592282,0.39590278880777974,0.002430233801764434,0.022004929310233547,1800000,3600000,4487400000,473.6700000000001
831,0.710012207384024,0.39025535501250225,0.004489616694683308,0.0219317016597536,1800000,3600000,4492800000,474.24000000000007
832,0.7077632752582528,0.39124949352620997,0.004802224538808035,0.021858717695073287,1800000,3600000,4498200000,474.81000000000006
833,0.713993548444636,0.38249360373689373,0.003162247306588549,0.021785976605258914,1800000,3600000,4503600000,475.38000000000005
834,0.7103497318891857,0.38732232573932984,0.0045805463405067725,0.02171347758207541,1800000,3600000,4509000000,475.95000000000005
835,0.7143105805719584,0.3826503244103208,0.003455156894232865,0.02164121981997731,1800000,3600000,4514400000,476.52000000000004
836,0.7119432186941489,0.39076416947321463,0.0028094575609341685,0.021569202516099856,1800000,3600000,4519800000,477.09000000000003
837,0.713835250384313,0.3817607304143314,0.0034367365177414523,0.021497424870250043,1800000,3600000,4525200000,477.66
838,0.7120078978532828,0.3909383613477369,0.002867432472809857,0.021425886084897733,1800000,3600000,4530600000,478.2300000000001
839,0.7110686142537622,0.38974912284334845,0.003501732577120462,0.021354585365166795,1800000,3600000,4536000000,478.80000000000007
840,0.7120769499917202,0.38552049931306603,0.0045232309196510355,0.02128352191882629,1800000,3600000,4541400000,479.37000000000006
841,0.7149643666262758,0.3865806969183791,0.003501332376533931,0.021212694956281617,1800000,3600000,4546800000,479.94000000000005
842,0.7122962808878426,0.39011785505181973,0.0047953002160903485,0.02114210369056581,1800000,3600000,4552200000,480.51000000000005
843,0.7112584124672534,0.39089474323044837,0.003917051006081804,0.021071747337330738,1800000,3600000,4557600000,481.08000000000004
844,0.711207457812927,0.3927457244533606,0.003781491918221651,0.021001625114838426,1800000,3600000,4563000000,481.65000000000003
845,0.7144302564433637,0.3922169749940631,0.003066211846917159,0.020931736243952347,1800000,3600000,4568400000,482.22
846,0.7111512004033876,0.3878744235571338,0.004454365258101849,0.02086207994812878,1800000,3600000,4573800000,482.7900000000001
847,0.7124707371125439,0.38350598154558585,0.005391759937700594,0.02079265545340814,1800000,3600000,4579200000,483.36000000000007
848,0.712456111801256,0.38789778118796103,0.0051822195751302785,0.02072346198840646,1800000,3600000,4584600000,483.93000000000006
849,0.7092233375572036,0.39622797268328624,0.0039013617455490113,0.020654498784306745,1800000,3600000,4590000000,484.50000000000006
850,0.7081724868201185,0.3929658764680187,0.005526512472276237,0.020585765074850458,1800000,3600000,4595400000,485.07000000000005
851,0.7136114928970635,0.3880553755926391,0.0035420757277709125,0.020517260096329024,1800000,3600000,4600800000,485.64000000000004
852,0.7092551919648055,0.39250466776793513,0.005259555961029953,0.020448983087575288,1800000,3600000,4606200000,486.21000000000004
853,0.7132970208068707,0.3860191407353715,0.003047227340072444,0.02038093328995513,1800000,3600000,4611600000,486.78000000000003
854,0.710699844974147,0.3894272910960754,0.003878343131270751,0.020313109947358986,1800000,3600000,4617000000,487.3500000000001
855,0.7147985290927253,0.38271283584639,0.0015604538542914916,0.02024551230619346,1800000,3600000,4622400000,487.9200000000001
856,0.7139095234401017,0.3837292515828936,0.0029039696517690248,0.020178139615372955,1800000,3600000,4627800000,488.49000000000007
857,0.7151201023070552,0.3797790737791334,0.003703234265354276,0.020110991126311338,1800000,3600000,4633200000,489.06000000000006
858,0.7119637300938865,0.38605919356487084,0.005832117315891648,0.020044066092913575,1800000,3600000,4638600000,489.63000000000005
859,0.7123508690548368,0.3857795491051594,0.004536450650384763,0.019977363771567502,1800000,3600000,4644000000,490.20000000000005
860,0.7136687564432731,0.3897441212596378,0.004003695144531694,0.01991088342113553,1800000,3600000,4649400000,490.77000000000004
861,0.7123216405822844,0.3891152820031189,0.0041303896493378985,0.019844624302946416,1800000,3600000,4654800000,491.34000000000003
862,0.7148499843292708,0.3842853385102251,0.0029691049058607065,0.019778585680787053,1800000,3600000,4660200000,491.9100000000001
863,0.7124162168495483,0.3876795965900976,0.0038266602755735726,0.019712766820894304,1800000,3600000,4665600000,492.4800000000001
864,0.7096726868270989,0.3923411605458371,0.007092057513519592,0.019647166991946803,1800000,3600000,4671000000,493.05000000000007
865,0.7129946411290591,0.3872103427281514,0.0037340708822641852,0.019581785465056904,1800000,3600000,4676400000,493.62000000000006
866,0.7107789773045947,0.38670951082369154,0.0034359155077074645,0.019516621513762517,1800000,3600000,4681800000,494.19000000000005
867,0.7135278653588225,0.3844761045020021,0.003776103354858079,0.019451674414019068,1800000,3600000,4687200000,494.76000000000005
868,0.7136461626653265,0.3850622816019226,0.0052631716758164224,0.019386943444191458,1800000,3600000,4692600000,495.33000000000004
869,0.7131785959430631,0.38709211051136877,0.0043988000057783964,0.01932242788504602,1800000,3600000,4698000000,495.90000000000003
870,0.7112683688526628,0.3953419215562016,0.0019272460332025968,0.01925812701974253,1800000,3600000,4703400000,496.47
871,0.717700908373558,0.3834082457174935,0.004069351395746682,0.01919404013382628,1800000,3600000,4708800000,497.0400000000001
872,0.711312549503567,0.38789861164151856,0.0019461360170112765,0.019130166515220096,1800000,3600000,4714200000,497.61000000000007
873,0.7153794023901504,0.38652154267114763,0.00368592585581447,0.01906650545421645,1800000,3600000,4719600000,498.18000000000006
874,0.7129408506230249,0.3841717164951255,0.0025270444212485495,0.01900305624346956,1800000,3600000,4725000000,498.75000000000006
875,0.7106770381601641,0.3897182649125458,0.003908487791104425,0.018939818177987563,1800000,3600000,4730400000,499.32000000000005
876,0.714441717029081,0.38719341504313964,0.0034137773678993765,0.018876790555124607,1800000,3600000,4735800000,499.89000000000004
877,0.7143347743462852,0.3912056049481036,0.0025063092157973574,0.018813972674573135,1800000,3600000,4741200000,500.46000000000004
878,0.7126222858891899,0.38072274589232485,0.002888705665669907,0.01875136383835605,1800000,3600000,4746600000,501.03000000000003
879,0.7121270643706284,0.3921320206666829,0.004566807687014052,0.018688963350818977,1800000,3600000,4752000000,501.6000000000001
880,0.7136590586110709,0.3866548247562989,0.0031020244142339554,0.018626770518622528,1800000,3600000,4757400000,502.1700000000001
881,0.7160516501533475,0.38703707618150734,0.0026308917991483467,0.018564784650734575,1800000,3600000,4762800000,502.74000000000007
882,0.714112214123632,0.38161324978294336,0.004191815678234401,0.018503005058422627,1800000,3600000,4768200000,503.31000000000006
883,0.7135713917106496,0.3832114933703876,0.005063218885923557,0.018441431055246132,1800000,3600000,4773600000,503.88000000000005
884,0.716068013736144,0.3884624979126939,0.004667602952847528,0.01838006195704887,1800000,3600000,4779000000,504.45000000000005
885,0.7147470667842201,0.38608531625633447,0.00388654571620037,0.018318897081951332,1800000,3600000,4784400000,505.02000000000004
886,0.7143105148956175,0.38300801032125403,0.0038388210771366413,0.018257935750343183,1800000,3600000,4789800000,505.59000000000003
887,0.7133180681029532,0.38844806137374455,0.0025195425286712475,0.018197177284875646,1800000,3600000,4795200000,506.1600000000001
888,0.7146195791570603,0.3873470623627507,0.0035063440462028903,0.01813662101045404,1800000,3600000,4800600000,506.7300000000001
889,0.7116481251410457,0.3870220753818895,0.003715730859623585,0.018076266254230255,1800000,3600000,4806000000,507.30000000000007
890,0.7147497412895263,0.3889464029558737,0.0025404018084833123,0.018016112345595265,1800000,3600000,4811400000,507.87000000000006
891,0.7130843729596563,0.3879607879696324,0.002179190332516104,0.017956158616171686,1800000,3600000,4816800000,508.44000000000005
892,0.7148712407676131,0.38733935758966537,0.0036803040522425837,0.017896404399806366,1800000,3600000,4822200000,509.01000000000005
893,0.7157855846591505,0.3870054218404794,0.002060325712761644,0.01783684903256293,1800000,3600000,4827600000,509.58000000000004
894,0.7162742863809304,0.3850822950171245,0.0045036875339298735,0.017777491852714475,1800000,3600000,4833000000,510.15000000000003
895,0.7169429323503486,0.37748782803342223,0.004090067571104728,0.017718332200736167,1800000,3600000,4838400000,510.72
896,0.7146321560134761,0.38775332643617805,0.0021354841367900975,0.017659369419297934,1800000,3600000,4843800000,511.2900000000001
897,0.7136910676494259,0.38672194747846056,0.0036127546143018725,0.017600602853257152,1800000,3600000,4849200000,511.86000000000007
898,0.715098995800259,0.3932862135819487,0.00302994583094459,0.017542031849651377,1800000,3600000,4854600000,512.4300000000001
899,0.7153475561471788,0.38626500957253496,0.004959701922019813,0.017483655757691067,1800000,3600000,4860000000,513.0
900,0.7149812401672866,0.38497378421829853,0.0032524353633963713,0.01742547392875238,1800000,3600000,4865400000,513.57
901,0.7144011982211275,0.3813898931806215,0.0025399020378569846,0.01736748571636995,1800000,3600000,4870800000,514.1400000000001
902,0.7153034409759592,0.38494147632258424,0.004365985799101054,0.01730969047622972,1800000,3600000,4876200000,514.71
903,0.7127864413657085,0.3903486815899215,0.002542182999002012,0.01725208756616176,1800000,3600000,4881600000,515.2800000000001
904,0.7174645703116512,0.3882828927223075,0.002430404872398995,0.017194676346133125,1800000,3600000,4887000000,515.85
905,0.7156545226984942,0.37862243402526435,0.003240367491143355,0.017137456178240796,1800000,3600000,4892400000,516.4200000000001
906,0.7114562806235759,0.392403457430691,0.004094368036058975,0.017080426426704536,1800000,3600000,4897800000,516.99
907,0.7158947939083014,0.38452041742342863,0.004182996609687422,0.01702358645785985,1800000,3600000,4903200000,517.5600000000001
908,0.7161219191670587,0.38547718770234257,0.0037465448845517076,0.01696693564015095,1800000,3600000,4908600000,518.1300000000001
909,0.7150987354264661,0.3857667197862634,0.004142427870278936,0.016910473344123725,1800000,3600000,4914000000,518.7
910,0.7163203311905906,0.3827476682029324,0.0038255267888862273,0.016854198942418738,1800000,3600000,4919400000,519.2700000000001
911,0.7165157386147981,0.38497295720580244,0.003508365429175042,0.016798111809764284,1800000,3600000,4924800000,519.84
912,0.7170102657651551,0.3806313637374363,0.0021158866573658883,0.01674221132296943,1800000,3600000,4930200000,520.4100000000001
913,0.7141818459233966,0.38700109263971205,0.0052170403391147025,0.01668649686091707,1800000,3600000,4935600000,520.98
914,0.713439183991328,0.38493727900855834,0.0022768189287565906,0.016630967804557063,1800000,3600000,4941000000,521.5500000000001
915,0.7173164807283888,0.38692523237183174,0.0034371559800522003,0.016575623536899325,1800000,3600000,4946400000,522.12
916,0.7154477528404728,0.38620787803450457,0.004473250900746865,0.016520463443006964,1800000,3600000,4951800000,522.69
917,0.7198221549736549,0.38467799049197354,0.0022238558484899947,0.016465486909989488,1800000,3600000,4957200000,523.2600000000001
918,0.7156393793076358,0.37707313895941713,0.004967320618658227,0.01641069332699597,1800000,3600000,4962600000,523.83
919,0.7148393575888146,0.3823705942558567,0.003222474520727614,0.01635608208520825,1800000,3600000,4968000000,524.4000000000001
920,0.7147321301702972,0.3818708391961625,0.003123406957048553,0.016301652577834193,1800000,3600000,4973400000,524.97
921,0.7167902574512531,0.38348322231092336,0.0037927987810754604,0.016247404200100943,1800000,3600000,4978800000,525.5400000000001
922,0.7162501972086776,0.38622398564570715,0.0037565142309917633,0.016193336349248175,1800000,3600000,4984200000,526.11
923,0.7152368379311796,0.3890765949732151,0.0028884910066048915,0.016139448424521443,1800000,3600000,4989600000,526.6800000000001
924,0.7168882235991588,0.3836048218286098,0.003081309144594872,0.01608573982716547,1800000,3600000,4995000000,527.2500000000001
925,0.714687713720934,0.38658739921465485,0.0030698943465429177,0.016032209960417515,1800000,3600000,5000400000,527.82
926,0.7161297459573597,0.37993490335983215,0.0052602191596342555,0.015978858229500733,1800000,3600000,5005800000,528.3900000000001
927,0.7183969844028633,0.3797076929602409,0.0015339872924357723,0.01592568404161755,1800000,3600000,5011200000,528.96
928,0.7161077367840379,0.3885062084938256,0.0027162894390719778,0.01587268680594312,1800000,3600000,5016600000,529.5300000000001
929,0.7182069666573351,0.3779666241774032,0.0023831472029401434,0.01581986593361872,1800000,3600000,5022000000,530.1
930,0.7180476888393578,0.3758610114767798,0.0038709836351646576,0.01576722083774523,1800000,3600000,5027400000,530.6700000000001
931,0.7158779931864447,0.38036756072701156,0.0028775926712012903,0.015714750933376594,1800000,3600000,5032800000,531.24
932,0.7168167831220461,0.3814428140274732,0.0029710502296681914,0.015662455637513346,1800000,3600000,5038200000,531.8100000000001
933,0.7186395941840014,0.38482491839123356,0.005342629850021791,0.015610334369096087,1800000,3600000,5043600000,532.3800000000001
934,0.7178502449075618,0.3857333445697723,0.002427477830333764,0.015558386548999083,1800000,3600000,5049000000,532.95
935,0.7157335010938456,0.3842772576942483,0.002698564245576847,0.015506611600023803,1800000,3600000,5054400000,533.5200000000001
936,0.7153807863101792,0.3800106368645991,0.004661555072233124,0.0154550089468925,1800000,3600000,5059800000,534.09
937,0.7136153634082081,0.38540792916588484,0.003601050539866863,0.015403578016241832,1800000,3600000,5065200000,534.6600000000001
938,0.7178515920120347,0.38386660959673835,0.005296479674470568,0.01535231823661649,1800000,3600000,5070600000,535.23
939,0.7147622125850108,0.38240193433085845,0.002473688665971144,0.015301229038462828,1800000,3600000,5076000000,535.8000000000001
940,0.7178276577700182,0.3816132096692042,0.0021788068735606476,0.01525030985412257,1800000,3600000,5081400000,536.37
941,0.7170837457869859,0.38390432184016704,0.002672021758997744,0.015199560117826475,1800000,3600000,5086800000,536.94
942,0.7141388714363736,0.3885877538133448,0.004370691787679585,0.015148979265688062,1800000,3600000,5092200000,537.5100000000001
943,0.717041587302436,0.3807982538101784,0.003681034718033258,0.015098566735697346,1800000,3600000,5097600000,538.08
944,0.7168466391571119,0.3853193542642133,0.0026662542764273015,0.015048321967714589,1800000,3600000,5103000000,538.6500000000001
945,0.7165867858416483,0.3856830751337675,0.0019748043210675516,0.014998244403464065,1800000,3600000,5108400000,539.22
946,0.7164215853402964,0.3835279942392806,0.0024566044265220293,0.014948333486527878,1800000,3600000,5113800000,539.7900000000001
947,0.7186918072628425,0.38214422845213997,0.0010699252868223187,0.01489858866233978,1800000,3600000,5119200000,540.36
948,0.7180483842122876,0.3874602811919118,0.0035509442761956327,0.014849009378178984,1800000,3600000,5124600000,540.9300000000001
949,0.7207692173394403,0.3746464292169364,0.004544556699329716,0.014799595083164046,1800000,3600000,5130000000,541.5000000000001
950,0.7179283389745481,0.3827960905048169,0.0030081604098196654,0.01475034522824674,1800000,3600000,5135400000,542.07
951,0.718743476473724,0.38375043811287063,0.004068179221989766,0.014701259266205942,1800000,3600000,5140800000,542.6400000000001
952,0.7152062611091416,0.3808353198249963,0.002634917173369717,0.01465233665164157,1800000,3600000,5146200000,543.21
953,0.7162852456641354,0.3819990190418702,0.002166705057132092,0.014603576840968517,1800000,3600000,5151600000,543.7800000000001
954,0.7200199081759555,0.377335656804485,0.0036408558522886495,0.014554979292410605,1800000,3600000,5157000000,544.35
955,0.7175918553415326,0.38076343966642545,0.0023426685566897247,0.014506543465994582,1800000,3600000,5162400000,544.9200000000001
956,0.7172634836724965,0.3831412194253375,0.002522993119863335,0.014458268823544085,1800000,3600000,5167800000,545.49
957,0.716213118757738,0.3824297495377057,0.00448081031223161,0.014410154828673707,1800000,3600000,5173200000,546.0600000000001
958,0.7157585660821134,0.38378508198973066,0.0030808701337468243,0.014362200946783012,1800000,3600000,5178600000,546.6300000000001
959,0.7190928952085939,0.38246685890067683,0.0022092161015702396,0.014314406645050596,1800000,3600000,5184000000,547.2
960,0.718686725368054,0.3794510999787801,0.003697179979787203,0.014266771392428173,1800000,3600000,5189400000,547.7700000000001
961,0.7166983831946934,0.3785281102460567,0.00259390722642065,0.014219294659634668,1800000,3600000,5194800000,548.34
962,0.7191206341529017,0.38571274566673563,0.0013864134142449979,0.014171975919150332,1800000,3600000,5200200000,548.9100000000001
963,0.7182701909169185,0.38118049368423035,0.0034202975377003926,0.0141248146452109,1800000,3600000,5205600000,549.48
964,0.7187138277862034,0.38278284932682116,0.0031736195098258377,0.014077810313801734,1800000,3600000,5211000000,550.0500000000001
965,0.7185838833461686,0.3893943807360942,0.0018998184494710742,0.014030962402651998,1800000,3600000,5216400000,550.62
966,0.7165659728010306,0.3857976766223313,0.001842192238617851,0.013984270391228862,1800000,3600000,5221800000,551.19
967,0.7172279530415517,0.3790142252861786,0.0003848811210976832,0.013937733760731734,1800000,3600000,5227200000,551.7600000000001
968,0.7176113129431283,0.3846467823080315,0.002191273544993463,0.01389135199408644,1800000,3600000,5232600000,552.33
969,0.717045317852573,0.3853023794512566,0.002027555467481139,0.013845124575939553,1800000,3600000,5238000000,552.9000000000001
970,0.7178658605651196,0.38014909606220826,0.0009068142956266808,0.013799050992652615,1800000,3600000,5243400000,553.47
971,0.7174516088791044,0.380901090283104,0.0006709249030034203,0.013753130732296451,1800000,3600000,5248800000,554.0400000000001
972,0.716635898621525,0.38154960612298205,0.00037641380626888925,0.013707363284645472,1800000,3600000,5254200000,554.61
973,0.7186493782744368,0.38041314955941097,0.002619049557484366,0.013661748141172018,1800000,3600000,5259600000,555.1800000000001
974,0.7194417186276855,0.3814570333032542,0.0035328318500823094,0.013616284795040677,1800000,3600000,5265000000,555.7500000000001
975,0.7166060089520073,0.3834462976493657,0.0027927945917493127,0.013570972741102702,1800000,3600000,5270400000,556.32
976,0.7180552563067824,0.38136438710193293,0.0,0.013525811475890359,1800000,3600000,5275800000,556.8900000000001
977,0.7180376885543646,0.38257475709853905,0.001067274630240363,0.013480800497611346,1800000,3600000,5281200000,557.46
978,0.7178197341464758,0.3882689646121499,0.002377872321552169,0.013435939306143226,1800000,3600000,5286600000,558.0300000000001
979,0.7151999327090198,0.38598495415202816,0.0021760923582177243,0.01339122740302784,1800000,3600000,5292000000,558.6
980,0.7207623148299797,0.37707263469523655,0.0017843593465976639,0.013346664291465818,1800000,3600000,5297400000,559.1700000000001
981,0.7198146006016157,0.38036157048623176,0.0017425738984257928,0.013302249476311008,1800000,3600000,5302800000,559.74
982,0.7185190757905059,0.37539512803468345,0.0034962675184511535,0.013257982464065015,1800000,3600000,5308200000,560.3100000000001
983,0.7177971241960652,0.3865867171066326,0.0030890791831529522,0.013213862762871688,1800000,3600000,5313600000,560.8800000000001
984,0.7200274173830369,0.3810340316986716,0.002613103753126615,0.013169889882511677,1800000,3600000,5319000000,561.45
985,0.7188949869014887,0.3849592465615787,0.0025802831473732456,0.013126063334396957,1800000,3600000,5324400000,562.0200000000001
986,0.7200692189920326,0.3820946915525088,0.0009738805684011516,0.013082382631565439,1800000,3600000,5329800000,562.59
987,0.71941072675517,0.38281660375367066,0.002584042358226204,0.013038847288675532,1800000,3600000,5335200000,563.1600000000001
988,0.7179930376554778,0.38164126630866657,0.0033537012446502694,0.012995456822000755,1800000,3600000,5340600000,563.73
989,0.7154368067179286,0.38319183652899597,0.001805788708552036,0.012952210749424363,1800000,3600000,5346000000,564.3000000000001
990,0.7206511535198491,0.38075342660981704,0.0024292784706875714,0.012909108590434005,1800000,3600000,5351400000,564.8700000000001
991,0.7198191359313647,0.3826321137585387,0.004216941885496256,0.012866149866116342,1800000,3600000,5356800000,565.44
992,0.7211664477932009,0.3719082582879208,0.001765082415187186,0.012823334099151783,1800000,3600000,5362200000,566.0100000000001
993,0.7221951728533657,0.37970462813424877,0.0024724702223837417,0.01278066081380914,1800000,3600000,5367600000,566.58
994,0.7195846613715347,0.38147791504488004,0.0026143008897256425,0.01273812953594036,1800000,3600000,5373000000,567.1500000000001
995,0.7235503469474522,0.3803391395706257,0.002433935979283346,0.012695739792975256,1800000,3600000,5378400000,567.72
996,0.7180433998578485,0.38002003553074765,0.001041665469156112,0.012653491113916249,1800000,3600000,5383800000,568.2900000000001
997,0.7175618895374667,0.3858635310303684,0.0017437088615611315,0.012611383029333125,1800000,3600000,5389200000,568.86
998,0.7189717992013372,0.3801207825949798,0.0031349331764328053,0.012569415071357852,1800000,3600000,5394600000,569.4300000000001
999,0.7207596102078542,0.3830443921521558,0.0019291792108435634,0.012527586773679353,1800000,3600000,5400000000,570.0000000000001
