round,test_accuracy,train_objective,mfg,hfr_tau,downlink_bytes,uplink_bytes,cumulative_serialized_bytes,single_device_elapsed_seconds
0,0.505918076645828,0.5967749498553562,0.045022197740778216,0.22,1800000,18000000,19800000,0.65
1,0.5115508869433326,0.5904265406876573,0.04420366497788028,0.2192678875319951,1800000,18000000,39600000,1.3
2,0.5177272787771899,0.5888724663636637,0.045963924257701995,0.21853821137610757,1800000,18000000,59400000,1.9500000000000002
3,0.5206308464659042,0.5755098457833374,0.045067806762541275,0.21781096342481698,1800000,18000000,79200000,2.6
4,0.5278626327283714,0.5754447955971868,0.04329543567584845,0.21708613559758305,1800000,18000000,99000000,3.25
5,0.5327887346155666,0.5659686590659208,0.04500250988723555,0.21636371984075584,1800000,18000000,118800000,3.9000000000000004
6,0.5375822842977355,0.5618864180659188,0.04350392867191758,0.21564370812748615,1800000,18000000,138600000,4.55
7,0.5447613081164642,0.5545725959177924,0.04497486564860506,0.21492609245763647,1800000,18000000,158400000,5.2
8,0.5472522275004427,0.5525469402551488,0.04443615559281084,0.2142108648576919,1800000,18000000,178200000,5.8500000000000005
9,0.5515941943872004,0.5466578629612044,0.04390235241525411,0.21349801738067178,1800000,18000000,198000000,6.5
10,0.5580635683284032,0.5422376948698917,0.043922829068502395,0.2127875421060413,1800000,18000000,217800000,7.15
11,0.5608671834925393,0.5384868245843374,0.04164029123453698,0.21207943113962338,1800000,18000000,237600000,7.800000000000001
12,0.5693847866394321,0.5322357611809382,0.04349063691789973,0.2113736766135111,1800000,18000000,257400000,8.450000000000001
13,0.5718191718347649,0.5253758175987234,0.04199538574866214,0.2106702706859803,1800000,18000000,277200000,9.1
14,0.5764011460551876,0.5239970690041961,0.042669107040247935,0.20996920554140228,1800000,18000000,297000000,9.75
15,0.5792582070670589,0.5178600747869827,0.043115850452587715,0.20927047339015709,1800000,18000000,316800000,10.4
16,0.5891691961883354,0.5087625651873706,0.04165360331236608,0.208574066468547,1800000,18000000,336600000,11.05
17,0.590012164678284,0.5091659378002229,0.041861771485223534,0.2078799770387102,1800000,18000000,356400000,11.700000000000001
18,0.59470758810955,0.5061676674616629,0.04299689907102624,0.20718819738853472,1800000,18000000,376200000,12.35
19,0.5990067704999366,0.4950518193683212,0.041967554114919835,0.2064987198315729,1800000,18000000,396000000,13.0
20,0.6023772381508979,0.49963585550318884,0.041101347299503745,0.2058115367069559,1800000,18000000,415800000,13.65
21,0.6067509631299177,0.48979484202770684,0.04043995215258048,0.2051266403793086,1800000,18000000,435600000,14.3
22,0.6105386556879886,0.4866601469555497,0.040700572188783875,0.20444402323866478,1800000,18000000,455400000,14.950000000000001
23,0.6146953343156676,0.4867900943975736,0.04222720128656019,0.20376367770038248,1800000,18000000,475200000,15.600000000000001
24,0.6176939290090502,0.4799148894258636,0.04072427943352859,0.20308559620505987,1800000,18000000,495000000,16.25
25,0.6216775917973686,0.4757096563475314,0.04142950490541628,0.20240977121845113,1800000,18000000,514800000,16.900000000000002
26,0.6254151374826501,0.4788457813843244,0.04082072066746866,0.20173619523138275,1800000,18000000,534600000,17.55
27,0.6299403335682445,0.46181473489582847,0.039858969628477584,0.2010648607596702,1800000,18000000,554400000,18.2
28,0.6307479316726758,0.46547124838627785,0.038737009711681085,0.20039576034403467,1800000,18000000,574200000,18.85
29,0.636889570239162,0.46354012300625824,0.04250692287311577,0.19972888655002022,1800000,18000000,594000000,19.5
30,0.6397880066511263,0.4625951099105512,0.04028341067180535,0.1990642319679111,1800000,18000000,613800000,20.150000000000002
31,0.6418381121199593,0.4534673234278325,0.04063537736727211,0.19840178921264964,1800000,18000000,633600000,20.8
32,0.6457477530600515,0.45740543772902453,0.03961009659736445,0.19774155092375395,1800000,18000000,653400000,21.45
33,0.6487801923346787,0.44851295776992683,0.0382172697637262,0.1970835097652362,1800000,18000000,673200000,22.1
34,0.6530623682956707,0.4452210886890295,0.03890829038128158,0.19642765842552126,1800000,18000000,693000000,22.75
35,0.6562067774904814,0.44230770927511676,0.038413239160561316,0.19577398961736522,1800000,18000000,712800000,23.400000000000002
36,0.6596103179044718,0.4409534084253509,0.03920195302341926,0.19512249607777465,1800000,18000000,732600000,24.05
37,0.6624245262676423,0.44025745612820455,0.03931422994350559,0.1944731705679257,1800000,18000000,752400000,24.7
38,0.6638094584067558,0.44085507774050453,0.03988359620393502,0.1938260058730838,1800000,18000000,772200000,25.35
39,0.6708609077911881,0.42821746624949547,0.03765201169568985,0.1931809948025235,1800000,18000000,792000000,26.0
40,0.6686876616455067,0.4275283362207913,0.038549071126540914,0.19253813018944846,1800000,18000000,811800000,26.650000000000002
41,0.6757794837082504,0.41870695104155675,0.037868442644532194,0.19189740489091192,1800000,18000000,831600000,27.3
42,0.6782868326320973,0.42351266327786097,0.03830700015350399,0.1912588117877373,1800000,18000000,851400000,27.95
43,0.6810502442942685,0.4169980073888944,0.036323721948656434,0.1906223437844391,1800000,18000000,871200000,28.6
44,0.6848935011111322,0.40946602976766183,0.03778974622356479,0.1899879938091441,1800000,18000000,891000000,29.25
45,0.6859787945963907,0.41616177905287177,0.03669210245871989,0.18935575481351272,1800000,18000000,910800000,29.900000000000002
46,0.6871702390545613,0.4107797820570791,0.03620220384758609,0.1887256197726607,1800000,18000000,930600000,30.55
47,0.6910320443648609,0.40298335101108146,0.03703331711870062,0.1880975816850811,1800000,18000000,950400000,31.200000000000003
48,0.6904063837292087,0.4058081778517317,0.03607679856255112,0.1874716335725665,1800000,18000000,970200000,31.85
49,0.6963501589262904,0.4040826114732543,0.038058617716767426,0.18684776848013143,1800000,18000000,990000000,32.5
50,0.699541771013888,0.39686686136175675,0.03566166805257273,0.1862259794759351,1800000,18000000,1009800000,33.15
51,0.7011023959899229,0.40061047418572776,0.03651421303828044,0.18560625965120442,1800000,18000000,1029600000,33.800000000000004
52,0.7034250877293532,0.39683993210846374,0.03722223584838701,0.18498860212015716,1800000,18000000,1049400000,34.45
53,0.7052419048042098,0.396900185442287,0.03625603888288267,0.18437300001992551,1800000,18000000,1069200000,35.1
54,0.707307426251794,0.39177434698084296,0.03756069202942758,0.18375944651047985,1800000,18000000,1089000000,35.75
55,0.7143196392699034,0.38371843253742577,0.03631146818354447,0.1831479347745526,1800000,18000000,1108800000,36.4
56,0.7133465510246864,0.39254237002746084,0.03688816314904904,0.18253845801756263,1800000,18000000,1128600000,37.050000000000004
57,0.7153128372543238,0.38315782093524686,0.036361220331950446,0.1819310094675397,1800000,18000000,1148400000,37.7
58,0.718350607945459,0.38675412091111905,0.03444803625095871,0.18132558237504928,1800000,18000000,1168200000,38.35
59,0.7177658681866737,0.38496174506456843,0.037032278164763885,0.18072217001311738,1800000,18000000,1188000000,39.0
60,0.7204872534515919,0.37774328638769367,0.034976287846827325,0.18012076567715601,1800000,18000000,1207800000,39.65
61,0.7199133371119323,0.38152134800351545,0.03605224283510272,0.1795213626848886,1800000,18000000,1227600000,40.300000000000004
62,0.7248010033989358,0.3768508234229933,0.03508592030198809,0.17892395437627573,1800000,18000000,1247400000,40.95
63,0.7300488199586207,0.3695411625427802,0.034983366629035666,0.17832853411344116,1800000,18000000,1267200000,41.6
64,0.7301515851213904,0.3692444058300542,0.03640151469553784,0.17773509528059805,1800000,18000000,1287000000,42.25
65,0.7299489320849347,0.37242276330185714,0.033749950946105,0.17714363128397553,1800000,18000000,1306800000,42.9
66,0.7331180130729912,0.3684138406426846,0.03484843381050657,0.17655413555174526,1800000,18000000,1326600000,43.550000000000004
67,0.7348950473827368,0.36099762224414567,0.03415501050685138,0.17596660153394866,1800000,18000000,1346400000,44.2
68,0.7353500108434977,0.3617622851512429,0.03342363445402005,0.1753810227024239,1800000,18000000,1366200000,44.85
69,0.7389716524663654,0.36104027920920717,0.033541771174859146,0.17479739255073348,1800000,18000000,1386000000,45.5
70,0.7383061561934442,0.3628544604130915,0.033801945894380736,0.17421570459409197,1800000,18000000,1405800000,46.15
71,0.7439009794106022,0.358109698767576,0.033561843036984076,0.17363595236929383,1800000,18000000,1425600000,46.800000000000004
72,0.7471361772852307,0.3579886889097998,0.033043887289653615,0.17305812943464177,1800000,18000000,1445400000,47.45
73,0.7477321396572835,0.3538330375693904,0.03401394333224274,0.17248222936987492,1800000,18000000,1465200000,48.1
74,0.7487981484240168,0.35502230846429816,0.032824805165774816,0.1719082457760978,1800000,18000000,1485000000,48.75
75,0.7496492408668199,0.3533731589805664,0.03527558122638245,0.17133617227570908,1800000,18000000,1504800000,49.4
76,0.7529806296187848,0.3472479758840706,0.03248349265403402,0.17076600251233054,1800000,18000000,1524600000,50.050000000000004
77,0.7544865610982774,0.33791319197113856,0.033695409550401186,0.17019773015073678,1800000,18000000,1544400000,50.7
78,0.7533141565230973,0.3435685635117702,0.03373251457483881,0.16963134887678458,1800000,18000000,1564200000,51.35
79,0.7570178651035899,0.33981114556389236,0.03499466883866464,0.16906685239734287,1800000,18000000,1584000000,52.0
80,0.7570943171220361,0.3449403323884932,0.03378582833378268,0.16850423444022272,1800000,18000000,1603800000,52.65
81,0.7573255578140331,0.3409226086408752,0.030968550288287773,0.1679434887541077,1800000,18000000,1623600000,53.300000000000004
82,0.760834492869691,0.3400357789891631,0.032390569602646954,0.16738460910848446,1800000,18000000,1643400000,53.95
83,0.7646112232792067,0.3322415613945084,0.03374076541401052,0.16682758929357333,1800000,18000000,1663200000,54.6
84,0.7638036763785435,0.3345686397788813,0.03241790680945731,0.1662724231202596,1800000,18000000,1683000000,55.25
85,0.7660009647457635,0.3406002289027478,0.0331216976528638,0.1657191044200245,1800000,18000000,1702800000,55.9
86,0.7644767808903561,0.3323149412133536,0.033081773436419167,0.16516762704487678,1800000,18000000,1722600000,56.550000000000004
87,0.7684448391431901,0.3296885368437989,0.03166683269445464,0.16461798486728435,1800000,18000000,1742400000,57.2
88,0.7689610300619693,0.32813326665718695,0.031182086930839202,0.16407017178010627,1800000,18000000,1762200000,57.85
89,0.7690303167537753,0.3294424205596192,0.03126931779659809,0.16352418169652483,1800000,18000000,1782000000,58.5
90,0.7712629236125855,0.32963904732388516,0.030704099657492805,0.16298000854997793,1800000,18000000,1801800000,59.15
91,0.7734544628004233,0.3296342661875012,0.03328278017900051,0.16243764629409166,1800000,18000000,1821600000,59.800000000000004
92,0.7729957086815518,0.32862145134577275,0.03107953299149521,0.16189708890261317,1800000,18000000,1841400000,60.45
93,0.7737596926493596,0.32935696151880656,0.030380274376594917,0.16135833036934363,1800000,18000000,1861200000,61.1
94,0.7772948258868421,0.32561609838480426,0.03142134304468988,0.1608213647080716,1800000,18000000,1881000000,61.75
95,0.7773192379403404,0.32886352410567776,0.03145380919890747,0.16028618595250646,1800000,18000000,1900800000,62.400000000000006
96,0.7796482233019831,0.31906144050967067,0.030595176963623554,0.159752788156212,1800000,18000000,1920600000,63.050000000000004
97,0.7794120258522225,0.319500879425169,0.03169678635817291,0.15922116539254064,1800000,18000000,1940400000,63.7
98,0.7807976398976378,0.3173029528568657,0.029002794226134304,0.15869131175456724,1800000,18000000,1960200000,64.35000000000001
99,0.7821589460336303,0.3120129425127941,0.02947833536368837,0.15816322135502375,1800000,18000000,1980000000,65.0
100,0.7840914463619774,0.31696391555508185,0.02986619101193896,0.15763688832623365,1800000,18000000,1999800000,65.65
101,0.7848645598171519,0.3147649610806811,0.02902595211641217,0.1571123068200467,1800000,18000000,2019600000,66.3
102,0.7881076298955787,0.3096898892381062,0.03092948954657977,0.15658947100777412,1800000,18000000,2039400000,66.95
103,0.7871986851943023,0.3125026890877564,0.0283521928354073,0.1560683750801238,1800000,18000000,2059200000,67.60000000000001
104,0.7879853416618018,0.3079254720991837,0.02972216929280654,0.1555490132471355,1800000,18000000,2079000000,68.25
105,0.7900642323694805,0.31157470890811395,0.028996035583840597,0.15503137973811695,1800000,18000000,2098800000,68.9
106,0.7899194230415642,0.3155382810775782,0.02985355536019023,0.15451546880157935,1800000,18000000,2118600000,69.55
107,0.7924825801623484,0.3086941404183196,0.0300917452525219,0.15400127470517364,1800000,18000000,2138400000,70.2
108,0.7883287533952562,0.3136012677569404,0.028968819150791546,0.15348879173562682,1800000,18000000,2158200000,70.85000000000001
109,0.7938213055337197,0.30679339685550233,0.028968774146441705,0.1529780141986784,1800000,18000000,2178000000,71.5
110,0.7937568577549409,0.308909834185788,0.02856916310092469,0.15246893641901713,1800000,18000000,2197800000,72.15
111,0.7959682849408629,0.30506422724582755,0.02892429151427109,0.15196155274021803,1800000,18000000,2217600000,72.8
112,0.7982012065531905,0.3048043717543001,0.0294271656936804,0.1514558575246794,1800000,18000000,2237400000,73.45
113,0.7950314207701059,0.3045162725268988,0.026949130091908358,0.1509518451535604,1800000,18000000,2257200000,74.10000000000001
114,0.7956264860678156,0.3052677709459659,0.029271174874797537,0.15044951002671828,1800000,18000000,2277000000,74.75
115,0.7963255121336582,0.3034019420484354,0.02889563708442659,0.14994884656264654,1800000,18000000,2296800000,75.4
116,0.7972759696029779,0.3032706460805185,0.02984840894924109,0.14944984919841262,1800000,18000000,2316600000,76.05
117,0.8015449672682198,0.30014536968349637,0.028603089529875066,0.14895251238959623,1800000,18000000,2336400000,76.7
118,0.8019402623574996,0.29976265251451323,0.027055293636190515,0.1484568306102277,1800000,18000000,2356200000,77.35000000000001
119,0.8007181779184986,0.30605535589192884,0.026890112375274885,0.14796279835272666,1800000,18000000,2376000000,78.0
120,0.8022541094226259,0.29391838624062294,0.028204547353531166,0.14747041012784065,1800000,18000000,2395800000,78.65
121,0.8060727091639137,0.2965333072566261,0.026050122947658388,0.14697966046458436,1800000,18000000,2415600000,79.3
122,0.8021817424408912,0.29690187203102486,0.027468649118157124,0.14649054391017868,1800000,18000000,2435400000,79.95
123,0.8051264270647044,0.2969619875393349,0.027212302924979156,0.14600305502999028,1800000,18000000,2455200000,80.60000000000001
124,0.804086698161201,0.292062759093887,0.02724231059379498,0.14551718840747094,1800000,18000000,2475000000,81.25
125,0.8032332950029535,0.2971105301301566,0.02745987436998095,0.14503293864409764,1800000,18000000,2494800000,81.9
126,0.8062078796939919,0.2980014828630974,0.02824848843826728,0.1445503003593125,1800000,18000000,2514600000,82.55
127,0.8063527824320441,0.2915701412621997,0.026242110374454494,0.14406926819046292,1800000,18000000,2534400000,83.2
128,0.8052774878586261,0.2943599470371941,0.02763951095033819,0.14358983679274215,1800000,18000000,2554200000,83.85000000000001
129,0.8064048072167523,0.2950112539192834,0.028271231210533144,0.14311200083912964,1800000,18000000,2574000000,84.5
130,0.8080927243027756,0.2949191652690392,0.02733610781109519,0.14263575502033213,1800000,18000000,2593800000,85.15
131,0.8103720097491921,0.28597113453323686,0.025856671694973705,0.14216109404472455,1800000,18000000,2613600000,85.8
132,0.8112034536133235,0.28782064856607165,0.026433794986825875,0.14168801263829112,1800000,18000000,2633400000,86.45
133,0.8090357724313436,0.2911050668127083,0.025484648788616296,0.14121650554456688,1800000,18000000,2653200000,87.10000000000001
134,0.8112540829119214,0.28901309762286714,0.0275366650730431,0.14074656752457937,1800000,18000000,2673000000,87.75
135,0.8124728939903876,0.2914146163948498,0.0255200786241954,0.14027819335679012,1800000,18000000,2692800000,88.4
136,0.8141543698489104,0.28327707699680005,0.024403627321343282,0.13981137783703693,1800000,18000000,2712600000,89.05
137,0.813855928666274,0.2912452304881479,0.026978588169985388,0.13934611577847586,1800000,18000000,2732400000,89.7
138,0.8141321744389656,0.28805049933314036,0.02527282403440377,0.13888240201152371,1800000,18000000,2752200000,90.35000000000001
139,0.8152319663149076,0.27807034402185593,0.023943358648981367,0.13842023138380052,1800000,18000000,2772000000,91.0
140,0.8158179550612716,0.28222857003724733,0.02652458222856236,0.13795959876007233,1800000,18000000,2791800000,91.65
141,0.81373632760746,0.28553100805501375,0.02480934856144841,0.13750049902219416,1800000,18000000,2811600000,92.3
142,0.8140649530891314,0.28599726499647654,0.02488145088536068,0.13704292706905308,1800000,18000000,2831400000,92.95
143,0.8137634443499692,0.2860692367191241,0.025557422466050847,0.13658687781651155,1800000,18000000,2851200000,93.60000000000001
144,0.8184899658401744,0.27885820710720627,0.023206022555654213,0.13613234619735098,1800000,18000000,2871000000,94.25
145,0.8192086073479689,0.2806631341978923,0.025074165744995533,0.1356793271612154,1800000,18000000,2890800000,94.9
146,0.8165016284195943,0.2792711401667567,0.024305752876825255,0.1352278156745552,1800000,18000000,2910600000,95.55
147,0.8228179988914358,0.2779073329571246,0.02495257271266086,0.13477780672057155,1800000,18000000,2930400000,96.2
148,0.8179196731512373,0.28202951621311295,0.0248151730889909,0.13432929529916027,1800000,18000000,2950200000,96.85000000000001
149,0.8221466276985055,0.27984474895469735,0.024631404595568573,0.13388227642685652,1800000,18000000,2970000000,97.5
150,0.8212019384073573,0.27848752267272325,0.024829707593605255,0.13343674513677936,1800000,18000000,2989800000,98.15
151,0.8195564358936899,0.28033508524788603,0.027178072848474125,0.1329926964785765,1800000,18000000,3009600000,98.8
152,0.8203799916035659,0.28435094209706296,0.0244455881868881,0.13255012551836945,1800000,18000000,3029400000,99.45
153,0.8214167973201935,0.2761401089998156,0.024948029989788945,0.1321090273386985,1800000,18000000,3049200000,100.10000000000001
154,0.8231142050363475,0.2748953804236555,0.0247031410231131,0.13166939703846825,1800000,18000000,3069000000,100.75
155,0.82203756978818,0.2793475220001037,0.02479779366227772,0.13123122973289303,1800000,18000000,3088800000,101.4
156,0.822627294581959,0.27693613566621145,0.023758755691807815,0.13079452055344276,1800000,18000000,3108600000,102.05
157,0.8232829064235178,0.27511014162796416,0.024080204689375294,0.13035926464778871,1800000,18000000,3128400000,102.7
158,0.825434467895582,0.27450531528954075,0.022442436352010264,0.12992545717974963,1800000,18000000,3148200000,103.35000000000001
159,0.8246591189072053,0.27378698051348765,0.023938669025291643,0.12949309332923814,1800000,18000000,3168000000,104.0
160,0.8231260046287181,0.27592299238046364,0.02636239497061,0.129062168292207,1800000,18000000,3187800000,104.65
161,0.8233335389753532,0.27385733181246125,0.02564942144978524,0.1286326772805958,1800000,18000000,3207600000,105.3
162,0.8246297961826636,0.27486846512753643,0.021839977259117467,0.12820461552227772,1800000,18000000,3227400000,105.95
163,0.8273250790166172,0.27052070797192784,0.024489767441521083,0.12777797826100667,1800000,18000000,3247200000,106.60000000000001
164,0.8250140737636514,0.27466704419754767,0.02303672619352549,0.12735276075636423,1800000,18000000,3267000000,107.25
165,0.8257128674066361,0.27736481866565976,0.021571774519956087,0.12692895828370707,1800000,18000000,3286800000,107.9
166,0.825031887992358,0.2775512029879577,0.022817998131601784,0.12650656613411448,1800000,18000000,3306600000,108.55
167,0.8265695253736098,0.26854087360763207,0.022437269031600093,0.12608557961433597,1800000,18000000,3326400000,109.2
168,0.8264414062209289,0.2709140650990991,0.022767924703648072,0.12566599404673928,1800000,18000000,3346200000,109.85000000000001
169,0.8271924380847441,0.27318594619279446,0.02227931926121755,0.12524780476925818,1800000,18000000,3366000000,110.5
170,0.8283686156341674,0.2687514513319783,0.023150798120975587,0.12483100713534084,1800000,18000000,3385800000,111.15
171,0.8271909759511182,0.2739797016861295,0.0238321108447139,0.12441559651389816,1800000,18000000,3405600000,111.8
172,0.8257576945818652,0.27331351593039427,0.02201818939487443,0.12400156828925231,1800000,18000000,3425400000,112.45
173,0.8301875490971122,0.266877173542325,0.02259817441706492,0.12358891786108542,1800000,18000000,3445200000,113.10000000000001
174,0.8286592632816068,0.27545432471432946,0.021780688131072114,0.12317764064438845,1800000,18000000,3465000000,113.75
175,0.8283830071768493,0.27131394496547767,0.021105145510688664,0.12276773206941036,1800000,18000000,3484800000,114.4
176,0.830746840377534,0.268852413749667,0.020751211625926403,0.1223591875816072,1800000,18000000,3504600000,115.05
177,0.8348097495062051,0.2640112444417326,0.02105651198820059,0.12195200264159156,1800000,18000000,3524400000,115.7
178,0.8331493326427976,0.26611635728207556,0.022265222861586793,0.12154617272508213,1800000,18000000,3544200000,116.35000000000001
179,0.8303732116368082,0.269636300862926,0.022456938535943542,0.12114169332285347,1800000,18000000,3564000000,117.0
180,0.8320077215632271,0.2642322914943262,0.022033633937020625,0.12073855994068583,1800000,18000000,3583800000,117.65
181,0.8289560559244074,0.27322088225356406,0.021919021539408355,0.12033676809931522,1800000,18000000,3603600000,118.3
182,0.831228014499521,0.2664078715688156,0.02281142622359071,0.11993631333438377,1800000,18000000,3623400000,118.95
183,0.8333886058641993,0.26577404756786627,0.021748037778132275,0.11953719119638996,1800000,18000000,3643200000,119.60000000000001
184,0.8331200302143763,0.26604366299037796,0.02265357830048835,0.11913939725063923,1800000,18000000,3663000000,120.25
185,0.8341047000187808,0.265107006919799,0.022339509144305734,0.11874292707719478,1800000,18000000,3682800000,120.9
186,0.8335193173837195,0.26264267564515414,0.023193846176230673,0.11834777627082839,1800000,18000000,3702600000,121.55
187,0.8321781728440095,0.27171426533312565,0.021987267166215796,0.11795394044097147,1800000,18000000,3722400000,122.2
188,0.8311289040670866,0.26790974215606345,0.020893309046788607,0.11756141521166627,1800000,18000000,3742200000,122.85000000000001
189,0.8323153750747824,0.27136403054428143,0.020573970177099474,0.11717019622151738,1800000,18000000,3762000000,123.5
190,0.8331248738118923,0.26545245012831914,0.021442600034326704,0.11678027912364307,1800000,18000000,3781800000,124.15
191,0.8347443925321443,0.2645106009978105,0.0204247591844904,0.11639165958562711,1800000,18000000,3801600000,124.80000000000001
192,0.8328480918393183,0.26319904097602936,0.01884790094941453,0.11600433328947068,1800000,18000000,3821400000,125.45
193,0.8335920579672624,0.26645038636261836,0.022625783532973016,0.11561829593154425,1800000,18000000,3841200000,126.10000000000001
194,0.8376881425425682,0.2637649624705192,0.020504992260050533,0.11523354322253988,1800000,18000000,3861000000,126.75
195,0.8347508562960746,0.266743237557646,0.018933558037902424,0.11485007088742354,1800000,18000000,3880800000,127.4
196,0.8344110903788348,0.2641628360706849,0.019809128625353566,0.11446787466538752,1800000,18000000,3900600000,128.05
197,0.8374300948400679,0.25658861075097744,0.018994444415159673,0.11408695030980319,1800000,18000000,3920400000,128.70000000000002
198,0.8359770561956212,0.2698992784771558,0.019364641124008326,0.11370729358817382,1800000,18000000,3940200000,129.35
199,0.8360061525894139,0.26653526381444004,0.020772037960519584,0.1133289002820875,1800000,18000000,3960000000,130.0
200,0.8362754666761478,0.2655194629604469,0.018928899140228,0.11295176618717025,1800000,18000000,3979800000,130.65
201,0.834300099190292,0.25995741411338863,0.02171414212275941,0.11257588711303934,1800000,18000000,3999600000,131.3
202,0.8372635896949815,0.26161580742412405,0.019044677369532227,0.11220125888325679,1800000,18000000,4019400000,131.95000000000002
203,0.8339828031508048,0.2658673330964029,0.018226732563898396,0.11182787733528282,1800000,18000000,4039200000,132.6
204,0.832913121859622,0.2677959546764938,0.019410209308449843,0.1114557383204297,1800000,18000000,4059000000,133.25
205,0.8321270890726797,0.26999110497076034,0.02171572809007143,0.11108483770381573,1800000,18000000,4078800000,133.9
206,0.8364062944597473,0.2614407001093943,0.01989965923123143,0.11071517136431909,1800000,18000000,4098600000,134.55
207,0.834673356113123,0.2663644896922647,0.019488410000883603,0.11034673519453223,1800000,18000000,4118400000,135.20000000000002
208,0.8384938847226258,0.262800493165661,0.019511307670295592,0.10997952510071608,1800000,18000000,4138200000,135.85
209,0.8355006201820405,0.2638218057312165,0.018689522535303843,0.10961353700275477,1800000,18000000,4158000000,136.5
210,0.8347309731594962,0.2650096072368501,0.021544493918727602,0.1092487668341101,1800000,18000000,4177800000,137.15
211,0.8346430830502011,0.261164239687521,0.019150015250952203,0.10888521054177641,1800000,18000000,4197600000,137.8
212,0.832210609878888,0.27061628712934743,0.016400523690958197,0.10852286408623565,1800000,18000000,4217400000,138.45000000000002
213,0.8348857435035857,0.26183641095954624,0.019547848372552804,0.10816172344141232,1800000,18000000,4237200000,139.1
214,0.8356842658674027,0.2651384707177036,0.01839050367821734,0.1078017845946289,1800000,18000000,4257000000,139.75
215,0.8349695999790939,0.27073997012117546,0.017867942740889018,0.10744304354656116,1800000,18000000,4276800000,140.4
216,0.8360119750794768,0.26244670785562807,0.019143950202703673,0.10708549631119377,1800000,18000000,4296600000,141.05
217,0.8320307575961664,0.27073506503840516,0.019592191486409383,0.10672913891577596,1800000,18000000,4316400000,141.70000000000002
218,0.8372717873874702,0.26359523291450926,0.018140157280188453,0.1063739674007775,1800000,18000000,4336200000,142.35
219,0.8368406042904185,0.26258034846493883,0.01837424368004927,0.10601997781984454,1800000,18000000,4356000000,143.0
220,0.8344333572731477,0.266588337442573,0.01861702735660991,0.10566716623975587,1800000,18000000,4375800000,143.65
221,0.8343231459962114,0.26260421626566255,0.01973692391671586,0.10531552874037918,1800000,18000000,4395600000,144.3
222,0.8350784288931506,0.2690539113043789,0.01827506019238529,0.10496506141462757,1800000,18000000,4415400000,144.95000000000002
223,0.833469936035982,0.2680667032904018,0.017829994460048737,0.10461576036841601,1800000,18000000,4435200000,145.6
224,0.8343216988633784,0.2633767530369598,0.017609810750837302,0.10426762172061814,1800000,18000000,4455000000,146.25
225,0.8374328921256082,0.2645700239458317,0.01802025867216351,0.10392064160302324,1800000,18000000,4474800000,146.9
226,0.8342079191404929,0.26742154068478013,0.019829811160423684,0.10357481616029306,1800000,18000000,4494600000,147.55
227,0.8356880950000726,0.2626766295314876,0.017058067291924522,0.10323014154991914,1800000,18000000,4514400000,148.20000000000002
228,0.8336911451051432,0.2651352691534652,0.017473561905331163,0.10288661394218003,1800000,18000000,4534200000,148.85
229,0.8336789707340866,0.2631368078535668,0.018421492454823264,0.10254422952009878,1800000,18000000,4554000000,149.5
230,0.8338110582758897,0.2719457116712242,0.018057581976645733,0.10220298447940052,1800000,18000000,4573800000,150.15
231,0.8356244224285337,0.2621069333184807,0.018288940729996324,0.10186287502847018,1800000,18000000,4593600000,150.8
232,0.8350680182007363,0.26449702147952725,0.01749572998593293,0.10152389738831034,1800000,18000000,4613400000,151.45000000000002
233,0.831667468614469,0.2677800883187015,0.015453009980271321,0.1011860477924993,1800000,18000000,4633200000,152.1
234,0.8344438063682716,0.2704075165258511,0.018412934131214993,0.10084932248714917,1800000,18000000,4653000000,152.75
235,0.8343985535061492,0.2682301347755401,0.017474453577654963,0.10051371773086425,1800000,18000000,4672800000,153.4
236,0.8359715443869983,0.2662659562357697,0.016100804996877358,0.1001792297946993,1800000,18000000,4692600000,154.05
237,0.8321084156858425,0.26866532348851635,0.016402201889532623,0.09984585496211829,1800000,18000000,4712400000,154.70000000000002
238,0.8348895954257765,0.2616414027991208,0.0174050925360973,0.09951358952895295,1800000,18000000,4732200000,155.35
239,0.8341648514297452,0.2663091153656272,0.01772918674665592,0.09918242980336175,1800000,18000000,4752000000,156.0
240,0.8340551935776146,0.2682934753299042,0.018712050350389624,0.09885237210578875,1800000,18000000,4771800000,156.65
241,0.8356415329030941,0.26780391965619915,0.01760948661619518,0.09852341276892282,1800000,18000000,4791600000,157.3
242,0.8338364852694011,0.2649912451722643,0.018204406061611896,0.09819554813765684,1800000,18000000,4811400000,157.95000000000002
243,0.8349610067989897,0.2668540910025062,0.017689527360450638,0.09786877456904704,1800000,18000000,4831200000,158.6
244,0.8344000433816229,0.2638493562576617,0.01544342730604821,0.09754308843227269,1800000,18000000,4851000000,159.25
245,0.835601279411162,0.2690145749806274,0.01604593366727219,0.09721848610859557,1800000,18000000,4870800000,159.9
246,0.8381235368274491,0.261256817424414,0.015964989862363076,0.09689496399131985,1800000,18000000,4890600000,160.55
247,0.8347908800058007,0.26780475785090957,0.016143507149544996,0.09657251848575199,1800000,18000000,4910400000,161.20000000000002
248,0.8336239866991364,0.26150173746574973,0.016453826580556268,0.09625114600916085,1800000,18000000,4930200000,161.85
249,0.8341134731741441,0.26837464468385985,0.016184748540515437,0.09593084299073784,1800000,18000000,4950000000,162.5
250,0.831494466916248,0.2696914604712432,0.016929352550283498,0.0956116058715572,1800000,18000000,4969800000,163.15
251,0.8347772513973902,0.26803420558114455,0.016211992921714564,0.0952934311045366,1800000,18000000,4989600000,163.8
252,0.8345377260697497,0.26424241531093756,0.016246010959565745,0.09497631515439754,1800000,18000000,5009400000,164.45000000000002
253,0.8335798899756819,0.2637887192616909,0.016445896910645078,0.0946602544976262,1800000,18000000,5029200000,165.1
254,0.8345950977819316,0.2650537880013335,0.016058909343560426,0.09434524562243425,1800000,18000000,5049000000,165.75
255,0.8340701483295364,0.2633290881044649,0.016180619050408674,0.09403128502871988,1800000,18000000,5068800000,166.4
256,0.8383681702740734,0.26029003573800336,0.016346428716078255,0.09371836922802874,1800000,18000000,5088600000,167.05
257,0.834374790303116,0.26623505176582724,0.015017106567643823,0.09340649474351545,1800000,18000000,5108400000,167.70000000000002
258,0.8343733125704689,0.2632160590107148,0.016654646535254163,0.09309565810990474,1800000,18000000,5128200000,168.35
259,0.8331698469081629,0.26571202348226,0.01601321612480258,0.09278585587345302,1800000,18000000,5148000000,169.0
260,0.8357260194547105,0.25944382666702054,0.01625788497759133,0.09247708459191002,1800000,18000000,5167800000,169.65
261,0.8303181586984054,0.2680531274260356,0.014927147104322532,0.09216934083448058,1800000,18000000,5187600000,170.3
262,0.8339633914149781,0.2655963708154806,0.014500725066276022,0.09186262118178642,1800000,18000000,5207400000,170.95000000000002
263,0.8369132404271405,0.2645890489515579,0.015820364202352725,0.09155692222582827,1800000,18000000,5227200000,171.6
264,0.8343502485830062,0.2605596419997102,0.01489579996244038,0.0912522405699479,1800000,18000000,5247000000,172.25
265,0.8350149514181714,0.26667631111343854,0.01582251623350835,0.09094857282879044,1800000,18000000,5266800000,172.9
266,0.8333823591423255,0.27297990127004285,0.015768344155958847,0.09064591562826678,1800000,18000000,5286600000,173.55
267,0.8332410750146071,0.267839163685906,0.015365526763514813,0.090344265605516,1800000,18000000,5306400000,174.20000000000002
268,0.8374167201055969,0.25748807405293883,0.01649955965716695,0.0900436194088681,1800000,18000000,5326200000,174.85
269,0.8341428736701024,0.2627119475071639,0.015463687837684027,0.08974397369780665,1800000,18000000,5346000000,175.5
270,0.8373835698214652,0.2620020028282818,0.014674761564996633,0.08944532514293181,1800000,18000000,5365800000,176.15
271,0.8325514162968103,0.26564739150026834,0.014990955228355743,0.08914767042592323,1800000,18000000,5385600000,176.8
272,0.8347518896216503,0.2692608418691652,0.013994177434211007,0.08885100623950319,1800000,18000000,5405400000,177.45000000000002
273,0.8335865669948176,0.26136448125733985,0.015587758251076403,0.08855532928739991,1800000,18000000,5425200000,178.1
274,0.8364868313043238,0.26163236291923536,0.015306597483608029,0.08826063628431091,1800000,18000000,5445000000,178.75
275,0.8330788432152844,0.2626301582811047,0.016105279295420518,0.08796692395586642,1800000,18000000,5464800000,179.4
276,0.8359989392270464,0.2603957240539412,0.014493613243524644,0.08767418903859311,1800000,18000000,5484600000,180.05
277,0.8341914186962639,0.26286352862943707,0.015494010748766765,0.0873824282798778,1800000,18000000,5504400000,180.70000000000002
278,0.8349011709199822,0.265037639909199,0.01393889459730447,0.08709163843793126,1800000,18000000,5524200000,181.35
279,0.8364392691934001,0.26844089697109413,0.016728687773042983,0.08680181628175224,1800000,18000000,5544000000,182.0
280,0.8334178940481968,0.27126136502035775,0.014765058354698272,0.08651295859109161,1800000,18000000,5563800000,182.65
281,0.8365422371860455,0.2641928441166449,0.015262780844499535,0.0862250621564165,1800000,18000000,5583600000,183.3
282,0.8345894435322395,0.2654093463630882,0.015402984029571843,0.08593812377887465,1800000,18000000,5603400000,183.95000000000002
283,0.8354529171656547,0.26084637968524976,0.014392383426085745,0.08565214027025891,1800000,18000000,5623200000,184.6
284,0.8360429670250128,0.2630656889686879,0.015134259141519363,0.08536710845297184,1800000,18000000,5643000000,185.25
285,0.8332195459801246,0.26782573551096683,0.014993310693628074,0.08508302515999028,1800000,18000000,5662800000,185.9
286,0.8344736539878217,0.2686335011577908,0.015169185984013794,0.08479988723483026,1800000,18000000,5682600000,186.55
287,0.8343085108773763,0.26559814670474563,0.015399792457668865,0.08451769153151197,1800000,18000000,5702400000,187.20000000000002
288,0.8333676750483922,0.2685468825571598,0.013558910964262157,0.08423643491452465,1800000,18000000,5722200000,187.85
289,0.8341990079712263,0.2616224314211948,0.015465171261471072,0.08395611425879189,1800000,18000000,5742000000,188.5
290,0.8359239547316224,0.2636165660608609,0.014578460268518108,0.08367672644963688,1800000,18000000,5761800000,189.15
291,0.8329547659812112,0.2680653919214165,0.014053818360755954,0.08339826838274775,1800000,18000000,5781600000,189.8
292,0.8338344211549539,0.27337948369693044,0.014516379297640911,0.08312073696414307,1800000,18000000,5801400000,190.45000000000002
293,0.8341853800814093,0.26412065657828776,0.014701116560979591,0.08284412911013761,1800000,18000000,5821200000,191.1
294,0.8332517621113286,0.2614409495435121,0.013616827615203176,0.0825684417473079,1800000,18000000,5841000000,191.75
295,0.8336827999781258,0.26857957641148794,0.012862379078395558,0.08229367181245818,1800000,18000000,5860800000,192.4
296,0.8342056619095382,0.2611459157179525,0.01366796946965279,0.08201981625258635,1800000,18000000,5880600000,193.05
297,0.834567407638648,0.26483433644044385,0.015873023575457026,0.08174687202485005,1800000,18000000,5900400000,193.70000000000002
298,0.8340599621040174,0.26700127274541796,0.011863536636856806,0.08147483609653282,1800000,18000000,5920200000,194.35
299,0.8329753536305777,0.26842745741417495,0.013545580998777071,0.08120370544501043,1800000,18000000,5940000000,195.0
300,0.8355089575300272,0.26086474700589835,0.013216865650864676,0.08093347705771732,1800000,18000000,5959800000,195.65
301,0.8334711563965188,0.26746598879137223,0.013599144946226348,0.08066414793211302,1800000,18000000,5979600000,196.3
302,0.8338792270485686,0.26794792341834917,0.01474672056935374,0.080395715075649,1800000,18000000,5999400000,196.95000000000002
303,0.8383501756482594,0.2589695593918911,0.013067446934185456,0.08012817550573513,1800000,18000000,6019200000,197.6
304,0.8370376691051367,0.26108643787827407,0.01527176621245463,0.0798615262497068,1800000,18000000,6039000000,198.25
305,0.8360010786162851,0.2589646817365437,0.013701555126440236,0.07959576434479178,1800000,18000000,6058800000,198.9
306,0.8335441132859887,0.2694484521527161,0.01392278984519075,0.07933088683807722,1800000,18000000,6078600000,199.55
307,0.8340315803219392,0.2605201837371589,0.01352583699188055,0.07906689078647704,1800000,18000000,6098400000,200.20000000000002
308,0.8369711502461787,0.26170725451676957,0.01349112441594689,0.07880377325669904,1800000,18000000,6118200000,200.85
309,0.8340193844255541,0.26840794090220443,0.014412815024673984,0.07854153132521242,1800000,18000000,6138000000,201.5
310,0.8358817705437016,0.26500188694270055,0.011360104151314386,0.07828016207821521,1800000,18000000,6157800000,202.15
311,0.8326374449195213,0.2719159376507048,0.014089470863750453,0.07801966261160202,1800000,18000000,6177600000,202.8
312,0.835257088646,0.2655087774863848,0.012690310845325242,0.07776003003093164,1800000,18000000,6197400000,203.45000000000002
313,0.836138529314034,0.2597871179073791,0.011886496224263842,0.07750126145139492,1800000,18000000,6217200000,204.1
314,0.8317433800184426,0.2750789861024723,0.014301543846232135,0.07724335399778277,1800000,18000000,6237000000,204.75
315,0.8355935444558772,0.2669703176440594,0.013337334857986782,0.07698630480445418,1800000,18000000,6256800000,205.4
316,0.8346706679662694,0.26637572468572773,0.012844583115370145,0.07673011101530436,1800000,18000000,6276600000,206.05
317,0.833975903130902,0.26999188681790104,0.013604425751128057,0.07647476978373298,1800000,18000000,6296400000,206.70000000000002
318,0.8346016145556543,0.26631299737516867,0.012191078250373901,0.07622027827261263,1800000,18000000,6316200000,207.35
319,0.8334632447997856,0.2635763674585862,0.012910037568991256,0.07596663365425728,1800000,18000000,6336000000,208.0
320,0.8325737405527002,0.26538897893368224,0.01188214239954425,0.07571383311039072,1800000,18000000,6355800000,208.65
321,0.8354633236977599,0.2615799971228254,0.012763415811344533,0.07546187383211546,1800000,18000000,6375600000,209.3
322,0.834751827074033,0.26522987175058677,0.012476080646265915,0.07521075301988138,1800000,18000000,6395400000,209.95000000000002
323,0.8351241978266439,0.26612350695720144,0.011572365581906743,0.07496046788345459,1800000,18000000,6415200000,210.6
324,0.8362175417168952,0.2618537149743957,0.011073670931183839,0.0747110156418866,1800000,18000000,6435000000,211.25
325,0.8364760539611431,0.257991237906131,0.01175045006158331,0.07446239352348329,1800000,18000000,6454800000,211.9
326,0.834416786217749,0.26797129457390856,0.010848952841650434,0.07421459876577408,1800000,18000000,6474600000,212.55
327,0.8359034783087987,0.26097292954148404,0.012754147435234791,0.07396762861548134,1800000,18000000,6494400000,213.20000000000002
328,0.8380272787505514,0.26631999738563544,0.011618893572248743,0.07372148032848977,1800000,18000000,6514200000,213.85
329,0.8341225111617621,0.2663348464275932,0.013209059010471652,0.07347615116981583,1800000,18000000,6534000000,214.5
330,0.8357432054634223,0.2614170925430639,0.012079069848295392,0.07323163841357751,1800000,18000000,6553800000,215.15
331,0.8351901342275049,0.2638806935328758,0.010574316713813599,0.07298793934296385,1800000,18000000,6573600000,215.8
332,0.8366996626876088,0.2658627879313987,0.010998857078392666,0.0727450512502049,1800000,18000000,6593400000,216.45000000000002
333,0.8371956864838846,0.2612173941270915,0.011814880318179309,0.0725029714365416,1800000,18000000,6613200000,217.1
334,0.8369725850979706,0.2646336998072381,0.01278710995707267,0.07226169721219572,1800000,18000000,6633000000,217.75
335,0.8359458987828341,0.2658041566167131,0.013066896443488473,0.07202122589634008,1800000,18000000,6652800000,218.4
336,0.8328721751239789,0.2681182773179706,0.009870439627965952,0.07178155481706869,1800000,18000000,6672600000,219.05
337,0.8348111350834259,0.2661122215759658,0.011860726773258442,0.0715426813113671,1800000,18000000,6692400000,219.70000000000002
338,0.8359016670059499,0.26586562762599053,0.010961554298101969,0.07130460272508277,1800000,18000000,6712200000,220.35
339,0.8355659118206631,0.26452893878207123,0.011853183755359117,0.07106731641289565,1800000,18000000,6732000000,221.0
340,0.8357376383302746,0.26598850757798037,0.010179020544005653,0.0708308197382887,1800000,18000000,6751800000,221.65
341,0.8307801464960521,0.2682251123159078,0.012260857985338583,0.07059511007351867,1800000,18000000,6771600000,222.3
342,0.8326831988009781,0.26874485260693837,0.011918235851042945,0.07036018479958688,1800000,18000000,6791400000,222.95000000000002
343,0.8342911089743807,0.2659061322299276,0.011286621039937494,0.07012604130621002,1800000,18000000,6811200000,223.6
344,0.8352841735348867,0.2628158809050071,0.01048179268153389,0.06989267699179139,1800000,18000000,6831000000,224.25
345,0.8366450761486559,0.26538743187304814,0.010423430183198362,0.06966008926339172,1800000,18000000,6850800000,224.9
346,0.8344450180132515,0.2684843080342279,0.0114510282180326,0.06942827553670051,1800000,18000000,6870600000,225.55
347,0.8368695422431847,0.26907827186024597,0.013071067055349592,0.06919723323600736,1800000,18000000,6890400000,226.20000000000002
348,0.8344842472469803,0.26272212966663794,0.011848031060290648,0.06896695979417317,1800000,18000000,6910200000,226.85
349,0.8349844061136807,0.2670069383234972,0.012378360967047891,0.06873745265260178,1800000,18000000,6930000000,227.5
350,0.831641673869899,0.27384330538043544,0.012928073083149113,0.06850870926121148,1800000,18000000,6949800000,228.15
351,0.8354804327213378,0.2649816734814589,0.011602646808238054,0.06828072707840671,1800000,18000000,6969600000,228.8
352,0.8355292092226477,0.2606142239054445,0.010931680806338214,0.06805350357104971,1800000,18000000,6989400000,229.45000000000002
353,0.8346197715151573,0.26232636935315096,0.01066915486536352,0.06782703621443252,1800000,18000000,7009200000,230.1
354,0.8350759892794356,0.2677085595263524,0.010661639861571261,0.06760132249224887,1800000,18000000,7029000000,230.75
355,0.8336854526390334,0.26431315516487525,0.010677895349204445,0.06737635989656618,1800000,18000000,7048800000,231.4
356,0.8359792664477055,0.2607869950696466,0.010940628401547784,0.06715214592779772,1800000,18000000,7068600000,232.05
357,0.832671595445458,0.26359422876635796,0.011456282155217828,0.0669286780946749,1800000,18000000,7088400000,232.70000000000002
358,0.8336161799548858,0.26970325252707694,0.011507743284710863,0.06670595391421945,1800000,18000000,7108200000,233.35
359,0.8345513105415612,0.2677248034123355,0.010401532388899914,0.066483970911716,1800000,18000000,7128000000,234.0
360,0.8347202639639717,0.26634206456562226,0.010797239498436589,0.06626272662068447,1800000,18000000,7147800000,234.65
361,0.8369111228368127,0.26574266371990196,0.01125759197296993,0.06604221858285264,1800000,18000000,7167600000,235.3
362,0.8334960968048118,0.26453029406494616,0.012245256482591773,0.06582244434812895,1800000,18000000,7187400000,235.95000000000002
363,0.8340469222777107,0.2636215195910766,0.009398398599702021,0.06560340147457523,1800000,18000000,7207200000,236.6
364,0.8345111525421458,0.2654406628292984,0.012634745899868193,0.06538508752837947,1800000,18000000,7227000000,237.25
365,0.8365027604415897,0.26182158647076903,0.012308616922690575,0.06516750008382895,1800000,18000000,7246800000,237.9
366,0.8355154189074107,0.26726668086912275,0.01119032490025718,0.06495063672328313,1800000,18000000,7266600000,238.55
367,0.8344528091440682,0.2652637763895113,0.011443307841637634,0.0647344950371469,1800000,18000000,7286400000,239.20000000000002
368,0.8360682714022711,0.2655218394374507,0.010014445479497846,0.06451907262384375,1800000,18000000,7306200000,239.85
369,0.8366901267470779,0.25641604571681853,0.00975604265121024,0.06430436708978908,1800000,18000000,7326000000,240.5
370,0.836733154090509,0.266950096126494,0.008596703294033057,0.06409037604936363,1800000,18000000,7345800000,241.15
371,0.8355489618739372,0.25963956176208614,0.011307722152184481,0.063877097124887,1800000,18000000,7365600000,241.8
372,0.8353295261286845,0.2672404905085321,0.010638395031502315,0.06366452794659114,1800000,18000000,7385400000,242.45000000000002
373,0.8347995996379715,0.26447762305260997,0.009305504936217473,0.06345266615259412,1800000,18000000,7405200000,243.1
374,0.835819399421527,0.26066077039779584,0.00994555919608948,0.06324150938887384,1800000,18000000,7425000000,243.75
375,0.8331025113564816,0.2703837277746111,0.009963860507673233,0.06303105530924182,1800000,18000000,7444800000,244.4
376,0.8356149651368866,0.2676958172802026,0.009582611107588651,0.06282130157531728,1800000,18000000,7464600000,245.05
377,0.831880207746849,0.2704360837209433,0.009138531509523512,0.06261224585650099,1800000,18000000,7484400000,245.70000000000002
378,0.8365685395461624,0.2602734350401824,0.008867776441320117,0.06240388582994949,1800000,18000000,7504200000,246.35
379,0.8369844215799114,0.25609127221105427,0.011199710674736244,0.06219621918054922,1800000,18000000,7524000000,247.0
380,0.8339464402216246,0.26727425537179056,0.008906418955660274,0.061989243600890837,1800000,18000000,7543800000,247.65
381,0.8355445159447039,0.2627975849415785,0.011444523386359453,0.06178295679124355,1800000,18000000,7563600000,248.3
382,0.8345851075864843,0.2678248361425677,0.009730129141710784,0.06157735645952957,1800000,18000000,7583400000,248.95000000000002
383,0.836267635567424,0.256943214923416,0.011407439841955734,0.061372440321298655,1800000,18000000,7603200000,249.60000000000002
384,0.8354023681994718,0.2684723364446137,0.009161898532523471,0.06116820609970271,1800000,18000000,7623000000,250.25
385,0.8342682550230828,0.2711016842039847,0.011073610550774117,0.0609646515254705,1800000,18000000,7642800000,250.9
386,0.8352733837728464,0.26522157704333027,0.01037342507245655,0.060761774336882464,1800000,18000000,7662600000,251.55
387,0.8322732173695008,0.2678573489833755,0.008622941472294936,0.06055957227974552,1800000,18000000,7682400000,252.20000000000002
388,0.8362378820171373,0.26307592720896245,0.008216847073395709,0.06035804310736805,1800000,18000000,7702200000,252.85000000000002
389,0.8330656985628312,0.2702651616705106,0.00908391621122527,0.060157184580534956,1800000,18000000,7722000000,253.5
390,0.8363254656042144,0.26659146536540823,0.009288764690569364,0.05995699446748277,1800000,18000000,7741800000,254.15
391,0.833132725770523,0.2627532401134383,0.008536609958913434,0.05975747054387485,1800000,18000000,7761600000,254.8
392,0.8336357658202923,0.26746575319849286,0.01024730123830599,0.05955861059277665,1800000,18000000,7781400000,255.45000000000002
393,0.832009692302139,0.2708172345799218,0.009605054175222724,0.0593604124046311,1800000,18000000,7801200000,256.1
394,0.8363477614605229,0.2648202147325949,0.009732093659195987,0.0591628737772341,1800000,18000000,7821000000,256.75
395,0.8344236004869293,0.26615330895683853,0.009467292906259427,0.05896599251570996,1800000,18000000,7840800000,257.40000000000003
396,0.8357609348309243,0.26370355531927214,0.0087315415929755,0.058769766432487075,1800000,18000000,7860600000,258.05
397,0.8345801489323115,0.2597511670925706,0.009235125543546942,0.05857419334727365,1800000,18000000,7880400000,258.7
398,0.8334711984302121,0.26522318077130347,0.009948242585125198,0.05837927108703333,1800000,18000000,7900200000,259.35
399,0.8347863766783664,0.2639559914036339,0.009141776050630766,0.05818499748596127,1800000,18000000,7920000000,260.0
400,0.8359949037463587,0.26957275181950935,0.00984239117123698,0.05799137038545989,1800000,18000000,7939800000,260.65000000000003
401,0.836119009097895,0.2636066104656101,0.009444967749288644,0.05779838763411496,1800000,18000000,7959600000,261.3
402,0.8376999532638593,0.25935370885513676,0.008296080882316799,0.05760604708767172,1800000,18000000,7979400000,261.95
403,0.836137954331459,0.26475369883180316,0.009031726754524882,0.057414346609011,1800000,18000000,7999200000,262.6
404,0.8345342705203207,0.264278580546299,0.009574470073750303,0.05722328406812549,1800000,18000000,8019000000,263.25
405,0.8345012152198731,0.26786789065295913,0.011383709276275637,0.05703285734209613,1800000,18000000,8038800000,263.90000000000003
406,0.8321199026173187,0.2685131865676826,0.009379498573814007,0.05684306431506844,1800000,18000000,8058600000,264.55
407,0.8350672344275756,0.267692611989842,0.00910594082584436,0.05665390287822906,1800000,18000000,8078400000,265.2
408,0.8372088144983394,0.2583549371248274,0.007640154528602194,0.056465370929782294,1800000,18000000,8098200000,265.85
409,0.8354747508280668,0.2558779838535121,0.008829315211742857,0.05627746637492678,1800000,18000000,8118000000,266.5
410,0.8342920997030682,0.26548009456405997,0.007953361246441885,0.05609018712583219,1800000,18000000,8137800000,267.15000000000003
411,0.8340115554515611,0.2631656655863453,0.009562722711907267,0.05590353110161606,1800000,18000000,8157600000,267.8
412,0.8338301078302642,0.2648152414402321,0.008610983457662081,0.05571749622832065,1800000,18000000,8177400000,268.45
413,0.8370514680962929,0.25993169697400725,0.009844521021886104,0.05553208043888989,1800000,18000000,8197200000,269.1
414,0.8342223006693398,0.2654009078473713,0.009125924120808546,0.05534728167314643,1800000,18000000,8217000000,269.75
415,0.834609984386354,0.2665385729945686,0.008696830146350898,0.05516309787776877,1800000,18000000,8236800000,270.40000000000003
416,0.834175204361227,0.27049474422536673,0.007988318860154659,0.05497952700626836,1800000,18000000,8256600000,271.05
417,0.8367092840453643,0.2668634852928041,0.0076199402210750024,0.054796567018967006,1800000,18000000,8276400000,271.7
418,0.8321667676145444,0.26744190235873805,0.007908584321526694,0.05461421588297405,1800000,18000000,8296200000,272.35
419,0.8359866027351548,0.26060545338621005,0.009172144792697885,0.05443247157216389,1800000,18000000,8316000000,273.0
420,0.8368615548557933,0.259307694676968,0.008283824589064384,0.05425133206715343,1800000,18000000,8335800000,273.65000000000003
421,0.8334439201437628,0.27140420685188604,0.007217695628326932,0.05407079535527962,1800000,18000000,8355600000,274.3
422,0.8354893614321922,0.26718530688957737,0.009829264433528167,0.05389085943057717,1800000,18000000,8375400000,274.95
423,0.8356096829783392,0.2634608195949396,0.008447140398752941,0.05371152229375616,1800000,18000000,8395200000,275.6
424,0.833936243821063,0.26525467264961466,0.009748838375909908,0.053532781952179885,1800000,18000000,8415000000,276.25
425,0.8353147850235165,0.2624923323781906,0.009865020836397995,0.05335463641984271,1800000,18000000,8434800000,276.90000000000003
426,0.8334381682983723,0.2661390714199718,0.009339322026722245,0.05317708371734802,1800000,18000000,8454600000,277.55
427,0.8334424906173451,0.26101816485025847,0.00786919658012166,0.05300012187188616,1800000,18000000,8474400000,278.2
428,0.8359984020285829,0.26236973035474853,0.008042396452384241,0.05282374891721258,1800000,18000000,8494200000,278.85
429,0.8353825189167621,0.2657963236077393,0.007105406885406737,0.052647962893626,1800000,18000000,8514000000,279.5
430,0.8345341753015828,0.266050355154455,0.008938274099781547,0.05247276184794653,1800000,18000000,8533800000,280.15000000000003
431,0.8350872967585086,0.2630316244869553,0.0071131293825137405,0.05229814383349411,1800000,18000000,8553600000,280.8
432,0.8375076248980118,0.26094525985831346,0.0065104625329100215,0.05212410691006679,1800000,18000000,8573400000,281.45
433,0.8354597123258776,0.26424347919954033,0.00909150895905848,0.051950649143919156,1800000,18000000,8593200000,282.1
434,0.8374215151751535,0.25773620627391314,0.008210241426920601,0.05177776860774092,1800000,18000000,8613000000,282.75
435,0.833990478860196,0.2684217410426582,0.007243331859697343,0.051605463380635486,1800000,18000000,8632800000,283.40000000000003
436,0.8327982569050643,0.2638981584415166,0.008129747756301663,0.05143373154809852,1800000,18000000,8652600000,284.05
437,0.8343238087944848,0.26622044620616664,0.008134680331135201,0.051262571201996794,1800000,18000000,8672400000,284.7
438,0.8336861563308013,0.26149343143193887,0.007571299588236259,0.05109198044054694,1800000,18000000,8692200000,285.35
439,0.8401013634030806,0.25917494594416324,0.008896121851534603,0.05092195736829428,1800000,18000000,8712000000,286.0
440,0.8337619509501525,0.26820042411865497,0.008901416118038397,0.05075250009609183,1800000,18000000,8731800000,286.65000000000003
441,0.8343631486466837,0.2681287336259482,0.008546102346704198,0.05058360674107924,1800000,18000000,8751600000,287.3
442,0.8342615289298151,0.2678608509367086,0.007982999033453038,0.05041527542666197,1800000,18000000,8771400000,287.95
443,0.8377205516283784,0.26637530558800304,0.008463156455229234,0.05024750428249035,1800000,18000000,8791200000,288.6
444,0.8329123517214226,0.27323685631188405,0.008232824469558468,0.050080291444438804,1800000,18000000,8811000000,289.25
445,0.8366097845870236,0.26088348761211977,0.006641179776691913,0.0499136350545852,1800000,18000000,8830800000,289.90000000000003
446,0.8339222813884073,0.26204652719045707,0.006508722529787476,0.04974753326119018,1800000,18000000,8850600000,290.55
447,0.8345453851495679,0.26605760553054236,0.007160559149264806,0.04958198421867652,1800000,18000000,8870400000,291.2
448,0.8344876725329348,0.26387041345984646,0.00784628979406613,0.04941698608760872,1800000,18000000,8890200000,291.85
449,0.8328661246569581,0.2658686885356252,0.008540227157476196,0.04925253703467255,1800000,18000000,8910000000,292.5
450,0.8328983091092506,0.26765469762918365,0.007123030085954296,0.04908863523265456,1800000,18000000,8929800000,293.15000000000003
451,0.8357198928081788,0.26306024605581646,0.006470595159994543,0.04892527886042197,1800000,18000000,8949600000,293.8
452,0.8343481686431339,0.2661595169046217,0.0075087446683617986,0.048762466102902295,1800000,18000000,8969400000,294.45
453,0.8346714128436911,0.26877101488597,0.008739821709313835,0.0486001951510632,1800000,18000000,8989200000,295.1
454,0.8348466057179925,0.26816377767555577,0.007517887542868965,0.04843846420189246,1800000,18000000,9009000000,295.75
455,0.8377040250224772,0.2648065988960228,0.005737949561047342,0.04827727145837786,1800000,18000000,9028800000,296.40000000000003
456,0.8355795470276607,0.2634584073951596,0.006110824466600456,0.04811661512948724,1800000,18000000,9048600000,297.05
457,0.8357407500198182,0.26283297396775823,0.007189525136372621,0.047956493430148656,1800000,18000000,9068400000,297.7
458,0.8307356894519978,0.2684464197919723,0.006729119241578352,0.047796904581230454,1800000,18000000,9088200000,298.35
459,0.833133113843488,0.26545451457540087,0.006016330623716974,0.04763784680952156,1800000,18000000,9108000000,299.0
460,0.8342072382576461,0.2608466498044549,0.006464829291995322,0.04747931834771174,1800000,18000000,9127800000,299.65000000000003
461,0.835838028200307,0.2694511922018424,0.008406557554523459,0.04732131743437206,1800000,18000000,9147600000,300.3
462,0.8327102911950959,0.26873235395793293,0.0061269743158695504,0.047163842313935146,1800000,18000000,9167400000,300.95
463,0.8346281103221621,0.26091926831133044,0.0057599007789927185,0.04700689123667585,1800000,18000000,9187200000,301.6
464,0.8361059049835401,0.2643450095134149,0.008542855760955884,0.04685046245869167,1800000,18000000,9207000000,302.25
465,0.8354143507557679,0.26940988282282874,0.005939122248647744,0.04669455424188347,1800000,18000000,9226800000,302.90000000000003
466,0.8348319850529252,0.26725403034895573,0.006294148170495715,0.04653916485393615,1800000,18000000,9246600000,303.55
467,0.8372041226542281,0.26386659651931094,0.006481819805634957,0.046384292568299325,1800000,18000000,9266400000,304.2
468,0.8360255096146506,0.2688467786926972,0.007069395854002098,0.04622993566416824,1800000,18000000,9286200000,304.85
469,0.8332718194497333,0.26686908019455474,0.0056761779438887295,0.046076092426464606,1800000,18000000,9306000000,305.5
470,0.8359351732118004,0.26387408334466705,0.005412384216728609,0.04592276114581752,1800000,18000000,9325800000,306.15000000000003
471,0.836011230999833,0.26312453515550704,0.0068396458864413995,0.0457699401185445,1800000,18000000,9345600000,306.8
472,0.8331422158367181,0.2664621735887261,0.006495166018249896,0.04561762764663259,1800000,18000000,9365400000,307.45
473,0.8355399548073137,0.27040977992998017,0.007111910435110849,0.045465822037719386,1800000,18000000,9385200000,308.1
474,0.8351300109557497,0.25957788397770787,0.004978103766604307,0.045314521605074355,1800000,18000000,9405000000,308.75
475,0.8351671235423419,0.2618081909065195,0.006415008480199894,0.04516372466758004,1800000,18000000,9424800000,309.40000000000003
476,0.8366986493196251,0.264073036779901,0.007555219187974116,0.04501342954971334,1800000,18000000,9444600000,310.05
477,0.8318466574266907,0.26877630398757263,0.005303073254784356,0.04486363458152695,1800000,18000000,9464400000,310.7
478,0.8339110073738631,0.2681289327986358,0.006558822901932245,0.044714338098630825,1800000,18000000,9484200000,311.35
479,0.8337983077040932,0.2674001830105659,0.008235301988961172,0.04456553844217358,1800000,18000000,9504000000,312.0
480,0.8343034970551441,0.27085776278939067,0.0053022423129465155,0.04441723395882419,1800000,18000000,9523800000,312.65000000000003
481,0.833311154032685,0.2700705948648682,0.006991543713484328,0.04426942300075353,1800000,18000000,9543600000,313.3
482,0.8332956467882142,0.2670369096577985,0.006654840494706918,0.04412210392561611,1800000,18000000,9563400000,313.95
483,0.8332099091804758,0.26618762928071404,0.005168382664205916,0.04397527509653179,1800000,18000000,9583200000,314.6
484,0.8344774943948311,0.26595878807014955,0.006219998045932368,0.043828934882067634,1800000,18000000,9603000000,315.25
485,0.8345818907112723,0.265162454166973,0.007761624944634671,0.043683081656219744,1800000,18000000,9622800000,315.90000000000003
486,0.8340360143652763,0.2673906790428021,0.005726865562496554,0.043537713798395224,1800000,18000000,9642600000,316.55
487,0.8345066534958276,0.26957183454528294,0.005537955004854787,0.04339282969339417,1800000,18000000,9662400000,317.2
488,0.8349982298479063,0.2610992884160268,0.007006595551399036,0.04324842773139169,1800000,18000000,9682200000,317.85
489,0.8360619100332531,0.26601188433793604,0.005238880652108672,0.04310450630792006,1800000,18000000,9702000000,318.5
490,0.8343345818939469,0.2667170371557468,0.005695162142471929,0.04296106382385086,1800000,18000000,9721800000,319.15000000000003
491,0.8347979035853491,0.2698534460018858,0.006056134702433915,0.042818098685377254,1800000,18000000,9741600000,319.8
492,0.8323833035987239,0.25907969427132366,0.007007204184048801,0.04267560930399622,1800000,18000000,9761400000,320.45
493,0.8369171085973965,0.26277768993768613,0.006628216021832445,0.04253359409649095,1800000,18000000,9781200000,321.1
494,0.8376796672257203,0.26643095607567274,0.005959650176133474,0.04239205148491322,1800000,18000000,9801000000,321.75
495,0.834688490530824,0.26334372506316744,0.006219422910944761,0.04225097989656591,1800000,18000000,9820800000,322.40000000000003
496,0.8344169517300679,0.2698883683531384,0.006197290903519399,0.042110377763985456,1800000,18000000,9840600000,323.05
497,0.8356826381387481,0.26480820119912846,0.006764964732757637,0.041970243524924504,1800000,18000000,9860400000,323.7
498,0.8363065999370626,0.26260890558774735,0.006279697533303509,0.04183057562233452,1800000,18000000,9880200000,324.35
499,0.8340929006422166,0.2630574463750804,0.005880792622400821,0.04169137250434846,1800000,18000000,9900000000,325.0
500,0.8348797027125103,0.26640594535350204,0.006954736077019982,0.041552632624263605,1800000,18000000,9919800000,325.65000000000003
501,0.8370532343724462,0.26866965263475334,0.006672698336483918,0.0414143544405243,1800000,18000000,9939600000,326.3
502,0.8366214469864516,0.2667990377933447,0.006061593969573144,0.04127653641670483,1800000,18000000,9959400000,326.95
503,0.8358985619794518,0.2657130175818809,0.006957732039358607,0.04113917702149243,1800000,18000000,9979200000,327.6
504,0.8335596011772686,0.26582754163104527,0.004705057663077083,0.04100227472867019,1800000,18000000,9999000000,328.25
505,0.8333397988420465,0.2641059105012276,0.005536420411341771,0.0408658280171001,1800000,18000000,10018800000,328.90000000000003
506,0.8348715556185708,0.26376810718160515,0.007055350887249314,0.04072983537070618,1800000,18000000,10038600000,329.55
507,0.8364666810110811,0.26580042468541654,0.006527628743095383,0.04059429527845764,1800000,18000000,10058400000,330.2
508,0.8337871406174415,0.26960471230588334,0.006778414198883385,0.04045920623435205,1800000,18000000,10078200000,330.85
509,0.8366966574437557,0.26625643591484416,0.005328738646659975,0.040324566737398634,1800000,18000000,10098000000,331.5
510,0.8337143975398897,0.25956024640431163,0.008115605452015855,0.040190375291601625,1800000,18000000,10117800000,332.15000000000003
511,0.83637071189222,0.25734287936532557,0.006119546198871448,0.04005663040594355,1800000,18000000,10137600000,332.8
512,0.8341295409745426,0.25999143894702936,0.005106613530564612,0.03992333059436875,1800000,18000000,10157400000,333.45
513,0.8324491602477722,0.26947371898814576,0.005155651767323912,0.03979047437576686,1800000,18000000,10177200000,334.1
514,0.837419450173655,0.26506155429741507,0.006502777302907245,0.039658060273956276,1800000,18000000,10197000000,334.75
515,0.8331071671761229,0.266643413310181,0.008329861298345901,0.039526086817667866,1800000,18000000,10216800000,335.40000000000003
516,0.8326353424370684,0.27087034152187955,0.007565931373706385,0.03939455254052851,1800000,18000000,10236600000,336.05
517,0.835651368142666,0.26698516861089594,0.00503363949271385,0.039263455981044894,1800000,18000000,10256400000,336.7
518,0.8340301868474087,0.2644800517097068,0.006788364161883263,0.039132795682587256,1800000,18000000,10276200000,337.35
519,0.8352183854092177,0.265061359404905,0.006464067254866765,0.03900257019337312,1800000,18000000,10296000000,338.0
520,0.83441299012337,0.26398734425026843,0.007939191829838387,0.03887277806645128,1800000,18000000,10315800000,338.65000000000003
521,0.8350851609339577,0.2645721219548941,0.004202145452268893,0.03874341785968567,1800000,18000000,10335600000,339.3
522,0.8328378616453421,0.2658235173507841,0.005352706807421259,0.03861448813573931,1800000,18000000,10355400000,339.95
523,0.8321404625408396,0.26914083552319257,0.007036951678673799,0.0384859874620584,1800000,18000000,10375200000,340.6
524,0.8348660586843824,0.26556106636426074,0.005175001714409199,0.03835791441085635,1800000,18000000,10395000000,341.25
525,0.8357837442592665,0.26385937708159274,0.005576141613682846,0.03823026755909793,1800000,18000000,10414800000,341.90000000000003
526,0.8355242514283308,0.2656871388923893,0.006522325147349508,0.038103045488483485,1800000,18000000,10434600000,342.55
527,0.836832329449036,0.25610539771248086,0.00677962653526077,0.03797624678543314,1800000,18000000,10454400000,343.2
528,0.8345927649116367,0.27171446968708685,0.0056769293238812255,0.03784987004107112,1800000,18000000,10474200000,343.85
529,0.8362671053612456,0.26357148786931944,0.005097058193221782,0.03772391385121006,1800000,18000000,10494000000,344.5
530,0.8358348369839579,0.2640236037471626,0.004090200698635339,0.03759837681633546,1800000,18000000,10513800000,345.15000000000003
531,0.8330902521393935,0.2658203720954317,0.005476643118920756,0.037473257541590074,1800000,18000000,10533600000,345.8
532,0.8356025841885854,0.2649701326494366,0.004923427467515318,0.03734855463675846,1800000,18000000,10553400000,346.45
533,0.8332742506363995,0.2661871533224053,0.004665784300949963,0.037224266716251495,1800000,18000000,10573200000,347.1
534,0.833765875793004,0.2699670904032934,0.005105216692240207,0.037100392399091006,1800000,18000000,10593000000,347.75
535,0.8362566300682787,0.25864311155635494,0.006096405044745561,0.03697693030889443,1800000,18000000,10612800000,348.40000000000003
536,0.8349383930126891,0.2636256843999196,0.006262616410985214,0.03685387907385949,1800000,18000000,10632600000,349.05
537,0.8347302417332593,0.26264911745541253,0.005236266378635011,0.036731237326748954,1800000,18000000,10652400000,349.7
538,0.8341080215616646,0.2636292825768531,0.006729271621463753,0.036609003704875506,1800000,18000000,10672200000,350.35
539,0.8330668227176422,0.2697791658625479,0.004787402294974787,0.036487176850086525,1800000,18000000,10692000000,351.0
540,0.8326840092729578,0.26462395099661157,0.004489104502179496,0.036365755408749034,1800000,18000000,10711800000,351.65000000000003
541,0.8346337591886361,0.2617760165486257,0.004540054681400178,0.036244738031734676,1800000,18000000,10731600000,352.3
542,0.8338385077007487,0.2697984542474836,0.006638250943408119,0.03612412337440466,1800000,18000000,10751400000,352.95
543,0.8362222895438217,0.26233388660937357,0.004782816939289065,0.03600391009659489,1800000,18000000,10771200000,353.6
544,0.8333110578768714,0.27006757482001387,0.006014981187549961,0.035884096862601064,1800000,18000000,10791000000,354.25
545,0.8358666893102518,0.2588845684971412,0.005402378748065286,0.03576468234116376,1800000,18000000,10810800000,354.90000000000003
546,0.8372483162470439,0.2616411815147366,0.00402072226841798,0.035645665205453765,1800000,18000000,10830600000,355.55
547,0.8341700228182533,0.2675109421406161,0.005809127024586876,0.035527044133057226,1800000,18000000,10850400000,356.2
548,0.8354199367626204,0.27131354036614547,0.004965717029364073,0.035408817805960995,1800000,18000000,10870200000,356.85
549,0.8341404309133724,0.2710018825855159,0.004923691962213296,0.035290984910538004,1800000,18000000,10890000000,357.5
550,0.8347951844989536,0.26761990544546965,0.0032475418378187385,0.03517354413753266,1800000,18000000,10909800000,358.15000000000003
551,0.8309330231611585,0.2702695275117056,0.002396117865692508,0.03505649418204626,1800000,18000000,10929600000,358.8
552,0.8331344356871232,0.26831126381422754,0.005743050775879186,0.03493983374352255,1800000,18000000,10949400000,359.45
553,0.8335269128998241,0.266843785645279,0.005947403342764705,0.03482356152573324,1800000,18000000,10969200000,360.1
554,0.8345920625736557,0.2659064769469101,0.004910545384185507,0.03470767623676358,1800000,18000000,10989000000,360.75
555,0.835944758951353,0.25876876707064805,0.0031805389918329935,0.034592176588998075,1800000,18000000,11008800000,361.40000000000003
556,0.8332715758971191,0.2694243806952141,0.005331679600692308,0.03447706129910612,1800000,18000000,11028600000,362.05
557,0.8369835807721389,0.26398004796561475,0.004522143244020337,0.03436232908802773,1800000,18000000,11048400000,362.7
558,0.8348438016264594,0.265476264572278,0.003683454978166225,0.034247978680959405,1800000,18000000,11068200000,363.35
559,0.8368578712917726,0.2590279217707864,0.0040690819544376864,0.03413400880733988,1800000,18000000,11088000000,364.0
560,0.8354636255031229,0.26287561100359585,0.004060825317639016,0.03402041820083606,1800000,18000000,11107800000,364.65000000000003
561,0.8362465128779182,0.2611927263246542,0.0029810887852344627,0.03390720559932891,1800000,18000000,11127600000,365.3
562,0.8365464021300841,0.2611260799942825,0.004483790175991658,0.033794369744899494,1800000,18000000,11147400000,365.95
563,0.8359785628202006,0.266196431689368,0.005436474502564674,0.033681909383814906,1800000,18000000,11167200000,366.6
564,0.8367283603277049,0.2631410583601963,0.0067345066704622815,0.033569823266514455,1800000,18000000,11187000000,367.25
565,0.8325419369461944,0.27130825754332266,0.0034832190934780223,0.03345811014759566,1800000,18000000,11206800000,367.90000000000003
566,0.8340566277206157,0.2618224492295147,0.0060870407392365385,0.03334676878580049,1800000,18000000,11226600000,368.55
567,0.8341413707596852,0.2677215367889003,0.0045652350636611536,0.03323579794400159,1800000,18000000,11246400000,369.2
568,0.8314390307394065,0.26594266976859393,0.005962402844132975,0.03312519638918843,1800000,18000000,11266200000,369.85
569,0.8365435358360448,0.2678394455162746,0.004853358212594678,0.03301496289245373,1800000,18000000,11286000000,370.5
570,0.8330492084264493,0.2669787750839282,0.003562392225999604,0.03290509622897971,1800000,18000000,11305800000,371.15000000000003
571,0.8350492617031549,0.2640358822684833,0.005073847373028723,0.03279559517802455,1800000,18000000,11325600000,371.8
572,0.8327179548970369,0.2680604288580605,0.003183594858316344,0.032686458522908766,1800000,18000000,11345400000,372.45
573,0.8375692455942628,0.25539844030182374,0.004288498261577578,0.03257768505100174,1800000,18000000,11365200000,373.1
574,0.8312659276312644,0.26400718509912857,0.005264075836352332,0.03246927355370822,1800000,18000000,11385000000,373.75
575,0.8346221940469181,0.26795132176962044,0.004491748746330079,0.03236122282645489,1800000,18000000,11404800000,374.40000000000003
576,0.8354446371550011,0.26374919011044384,0.0032195759126830573,0.03225353166867703,1800000,18000000,11424600000,375.05
577,0.837253317461977,0.26779064447816575,0.00382601188210092,0.03214619888380508,1800000,18000000,11444400000,375.7
578,0.8349749694428411,0.26465512369847305,0.00412418314783253,0.032039223279251454,1800000,18000000,11464200000,376.35
579,0.8335199616339061,0.26731095635363633,0.006140012874831218,0.03193260366639722,1800000,18000000,11484000000,377.0
580,0.8346417575345833,0.2624734968540989,0.005249953268297192,0.031826338860578916,1800000,18000000,11503800000,377.65000000000003
581,0.8364156476013712,0.25855020277462387,0.004315194347518776,0.03172042768107538,1800000,18000000,11523600000,378.3
582,0.8323166862828152,0.26945508511775884,0.0043831048096763005,0.031614868951094645,1800000,18000000,11543400000,378.95
583,0.8328970886169363,0.2633786633058779,0.0026405992654488144,0.03150966149776084,1800000,18000000,11563200000,379.6
584,0.833741850301559,0.2650378716629182,0.00340968343440681,0.03140480415210119,1800000,18000000,11583000000,380.25
585,0.8358358940401162,0.26458280480889623,0.004394217496216737,0.03130029574903299,1800000,18000000,11602800000,380.90000000000003
586,0.8342481153247953,0.2636813067123094,0.004435492364453717,0.031196135127350685,1800000,18000000,11622600000,381.55
587,0.835732764642164,0.270508929720217,0.004928310692209952,0.03109232112971296,1800000,18000000,11642400000,382.2
588,0.8349789496630431,0.27254492729321533,0.005102405628537207,0.0309888526026299,1800000,18000000,11662200000,382.85
589,0.8345604823014993,0.2673698142457441,0.004270906433078914,0.030885728396450124,1800000,18000000,11682000000,383.5
590,0.8353466942280412,0.26438340672417304,0.004159555856476112,0.03078294736534807,1800000,18000000,11701800000,384.15000000000003
591,0.8365876186762852,0.2627447283071978,0.004383283054406577,0.030680508367311208,1800000,18000000,11721600000,384.8
592,0.8326211877494719,0.26431048580213995,0.004419466569108315,0.030578410264127404,1800000,18000000,11741400000,385.45
593,0.8368325986388042,0.26149035021558614,0.00593219433221777,0.030476651921372246,1800000,18000000,11761200000,386.1
594,0.834474563707963,0.2643782550203064,0.0038260767634120704,0.03037523220839642,1800000,18000000,11781000000,386.75
595,0.8366877566901986,0.26029560177027683,0.004541027971271753,0.030274149998313186,1800000,18000000,11800800000,387.40000000000003
596,0.8329061879973565,0.26916211911195004,0.002814434419985457,0.030173404167985855,1800000,18000000,11820600000,388.05
597,0.8364066741032014,0.26339571563889475,0.005786016809924904,0.030072993598015248,1800000,18000000,11840400000,388.7
598,0.8338534867565597,0.2669892418367914,0.00568896497316095,0.029972917172727348,1800000,18000000,11860200000,389.35
599,0.8368822194826875,0.2651179132872697,0.004579179520637684,0.02987317378016085,1800000,18000000,11880000000,390.0
600,0.8352765815907488,0.26260254556312373,0.0019434814760740712,0.029773762312054794,1800000,18000000,11899800000,390.65000000000003
601,0.8344548115530765,0.2654417717889451,0.005449032768929503,0.029674681663836296,1800000,18000000,11919600000,391.3
602,0.8331641107466932,0.2639161309134965,0.004630098572135795,0.029575930734608246,1800000,18000000,11939400000,391.95
603,0.8357103751107599,0.2616575531010828,0.005364497031572728,0.029477508427137096,1800000,18000000,11959200000,392.6
604,0.8350795715292452,0.2609356884491937,0.004762316352847297,0.029379413647840618,1800000,18000000,11979000000,393.25
605,0.832842135958894,0.26648546713487026,0.0029955881767892902,0.02928164530677581,1800000,18000000,11998800000,393.90000000000003
606,0.8344681365440142,0.2645262555944829,0.0021466746495011815,0.02918420231762678,1800000,18000000,12018600000,394.55
607,0.8347674017491713,0.2648033438607913,0.0034597435830737247,0.029087083597692635,1800000,18000000,12038400000,395.2
608,0.8342692616448895,0.26700672326904024,0.005396446362283284,0.028990288067875493,1800000,18000000,12058200000,395.85
609,0.8350578102038198,0.2611349033260827,0.004600281694002501,0.028893814652668486,1800000,18000000,12078000000,396.5
610,0.8325637578677831,0.26587043087267886,0.0030872854485024456,0.028797662280143754,1800000,18000000,12097800000,397.15000000000003
611,0.8328653782138266,0.2719834433241011,0.0044158064621949555,0.028701829881940626,1800000,18000000,12117600000,397.8
612,0.8374744437552116,0.2650117677019806,0.0022217326448775382,0.0286063163932537,1800000,18000000,12137400000,398.45
613,0.8346548994059055,0.2580537244091414,0.0023173725441921547,0.028511120752821004,1800000,18000000,12157200000,399.1
614,0.8364414235028528,0.26687172796306785,0.0027957822626070135,0.028416241902912216,1800000,18000000,12177000000,399.75
615,0.835218410451422,0.2668301090491657,0.003007956817626392,0.02832167878931693,1800000,18000000,12196800000,400.40000000000003
616,0.832717418407251,0.27106530569055914,0.0031146006579997297,0.028227430361332895,1800000,18000000,12216600000,401.05
617,0.8353388259397413,0.26453470881892777,0.004558979405025759,0.028133495571754392,1800000,18000000,12236400000,401.7
618,0.8327804530146067,0.27055831997258994,0.004801290484657573,0.028039873376860563,1800000,18000000,12256200000,402.35
619,0.8367082608861014,0.26293337193205574,0.006731280343433855,0.027946562736403842,1800000,18000000,12276000000,403.0
620,0.8354567497978125,0.2654067309506984,0.0055254405056474245,0.027853562613598382,1800000,18000000,12295800000,403.65000000000003
621,0.8346518264138294,0.26609816646935325,0.0040415500381014696,0.02776087197510853,1800000,18000000,12315600000,404.3
622,0.8331275617087794,0.26016265958536455,0.004356066118434861,0.027668489791037327,1800000,18000000,12335400000,404.95
623,0.8347046140196378,0.2645451908497488,0.005884362402576133,0.027576415034915123,1800000,18000000,12355200000,405.6
624,0.8365658444550782,0.2650161754918796,0.0042200366417105605,0.027484646683688132,1800000,18000000,12375000000,406.25
625,0.8348320613511093,0.26719868286651,0.004482463733598391,0.02739318371770705,1800000,18000000,12394800000,406.90000000000003
626,0.8359234861992593,0.2597141561862158,0.00327521303222512,0.027302025120715785,1800000,18000000,12414600000,407.55
627,0.8341274217509738,0.2655448580416344,0.0031824803974559593,0.027211169879840062,1800000,18000000,12434400000,408.2
628,0.8353849248451859,0.2597123401809844,0.0029299658625394566,0.02712061698557629,1800000,18000000,12454200000,408.85
629,0.8371345767776932,0.266231653631645,0.0029153071482547342,0.027030365431780265,1800000,18000000,12474000000,409.5
630,0.8335230098559552,0.2688030787521164,0.0019528886504507571,0.02694041421565602,1800000,18000000,12493800000,410.15000000000003
631,0.8366336346865415,0.2654822900555197,0.0037770213132688824,0.026850762337744662,1800000,18000000,12513600000,410.8
632,0.8360492570512498,0.26762052269562225,0.00045281989789008143,0.026761408801913317,1800000,18000000,12533400000,411.45
633,0.8359369666703409,0.2632302496303726,0.003328023741851957,0.02667235261534397,1800000,18000000,12553200000,412.1
634,0.8335446773938338,0.2665216779849745,0.00378839383667288,0.02658359278852253,1800000,18000000,12573000000,412.75
635,0.834043100528006,0.26427428741473435,0.003332913045979952,0.026495128335227797,1800000,18000000,12592800000,413.40000000000003
636,0.8357756324880634,0.2627555124321732,0.004545273468572836,0.02640695827252048,1800000,18000000,12612600000,414.05
637,0.8337664255542819,0.26067717506710336,0.0023168992349953173,0.02631908162073231,1800000,18000000,12632400000,414.7
638,0.8366903123718498,0.2669596422625098,0.00450552355405788,0.026231497403455158,1800000,18000000,12652200000,415.35
639,0.8358057987862858,0.26008306699159145,0.0037989167856480087,0.026144204647530124,1800000,18000000,12672000000,416.0
640,0.8342566554141446,0.26287574525562063,0.0023497220303851625,0.026057202383036816,1800000,18000000,12691800000,416.65000000000003
641,0.8310723395398114,0.26940679524927874,0.003083794923027958,0.025970489643282507,1800000,18000000,12711600000,417.3
642,0.83322725841303,0.26394889581937075,0.0032050730973759993,0.025884065464791422,1800000,18000000,12731400000,417.95
643,0.833460988375337,0.2701498726804128,0.001953202962776868,0.025797928887294017,1800000,18000000,12751200000,418.6
644,0.8354694012546279,0.2574364053771308,0.003616008751376223,0.02571207895371634,1800000,18000000,12771000000,419.25
645,0.8329603831134313,0.2708861822706388,0.0038640051292880523,0.025626514710169333,1800000,18000000,12790800000,419.90000000000003
646,0.8337364420756764,0.26505340183284065,0.0031816763341135958,0.025541235205938307,1800000,18000000,12810600000,420.55
647,0.8346843829498655,0.26332705517425165,0.004991885661483455,0.02545623949347234,1800000,18000000,12830400000,421.2
648,0.8344443942268365,0.26713795969466725,0.0031538497619601575,0.025371526628373754,1800000,18000000,12850200000,421.85
649,0.8351765435210994,0.2612268788360598,0.003377856756867535,0.025287095669387614,1800000,18000000,12870000000,422.5
650,0.8354457836896226,0.265669796586375,0.005368529974937529,0.025202945678391302,1800000,18000000,12889800000,423.15000000000003
651,0.8364330228402516,0.268111063877863,0.00434324490262364,0.02511907572038403,1800000,18000000,12909600000,423.8
652,0.8366285429151293,0.26376911637339284,0.0028622145089453876,0.02503548486347652,1800000,18000000,12929400000,424.45
653,0.8345212753040492,0.26424457447179983,0.004506301206460385,0.024952172178880617,1800000,18000000,12949200000,425.1
654,0.8345223471654493,0.2686639959947472,0.0027972073472680202,0.024869136740898967,1800000,18000000,12969000000,425.75
655,0.8337168440092296,0.2655735415368975,0.003230732531051741,0.024786377626914748,1800000,18000000,12988800000,426.40000000000003
656,0.8325218708421941,0.26735768563557016,0.0020875712056797687,0.024703893917381377,1800000,18000000,13008600000,427.05
657,0.8368161948207042,0.26616980950940117,0.0031554813347234277,0.024621684695812353,1800000,18000000,13028400000,427.7
658,0.8347816794852535,0.26884731472929524,0.0031494294116993105,0.02453974904877104,1800000,18000000,13048200000,428.35
659,0.8352244843806605,0.2676660367775129,0.0015698579960938801,0.02445808606586051,1800000,18000000,13068000000,429.0
660,0.8356451802143824,0.26605774866211757,0.003139810473773451,0.024376694839713452,1800000,18000000,13087800000,429.65000000000003
661,0.8354689596836121,0.26763941995876234,0.003985315224484933,0.024295574465982076,1800000,18000000,13107600000,430.3
662,0.8363498191571749,0.26355722604418613,0.002657014734907423,0.024214724043328046,1800000,18000000,13127400000,430.95
663,0.8353501462562508,0.26239700420842,0.003054810291309843,0.02413414267341251,1800000,18000000,13147200000,431.6
664,0.8327270339760682,0.2669825566780772,0.0021961540162399188,0.02405382946088608,1800000,18000000,13167000000,432.25
665,0.8363051274746184,0.2607083346321306,0.0019737181917499954,0.02397378351337891,1800000,18000000,13186800000,432.90000000000003
666,0.8348286825351464,0.2672787555823995,0.003433291219373915,0.02389400394149075,1800000,18000000,13206600000,433.55
667,0.835850392087388,0.2637008986305626,0.003997850214778839,0.023814489858781113,1800000,18000000,13226400000,434.2
668,0.8345296432452658,0.26816417412155336,0.005812693433160668,0.02373524038175934,1800000,18000000,13246200000,434.85
669,0.8345185201734203,0.26760670501354084,0.004723197902447874,0.02365625462987489,1800000,18000000,13266000000,435.5
670,0.8336467534102899,0.2682534302474726,0.0025803086238102616,0.023577531725507483,1800000,18000000,13285800000,436.15000000000003
671,0.8354494862381951,0.26505736183510414,0.00250320556711128,0.023499070793957372,1800000,18000000,13305600000,436.8
672,0.8366890515142555,0.263561042535454,0.0030439567074471104,0.023420870963435616,1800000,18000000,13325400000,437.45
673,0.8352747395369817,0.26703899995326436,0.001629791619624518,0.02334293136505442,1800000,18000000,13345200000,438.1
674,0.8346984482337848,0.2645049628817039,0.0033111601607069365,0.02326525113281743,1800000,18000000,13365000000,438.75
675,0.83838086438859,0.2645151326622973,0.00302558172160328,0.023187829403610152,1800000,18000000,13384800000,439.40000000000003
676,0.8343218631006283,0.2653468412850183,0.002177273467033218,0.023110665317190367,1800000,18000000,13404600000,440.05
677,0.8353649565524457,0.2656862425710543,0.004141992359774477,0.023033758016178532,1800000,18000000,13424400000,440.7
678,0.8358601135248962,0.2703987021304884,0.0014051789503955877,0.022957106646048307,1800000,18000000,13444200000,441.35
679,0.8342854475356796,0.2663644287158863,0.0028189894484122913,0.022880710355116993,1800000,18000000,13464000000,442.0
680,0.8316732929340476,0.26797693461231226,0.0023150767815622595,0.02280456829453613,1800000,18000000,13483800000,442.65000000000003
681,0.834819966723064,0.264313968013555,0.0031037411139252353,0.022728679618282042,1800000,18000000,13503600000,443.3
682,0.8315488893046592,0.2708196598442385,0.0009275070607100877,0.02265304348314644,1800000,18000000,13523400000,443.95
683,0.8357772669154283,0.2645464918200784,0.0035542802262690416,0.02257765904872704,1800000,18000000,13543200000,444.6
684,0.8345224684777675,0.2650795527374511,0.0035637502470789793,0.022502525477418246,1800000,18000000,13563000000,445.25
685,0.8364730394279313,0.25759960070037197,0.0033100608130345365,0.02242764193440181,1800000,18000000,13582800000,445.90000000000003
686,0.8346407119234197,0.2645451107220622,0.0022797740587224076,0.02235300758763761,1800000,18000000,13602600000,446.55
687,0.8371078319128329,0.26648743313853845,0.004160583044155168,0.02227862160785435,1800000,18000000,13622400000,447.2
688,0.8365638511818514,0.2664865316885763,0.003744650058835325,0.02220448316854038,1800000,18000000,13642200000,447.85
689,0.833115974872796,0.26894770245046684,0.0035243167922005716,0.0221305914459345,1800000,18000000,13662000000,448.5
690,0.8356458746133383,0.26810860636947387,0.0035666008994954105,0.022056945619016825,1800000,18000000,13681800000,449.15000000000003
691,0.8346969786036113,0.2667704869548466,0.001903242706626561,0.02198354486949961,1800000,18000000,13701600000,449.8
692,0.8344528469807836,0.26750285860943357,0.0022161122296114667,0.02191038838181822,1800000,18000000,13721400000,450.45
693,0.8358521347855663,0.2633797700198549,0.002638331749401539,0.021837475343122043,1800000,18000000,13741200000,451.1
694,0.8340344661200442,0.2642067930078663,0.003934007431047213,0.021764804943265458,1800000,18000000,13761000000,451.75
695,0.836767628465891,0.26729766565865376,0.0037763667206339095,0.021692376374798823,1800000,18000000,13780800000,452.40000000000003
696,0.8345367798268837,0.2632449438428405,0.003644639032540651,0.02162018883295954,1800000,18000000,13800600000,453.05
697,0.8368321287974652,0.2616318301652338,0.0020313595718548278,0.021548241515663043,1800000,18000000,13820400000,453.7
698,0.8316252447846365,0.26351036097724845,0.002827211833939809,0.021476533623493964,1800000,18000000,13840200000,454.35
699,0.8328186073774513,0.26388618140596265,0.001831516143206235,0.021405064359697207,1800000,18000000,13860000000,455.0
700,0.8363697542284683,0.26796572519761785,0.0026265277368770607,0.021333832930169112,1800000,18000000,13879800000,455.65000000000003
701,0.8355482430549508,0.2604691253904055,0.0010279093776795702,0.021262838543448622,1800000,18000000,13899600000,456.3
702,0.8354339816289154,0.2676967020335885,0.002643060289990315,0.02119208041070847,1800000,18000000,13919400000,456.95
703,0.8317941240026826,0.2665102744435537,0.0025747447548947963,0.02112155774574646,1800000,18000000,13939200000,457.6
704,0.8348516619447833,0.2689709570627152,0.004485673709503301,0.021051269764976704,1800000,18000000,13959000000,458.25
705,0.8359177674671032,0.26915409001011215,0.0029271270869203215,0.020981215687420916,1800000,18000000,13978800000,458.90000000000003
706,0.8357772405589603,0.26406117853867966,0.0025484192939328122,0.02091139473469973,1800000,18000000,13998600000,459.55
707,0.8337844292786206,0.266160483793199,0.0034599961393073477,0.020841806131024078,1800000,18000000,14018400000,460.2
708,0.8314279216513579,0.26979653896756417,0.002309319119586327,0.020772449103186517,1800000,18000000,14038200000,460.85
709,0.8345046393320674,0.26612333593299214,0.0013824458565948972,0.0207033228805527,1800000,18000000,14058000000,461.5
710,0.8341076017528541,0.25987880419254883,0.004084216006380534,0.020634426695052777,1800000,18000000,14077800000,462.15000000000003
711,0.8357485917176922,0.26455932789154424,0.0035246023661571215,0.020565759781172862,1800000,18000000,14097600000,462.8
712,0.8370636541423813,0.2666458723251776,0.0029706758156191823,0.020497321375946544,1800000,18000000,14117400000,463.45
713,0.834596895133481,0.26898004975963274,0.002781538493163786,0.0204291107189464,1800000,18000000,14137200000,464.1
714,0.8360356409673767,0.2660275789589174,0.0035105481523089667,0.020361127052275524,1800000,18000000,14157000000,464.75
715,0.8350330499548763,0.2631659254195395,0.0036072877964595878,0.020293369620559148,1800000,18000000,14176800000,465.40000000000003
716,0.8347088308259073,0.2626371989171334,0.0028546949660310933,0.020225837670936227,1800000,18000000,14196600000,466.05
717,0.8327449009698801,0.26403097461664254,0.0022460000843380033,0.020158530453051063,1800000,18000000,14216400000,466.7
718,0.8326017208629403,0.27096488420157677,0.0020136026501970297,0.020091447219045,1800000,18000000,14236200000,467.35
719,0.8330240287383025,0.26915169167866393,0.002157918069116253,0.020024587223548076,1800000,18000000,14256000000,468.0
720,0.833345021222574,0.2676626782297953,0.0011043402493281986,0.019957949723670754,1800000,18000000,14275800000,468.65000000000003
721,0.8342320233270755,0.2602324144089306,0.0017662861101949991,0.01989153397899569,1800000,18000000,14295600000,469.3
722,0.834996980567711,0.2595058384227367,0.00423840835971848,0.01982533925156948,1800000,18000000,14315400000,469.95
723,0.8353967872513733,0.26201994764413294,0.003517124720837806,0.019759364805894478,1800000,18000000,14335200000,470.6
724,0.8374496962381631,0.2617954668335777,0.001655065263358475,0.019693609908920603,1800000,18000000,14355000000,471.25
725,0.8335124048914504,0.26461615762938157,0.0030405741007084493,0.019628073830037226,1800000,18000000,14374800000,471.90000000000003
726,0.8317189264973684,0.2667408893248683,0.00171430392036693,0.019562755841064997,1800000,18000000,14394600000,472.55
727,0.836735623413378,0.2675866757966875,0.0029991236556546784,0.019497655216247817,1800000,18000000,14414400000,473.2
728,0.8367574127771087,0.2638738076099001,0.000704515459558897,0.019432771232244746,1800000,18000000,14434200000,473.85
729,0.8339077783818257,0.2622828496731561,0.0017282953271475232,0.019368103168121962,1800000,18000000,14454000000,474.5
730,0.8351159590173791,0.26306025163992885,0.0032310024001245357,0.019303650305344755,1800000,18000000,14473800000,475.15000000000003
731,0.8353120547294604,0.2635685908320226,0.003524984539162962,0.01923941192776953,1800000,18000000,14493600000,475.8
732,0.8343668721974371,0.26940303699811036,0.001037457770439653,0.019175387321635887,1800000,18000000,14513400000,476.45
733,0.8346541654307877,0.2624417011274722,0.0017639999196044937,0.019111575775558647,1800000,18000000,14533200000,477.1
734,0.8357799948461299,0.2599476437218232,0.0023722984651670808,0.01904797658051998,1800000,18000000,14553000000,477.75
735,0.8336266428159638,0.26881079662149837,0.002373179515665108,0.01898458902986151,1800000,18000000,14572800000,478.40000000000003
736,0.833987318291687,0.2651604635989603,0.0034950341251024043,0.01892141241927647,1800000,18000000,14592600000,479.05
737,0.8367155223521313,0.2675375581563288,0.0033520786176952913,0.01885844604680186,1800000,18000000,14612400000,479.7
738,0.8343142505709179,0.26735374251906124,0.003421230716970451,0.018795689212810673,1800000,18000000,14632200000,480.35
739,0.8352116778172487,0.2639128751284343,0.001346834991526158,0.018733141220004107,1800000,18000000,14652000000,481.0
740,0.8333576834517739,0.2627001430188424,0.002377105319887775,0.01867080137340383,1800000,18000000,14671800000,481.65000000000003
741,0.8366649584005293,0.2629128247261443,0.002708244410940407,0.01860866898034423,1800000,18000000,14691600000,482.3
742,0.8363779409162535,0.2670604398802142,0.0023176550317290027,0.01854674335046476,1800000,18000000,14711400000,482.95
743,0.8351356282322755,0.2620887046393639,0.00029216323850284835,0.018485023795702205,1800000,18000000,14731200000,483.6
744,0.8351361435392878,0.2674779566502594,0.0027827038900068075,0.01842350963028311,1800000,18000000,14751000000,484.25
745,0.8367406378208807,0.2607375733927311,0.0024286777045275736,0.018362200170716117,1800000,18000000,14770800000,484.90000000000003
746,0.8367506385446258,0.26801844551838805,0.0024900066424499044,0.018301094735784378,1800000,18000000,14790600000,485.55
747,0.8316071091397019,0.27127017928101543,0.00147581752430159,0.018240192646537985,1800000,18000000,14810400000,486.2
748,0.8362908563040546,0.2648588824834717,0.001903006307199533,0.018179493226286442,1800000,18000000,14830200000,486.85
749,0.8371851016915517,0.2624000281758305,0.002546080650270046,0.018118995800591103,1800000,18000000,14850000000,487.5
750,0.8357245769354259,0.2602788180520355,0.0025243190718517022,0.018058699697257735,1800000,18000000,14869800000,488.15000000000003
751,0.8366243723594801,0.2636220473515533,0.003097112659672484,0.017998604246329014,1800000,18000000,14889600000,488.8
752,0.837958962580276,0.2660596079370072,0.0020294272231532627,0.01793870878007709,1800000,18000000,14909400000,489.45
753,0.8350439764570783,0.2641864947993513,0.004267283219751182,0.017879012632996176,1800000,18000000,14929200000,490.1
754,0.8352043495989587,0.2687389082477355,0.001768869518606353,0.017819515141795115,1800000,18000000,14949000000,490.75
755,0.8339321638579207,0.26479320791713845,0.0021852534749605117,0.017760215645390067,1800000,18000000,14968800000,491.40000000000003
756,0.8364936271222206,0.2607197252492159,0.002501042299306966,0.017701113484897137,1800000,18000000,14988600000,492.05
757,0.8337192994159552,0.26542383761086047,0.0007719884083152166,0.017642208003625034,1800000,18000000,15008400000,492.7
758,0.8343403910615079,0.26612836649640575,0.0019370238373768566,0.017583498547067807,1800000,18000000,15028200000,493.35
759,0.8350786392890521,0.2651178651904652,0.003913089822001233,0.017524984462897568,1800000,18000000,15048000000,494.0
760,0.8346277838730826,0.2700454357647187,0.0015435526257664748,0.01746666510095721,1800000,18000000,15067800000,494.65000000000003
761,0.8375175844031729,0.2583916456278776,0.00033539292683151204,0.017408539813253226,1800000,18000000,15087600000,495.3
762,0.8376783536501645,0.2640808997826515,0.004484536736509292,0.017350607953948487,1800000,18000000,15107400000,495.95
763,0.8359042230481779,0.2644933369564361,0.0025914309550585674,0.017292868879355078,1800000,18000000,15127200000,496.6
764,0.8355778137539793,0.2653397510616946,0.0021102977627287327,0.017235321947927124,1800000,18000000,15147000000,497.25
765,0.8360290922223831,0.26764032828278583,0.001984064112791971,0.017177966520253697,1800000,18000000,15166800000,497.90000000000003
766,0.8353698035273934,0.2664560338220466,0.001362125421986713,0.01712080195905166,1800000,18000000,15186600000,498.55
767,0.8355644492698706,0.26166023913620695,0.001482385002886605,0.017063827629158642,1800000,18000000,15206400000,499.20000000000005
768,0.8373183402296209,0.2620953906582312,0.0013442774169668045,0.017007042897525942,1800000,18000000,15226200000,499.85
769,0.8362793830293427,0.262741382618018,0.0018196630248918679,0.016950447133211522,1800000,18000000,15246000000,500.5
770,0.8350777996876428,0.26843613050828147,0.000639348548812282,0.01689403970737297,1800000,18000000,15265800000,501.15000000000003
771,0.8344391837531585,0.2679273079815037,0.0022741785909191946,0.016837819993260533,1800000,18000000,15285600000,501.8
772,0.8335609434446546,0.2668782395004219,0.0033865995075544526,0.016781787366210135,1800000,18000000,15305400000,502.45000000000005
773,0.8339057457821412,0.2633052676151023,0.001980978214205617,0.016725941203636456,1800000,18000000,15325200000,503.1
774,0.8376681311817109,0.26271230673698637,0.0010166714214105842,0.016670280885026006,1800000,18000000,15345000000,503.75
775,0.8331360052562066,0.26604597393176826,0.0007939926809173684,0.01661480579193023,1800000,18000000,15364800000,504.40000000000003
776,0.8345628667851728,0.2723713935624704,0.0017459745105421615,0.016559515307958635,1800000,18000000,15384600000,505.05
777,0.8326141165500833,0.26489288608840383,0.0007992572661529532,0.016504408818771934,1800000,18000000,15404400000,505.70000000000005
778,0.8350145563225331,0.2620909295069071,0.0008785984236094522,0.01644948571207524,1800000,18000000,15424200000,506.35
779,0.8364936691992129,0.26960986157562794,0.0035130496816877218,0.016394745377611247,1800000,18000000,15444000000,507.0
780,0.8369858238809412,0.2636249496761903,0.002607541767515538,0.016340187207153453,1800000,18000000,15463800000,507.65000000000003
781,0.8362351662583789,0.26251396758355006,0.0011007166478643675,0.016285810594499402,1800000,18000000,15483600000,508.3
782,0.8338434901413159,0.2666036461347232,0.0009469234800073003,0.016231614935463958,1800000,18000000,15503400000,508.95000000000005
783,0.8355107977578129,0.2652236499222319,0.0028518246463816767,0.01617759962787256,1800000,18000000,15523200000,509.6
784,0.8344712041943203,0.26832630591329354,0.003425944746481428,0.016123764071554577,1800000,18000000,15543000000,510.25
785,0.8348440576021328,0.26848897269814564,0.003914789613674074,0.016070107668336605,1800000,18000000,15562800000,510.90000000000003
786,0.8348070414894272,0.26990625175235583,0.002885353868718461,0.01601662982203583,1800000,18000000,15582600000,511.55
787,0.8342856730009266,0.2633844535095513,0.004104664360496783,0.015963329938453414,1800000,18000000,15602400000,512.2
788,0.8367048244489406,0.26613785577966,0.002881716696835276,0.015910207425367886,1800000,18000000,15622200000,512.85
789,0.8364412242644156,0.263681630081265,0.0035965630170961024,0.015857261692528542,1800000,18000000,15642000000,513.5
790,0.8341718255186138,0.26167430126473995,0.0010171429770111568,0.015804492151648922,1800000,18000000,15661800000,514.15
791,0.8331961007365365,0.2605478456037539,0.0008864191498292276,0.015751898216400252,1800000,18000000,15681600000,514.8000000000001
792,0.8357033889934806,0.2654595057769114,0.0016418331071951717,0.015699479302404933,1800000,18000000,15701400000,515.45
793,0.8347091311549578,0.2612344765548003,0.0027557382005660106,0.015647234827230044,1800000,18000000,15721200000,516.1
794,0.8344232599137573,0.2640459999768456,0.001932102313492589,0.015595164210380888,1800000,18000000,15741000000,516.75
795,0.8375636633697094,0.2658120329162257,0.0009202499681040026,0.015543266873294511,1800000,18000000,15760800000,517.4
796,0.8360839222696437,0.2652766170552981,0.0008518319115903763,0.015491542239333302,1800000,18000000,15780600000,518.0500000000001
797,0.8324873797394634,0.2652297967118465,9.387647410251691e-05,0.01543998973377857,1800000,18000000,15800400000,518.7
798,0.835096563699085,0.263664513660899,0.0024481123039196825,0.015388608783824179,1800000,18000000,15820200000,519.35
799,0.8324284867154191,0.2699052107877744,0.0010691940342043948,0.015337398818570146,1800000,18000000,15840000000,520.0
800,0.8357361554676319,0.2599095340273401,0.0006565651893098113,0.01528635926901634,1800000,18000000,15859800000,520.65
801,0.8354421622112029,0.261370943721902,0.0016802691047592526,0.01523548956805612,1800000,18000000,15879600000,521.3000000000001
802,0.8355437111986695,0.26392519933233954,0.00026035078612870067,0.01518478915047006,1800000,18000000,15899400000,521.95
803,0.8347860172282138,0.26610618520071366,0.0022946811635075784,0.015134257452919677,1800000,18000000,15919200000,522.6
804,0.8336378868705528,0.2678006942479506,0.0010519025714678238,0.01508389391394114,1800000,18000000,15939000000,523.25
805,0.8318557073253757,0.2602073356827909,0.003002112588580322,0.015033697973939058,1800000,18000000,15958800000,523.9
806,0.834403979800315,0.2657977179963906,0.0014581059476741977,0.014983669075180239,1800000,18000000,15978600000,524.5500000000001
807,0.8351795006412034,0.2628184674636579,0.0018158263268198492,0.014933806661787518,1800000,18000000,15998400000,525.2
808,0.8348343402708436,0.2687093176005975,0.0029296093979133755,0.014884110179733566,1800000,18000000,16018200000,525.85
809,0.8361771887350105,0.26594759398265816,0.0013544037355886144,0.01483457907683474,1800000,18000000,16038000000,526.5
810,0.8351701747410257,0.26912667166521476,0.0025010823853048327,0.014785212802744946,1800000,18000000,16057800000,527.15
811,0.83588675433813,0.2614535996899095,0.0015979722797275773,0.014736010808949521,1800000,18000000,16077600000,527.8000000000001
812,0.836089807991291,0.2608464024644942,0.001114754711171041,0.014686972548759124,1800000,18000000,16097400000,528.45
813,0.8345540378169602,0.2706603390056031,0.0007998301383302599,0.014638097477303708,1800000,18000000,16117200000,529.1
814,0.8340418628675847,0.2680368270794772,0.002844234974016156,0.014589385051526413,1800000,18000000,16137000000,529.75
815,0.8310948950291452,0.2694232969696818,0.0010352635110229811,0.014540834730177563,1800000,18000000,16156800000,530.4
816,0.8368004764323221,0.26285853882280735,0.0018431019417998805,0.014492445973808648,1800000,18000000,16176600000,531.0500000000001
817,0.8349742518692287,0.26183839960832417,0.0008011659138879894,0.014444218244766325,1800000,18000000,16196400000,531.7
818,0.8363466424438922,0.26615748377167703,0.0012573222469809216,0.01439615100718643,1800000,18000000,16216200000,532.35
819,0.8365710024800873,0.26098370612618627,0.001196115281669532,0.014348243726988055,1800000,18000000,16236000000,533.0
820,0.833684512085893,0.2603936459692492,0.0016099702853565434,0.014300495871867599,1800000,18000000,16255800000,533.65
821,0.8318475948693196,0.2655699793182555,0.0016049206867876273,0.01425290691129284,1800000,18000000,16275600000,534.3000000000001
822,0.8329210464140533,0.26864118099672746,0.0011598634533080778,0.014205476316497063,1800000,18000000,16295400000,534.95
823,0.8336136930426938,0.26090089114401627,0.00022974855763914655,0.014158203560473181,1800000,18000000,16315200000,535.6
824,0.8332979510199572,0.2635448139257702,0.0011764831075974026,0.014111088117967848,1800000,18000000,16335000000,536.25
825,0.8362171206237393,0.26055934571237865,0.0015221102024042382,0.014064129465475665,1800000,18000000,16354800000,536.9
826,0.833658533235424,0.2686622284439004,0.0013020921580330993,0.01401732708123335,1800000,18000000,16374600000,537.5500000000001
827,0.8355423280959329,0.259295555504555,0.0015673833894496504,0.013970680445213924,1800000,18000000,16394400000,538.2
828,0.8353795824799279,0.267782920709713,0.0016828599105419484,0.013924189039120962,1800000,18000000,16414200000,538.85
829,0.833695334755239,0.2670795195749798,0.0011155771381518064,0.01387785234638279,1800000,18000000,16434000000,539.5
830,0.8358819857692575,0.2622656035074013,0.0006371414868251641,0.013831669852146802,1800000,18000000,16453800000,540.15
831,0.8355871666959872,0.26510629272323377,0.0008905925303929911,0.013785641043273693,1800000,18000000,16473600000,540.8000000000001
832,0.8381280344155068,0.25795288685825263,0.0024809015787495762,0.01373976540833178,1800000,18000000,16493400000,541.45
833,0.8332802902964714,0.2669237375528208,0.0019861427156318227,0.013694042437591319,1800000,18000000,16513200000,542.1
834,0.8331860587557569,0.2664782475363176,0.0030623697329586414,0.01364847162301883,1800000,18000000,16533000000,542.75
835,0.8355549162314883,0.2709094983164071,0.0019214678737174491,0.013603052458271453,1800000,18000000,16552800000,543.4
836,0.8353877619078125,0.2603084747639599,0.002521419056127068,0.013557784438691338,1800000,18000000,16572600000,544.0500000000001
837,0.83475772233561,0.2677737613917489,0.0011035687442952785,0.013512667061300028,1800000,18000000,16592400000,544.7
838,0.8336075655876659,0.262175414080738,0.0011095414983755777,0.013467699824792862,1800000,18000000,16612200000,545.35
839,0.8341183006633063,0.26519917906860113,0.0025176172152561005,0.013422882229533415,1800000,18000000,16632000000,546.0
840,0.833474287375286,0.26310366003812075,0.0029507890793610487,0.013378213777547955,1800000,18000000,16651800000,546.65
841,0.8358608212232465,0.2591579950274399,0.0008214122465773136,0.013333693972519876,1800000,18000000,16671600000,547.3000000000001
842,0.8348770421648247,0.26638426537924026,0.0014242743051760003,0.013289322319784223,1800000,18000000,16691400000,547.95
843,0.8355487445731603,0.2618568823441014,0.0007986421917474898,0.01324509832632218,1800000,18000000,16711200000,548.6
844,0.8380679198471259,0.26240030039808215,0.0014915117026954347,0.013201021500755583,1800000,18000000,16731000000,549.25
845,0.8345074204244708,0.2661233611660318,0.0015485802184491146,0.013157091353341475,1800000,18000000,16750800000,549.9
846,0.8357411415187368,0.262987428679969,0.000867936147088665,0.013113307395966662,1800000,18000000,16770600000,550.5500000000001
847,0.8353716261997123,0.2631911161684963,0.0001133889637039661,0.01306966914214226,1800000,18000000,16790400000,551.2
848,0.8336808646676801,0.26386668549244163,0.001675194868867315,0.013026176106998346,1800000,18000000,16810200000,551.85
849,0.8343964047582225,0.26766040136341523,0.003358054357147154,0.012982827807278526,1800000,18000000,16830000000,552.5
850,0.8344753368286254,0.2675136897934241,0.003839091321525418,0.012939623761334574,1800000,18000000,16849800000,553.15
851,0.8396307469992377,0.2614956171139575,0.0024304735350386664,0.012896563489121101,1800000,18000000,16869600000,553.8000000000001
852,0.8351426454639863,0.26542024753521326,0.002082992242260512,0.012853646512190182,1800000,18000000,16889400000,554.45
853,0.838315522941445,0.26556165967043405,0.0045934065854776876,0.012810872353686081,1800000,18000000,16909200000,555.1
854,0.8347232261887373,0.2681127875803346,0.0002452379015871757,0.012768240538339934,1800000,18000000,16929000000,555.75
855,0.8364606588603524,0.26387349423315065,0.000279775697518944,0.01272575059246446,1800000,18000000,16948800000,556.4
856,0.8362379508487827,0.2626205190932183,0.0018068070356082862,0.012683402043948716,1800000,18000000,16968600000,557.0500000000001
857,0.8330502411490526,0.26622330705042185,0.0007571620558049627,0.012641194422252843,1800000,18000000,16988400000,557.7
858,0.8359747016731717,0.26760671924732976,0.0024076289169740724,0.012599127258402818,1800000,18000000,17008200000,558.35
859,0.8353552755038617,0.2705579466415212,0.002687099105250762,0.012557200084985287,1800000,18000000,17028000000,559.0
860,0.8340043297695204,0.2705781908286985,0.001794541046258914,0.012515412436142334,1800000,18000000,17047800000,559.65
861,0.8355068730410832,0.2655746387499764,0.0005036296322038306,0.012473763847566318,1800000,18000000,17067600000,560.3000000000001
862,0.8377021401915342,0.2588885761693631,0.0008438434833887673,0.01243225385649472,1800000,18000000,17087400000,560.95
863,0.8347426350811372,0.2619305008952698,0.0022324736847182487,0.012390882001704991,1800000,18000000,17107200000,561.6
864,0.8343998792213889,0.2708440501369024,0.0008095908527382725,0.01234964782350942,1800000,18000000,17127000000,562.25
865,0.8342514301000546,0.26436940375583173,0.0022199278095393913,0.012308550863750054,1800000,18000000,17146800000,562.9
866,0.833780488350489,0.27037908980848196,0.0015376844082354946,0.012267590665793582,1800000,18000000,17166600000,563.5500000000001
867,0.8347557621015028,0.2636948811337778,0.0013841331649105623,0.012226766774526273,1800000,18000000,17186400000,564.2
868,0.8347549994126572,0.265176373863,0.0,0.012186078736348917,1800000,18000000,17206200000,564.85
869,0.8332630175866814,0.2688659997560702,0.0015675718459543012,0.012145526099171784,1800000,18000000,17226000000,565.5
870,0.8353649517559575,0.26460366881041514,0.0,0.01210510841240959,1800000,18000000,17245800000,566.15
871,0.8350950213832314,0.26637694971771897,0.00017787536404405085,0.01206482522697652,1800000,18000000,17265600000,566.8000000000001
872,0.833239475603828,0.2730014573033151,0.0015695968461165411,0.012024676095281203,1800000,18000000,17285400000,567.45
873,0.8323900965292218,0.26894028189744407,0.0002985931104121193,0.011984660571221769,1800000,18000000,17305200000,568.1
874,0.8353337724330092,0.2647469867336237,0.0008905151552591555,0.011944778210180869,1800000,18000000,17325000000,568.75
875,0.8337701269669215,0.26948270781528666,0.0019110480337295407,0.011905028569020754,1800000,18000000,17344800000,569.4
876,0.8360265771074235,0.25763738367432143,0.0019796405344440393,0.011865411206078324,1800000,18000000,17364600000,570.0500000000001
877,0.8354964143237813,0.268406874048964,0.0006290473319412517,0.011825925681160258,1800000,18000000,17384400000,570.7
878,0.8359977774172228,0.2625577795751198,0.0017433017176922431,0.01178657155553809,1800000,18000000,17404200000,571.35
879,0.8348845369755147,0.2698107818346991,0.0008033101210328172,0.01174734839194336,1800000,18000000,17424000000,572.0
880,0.8329025063567888,0.26702657525849677,0.0025943384387576663,0.011708255754562732,1800000,18000000,17443800000,572.65
881,0.8343543130528074,0.2671365586763006,0.001359997867192018,0.011669293209033163,1800000,18000000,17463600000,573.3000000000001
882,0.8370518765671883,0.26874315903241797,0.0029251904293215265,0.011630460322437081,1800000,18000000,17483400000,573.95
883,0.8366654138516283,0.25486765248956733,0.0005949524515835356,0.01159175666329757,1800000,18000000,17503200000,574.6
884,0.8335641241732998,0.26058764494592696,0.00035051605633885246,0.011553181801573576,1800000,18000000,17523000000,575.25
885,0.8352243211049362,0.26054052289151164,0.0003509853516569871,0.011514735308655124,1800000,18000000,17542800000,575.9
886,0.8368793220829412,0.2637330452759553,0.0014142174706096367,0.011476416757358571,1800000,18000000,17562600000,576.5500000000001
887,0.8330400195754141,0.26586938739514954,0.00021802320171651884,0.011438225721921835,1800000,18000000,17582400000,577.2
888,0.8370915431042606,0.2597921178782484,0.0015992956852913915,0.011400161777999683,1800000,18000000,17602200000,577.85
889,0.8354101379463722,0.2617501361321242,0.0027825158027070147,0.01136222450265902,1800000,18000000,17622000000,578.5
890,0.8336040724663547,0.2648150186792208,0.0016113512104159297,0.011324413474374167,1800000,18000000,17641800000,579.15
891,0.8356565719207756,0.26870863073049567,0.0013336190135988938,0.011286728273022203,1800000,18000000,17661600000,579.8000000000001
892,0.835153429146044,0.2687574833759316,0.0008807766040359762,0.011249168479878289,1800000,18000000,17681400000,580.45
893,0.832616284306524,0.2686793779507164,0.0012128884082847587,0.011211733677610984,1800000,18000000,17701200000,581.1
894,0.8326122237140418,0.2683979795002439,0.002373584562697936,0.01117442345027767,1800000,18000000,17721000000,581.75
895,0.8332802850863588,0.26845925810227206,0.0016288431314054343,0.011137237383319877,1800000,18000000,17740800000,582.4
896,0.8372420383288192,0.26308189824120637,0.0027946990730776276,0.011100175063558702,1800000,18000000,17760600000,583.0500000000001
897,0.836442242989062,0.2607714694983474,0.0,0.01106323607919021,1800000,18000000,17780400000,583.7
898,0.8360793311569897,0.2670164448990752,0.00010737214262589406,0.011026420019780866,1800000,18000000,17800200000,584.35
899,0.8351302866171523,0.2652164900513971,0.0015501931332409867,0.010989726476262956,1800000,18000000,17820000000,585.0
900,0.8356602750854089,0.26880365368390086,0.0,0.010953155040930068,1800000,18000000,17839800000,585.65
901,0.832911981047087,0.2670905919678204,0.0006197669446832916,0.010916705307432543,1800000,18000000,17859600000,586.3000000000001
902,0.8345710689613834,0.26710230240575616,0.0,0.010880376870772968,1800000,18000000,17879400000,586.95
903,0.833983676334867,0.26592795647364376,0.0,0.010844169327301678,1800000,18000000,17899200000,587.6
904,0.8358611986225133,0.2597345862359568,0.000996459497788033,0.010808082274712251,1800000,18000000,17919000000,588.25
905,0.8346484507536726,0.2690039030261808,0.0010372388217225683,0.010772115312037072,1800000,18000000,17938800000,588.9
906,0.8330190119315853,0.2682313138408924,0.0008079577258285372,0.010736268039642852,1800000,18000000,17958600000,589.5500000000001
907,0.8360507495411331,0.26809327840709374,0.001565444131488261,0.010700540059226191,1800000,18000000,17978400000,590.2
908,0.8345212780934309,0.26391612825371324,0.002242745115750304,0.010664930973809168,1800000,18000000,17998200000,590.85
909,0.8364006183461509,0.26287863063949096,0.0009018716542505108,0.010629440387734914,1800000,18000000,18018000000,591.5
910,0.8367542809640552,0.2556475094991515,0.00023439421085317874,0.010594067906663207,1800000,18000000,18037800000,592.15
911,0.8357054254948613,0.2643689913916863,0.0,0.010558813137566122,1800000,18000000,18057600000,592.8000000000001
912,0.8334050943366875,0.2725541155708793,0.0012493423623937913,0.01052367568872364,1800000,18000000,18077400000,593.45
913,0.8335597851101456,0.2656078880842703,0.0017529125223903512,0.010488655169719302,1800000,18000000,18097200000,594.1
914,0.8358085114229988,0.2663759577276114,0.0019095532199564285,0.010453751191435868,1800000,18000000,18117000000,594.75
915,0.8368002654905675,0.26090032549884207,0.0017917894311028542,0.010418963366051004,1800000,18000000,18136800000,595.4
916,0.8352505012593187,0.266536256506047,0.0020837686207954343,0.01038429130703295,1800000,18000000,18156600000,596.0500000000001
917,0.8363542130942825,0.2669326865091481,0.0011289463115565837,0.010349734629136251,1800000,18000000,18176400000,596.7
918,0.8350355331757795,0.26842111549225167,0.0,0.010315292948397467,1800000,18000000,18196200000,597.35
919,0.8349824854371152,0.2620855395694462,0.002888564816698955,0.0102809658821309,1800000,18000000,18216000000,598.0
920,0.8336888589742166,0.26567771500963966,0.0013112807942982096,0.010246753048924351,1800000,18000000,18235800000,598.65
921,0.8353457687296822,0.2645472884971621,0.0007020993863231433,0.010212654068634879,1800000,18000000,18255600000,599.3000000000001
922,0.8354813594796989,0.26483126564630094,0.0,0.010178668562384568,1800000,18000000,18275400000,599.95
923,0.8361049465198376,0.26281852006005507,0.0014556149480769946,0.010144796152556337,1800000,18000000,18295200000,600.6
924,0.8346657043864889,0.2715122372673086,0.0012240658158568245,0.010111036462789725,1800000,18000000,18315000000,601.25
925,0.8341141036783796,0.2635982343411015,0.0011863236393730814,0.010077389117976725,1800000,18000000,18334800000,601.9
926,0.8356032690771503,0.2590298008813005,0.0,0.010043853744257604,1800000,18000000,18354600000,602.5500000000001
927,0.8334815424533085,0.2665138527346387,0.001555746910649588,0.010010429969016745,1800000,18000000,18374400000,603.2
928,0.8366893623340242,0.2685537365805502,0.001623154893297926,0.009977117420878534,1800000,18000000,18394200000,603.85
929,0.8381989280384742,0.2593405274203441,0.0,0.009943915729703197,1800000,18000000,18414000000,604.5
930,0.834957074920781,0.2652661477386716,0.0016308660297628804,0.009910824526582717,1800000,18000000,18433800000,605.15
931,0.8326891470699267,0.2668807910913886,0.0005306032357251959,0.009877843443836716,1800000,18000000,18453600000,605.8000000000001
932,0.8346236266939694,0.26297110710991034,0.004460914072396512,0.009844972115008389,1800000,18000000,18473400000,606.45
933,0.8356218526048248,0.2587022138278793,0.002421633183771303,0.009812210174860397,1800000,18000000,18493200000,607.1
934,0.8358143073360054,0.2618397221604536,0.0017671115510413983,0.009779557259370852,1800000,18000000,18513000000,607.75
935,0.8365562958617649,0.26902578126918253,0.001336564119420484,0.00974701300572925,1800000,18000000,18532800000,608.4
936,0.8338585111835075,0.2702567592060584,0.0012249483688435985,0.009714577052332429,1800000,18000000,18552600000,609.0500000000001
937,0.8344451013134756,0.2682997849251191,0.0013965795378176238,0.00968224903878058,1800000,18000000,18572400000,609.7
938,0.8344287695108012,0.26569478574806976,0.0020646402184405334,0.009650028605873223,1800000,18000000,18592200000,610.35
939,0.8347449643984164,0.2653872606692559,0.0022672645311773935,0.009617915395605208,1800000,18000000,18612000000,611.0
940,0.8343039911627739,0.2706358629213506,0.0,0.009585909051162758,1800000,18000000,18631800000,611.65
941,0.8358542764383438,0.2631030131109512,0.00011588256407500056,0.009554009216919498,1800000,18000000,18651600000,612.3000000000001
942,0.8334346117955381,0.2617715354512175,0.0002591922695147058,0.009522215538432497,1800000,18000000,18671400000,612.95
943,0.835221853711207,0.265675344737371,0.0013742715703058666,0.009490527662438332,1800000,18000000,18691200000,613.6
944,0.8346350987425833,0.26392882178448096,0.002176726490809173,0.00945894523684917,1800000,18000000,18711000000,614.25
945,0.837980181645302,0.26331845602942994,0.0001860051492015368,0.009427467910748841,1800000,18000000,18730800000,614.9
946,0.8384191585031894,0.25903652251636533,0.0011351578315097442,0.009396095334388952,1800000,18000000,18750600000,615.5500000000001
947,0.8346388765508195,0.2622289303979421,0.0015541123968204654,0.009364827159185005,1800000,18000000,18770400000,616.2
948,0.834836695655661,0.268389239241725,0.0022262589040865,0.009333663037712504,1800000,18000000,18790200000,616.85
949,0.8352113744340846,0.26193691275534553,0.0006628545208076607,0.009302602623703115,1800000,18000000,18810000000,617.5
950,0.8339184166561407,0.26398974497915556,0.0013962972314988174,0.009271645572040809,1800000,18000000,18829800000,618.15
951,0.8355767473408882,0.26652201472467574,0.0008046308249492672,0.00924079153875802,1800000,18000000,18849600000,618.8000000000001
952,0.8356893897520725,0.2646675986047015,0.0,0.009210040181031845,1800000,18000000,18869400000,619.45
953,0.8335582093915719,0.2651649116824123,0.0022058895863899444,0.009179391157180212,1800000,18000000,18889200000,620.1
954,0.834685313392468,0.26324297509293326,0.000490206785173268,0.009148844126658095,1800000,18000000,18909000000,620.75
955,0.8350713601316397,0.269237762053128,0.0,0.009118398750053738,1800000,18000000,18928800000,621.4
956,0.8335930684622846,0.26794374410742156,0.0,0.009088054689084853,1800000,18000000,18948600000,622.0500000000001
957,0.8330683339703959,0.268209864935949,0.00018944477630970346,0.009057811606594903,1800000,18000000,18968400000,622.7
958,0.8356327436384694,0.26061856199092454,0.0021188016800597655,0.009027669166549323,1800000,18000000,18988200000,623.35
959,0.8347446844876935,0.2655284598858768,0.0019658960072574984,0.008997627034031805,1800000,18000000,19008000000,624.0
960,0.8339032212752111,0.2672239815511942,9.89121658927063e-05,0.008967684875240566,1800000,18000000,19027800000,624.65
961,0.8371027071043916,0.25915203196805986,0.001546689629739053,0.00893784235748465,1800000,18000000,19047600000,625.3000000000001
962,0.8356037963424128,0.26718052667871817,0.0007478216633012081,0.008908099149180209,1800000,18000000,19067400000,625.95
963,0.8362544766093862,0.26429122509440606,0.00021276233575186004,0.008878454919846852,1800000,18000000,19087200000,626.6
964,0.8361570982363002,0.26564896010727085,0.0021983453110634853,0.008848909340103947,1800000,18000000,19107000000,627.25
965,0.8346907740924454,0.2672419512933096,0.000524706158935349,0.00881946208166697,1800000,18000000,19126800000,627.9
966,0.8352061252558711,0.2604298933301241,0.0010393399088640153,0.008790112817343857,1800000,18000000,19146600000,628.5500000000001
967,0.8367471928984285,0.26280445721529605,0.0012489380004628583,0.008760861221031375,1800000,18000000,19166400000,629.2
968,0.8349375062503449,0.2618628181973824,0.0,0.008731706967711477,1800000,18000000,19186200000,629.85
969,0.8340805860420654,0.2704649850834013,0.0016266869925042845,0.008702649733447719,1800000,18000000,19206000000,630.5
970,0.835345443374621,0.26257956775900676,0.0006454199824260717,0.008673689195381645,1800000,18000000,19225800000,631.15
971,0.8342926748113845,0.26451327734000457,0.0,0.0086448250317292,1800000,18000000,19245600000,631.8000000000001
972,0.8331325095705414,0.2636126787339722,0.0006161915822208242,0.008616056921777155,1800000,18000000,19265400000,632.45
973,0.8370169140941593,0.25849842950917346,0.0013861959114531209,0.008587384545879555,1800000,18000000,19285200000,633.1
974,0.8355487659248563,0.2676737776670995,0.0011307283273710566,0.00855880758545414,1800000,18000000,19305000000,633.75
975,0.8337112663809457,0.26800304912014317,0.0,0.008530325722978842,1800000,18000000,19324800000,634.4
976,0.8351045578737494,0.2584679422785015,0.00021442526207823755,0.008501938641988227,1800000,18000000,19344600000,635.0500000000001
977,0.8363291964751421,0.2692624091719102,9.326616691451861e-05,0.00847364602706999,1800000,18000000,19364400000,635.7
978,0.8333874843659487,0.26821224717293896,0.00027887084945298437,0.008445447563861456,1800000,18000000,19384200000,636.35
979,0.8353372793577247,0.2634253884754524,0.0016671692587081738,0.008417342939046071,1800000,18000000,19404000000,637.0
980,0.8312597442733567,0.26877763349087985,0.0014975075908013236,0.008389331840349944,1800000,18000000,19423800000,637.65
981,0.8361195929614496,0.2677808476863852,0.0006631160761671242,0.008361413956538348,1800000,18000000,19443600000,638.3000000000001
982,0.8368528477934878,0.2610344021666313,0.0016101206626955118,0.008333588977412296,1800000,18000000,19463400000,638.95
983,0.8351425713135758,0.26719152913768124,0.0,0.008305856593805061,1800000,18000000,19483200000,639.6
984,0.8317520826591368,0.27177892121488784,0.00019388586698598092,0.008278216497578768,1800000,18000000,19503000000,640.25
985,0.8346016797729849,0.2623759240076277,0.0003336806641954838,0.008250668381620944,1800000,18000000,19522800000,640.9
986,0.8343772007005344,0.26555220279478664,1.9027473624665548e-05,0.008223211939841133,1800000,18000000,19542600000,641.5500000000001
987,0.8363995632322596,0.26544027571557904,0.0013743834922496647,0.008195846867167478,1800000,18000000,19562400000,642.2
988,0.835808739747244,0.2638082068890454,0.001128370569466455,0.008168572859543331,1800000,18000000,19582200000,642.85
989,0.8338545478008396,0.2619363267678559,0.0,0.008141389613923886,1800000,18000000,19602000000,643.5
990,0.8351330364086982,0.2640649315605451,0.0,0.008114296828272803,1800000,18000000,19621800000,644.15
991,0.8353005458152835,0.2678585017879653,0.0014057667493165326,0.008087294201558844,1800000,18000000,19641600000,644.8000000000001
992,0.8323493444892789,0.26593920415811184,0.0007556260535674472,0.00806038143375255,1800000,18000000,19661400000,645.45
993,0.8341908296301166,0.2632778356178362,0.0009502776714886694,0.008033558225822888,1800000,18000000,19681200000,646.1
994,0.8365665111885068,0.26523319795252887,0.0010103608007260248,0.008006824279733942,1800000,18000000,19701000000,646.75
995,0.8355931611144806,0.2646439938469717,0.0,0.00798017929844159,1800000,18000000,19720800000,647.4
996,0.8353570093144157,0.266607410785748,0.0023136099887121155,0.007953622985890214,1800000,18000000,19740600000,648.0500000000001
997,0.8359879412744333,0.26365744364078275,0.0006630602112699285,0.007927155047009393,1800000,18000000,19760400000,648.7
998,0.8383505372578305,0.259506487797367,0.0,0.007900775187710651,1800000,18000000,19780200000,649.35
999,0.8383331221214011,0.2620084502812882,0.0004922689396355008,0.007874483114884165,1800000,18000000,19800000000,650.0
