round,test_accuracy,train_objective,mfg,hfr_tau,downlink_bytes,uplink_bytes,cumulative_serialized_bytes,single_device_elapsed_seconds
0,0.5047234299706049,0.5940415446533154,0.032115492539794434,0.22,1800000,3600000,5400000,0.5700000000000001
1,0.5086009319595081,0.5946844923169233,0.02984436772387342,0.2192678875319951,1800000,3600000,10800000,1.1400000000000001
2,0.5162659155065875,0.5808247787712015,0.029933335582354934,0.21853821137610757,1800000,3600000,16200000,1.7100000000000002
3,0.520162796354812,0.5846280735513152,0.031027518444527835,0.21781096342481698,1800000,3600000,21600000,2.2800000000000002
4,0.5241490591626214,0.571926561408405,0.030457773902767077,0.21708613559758305,1800000,3600000,27000000,2.8500000000000005
5,0.5288540176940077,0.571371994752634,0.02927728262802426,0.21636371984075584,1800000,3600000,32400000,3.4200000000000004
6,0.5336229460217967,0.5665829512821715,0.0282145687269399,0.21564370812748615,1800000,3600000,37800000,3.99
7,0.5377694848536302,0.5639010245704922,0.0284873218362037,0.21492609245763647,1800000,3600000,43200000,4.5600000000000005
8,0.5426817529288486,0.5570641141347606,0.02870522738246809,0.2142108648576919,1800000,3600000,48600000,5.130000000000001
9,0.5472438077348899,0.5546545460846048,0.029474383123702378,0.21349801738067178,1800000,3600000,54000000,5.700000000000001
10,0.5517122445456963,0.5534691692907632,0.02972545384185106,0.2127875421060413,1800000,3600000,59400000,6.2700000000000005
11,0.5533409984633898,0.5485158267506125,0.028531611277623572,0.21207943113962338,1800000,3600000,64800000,6.840000000000001
12,0.5587924291505264,0.5422533372236141,0.02855386398907642,0.2113736766135111,1800000,3600000,70200000,7.410000000000001
13,0.5620339071082819,0.5362655831866779,0.028847824027706748,0.2106702706859803,1800000,3600000,75600000,7.98
14,0.568998958512533,0.5263674178756782,0.027684322933726045,0.20996920554140228,1800000,3600000,81000000,8.55
15,0.569660546021411,0.5266162122616094,0.027061268439166123,0.20927047339015709,1800000,3600000,86400000,9.120000000000001
16,0.5739870072426545,0.5247708773848463,0.03064484938882608,0.208574066468547,1800000,3600000,91800000,9.690000000000001
17,0.5790369185101688,0.5229380899925393,0.028883513525851563,0.2078799770387102,1800000,3600000,97200000,10.260000000000002
18,0.5827886240812219,0.5173377347576624,0.027583472819779707,0.20718819738853472,1800000,3600000,102600000,10.830000000000002
19,0.5867621232530972,0.5133955826500352,0.02771760209585578,0.2064987198315729,1800000,3600000,108000000,11.400000000000002
20,0.5905330892215311,0.5127285741862885,0.02674383319622536,0.2058115367069559,1800000,3600000,113400000,11.97
21,0.5965223167651348,0.5049552115497621,0.028879530558219076,0.2051266403793086,1800000,3600000,118800000,12.540000000000001
22,0.5978282492017306,0.5060726451747619,0.026481696600141442,0.20444402323866478,1800000,3600000,124200000,13.110000000000001
23,0.5985839216884081,0.49922780773969083,0.027525439263328292,0.20376367770038248,1800000,3600000,129600000,13.680000000000001
24,0.6002501313191648,0.4996289371189246,0.026079283670603057,0.20308559620505987,1800000,3600000,135000000,14.250000000000002
25,0.6069525280527192,0.49463926861928625,0.026585972712872236,0.20240977121845113,1800000,3600000,140400000,14.820000000000002
26,0.609668410422254,0.4884739608665438,0.02626887820296521,0.20173619523138275,1800000,3600000,145800000,15.390000000000002
27,0.6139102889133098,0.4827509134845291,0.02594558451827936,0.2010648607596702,1800000,3600000,151200000,15.96
28,0.6173868942692757,0.4859984839403328,0.02687757020466321,0.20039576034403467,1800000,3600000,156600000,16.53
29,0.6177833149058649,0.4865604485720979,0.026703692610097696,0.19972888655002022,1800000,3600000,162000000,17.1
30,0.6223596525521025,0.4797924688986796,0.026765515025786852,0.1990642319679111,1800000,3600000,167400000,17.67
31,0.6264671849175172,0.4715655367993217,0.025650723687044782,0.19840178921264964,1800000,3600000,172800000,18.240000000000002
32,0.6295211100390202,0.4727699389257934,0.025790264462534088,0.19774155092375395,1800000,3600000,178200000,18.810000000000002
33,0.6323546171177465,0.4735318823186949,0.026518204127627815,0.1970835097652362,1800000,3600000,183600000,19.380000000000003
34,0.6341472359129487,0.4630590041933512,0.026829047601224724,0.19642765842552126,1800000,3600000,189000000,19.950000000000003
35,0.6365808634166308,0.468261374537413,0.025662840126214538,0.19577398961736522,1800000,3600000,194400000,20.520000000000003
36,0.6387246474233091,0.4590262206592309,0.025921063209209023,0.19512249607777465,1800000,3600000,199800000,21.090000000000003
37,0.6417480852417602,0.46183822090819254,0.025427243271586523,0.1944731705679257,1800000,3600000,205200000,21.660000000000004
38,0.6451669962740343,0.45579760147249393,0.02701056366393399,0.1938260058730838,1800000,3600000,210600000,22.230000000000004
39,0.6462231498151683,0.45325031781386177,0.02655569687602378,0.1931809948025235,1800000,3600000,216000000,22.800000000000004
40,0.6492337420554135,0.44752158674545667,0.025524370159792312,0.19253813018944846,1800000,3600000,221400000,23.37
41,0.6513860723692507,0.4460597303573853,0.02652911134281703,0.19189740489091192,1800000,3600000,226800000,23.94
42,0.6533086429295365,0.4471838748317621,0.024747095683452555,0.1912588117877373,1800000,3600000,232200000,24.51
43,0.6559893838516085,0.4421962442182839,0.025852118812796906,0.1906223437844391,1800000,3600000,237600000,25.080000000000002
44,0.6606157457620152,0.44023553343527505,0.023300397334628416,0.1899879938091441,1800000,3600000,243000000,25.650000000000002
45,0.6622714212797685,0.4384629665583619,0.025303695985070835,0.18935575481351272,1800000,3600000,248400000,26.220000000000002
46,0.6657888775658077,0.43316489230094957,0.024432052684946,0.1887256197726607,1800000,3600000,253800000,26.790000000000003
47,0.6626685027171246,0.4374660097003007,0.024438298527980733,0.1880975816850811,1800000,3600000,259200000,27.360000000000003
48,0.6695089717720004,0.431473589418549,0.024705116390829035,0.1874716335725665,1800000,3600000,264600000,27.930000000000003
49,0.6726006361712078,0.4315196915936229,0.025527787292576987,0.18684776848013143,1800000,3600000,270000000,28.500000000000004
50,0.6726139640642037,0.4305771290579057,0.023877197902724256,0.1862259794759351,1800000,3600000,275400000,29.070000000000004
51,0.6770900183950759,0.42333366350512325,0.02337877538617632,0.18560625965120442,1800000,3600000,280800000,29.640000000000004
52,0.6751530627012524,0.4245204601296735,0.02361785427763413,0.18498860212015716,1800000,3600000,286200000,30.210000000000004
53,0.6806471043648401,0.4175646101133653,0.023854158233374445,0.18437300001992551,1800000,3600000,291600000,30.780000000000005
54,0.680583576059364,0.4230315944641175,0.024904680653121913,0.18375944651047985,1800000,3600000,297000000,31.350000000000005
55,0.6818015776124803,0.4197882246051712,0.024111101839656836,0.1831479347745526,1800000,3600000,302400000,31.92
56,0.6849448536289823,0.4189196421638854,0.02383447020457113,0.18253845801756263,1800000,3600000,307800000,32.49
57,0.6869130564273419,0.41207707250209524,0.025243764797984382,0.1819310094675397,1800000,3600000,313200000,33.06
58,0.6879703581664234,0.4187264889315111,0.024403690112960955,0.18132558237504928,1800000,3600000,318600000,33.63
59,0.6879525705503963,0.40571648097165375,0.024090198735079227,0.18072217001311738,1800000,3600000,324000000,34.2
60,0.6901401376094002,0.40680346792681715,0.02320338685776533,0.18012076567715601,1800000,3600000,329400000,34.77
61,0.6949544655391245,0.39779585794203415,0.02584349768068533,0.1795213626848886,1800000,3600000,334800000,35.34
62,0.6961958914901419,0.4038650028837728,0.02333245236807928,0.17892395437627573,1800000,3600000,340200000,35.910000000000004
63,0.6938328130797593,0.40559266702615865,0.022398973260523744,0.17832853411344116,1800000,3600000,345600000,36.480000000000004
64,0.702713869310921,0.3990161662124145,0.025346434676385324,0.17773509528059805,1800000,3600000,351000000,37.050000000000004
65,0.6987706298514715,0.3980551904861843,0.022500016272390334,0.17714363128397553,1800000,3600000,356400000,37.620000000000005
66,0.7024684260168359,0.40280620998523686,0.022698794435031033,0.17655413555174526,1800000,3600000,361800000,38.190000000000005
67,0.706315482300513,0.3955183484978827,0.022793410505989965,0.17596660153394866,1800000,3600000,367200000,38.760000000000005
68,0.7048556732481075,0.39520644813677513,0.02323670566299714,0.1753810227024239,1800000,3600000,372600000,39.330000000000005
69,0.7046223787531124,0.39088994370678143,0.022566731998604077,0.17479739255073348,1800000,3600000,378000000,39.900000000000006
70,0.7098693105236921,0.38661028617809,0.022839897740412268,0.17421570459409197,1800000,3600000,383400000,40.470000000000006
71,0.7097094860468907,0.38639985117597353,0.0214223480457386,0.17363595236929383,1800000,3600000,388800000,41.040000000000006
72,0.7087089603963157,0.3914727064251749,0.020704644525821738,0.17305812943464177,1800000,3600000,394200000,41.61000000000001
73,0.7120612859974712,0.3882921861813242,0.022668559934198963,0.17248222936987492,1800000,3600000,399600000,42.18000000000001
74,0.7127498979227379,0.381340653143679,0.02175451299779414,0.1719082457760978,1800000,3600000,405000000,42.75000000000001
75,0.7162340789741695,0.3805763274108746,0.024349551511049727,0.17133617227570908,1800000,3600000,410400000,43.32000000000001
76,0.7162056579450427,0.37623748044805877,0.021345789110467993,0.17076600251233054,1800000,3600000,415800000,43.89000000000001
77,0.7189368667782564,0.3826643732632343,0.021152786716778105,0.17019773015073678,1800000,3600000,421200000,44.46000000000001
78,0.7166185649941786,0.3844315025579021,0.02206555108403066,0.16963134887678458,1800000,3600000,426600000,45.03000000000001
79,0.7220532232398885,0.3757763358444758,0.02476486761544081,0.16906685239734287,1800000,3600000,432000000,45.60000000000001
80,0.7239591038545728,0.3757584552457351,0.02021811009348472,0.16850423444022272,1800000,3600000,437400000,46.17
81,0.7252309273850231,0.37679434167144715,0.021071964676840978,0.1679434887541077,1800000,3600000,442800000,46.74
82,0.7243199991615801,0.3702458559106265,0.023205502012608105,0.16738460910848446,1800000,3600000,448200000,47.31
83,0.7249768220868691,0.3760230188652378,0.021143688876503756,0.16682758929357333,1800000,3600000,453600000,47.88
84,0.7279791826566661,0.37484173959556105,0.02158336079978485,0.1662724231202596,1800000,3600000,459000000,48.45
85,0.7255946452372697,0.37164918250363077,0.020499667364273513,0.1657191044200245,1800000,3600000,464400000,49.02
86,0.7293693328792461,0.37182981470255977,0.021613095394453243,0.16516762704487678,1800000,3600000,469800000,49.59
87,0.7318239291002933,0.36520673154858835,0.020577691892481112,0.16461798486728435,1800000,3600000,475200000,50.160000000000004
88,0.73180888059046,0.37108292674254667,0.021214068845843082,0.16407017178010627,1800000,3600000,480600000,50.730000000000004
89,0.7308189531435172,0.370677144320119,0.020530211632025574,0.16352418169652483,1800000,3600000,486000000,51.300000000000004
90,0.7322245396463928,0.3633049401313156,0.02130331551383199,0.16298000854997793,1800000,3600000,491400000,51.870000000000005
91,0.7363425259205107,0.3672426181133576,0.02064053449635751,0.16243764629409166,1800000,3600000,496800000,52.440000000000005
92,0.7345784025463207,0.36295609147326513,0.01923567217678528,0.16189708890261317,1800000,3600000,502200000,53.010000000000005
93,0.735202538718311,0.3630855975178014,0.021707323039652057,0.16135833036934363,1800000,3600000,507600000,53.580000000000005
94,0.737902752086063,0.3637000785996012,0.020133964943759478,0.1608213647080716,1800000,3600000,513000000,54.150000000000006
95,0.7390954964305693,0.363010947912935,0.022088734166635853,0.16028618595250646,1800000,3600000,518400000,54.720000000000006
96,0.7373222711055177,0.3639986757582471,0.020524943270451235,0.159752788156212,1800000,3600000,523800000,55.290000000000006
97,0.7421990625791164,0.3554615311716928,0.020652241597580504,0.15922116539254064,1800000,3600000,529200000,55.86000000000001
98,0.7424919014375632,0.3606459812503986,0.020693105610950686,0.15869131175456724,1800000,3600000,534600000,56.43000000000001
99,0.7445569870195557,0.3515493983834838,0.020901389479919572,0.15816322135502375,1800000,3600000,540000000,57.00000000000001
100,0.7452296639303247,0.353857778736115,0.021714424112106896,0.15763688832623365,1800000,3600000,545400000,57.57000000000001
101,0.7440991679218062,0.36171717918995105,0.020086262539340462,0.1571123068200467,1800000,3600000,550800000,58.14000000000001
102,0.7455889560408497,0.3572519828977387,0.0192589036412194,0.15658947100777412,1800000,3600000,556200000,58.71000000000001
103,0.7476258034240761,0.3534579399087131,0.018540434317940373,0.1560683750801238,1800000,3600000,561600000,59.28000000000001
104,0.7493209872137673,0.35350372934709606,0.01910594013744964,0.1555490132471355,1800000,3600000,567000000,59.85000000000001
105,0.746685004406949,0.35781720054670724,0.0196560518682358,0.15503137973811695,1800000,3600000,572400000,60.42000000000001
106,0.7508682284741802,0.3500727950258588,0.01802874156777094,0.15451546880157935,1800000,3600000,577800000,60.99000000000001
107,0.7459547947774102,0.3554277949882218,0.019073159115464915,0.15400127470517364,1800000,3600000,583200000,61.56000000000001
108,0.7503950751258764,0.3535534611040199,0.019926477545338262,0.15348879173562682,1800000,3600000,588600000,62.13000000000001
109,0.7505930517642179,0.34798648108069086,0.019117687754700973,0.1529780141986784,1800000,3600000,594000000,62.70000000000001
110,0.7507942974316517,0.3478444809735146,0.020390589201178897,0.15246893641901713,1800000,3600000,599400000,63.27000000000001
111,0.7520119221543485,0.3433836990160348,0.019338737460319264,0.15196155274021803,1800000,3600000,604800000,63.84
112,0.7539412527460496,0.3430776184636201,0.020366070596019376,0.1514558575246794,1800000,3600000,610200000,64.41000000000001
113,0.7535655833952193,0.3482242726316504,0.01762536602628068,0.1509518451535604,1800000,3600000,615600000,64.98
114,0.7565158905963812,0.34219443260055693,0.020713268394175168,0.15044951002671828,1800000,3600000,621000000,65.55000000000001
115,0.7570248039593873,0.3400282413003234,0.01724263110242443,0.14994884656264654,1800000,3600000,626400000,66.12
116,0.7574495957053974,0.3404437578623922,0.019124446704971362,0.14944984919841262,1800000,3600000,631800000,66.69000000000001
117,0.7572071732590897,0.33637308676951394,0.018551451151786556,0.14895251238959623,1800000,3600000,637200000,67.26
118,0.7586724264635735,0.34083238668242255,0.01939045547010054,0.1484568306102277,1800000,3600000,642600000,67.83000000000001
119,0.7636518576226791,0.3328707367564596,0.019398452208741077,0.14796279835272666,1800000,3600000,648000000,68.4
120,0.7593861701179705,0.3421815767211405,0.017524117364419473,0.14747041012784065,1800000,3600000,653400000,68.97000000000001
121,0.7588889484435075,0.3429340923181178,0.019242213718067898,0.14697966046458436,1800000,3600000,658800000,69.54
122,0.7610812773746963,0.3364312300769679,0.017749357320015716,0.14649054391017868,1800000,3600000,664200000,70.11000000000001
123,0.761026449280918,0.33336060722347394,0.018405681843049023,0.14600305502999028,1800000,3600000,669600000,70.68
124,0.7597610672404513,0.339436668626713,0.01819578873216556,0.14551718840747094,1800000,3600000,675000000,71.25000000000001
125,0.7616277530030626,0.33762189930587305,0.017202827156827343,0.14503293864409764,1800000,3600000,680400000,71.82000000000001
126,0.7626844239506944,0.3360402876562712,0.01780620899472846,0.1445503003593125,1800000,3600000,685800000,72.39000000000001
127,0.7609027082717756,0.3420303009008218,0.01738855514787821,0.14406926819046292,1800000,3600000,691200000,72.96000000000001
128,0.7640505039564668,0.34008177656114735,0.01801786212822499,0.14358983679274215,1800000,3600000,696600000,73.53
129,0.764054191480872,0.3339584173950497,0.017881826120361988,0.14311200083912964,1800000,3600000,702000000,74.10000000000001
130,0.7653954634219218,0.33306288852066473,0.018333166732488446,0.14263575502033213,1800000,3600000,707400000,74.67
131,0.7655464281179032,0.3316171867671181,0.017549720038812167,0.14216109404472455,1800000,3600000,712800000,75.24000000000001
132,0.7664741257595468,0.3303742816519938,0.017694907166144566,0.14168801263829112,1800000,3600000,718200000,75.81
133,0.7661938650860398,0.33436483221580454,0.01883458577995109,0.14121650554456688,1800000,3600000,723600000,76.38000000000001
134,0.7674932817306408,0.32922973747477896,0.017614530233995018,0.14074656752457937,1800000,3600000,729000000,76.95
135,0.7651762744551679,0.3347822355205849,0.01886591665578102,0.14027819335679012,1800000,3600000,734400000,77.52000000000001
136,0.7694486156152701,0.330212829940194,0.01699963385473363,0.13981137783703693,1800000,3600000,739800000,78.09
137,0.7689585977449745,0.3308953493851374,0.017083572437078327,0.13934611577847586,1800000,3600000,745200000,78.66000000000001
138,0.7688990690547932,0.32870913150621484,0.017782652326540006,0.13888240201152371,1800000,3600000,750600000,79.23
139,0.7685775951804186,0.3291847610356334,0.01843852011921482,0.13842023138380052,1800000,3600000,756000000,79.80000000000001
140,0.7704333532741582,0.32460911399584974,0.017794608930562398,0.13795959876007233,1800000,3600000,761400000,80.37
141,0.7705466874257811,0.32875753635302946,0.018146559143503375,0.13750049902219416,1800000,3600000,766800000,80.94000000000001
142,0.7703939442446778,0.3285118906844595,0.017709892133098596,0.13704292706905308,1800000,3600000,772200000,81.51
143,0.7681922917804073,0.3339152401579494,0.01703585039807206,0.13658687781651155,1800000,3600000,777600000,82.08000000000001
144,0.7730385865218331,0.33449285151148084,0.018134722416666835,0.13613234619735098,1800000,3600000,783000000,82.65
145,0.7705766167764627,0.3334352322205184,0.016697190220046374,0.1356793271612154,1800000,3600000,788400000,83.22000000000001
146,0.7720487461895409,0.32668605431582975,0.017125350458232217,0.1352278156745552,1800000,3600000,793800000,83.79
147,0.7704991862798964,0.32905041966521376,0.014964963443092864,0.13477780672057155,1800000,3600000,799200000,84.36000000000001
148,0.7713325589817215,0.32539472473334446,0.015719717570336966,0.13432929529916027,1800000,3600000,804600000,84.93
149,0.7730128160468659,0.32908252130382193,0.016884320875805936,0.13388227642685652,1800000,3600000,810000000,85.50000000000001
150,0.7736630967387379,0.3266678099309374,0.0169114274674997,0.13343674513677936,1800000,3600000,815400000,86.07000000000001
151,0.7723571850505644,0.32657789292666506,0.01494167227160596,0.1329926964785765,1800000,3600000,820800000,86.64000000000001
152,0.7743595637880345,0.32552529313432865,0.016090579242712323,0.13255012551836945,1800000,3600000,826200000,87.21000000000001
153,0.7754201099110273,0.3270662781388198,0.01640075597654916,0.1321090273386985,1800000,3600000,831600000,87.78000000000002
154,0.7775961505856235,0.3243184645131613,0.01591011391369368,0.13166939703846825,1800000,3600000,837000000,88.35000000000001
155,0.7759188053203988,0.3309836812744097,0.016600442880344592,0.13123122973289303,1800000,3600000,842400000,88.92000000000002
156,0.776338012996086,0.3239496996912466,0.01552286459957227,0.13079452055344276,1800000,3600000,847800000,89.49000000000001
157,0.7751089008226296,0.32430151392457746,0.015977393665907415,0.13035926464778871,1800000,3600000,853200000,90.06000000000002
158,0.7780415298729706,0.32376463911595127,0.015886616922973617,0.12992545717974963,1800000,3600000,858600000,90.63000000000001
159,0.7765879228423813,0.32134810441335837,0.01521477430087312,0.12949309332923814,1800000,3600000,864000000,91.20000000000002
160,0.7774694399937493,0.3233118108168933,0.016017320485297415,0.129062168292207,1800000,3600000,869400000,91.77000000000001
161,0.7775514158821846,0.32180317523572477,0.015556693794950623,0.1286326772805958,1800000,3600000,874800000,92.34
162,0.7775844784453663,0.316486769185687,0.015614179938243135,0.12820461552227772,1800000,3600000,880200000,92.91000000000001
163,0.7775363376865471,0.3229317301106933,0.016065569814343296,0.12777797826100667,1800000,3600000,885600000,93.48
164,0.7797102846738839,0.32045408539515824,0.01598885163670037,0.12735276075636423,1800000,3600000,891000000,94.05000000000001
165,0.7777371703641559,0.322645989920388,0.017108577560351758,0.12692895828370707,1800000,3600000,896400000,94.62
166,0.7785043497306604,0.3251688886981845,0.01597633993895496,0.12650656613411448,1800000,3600000,901800000,95.19000000000001
167,0.7804249372580586,0.3172704654622331,0.014659856215928581,0.12608557961433597,1800000,3600000,907200000,95.76
168,0.782582263202369,0.3171602116712132,0.015768485706916083,0.12566599404673928,1800000,3600000,912600000,96.33000000000001
169,0.7800100373198925,0.32185931253313593,0.016381952318599204,0.12524780476925818,1800000,3600000,918000000,96.9
170,0.7798566613783426,0.31785780024042726,0.016609291957619433,0.12483100713534084,1800000,3600000,923400000,97.47000000000001
171,0.7799348203133396,0.3137489320733355,0.01443718162915989,0.12441559651389816,1800000,3600000,928800000,98.04
172,0.7795501125765675,0.31801127711794214,0.01421885193296222,0.12400156828925231,1800000,3600000,934200000,98.61000000000001
173,0.7831084589369331,0.31663314383959135,0.013943651083041225,0.12358891786108542,1800000,3600000,939600000,99.18
174,0.7793643596063676,0.3260120080071309,0.0150422853613083,0.12317764064438845,1800000,3600000,945000000,99.75000000000001
175,0.7834512547390637,0.3140573737402375,0.013930473808586624,0.12276773206941036,1800000,3600000,950400000,100.32000000000001
176,0.7812688146331478,0.3151768011232446,0.01484613918851277,0.1223591875816072,1800000,3600000,955800000,100.89000000000001
177,0.7831751845972872,0.3152079844167631,0.013241139821979522,0.12195200264159156,1800000,3600000,961200000,101.46000000000001
178,0.7818432515698998,0.3152640489321643,0.014749978663358677,0.12154617272508213,1800000,3600000,966600000,102.03000000000002
179,0.7831104208457476,0.31824009550509846,0.014750969517260265,0.12114169332285347,1800000,3600000,972000000,102.60000000000001
180,0.7823973042927286,0.3215316931002605,0.014475871691730237,0.12073855994068583,1800000,3600000,977400000,103.17000000000002
181,0.7823810090333168,0.32110605002212556,0.013929823032069029,0.12033676809931522,1800000,3600000,982800000,103.74000000000001
182,0.7845337075974077,0.31680858324949057,0.013674703685442505,0.11993631333438377,1800000,3600000,988200000,104.31000000000002
183,0.7838011837769185,0.31295443776520493,0.014114373164086943,0.11953719119638996,1800000,3600000,993600000,104.88000000000001
184,0.7821682116143293,0.3256805239881573,0.013528334023623858,0.11913939725063923,1800000,3600000,999000000,105.45000000000002
185,0.7838074761139735,0.3124142074651597,0.014582221558208727,0.11874292707719478,1800000,3600000,1004400000,106.02000000000001
186,0.7847150641008888,0.31887355858256533,0.012644261485765283,0.11834777627082839,1800000,3600000,1009800000,106.59000000000002
187,0.7862470708400305,0.3116843076218317,0.012793502136515231,0.11795394044097147,1800000,3600000,1015200000,107.16000000000001
188,0.7842664497418065,0.32125780089833944,0.015272463722926996,0.11756141521166627,1800000,3600000,1020600000,107.73000000000002
189,0.7861265773301194,0.3159363725246502,0.013615244380685025,0.11717019622151738,1800000,3600000,1026000000,108.30000000000001
190,0.786052471177512,0.3183798480830844,0.013433633893212686,0.11678027912364307,1800000,3600000,1031400000,108.87000000000002
191,0.7820617371878847,0.31675053883084114,0.013500479036021374,0.11639165958562711,1800000,3600000,1036800000,109.44000000000001
192,0.7826192322311247,0.3178403947760578,0.012661418243836823,0.11600433328947068,1800000,3600000,1042200000,110.01
193,0.7875868216840621,0.30781711963488684,0.013542400300390653,0.11561829593154425,1800000,3600000,1047600000,110.58000000000001
194,0.7852892028571278,0.3159884094258377,0.0137615568897688,0.11523354322253988,1800000,3600000,1053000000,111.15
195,0.7825331026173439,0.31826982288024097,0.014545969334536793,0.11485007088742354,1800000,3600000,1058400000,111.72000000000001
196,0.7837793280698272,0.31227322313155753,0.013242270511842708,0.11446787466538752,1800000,3600000,1063800000,112.29
197,0.7859183635894116,0.3149920313643261,0.01299196345775242,0.11408695030980319,1800000,3600000,1069200000,112.86000000000001
198,0.7879274133600579,0.3157030337038242,0.01372606648213896,0.11370729358817382,1800000,3600000,1074600000,113.43
199,0.785395412085972,0.3169671306360268,0.013023320745535322,0.1133289002820875,1800000,3600000,1080000000,114.00000000000001
200,0.7862825032299028,0.31718372542719186,0.013604063524209037,0.11295176618717025,1800000,3600000,1085400000,114.57000000000001
201,0.7865572431474988,0.31524797822839995,0.012448598022989036,0.11257588711303934,1800000,3600000,1090800000,115.14000000000001
202,0.7847719486838333,0.3127007944124876,0.01322784560334394,0.11220125888325679,1800000,3600000,1096200000,115.71000000000001
203,0.784853752415147,0.31649541815562415,0.014956576887777785,0.11182787733528282,1800000,3600000,1101600000,116.28000000000002
204,0.7833642090125214,0.3209261309913735,0.014970763411047111,0.1114557383204297,1800000,3600000,1107000000,116.85000000000001
205,0.7853623312221625,0.3180010534935773,0.014607392888761147,0.11108483770381573,1800000,3600000,1112400000,117.42000000000002
206,0.7839585637446269,0.31689741331375176,0.013775230800178114,0.11071517136431909,1800000,3600000,1117800000,117.99000000000001
207,0.785014177577178,0.3203157923637422,0.01338330673959681,0.11034673519453223,1800000,3600000,1123200000,118.56000000000002
208,0.7892171911496593,0.3058022406269899,0.013284993328665333,0.10997952510071608,1800000,3600000,1128600000,119.13000000000001
209,0.7843818859647523,0.31534564948105215,0.011945610540870913,0.10961353700275477,1800000,3600000,1134000000,119.70000000000002
210,0.7855888760868124,0.3169520051886943,0.012098145303515497,0.1092487668341101,1800000,3600000,1139400000,120.27000000000001
211,0.7843835513112266,0.31762471354010996,0.011521281050366502,0.10888521054177641,1800000,3600000,1144800000,120.84000000000002
212,0.7849507620481635,0.3149136223004015,0.011444292624706219,0.10852286408623565,1800000,3600000,1150200000,121.41000000000001
213,0.7833026446637068,0.3187334782491506,0.013520879231493612,0.10816172344141232,1800000,3600000,1155600000,121.98000000000002
214,0.7835642525844909,0.31550040168086646,0.012964990451346851,0.1078017845946289,1800000,3600000,1161000000,122.55000000000001
215,0.785005529060891,0.3142706965816764,0.013807501970356517,0.10744304354656116,1800000,3600000,1166400000,123.12000000000002
216,0.7848181126092822,0.31401862672803577,0.012129981446301072,0.10708549631119377,1800000,3600000,1171800000,123.69000000000001
217,0.7826688668302858,0.31505713971734145,0.010711546098337027,0.10672913891577596,1800000,3600000,1177200000,124.26000000000002
218,0.7856820214252802,0.3149967636952187,0.011914764494526033,0.1063739674007775,1800000,3600000,1182600000,124.83000000000001
219,0.7849284738079236,0.3147011621941913,0.014234275407716414,0.10601997781984454,1800000,3600000,1188000000,125.40000000000002
220,0.7839550586682907,0.31756110245234404,0.012567100956467658,0.10566716623975587,1800000,3600000,1193400000,125.97000000000001
221,0.7860274937357087,0.31495184521862946,0.013389481899818007,0.10531552874037918,1800000,3600000,1198800000,126.54000000000002
222,0.786404101669743,0.31095035547274297,0.01289446381841626,0.10496506141462757,1800000,3600000,1204200000,127.11000000000001
223,0.7832809390076836,0.3176234300672597,0.011705402434113927,0.10461576036841601,1800000,3600000,1209600000,127.68
224,0.7847584725325646,0.3115315279453187,0.01382865558529659,0.10426762172061814,1800000,3600000,1215000000,128.25
225,0.7834037646641941,0.31379793124371225,0.010855447900844908,0.10392064160302324,1800000,3600000,1220400000,128.82000000000002
226,0.783450851115798,0.31322544159394783,0.012650847895768818,0.10357481616029306,1800000,3600000,1225800000,129.39000000000001
227,0.7828861633577489,0.3195747082543224,0.012560764415456345,0.10323014154991914,1800000,3600000,1231200000,129.96
228,0.7835248837776281,0.31516790331127464,0.01090318965002478,0.10288661394218003,1800000,3600000,1236600000,130.53
229,0.783034986303462,0.3182943297405207,0.011455086724513907,0.10254422952009878,1800000,3600000,1242000000,131.10000000000002
230,0.7837786351109712,0.31383526313767085,0.013362835352900133,0.10220298447940052,1800000,3600000,1247400000,131.67000000000002
231,0.7830279793736341,0.3175066673538255,0.012585444418699554,0.10186287502847018,1800000,3600000,1252800000,132.24
232,0.782818363550858,0.3173336121457722,0.009456371393183257,0.10152389738831034,1800000,3600000,1258200000,132.81
233,0.7862467256294807,0.31437428826915054,0.01211789226153435,0.1011860477924993,1800000,3600000,1263600000,133.38000000000002
234,0.7827711831823674,0.3150898485179294,0.01145678446237721,0.10084932248714917,1800000,3600000,1269000000,133.95000000000002
235,0.7842734111537794,0.31568917865620894,0.011061646083745819,0.10051371773086425,1800000,3600000,1274400000,134.52
236,0.7856819258641767,0.3175528041079002,0.011094564034591262,0.1001792297946993,1800000,3600000,1279800000,135.09
237,0.7859276334559684,0.3192617417027382,0.011586876286117263,0.09984585496211829,1800000,3600000,1285200000,135.66000000000003
238,0.7853090063173428,0.31543934707248805,0.01207392783551801,0.09951358952895295,1800000,3600000,1290600000,136.23000000000002
239,0.7812630354033734,0.31362204039023245,0.01073854480277214,0.09918242980336175,1800000,3600000,1296000000,136.8
240,0.7812757065727401,0.3213167713641714,0.012239456486381153,0.09885237210578875,1800000,3600000,1301400000,137.37
241,0.7853277638937595,0.32028984953085937,0.011739348432058667,0.09852341276892282,1800000,3600000,1306800000,137.94000000000003
242,0.78399862019474,0.314282773774737,0.011407741454108764,0.09819554813765684,1800000,3600000,1312200000,138.51000000000002
243,0.7874445827308835,0.31147672477024607,0.011801369823505846,0.09786877456904704,1800000,3600000,1317600000,139.08
244,0.7852388000288135,0.3082650552755895,0.010770831461450055,0.09754308843227269,1800000,3600000,1323000000,139.65
245,0.7862227295189049,0.31249058033065974,0.010174854746242362,0.09721848610859557,1800000,3600000,1328400000,140.22000000000003
246,0.7849500960001362,0.32040088058054045,0.012757694007115603,0.09689496399131985,1800000,3600000,1333800000,140.79000000000002
247,0.7857628853473311,0.3146532518253551,0.011615312587081301,0.09657251848575199,1800000,3600000,1339200000,141.36
248,0.7853406512417119,0.3178122483548915,0.010262910542119167,0.09625114600916085,1800000,3600000,1344600000,141.93
249,0.7825113027802277,0.3202038221828111,0.012552825000280016,0.09593084299073784,1800000,3600000,1350000000,142.50000000000003
250,0.7861694523284889,0.320050122268325,0.011063306320531518,0.0956116058715572,1800000,3600000,1355400000,143.07000000000002
251,0.7830586026168799,0.3145551038080275,0.012172633344155057,0.0952934311045366,1800000,3600000,1360800000,143.64000000000001
252,0.7839372422289483,0.3155876216203711,0.011594400500066791,0.09497631515439754,1800000,3600000,1366200000,144.21
253,0.7847097199282996,0.31335071829889477,0.009988278610379707,0.0946602544976262,1800000,3600000,1371600000,144.78000000000003
254,0.7873361493859624,0.31653321405661955,0.011199005263228097,0.09434524562243425,1800000,3600000,1377000000,145.35000000000002
255,0.7846596692737895,0.31885485024551863,0.012199278028395311,0.09403128502871988,1800000,3600000,1382400000,145.92000000000002
256,0.7845842606658382,0.3139045224817464,0.010867443235908986,0.09371836922802874,1800000,3600000,1387800000,146.49
257,0.7871704091717805,0.31015486121822816,0.010922371238614724,0.09340649474351545,1800000,3600000,1393200000,147.06
258,0.7840261146098491,0.31371788558249775,0.009837635190455734,0.09309565810990474,1800000,3600000,1398600000,147.63000000000002
259,0.7845820740634456,0.31324791958775544,0.01027834949736,0.09278585587345302,1800000,3600000,1404000000,148.20000000000002
260,0.7860827206383613,0.3120646489326279,0.009486841712741419,0.09247708459191002,1800000,3600000,1409400000,148.77
261,0.7848047704537622,0.3118868576290963,0.011659571829629007,0.09216934083448058,1800000,3600000,1414800000,149.34
262,0.7822514444278771,0.316356322630293,0.010497795755840774,0.09186262118178642,1800000,3600000,1420200000,149.91000000000003
263,0.7830092008912604,0.32207023717680966,0.010252068246097106,0.09155692222582827,1800000,3600000,1425600000,150.48000000000002
264,0.7830020411026517,0.32243269838640976,0.011186939396932102,0.0912522405699479,1800000,3600000,1431000000,151.05
265,0.7862343819694579,0.31375009971784595,0.010841923861972946,0.09094857282879044,1800000,3600000,1436400000,151.62
266,0.7831225332399688,0.32104214052008806,0.009763297391929134,0.09064591562826678,1800000,3600000,1441800000,152.19000000000003
267,0.7840690657546834,0.31223132130859965,0.010563415268718195,0.090344265605516,1800000,3600000,1447200000,152.76000000000002
268,0.7844313389121935,0.32079481050789865,0.00924104190806464,0.0900436194088681,1800000,3600000,1452600000,153.33
269,0.7850971216947473,0.31533200814595974,0.011971105637425782,0.08974397369780665,1800000,3600000,1458000000,153.9
270,0.7842294619876424,0.31432208319503063,0.009260900403104821,0.08944532514293181,1800000,3600000,1463400000,154.47000000000003
271,0.781692678709407,0.31614173742398494,0.01142394029763307,0.08914767042592323,1800000,3600000,1468800000,155.04000000000002
272,0.7831072769204216,0.32001401513439603,0.009618927268910058,0.08885100623950319,1800000,3600000,1474200000,155.61
273,0.78420253110658,0.31505127864396254,0.010096892653911208,0.08855532928739991,1800000,3600000,1479600000,156.18
274,0.7839841985071444,0.3148466309703594,0.010307072069449265,0.08826063628431091,1800000,3600000,1485000000,156.75000000000003
275,0.7859189253106585,0.31479041500129845,0.00963693748659161,0.08796692395586642,1800000,3600000,1490400000,157.32000000000002
276,0.7858759709873795,0.3186887685951835,0.009448216189697971,0.08767418903859311,1800000,3600000,1495800000,157.89000000000001
277,0.7851203748775722,0.3198960977818718,0.009809923151545776,0.0873824282798778,1800000,3600000,1501200000,158.46
278,0.7837486539310456,0.3184926923125896,0.010030772444269963,0.08709163843793126,1800000,3600000,1506600000,159.03000000000003
279,0.7838958286585318,0.3129243838499024,0.010339323706739473,0.08680181628175224,1800000,3600000,1512000000,159.60000000000002
280,0.7849417047379056,0.30886326471474695,0.009232437850816903,0.08651295859109161,1800000,3600000,1517400000,160.17000000000002
281,0.7824313392573731,0.31838743501615097,0.008957737432085382,0.0862250621564165,1800000,3600000,1522800000,160.74
282,0.7854941244337381,0.31191174213375683,0.00877644986298332,0.08593812377887465,1800000,3600000,1528200000,161.31000000000003
283,0.7841976778447701,0.3183625201894332,0.009570355136029102,0.08565214027025891,1800000,3600000,1533600000,161.88000000000002
284,0.7839116388190754,0.3173471747046682,0.008949059827999995,0.08536710845297184,1800000,3600000,1539000000,162.45000000000002
285,0.7855761667039998,0.3167343911819734,0.009742528059831558,0.08508302515999028,1800000,3600000,1544400000,163.02
286,0.7818019018916081,0.31683392307958047,0.01229383185399394,0.08479988723483026,1800000,3600000,1549800000,163.59000000000003
287,0.78304691430758,0.31529516859751217,0.009302195326944955,0.08451769153151197,1800000,3600000,1555200000,164.16000000000003
288,0.7834045701710821,0.31974461940696186,0.007998320473448796,0.08423643491452465,1800000,3600000,1560600000,164.73000000000002
289,0.7842909630163386,0.3132282109944377,0.009115666517749137,0.08395611425879189,1800000,3600000,1566000000,165.3
290,0.7851383318677638,0.3151993411814549,0.009063494185463677,0.08367672644963688,1800000,3600000,1571400000,165.87
291,0.7853590646196471,0.3169898204820187,0.007021688873407058,0.08339826838274775,1800000,3600000,1576800000,166.44000000000003
292,0.78446938070325,0.31118268731640614,0.009777120369815573,0.08312073696414307,1800000,3600000,1582200000,167.01000000000002
293,0.7832150118255887,0.3213881382058502,0.009641754904663085,0.08284412911013761,1800000,3600000,1587600000,167.58
294,0.7853581722271927,0.31278984612478206,0.0077290104491718765,0.0825684417473079,1800000,3600000,1593000000,168.15
295,0.7841379848103959,0.31630168057268354,0.012014764354818644,0.08229367181245818,1800000,3600000,1598400000,168.72000000000003
296,0.7840189531695511,0.3174690298709328,0.010222797323600487,0.08201981625258635,1800000,3600000,1603800000,169.29000000000002
297,0.7812114826640837,0.3198760030763436,0.010025869184558125,0.08174687202485005,1800000,3600000,1609200000,169.86
298,0.7867511300977758,0.3142043911718189,0.008187632532160058,0.08147483609653282,1800000,3600000,1614600000,170.43
299,0.7828667352844264,0.3172047808671612,0.008511432967917605,0.08120370544501043,1800000,3600000,1620000000,171.00000000000003
300,0.7866260733337632,0.31328198464329204,0.007856559391722664,0.08093347705771732,1800000,3600000,1625400000,171.57000000000002
301,0.7850600142680053,0.3133203949872061,0.009236736945203945,0.08066414793211302,1800000,3600000,1630800000,172.14000000000001
302,0.7859064450021779,0.30379706582263494,0.009310896585590887,0.080395715075649,1800000,3600000,1636200000,172.71
303,0.7834530211822379,0.3169113698120991,0.007842390417696894,0.08012817550573513,1800000,3600000,1641600000,173.28000000000003
304,0.7868690761917515,0.31232012788109015,0.006652316222144626,0.0798615262497068,1800000,3600000,1647000000,173.85000000000002
305,0.784401160067098,0.3200065668337314,0.00978616635239437,0.07959576434479178,1800000,3600000,1652400000,174.42000000000002
306,0.7861772373732941,0.31318975297627855,0.006513858197640332,0.07933088683807722,1800000,3600000,1657800000,174.99
307,0.7862626011075761,0.3141922365959043,0.007755346496328493,0.07906689078647704,1800000,3600000,1663200000,175.56000000000003
308,0.783538429835695,0.3155098824097478,0.008327964397353482,0.07880377325669904,1800000,3600000,1668600000,176.13000000000002
309,0.7854619836729464,0.3133093304762656,0.0074071659157645495,0.07854153132521242,1800000,3600000,1674000000,176.70000000000002
310,0.7864219315228411,0.31113448132356575,0.008523551852213805,0.07828016207821521,1800000,3600000,1679400000,177.27
311,0.7816244969374838,0.3156172726386345,0.007978271015709259,0.07801966261160202,1800000,3600000,1684800000,177.84000000000003
312,0.7831114765425788,0.3218862778295361,0.008323652030175186,0.07776003003093164,1800000,3600000,1690200000,178.41000000000003
313,0.7850307200493212,0.31380877006152424,0.009845496552117559,0.07750126145139492,1800000,3600000,1695600000,178.98000000000002
314,0.7832650213918082,0.3214667588083024,0.010284001963759396,0.07724335399778277,1800000,3600000,1701000000,179.55
315,0.7826340567695349,0.31306959468560985,0.008141252513013222,0.07698630480445418,1800000,3600000,1706400000,180.12000000000003
316,0.7872017238219393,0.3092948895601029,0.008908214793195519,0.07673011101530436,1800000,3600000,1711800000,180.69000000000003
317,0.7838213359970235,0.3191384647492177,0.009796798697459388,0.07647476978373298,1800000,3600000,1717200000,181.26000000000002
318,0.7854107398447434,0.3164408906602383,0.008627422169844414,0.07622027827261263,1800000,3600000,1722600000,181.83
319,0.7805418802493019,0.3148436065196303,0.008706440139534498,0.07596663365425728,1800000,3600000,1728000000,182.40000000000003
320,0.7847227219618788,0.3145480940544749,0.008652729793797114,0.07571383311039072,1800000,3600000,1733400000,182.97000000000003
321,0.7813113458295502,0.3198840609296737,0.009133292604121991,0.07546187383211546,1800000,3600000,1738800000,183.54000000000002
322,0.7856748133660675,0.31887661216797525,0.007649164505520787,0.07521075301988138,1800000,3600000,1744200000,184.11
323,0.7835926475661947,0.3192498434985858,0.0075104246583772676,0.07496046788345459,1800000,3600000,1749600000,184.68
324,0.7850401352555979,0.3132391526925369,0.008672062977305259,0.0747110156418866,1800000,3600000,1755000000,185.25000000000003
325,0.7832347630809167,0.31512373566753976,0.009551890849099576,0.07446239352348329,1800000,3600000,1760400000,185.82000000000002
326,0.7850769208833597,0.3116796316192736,0.006495545229097045,0.07421459876577408,1800000,3600000,1765800000,186.39000000000001
327,0.7821252596192698,0.31849452082775864,0.008222425664475617,0.07396762861548134,1800000,3600000,1771200000,186.96
328,0.7834362771885331,0.3166741736528284,0.009662624134690705,0.07372148032848977,1800000,3600000,1776600000,187.53000000000003
329,0.7842153940025499,0.3162528176089806,0.00860001029033387,0.07347615116981583,1800000,3600000,1782000000,188.10000000000002
330,0.7842150981432948,0.3130016181019797,0.008651384579451072,0.07323163841357751,1800000,3600000,1787400000,188.67000000000002
331,0.7853788798383127,0.3228386937217704,0.008358788390937429,0.07298793934296385,1800000,3600000,1792800000,189.24
332,0.7851475686137122,0.3115231948801722,0.006921397392593641,0.0727450512502049,1800000,3600000,1798200000,189.81000000000003
333,0.7832945842747073,0.31120639474830547,0.007196666348506502,0.0725029714365416,1800000,3600000,1803600000,190.38000000000002
334,0.7833612394518484,0.31357004888167955,0.00797136828178388,0.07226169721219572,1800000,3600000,1809000000,190.95000000000002
335,0.7847202829005331,0.3176215790445443,0.007789928540138969,0.07202122589634008,1800000,3600000,1814400000,191.52
336,0.7833973714951329,0.313056405592245,0.008238506055848012,0.07178155481706869,1800000,3600000,1819800000,192.09000000000003
337,0.7840480728486985,0.3127755027780817,0.007494270920340792,0.0715426813113671,1800000,3600000,1825200000,192.66000000000003
338,0.7831245943485882,0.3172551264902012,0.008640487912852017,0.07130460272508277,1800000,3600000,1830600000,193.23000000000002
339,0.7820987661349795,0.31868134537477094,0.007625337411819811,0.07106731641289565,1800000,3600000,1836000000,193.8
340,0.7844781363062246,0.32049988956461123,0.008268534429250386,0.0708308197382887,1800000,3600000,1841400000,194.37000000000003
341,0.7850689736405772,0.31315829271772705,0.008232980645466634,0.07059511007351867,1800000,3600000,1846800000,194.94000000000003
342,0.7852236180757616,0.3142266832049857,0.006363252537162717,0.07036018479958688,1800000,3600000,1852200000,195.51000000000002
343,0.7850943996806814,0.31452485390768326,0.007368501379933402,0.07012604130621002,1800000,3600000,1857600000,196.08
344,0.784638009282882,0.3156100462335607,0.006690300250823062,0.06989267699179139,1800000,3600000,1863000000,196.65000000000003
345,0.7872959881879665,0.31623745978376155,0.0063965728716942755,0.06966008926339172,1800000,3600000,1868400000,197.22000000000003
346,0.7835007653114592,0.320772150776905,0.005780403159458077,0.06942827553670051,1800000,3600000,1873800000,197.79000000000002
347,0.7843908506233216,0.317704586557726,0.006328826294151792,0.06919723323600736,1800000,3600000,1879200000,198.36
348,0.783277465655538,0.3196507741995416,0.006646238148295034,0.06896695979417317,1800000,3600000,1884600000,198.93000000000004
349,0.7865996149580815,0.3079889882451637,0.010302565134161232,0.06873745265260178,1800000,3600000,1890000000,199.50000000000003
350,0.7873840094410279,0.30761828024503374,0.007459116999492557,0.06850870926121148,1800000,3600000,1895400000,200.07000000000002
351,0.7847886270590155,0.3134391000459378,0.006636928170180443,0.06828072707840671,1800000,3600000,1900800000,200.64000000000001
352,0.7819589370793354,0.3150424334752762,0.007984203241597775,0.06805350357104971,1800000,3600000,1906200000,201.21
353,0.7852635085317564,0.3163043533459904,0.008169463268504134,0.06782703621443252,1800000,3600000,1911600000,201.78000000000003
354,0.7855326520825744,0.31390977358772526,0.005705330791995137,0.06760132249224887,1800000,3600000,1917000000,202.35000000000002
355,0.7826489087637564,0.31723241626613424,0.005595988722971268,0.06737635989656618,1800000,3600000,1922400000,202.92000000000002
356,0.7854374763754682,0.31159855002023046,0.008539955691387203,0.06715214592779772,1800000,3600000,1927800000,203.49
357,0.785247056469931,0.3180660963086384,0.007700640924617886,0.0669286780946749,1800000,3600000,1933200000,204.06000000000003
358,0.7824295216926365,0.31981930989293134,0.007530812930849029,0.06670595391421945,1800000,3600000,1938600000,204.63000000000002
359,0.785670506182366,0.3151857819711053,0.0066956940811015424,0.066483970911716,1800000,3600000,1944000000,205.20000000000002
360,0.7847875421736181,0.31850727143558427,0.007065493214437888,0.06626272662068447,1800000,3600000,1949400000,205.77
361,0.7865708185693769,0.31421279628812654,0.007594056499398001,0.06604221858285264,1800000,3600000,1954800000,206.34000000000003
362,0.7841141647777211,0.3136176850334955,0.006932708872313066,0.06582244434812895,1800000,3600000,1960200000,206.91000000000003
363,0.7847671974860363,0.3172478999308185,0.00746519299547156,0.06560340147457523,1800000,3600000,1965600000,207.48000000000002
364,0.7832987031597123,0.3143063144025945,0.007900690083369369,0.06538508752837947,1800000,3600000,1971000000,208.05
365,0.7834718666378887,0.31709500509475014,0.007158788163444486,0.06516750008382895,1800000,3600000,1976400000,208.62000000000003
366,0.7846594256395417,0.3083625346772692,0.0064238956605569,0.06495063672328313,1800000,3600000,1981800000,209.19000000000003
367,0.7818573702665955,0.31662245525123844,0.007184347548907551,0.0647344950371469,1800000,3600000,1987200000,209.76000000000002
368,0.7840934838467973,0.3221120624702185,0.006682526328434239,0.06451907262384375,1800000,3600000,1992600000,210.33
369,0.7824744882604534,0.31471130208762277,0.006339050325929374,0.06430436708978908,1800000,3600000,1998000000,210.90000000000003
370,0.7856800675974333,0.31521341254896207,0.006373287264388874,0.06409037604936363,1800000,3600000,2003400000,211.47000000000003
371,0.7827360765765943,0.31829634968239906,0.006500942067262646,0.063877097124887,1800000,3600000,2008800000,212.04000000000002
372,0.7839540464236927,0.31306373917805363,0.009963775843546723,0.06366452794659114,1800000,3600000,2014200000,212.61
373,0.7823710502411887,0.3221236959827434,0.004505303779599044,0.06345266615259412,1800000,3600000,2019600000,213.18000000000004
374,0.7823696521162726,0.3129314098568594,0.006820350828934895,0.06324150938887384,1800000,3600000,2025000000,213.75000000000003
375,0.7817386534221196,0.31832021744620953,0.007129419654159621,0.06303105530924182,1800000,3600000,2030400000,214.32000000000002
376,0.7847660724960946,0.3138695634544116,0.006381353162257917,0.06282130157531728,1800000,3600000,2035800000,214.89000000000001
377,0.7860901505158355,0.31578816606036303,0.008025290639281564,0.06261224585650099,1800000,3600000,2041200000,215.46000000000004
378,0.7823463641983026,0.31930989750667504,0.006558655411787406,0.06240388582994949,1800000,3600000,2046600000,216.03000000000003
379,0.7843158289619254,0.3171736166184911,0.0050878011781276215,0.06219621918054922,1800000,3600000,2052000000,216.60000000000002
380,0.7872669831226718,0.31039563785984375,0.007155771223340822,0.061989243600890837,1800000,3600000,2057400000,217.17000000000002
381,0.7844721741500409,0.3166809426548707,0.007496555928337511,0.06178295679124355,1800000,3600000,2062800000,217.74000000000004
382,0.7844017801284198,0.3148414428222087,0.008083498883098231,0.06157735645952957,1800000,3600000,2068200000,218.31000000000003
383,0.7864429957318879,0.30760500539367136,0.006637749661145829,0.061372440321298655,1800000,3600000,2073600000,218.88000000000002
384,0.7820809860093301,0.3218289863206077,0.008051829428397562,0.06116820609970271,1800000,3600000,2079000000,219.45000000000002
385,0.7838950699162818,0.31400663548239166,0.005728284769179236,0.0609646515254705,1800000,3600000,2084400000,220.02
386,0.7832385154168242,0.315149567763834,0.005930231023434823,0.060761774336882464,1800000,3600000,2089800000,220.59000000000003
387,0.7836618000974028,0.31500005315577784,0.004850377450367893,0.06055957227974552,1800000,3600000,2095200000,221.16000000000003
388,0.7850290967080893,0.3187037600142187,0.00531464465137289,0.06035804310736805,1800000,3600000,2100600000,221.73000000000002
389,0.7836372028035828,0.32085544963037677,0.005719834230548929,0.060157184580534956,1800000,3600000,2106000000,222.3
390,0.7854447265980652,0.3154285994533525,0.007359297331558113,0.05995699446748277,1800000,3600000,2111400000,222.87000000000003
391,0.7811363077710971,0.3181283219280836,0.007092618124170829,0.05975747054387485,1800000,3600000,2116800000,223.44000000000003
392,0.7841149393258177,0.31207441521144613,0.006153164777330447,0.05955861059277665,1800000,3600000,2122200000,224.01000000000002
393,0.7829683388060017,0.32245721502203345,0.005990487560694221,0.0593604124046311,1800000,3600000,2127600000,224.58
394,0.7856364494349809,0.3182156953071817,0.006680697168288427,0.0591628737772341,1800000,3600000,2133000000,225.15000000000003
395,0.7837559509689558,0.31289501576343426,0.005657917192820306,0.05896599251570996,1800000,3600000,2138400000,225.72000000000003
396,0.784746644247006,0.31285210657578805,0.004729591498274885,0.058769766432487075,1800000,3600000,2143800000,226.29000000000002
397,0.7836831322406158,0.32248371867097797,0.005236341101474115,0.05857419334727365,1800000,3600000,2149200000,226.86
398,0.7837552381146957,0.31617287083143353,0.004843944562380115,0.05837927108703333,1800000,3600000,2154600000,227.43000000000004
399,0.7847157105750332,0.31079662180705386,0.00518785457009865,0.05818499748596127,1800000,3600000,2160000000,228.00000000000003
400,0.7849687673210546,0.31726408521263827,0.006934331717769971,0.05799137038545989,1800000,3600000,2165400000,228.57000000000002
401,0.7836424189462282,0.3167038949891,0.0059315813162780645,0.05779838763411496,1800000,3600000,2170800000,229.14000000000001
402,0.7850226067488206,0.31627215587896995,0.00791959108023677,0.05760604708767172,1800000,3600000,2176200000,229.71000000000004
403,0.783688848009805,0.31776931543310155,0.0049907849827875795,0.057414346609011,1800000,3600000,2181600000,230.28000000000003
404,0.7865270255349891,0.3161336497646969,0.005209155500168106,0.05722328406812549,1800000,3600000,2187000000,230.85000000000002
405,0.7878523009941418,0.3055629134099109,0.007308506340550165,0.05703285734209613,1800000,3600000,2192400000,231.42000000000002
406,0.7830510855715792,0.31353566292375884,0.005055823924809843,0.05684306431506844,1800000,3600000,2197800000,231.99000000000004
407,0.7853826915202482,0.3148998006676873,0.006219124486321473,0.05665390287822906,1800000,3600000,2203200000,232.56000000000003
408,0.7857106599225671,0.3125017695579134,0.008192369980617578,0.056465370929782294,1800000,3600000,2208600000,233.13000000000002
409,0.7829269974546139,0.3150207226558801,0.0047005003541754535,0.05627746637492678,1800000,3600000,2214000000,233.70000000000002
410,0.7829280534470544,0.3145393551344408,0.005553626373920632,0.05609018712583219,1800000,3600000,2219400000,234.27000000000004
411,0.7823728134833428,0.31831655544518106,0.006169633818059684,0.05590353110161606,1800000,3600000,2224800000,234.84000000000003
412,0.7843238687490686,0.3121784723586632,0.006277698842946603,0.05571749622832065,1800000,3600000,2230200000,235.41000000000003
413,0.7829342269145687,0.31534753371098034,0.006574820754788327,0.05553208043888989,1800000,3600000,2235600000,235.98000000000002
414,0.7859701019294812,0.31272688961379297,0.006992773982713263,0.05534728167314643,1800000,3600000,2241000000,236.55000000000004
415,0.7854184277693711,0.31379237817118466,0.005684632071615385,0.05516309787776877,1800000,3600000,2246400000,237.12000000000003
416,0.7859238848187114,0.31439550075189715,0.006552199166088622,0.05497952700626836,1800000,3600000,2251800000,237.69000000000003
417,0.784623776230596,0.3101970904897797,0.004705538133033808,0.054796567018967006,1800000,3600000,2257200000,238.26000000000002
418,0.7845700987640146,0.3142128446157531,0.006219906501405515,0.05461421588297405,1800000,3600000,2262600000,238.83
419,0.7868440364418845,0.3109946841599937,0.005689875008115333,0.05443247157216389,1800000,3600000,2268000000,239.40000000000003
420,0.787466855777927,0.31278199600133944,0.004155423084789655,0.05425133206715343,1800000,3600000,2273400000,239.97000000000003
421,0.7866265391187971,0.31104534262870837,0.0053164285578335795,0.05407079535527962,1800000,3600000,2278800000,240.54000000000002
422,0.7852941857440049,0.3145726877365384,0.004488757197971878,0.05389085943057717,1800000,3600000,2284200000,241.11
423,0.785084172607073,0.3176351457194644,0.00508427215982434,0.05371152229375616,1800000,3600000,2289600000,241.68000000000004
424,0.7868945335226248,0.3086711641950718,0.004454063537334109,0.053532781952179885,1800000,3600000,2295000000,242.25000000000003
425,0.7844635470384261,0.3141671392181547,0.0033568059132452264,0.05335463641984271,1800000,3600000,2300400000,242.82000000000002
426,0.7840517477882731,0.31804954517988915,0.004492993244985387,0.05317708371734802,1800000,3600000,2305800000,243.39000000000001
427,0.7829958343252365,0.31675513141422723,0.006735169917317407,0.05300012187188616,1800000,3600000,2311200000,243.96000000000004
428,0.7872737182012534,0.31094649104630206,0.006518110867112414,0.05282374891721258,1800000,3600000,2316600000,244.53000000000003
429,0.7817383226290116,0.31530069796728855,0.0055374689201364265,0.052647962893626,1800000,3600000,2322000000,245.10000000000002
430,0.7806641262779445,0.315547303917784,0.006227436246415811,0.05247276184794653,1800000,3600000,2327400000,245.67000000000002
431,0.7858798744396902,0.310067794213371,0.00818804495469354,0.05229814383349411,1800000,3600000,2332800000,246.24000000000004
432,0.7813517353314007,0.3181892792539648,0.0053974385171118525,0.05212410691006679,1800000,3600000,2338200000,246.81000000000003
433,0.7857303130229049,0.3154384506613385,0.0029095393881817056,0.051950649143919156,1800000,3600000,2343600000,247.38000000000002
434,0.7830622326739451,0.3193373660462424,0.0061737143715318915,0.05177776860774092,1800000,3600000,2349000000,247.95000000000002
435,0.7870137984765058,0.313546436542203,0.0074771189372667395,0.051605463380635486,1800000,3600000,2354400000,248.52000000000004
436,0.7863567619090186,0.31489827527600084,0.006275332383007155,0.05143373154809852,1800000,3600000,2359800000,249.09000000000003
437,0.7847541635416991,0.3182873297573962,0.006108309970825404,0.051262571201996794,1800000,3600000,2365200000,249.66000000000003
438,0.7860714470462732,0.31798464588219044,0.0056808013773949105,0.05109198044054694,1800000,3600000,2370600000,250.23000000000002
439,0.7860954250705333,0.3121840252646552,0.004940661334889605,0.05092195736829428,1800000,3600000,2376000000,250.80000000000004
440,0.7838123508088497,0.3176645505364022,0.006129015794335015,0.05075250009609183,1800000,3600000,2381400000,251.37000000000003
441,0.7864787766001676,0.3065581893628721,0.005395851152775138,0.05058360674107924,1800000,3600000,2386800000,251.94000000000003
442,0.7853672866577524,0.3138729501140584,0.004394347753135155,0.05041527542666197,1800000,3600000,2392200000,252.51000000000002
443,0.7834955900719681,0.31399438183154665,0.005630579676156289,0.05024750428249035,1800000,3600000,2397600000,253.08000000000004
444,0.7839937219470916,0.3197505293912633,0.005992345320213997,0.050080291444438804,1800000,3600000,2403000000,253.65000000000003
445,0.7827877503147312,0.3191962010083096,0.004199645487307784,0.0499136350545852,1800000,3600000,2408400000,254.22000000000003
446,0.7834862852361226,0.31691422250817247,0.005379329743089269,0.04974753326119018,1800000,3600000,2413800000,254.79000000000002
447,0.7840580092358028,0.3158123687228302,0.003802671354421976,0.04958198421867652,1800000,3600000,2419200000,255.36
448,0.7848787660196586,0.3163907649838796,0.0038072074601373522,0.04941698608760872,1800000,3600000,2424600000,255.93000000000004
449,0.7854606249845253,0.3123269817065187,0.006601521133626719,0.04925253703467255,1800000,3600000,2430000000,256.5
450,0.785075870458182,0.31204398303136166,0.005331997569840692,0.04908863523265456,1800000,3600000,2435400000,257.07000000000005
451,0.7845416838280007,0.31823323146145455,0.004565630682629395,0.04892527886042197,1800000,3600000,2440800000,257.64000000000004
452,0.7856175729824421,0.3112637633234472,0.00433824796486618,0.048762466102902295,1800000,3600000,2446200000,258.21000000000004
453,0.7872371835486086,0.3129047711810377,0.006754188401017348,0.0486001951510632,1800000,3600000,2451600000,258.78000000000003
454,0.7835941195480821,0.3160298885858457,0.004721353048578493,0.04843846420189246,1800000,3600000,2457000000,259.35
455,0.7842285072452175,0.3171318507834511,0.0029177892863532177,0.04827727145837786,1800000,3600000,2462400000,259.92
456,0.7840851905518409,0.3176181580664831,0.007054836755814437,0.04811661512948724,1800000,3600000,2467800000,260.49
457,0.7860621982508258,0.31270449477950646,0.005847650265453919,0.047956493430148656,1800000,3600000,2473200000,261.06
458,0.7857587339861165,0.3159834041578231,0.00558163325691903,0.047796904581230454,1800000,3600000,2478600000,261.63000000000005
459,0.7857411914412501,0.31417652583883443,0.0036280241306584967,0.04763784680952156,1800000,3600000,2484000000,262.20000000000005
460,0.7850897615762635,0.31510489324224933,0.004011782226785372,0.04747931834771174,1800000,3600000,2489400000,262.77000000000004
461,0.7833218786551239,0.3203319351885902,0.003954562833441968,0.04732131743437206,1800000,3600000,2494800000,263.34000000000003
462,0.7829252856336094,0.32012165484381633,0.004540240313866532,0.047163842313935146,1800000,3600000,2500200000,263.91
463,0.7860507409670424,0.31278732778007057,0.00363528328350916,0.04700689123667585,1800000,3600000,2505600000,264.48
464,0.7855075219956916,0.31813339757094633,0.0059357343598294395,0.04685046245869167,1800000,3600000,2511000000,265.05
465,0.7865171368412411,0.3137347596405742,0.0033044736395356792,0.04669455424188347,1800000,3600000,2516400000,265.62
466,0.7823399297784565,0.3192878837112787,0.003675274549678242,0.04653916485393615,1800000,3600000,2521800000,266.19000000000005
467,0.78384733434515,0.3133762745726761,0.006091817443901328,0.046384292568299325,1800000,3600000,2527200000,266.76000000000005
468,0.7864672036085724,0.32227616198011466,0.004367738373668102,0.04622993566416824,1800000,3600000,2532600000,267.33000000000004
469,0.7848421748573927,0.3164284238876927,0.0051435028391754066,0.046076092426464606,1800000,3600000,2538000000,267.90000000000003
470,0.7850269047807127,0.31507380868434637,0.005222558782331773,0.04592276114581752,1800000,3600000,2543400000,268.47
471,0.7862281616906992,0.31523815598994714,0.005277856507503812,0.0457699401185445,1800000,3600000,2548800000,269.04
472,0.7853245789486254,0.3149207416519229,0.0038297919446570617,0.04561762764663259,1800000,3600000,2554200000,269.61
473,0.7838817206427748,0.31736775689781177,0.003790004654327277,0.045465822037719386,1800000,3600000,2559600000,270.18
474,0.7839175695320401,0.31272144160695114,0.0055018556766755836,0.045314521605074355,1800000,3600000,2565000000,270.75000000000006
475,0.7831773872528125,0.3186593443071249,0.004895365474267592,0.04516372466758004,1800000,3600000,2570400000,271.32000000000005
476,0.782873333434885,0.3209687217016682,0.003833729006945637,0.04501342954971334,1800000,3600000,2575800000,271.89000000000004
477,0.7827190011417727,0.31779459591942344,0.004629015964622987,0.04486363458152695,1800000,3600000,2581200000,272.46000000000004
478,0.7845307975200602,0.3168678267137655,0.0033368045243959117,0.044714338098630825,1800000,3600000,2586600000,273.03000000000003
479,0.77897513224873,0.3112300633489747,0.006087070101674768,0.04456553844217358,1800000,3600000,2592000000,273.6
480,0.7835630926207218,0.3152309563067021,0.004418188582078515,0.04441723395882419,1800000,3600000,2597400000,274.17
481,0.7830515775783617,0.3108407077953572,0.005063292200416108,0.04426942300075353,1800000,3600000,2602800000,274.74
482,0.7872362021625315,0.313365230211803,0.0047990999100702165,0.04412210392561611,1800000,3600000,2608200000,275.31
483,0.7810940975474738,0.31866576891136056,0.0040003034922298595,0.04397527509653179,1800000,3600000,2613600000,275.88000000000005
484,0.7852883974986794,0.3133511001678262,0.004271924549042132,0.043828934882067634,1800000,3600000,2619000000,276.45000000000005
485,0.7856713957910132,0.31479344124774106,0.004090003629958472,0.043683081656219744,1800000,3600000,2624400000,277.02000000000004
486,0.7842217205090891,0.3155213403154781,0.0030599274574476852,0.043537713798395224,1800000,3600000,2629800000,277.59000000000003
487,0.7826497804531709,0.3165775865480703,0.005238666024253473,0.04339282969339417,1800000,3600000,2635200000,278.16
488,0.7854861878046181,0.3123277251789305,0.005318406893398233,0.04324842773139169,1800000,3600000,2640600000,278.73
489,0.7831145787611077,0.3163678609939694,0.0033645439168939716,0.04310450630792006,1800000,3600000,2646000000,279.3
490,0.7844429544765225,0.3177018720480945,0.004492841246942028,0.04296106382385086,1800000,3600000,2651400000,279.87
491,0.7822542885455926,0.3154373609203423,0.003964093785750182,0.042818098685377254,1800000,3600000,2656800000,280.44000000000005
492,0.7851369504470229,0.3136342369044026,0.00391558374377938,0.04267560930399622,1800000,3600000,2662200000,281.01000000000005
493,0.7862454813778075,0.3157874883030661,0.004441159979826162,0.04253359409649095,1800000,3600000,2667600000,281.58000000000004
494,0.7838337388402005,0.3202613215580352,0.004050031296900546,0.04239205148491322,1800000,3600000,2673000000,282.15000000000003
495,0.783319264001203,0.3135766568988699,0.006252512958162902,0.04225097989656591,1800000,3600000,2678400000,282.72
496,0.7851272549155087,0.3112951993292132,0.0035925117211421096,0.042110377763985456,1800000,3600000,2683800000,283.29
497,0.7831463632869872,0.31565986706236504,0.004587242677940025,0.041970243524924504,1800000,3600000,2689200000,283.86
498,0.782234735523322,0.3184817007981227,0.0032364089936157883,0.04183057562233452,1800000,3600000,2694600000,284.43
499,0.7827759403964211,0.311340466133848,0.0034669619941009077,0.04169137250434846,1800000,3600000,2700000000,285.00000000000006
500,0.7848384675340613,0.3150817591773718,0.0035888001196084512,0.041552632624263605,1800000,3600000,2705400000,285.57000000000005
501,0.7842026924346869,0.3187271591577881,0.002042603830136961,0.0414143544405243,1800000,3600000,2710800000,286.14000000000004
502,0.7861374472102335,0.31448948114787045,0.0022181170332600687,0.04127653641670483,1800000,3600000,2716200000,286.71000000000004
503,0.7833284185359016,0.3170598618875908,0.004346276099368541,0.04113917702149243,1800000,3600000,2721600000,287.28000000000003
504,0.783253522515465,0.3202669209702161,0.004770173426131945,0.04100227472867019,1800000,3600000,2727000000,287.85
505,0.7836238758796907,0.31378389337702395,0.003967857044400986,0.0408658280171001,1800000,3600000,2732400000,288.42
506,0.7838315233169866,0.32093972561927947,0.0010560080275761681,0.04072983537070618,1800000,3600000,2737800000,288.99
507,0.7855380847850795,0.3132006069516114,0.003129050400502553,0.04059429527845764,1800000,3600000,2743200000,289.56000000000006
508,0.7829614797430984,0.3168976457739922,0.00239763338573045,0.04045920623435205,1800000,3600000,2748600000,290.13000000000005
509,0.7851572682613321,0.3110832033585235,0.004423396138873807,0.040324566737398634,1800000,3600000,2754000000,290.70000000000005
510,0.7875290650700484,0.3081685747442053,0.002834411795508647,0.040190375291601625,1800000,3600000,2759400000,291.27000000000004
511,0.7856794610428702,0.3182408261838025,0.0025431294548152765,0.04005663040594355,1800000,3600000,2764800000,291.84000000000003
512,0.7826407004255759,0.3162737611691677,0.004668198753764946,0.03992333059436875,1800000,3600000,2770200000,292.41
513,0.7854391156591828,0.31071848334898244,0.004121591518779997,0.03979047437576686,1800000,3600000,2775600000,292.98
514,0.7839238695963743,0.3166809392637546,0.00290451691701239,0.039658060273956276,1800000,3600000,2781000000,293.55
515,0.7816604815840503,0.3201884867202505,0.002923656969431126,0.039526086817667866,1800000,3600000,2786400000,294.12
516,0.7827518409241009,0.31174594880981654,0.005440023440107006,0.03939455254052851,1800000,3600000,2791800000,294.69000000000005
517,0.7829394917706127,0.316155569902799,0.006150873651976868,0.039263455981044894,1800000,3600000,2797200000,295.26000000000005
518,0.7834088393101417,0.31664703068951877,0.004398256376583977,0.039132795682587256,1800000,3600000,2802600000,295.83000000000004
519,0.7859114130829259,0.320459320413616,0.004374683484883117,0.03900257019337312,1800000,3600000,2808000000,296.40000000000003
520,0.7869541276745902,0.31121097591618097,0.0036461445981705587,0.03887277806645128,1800000,3600000,2813400000,296.97
521,0.7859830437278755,0.32045587646847246,0.0027210518923131448,0.03874341785968567,1800000,3600000,2818800000,297.54
522,0.7840451523620907,0.3224519223898617,0.004938804794125654,0.03861448813573931,1800000,3600000,2824200000,298.11
523,0.7823440224611876,0.3123282115482104,0.0041831593148217066,0.0384859874620584,1800000,3600000,2829600000,298.68
524,0.7828430822346447,0.31664510446468824,0.0042211974357575935,0.03835791441085635,1800000,3600000,2835000000,299.25000000000006
525,0.7853635713885062,0.32097009493358075,0.003396264468308284,0.03823026755909793,1800000,3600000,2840400000,299.82000000000005
526,0.7838938761511464,0.3189252746381478,0.004905954432373934,0.038103045488483485,1800000,3600000,2845800000,300.39000000000004
527,0.7826526366498155,0.3123786915441175,0.003880223698689101,0.03797624678543314,1800000,3600000,2851200000,300.96000000000004
528,0.7826424543770337,0.3191260357596221,0.0033519323799058092,0.03784987004107112,1800000,3600000,2856600000,301.53000000000003
529,0.7838836073385926,0.3131485445237082,0.0045751767172150905,0.03772391385121006,1800000,3600000,2862000000,302.1
530,0.7854254576374075,0.3154515529911058,0.003191773491338918,0.03759837681633546,1800000,3600000,2867400000,302.67
531,0.7853444694730779,0.3190965788447349,0.0040924755501671045,0.037473257541590074,1800000,3600000,2872800000,303.24
532,0.7854130116018507,0.3167977444697661,0.003561240822772205,0.03734855463675846,1800000,3600000,2878200000,303.81000000000006
533,0.7831109796159864,0.3154308773341321,0.0037371771807344764,0.037224266716251495,1800000,3600000,2883600000,304.38000000000005
534,0.7850327276899537,0.3114795229036456,0.003189323592914692,0.037100392399091006,1800000,3600000,2889000000,304.95000000000005
535,0.7833780286768465,0.31853575628363184,0.004847847386297947,0.03697693030889443,1800000,3600000,2894400000,305.52000000000004
536,0.783691545829414,0.31398600502109747,0.003494026666684096,0.03685387907385949,1800000,3600000,2899800000,306.09000000000003
537,0.7864894123031644,0.31229589035456573,0.0038068988104549488,0.036731237326748954,1800000,3600000,2905200000,306.66
538,0.7829698808022643,0.31729035171387093,0.002701834888618675,0.036609003704875506,1800000,3600000,2910600000,307.23
539,0.7831769824609441,0.3202596204418914,0.005473905493756797,0.036487176850086525,1800000,3600000,2916000000,307.8
540,0.7849380646223103,0.3111448858936943,0.003728789571028979,0.036365755408749034,1800000,3600000,2921400000,308.37000000000006
541,0.7838812307322559,0.3177514214806528,0.003838576655975839,0.036244738031734676,1800000,3600000,2926800000,308.94000000000005
542,0.7836369281400978,0.316177631122666,0.0028679873689401807,0.03612412337440466,1800000,3600000,2932200000,309.51000000000005
543,0.7860820495530623,0.3126968790806504,0.001976504466562355,0.03600391009659489,1800000,3600000,2937600000,310.08000000000004
544,0.7847389958282643,0.31580256588899636,0.0050047295204689035,0.035884096862601064,1800000,3600000,2943000000,310.65000000000003
545,0.7848511703249681,0.31570498961715876,0.0036136586077400758,0.03576468234116376,1800000,3600000,2948400000,311.22
546,0.7853818208405966,0.3155987993736688,0.004189562653408299,0.035645665205453765,1800000,3600000,2953800000,311.79
547,0.7844761393196928,0.3137189919741195,0.0023531257119877207,0.035527044133057226,1800000,3600000,2959200000,312.36
548,0.784248694152312,0.3164772855951704,0.0019001810576354848,0.035408817805960995,1800000,3600000,2964600000,312.93
549,0.7852992293969695,0.32098361750606014,0.0027912056806076203,0.035290984910538004,1800000,3600000,2970000000,313.50000000000006
550,0.7833167036436017,0.3150007637931672,0.006204905039283783,0.03517354413753266,1800000,3600000,2975400000,314.07000000000005
551,0.7865973439880314,0.31367454335564093,0.002807623025495745,0.03505649418204626,1800000,3600000,2980800000,314.64000000000004
552,0.7838627468094534,0.31593649001793855,0.004008774540498419,0.03493983374352255,1800000,3600000,2986200000,315.21000000000004
553,0.7832971693899983,0.31499058093200644,0.004470928952484999,0.03482356152573324,1800000,3600000,2991600000,315.78000000000003
554,0.7850101358189533,0.3094907112325029,0.003530042600201668,0.03470767623676358,1800000,3600000,2997000000,316.35
555,0.7840411276519431,0.3142085468021952,0.0023944811492560758,0.034592176588998075,1800000,3600000,3002400000,316.92
556,0.7854094084409513,0.31329711683577044,0.004574766808419861,0.03447706129910612,1800000,3600000,3007800000,317.49
557,0.7859434164047938,0.3105874367351003,0.002596723421495227,0.03436232908802773,1800000,3600000,3013200000,318.06000000000006
558,0.7831602612352806,0.31711437044591556,0.0028805301410181673,0.034247978680959405,1800000,3600000,3018600000,318.63000000000005
559,0.7827200321807757,0.31715862368851316,0.003805008324129786,0.03413400880733988,1800000,3600000,3024000000,319.20000000000005
560,0.7849224130724706,0.3155792379805218,0.002729431401061089,0.03402041820083606,1800000,3600000,3029400000,319.77000000000004
561,0.78245617602964,0.31119513896189466,0.002614380013880899,0.03390720559932891,1800000,3600000,3034800000,320.34000000000003
562,0.785541584940059,0.31055361083951066,0.002753547514897504,0.033794369744899494,1800000,3600000,3040200000,320.91
563,0.7837241850313575,0.315935528884379,0.004145597579487377,0.033681909383814906,1800000,3600000,3045600000,321.48
564,0.7843171605382188,0.3184423180492438,0.002727975097645601,0.033569823266514455,1800000,3600000,3051000000,322.05
565,0.7849849935098205,0.3153953411824319,0.004258342169356454,0.03345811014759566,1800000,3600000,3056400000,322.62000000000006
566,0.7849309137173447,0.31376200460478504,0.004332326168335584,0.03334676878580049,1800000,3600000,3061800000,323.19000000000005
567,0.7861424865167135,0.31495626104524854,0.002180001818535172,0.03323579794400159,1800000,3600000,3067200000,323.76000000000005
568,0.7843319744186035,0.30707539414032425,0.0029674264746457815,0.03312519638918843,1800000,3600000,3072600000,324.33000000000004
569,0.7847921446198841,0.3134303696748818,0.0030769839412522902,0.03301496289245373,1800000,3600000,3078000000,324.90000000000003
570,0.7866017593241111,0.31393595345927905,0.004090081017575626,0.03290509622897971,1800000,3600000,3083400000,325.47
571,0.7825239562998231,0.3182736499870284,0.0029066722971271266,0.03279559517802455,1800000,3600000,3088800000,326.04
572,0.7857875307856891,0.31607673404194275,0.0019612558648343433,0.032686458522908766,1800000,3600000,3094200000,326.61
573,0.7850332116735282,0.3171481663981711,0.003981030036715042,0.03257768505100174,1800000,3600000,3099600000,327.18000000000006
574,0.7863684180379752,0.31462682451980817,0.004664915728874101,0.03246927355370822,1800000,3600000,3105000000,327.75000000000006
575,0.7837667328068603,0.31660702729822604,0.00415338262283727,0.03236122282645489,1800000,3600000,3110400000,328.32000000000005
576,0.7863671180430235,0.31258496325849994,0.004032756892000937,0.03225353166867703,1800000,3600000,3115800000,328.89000000000004
577,0.787096877896315,0.31429780667181184,0.00319093712960551,0.03214619888380508,1800000,3600000,3121200000,329.46000000000004
578,0.7852142719065732,0.31475338541901876,0.0032300844236623893,0.032039223279251454,1800000,3600000,3126600000,330.03000000000003
579,0.7801518115320175,0.32096238143517647,0.0030303273188973124,0.03193260366639722,1800000,3600000,3132000000,330.6
580,0.781726835195931,0.31435780376988554,0.003098106287753301,0.031826338860578916,1800000,3600000,3137400000,331.17
581,0.7824969305556386,0.3187823460366799,0.00217967490017838,0.03172042768107538,1800000,3600000,3142800000,331.74
582,0.7829291726783898,0.3148899722052203,0.0025879721199770682,0.031614868951094645,1800000,3600000,3148200000,332.31000000000006
583,0.7803275710751422,0.317934604219762,0.0037179246705505093,0.03150966149776084,1800000,3600000,3153600000,332.88000000000005
584,0.782873003471609,0.31780497203454516,0.003908816592361707,0.03140480415210119,1800000,3600000,3159000000,333.45000000000005
585,0.7830353269442637,0.3194172944396191,0.0021931197000030814,0.03130029574903299,1800000,3600000,3164400000,334.02000000000004
586,0.7846553125746197,0.3205660794915612,0.003086544289016549,0.031196135127350685,1800000,3600000,3169800000,334.59000000000003
587,0.7845488698497767,0.31093828345627744,0.0023105249026664746,0.03109232112971296,1800000,3600000,3175200000,335.16
588,0.7835024354073409,0.3186562656659497,0.00251061392124857,0.0309888526026299,1800000,3600000,3180600000,335.73
589,0.7864031872847209,0.31433489368458817,0.0020635129592740725,0.030885728396450124,1800000,3600000,3186000000,336.3
590,0.7835143743310973,0.3186837859765472,0.0033181156110978134,0.03078294736534807,1800000,3600000,3191400000,336.87000000000006
591,0.7826360645473371,0.31718564644008546,0.0032978245345498913,0.030680508367311208,1800000,3600000,3196800000,337.44000000000005
592,0.7845846055916725,0.31915669088039367,0.0016565047961246534,0.030578410264127404,1800000,3600000,3202200000,338.01000000000005
593,0.7843514966621165,0.3150772620881262,0.0032719926082939803,0.030476651921372246,1800000,3600000,3207600000,338.58000000000004
594,0.7845584072278651,0.31595587146137216,0.0034808894195141127,0.03037523220839642,1800000,3600000,3213000000,339.15000000000003
595,0.7830399498518914,0.31724040155492716,0.0021055653488018986,0.030274149998313186,1800000,3600000,3218400000,339.72
596,0.7837340723964406,0.3189535117081493,0.0023271651685404897,0.030173404167985855,1800000,3600000,3223800000,340.29
597,0.7832150409296302,0.31758318500800675,0.002977748699646484,0.030072993598015248,1800000,3600000,3229200000,340.86
598,0.7830287828049313,0.3149766707744965,0.00309368676864513,0.029972917172727348,1800000,3600000,3234600000,341.43000000000006
599,0.7843528755865237,0.31573617398993536,0.0037885824394043805,0.02987317378016085,1800000,3600000,3240000000,342.00000000000006
600,0.7841767867208773,0.3146423407862839,0.0006585867214134638,0.029773762312054794,1800000,3600000,3245400000,342.57000000000005
601,0.784585591454753,0.3116176327041366,0.004050455262498847,0.029674681663836296,1800000,3600000,3250800000,343.14000000000004
602,0.7861268093174548,0.31163683867335784,0.0029828434561677353,0.029575930734608246,1800000,3600000,3256200000,343.71000000000004
603,0.7833939054318702,0.31698518910738427,0.0035570884385174744,0.029477508427137096,1800000,3600000,3261600000,344.28000000000003
604,0.7819023906531689,0.3208462586903112,0.0020136179304214557,0.029379413647840618,1800000,3600000,3267000000,344.85
605,0.7843642739485055,0.31656180661823946,0.003381829328879456,0.02928164530677581,1800000,3600000,3272400000,345.42
606,0.7838885155295092,0.3188025728147781,0.0017702513382865086,0.02918420231762678,1800000,3600000,3277800000,345.99000000000007
607,0.7851546529212587,0.3135102406211967,0.003051065371229556,0.029087083597692635,1800000,3600000,3283200000,346.56000000000006
608,0.7860710806977487,0.3149133789483143,0.0032354165261683594,0.028990288067875493,1800000,3600000,3288600000,347.13000000000005
609,0.784833830915323,0.3136454549746542,0.0032897801274391855,0.028893814652668486,1800000,3600000,3294000000,347.70000000000005
610,0.7851805757253372,0.32079102758766426,0.0022650186849949953,0.028797662280143754,1800000,3600000,3299400000,348.27000000000004
611,0.7856173670968598,0.3147706879058162,0.0037443767846146057,0.028701829881940626,1800000,3600000,3304800000,348.84000000000003
612,0.7836085516900881,0.3139726498878983,0.0036639912745070466,0.0286063163932537,1800000,3600000,3310200000,349.41
613,0.7847566945431723,0.31459300467221324,0.0013563273104660967,0.028511120752821004,1800000,3600000,3315600000,349.98
614,0.7881109501387333,0.3104249869586924,0.002540845523853598,0.028416241902912216,1800000,3600000,3321000000,350.55
615,0.7841838138689969,0.3139992846436966,0.002882839814118251,0.02832167878931693,1800000,3600000,3326400000,351.12000000000006
616,0.7848379649503956,0.3064966572682595,0.002253683121814817,0.028227430361332895,1800000,3600000,3331800000,351.69000000000005
617,0.7861585775557373,0.31337405836245547,0.002620264698033038,0.028133495571754392,1800000,3600000,3337200000,352.26000000000005
618,0.7870087227745123,0.31447688448594174,0.0021238391461224013,0.028039873376860563,1800000,3600000,3342600000,352.83000000000004
619,0.7849726562731449,0.3149942279344557,0.0013669884654874396,0.027946562736403842,1800000,3600000,3348000000,353.40000000000003
620,0.7840588311606629,0.3174476200179983,0.00115234729043335,0.027853562613598382,1800000,3600000,3353400000,353.97
621,0.7855181723198152,0.31721916505080605,0.0010772204386527192,0.02776087197510853,1800000,3600000,3358800000,354.54
622,0.7831563015937121,0.3198762423859421,0.004148281437099192,0.027668489791037327,1800000,3600000,3364200000,355.11
623,0.7840936134948405,0.3172730378727484,0.00413584530835491,0.027576415034915123,1800000,3600000,3369600000,355.68000000000006
624,0.7846350112472509,0.3135587731653559,0.0027835938156973135,0.027484646683688132,1800000,3600000,3375000000,356.25000000000006
625,0.784908782901676,0.31431294178570884,0.002650967889449329,0.02739318371770705,1800000,3600000,3380400000,356.82000000000005
626,0.7814023304631922,0.31457378752983456,0.0010573824663028639,0.027302025120715785,1800000,3600000,3385800000,357.39000000000004
627,0.7825097423876175,0.3193407954886332,0.0027795122630891273,0.027211169879840062,1800000,3600000,3391200000,357.96000000000004
628,0.7834601878100538,0.3218910935529565,0.0052061526835983935,0.02712061698557629,1800000,3600000,3396600000,358.53000000000003
629,0.7846479302172187,0.31648790639125735,0.004363056104693517,0.027030365431780265,1800000,3600000,3402000000,359.1
630,0.7836503918575434,0.3182156366160518,0.00225734785673991,0.02694041421565602,1800000,3600000,3407400000,359.67
631,0.7831899049062321,0.31729205396768634,0.0029029231786352502,0.026850762337744662,1800000,3600000,3412800000,360.24000000000007
632,0.7854309684795844,0.3168346713671429,0.0026952497924662283,0.026761408801913317,1800000,3600000,3418200000,360.81000000000006
633,0.7861964762680296,0.31287020587219216,0.0022252955255253667,0.02667235261534397,1800000,3600000,3423600000,361.38000000000005
634,0.783103968842342,0.3181983666280863,0.0008448088770477468,0.02658359278852253,1800000,3600000,3429000000,361.95000000000005
635,0.7832647116132754,0.3172995762306521,0.0035798823245930724,0.026495128335227797,1800000,3600000,3434400000,362.52000000000004
636,0.7824686525162899,0.3182889481990074,0.00042274899962132097,0.02640695827252048,1800000,3600000,3439800000,363.09000000000003
637,0.7867432859238059,0.3138281208017241,0.0032393765929315766,0.02631908162073231,1800000,3600000,3445200000,363.66
638,0.7864406785466218,0.3092275998734529,0.0021864064398034316,0.026231497403455158,1800000,3600000,3450600000,364.23
639,0.7836527074422857,0.31321727130071336,0.003686217426374038,0.026144204647530124,1800000,3600000,3456000000,364.80000000000007
640,0.7841586646309538,0.3151900625931531,0.0021528647907007124,0.026057202383036816,1800000,3600000,3461400000,365.37000000000006
641,0.7844940004613965,0.3134395220439391,0.002070005868867841,0.025970489643282507,1800000,3600000,3466800000,365.94000000000005
642,0.784012480413837,0.3140450965302475,0.00279427461423774,0.025884065464791422,1800000,3600000,3472200000,366.51000000000005
643,0.781233857144371,0.3206291661093635,0.000410119734320703,0.025797928887294017,1800000,3600000,3477600000,367.08000000000004
644,0.7821547586842121,0.3157470636647716,0.0012422900499033584,0.02571207895371634,1800000,3600000,3483000000,367.65000000000003
645,0.7851851670375877,0.3156389864568653,0.0025621719632223563,0.025626514710169333,1800000,3600000,3488400000,368.22
646,0.786048731043751,0.313336688064727,0.0038018177404675413,0.025541235205938307,1800000,3600000,3493800000,368.79
647,0.7847236515408009,0.3126450106885,0.002233900835547724,0.02545623949347234,1800000,3600000,3499200000,369.36
648,0.7847460670758255,0.31810806407513387,0.0,0.025371526628373754,1800000,3600000,3504600000,369.93000000000006
649,0.7837981815511244,0.31579404844841324,0.002250443640742098,0.025287095669387614,1800000,3600000,3510000000,370.50000000000006
650,0.7848643732044047,0.31766307716047815,0.002017618597363386,0.025202945678391302,1800000,3600000,3515400000,371.07000000000005
651,0.7810209003291038,0.31461957334853025,0.0032950405395523797,0.02511907572038403,1800000,3600000,3520800000,371.64000000000004
652,0.7855608979867386,0.3076154084877528,0.001401352048702809,0.02503548486347652,1800000,3600000,3526200000,372.21000000000004
653,0.7837743269302734,0.31720849363988834,0.0019114921437396943,0.024952172178880617,1800000,3600000,3531600000,372.78000000000003
654,0.7870915119009456,0.31102609200824144,0.0040646345520660935,0.024869136740898967,1800000,3600000,3537000000,373.35
655,0.7832468539066089,0.31617022791024624,0.0017081099459220288,0.024786377626914748,1800000,3600000,3542400000,373.92
656,0.7849061675930022,0.3117609341068384,0.0,0.024703893917381377,1800000,3600000,3547800000,374.49000000000007
657,0.7834482326575084,0.318288336472323,0.002452618335204113,0.024621684695812353,1800000,3600000,3553200000,375.06000000000006
658,0.7834554822633047,0.3157768997676154,0.001982245010100133,0.02453974904877104,1800000,3600000,3558600000,375.63000000000005
659,0.7864584924728757,0.3133402732250571,0.0024298869328167995,0.02445808606586051,1800000,3600000,3564000000,376.20000000000005
660,0.7847439838802681,0.3115989070852255,0.0038489213548433122,0.024376694839713452,1800000,3600000,3569400000,376.77000000000004
661,0.7831574421990213,0.3132427884127821,0.003453356908740349,0.024295574465982076,1800000,3600000,3574800000,377.34000000000003
662,0.7817962234929552,0.31748046075097563,0.003244395597046614,0.024214724043328046,1800000,3600000,3580200000,377.91
663,0.7835348940815449,0.3191293372272977,0.000758951463949173,0.02413414267341251,1800000,3600000,3585600000,378.48
664,0.7804815848651669,0.32025531077323516,0.002394927198615811,0.02405382946088608,1800000,3600000,3591000000,379.05000000000007
665,0.7858436821433283,0.3155158635385221,0.002389236334451271,0.02397378351337891,1800000,3600000,3596400000,379.62000000000006
666,0.7864993648222509,0.3175908026135991,0.004443428597396861,0.02389400394149075,1800000,3600000,3601800000,380.19000000000005
667,0.7838628514306012,0.3162553713441086,0.003425909551382437,0.023814489858781113,1800000,3600000,3607200000,380.76000000000005
668,0.7841792526033879,0.31820487184048074,0.00216930599543785,0.02373524038175934,1800000,3600000,3612600000,381.33000000000004
669,0.7828773750905361,0.3139604269015548,0.0023678177298825645,0.02365625462987489,1800000,3600000,3618000000,381.90000000000003
670,0.782162524287345,0.32539460344240956,0.002528764273598475,0.023577531725507483,1800000,3600000,3623400000,382.47
671,0.7843725849779526,0.31426365873961376,0.001716270219647844,0.023499070793957372,1800000,3600000,3628800000,383.04
672,0.7850994640328336,0.3156370112236572,0.0026956604905086037,0.023420870963435616,1800000,3600000,3634200000,383.61
673,0.7830376425176716,0.3154912209158035,0.0028143893881974968,0.02334293136505442,1800000,3600000,3639600000,384.18000000000006
674,0.7867659537678651,0.31092327118936197,0.0039027894814924738,0.02326525113281743,1800000,3600000,3645000000,384.75000000000006
675,0.7847229434913678,0.31742585561712977,0.0,0.023187829403610152,1800000,3600000,3650400000,385.32000000000005
676,0.7855474726240488,0.3066467939217662,0.0013341769622462433,0.023110665317190367,1800000,3600000,3655800000,385.89000000000004
677,0.7864298178085994,0.3123901314570932,0.0026804097684975077,0.023033758016178532,1800000,3600000,3661200000,386.46000000000004
678,0.7832875334455804,0.31883434846596054,0.001051807986849063,0.022957106646048307,1800000,3600000,3666600000,387.03000000000003
679,0.7837175111088039,0.31562074835468934,0.0022652251274694925,0.022880710355116993,1800000,3600000,3672000000,387.6
680,0.7860262270342376,0.31674193070244316,0.0019227489204272368,0.02280456829453613,1800000,3600000,3677400000,388.17
681,0.784558770240034,0.3146054889988657,0.00202986983534572,0.022728679618282042,1800000,3600000,3682800000,388.74000000000007
682,0.7843814692768264,0.31363638735906274,0.0018667707040916877,0.02265304348314644,1800000,3600000,3688200000,389.31000000000006
683,0.7857058656275693,0.31365158745502497,0.0021270615901048664,0.02257765904872704,1800000,3600000,3693600000,389.88000000000005
684,0.7839475772387637,0.31476703445140597,0.0011488862313511774,0.022502525477418246,1800000,3600000,3699000000,390.45000000000005
685,0.7853814176763395,0.31697449067806865,0.00394502826123593,0.02242764193440181,1800000,3600000,3704400000,391.02000000000004
686,0.7875511928318446,0.3139009416736506,0.0011221994600692342,0.02235300758763761,1800000,3600000,3709800000,391.59000000000003
687,0.7816737338297084,0.3166695994544102,0.001658314154650027,0.02227862160785435,1800000,3600000,3715200000,392.16
688,0.7847214253309593,0.3142087322047032,0.0017716266611839879,0.02220448316854038,1800000,3600000,3720600000,392.73
689,0.784657088781329,0.3149751485585602,0.004878261352111314,0.0221305914459345,1800000,3600000,3726000000,393.30000000000007
690,0.7859374887090387,0.3118245184752825,0.0021605309927820956,0.022056945619016825,1800000,3600000,3731400000,393.87000000000006
691,0.7833889499230383,0.3173746243533304,0.0022043664881902882,0.02198354486949961,1800000,3600000,3736800000,394.44000000000005
692,0.7851661826562579,0.3130626453893218,0.0017386580539085475,0.02191038838181822,1800000,3600000,3742200000,395.01000000000005
693,0.7835102481105598,0.3179195956617024,0.00047776299776968443,0.021837475343122043,1800000,3600000,3747600000,395.58000000000004
694,0.7870100406034523,0.31871298502660045,0.004058313500940921,0.021764804943265458,1800000,3600000,3753000000,396.15000000000003
695,0.7841049200890174,0.3156923831197365,0.0009498139146760867,0.021692376374798823,1800000,3600000,3758400000,396.72
696,0.7861224333707321,0.3097462891985291,0.002708023344308422,0.02162018883295954,1800000,3600000,3763800000,397.29
697,0.7861974807009201,0.3109779341935484,0.00037774123898230445,0.021548241515663043,1800000,3600000,3769200000,397.86000000000007
698,0.784144551422796,0.3143501125649107,0.002283887545481159,0.021476533623493964,1800000,3600000,3774600000,398.43000000000006
699,0.7852540043677834,0.3154704924698237,0.0025101462086524764,0.021405064359697207,1800000,3600000,3780000000,399.00000000000006
700,0.7824905444011914,0.3193349817124518,0.0027204380884260845,0.021333832930169112,1800000,3600000,3785400000,399.57000000000005
701,0.7847345374464503,0.316312348623972,0.002319103140227993,0.021262838543448622,1800000,3600000,3790800000,400.14000000000004
702,0.7850367760233138,0.31316633966996793,0.0020446156725081824,0.02119208041070847,1800000,3600000,3796200000,400.71000000000004
703,0.7825173412619156,0.3168202336790333,0.002503354736107982,0.02112155774574646,1800000,3600000,3801600000,401.28000000000003
704,0.7858481057434448,0.310134122604168,0.001368851992411434,0.021051269764976704,1800000,3600000,3807000000,401.85
705,0.7798996465912887,0.3218022261726138,0.0020244376246284297,0.020981215687420916,1800000,3600000,3812400000,402.42
706,0.785385407931534,0.3124871562197352,0.0007677914102827989,0.02091139473469973,1800000,3600000,3817800000,402.99000000000007
707,0.7840305264224623,0.3182602897138305,0.0013534710163018515,0.020841806131024078,1800000,3600000,3823200000,403.56000000000006
708,0.7831252027126968,0.31835909021706815,0.0030843526679997595,0.020772449103186517,1800000,3600000,3828600000,404.13000000000005
709,0.7854922501918388,0.31644662283662023,0.002474538981239351,0.0207033228805527,1800000,3600000,3834000000,404.70000000000005
710,0.7826053724544549,0.32547026258628864,0.0011386908445855618,0.020634426695052777,1800000,3600000,3839400000,405.27000000000004
711,0.7834470890447591,0.323410763848544,0.0010102638356341738,0.020565759781172862,1800000,3600000,3844800000,405.84000000000003
712,0.7861338335976537,0.3084616350519782,0.002382279575919601,0.020497321375946544,1800000,3600000,3850200000,406.41
713,0.785138301004291,0.3114315370873729,0.0012412028382499667,0.0204291107189464,1800000,3600000,3855600000,406.98
714,0.784197684898392,0.3135039416697408,0.0024721546915003694,0.020361127052275524,1800000,3600000,3861000000,407.55000000000007
715,0.7841654191858825,0.3164027305313802,0.0013034115038507723,0.020293369620559148,1800000,3600000,3866400000,408.12000000000006
716,0.7869602719695056,0.31366938037715636,0.0030651929296996033,0.020225837670936227,1800000,3600000,3871800000,408.69000000000005
717,0.7848954012543312,0.31684773414414225,0.00013739335685900305,0.020158530453051063,1800000,3600000,3877200000,409.26000000000005
718,0.7830982803883652,0.31455944802317426,0.002335370406610414,0.020091447219045,1800000,3600000,3882600000,409.83000000000004
719,0.7838745257148411,0.3165144184040276,0.0012989681166270884,0.020024587223548076,1800000,3600000,3888000000,410.40000000000003
720,0.7861328707480318,0.31829993870936985,0.0019617452538322616,0.019957949723670754,1800000,3600000,3893400000,410.97
721,0.7815965627126237,0.3156482576453935,0.00153537937225781,0.01989153397899569,1800000,3600000,3898800000,411.54
722,0.7850643075120902,0.31414939932603847,0.0023509647324065704,0.01982533925156948,1800000,3600000,3904200000,412.11000000000007
723,0.7837705859097372,0.3217551528699781,0.002558937224593563,0.019759364805894478,1800000,3600000,3909600000,412.68000000000006
724,0.7830205654233031,0.31605189558913854,0.000591663427514912,0.019693609908920603,1800000,3600000,3915000000,413.25000000000006
725,0.7833050051650926,0.3181380590431637,0.0026651587322582488,0.019628073830037226,1800000,3600000,3920400000,413.82000000000005
726,0.7837229468667047,0.3132512106004594,0.0009482707123046888,0.019562755841064997,1800000,3600000,3925800000,414.39000000000004
727,0.7844562983609522,0.3136619407640246,0.002106897539508004,0.019497655216247817,1800000,3600000,3931200000,414.96000000000004
728,0.7842218351322516,0.3161714285430822,0.0021520687817584636,0.019432771232244746,1800000,3600000,3936600000,415.53000000000003
729,0.7846030646237296,0.30924735021067645,0.0015758660092419256,0.019368103168121962,1800000,3600000,3942000000,416.1
730,0.7858764212563567,0.31348023639884964,0.0014436736195577314,0.019303650305344755,1800000,3600000,3947400000,416.6700000000001
731,0.7844105711048017,0.31476156745122247,0.0013734570016815943,0.01923941192776953,1800000,3600000,3952800000,417.24000000000007
732,0.7858425194340825,0.3169675750324949,0.0020583262788065595,0.019175387321635887,1800000,3600000,3958200000,417.81000000000006
733,0.7841837723708375,0.3147499879797638,0.00027386829040957814,0.019111575775558647,1800000,3600000,3963600000,418.38000000000005
734,0.7832778867309527,0.3188565523551971,0.0014373311192460946,0.01904797658051998,1800000,3600000,3969000000,418.95000000000005
735,0.7861021473260309,0.3119885496048958,0.0006738859132381527,0.01898458902986151,1800000,3600000,3974400000,419.52000000000004
736,0.7851602402299986,0.31890869045879217,0.0005253202009954561,0.01892141241927647,1800000,3600000,3979800000,420.09000000000003
737,0.7848806876291927,0.3161824447381762,0.0015728989083963,0.01885844604680186,1800000,3600000,3985200000,420.66
738,0.786436628663317,0.31738658136259185,0.0003338850977811663,0.018795689212810673,1800000,3600000,3990600000,421.23
739,0.7841602389300376,0.3154027512002232,0.0011011823416576401,0.018733141220004107,1800000,3600000,3996000000,421.80000000000007
740,0.7863020869244206,0.30994610399172606,0.001762906502636111,0.01867080137340383,1800000,3600000,4001400000,422.37000000000006
741,0.7832767890578216,0.31672897462659794,0.0034262272923121194,0.01860866898034423,1800000,3600000,4006800000,422.94000000000005
742,0.7859364972979953,0.31420361611491143,0.001926362809925509,0.01854674335046476,1800000,3600000,4012200000,423.51000000000005
743,0.7857247258179616,0.31404075281574606,0.0008672132345581887,0.018485023795702205,1800000,3600000,4017600000,424.08000000000004
744,0.7856770847691765,0.3174094071511103,0.0013440202837845493,0.01842350963028311,1800000,3600000,4023000000,424.65000000000003
745,0.7848732097572283,0.3142483629134504,0.0018623273249093002,0.018362200170716117,1800000,3600000,4028400000,425.22
746,0.781702662249059,0.3221420630780856,0.0017183911558821435,0.018301094735784378,1800000,3600000,4033800000,425.79
747,0.7848904521688622,0.32081550631370886,0.0012427841168677462,0.018240192646537985,1800000,3600000,4039200000,426.36000000000007
748,0.7818223654784853,0.3183995986149794,0.0014647206315424922,0.018179493226286442,1800000,3600000,4044600000,426.93000000000006
749,0.7827072004221245,0.32190312251314673,0.0004988804493745217,0.018118995800591103,1800000,3600000,4050000000,427.50000000000006
750,0.784416285937194,0.3130076302058931,0.0009737948609699713,0.018058699697257735,1800000,3600000,4055400000,428.07000000000005
751,0.7844265300536692,0.3173166928792021,0.0019457712759876939,0.017998604246329014,1800000,3600000,4060800000,428.64000000000004
752,0.7849056643624812,0.31438184498049604,0.0007441181165713468,0.01793870878007709,1800000,3600000,4066200000,429.21000000000004
753,0.7864081821194336,0.3096992066993513,0.0024746256245517786,0.017879012632996176,1800000,3600000,4071600000,429.78000000000003
754,0.7826712748629042,0.31187448996970424,0.0015008744787265286,0.017819515141795115,1800000,3600000,4077000000,430.35
755,0.7856703700589177,0.31224405526045995,0.0012748039749340934,0.017760215645390067,1800000,3600000,4082400000,430.9200000000001
756,0.7842232810989167,0.316566653898089,0.0014528454623829522,0.017701113484897137,1800000,3600000,4087800000,431.49000000000007
757,0.7839696581014939,0.3177844190894386,0.001797493615998253,0.017642208003625034,1800000,3600000,4093200000,432.06000000000006
758,0.7852232517253168,0.31217763970893786,0.000826995627721368,0.017583498547067807,1800000,3600000,4098600000,432.63000000000005
759,0.7857138688724243,0.30888965272179636,0.002613988514923768,0.017524984462897568,1800000,3600000,4104000000,433.20000000000005
760,0.7852366841427249,0.3176342475205056,0.0008463179227609606,0.01746666510095721,1800000,3600000,4109400000,433.77000000000004
761,0.785542572641227,0.31501992055487404,0.0024464970277608116,0.017408539813253226,1800000,3600000,4114800000,434.34000000000003
762,0.7834597590088899,0.3188541055127321,0.0017899600370789618,0.017350607953948487,1800000,3600000,4120200000,434.91
763,0.7843865586986023,0.31849170677831823,0.001647129858382232,0.017292868879355078,1800000,3600000,4125600000,435.4800000000001
764,0.7849592669130315,0.3126669441948607,0.0011424487859532707,0.017235321947927124,1800000,3600000,4131000000,436.05000000000007
765,0.7841387707857038,0.3200748540597905,0.0005847775998066444,0.017177966520253697,1800000,3600000,4136400000,436.62000000000006
766,0.7825282712504216,0.3184240424444211,0.0009626324202018125,0.01712080195905166,1800000,3600000,4141800000,437.19000000000005
767,0.7824756022015773,0.3143894983098611,0.001444118266627666,0.017063827629158642,1800000,3600000,4147200000,437.76000000000005
768,0.7865445694930092,0.31148785895829617,0.0006815090243852483,0.017007042897525942,1800000,3600000,4152600000,438.33000000000004
769,0.786109197591031,0.31829552690814483,0.0009775644471192268,0.016950447133211522,1800000,3600000,4158000000,438.90000000000003
770,0.7852268233839423,0.3136636747106799,0.0017140853284995199,0.01689403970737297,1800000,3600000,4163400000,439.47
771,0.7859145869114249,0.3132529291305359,0.0011864352857444442,0.016837819993260533,1800000,3600000,4168800000,440.04
772,0.7848660563273665,0.31445461315184725,0.0019503376820841423,0.016781787366210135,1800000,3600000,4174200000,440.61000000000007
773,0.7851892768531002,0.31222517026305296,0.0011787255027876512,0.016725941203636456,1800000,3600000,4179600000,441.18000000000006
774,0.7837224298113019,0.31641762063080164,0.0018289921033122058,0.016670280885026006,1800000,3600000,4185000000,441.75000000000006
775,0.78581776700222,0.3165408170679436,0.0019020876659377138,0.01661480579193023,1800000,3600000,4190400000,442.32000000000005
776,0.7820727645445984,0.3168831999720951,0.0005554860548052816,0.016559515307958635,1800000,3600000,4195800000,442.89000000000004
777,0.7828151286906198,0.31852264427711785,0.0011388632199543199,0.016504408818771934,1800000,3600000,4201200000,443.46000000000004
778,0.7848325285543931,0.31511517615402557,0.0011398742855666345,0.01644948571207524,1800000,3600000,4206600000,444.03000000000003
779,0.7824696613206583,0.32447283905771696,0.0020433679811137557,0.016394745377611247,1800000,3600000,4212000000,444.6
780,0.7859798557086192,0.31968083512239726,0.0010426711889902783,0.016340187207153453,1800000,3600000,4217400000,445.1700000000001
781,0.7857880530229688,0.31533424202984167,0.0,0.016285810594499402,1800000,3600000,4222800000,445.74000000000007
782,0.7840630562502268,0.32201840152630395,0.0016945576512724793,0.016231614935463958,1800000,3600000,4228200000,446.31000000000006
783,0.7841578709448237,0.3176749324805111,0.0013076222454392675,0.01617759962787256,1800000,3600000,4233600000,446.88000000000005
784,0.785246607431152,0.30895154251443513,0.001665394319368236,0.016123764071554577,1800000,3600000,4239000000,447.45000000000005
785,0.7843275660597027,0.31941579496248473,0.0009618144135133532,0.016070107668336605,1800000,3600000,4244400000,448.02000000000004
786,0.7854409516411335,0.31292522108735243,0.002429998944555758,0.01601662982203583,1800000,3600000,4249800000,448.59000000000003
787,0.7838119365955983,0.31903754688524333,0.002919220095759948,0.015963329938453414,1800000,3600000,4255200000,449.16
788,0.7824409753569418,0.30539686460045323,0.0013143454203427174,0.015910207425367886,1800000,3600000,4260600000,449.7300000000001
789,0.7859575803763327,0.3136040135364849,0.002188109997038674,0.015857261692528542,1800000,3600000,4266000000,450.30000000000007
790,0.7868092153560249,0.3114774749337014,0.0032685301049897933,0.015804492151648922,1800000,3600000,4271400000,450.87000000000006
791,0.7861425793241765,0.3124601153340241,0.001874775305584238,0.015751898216400252,1800000,3600000,4276800000,451.44000000000005
792,0.784287888226385,0.3141008969886043,0.0018536516129506846,0.015699479302404933,1800000,3600000,4282200000,452.01000000000005
793,0.7839037827197332,0.3122457403451127,0.001544667000281689,0.015647234827230044,1800000,3600000,4287600000,452.58000000000004
794,0.7865686510905607,0.3162870284282051,0.0035027922551657473,0.015595164210380888,1800000,3600000,4293000000,453.15000000000003
795,0.783738177896504,0.3174623816483132,0.0022459597012055464,0.015543266873294511,1800000,3600000,4298400000,453.72
796,0.7829086808550892,0.3125200892188656,0.001546789422823771,0.015491542239333302,1800000,3600000,4303800000,454.2900000000001
797,0.7836247561313574,0.31460718491855405,0.0020976967947602928,0.01543998973377857,1800000,3600000,4309200000,454.86000000000007
798,0.787499638070085,0.3101426299940288,0.0013183079457411582,0.015388608783824179,1800000,3600000,4314600000,455.43000000000006
799,0.7827794065925094,0.3203023425805215,0.001499809424734582,0.015337398818570146,1800000,3600000,4320000000,456.00000000000006
800,0.7865231994321473,0.3166986814259361,0.0008593741939552349,0.01528635926901634,1800000,3600000,4325400000,456.57000000000005
801,0.7842662142505772,0.3154021202484434,0.00043407100019200533,0.01523548956805612,1800000,3600000,4330800000,457.14000000000004
802,0.7856943434005473,0.3130072936806046,0.0018609650563736822,0.01518478915047006,1800000,3600000,4336200000,457.71000000000004
803,0.7849440425278795,0.3156545628861762,0.0008775158885943226,0.015134257452919677,1800000,3600000,4341600000,458.28000000000003
804,0.7827652579351558,0.3209250473969383,0.0017025255318955962,0.01508389391394114,1800000,3600000,4347000000,458.85
805,0.7830221737284724,0.31520982348700677,0.0001972460786877307,0.015033697973939058,1800000,3600000,4352400000,459.4200000000001
806,0.7822728935403584,0.3206815919628628,0.002639862266187281,0.014983669075180239,1800000,3600000,4357800000,459.99000000000007
807,0.7838839764903777,0.31291261448082974,0.001476300708959374,0.014933806661787518,1800000,3600000,4363200000,460.56000000000006
808,0.7844378314802988,0.3128914200990269,0.0,0.014884110179733566,1800000,3600000,4368600000,461.13000000000005
809,0.7825579313936638,0.31698686667352777,0.0010998818525276355,0.01483457907683474,1800000,3600000,4374000000,461.70000000000005
810,0.7848071015947092,0.31374699633968356,0.0011539837946756312,0.014785212802744946,1800000,3600000,4379400000,462.27000000000004
811,0.7843252564291214,0.3151427027532327,0.0007742570889678463,0.014736010808949521,1800000,3600000,4384800000,462.84000000000003
812,0.7822133882393586,0.31760914375271426,0.0007585768748005334,0.014686972548759124,1800000,3600000,4390200000,463.41
813,0.7863986409566118,0.31403570411905646,0.0019372806161064265,0.014638097477303708,1800000,3600000,4395600000,463.9800000000001
814,0.7833425541234857,0.3195928099347878,0.001602543855033089,0.014589385051526413,1800000,3600000,4401000000,464.55000000000007
815,0.7849337633453716,0.31695226006857474,0.0025819919696452942,0.014540834730177563,1800000,3600000,4406400000,465.12000000000006
816,0.7854099450530624,0.31480724979750346,0.00043580780754169093,0.014492445973808648,1800000,3600000,4411800000,465.69000000000005
817,0.7828234955483294,0.32216819212508135,0.0022089294730810553,0.014444218244766325,1800000,3600000,4417200000,466.26000000000005
818,0.7843185584715812,0.31617586275810877,0.0,0.01439615100718643,1800000,3600000,4422600000,466.83000000000004
819,0.783842420717982,0.31851977878203297,0.0011127218341625013,0.014348243726988055,1800000,3600000,4428000000,467.40000000000003
820,0.7878151596859153,0.3096869322801026,0.001648666827466979,0.014300495871867599,1800000,3600000,4433400000,467.97
821,0.7845885055763158,0.3139853689510022,0.0007937528466414634,0.01425290691129284,1800000,3600000,4438800000,468.5400000000001
822,0.784428126670899,0.3142379684753946,0.0,0.014205476316497063,1800000,3600000,4444200000,469.11000000000007
823,0.783471390964517,0.3160015576482455,2.938042521291465e-05,0.014158203560473181,1800000,3600000,4449600000,469.68000000000006
824,0.7839314143527749,0.3176123007009223,0.0047408624595354125,0.014111088117967848,1800000,3600000,4455000000,470.25000000000006
825,0.7834422506684479,0.3143368742954187,0.0,0.014064129465475665,1800000,3600000,4460400000,470.82000000000005
826,0.7851111973496553,0.3146399128266915,0.0021157953947330897,0.01401732708123335,1800000,3600000,4465800000,471.39000000000004
827,0.785386810950296,0.30551243403633516,0.0008467014662191788,0.013970680445213924,1800000,3600000,4471200000,471.96000000000004
828,0.7831223485178656,0.31226146081805767,0.0025321924976676818,0.013924189039120962,1800000,3600000,4476600000,472.53000000000003
829,0.7856929025897091,0.3170684186609089,0.002040139819012712,0.01387785234638279,1800000,3600000,4482000000,473.1000000000001
830,0.7834430886938514,0.3226844474731566,0.0,0.013831669852146802,1800000,3600000,4487400000,473.6700000000001
831,0.7831705078348715,0.31709705456165477,0.0012488508608837633,0.013785641043273693,1800000,3600000,4492800000,474.24000000000007
832,0.7808617092359026,0.31815105954856016,0.0015743958767506464,0.01373976540833178,1800000,3600000,4498200000,474.81000000000006
833,0.7870322898530273,0.30945486232850244,0.0,0.013694042437591319,1800000,3600000,4503600000,475.38000000000005
834,0.7833289541270904,0.3143431035014252,0.0013784372921200343,0.01364847162301883,1800000,3600000,4509000000,475.95000000000005
835,0.7872304565344486,0.30973044844783065,0.0002658306992889877,0.013603052458271453,1800000,3600000,4514400000,476.52000000000004
836,0.78480392077406,0.3179034673933035,0.0,0.013557784438691338,1800000,3600000,4519800000,477.09000000000003
837,0.7866369504737029,0.3089590303249415,0.0002728231455312813,0.013512667061300028,1800000,3600000,4525200000,477.66
838,0.7847507673448864,0.31819549185613333,0.0,0.013467699824792862,1800000,3600000,4530600000,478.2300000000001
839,0.7837528240424417,0.31706491305466894,0.0003630295361082242,0.013422882229533415,1800000,3600000,4536000000,478.80000000000007
840,0.7847026704759118,0.31289477882887445,0.0013970576146245645,0.013378213777547955,1800000,3600000,4541400000,479.37000000000006
841,0.7875317677094312,0.3140132958352237,0.00038763878865365545,0.013333693972519876,1800000,3600000,4546800000,479.94000000000005
842,0.7848055319798675,0.31760860395979484,0.0016940365261924359,0.013289322319784223,1800000,3600000,4552200000,480.51000000000005
843,0.7837096824859405,0.31844347321176125,0.0008281675938810568,0.01324509832632218,1800000,3600000,4557600000,481.08000000000004
844,0.783600915185386,0.32035226708090164,0.0007049393615175775,0.013201021500755583,1800000,3600000,4563000000,481.65000000000003
845,0.7867660691074464,0.3198811623299804,1.940920803217717e-06,0.013157091353341475,1800000,3600000,4568400000,482.22
846,0.7834295358091096,0.3155960881514119,0.0014023269341778518,0.013113307395966662,1800000,3600000,4573800000,482.7900000000001
847,0.7846917622235009,0.3112849564346289,0.002351905383288247,0.01306966914214226,1800000,3600000,4579200000,483.36000000000007
848,0.7846199930960374,0.3157338998931797,0.002154500152491862,0.013026176106998346,1800000,3600000,4584600000,483.93000000000006
849,0.7813302410308013,0.32412106920968853,0.0008857290111091724,0.012982827807278526,1800000,3600000,4590000000,484.50000000000006
850,0.7802225779853313,0.32091578530280584,0.00252291817584689,0.012939623761334574,1800000,3600000,4595400000,485.07000000000005
851,0.7856049367858986,0.316061931703804,0.0005504718117792372,0.012896563489121101,1800000,3600000,4600800000,485.64000000000004
852,0.7811921531298741,0.3205677066028665,0.0022798945597494735,0.012853646512190182,1800000,3600000,4606200000,486.21000000000004
853,0.7851776633227816,0.31413849821946066,7.946077885717434e-05,0.012810872353686081,1800000,3600000,4611600000,486.78000000000003
854,0.7825243324388942,0.31760280363132815,0.0009224239257923978,0.012768240538339934,1800000,3600000,4617000000,487.3500000000001
855,0.7865670246290732,0.3109443403100421,0.0,0.01272575059246446,1800000,3600000,4622400000,487.9200000000001
856,0.7856221896969652,0.31201658532603016,0.0,0.012683402043948716,1800000,3600000,4627800000,488.49000000000007
857,0.7867771014608764,0.3081220746253122,0.0007825741129158029,0.012641194422252843,1800000,3600000,4633200000,489.06000000000006
858,0.7835652238500068,0.3144576998087505,0.0029231164699042894,0.012599127258402818,1800000,3600000,4638600000,489.63000000000005
859,0.783897018648866,0.3142333995111302,0.001639062566772923,0.012557200084985287,1800000,3600000,4644000000,490.20000000000005
860,0.7851597226424534,0.31825315506045754,0.0011178734650242248,0.012515412436142334,1800000,3600000,4649400000,490.77000000000004
861,0.7837575836868509,0.31767933889855243,0.0012560882007263635,0.012473763847566318,1800000,3600000,4654800000,491.34000000000003
862,0.7862310641738086,0.31290425866568733,0.00010627769926060948,0.01243225385649472,1800000,3600000,4660200000,491.9100000000001
863,0.7837425928043444,0.3163532206353014,0.0009752615056885345,0.012390882001704991,1800000,3600000,4665600000,492.4800000000001
864,0.7809445177994919,0.32106932957344414,0.004252041557908464,0.01234964782350942,1800000,3600000,4671000000,493.05000000000007
865,0.7842120855647832,0.3159928982924273,0.0009053923006110916,0.012308550863750054,1800000,3600000,4676400000,493.62000000000006
866,0.7819421931891206,0.31554629493916564,0.0006185290410947524,0.012267590665793582,1800000,3600000,4681800000,494.19000000000005
867,0.7846370102186951,0.31336695964212946,0.0009699639250421795,0.012226766774526273,1800000,3600000,4687200000,494.76000000000005
868,0.7847013935694973,0.3140070506977518,0.0024682343845065934,0.012186078736348917,1800000,3600000,4692600000,495.33000000000004
869,0.7841800695042198,0.31609063695021206,0.001615020133918352,0.012145526099171784,1800000,3600000,4698000000,495.90000000000003
870,0.7822162412285545,0.3243940491803099,0.0,0.01210510841240959,1800000,3600000,4703400000,496.47
871,0.788595335268317,0.3125138188227345,0.0013077529189804951,0.01206482522697652,1800000,3600000,4708800000,497.0400000000001
872,0.7821536861690264,0.31705747497605924,0.0,0.012024676095281203,1800000,3600000,4714200000,497.61000000000007
873,0.7861674036271574,0.3157335414341406,0.0009463320308970003,0.011984660571221769,1800000,3600000,4719600000,498.18000000000006
874,0.783675870782752,0.3134366963353984,0.0,0.011944778210180869,1800000,3600000,4725000000,498.75000000000006
875,0.7813592311454144,0.31903607192729555,0.0011907232830957596,0.011905028569020754,1800000,3600000,4730400000,499.32000000000005
876,0.7850712362955908,0.3165638957766298,0.0007068622047672038,0.011865411206078324,1800000,3600000,4735800000,499.89000000000004
877,0.7849117729040231,0.32062860639036567,0.0,0.011825925681160258,1800000,3600000,4741200000,500.46000000000004
878,0.7831469163036512,0.3101981154778635,0.00020335943308642367,0.01178657155553809,1800000,3600000,4746600000,501.03000000000003
879,0.7825994787641266,0.32165960627318474,0.0018921813852061146,0.01174734839194336,1800000,3600000,4752000000,501.6000000000001
880,0.7840794086640248,0.31623447470334504,0.0004380752491236754,0.011708255754562732,1800000,3600000,4757400000,502.1700000000001
881,0.7864200871055651,0.31666863922928973,0.0,0.011669293209033163,1800000,3600000,4762800000,502.74000000000007
882,0.7844288887755901,0.31129657513098524,0.0015490930869414606,0.011630460322437081,1800000,3600000,4768200000,503.31000000000006
883,0.7838364544247705,0.3129464306562668,0.002431046071375933,0.01159175666329757,1800000,3600000,4773600000,503.88000000000005
884,0.7862816144380673,0.3182488972107706,0.002045937800224035,0.011553181801573576,1800000,3600000,4779000000,504.45000000000005
885,0.7849093549640721,0.3159230280764824,0.0012753462788026356,0.011514735308655124,1800000,3600000,4784400000,505.02000000000004
886,0.784421639609276,0.3128968856075955,0.001238045575717962,0.011476416757358571,1800000,3600000,4789800000,505.59000000000003
887,0.7833781779733091,0.3183879515033886,0.0,0.011438225721921835,1800000,3600000,4795200000,506.1600000000001
888,0.784628822375275,0.317337819144536,0.0009262917454692011,0.011400161777999683,1800000,3600000,4800600000,506.7300000000001
889,0.7816066494678058,0.3170635510551294,0.001145978155167484,0.01136222450265902,1800000,3600000,4806000000,507.30000000000007
890,0.7846576940562936,0.31903845018910637,0.0,0.011324413474374167,1800000,3600000,4811400000,507.87000000000006
891,0.7829419010699149,0.3181032598593738,0.0,0.011286728273022203,1800000,3600000,4816800000,508.44000000000005
892,0.7846784906981125,0.317532107659166,0.0011412040959190655,0.011249168479878289,1800000,3600000,4822200000,509.01000000000005
893,0.785542702461145,0.317248304038485,0.0,0.011211733677610984,1800000,3600000,4827600000,509.58000000000004
894,0.7859814176814156,0.31537516371663926,0.0019848193422955574,0.01117442345027767,1800000,3600000,4833000000,510.15000000000003
895,0.7866002223532934,0.3078305380304774,0.001581254728132497,0.011137237383319877,1800000,3600000,4838400000,510.72
896,0.7842397495010518,0.3181457329486023,0.0,0.011100175063558702,1800000,3600000,4843800000,511.2900000000001
897,0.7832491089832312,0.3171639061446553,0.0011239322057203203,0.01106323607919021,1800000,3600000,4849200000,511.86000000000007
898,0.784607628922542,0.32377758045966576,0.0005510588279390076,0.011026420019780866,1800000,3600000,4854600000,512.4300000000001
899,0.7848069245820547,0.3168056411376591,0.00249071066234527,0.010989726476262956,1800000,3600000,4860000000,513.0
900,0.7843914870219529,0.3155635373636322,0.000793300343140041,0.010953155040930068,1800000,3600000,4865400000,513.57
901,0.7837624661870748,0.31202862521467417,9.058391080608169e-05,0.010916705307432543,1800000,3600000,4870800000,514.1400000000001
902,0.7846158723301788,0.31562904496836464,0.0019264453761132921,0.010880376870772968,1800000,3600000,4876200000,514.71
903,0.7820501779718961,0.3210849449837338,0.00011238124737858132,0.010844169327301678,1800000,3600000,4881600000,515.2800000000001
904,0.7866797536214084,0.3190677094125503,1.030291526003368e-05,0.010808082274712251,1800000,3600000,4887000000,515.85
905,0.7848212937525245,0.309455662971234,0.0008299266068059191,0.010772115312037072,1800000,3600000,4892400000,516.4200000000001
906,0.7805747800528791,0.32328495800138785,0.001693549657417494,0.010736268039642852,1800000,3600000,4897800000,516.99
907,0.784965161935363,0.31545004939636695,0.0017917623235966175,0.010700540059226191,1800000,3600000,4903200000,517.5600000000001
908,0.7851442956070376,0.3164548112623637,0.0013648564312119908,0.010664930973809168,1800000,3600000,4908600000,518.1300000000001
909,0.7840732596883767,0.3167921955243528,0.0017702471426242444,0.010629440387734914,1800000,3600000,4914000000,518.7
910,0.7852471422784835,0.3138208571150395,0.001462815831974311,0.010594067906663207,1800000,3600000,4919400000,519.2700000000001
911,0.785394975128936,0.3160937206916646,0.0011550864395801859,0.010558813137566122,1800000,3600000,4924800000,519.84
912,0.7858420659031857,0.3117995635994057,0.0,0.01052367568872364,1800000,3600000,4930200000,520.4100000000001
913,0.7829663474815224,0.3182165910815863,0.0028825124769210936,0.010488655169719302,1800000,3600000,4935600000,520.98
914,0.7821765243654722,0.3161999386344141,0.0,0.010453751191435868,1800000,3600000,4941000000,521.5500000000001
915,0.7860067969153585,0.3182349161848621,0.001121229834679806,0.010418963366051004,1800000,3600000,4946400000,522.12
916,0.7840911814391176,0.31756444943585976,0.0021665699572253256,0.01038429130703295,1800000,3600000,4951800000,522.69
917,0.7884188321860237,0.3160813132796047,0.0,0.010349734629136251,1800000,3600000,4957200000,523.2600000000001
918,0.7841894409401291,0.3085230773269238,0.002679019505338397,0.010315292948397467,1800000,3600000,4962600000,523.83
919,0.7833429390533337,0.3138670127913375,0.0009433083298363126,0.0102809658821309,1800000,3600000,4968000000,524.4000000000001
920,0.7831893664853906,0.3134136028810691,0.0008533392218781038,0.010246753048924351,1800000,3600000,4973400000,524.97
921,0.7852012832432584,0.31507219651891805,0.0015317931804936726,0.010212654068634879,1800000,3600000,4978800000,525.5400000000001
922,0.7846151467128614,0.31785903614152333,0.0015045345888607935,0.010178668562384568,1800000,3600000,4984200000,526.11
923,0.7835558449928736,0.3207575879115212,0.0006455012912024231,0.010144796152556337,1800000,3600000,4989600000,526.6800000000001
924,0.785161421674892,0.3153316237528766,0.0008472734680376076,0.010111036462789725,1800000,3600000,4995000000,527.2500000000001
925,0.7829152358795624,0.3183598770560265,0.0008447769642123729,0.010077389117976725,1800000,3600000,5000400000,527.82
926,0.7843117248811926,0.3117529244359992,0.003043984469604844,0.010043853744257604,1800000,3600000,5005800000,528.3900000000001
927,0.7865335523887858,0.3115711249743184,0.0,0.010010429969016745,1800000,3600000,5011200000,528.96
928,0.7841990257446309,0.3204149195332327,0.0005177138957937811,0.009977117420878534,1800000,3600000,5016600000,529.5300000000001
929,0.7862531081219911,0.30992048271274714,0.00019334839665875346,0.009943915729703197,1800000,3600000,5022000000,530.1
930,0.7860488139553947,0.30785988636074285,0.0016899265290524572,0.009910824526582717,1800000,3600000,5027400000,530.6700000000001
931,0.7838342327202152,0.31241132119324105,0.0007052423682980528,0.009877843443836716,1800000,3600000,5032800000,531.24
932,0.7847282674600445,0.3135313296894748,0.0008073719723227273,0.009844972115008389,1800000,3600000,5038200000,531.8100000000001
933,0.786506453333967,0.31695805924126796,0.003187589019335824,0.009812210174860397,1800000,3600000,5043600000,532.3800000000001
934,0.7856726084995791,0.317910980977755,0.00028103994560802907,0.009779557259370852,1800000,3600000,5049000000,532.95
935,0.7835114983814415,0.3164992604066524,0.0005606949637593976,0.00974701300572925,1800000,3600000,5054400000,533.5200000000001
936,0.7831145461714167,0.3122768770033616,0.0025322201873698436,0.009714577052332429,1800000,3600000,5059800000,534.09
937,0.7813050143467769,0.317718278227316,0.0014802159825541672,0.00968224903878058,1800000,3600000,5065200000,534.6600000000001
938,0.7854972621583389,0.31622093945043417,0.003184111511310294,0.009650028605873223,1800000,3600000,5070600000,535.23
939,0.7823640296972532,0.3148001172186161,0.00036975309902761934,0.009617915395605208,1800000,3600000,5076000000,535.8000000000001
940,0.7853857492352814,0.31405511820394105,8.327023981991705e-05,0.009585909051162758,1800000,3600000,5081400000,536.37
941,0.7845982386223103,0.31638982900484264,0.0005848505298289626,0.009554009216919498,1800000,3600000,5086800000,536.94
942,0.7816098922898325,0.3211167329598859,0.0022918525682985597,0.009522215538432497,1800000,3600000,5092200000,537.5100000000001
943,0.7844692624542073,0.313370578658407,0.0016104942469681305,0.009490527662438332,1800000,3600000,5097600000,538.08
944,0.784231094520547,0.31793489890077825,0.0006039794249863623,0.00945894523684917,1800000,3600000,5103000000,538.6500000000001
945,0.7839281469643372,0.3183417140110785,0.0,0.009427467910748841,1800000,3600000,5108400000,539.22
946,0.7837199774051307,0.31622960217444634,0.00041076195672676015,0.009396095334388952,1800000,3600000,5113800000,539.7900000000001
947,0.7859473550890743,0.3148886806259082,0.0,0.009364827159185005,1800000,3600000,5119200000,540.36
948,0.7852612122565863,0.32024745314761305,0.0015214032534296505,0.009333663037712504,1800000,3600000,5124600000,540.9300000000001
949,0.7879394496969458,0.3074761968594309,0.002523117625953421,0.009302602623703115,1800000,3600000,5130000000,541.5000000000001
950,0.7850560993799206,0.3156683300994444,0.0009947909427647612,0.009271645572040809,1800000,3600000,5135400000,542.07
951,0.7858288883021914,0.31666502628440324,0.0020628471473018275,0.00924079153875802,1800000,3600000,5140800000,542.6400000000001
952,0.7822494473775436,0.3137921335565943,0.0006375904056927686,0.009210040181031845,1800000,3600000,5146200000,543.21
953,0.7832863290319647,0.31499793567404094,0.0001773516391952407,0.009179391157180212,1800000,3600000,5151600000,543.7800000000001
954,0.7869790109463956,0.31037655403404496,0.001659443954394769,0.009148844126658095,1800000,3600000,5157000000,544.35
955,0.7845090994624928,0.3138461955454652,0.000369166476206179,0.009118398750053738,1800000,3600000,5162400000,544.9200000000001
956,0.7841389907376444,0.31626571236018963,0.0005573692807147346,0.009088054689084853,1800000,3600000,5167800000,545.49
957,0.7830470100075279,0.3155958582879158,0.0025230332643945952,0.009057811606594903,1800000,3600000,5173200000,546.0600000000001
958,0.7825509624048127,0.31699268566703137,0.0011309085527468638,0.009027669166549323,1800000,3600000,5178600000,546.6300000000001
959,0.7858439171413061,0.3157158369679646,0.0002670387879804378,0.008997627034031805,1800000,3600000,5184000000,547.2
960,0.7853964930977387,0.3127413322490954,0.0017627558587291097,0.008967684875240566,1800000,3600000,5189400000,547.7700000000001
961,0.7833670165591835,0.31185947688156657,0.0006672053470670608,0.00893784235748465,1800000,3600000,5194800000,548.34
962,0.7857482526419176,0.31908512717771975,0.0,0.008908099149180209,1800000,3600000,5200200000,548.9100000000001
963,0.784856913673079,0.31459377092806984,0.0015089477830050884,0.008878454919846852,1800000,3600000,5205600000,549.48
964,0.7852597736060346,0.31623690350698996,0.0012698998837186361,0.008848909340103947,1800000,3600000,5211000000,550.0500000000001
965,0.7850891706811088,0.322889093401154,3.6984923973452325e-06,0.00881946208166697,1800000,3600000,5216400000,550.62
966,0.7830307197584326,0.31933292966492927,0.0,0.008790112817343857,1800000,3600000,5221800000,551.19
967,0.7836522773856829,0.31258990094204747,0.0,0.008760861221031375,1800000,3600000,5227200000,551.7600000000001
968,0.7839953320961667,0.31826276315499313,0.00031777105121593384,0.008731706967711477,1800000,3600000,5232600000,552.33
969,0.7833891488956012,0.3189585484082284,0.0001615320156228281,0.008702649733447719,1800000,3600000,5238000000,552.9000000000001
970,0.7841696202391157,0.3138453363882121,0.0,0.008673689195381645,1800000,3600000,5243400000,553.47
971,0.7837154135859301,0.3146372855762783,0.0,0.0086448250317292,1800000,3600000,5248800000,554.0400000000001
972,0.78285986442491,0.3153256403195971,0.0,0.008616056921777155,1800000,3600000,5254200000,554.61
973,0.7848336209009618,0.31422890693288597,0.0007826448986467342,0.008587384545879555,1800000,3600000,5259600000,555.1800000000001
974,0.7855863534677613,0.3153123984631784,0.001703758138211501,0.00855880758545414,1800000,3600000,5265000000,555.7500000000001
975,0.7827111510608511,0.31734115554052195,0.0009710225616269177,0.008530325722978842,1800000,3600000,5270400000,556.32
976,0.7841210204053918,0.3152986230033235,0.0,0.008501938641988227,1800000,3600000,5275800000,556.8900000000001
977,0.7840641890304884,0.31654825662241526,0.0,0.00847364602706999,1800000,3600000,5281200000,557.46
978,0.7838070850555819,0.32228161370304376,0.0005778309113051779,0.008445447563861456,1800000,3600000,5286600000,558.0300000000001
979,0.7811482477752606,0.3200366390857874,0.0003832367324616957,0.008417342939046071,1800000,3600000,5292000000,558.6
980,0.7866717074471542,0.311163242078062,0.0,0.008389331840349944,1800000,3600000,5297400000,559.1700000000001
981,0.7856851838341299,0.3144909872537176,0.0,0.008361413956538348,1800000,3600000,5302800000,559.74
982,0.7843509623743287,0.30956324145086067,0.0017247975893962461,0.008333588977412296,1800000,3600000,5308200000,560.3100000000001
983,0.7835904265396829,0.32079341476301493,0.0013246809809316301,0.008305856593805061,1800000,3600000,5313600000,560.8800000000001
984,0.7857822475684045,0.31527920151330396,0.0008557490473300028,0.008278216497578768,1800000,3600000,5319000000,561.45
985,0.7846114566849787,0.3192427767780887,0.0008299438202885605,0.008250668381620944,1800000,3600000,5324400000,562.0200000000001
986,0.7857474398053801,0.3164164707391613,0.0,0.008223211939841133,1800000,3600000,5329800000,562.59
987,0.7850508097064164,0.3171765208024243,0.0008476498839637718,0.008195846867167478,1800000,3600000,5335200000,563.1600000000001
988,0.7835950935299106,0.3160392104342338,0.0016242404676481059,0.008168572859543331,1800000,3600000,5340600000,563.73
989,0.7810009459790191,0.31762769726790546,8.323195740081359e-05,0.008141389613923886,1800000,3600000,5346000000,564.3000000000001
990,0.7861774863101876,0.31522709381947855,0.0007135981844425239,0.008114296828272803,1800000,3600000,5351400000,564.8700000000001
991,0.7853077720735919,0.3171434776163115,0.0025081106132362027,0.008087294201558844,1800000,3600000,5356800000,565.44
992,0.7866174967909381,0.30645720929018366,6.307281557531557e-05,0.00806038143375255,1800000,3600000,5362200000,566.0100000000001
993,0.7876087438921408,0.31429105709547367,0.0007772550632301508,0.008033558225822888,1800000,3600000,5367600000,566.58
994,0.7849608633197066,0.3161017130967081,0.00092585304755162,0.008006824279733942,1800000,3600000,5373000000,567.1500000000001
995,0.7888892883571322,0.3150001981609457,0.0007522284388873969,0.00798017929844159,1800000,3600000,5378400000,567.72
996,0.7833451889658187,0.3147182464227774,0.0,0.007953622985890214,1800000,3600000,5383800000,568.2900000000001
997,0.7828266342660962,0.3205987863017389,7.540131006621435e-05,0.007927155047009393,1800000,3600000,5389200000,568.86
998,0.7841996071594953,0.3148929746368217,0.0014732855264609555,0.007900775187710651,1800000,3600000,5394600000,569.4300000000001
999,0.7859505886918211,0.31785341366818887,0.0002741648759969324,0.007874483114884165,1800000,3600000,5400000000,570.0000000000001
