round,test_accuracy,train_objective,mfg,hfr_tau,downlink_bytes,uplink_bytes,cumulative_serialized_bytes,single_device_elapsed_seconds
0,0.5025536182903235,0.5992771421184446,0.12064976876636974,0.35,1800000,9000000,10800000,0.6000000000000001
1,0.5018606028281231,0.5979630963032124,0.12035730596738882,0.3488352756190831,1800000,9000000,21600000,1.2000000000000002
2,0.5021518497836168,0.5994544829552272,0.11909603352618992,0.34767442718926206,1800000,9000000,32400000,1.8000000000000003
3,0.5021373179218581,0.6038158006638364,0.1166947682927073,0.34651744181220884,1800000,9000000,43200000,2.4000000000000004
4,0.5058733400332625,0.591510608368482,0.11775300923988266,0.3453643066325185,1800000,9000000,54000000,3.0000000000000004
5,0.5039849872103481,0.5989415203237631,0.11652128313423984,0.3442150088375661,1800000,9000000,64800000,3.6000000000000005
6,0.506742387940624,0.5942499843154477,0.11728435876029691,0.3430695356573643,1800000,9000000,75600000,4.200000000000001
7,0.5074256888956986,0.6021417742210939,0.11577679568564954,0.3419278743644216,1800000,9000000,86400000,4.800000000000001
8,0.5062042869164145,0.5961505569661509,0.11559115097686568,0.34079001227360073,1800000,9000000,97200000,5.4
9,0.5064457766121692,0.5962243137059385,0.11365490688640358,0.33965593674197786,1800000,9000000,108000000,6.000000000000001
10,0.5087026358323952,0.5912258350301319,0.11647376488891475,0.33852563516870204,1800000,9000000,118800000,6.600000000000001
11,0.5073629275302005,0.5921872130242797,0.11413699096857742,0.3373990949948554,1800000,9000000,129600000,7.200000000000001
12,0.5100393485358211,0.5848969424059826,0.11524935057015764,0.3362763037033131,1800000,9000000,140400000,7.800000000000001
13,0.5100543508746024,0.5924600970131659,0.11256354553317685,0.335157248818605,1800000,9000000,151200000,8.400000000000002
14,0.5148873639302597,0.5875144758441514,0.11522577404697451,0.3340419179067763,1800000,9000000,162000000,9.000000000000002
15,0.5106423783960019,0.5902275729158213,0.11266753420843663,0.33293029857524986,1800000,9000000,172800000,9.600000000000001
16,0.5159300741388121,0.5842461105037493,0.11323501092047668,0.3318223784726884,1800000,9000000,183600000,10.200000000000001
17,0.5130576775251051,0.5843872240349768,0.11179946736221212,0.3307181452888571,1800000,9000000,194400000,10.8
18,0.5162514661200883,0.5780902633373999,0.1126662161049235,0.32961758675448705,1800000,9000000,205200000,11.400000000000002
19,0.5156173875746144,0.5829336194565895,0.11083232855515691,0.32852069064113865,1800000,9000000,216000000,12.000000000000002
20,0.5152848621895706,0.5840197700155663,0.10953395955956785,0.3274274447610662,1800000,9000000,226800000,12.600000000000001
21,0.5142726700238588,0.5813252955064668,0.11052043177768411,0.32633783696708185,1800000,9000000,237600000,13.200000000000003
22,0.51521629164882,0.5883713470651366,0.10960506817513221,0.3252518551524212,1800000,9000000,248400000,13.800000000000002
23,0.5187604369889153,0.5809966483852494,0.10977221543509462,0.32416948725060846,1800000,9000000,259200000,14.400000000000002
24,0.5202613733706817,0.575281309174947,0.10989585998290007,0.3230907212353225,1800000,9000000,270000000,15.000000000000002
25,0.5193732980979329,0.581202759686559,0.10759414499109844,0.32201554512026315,1800000,9000000,280800000,15.600000000000001
26,0.5220648442379091,0.5720153741048553,0.10779990939110307,0.320943946959018,1800000,9000000,291600000,16.200000000000003
27,0.5207498620203503,0.5797200099273923,0.10879041996628239,0.31987591484492983,1800000,9000000,302400000,16.800000000000004
28,0.5203795591826849,0.5844131338103288,0.10713993103413318,0.3188114369109642,1800000,9000000,313200000,17.400000000000002
29,0.5210212451008196,0.5795575536327725,0.10779391503924816,0.3177505013295776,1800000,9000000,324000000,18.000000000000004
30,0.524843868447547,0.5749946620626754,0.1055931171861799,0.3166930963125858,1800000,9000000,334800000,18.6
31,0.5260705637188353,0.5710244105382714,0.10584328927262869,0.3156392101110335,1800000,9000000,345600000,19.200000000000003
32,0.5231261725847886,0.57674900608411,0.10538855216776534,0.3145888310150631,1800000,9000000,356400000,19.800000000000004
33,0.5263785382573615,0.5711697923647188,0.10560391719411077,0.3135419473537849,1800000,9000000,367200000,20.400000000000002
34,0.5255238324172238,0.5745499737664223,0.104990607232498,0.31249854749514744,1800000,9000000,378000000,21.000000000000004
35,0.5287006923887017,0.5759524129887991,0.10311513003342965,0.3114586198458083,1800000,9000000,388800000,21.6
36,0.5268951837073643,0.5729027336884729,0.10468795624206415,0.3104221528510051,1800000,9000000,399600000,22.200000000000003
37,0.5260621210857529,0.5700722245342441,0.10464085201539725,0.3093891349944272,1800000,9000000,410400000,22.800000000000004
38,0.5313017952994513,0.5654503529666679,0.10373970070872955,0.30835955479808785,1800000,9000000,421200000,23.400000000000002
39,0.5326530204510626,0.5678817027529683,0.1031053044141788,0.30733340082219646,1800000,9000000,432000000,24.000000000000004
40,0.5287899306308551,0.5726434331295437,0.10129042244060389,0.3063106616650316,1800000,9000000,442800000,24.600000000000005
41,0.5334627293278523,0.5683113614014277,0.09926579858493265,0.3052913259628144,1800000,9000000,453600000,25.200000000000003
42,0.5288720628660599,0.5687253064216827,0.10157442088059795,0.304275382389582,1800000,9000000,464400000,25.800000000000004
43,0.533099369647535,0.5672878941589563,0.10005787561916704,0.3032628196570622,1800000,9000000,475200000,26.400000000000006
44,0.5313546278478867,0.573476958983481,0.0987248617441891,0.3022536265145474,1800000,9000000,486000000,27.000000000000004
45,0.5345393219621533,0.5681308301932821,0.09943816476015557,0.3012477917487702,1800000,9000000,496800000,27.600000000000005
46,0.5355975683743393,0.5627663826588359,0.09926113760312072,0.30024530418377837,1800000,9000000,507600000,28.200000000000003
47,0.5358036057016308,0.5687117467925776,0.10095371266567392,0.2992461526808108,1800000,9000000,518400000,28.800000000000004
48,0.5369236874311434,0.5674372823078384,0.09998598730428128,0.2982503261381739,1800000,9000000,529200000,29.400000000000006
49,0.5373733467003271,0.5603732783335135,0.10006821875244704,0.2972578134911182,1800000,9000000,540000000,30.000000000000004
50,0.534079078416948,0.569426244424417,0.09631971563046535,0.29626860371171493,1800000,9000000,550800000,30.600000000000005
51,0.537686891348172,0.5576748791428013,0.09836883288630473,0.2952826858087343,1800000,9000000,561600000,31.200000000000003
52,0.5340123782205287,0.5692400740328548,0.0966723184247783,0.29430004882752275,1800000,9000000,572400000,31.800000000000004
53,0.5422010899188504,0.5674181667944618,0.09810654946449868,0.29332068184988147,1800000,9000000,583200000,32.400000000000006
54,0.5412732310034553,0.5599360030898173,0.09738610961096507,0.2923445739939452,1800000,9000000,594000000,33.00000000000001
55,0.5431558173451249,0.5596228844866744,0.09706868588861864,0.29137171441406096,1800000,9000000,604800000,33.60000000000001
56,0.5426135833520154,0.554028980213078,0.09650972418297744,0.2904020923006678,1800000,9000000,615600000,34.2
57,0.5427665970088036,0.5562707586842074,0.09679727306544303,0.2894356968801768,1800000,9000000,626400000,34.800000000000004
58,0.5420374628149544,0.5565090362528724,0.09539294489889663,0.2884725174148511,1800000,9000000,637200000,35.400000000000006
59,0.5422120998589819,0.5600440920125073,0.09471415341648341,0.2875125432026867,1800000,9000000,648000000,36.00000000000001
60,0.5433945931107557,0.5590019055329296,0.09342052783215078,0.2865557635772936,1800000,9000000,658800000,36.60000000000001
61,0.5466237796616112,0.5514317459863765,0.09228619282662641,0.2856021679077773,1800000,9000000,669600000,37.2
62,0.5465134690597769,0.550083628800602,0.09188837774300199,0.28465174559862044,1800000,9000000,680400000,37.800000000000004
63,0.5459716679008308,0.5491422963755588,0.09442519459735363,0.28370448608956544,1800000,9000000,691200000,38.400000000000006
64,0.5472321768327383,0.5542933833664588,0.09421526218975812,0.2827603788554969,1800000,9000000,702000000,39.00000000000001
65,0.5479681737434029,0.5525312621727765,0.09298708475807282,0.28181941340632466,1800000,9000000,712800000,39.60000000000001
66,0.5464937210433456,0.554395925245173,0.0933752987543274,0.28088157928686747,1800000,9000000,723600000,40.2
67,0.5488230664584329,0.5477540583658068,0.09134259618740156,0.2799468660767365,1800000,9000000,734400000,40.800000000000004
68,0.5494167682856708,0.5503644061482309,0.09087551649006316,0.2790152633902198,1800000,9000000,745200000,41.400000000000006
69,0.5491993054414203,0.5489179608057372,0.091268419404974,0.2780867608761669,1800000,9000000,756000000,42.00000000000001
70,0.5517045998620129,0.5471301468070342,0.0900987834300216,0.2771613482178736,1800000,9000000,766800000,42.60000000000001
71,0.5502216983900374,0.5511405804996918,0.0902338603553211,0.27623901513296745,1800000,9000000,777600000,43.2
72,0.5516872493254176,0.5455779303216766,0.09152477040820102,0.2753197513732937,1800000,9000000,788400000,43.800000000000004
73,0.5516476553430302,0.5526017346706344,0.08895019709100996,0.274403546724801,1800000,9000000,799200000,44.400000000000006
74,0.5557345972215189,0.5434222821209165,0.08978182881294179,0.27349039100742834,1800000,9000000,810000000,45.00000000000001
75,0.5527070303821183,0.5456973857143086,0.08756039051828823,0.2725802740749917,1800000,9000000,820800000,45.60000000000001
76,0.5519345751412068,0.5525450404616558,0.08856771956300197,0.27167318581507127,1800000,9000000,831600000,46.20000000000001
77,0.5540117074336318,0.5393333824421873,0.0887117325558596,0.2707691161488994,1800000,9000000,842400000,46.800000000000004
78,0.5549893900837441,0.5417562431351955,0.08906083195802168,0.26986805503124817,1800000,9000000,853200000,47.400000000000006
79,0.5541749674609191,0.5432671053265259,0.0876316289968611,0.26896999245031816,1800000,9000000,864000000,48.00000000000001
80,0.554711873706352,0.5428260142759359,0.08683089379227686,0.26807491842762704,1800000,9000000,874800000,48.60000000000001
81,0.5581987991354102,0.5427531941490618,0.08601391452593082,0.2671828230178986,1800000,9000000,885600000,49.20000000000001
82,0.5592650521579755,0.5400919124687064,0.085798829806033,0.2662936963089525,1800000,9000000,896400000,49.800000000000004
83,0.5587493202431292,0.5367945872125702,0.08651121239598468,0.26540752842159393,1800000,9000000,907200000,50.400000000000006
84,0.5598622306998166,0.5361560182052926,0.08395818934899787,0.2645243095095039,1800000,9000000,918000000,51.00000000000001
85,0.5631496701799031,0.5371010690399322,0.08763672098720621,0.26364402975912987,1800000,9000000,928800000,51.60000000000001
86,0.5602609688522853,0.5394196215427297,0.08541590269624577,0.26276667938957665,1800000,9000000,939600000,52.20000000000001
87,0.5599769083249537,0.5434705326359637,0.08352964824440122,0.2618922486524978,1800000,9000000,950400000,52.80000000000001
88,0.5602744353764723,0.5410863083662724,0.0834190370060189,0.26102072783198726,1800000,9000000,961200000,53.400000000000006
89,0.5620852957345964,0.5418185786651819,0.08253731791113678,0.2601521072444713,1800000,9000000,972000000,54.00000000000001
90,0.5602508809697634,0.5424449628995773,0.0828230734539601,0.25928637723860126,1800000,9000000,982800000,54.60000000000001
91,0.563070263661377,0.5377155102572102,0.08440259113551529,0.2584235281951458,1800000,9000000,993600000,55.20000000000001
92,0.5637337155696339,0.5377750899481033,0.08323149356905966,0.25756355052688457,1800000,9000000,1004400000,55.80000000000001
93,0.5624884626130613,0.5411297326849073,0.08287694169803142,0.25670643467850124,1800000,9000000,1015200000,56.400000000000006
94,0.5671795605420709,0.5353270725485243,0.0818689263173697,0.2558521711264775,1800000,9000000,1026000000,57.00000000000001
95,0.5657608870156636,0.5341165833575285,0.0829247212723456,0.2550007503789875,1800000,9000000,1036800000,57.60000000000001
96,0.5669067211237417,0.5333074774251133,0.08119334370436855,0.2541521629757918,1800000,9000000,1047600000,58.20000000000001
97,0.5655268148696664,0.5368816205006811,0.08005157859239728,0.2533063994881328,1800000,9000000,1058400000,58.80000000000001
98,0.5669627311818005,0.5323009038951064,0.07834782588877179,0.2524634505186297,1800000,9000000,1069200000,59.400000000000006
99,0.5656535536327575,0.5352370332620106,0.08160413047832787,0.25162330670117417,1800000,9000000,1080000000,60.00000000000001
100,0.5663683941360608,0.5348724225272693,0.08081001321426573,0.2507859587008262,1800000,9000000,1090800000,60.60000000000001
101,0.569257237193897,0.5307445334370174,0.07971484327078304,0.24995139721371062,1800000,9000000,1101600000,61.20000000000001
102,0.5687408439104635,0.5287019521707045,0.07948565689104667,0.24911961296691337,1800000,9000000,1112400000,61.80000000000001
103,0.5728520402556911,0.5234275223673289,0.08136830854042966,0.24829059671837875,1800000,9000000,1123200000,62.400000000000006
104,0.5732479609477787,0.5265852249224882,0.07827269476844913,0.24746433925680647,1800000,9000000,1134000000,63.00000000000001
105,0.573254043202932,0.5272903011352718,0.0780951584189486,0.2466408314015497,1800000,9000000,1144800000,63.60000000000001
106,0.573049991588875,0.5241899679658752,0.07762539684885122,0.24582006400251258,1800000,9000000,1155600000,64.2
107,0.5727506945378742,0.5298432182849762,0.07855122576127654,0.24500202794004897,1800000,9000000,1166400000,64.80000000000001
108,0.5723323648065076,0.5336335718017996,0.07836452032949377,0.24418671412486084,1800000,9000000,1177200000,65.4
109,0.5738114989734409,0.5239211078472378,0.07607226640578522,0.24337411349789742,1800000,9000000,1188000000,66.00000000000001
110,0.5738691470343797,0.5266865067024272,0.07613594278610782,0.24256421703025452,1800000,9000000,1198800000,66.60000000000001
111,0.5758337294269081,0.5249833402199912,0.07646377347892305,0.24175701572307412,1800000,9000000,1209600000,67.20000000000002
112,0.5759177063295591,0.5263354090274938,0.07747889843186045,0.2409525006074445,1800000,9000000,1220400000,67.80000000000001
113,0.5790799773401356,0.5216910872547329,0.07686978163308218,0.24015066274430058,1800000,9000000,1231200000,68.4
114,0.5771438454299598,0.5162218842565343,0.07446706999378237,0.23935149322432453,1800000,9000000,1242000000,69.00000000000001
115,0.5761608020652124,0.5218153684736456,0.07632245567174044,0.23855498316784673,1800000,9000000,1252800000,69.60000000000001
116,0.5762298388672856,0.5235486189055701,0.07712464101766446,0.23776112372474734,1800000,9000000,1263600000,70.20000000000002
117,0.5762228133632745,0.5235226631091219,0.07549114685233377,0.2369699060743576,1800000,9000000,1274400000,70.80000000000001
118,0.578079200756151,0.5196822568608578,0.07566286738143253,0.23618132142536227,1800000,9000000,1285200000,71.4
119,0.5786987158721795,0.5244877799683404,0.07391596108930287,0.2353953610157015,1800000,9000000,1296000000,72.00000000000001
120,0.5799231996940739,0.5221826859866373,0.07362741619855515,0.23461201611247376,1800000,9000000,1306800000,72.60000000000001
121,0.5797433800252375,0.522393145045415,0.07510207303438707,0.23383127801183873,1800000,9000000,1317600000,73.20000000000002
122,0.5789502392562402,0.5165202838280778,0.07301546830547889,0.23305313803892064,1800000,9000000,1328400000,73.80000000000001
123,0.5842712028767599,0.516580926832587,0.07409667179494513,0.23227758754771177,1800000,9000000,1339200000,74.4
124,0.5837640928382433,0.5169396163038712,0.07459503689185513,0.23150461792097646,1800000,9000000,1350000000,75.00000000000001
125,0.5834373203553144,0.5201575499605093,0.07253275216371244,0.2307342205701553,1800000,9000000,1360800000,75.60000000000001
126,0.584678827299977,0.5176062706495385,0.07241948922123774,0.22996638693526986,1800000,9000000,1371600000,76.20000000000002
127,0.5846081051217143,0.5198102781708196,0.07108995705671825,0.22920110848482736,1800000,9000000,1382400000,76.80000000000001
128,0.5844721067222595,0.5130625356377304,0.07320870474496961,0.22843837671572612,1800000,9000000,1393200000,77.4
129,0.5816582461800638,0.519631479585555,0.07063017643980593,0.22767818315316077,1800000,9000000,1404000000,78.00000000000001
130,0.5865321228963551,0.5110391639703312,0.06992302068333295,0.2269205193505284,1800000,9000000,1414800000,78.60000000000001
131,0.5900334279260897,0.5128862849535999,0.06880927680353081,0.2261653768893345,1800000,9000000,1425600000,79.20000000000002
132,0.5852329728132808,0.5161569868671969,0.0700717520164091,0.22541274737909947,1800000,9000000,1436400000,79.80000000000001
133,0.5868576050001141,0.51294782432983,0.06872886737628615,0.22466262245726548,1800000,9000000,1447200000,80.4
134,0.5883512476524342,0.5088158992452876,0.07137929277837818,0.22391499378910354,1800000,9000000,1458000000,81.00000000000001
135,0.5872986965702186,0.5114296864943821,0.06988081886673993,0.22316985306762066,1800000,9000000,1468800000,81.60000000000001
136,0.5897389153463237,0.5062449025899194,0.06865085947221293,0.22242719201346783,1800000,9000000,1479600000,82.20000000000002
137,0.5902074153005528,0.5095242875504471,0.06961515588824108,0.22168700237484795,1800000,9000000,1490400000,82.80000000000001
138,0.5917189101719266,0.5033472607639244,0.06938746641457604,0.22094927592742405,1800000,9000000,1501200000,83.4
139,0.5916479793755482,0.5095963733402296,0.06846670445076605,0.22021400447422812,1800000,9000000,1512000000,84.00000000000001
140,0.5908116102176428,0.5103482956770634,0.06794307715937463,0.2194811798455696,1800000,9000000,1522800000,84.60000000000001
141,0.5888149488580247,0.5097514929120119,0.0684487216067699,0.21875079389894525,1800000,9000000,1533600000,85.20000000000002
142,0.5937516356681412,0.5074096629800263,0.06818636994506888,0.21802283851894808,1800000,9000000,1544400000,85.80000000000001
143,0.592124684601557,0.5044346083027655,0.06819764970002817,0.21729730561717747,1800000,9000000,1555200000,86.4
144,0.5930894417964633,0.5081660703843173,0.06816139502452281,0.2165741871321493,1800000,9000000,1566000000,87.00000000000001
145,0.5964062810795584,0.49656770569648484,0.06812929175675984,0.21585347502920627,1800000,9000000,1576800000,87.60000000000001
146,0.5952733995759284,0.5053149237647367,0.06801728096553025,0.2151351613004287,1800000,9000000,1587600000,88.20000000000002
147,0.5974044905562658,0.501522621477624,0.06659219138482048,0.21441923796454562,1800000,9000000,1598400000,88.80000000000001
148,0.5943487141162047,0.5055078253475966,0.06663750151684733,0.21370569706684586,1800000,9000000,1609200000,89.40000000000002
149,0.5964262816635445,0.5025599338573363,0.06544847699907477,0.2129945306790899,1800000,9000000,1620000000,90.00000000000001
150,0.5946693299213784,0.503766561664498,0.06659678055864023,0.21228573089942168,1800000,9000000,1630800000,90.60000000000001
151,0.5973221441952511,0.5084059756844137,0.06641507403955076,0.2115792898522808,1800000,9000000,1641600000,91.20000000000002
152,0.5975591087870077,0.4962369001887941,0.06452186680973357,0.21087519968831503,1800000,9000000,1652400000,91.80000000000001
153,0.5971194680264631,0.5069659331204724,0.06379478952805949,0.21017345258429304,1800000,9000000,1663200000,92.40000000000002
154,0.5967559839760375,0.49727289502416117,0.06503605848506899,0.20947404074301768,1800000,9000000,1674000000,93.00000000000001
155,0.5986389597511325,0.4976672642168538,0.06534938353733424,0.20877695639323893,1800000,9000000,1684800000,93.60000000000001
156,0.599390129479304,0.505289213947072,0.06432198831671403,0.20808219178956802,1800000,9000000,1695600000,94.20000000000002
157,0.6003281908209742,0.5051668539168934,0.06315849049110053,0.2073897392123911,1800000,9000000,1706400000,94.80000000000001
158,0.5993385889887551,0.502935638660059,0.06313176646716505,0.20669959096778348,1800000,9000000,1717200000,95.40000000000002
159,0.5998949566389756,0.5000935282859211,0.06215754315959237,0.20601173938742431,1800000,9000000,1728000000,96.00000000000001
160,0.6005466677451367,0.4984242204115024,0.06267657402023272,0.20532617682851112,1800000,9000000,1738800000,96.60000000000001
161,0.6009966872031237,0.4970478796779608,0.06388803080024769,0.2046428956736751,1800000,9000000,1749600000,97.20000000000002
162,0.6062919891771573,0.4907453085997325,0.06290049224393973,0.20396188833089637,1800000,9000000,1760400000,97.80000000000001
163,0.6017040902889388,0.491167688139056,0.06266670681378961,0.2032831472334197,1800000,9000000,1771200000,98.40000000000002
164,0.6031479691546844,0.49329003433473007,0.06332833206771309,0.20260666483967038,1800000,9000000,1782000000,99.00000000000001
165,0.6044574653073315,0.49882163044228306,0.06257154103480272,0.20193243363317032,1800000,9000000,1792800000,99.60000000000001
166,0.6035532675604712,0.48697844903995313,0.0604132011570794,0.20126044612245486,1800000,9000000,1803600000,100.20000000000002
167,0.6039320870784773,0.4965570540427782,0.06157947079113469,0.20059069484098904,1800000,9000000,1814400000,100.80000000000001
168,0.6023367932324009,0.5006280071169996,0.05902431151918421,0.1999231723470852,1800000,9000000,1825200000,101.40000000000002
169,0.6055425840515146,0.49805925230864,0.060028013831059324,0.1992578712238198,1800000,9000000,1836000000,102.00000000000001
170,0.6055660982081135,0.49192744525273435,0.0607147063087326,0.19859478407895134,1800000,9000000,1846800000,102.60000000000001
171,0.6060092630327754,0.4900034654279115,0.06185829417845543,0.19793390354483797,1800000,9000000,1857600000,103.20000000000002
172,0.6047740380866051,0.49463068030271323,0.05942468988219345,0.19727522227835592,1800000,9000000,1868400000,103.80000000000001
173,0.6068408164382257,0.49214247234409886,0.0588824265307016,0.1966187329608177,1800000,9000000,1879200000,104.40000000000002
174,0.6071045546427276,0.49333987556014547,0.059900108450271716,0.1959644282978907,1800000,9000000,1890000000,105.00000000000001
175,0.6052867611020629,0.4932817615786217,0.057515070607299414,0.19531230101951647,1800000,9000000,1900800000,105.60000000000002
176,0.6123852435786225,0.487679853969246,0.05973275514438801,0.1946623438798296,1800000,9000000,1911600000,106.20000000000002
177,0.6055013387063019,0.49405192415396665,0.06038964376691215,0.19401454965707748,1800000,9000000,1922400000,106.80000000000001
178,0.611482850911571,0.4879551964073568,0.05798973605096657,0.19336891115353974,1800000,9000000,1933200000,107.40000000000002
179,0.6096532491441699,0.4909771329280412,0.05847918165815464,0.1927254211954487,1800000,9000000,1944000000,108.00000000000001
180,0.6117623578401862,0.48855914090196756,0.05989630847724218,0.19208407263290928,1800000,9000000,1954800000,108.60000000000002
181,0.6109177172226039,0.4869313245572252,0.05881980686338399,0.19144485833981967,1800000,9000000,1965600000,109.20000000000002
182,0.6088557841609641,0.49065797116449134,0.05735352406325539,0.19080777121379236,1800000,9000000,1976400000,109.80000000000001
183,0.6115762102938709,0.4894964905892018,0.05804902887648618,0.19017280417607493,1800000,9000000,1987200000,110.40000000000002
184,0.6137171154377113,0.49005175573658716,0.05704965855608167,0.1895399501714715,1800000,9000000,1998000000,111.00000000000001
185,0.6115796235316238,0.4882035967985892,0.05717652992628288,0.1889092021682644,1800000,9000000,2008800000,111.60000000000002
186,0.6134567867872154,0.48732599700119184,0.05648465253760833,0.18828055315813605,1800000,9000000,2019600000,112.20000000000002
187,0.613749343371386,0.4847403289911384,0.05700589453861233,0.18765399615609096,1800000,9000000,2030400000,112.80000000000001
188,0.6147773076111346,0.4810287439310876,0.05502079497915918,0.18702952420037813,1800000,9000000,2041200000,113.40000000000002
189,0.6145866372986518,0.48493634194937574,0.0562644757944962,0.186407130352414,1800000,9000000,2052000000,114.00000000000001
190,0.6143634058347909,0.48262164150468,0.05578602126585244,0.1857868076967049,1800000,9000000,2062800000,114.60000000000002
191,0.614986390039313,0.48593086635687727,0.05655897245564893,0.1851685493407704,1800000,9000000,2073600000,115.20000000000002
192,0.6135505460684433,0.4886886831539999,0.05467402039460138,0.18455234841506699,1800000,9000000,2084400000,115.80000000000001
193,0.6166183432798251,0.47993552246897375,0.05578930776615846,0.18393819807291129,1800000,9000000,2095200000,116.40000000000002
194,0.6177585298747325,0.4845525106809904,0.058046340787319566,0.18332609149040435,1800000,9000000,2106000000,117.00000000000001
195,0.619255010535978,0.4796797830288512,0.05413734288034912,0.1827160218663556,1800000,9000000,2116800000,117.60000000000002
196,0.6187253330463229,0.4827525746825709,0.05336552207087809,0.1821079824222074,1800000,9000000,2127600000,118.20000000000002
197,0.6198843066187811,0.47868459845701333,0.05377091925736796,0.1815019664019596,1800000,9000000,2138400000,118.80000000000001
198,0.6192598535920333,0.4791288181814509,0.05514084392858019,0.1808979670720947,1800000,9000000,2149200000,119.40000000000002
199,0.6169862347787608,0.4858310484757247,0.05440298177229853,0.18029597772150285,1800000,9000000,2160000000,120.00000000000001
200,0.623053542947765,0.47665742758445057,0.05487315715582865,0.1796959916614072,1800000,9000000,2170800000,120.60000000000002
201,0.6190521176626199,0.48271763162089243,0.052065880195135986,0.17909800222528985,1800000,9000000,2181600000,121.20000000000002
202,0.6191286439568574,0.4824671487694141,0.053181462833834355,0.1785020027688176,1800000,9000000,2192400000,121.80000000000001
203,0.620576100507843,0.48335356170356614,0.05436321998672792,0.1779079866697681,1800000,9000000,2203200000,122.40000000000002
204,0.6240250596298271,0.4742309768313627,0.052061447403410246,0.17731594732795633,1800000,9000000,2214000000,123.00000000000001
205,0.6204530488795841,0.4793740266668166,0.053104662630622884,0.1767258781651614,1800000,9000000,2224800000,123.60000000000002
206,0.6232751945145536,0.4743214815066651,0.05282738914573784,0.1761377726250531,1800000,9000000,2235600000,124.20000000000002
207,0.6204945624177618,0.48019219861990853,0.05110999949379695,0.17555162417311942,1800000,9000000,2246400000,124.80000000000001
208,0.6235576429352525,0.4777025262015157,0.050571326393872414,0.17496742629659376,1800000,9000000,2257200000,125.40000000000002
209,0.6218389752190974,0.47679981014863626,0.052297209672922736,0.17438517250438257,1800000,9000000,2268000000,126.00000000000001
210,0.6253021365322299,0.47719502664363633,0.05185013891340449,0.17380485632699333,1800000,9000000,2278800000,126.60000000000002
211,0.6248114866429471,0.47409170795286537,0.05113786603007127,0.17322647131646246,1800000,9000000,2289600000,127.20000000000002
212,0.6248060335447727,0.476751938748817,0.05044043919136818,0.17265001104628397,1800000,9000000,2300400000,127.80000000000003
213,0.6260232887261495,0.47567551820105114,0.05305869340373349,0.17207546911133778,1800000,9000000,2311200000,128.4
214,0.6270917970897053,0.47368924072492513,0.04967574081716518,0.1715028391278187,1800000,9000000,2322000000,129.00000000000003
215,0.6268487767960272,0.47557307957829387,0.051778173873015275,0.17093211473316547,1800000,9000000,2332800000,129.60000000000002
216,0.6266435953016879,0.4734357344089304,0.049642234587883693,0.1703632895859901,1800000,9000000,2343600000,130.20000000000002
217,0.6268555156719414,0.4717395588169135,0.050507828842943504,0.1697963573660072,1800000,9000000,2354400000,130.8
218,0.6294104232255732,0.4702463498886678,0.050366581387978344,0.1692313117739642,1800000,9000000,2365200000,131.4
219,0.626839895964182,0.47576241545862874,0.05059983475325808,0.16866814653157083,1800000,9000000,2376000000,132.00000000000003
220,0.6293479879887349,0.46470591580282405,0.049423353816087826,0.16810685538142978,1800000,9000000,2386800000,132.60000000000002
221,0.6254602636943696,0.471616896912953,0.048232607190164395,0.16754743208696687,1800000,9000000,2397600000,133.20000000000002
222,0.6301920599903821,0.46515499563371837,0.05019335345502236,0.16698987043236202,1800000,9000000,2408400000,133.8
223,0.6300119992049941,0.4680025587699816,0.05094368910895138,0.16643416422248,1800000,9000000,2419200000,134.40000000000003
224,0.6319988758558585,0.4677207095781741,0.046994022683027596,0.1658803072828016,1800000,9000000,2430000000,135.00000000000003
225,0.6294258395690112,0.47143909011900065,0.05009464721083909,0.16532829345935512,1800000,9000000,2440800000,135.60000000000002
226,0.628853147860753,0.4742233643756549,0.04653665837358477,0.16477811661864805,1800000,9000000,2451600000,136.20000000000002
227,0.6320625556786078,0.46361143464535615,0.0489325902961124,0.1642297706475986,1800000,9000000,2462400000,136.8
228,0.6322242664974475,0.46765405547407696,0.04884863188463202,0.1636832494534682,1800000,9000000,2473200000,137.40000000000003
229,0.6310947524227978,0.4667066878931272,0.048075938025262874,0.1631385469637935,1800000,9000000,2484000000,138.00000000000003
230,0.6310756238809145,0.46868062114303954,0.049512149257738676,0.162595657126319,1800000,9000000,2494800000,138.60000000000002
231,0.6292502540296219,0.4658546871062186,0.046787281934682526,0.16205457390892983,1800000,9000000,2505600000,139.20000000000002
232,0.6340050866500118,0.4668802670085753,0.04816577871562782,0.16151529129958464,1800000,9000000,2516400000,139.8
233,0.6334164321036629,0.46653706549630014,0.04613116238818529,0.1609778033062489,1800000,9000000,2527200000,140.40000000000003
234,0.6318774849638351,0.4727341587446997,0.04812702390667067,0.16044210395682823,1800000,9000000,2538000000,141.00000000000003
235,0.6351205106562835,0.46243524913000994,0.0478010615602912,0.1599081872991022,1800000,9000000,2548800000,141.60000000000002
236,0.6345749595204404,0.46575914868541524,0.04766855008968622,0.15937604740065797,1800000,9000000,2559600000,142.20000000000002
237,0.6377533817129281,0.4539517230540643,0.04486087469019143,0.15884567834882454,1800000,9000000,2570400000,142.8
238,0.6378117732558837,0.46065990887944847,0.044936865085458605,0.15831707425060695,1800000,9000000,2581200000,143.40000000000003
239,0.6351423385759033,0.465963395679861,0.04663042051760797,0.15779022923262095,1800000,9000000,2592000000,144.00000000000003
240,0.634464209951116,0.46220279492809246,0.045369061320826916,0.15726513744102755,1800000,9000000,2602800000,144.60000000000002
241,0.6374394170784524,0.4647579526169154,0.04755785657566745,0.1567417930414681,1800000,9000000,2613600000,145.20000000000002
242,0.6352456234040791,0.4591367592548378,0.04616509583489412,0.1562201902189995,1800000,9000000,2624400000,145.8
243,0.6383740114919774,0.4584862068211133,0.045219496496076955,0.15570032317802937,1800000,9000000,2635200000,146.40000000000003
244,0.6380700483485472,0.4576745596418068,0.044830350042096845,0.15518218614225202,1800000,9000000,2646000000,147.00000000000003
245,0.637219965268954,0.463274733190517,0.04437585972824599,0.15466577335458384,1800000,9000000,2656800000,147.60000000000002
246,0.6379382832036016,0.4621848545521163,0.044718806683632734,0.15415107907709974,1800000,9000000,2667600000,148.20000000000002
247,0.639695457795359,0.46500199119074537,0.04373676634302421,0.15363809759096905,1800000,9000000,2678400000,148.8
248,0.6390762918872293,0.46360903483539195,0.04363753947513736,0.15312682319639226,1800000,9000000,2689200000,149.40000000000003
249,0.6414457162630571,0.46515597959650967,0.04403256217309433,0.15261725021253744,1800000,9000000,2700000000,150.00000000000003
250,0.640028028670866,0.45647887558275513,0.043087277809685395,0.15210937297747737,1800000,9000000,2710800000,150.60000000000002
251,0.6419762962712147,0.45647318788198166,0.04492090902058103,0.1516031858481264,1800000,9000000,2721600000,151.20000000000002
252,0.6372307767399024,0.46312130034556115,0.04278681892847961,0.15109868320017789,1800000,9000000,2732400000,151.8
253,0.6387951050763917,0.46007544418584123,0.04168355960277362,0.15059585942804166,1800000,9000000,2743200000,152.40000000000003
254,0.6422960012265032,0.45980562238788925,0.042593376557180374,0.15009470894478177,1800000,9000000,2754000000,153.00000000000003
255,0.6402722852107318,0.4648492635624128,0.0433835916423811,0.14959522618205434,1800000,9000000,2764800000,153.60000000000002
256,0.6426622806904793,0.45688323131340425,0.042292431129135215,0.14909740559004572,1800000,9000000,2775600000,154.20000000000002
257,0.6409887987744152,0.45836925410282364,0.042014804969422406,0.14860124163741095,1800000,9000000,2786400000,154.8
258,0.641305497003744,0.45817825140666935,0.04142454138308038,0.1481067288112121,1800000,9000000,2797200000,155.40000000000003
259,0.6434199568787605,0.45954529335955,0.043623675718021844,0.14761386161685705,1800000,9000000,2808000000,156.00000000000003
260,0.6423732847165938,0.46212291233532476,0.042078365961380086,0.14712263457803865,1800000,9000000,2818800000,156.60000000000002
261,0.644482046738082,0.45593230164665616,0.04267927285212365,0.14663304223667364,1800000,9000000,2829600000,157.20000000000002
262,0.6429274441977508,0.4557472746671152,0.04213464253798648,0.14614507915284203,1800000,9000000,2840400000,157.8
263,0.6466592613572278,0.45223956698162054,0.042221106126740356,0.14565873990472678,1800000,9000000,2851200000,158.40000000000003
264,0.645880468986413,0.4505504180731071,0.04265948116756716,0.14517401908855349,1800000,9000000,2862000000,159.00000000000003
265,0.6482610855516008,0.4482531452119086,0.04148275767041923,0.14469091131853026,1800000,9000000,2872800000,159.60000000000002
266,0.6448633597134648,0.45806649064834903,0.04242525034511686,0.14420941122678804,1800000,9000000,2883600000,160.20000000000002
267,0.6456253115826343,0.45550117944121354,0.04152839049640311,0.1437295134633209,1800000,9000000,2894400000,160.8
268,0.6455270651138677,0.45909690950311555,0.041539168224803864,0.1432512126959265,1800000,9000000,2905200000,161.40000000000003
269,0.6472570608397571,0.4455709733991487,0.04142447906136339,0.14277450361014693,1800000,9000000,2916000000,162.00000000000003
270,0.6467447356578325,0.45381705982607884,0.042086681032093266,0.14229938090920968,1800000,9000000,2926800000,162.60000000000002
271,0.6498484816758189,0.45031621431979274,0.04080218258470235,0.14182583931396875,1800000,9000000,2937600000,163.20000000000002
272,0.6508919057667275,0.44658945902872443,0.042160891736719365,0.14135387356284596,1800000,9000000,2948400000,163.8
273,0.6498085722659039,0.4429198043056276,0.03939810108429424,0.14088347841177257,1800000,9000000,2959200000,164.40000000000003
274,0.6507049686780636,0.4466830016279128,0.04059517333497438,0.14041464863413097,1800000,9000000,2970000000,165.00000000000003
275,0.647819104368154,0.45360269740720155,0.03899857133312376,0.13994737902069657,1800000,9000000,2980800000,165.60000000000002
276,0.6491253504072017,0.4550860837499551,0.038441277416598266,0.13948166437957993,1800000,9000000,2991600000,166.20000000000002
277,0.6476117398197351,0.4489791839455254,0.039623308254102124,0.1390174995361692,1800000,9000000,3002400000,166.8
278,0.6498212974401751,0.44639718672335327,0.041879122519126344,0.13855487933307245,1800000,9000000,3013200000,167.40000000000003
279,0.6496788368897102,0.4471539641929107,0.038849968759125726,0.13809379863006038,1800000,9000000,3024000000,168.00000000000003
280,0.6498651842741731,0.4536068219674347,0.03865492308742386,0.13763425230400939,1800000,9000000,3034800000,168.60000000000002
281,0.6494134041583483,0.44566542876348925,0.039828077905261744,0.1371762352488444,1800000,9000000,3045600000,169.20000000000002
282,0.6530062585563091,0.4452914909448454,0.03768917649748046,0.1367197423754824,1800000,9000000,3056400000,169.8
283,0.6505453157122716,0.44788112651205586,0.03921776952097061,0.13626476861177553,1800000,9000000,3067200000,170.40000000000003
284,0.6529426590780765,0.44990868205239526,0.040721711745593976,0.13581130890245519,1800000,9000000,3078000000,171.00000000000003
285,0.6542744156584201,0.44441294617656957,0.03767200509616111,0.1353593582090754,1800000,9000000,3088800000,171.60000000000002
286,0.6525894420509237,0.45276308804409165,0.03694998006534513,0.13490891150995724,1800000,9000000,3099600000,172.20000000000002
287,0.6511548264703186,0.4482197556779098,0.03814059885405677,0.13445996380013267,1800000,9000000,3110400000,172.8
288,0.6545295733049536,0.44556900141887823,0.03979713849154816,0.1340125100912892,1800000,9000000,3121200000,173.40000000000003
289,0.6527912232821759,0.44959671094239495,0.037643248773521445,0.13356654541171437,1800000,9000000,3132000000,174.00000000000003
290,0.6532502179494891,0.44668871561829016,0.037017627292972574,0.13312206480624048,1800000,9000000,3142800000,174.60000000000002
291,0.6524317258155,0.4482010245603995,0.03877557918288502,0.1326790633361896,1800000,9000000,3153600000,175.20000000000002
292,0.6521747001626281,0.4444116418262953,0.036224951905719276,0.1322375360793185,1800000,9000000,3164400000,175.80000000000004
293,0.6540083817013085,0.44776495431520663,0.03648136129893469,0.13179747812976436,1800000,9000000,3175200000,176.40000000000003
294,0.6550587233844052,0.4426769421428197,0.0366718271618446,0.13135888459798983,1800000,9000000,3186000000,177.00000000000003
295,0.654493327133275,0.4447825045009894,0.038175337266849234,0.13092175061072892,1800000,9000000,3196800000,177.60000000000002
296,0.6575811227316521,0.4356036814757938,0.03709276825231006,0.13048607131093282,1800000,9000000,3207600000,178.20000000000002
297,0.6572929155528234,0.44073953946139105,0.036143816628576166,0.13005184185771598,1800000,9000000,3218400000,178.80000000000004
298,0.6555119717937808,0.4485618846244042,0.03820210569052409,0.1296190574263022,1800000,9000000,3229200000,179.40000000000003
299,0.6562568703472704,0.44208851882907685,0.036369620090685756,0.12918771320797112,1800000,9000000,3240000000,180.00000000000003
300,0.6577757377786401,0.4458956612519395,0.03484810793094981,0.1287578044100048,1800000,9000000,3250800000,180.60000000000002
301,0.659294035419643,0.44569205519703986,0.03816188292289369,0.12832932625563434,1800000,9000000,3261600000,181.20000000000002
302,0.6578606541106427,0.44320624715957974,0.03589385005939681,0.12790227398398704,1800000,9000000,3272400000,181.80000000000004
303,0.6567086252108222,0.44177354712503497,0.035556483356930076,0.12747664285003316,1800000,9000000,3283200000,182.40000000000003
304,0.660374795759856,0.4333260708963624,0.036080187175482434,0.12705242812453352,1800000,9000000,3294000000,183.00000000000003
305,0.6603858243882961,0.4398063646100529,0.03359238772276222,0.1266296250939869,1800000,9000000,3304800000,183.60000000000002
306,0.6591266753515053,0.43914819450561565,0.03495441717242884,0.1262082290605774,1800000,9000000,3315600000,184.20000000000002
307,0.6593452712839729,0.441506625081336,0.034352203571212055,0.12578823534212255,1800000,9000000,3326400000,184.80000000000004
308,0.6581363978169487,0.4424056817484581,0.03517442324146343,0.12536963927202122,1800000,9000000,3337200000,185.40000000000003
309,0.6584781374353661,0.442898994791422,0.034059586230849224,0.12495243619920157,1800000,9000000,3348000000,186.00000000000003
310,0.6614384449645092,0.44155330179676244,0.03364753784818071,0.12453662148806965,1800000,9000000,3358800000,186.60000000000002
311,0.6609194955571402,0.4454568606651702,0.0337633791022958,0.12412219051845777,1800000,9000000,3369600000,187.20000000000002
312,0.6573519483489657,0.44154842232299696,0.03538830901356131,0.12370913868557305,1800000,9000000,3380400000,187.80000000000004
313,0.662195109175042,0.43635605595632054,0.035232514746697176,0.12329746139994645,1800000,9000000,3391200000,188.40000000000003
314,0.6643303140072552,0.43187310581689115,0.03347946098105241,0.12288715408738168,1800000,9000000,3402000000,189.00000000000003
315,0.6601535699935831,0.4425770434971199,0.03351399370423559,0.12247821218890435,1800000,9000000,3412800000,189.60000000000002
316,0.6638774912243938,0.4295119503106491,0.03379099882532165,0.12207063116071146,1800000,9000000,3423600000,190.20000000000002
317,0.6632091678114364,0.4391142242402947,0.033300219350807875,0.12166440647412063,1800000,9000000,3434400000,190.80000000000004
318,0.6610550656387811,0.44070004274467955,0.03355155711500641,0.12125953361552008,1800000,9000000,3445200000,191.40000000000003
319,0.6622149261425891,0.4397961196773955,0.03429701899793782,0.12085600808631838,1800000,9000000,3456000000,192.00000000000003
320,0.6640914942712568,0.435558795876416,0.03347429343715368,0.12045382540289432,1800000,9000000,3466800000,192.60000000000002
321,0.6645688099517184,0.43847073301101214,0.03545712705923393,0.12005298109654731,1800000,9000000,3477600000,193.20000000000002
322,0.6669546544848776,0.43419909040768745,0.03142538839438586,0.11965347071344763,1800000,9000000,3488400000,193.80000000000004
323,0.6648072223691438,0.43951831147771975,0.035853934040087534,0.11925528981458684,1800000,9000000,3499200000,194.40000000000003
324,0.6661957280671326,0.432065741272937,0.03362886587868546,0.11885843397572868,1800000,9000000,3510000000,195.00000000000003
325,0.6622260505599541,0.43921989599006783,0.032595549063925755,0.11846289878735977,1800000,9000000,3520800000,195.60000000000002
326,0.6661716176289457,0.4348845335439616,0.03322186681757725,0.11806867985464056,1800000,9000000,3531600000,196.20000000000002
327,0.6666984952569829,0.4322062389901753,0.03287541632870039,0.11767577279735666,1800000,9000000,3542400000,196.80000000000004
328,0.667705956225528,0.43609587351181145,0.03248810555263354,0.11728417324987007,1800000,9000000,3553200000,197.40000000000003
329,0.6675059920899931,0.4343465807291411,0.03297254821113548,0.11689387686107064,1800000,9000000,3564000000,198.00000000000003
330,0.6663403819787327,0.42845487100713564,0.03324811667701302,0.11650487929432783,1800000,9000000,3574800000,198.60000000000002
331,0.6654583793849744,0.43256143699668304,0.032795241876900375,0.11611717622744248,1800000,9000000,3585600000,199.20000000000002
332,0.667453417378476,0.42956649478639897,0.031589527001158024,0.1157307633525987,1800000,9000000,3596400000,199.80000000000004
333,0.6685333931393472,0.4313453809198722,0.032309241213852175,0.11534563637631616,1800000,9000000,3607200000,200.40000000000003
334,0.6694717486300572,0.43361866895069934,0.030422901156894343,0.11496179101940228,1800000,9000000,3618000000,201.00000000000003
335,0.6705046458351268,0.4297314682510939,0.029006635275539525,0.11457922301690467,1800000,9000000,3628800000,201.60000000000002
336,0.667953738359486,0.4299183801726194,0.030345969858573546,0.1141979281180638,1800000,9000000,3639600000,202.20000000000002
337,0.6672867119994746,0.4329115967043795,0.030277764386133263,0.11381790208626583,1800000,9000000,3650400000,202.80000000000004
338,0.67119788036498,0.42680658075981787,0.031016509737589053,0.1134391406989953,1800000,9000000,3661200000,203.40000000000003
339,0.6714652251178638,0.431636302671559,0.03099797641791524,0.11306163974778852,1800000,9000000,3672000000,204.00000000000003
340,0.6677051127404937,0.43075543066842154,0.0304792231360089,0.11268539503818656,1800000,9000000,3682800000,204.60000000000002
341,0.6721504917958823,0.42622908938445203,0.03017297557259586,0.11231040238968878,1800000,9000000,3693600000,205.20000000000002
342,0.6693592106490086,0.4287755828201896,0.027848846533277457,0.11193665763570637,1800000,9000000,3704400000,205.80000000000004
343,0.6721220395086059,0.42830855713562127,0.029204964941135305,0.11156415662351593,1800000,9000000,3715200000,206.40000000000003
344,0.6707250613022584,0.4325342062672521,0.031279510381467424,0.11119289521421355,1800000,9000000,3726000000,207.00000000000003
345,0.6715426830246791,0.43242409576807656,0.029608838522767172,0.11082286928266864,1800000,9000000,3736800000,207.60000000000002
346,0.6716324575132362,0.4283121904727079,0.02920362005526471,0.11045407471747809,1800000,9000000,3747600000,208.20000000000002
347,0.6708843415012243,0.4318308116808958,0.0297737200583315,0.11008650742092078,1800000,9000000,3758400000,208.80000000000004
348,0.6750765796178894,0.42394313559563546,0.028292165464392286,0.10972016330891185,1800000,9000000,3769200000,209.40000000000003
349,0.6743876305650257,0.42298973403086254,0.02789588744118969,0.10935503831095737,1800000,9000000,3780000000,210.00000000000003
350,0.6715632336004888,0.4227074763299996,0.029365553239960106,0.10899112837010919,1800000,9000000,3790800000,210.60000000000002
351,0.6729587587468593,0.4273270514980067,0.02899264357521916,0.10862842944291975,1800000,9000000,3801600000,211.20000000000005
352,0.6750243848436289,0.4241866579228729,0.030953082624012158,0.10826693749939725,1800000,9000000,3812400000,211.80000000000004
353,0.6743845835362643,0.4304695109026873,0.03073363678475294,0.10790664852296081,1800000,9000000,3823200000,212.40000000000003
354,0.67412599766412,0.43103828197917554,0.029990024779713777,0.10754755851039594,1800000,9000000,3834000000,213.00000000000003
355,0.6739483455411625,0.42414462818735116,0.029502661399017305,0.10718966347180982,1800000,9000000,3844800000,213.60000000000002
356,0.6718332666681457,0.4248875190405163,0.028238437477329792,0.10683295943058728,1800000,9000000,3855600000,214.20000000000005
357,0.6770981251987976,0.426315197280551,0.028696289158764536,0.10647744242334642,1800000,9000000,3866400000,214.80000000000004
358,0.6722947413361537,0.42207765342871295,0.028028850454293725,0.10612310849989458,1800000,9000000,3877200000,215.40000000000003
359,0.6770266907296342,0.4257446106196059,0.027985822349173992,0.10576995372318454,1800000,9000000,3888000000,216.00000000000003
360,0.6746258452602949,0.4237079236564183,0.02915206743153165,0.10541797416927075,1800000,9000000,3898800000,216.60000000000002
361,0.6750163116251123,0.42643769011587096,0.029085611357465704,0.10506716592726555,1800000,9000000,3909600000,217.20000000000005
362,0.6753872956528185,0.42803825563242426,0.02813782227826387,0.10471752509929605,1800000,9000000,3920400000,217.80000000000004
363,0.676717056200553,0.42033814327360974,0.026452111382691736,0.10436904780046058,1800000,9000000,3931200000,218.40000000000003
364,0.6748016234012713,0.42725888009080765,0.027065492440712918,0.1040217301587855,1800000,9000000,3942000000,219.00000000000003
365,0.6763583217144996,0.4221117095796085,0.026632233013829335,0.1036755683151824,1800000,9000000,3952800000,219.60000000000002
366,0.6782884647180818,0.4238232586495213,0.02855643284878301,0.10333055842340497,1800000,9000000,3963600000,220.20000000000005
367,0.6761533888182665,0.4291514956148174,0.02605328710476562,0.10298669665000641,1800000,9000000,3974400000,220.80000000000004
368,0.6767773616642608,0.42307251681419983,0.027289120173922175,0.10264397917429686,1800000,9000000,3985200000,221.40000000000003
369,0.6780246014031521,0.42017894100143266,0.02767247697438505,0.10230240218830079,1800000,9000000,3996000000,222.00000000000003
370,0.6801181429947416,0.417588504766105,0.02765089776297917,0.10196196189671484,1800000,9000000,4006800000,222.60000000000002
371,0.6788724618620325,0.41944122264403383,0.027325802173474963,0.10162265451686568,1800000,9000000,4017600000,223.20000000000005
372,0.6752693341585799,0.42079661085408065,0.027655922876006205,0.10128447627866771,1800000,9000000,4028400000,223.80000000000004
373,0.678931254837669,0.41788246043660426,0.02625927666859172,0.10094742342458156,1800000,9000000,4039200000,224.40000000000003
374,0.6813407490208726,0.41715203676976603,0.02478976877616697,0.10061149220957201,1800000,9000000,4050000000,225.00000000000003
375,0.6800466087820068,0.4214313604937194,0.026898644349160877,0.10027667890106652,1800000,9000000,4060800000,225.60000000000002
376,0.6792718320104546,0.41959033467852314,0.026079508405771775,0.09994297977891384,1800000,9000000,4071600000,226.20000000000005
377,0.6795881384419766,0.42491258280515876,0.026070138981362876,0.09961039113534248,1800000,9000000,4082400000,226.80000000000004
378,0.679917875548444,0.4182322482854644,0.027883291619857274,0.09927890927491963,1800000,9000000,4093200000,227.40000000000003
379,0.6809058091048582,0.4241203290515721,0.026773704246079985,0.09894853051451011,1800000,9000000,4104000000,228.00000000000003
380,0.6823034772414511,0.4203335009806211,0.02561486970804671,0.09861925118323542,1800000,9000000,4114800000,228.60000000000002
381,0.6819335242636798,0.4098140393455429,0.02580183216028274,0.09829106762243292,1800000,9000000,4125600000,229.20000000000005
382,0.6838421111469474,0.4189474923920968,0.025893595279957764,0.09796397618561521,1800000,9000000,4136400000,229.80000000000004
383,0.6819853320145247,0.4176991613584613,0.026687427426297584,0.09763797323842967,1800000,9000000,4147200000,230.40000000000003
384,0.6822322185077541,0.4102670550802411,0.023615442191898983,0.09731305515861795,1800000,9000000,4158000000,231.00000000000003
385,0.6827299453408738,0.4188750818264462,0.026848185389753487,0.09698921833597579,1800000,9000000,4168800000,231.60000000000002
386,0.681387326290673,0.41602421647661497,0.024521399005997153,0.09666645917231301,1800000,9000000,4179600000,232.20000000000005
387,0.6807137790982085,0.4171345113134676,0.025786854837299197,0.09634477408141331,1800000,9000000,4190400000,232.80000000000004
388,0.683724936914785,0.41667510453543954,0.02371871058106821,0.09602415948899462,1800000,9000000,4201200000,233.40000000000003
389,0.6843995573490544,0.41302915950713104,0.026248340080551123,0.09570461183266925,1800000,9000000,4212000000,234.00000000000003
390,0.6837178874165808,0.41632930259543915,0.02556965420901602,0.0953861275619044,1800000,9000000,4222800000,234.60000000000002
391,0.6856340933849241,0.41153542878612814,0.023792752401460032,0.09506870313798271,1800000,9000000,4233600000,235.20000000000005
392,0.6797949725570146,0.4216071063264981,0.02312643873546045,0.09475233503396285,1800000,9000000,4244400000,235.80000000000004
393,0.684355571946363,0.41749160304435856,0.024790818018855177,0.09443701973464037,1800000,9000000,4255200000,236.40000000000003
394,0.6835579920087373,0.41966593265292296,0.02530626012644204,0.0941227537365088,1800000,9000000,4266000000,237.00000000000003
395,0.6845382337667699,0.4186858411005929,0.023644242141570126,0.0938095335477204,1800000,9000000,4276800000,237.60000000000002
396,0.6855178646570771,0.4152349836199991,0.02490271438694469,0.09349735568804761,1800000,9000000,4287600000,238.20000000000005
397,0.6856751997180646,0.41382510181295873,0.02316797304273385,0.09318621668884443,1800000,9000000,4298400000,238.80000000000004
398,0.6856140721698342,0.4127132886173841,0.02504115580356299,0.09287611309300757,1800000,9000000,4309200000,239.40000000000003
399,0.6827641915405948,0.4135583987773343,0.024505937112555574,0.09256704145493838,1800000,9000000,4320000000,240.00000000000003
400,0.6866976891708676,0.41308878071581445,0.024719702100826677,0.09225899834050437,1800000,9000000,4330800000,240.60000000000002
401,0.6870407607393618,0.4147354723922827,0.023140877979749692,0.09195198032700107,1800000,9000000,4341600000,241.20000000000005
402,0.6860370091667968,0.4138597034170163,0.023579538885299945,0.09164598400311409,1800000,9000000,4352400000,241.80000000000004
403,0.6882519647503552,0.4112616197737026,0.024984480591971114,0.09134100596888113,1800000,9000000,4363200000,242.40000000000003
404,0.6895060718139548,0.4045861246116091,0.025567236988270924,0.09103704283565418,1800000,9000000,4374000000,243.00000000000003
405,0.6875678636440898,0.4135677911722319,0.02627983561411748,0.09073409122606202,1800000,9000000,4384800000,243.60000000000002
406,0.6870572012281877,0.40798713993090135,0.02388091182159821,0.09043214777397252,1800000,9000000,4395600000,244.20000000000005
407,0.6887445688573504,0.40778456527887047,0.021473188604324,0.09013120912445531,1800000,9000000,4406400000,244.80000000000004
408,0.688591760061736,0.4129263100630267,0.02365482197694827,0.08983127193374456,1800000,9000000,4417200000,245.40000000000003
409,0.6876861153698407,0.4129652708601169,0.023397388074557032,0.08953233286920169,1800000,9000000,4428000000,246.00000000000003
410,0.688387964776158,0.40392591555773244,0.023925873671356946,0.08923438860927849,1800000,9000000,4438800000,246.60000000000002
411,0.6903742562962327,0.41091679779543583,0.021256563432061063,0.08893743584348009,1800000,9000000,4449600000,247.20000000000005
412,0.68838080062747,0.4072701780073802,0.024136053236797086,0.0886414712723283,1800000,9000000,4460400000,247.80000000000004
413,0.6861929561268147,0.4111367657009245,0.021793558476531208,0.08834649160732481,1800000,9000000,4471200000,248.40000000000003
414,0.6892668176377588,0.41086233831579266,0.02361710667296525,0.08805249357091477,1800000,9000000,4482000000,249.00000000000003
415,0.6886591560488841,0.41068119532917435,0.023596738528518832,0.08775947389645031,1800000,9000000,4492800000,249.60000000000002
416,0.689307318621196,0.4099404359116442,0.022469490127221742,0.0874674293281542,1800000,9000000,4503600000,250.20000000000005
417,0.6882555970306449,0.4116402336229474,0.023586210122422024,0.08717635662108388,1800000,9000000,4514400000,250.80000000000004
418,0.6909804307890605,0.4095798897905008,0.02202200952738059,0.08688625254109507,1800000,9000000,4525200000,251.40000000000003
419,0.689818020082868,0.41767273006922573,0.02247372046361223,0.08659711386480617,1800000,9000000,4536000000,252.00000000000003
420,0.6897732253266116,0.4090195130400254,0.023440462177566467,0.08630893737956227,1800000,9000000,4546800000,252.60000000000005
421,0.6908143789432649,0.40900512771561737,0.021455990612408125,0.0860217198833994,1800000,9000000,4557600000,253.20000000000005
422,0.692137612203753,0.408478794234904,0.02071963521472258,0.08573545818500913,1800000,9000000,4568400000,253.80000000000004
423,0.6913873934451714,0.4123139307680723,0.02208258554544724,0.08545014910370298,1800000,9000000,4579200000,254.40000000000003
424,0.6925720135264921,0.40904859295189705,0.021487309277890117,0.08516578946937708,1800000,9000000,4590000000,255.00000000000003
425,0.6900485532941609,0.41317145237114183,0.02163497054223235,0.08488237612247704,1800000,9000000,4600800000,255.60000000000005
426,0.6927477185520073,0.4089777832286601,0.022140011710995132,0.08459990591396276,1800000,9000000,4611600000,256.20000000000005
427,0.6924665909560638,0.40695420775919205,0.02231159929231497,0.08431837570527342,1800000,9000000,4622400000,256.8
428,0.6927290378127263,0.40513238109871663,0.022265627862522102,0.08403778236829273,1800000,9000000,4633200000,257.40000000000003
429,0.6921333307594516,0.40324794336784464,0.021083937787885764,0.08375812278531408,1800000,9000000,4644000000,258.00000000000006
430,0.691910494318034,0.4011622323994249,0.020561585796793503,0.08347939384900584,1800000,9000000,4654800000,258.6
431,0.68966555497477,0.4138471237025026,0.021255226148405262,0.08320159246237699,1800000,9000000,4665600000,259.20000000000005
432,0.6943632388938658,0.4017127169552007,0.020685675017255677,0.08292471553874262,1800000,9000000,4676400000,259.8
433,0.6904955602288996,0.4074605197002345,0.02076008934154168,0.08264876000168955,1800000,9000000,4687200000,260.40000000000003
434,0.6931369905459496,0.4076339332660419,0.02119445214014185,0.08237372278504237,1800000,9000000,4698000000,261.00000000000006
435,0.6946922891763104,0.4064577319472695,0.021712645884367533,0.08209960083282918,1800000,9000000,4708800000,261.6
436,0.6954335453857031,0.4021611909652643,0.02008915694116103,0.08182639109924764,1800000,9000000,4719600000,262.20000000000005
437,0.6952795609261727,0.4002623118528188,0.02136354214111284,0.08155409054863126,1800000,9000000,4730400000,262.8
438,0.6967094481327148,0.40388623408386365,0.020371896395301764,0.08128269615541558,1800000,9000000,4741200000,263.40000000000003
439,0.6948549882318364,0.40626553880711097,0.01960372039990857,0.08101220490410453,1800000,9000000,4752000000,264.00000000000006
440,0.6964027239353185,0.40477120818216833,0.020681809777283976,0.080742613789237,1800000,9000000,4762800000,264.6
441,0.6966651420971123,0.40231788847020195,0.01942668113858643,0.08047391981535335,1800000,9000000,4773600000,265.20000000000005
442,0.6979161565747534,0.40218112879088763,0.020542086806588686,0.08020611999696223,1800000,9000000,4784400000,265.8
443,0.6951060078149068,0.4056911385223109,0.01999268980226197,0.07993921135850737,1800000,9000000,4795200000,266.40000000000003
444,0.6932953303239353,0.4159030022474752,0.01962895786529591,0.07967319093433445,1800000,9000000,4806000000,267.00000000000006
445,0.6959326387591172,0.4000822227469336,0.019684085112513395,0.07940805576865827,1800000,9000000,4816800000,267.6
446,0.6973376422883275,0.40351063851381375,0.019885248120851944,0.07914380291552983,1800000,9000000,4827600000,268.20000000000005
447,0.6984751334635301,0.39992794278204447,0.018344206298344885,0.07888042943880355,1800000,9000000,4838400000,268.80000000000007
448,0.695406248287633,0.40397332025817223,0.02037226705466939,0.07861793241210478,1800000,9000000,4849200000,269.40000000000003
449,0.6985716998394785,0.39684778254069664,0.020411881285538634,0.07835630891879723,1800000,9000000,4860000000,270.00000000000006
450,0.6980152539124502,0.40303219088080156,0.02025454500915595,0.07809555605195043,1800000,9000000,4870800000,270.6
451,0.6986888076742861,0.4035786300758216,0.020179668360593456,0.07783567091430767,1800000,9000000,4881600000,271.20000000000005
452,0.6959708478200413,0.4023549141728769,0.020870066104165457,0.07757665061825365,1800000,9000000,4892400000,271.80000000000007
453,0.6975716993955873,0.40284818405253775,0.02030670167784244,0.07731849228578236,1800000,9000000,4903200000,272.40000000000003
454,0.6985976748263014,0.39276273051460464,0.021840255304817698,0.07706119304846527,1800000,9000000,4914000000,273.00000000000006
455,0.6983534170831138,0.40194498609650137,0.020175434005760818,0.07680475004741931,1800000,9000000,4924800000,273.6
456,0.6975617417241261,0.3968513574547043,0.020619320575337566,0.07654916043327516,1800000,9000000,4935600000,274.20000000000005
457,0.7005249818628809,0.4011819070688995,0.020412483022769955,0.07629442136614559,1800000,9000000,4946400000,274.80000000000007
458,0.6973280173582944,0.4048528114879259,0.01930287001312784,0.0760405300155939,1800000,9000000,4957200000,275.40000000000003
459,0.6980759259102773,0.40329936581941445,0.020102861261281208,0.07578748356060247,1800000,9000000,4968000000,276.00000000000006
460,0.697391566732156,0.396065991356898,0.019268916483147765,0.07553527918954141,1800000,9000000,4978800000,276.6
461,0.6979113904732099,0.40043182009254497,0.019304461986543682,0.07528391410013736,1800000,9000000,4989600000,277.20000000000005
462,0.7006046235905666,0.3991509014718811,0.016326338573259415,0.07503338549944227,1800000,9000000,5000400000,277.80000000000007
463,0.6979599574494314,0.40427980157188703,0.02003731479806704,0.07478369060380248,1800000,9000000,5011200000,278.40000000000003
464,0.700676078312797,0.39919798701126774,0.020240070425178683,0.07453482663882764,1800000,9000000,5022000000,279.00000000000006
465,0.701825276404569,0.400369994731107,0.018236103366564657,0.07428679083936006,1800000,9000000,5032800000,279.6
466,0.7015993998799626,0.4008594800770958,0.018810130623498376,0.07403958044944386,1800000,9000000,5043600000,280.20000000000005
467,0.7010917651836807,0.404322848578557,0.017824762850797267,0.07379319272229437,1800000,9000000,5054400000,280.80000000000007
468,0.7013642677386307,0.39951156554790335,0.01806712314478005,0.07354762492026765,1800000,9000000,5065200000,281.40000000000003
469,0.7049891254235024,0.3889162716199522,0.01776151520778939,0.07330287431483005,1800000,9000000,5076000000,282.00000000000006
470,0.7012186043287154,0.39357882806738237,0.01802529136012511,0.07305893818652787,1800000,9000000,5086800000,282.6
471,0.7034786525288044,0.40001985848944344,0.017903254267716988,0.07281581382495715,1800000,9000000,5097600000,283.20000000000005
472,0.7013927447130985,0.39400380228141735,0.019275051306254655,0.07257349852873365,1800000,9000000,5108400000,283.80000000000007
473,0.7022840796559815,0.3977131923982581,0.017872235904671435,0.07233198960546265,1800000,9000000,5119200000,284.40000000000003
474,0.6996089439615587,0.4033678732024996,0.01586776518978299,0.0720912843717092,1800000,9000000,5130000000,285.00000000000006
475,0.7027540260558076,0.4021598661290772,0.018238246241819665,0.07185138015296824,1800000,9000000,5140800000,285.6
476,0.7009590363085708,0.3953058139827025,0.016931862366389796,0.07161227428363486,1800000,9000000,5151600000,286.20000000000005
477,0.7051817605029891,0.3910018863499198,0.017687140823736947,0.07137396410697469,1800000,9000000,5162400000,286.80000000000007
478,0.703336349400507,0.39522124718628393,0.018485114513719793,0.07113644697509448,1800000,9000000,5173200000,287.40000000000003
479,0.702635945224839,0.3975201663563206,0.019072656387584395,0.0708997202489125,1800000,9000000,5184000000,288.00000000000006
480,0.7040189417489985,0.3940525101916705,0.018730884694693424,0.07066378129812938,1800000,9000000,5194800000,288.6
481,0.7034968121871688,0.39764367833998276,0.01871162734442091,0.0704286275011988,1800000,9000000,5205600000,289.20000000000005
482,0.7018844139423438,0.3942000301207532,0.018647257301854077,0.07019425624529835,1800000,9000000,5216400000,289.80000000000007
483,0.7030056530634434,0.39602760363268374,0.016790519412958487,0.06996066492630057,1800000,9000000,5227200000,290.40000000000003
484,0.7033464852619346,0.3958031128295513,0.01746362273848977,0.06972785094874395,1800000,9000000,5238000000,291.00000000000006
485,0.703966883813497,0.3964975753900974,0.017710009032202694,0.06949581172580413,1800000,9000000,5248800000,291.6
486,0.7060777177393638,0.39681034100020274,0.018190162412042393,0.06926454467926513,1800000,9000000,5259600000,292.20000000000005
487,0.7040188570047777,0.3977389986872752,0.017507200401394658,0.06903404723949072,1800000,9000000,5270400000,292.80000000000007
488,0.7051371974730378,0.39417351695903063,0.01671643007446528,0.06880431684539587,1800000,9000000,5281200000,293.40000000000003
489,0.7054090015999298,0.3940936969232565,0.017740986371688836,0.06857535094441827,1800000,9000000,5292000000,294.00000000000006
490,0.7071164388710928,0.39365222675207345,0.01643792545358771,0.06834714699249,1800000,9000000,5302800000,294.6
491,0.7042859539004223,0.39829332863708783,0.01619757363943555,0.06811970245400925,1800000,9000000,5313600000,295.20000000000005
492,0.705532565850727,0.39793795081328476,0.01633034751983738,0.06789301480181216,1800000,9000000,5324400000,295.80000000000007
493,0.7064931457117348,0.3961343358162408,0.01635749577013602,0.06766708151714468,1800000,9000000,5335200000,296.40000000000003
494,0.7057553861203374,0.3941326246170146,0.015643537492461463,0.06744190008963466,1800000,9000000,5346000000,297.00000000000006
495,0.7075573892107174,0.3961963027302978,0.015609415055792115,0.06721746801726394,1800000,9000000,5356800000,297.6
496,0.7054547264003345,0.400623129765268,0.017704660671857893,0.0669937828063405,1800000,9000000,5367600000,298.20000000000005
497,0.70451648041821,0.3987111206644531,0.015939478552858523,0.0667708419714708,1800000,9000000,5378400000,298.80000000000007
498,0.7077372715496089,0.3928504976427204,0.014196590170214407,0.06654864303553219,1800000,9000000,5389200000,299.40000000000003
499,0.707034094827236,0.3947485954022087,0.016521088843209016,0.06632718352964527,1800000,9000000,5400000000,300.00000000000006
500,0.7048821003057768,0.3974174722249098,0.015312389571741301,0.06610646099314664,1800000,9000000,5410800000,300.6
501,0.7083788934311177,0.3923911934704648,0.016930034807237728,0.06588647297356137,1800000,9000000,5421600000,301.20000000000005
502,0.705437036381298,0.39322124388986507,0.017462107260098402,0.06566721702657587,1800000,9000000,5432400000,301.80000000000007
503,0.7081641073032886,0.4009468417697066,0.01723631657736731,0.06544869071601069,1800000,9000000,5443200000,302.40000000000003
504,0.7063528008290518,0.3918674861099004,0.015942799372575,0.06523089161379349,1800000,9000000,5454000000,303.00000000000006
505,0.709407855548927,0.3889807099474253,0.014280388151116988,0.06501381729993197,1800000,9000000,5464800000,303.6
506,0.7097830148538975,0.3867953495622551,0.01662961186312822,0.0647974653624871,1800000,9000000,5475600000,304.20000000000005
507,0.7091380785896073,0.3897880778240253,0.016146281781114803,0.06458183339754624,1800000,9000000,5486400000,304.80000000000007
508,0.7079000752586567,0.38777376267733654,0.015689526783186667,0.06436691900919644,1800000,9000000,5497200000,305.40000000000003
509,0.7074042018252388,0.38841798260806504,0.016249656236555318,0.06415271980949783,1800000,9000000,5508000000,306.00000000000006
510,0.7082036448794319,0.3952115639283252,0.01619250082232566,0.06393923341845713,1800000,9000000,5518800000,306.6
511,0.7079182643776203,0.39483051467997393,0.014637637081653663,0.0637264574640011,1800000,9000000,5529600000,307.20000000000005
512,0.7095439353767667,0.3884229150388361,0.014898453058360886,0.06351438958195028,1800000,9000000,5540400000,307.80000000000007
513,0.7101536918540992,0.3849688131315089,0.015629373456858615,0.06330302741599274,1800000,9000000,5551200000,308.40000000000003
514,0.7072491139163061,0.3977718516808543,0.013767836272415422,0.06309236861765771,1800000,9000000,5562000000,309.00000000000006
515,0.7071140171966033,0.3951685836364422,0.014340294344290478,0.06288241084628979,1800000,9000000,5572800000,309.6
516,0.7117904851751853,0.38881247916014877,0.01482236827601012,0.06267315176902262,1800000,9000000,5583600000,310.20000000000005
517,0.7095163421807119,0.38889600805886104,0.015942979579163442,0.062464589060753244,1800000,9000000,5594400000,310.80000000000007
518,0.7076898306789641,0.38999329453842674,0.014587181145818764,0.06225672040411608,1800000,9000000,5605200000,311.40000000000003
519,0.7123684005701014,0.3802458091839934,0.014846285827202474,0.06204954348945723,1800000,9000000,5616000000,312.00000000000006
520,0.7105698257937276,0.3910085879206491,0.016202148333355166,0.061843056014808856,1800000,9000000,5626800000,312.6
521,0.7089996390521339,0.3931205534230434,0.016537885077560634,0.06163725568586356,1800000,9000000,5637600000,313.20000000000005
522,0.7100765536732837,0.39208807076510555,0.015162472328715933,0.0614321402159489,1800000,9000000,5648400000,313.80000000000007
523,0.7122717217071153,0.38848835061827297,0.01517347120916035,0.061227707326001996,1800000,9000000,5659200000,314.40000000000003
524,0.7123474346011329,0.38632870233559796,0.014528337149523734,0.06102395474454419,1800000,9000000,5670000000,315.00000000000006
525,0.712090910759849,0.3884164874751386,0.014474516244865196,0.060820880207655796,1800000,9000000,5680800000,315.6
526,0.7104603573150741,0.39174883025128593,0.013828746117482344,0.06061848145895099,1800000,9000000,5691600000,316.20000000000005
527,0.7117416878795582,0.38997793452426144,0.015563606214608389,0.06041675624955272,1800000,9000000,5702400000,316.80000000000007
528,0.7120129896746085,0.3872003788132882,0.01232499859482395,0.06021570233806768,1800000,9000000,5713200000,317.40000000000003
529,0.7113557923167547,0.3844234383375647,0.014311803522962114,0.06001531749056146,1800000,9000000,5724000000,318.00000000000006
530,0.7119160760370153,0.38667094995452106,0.012789131207011466,0.059815599480533686,1800000,9000000,5734800000,318.6
531,0.715139278519735,0.3837376037510547,0.01426885744444272,0.059616546088893295,1800000,9000000,5745600000,319.20000000000005
532,0.7136162017762651,0.38490856366879744,0.011876658876935503,0.0594181551039339,1800000,9000000,5756400000,319.80000000000007
533,0.711953814361282,0.38661406007977356,0.014174788641794283,0.059220424321309195,1800000,9000000,5767200000,320.40000000000003
534,0.7117949260613753,0.3881685814794648,0.014776896274620867,0.059023351544008416,1800000,9000000,5778000000,321.00000000000006
535,0.7136857767229526,0.38937353937632707,0.016279376742941092,0.05882693458233204,1800000,9000000,5788800000,321.6
536,0.7131035305697836,0.3883341682324559,0.014749163937852812,0.05863117125386736,1800000,9000000,5799600000,322.20000000000005
537,0.7129487336237589,0.39068045858841544,0.014473602234166725,0.05843605938346424,1800000,9000000,5810400000,322.80000000000007
538,0.714532588037708,0.38091456241453314,0.015876182821626627,0.05824159680321103,1800000,9000000,5821200000,323.40000000000003
539,0.7146146116920502,0.3796343895561447,0.012361071172347667,0.05804778135241038,1800000,9000000,5832000000,324.00000000000006
540,0.7140570320337704,0.3832366598162089,0.012615001650881783,0.05785461087755528,1800000,9000000,5842800000,324.6
541,0.714382934571096,0.39201196793361903,0.013158544559971282,0.05766208323230516,1800000,9000000,5853600000,325.20000000000005
542,0.7152643040746645,0.3860294539095877,0.01457115001939155,0.05747019627746195,1800000,9000000,5864400000,325.80000000000007
543,0.7147116414759095,0.3863579736519023,0.013300403040017925,0.05727894788094641,1800000,9000000,5875200000,326.40000000000003
544,0.715041901366808,0.38459089031997196,0.015163462204190077,0.05708833591777441,1800000,9000000,5886000000,327.00000000000006
545,0.7155854159718912,0.3899418792348689,0.013327457785479948,0.05689835827003326,1800000,9000000,5896800000,327.6
546,0.7139651359558846,0.38296445996657597,0.0129851223381664,0.05670901282685826,1800000,9000000,5907600000,328.20000000000005
547,0.7157393038321671,0.3839165256582134,0.014183137230588654,0.05652029748440921,1800000,9000000,5918400000,328.80000000000007
548,0.7163344119333505,0.3826090110436956,0.012077123393520836,0.05633221014584703,1800000,9000000,5929200000,329.40000000000003
549,0.7170578534851539,0.38606599354633564,0.014844766925282036,0.05614474872131046,1800000,9000000,5940000000,330.00000000000006
550,0.7145022790858376,0.3837302978876004,0.014114883867514454,0.05595791112789286,1800000,9000000,5950800000,330.6
551,0.7155848042037083,0.38383869044609886,0.013968871156554924,0.05577169528961905,1800000,9000000,5961600000,331.20000000000005
552,0.7161277462776435,0.38173403717891186,0.013496844011003583,0.05558609913742223,1800000,9000000,5972400000,331.80000000000007
553,0.714239192448974,0.3891522546316253,0.014500508386844956,0.05540112060912105,1800000,9000000,5983200000,332.40000000000003
554,0.7171017511830218,0.37829669467982613,0.012665999145487444,0.0552167576493966,1800000,9000000,5994000000,333.00000000000006
555,0.7170010775541134,0.3853939074857517,0.011919034177720628,0.05503300820976966,1800000,9000000,6004800000,333.6
556,0.7131385406692652,0.39109269596113916,0.012818882490165254,0.05484987024857791,1800000,9000000,6015600000,334.20000000000005
557,0.7168891557287514,0.3825616646439529,0.01202935050663037,0.0546673417309532,1800000,9000000,6026400000,334.80000000000007
558,0.7181622325955327,0.38159117436414325,0.01238800090670793,0.054485420628799054,1800000,9000000,6037200000,335.40000000000003
559,0.7201623299574402,0.3769754458036491,0.014692454038734317,0.054304104920767995,1800000,9000000,6048000000,336.00000000000006
560,0.7173573811378589,0.3869434157758831,0.01366213360028593,0.05412339259223918,1800000,9000000,6058800000,336.6
561,0.7157138620178017,0.38494544726401275,0.014399000109123658,0.053943281635295985,1800000,9000000,6069600000,337.20000000000005
562,0.7148265831633553,0.38607785962677754,0.012761367852526007,0.05376377004870373,1800000,9000000,6080400000,337.80000000000007
563,0.7191072794913779,0.3840727270711894,0.011858496531691786,0.05358485583788735,1800000,9000000,6091200000,338.40000000000003
564,0.7197094227791965,0.3817687183057594,0.010625709956353849,0.05340653701490936,1800000,9000000,6102000000,339.00000000000006
565,0.7183710025381659,0.3812737871555535,0.013254667906695232,0.05322881159844763,1800000,9000000,6112800000,339.6
566,0.7166436850037344,0.3812958039964015,0.012328963887141236,0.05305167761377351,1800000,9000000,6123600000,340.20000000000005
567,0.715105859930301,0.38064411593411224,0.012089696922488211,0.0528751330927298,1800000,9000000,6134400000,340.80000000000007
568,0.7151134275306626,0.38819992377739365,0.0106482246731977,0.052699176073708866,1800000,9000000,6145200000,341.40000000000003
569,0.7187677460555967,0.3852416308819843,0.011807864278156922,0.052523804601630926,1800000,9000000,6156000000,342.00000000000006
570,0.7192605421384499,0.38115596804392593,0.01301460958026393,0.05234901672792227,1800000,9000000,6166800000,342.6
571,0.7197543686550446,0.38598806938265323,0.012541792110515836,0.0521748105104936,1800000,9000000,6177600000,343.20000000000005
572,0.7181552612633554,0.38470466188729485,0.012807904380562183,0.052001184013718484,1800000,9000000,6188400000,343.80000000000007
573,0.7184652125802781,0.38272304250779837,0.010994583168725244,0.05182813530841186,1800000,9000000,6199200000,344.40000000000003
574,0.7180820963481415,0.3799548995699423,0.01249716585145335,0.05165566247180853,1800000,9000000,6210000000,345.00000000000006
575,0.7196574394417692,0.38378598588091334,0.011307355421012367,0.05148376358754188,1800000,9000000,6220800000,345.6
576,0.7161523350510757,0.3864972788209056,0.012450816830680967,0.05131243674562255,1800000,9000000,6231600000,346.20000000000005
577,0.7213191738505595,0.38582666462338394,0.013217344781450105,0.05114168004241717,1800000,9000000,6242400000,346.80000000000007
578,0.7192173379573942,0.37949104922663035,0.011206048788948222,0.05097149158062731,1800000,9000000,6253200000,347.40000000000003
579,0.7214322396764933,0.37764220500729984,0.012683840974315942,0.050801869469268304,1800000,9000000,6264000000,348.00000000000006
580,0.7206886101188774,0.3815112144324823,0.012216576613825136,0.05063281182364827,1800000,9000000,6274800000,348.6000000000001
581,0.7194354175970311,0.38143030426232594,0.010592290090126659,0.050464316765347184,1800000,9000000,6285600000,349.20000000000005
582,0.7201014723547187,0.38054887635471796,0.011307506872654726,0.05029638242219602,1800000,9000000,6296400000,349.80000000000007
583,0.7202525203705378,0.3812014339786178,0.012394925776369643,0.05012900692825588,1800000,9000000,6307200000,350.40000000000003
584,0.7209550807685459,0.37671406278388153,0.013165686641344834,0.049962188423797335,1800000,9000000,6318000000,351.00000000000006
585,0.7198269330038454,0.38173721526302795,0.009559380168035607,0.04979592505527975,1800000,9000000,6328800000,351.6000000000001
586,0.7189079571444572,0.37578056543222543,0.011796005208978314,0.04963021497533063,1800000,9000000,6339600000,352.20000000000005
587,0.7219113073243921,0.3790134685909573,0.011753099026434273,0.04946505634272516,1800000,9000000,6350400000,352.80000000000007
588,0.7200926565344167,0.37415371787553564,0.010356725292332454,0.04930044732236575,1800000,9000000,6361200000,353.40000000000003
589,0.7213333254881832,0.3752278921313841,0.01088396959185487,0.04913638608526156,1800000,9000000,6372000000,354.00000000000006
590,0.7218829136313992,0.37885942212696705,0.011166967826210697,0.04897287080850829,1800000,9000000,6382800000,354.6000000000001
591,0.7222747645885411,0.37851976238568047,0.008306172126353775,0.048809899675267825,1800000,9000000,6393600000,355.20000000000005
592,0.7216780001290996,0.3796145038225596,0.011045324625074321,0.04864747087474814,1800000,9000000,6404400000,355.80000000000007
593,0.7239076784597519,0.3730633698033412,0.01133309759980926,0.048485582602183115,1800000,9000000,6415200000,356.40000000000003
594,0.7219756617996909,0.38042950162026495,0.010588747130111527,0.048324233058812484,1800000,9000000,6426000000,357.00000000000006
595,0.7210278819632081,0.3783914586981442,0.012181424633119865,0.04816342045186189,1800000,9000000,6436800000,357.6000000000001
596,0.7245597123202473,0.37253381427249277,0.012375408332964962,0.04800314299452295,1800000,9000000,6447600000,358.20000000000005
597,0.7238452743881522,0.37398020525113845,0.009660410149211967,0.047843398905933344,1800000,9000000,6458400000,358.80000000000007
598,0.7204396473584571,0.3832520045215629,0.010860486746191363,0.04768418641115714,1800000,9000000,6469200000,359.40000000000003
599,0.7221197453708595,0.3796207779947876,0.009257658006833546,0.04752550374116498,1800000,9000000,6480000000,360.00000000000006
600,0.722560276009929,0.3778665160800433,0.00985342144758774,0.04736734913281444,1800000,9000000,6490800000,360.6000000000001
601,0.7240815024116262,0.37654883402658323,0.009582288391851951,0.047209720828830466,1800000,9000000,6501600000,361.20000000000005
602,0.7219207307748067,0.3749090410642481,0.010479676771832602,0.047052617077785845,1800000,9000000,6512400000,361.80000000000007
603,0.7241823365698843,0.3786479480623253,0.00925772434468435,0.04689603613408174,1800000,9000000,6523200000,362.40000000000003
604,0.7215673031206826,0.37774277994228034,0.011365622778520266,0.04673997625792825,1800000,9000000,6534000000,363.00000000000006
605,0.724069878962256,0.3736407315133227,0.009988198442158867,0.046584435715325154,1800000,9000000,6544800000,363.6000000000001
606,0.7232697714238708,0.3754186362470992,0.012618214399910399,0.0464294127780426,1800000,9000000,6555600000,364.20000000000005
607,0.7250570567141332,0.37267453291797625,0.009896377868589957,0.04627490572360191,1800000,9000000,6566400000,364.80000000000007
608,0.7263759426632206,0.37807661453694985,0.008952644493806675,0.04612091283525647,1800000,9000000,6577200000,365.40000000000003
609,0.7234072723807281,0.3794638677689742,0.012251975706322162,0.04596743240197259,1800000,9000000,6588000000,366.00000000000006
610,0.7231535391504861,0.3809003330498211,0.010834472664807207,0.04581446271841051,1800000,9000000,6598800000,366.6000000000001
611,0.7251044512572253,0.3739230031694812,0.01166943648237605,0.04566200208490554,1800000,9000000,6609600000,367.20000000000005
612,0.725396497456429,0.3756464857000674,0.009058108632307304,0.04551004880744906,1800000,9000000,6620400000,367.80000000000007
613,0.7248089498592605,0.37650271643342126,0.009640697158975017,0.045358601197669775,1800000,9000000,6631200000,368.40000000000003
614,0.7251395867604421,0.37178955722070045,0.01129170566662222,0.045207657572814884,1800000,9000000,6642000000,369.00000000000006
615,0.7264607666489278,0.3701001290481824,0.010135307989174072,0.04505721625573148,1800000,9000000,6652800000,369.6000000000001
616,0.7246885353093547,0.37235008165371297,0.010828827081555605,0.044907275574847784,1800000,9000000,6663600000,370.20000000000005
617,0.7228563213988896,0.3747966737190681,0.011465442576411515,0.04475783386415471,1800000,9000000,6674400000,370.80000000000007
618,0.7262893461006986,0.3760476197531768,0.010606642595552792,0.04460888946318726,1800000,9000000,6685200000,371.40000000000003
619,0.7250722460245509,0.37484011051457844,0.011559651416887336,0.04446044071700611,1800000,9000000,6696000000,372.00000000000006
620,0.7252787676702219,0.3700161621720257,0.009945060794443251,0.04431248597617924,1800000,9000000,6706800000,372.6000000000001
621,0.7268327873827342,0.37194331266262476,0.010199830736127612,0.04416502359676357,1800000,9000000,6717600000,373.20000000000005
622,0.7249977838086479,0.37233698719075725,0.010080007968656284,0.04401805194028666,1800000,9000000,6728400000,373.80000000000007
623,0.7231468851794673,0.3738321944210536,0.011284853472450736,0.0438715693737286,1800000,9000000,6739200000,374.40000000000003
624,0.722688090542041,0.3763227187368753,0.01204167578935216,0.04372557426950384,1800000,9000000,6750000000,375.00000000000006
625,0.727196457866657,0.37183834394522386,0.007616473579511359,0.043580065005443036,1800000,9000000,6760800000,375.6000000000001
626,0.7262603609754892,0.3773527096415218,0.01066360216594348,0.04343503996477511,1800000,9000000,6771600000,376.20000000000005
627,0.725643017077441,0.3799129405472317,0.00968775287219815,0.04329049753610919,1800000,9000000,6782400000,376.80000000000007
628,0.7274501363994041,0.37834311940533705,0.010603134405836245,0.04314643611341682,1800000,9000000,6793200000,377.40000000000003
629,0.7268414755012865,0.37365259319945915,0.008014157555427349,0.04300285409601406,1800000,9000000,6804000000,378.00000000000006
630,0.7290524830803974,0.3780178797469089,0.010600657757557723,0.042859749888543665,1800000,9000000,6814800000,378.6000000000001
631,0.7233593993962858,0.3763855140484461,0.010334683150164697,0.04271712190095742,1800000,9000000,6825600000,379.20000000000005
632,0.7269147574296816,0.37303544913805076,0.009623848398827168,0.04257496854849846,1800000,9000000,6836400000,379.80000000000007
633,0.7299393029196017,0.3665042231036373,0.010512830121587451,0.04243328825168358,1800000,9000000,6847200000,380.40000000000003
634,0.7284006672328964,0.3746293144520871,0.009682012663149095,0.042292079436285844,1800000,9000000,6858000000,381.00000000000006
635,0.7255591013066975,0.3753177980688756,0.0083621887966656,0.04215134053331695,1800000,9000000,6868800000,381.6000000000001
636,0.7279712233255083,0.37365037660285555,0.010848590754390213,0.04201106997900985,1800000,9000000,6879600000,382.20000000000005
637,0.7271155619330417,0.3727033157328161,0.00856815467623933,0.0418712662148014,1800000,9000000,6890400000,382.80000000000007
638,0.7283919262757055,0.37508715259976405,0.009278864578915977,0.04173192768731502,1800000,9000000,6901200000,383.40000000000003
639,0.7309313032283103,0.36795773691353933,0.00892045059964486,0.04159305284834337,1800000,9000000,6912000000,384.00000000000006
640,0.728555712294924,0.37597478995490696,0.008681426599435351,0.041454640154831295,1800000,9000000,6922800000,384.6000000000001
641,0.7245768405353721,0.3757202728583234,0.010064543772254814,0.041316688068858534,1800000,9000000,6933600000,385.20000000000005
642,0.7299832906835345,0.37094625255100494,0.009653179925468266,0.041179195057622714,1800000,9000000,6944400000,385.80000000000007
643,0.7303145176546549,0.3659229297567105,0.007456463054309307,0.0410421595934223,1800000,9000000,6955200000,386.40000000000003
644,0.7294637799908776,0.37105019443489223,0.008142727835758735,0.040905580153639626,1800000,9000000,6966000000,387.00000000000006
645,0.7310668070142844,0.3676645229426368,0.009848708901155493,0.040769455220723935,1800000,9000000,6976800000,387.6000000000001
646,0.7289319196480826,0.3757895933030884,0.008988072212887931,0.04063378328217458,1800000,9000000,6987600000,388.20000000000005
647,0.7301949402309443,0.37243110109379307,0.010416601775411658,0.04049856283052418,1800000,9000000,6998400000,388.80000000000007
648,0.7295944379868589,0.3679720820027689,0.008860365886263571,0.040363792363321875,1800000,9000000,7009200000,389.40000000000003
649,0.7292028778601093,0.3762977133581072,0.00865559391040101,0.04022947038311665,1800000,9000000,7020000000,390.00000000000006
650,0.7300417184697559,0.36642052456110286,0.00804995609601922,0.0400955953974407,1800000,9000000,7030800000,390.6000000000001
651,0.7283653067738897,0.3669773983689364,0.010654619664486146,0.03996216591879277,1800000,9000000,7041600000,391.20000000000005
652,0.7280615193147764,0.37070897562990696,0.00828735299088298,0.03982918046462173,1800000,9000000,7052400000,391.80000000000007
653,0.730025240321252,0.36662471904027183,0.008032662578544337,0.039696637557310066,1800000,9000000,7063200000,392.40000000000003
654,0.7298986518546071,0.3740402816476026,0.009410139288128621,0.03956453572415745,1800000,9000000,7074000000,393.00000000000006
655,0.7317402114233224,0.369287660755316,0.009065610402266519,0.039432873497364365,1800000,9000000,7084800000,393.6000000000001
656,0.7287754502435814,0.36474407774583817,0.007296153416821777,0.03930164941401582,1800000,9000000,7095600000,394.20000000000005
657,0.730687688831082,0.36865777615701,0.007429172381897315,0.03917086201606511,1800000,9000000,7106400000,394.80000000000007
658,0.730823876297477,0.37171250071321305,0.01034969120678315,0.03904050985031756,1800000,9000000,7117200000,395.40000000000003
659,0.7319096088224663,0.37185620849785905,0.009188988153286039,0.03891059146841445,1800000,9000000,7128000000,396.00000000000006
660,0.7295330187963537,0.37157570757862074,0.008021796490797288,0.03878110542681685,1800000,9000000,7138800000,396.6000000000001
661,0.7334976973460611,0.3678055308266063,0.008779599353040485,0.03865205028678966,1800000,9000000,7149600000,397.20000000000005
662,0.728386658021176,0.36798013213122915,0.008342607575420189,0.03852342461438552,1800000,9000000,7160400000,397.80000000000007
663,0.7301577160813207,0.3757253507260773,0.009692857120737988,0.03839522698042899,1800000,9000000,7171200000,398.40000000000003
664,0.7316662949674235,0.3642163147506017,0.007983584923149135,0.03826745596050058,1800000,9000000,7182000000,399.00000000000006
665,0.7287628455866745,0.3754308422115095,0.009637009859334822,0.03814011013492099,1800000,9000000,7192800000,399.6000000000001
666,0.7296397611605937,0.363203524716377,0.009897303499566447,0.038013188088735286,1800000,9000000,7203600000,400.20000000000005
667,0.7328652257341238,0.36834962104690366,0.008186445699880446,0.03788668841169722,1800000,9000000,7214400000,400.80000000000007
668,0.7301553744123741,0.3676669026805115,0.007343155591501421,0.03776060969825349,1800000,9000000,7225200000,401.40000000000003
669,0.7332303003965525,0.3681807043430277,0.00891974908658967,0.03763495054752823,1800000,9000000,7236000000,402.00000000000006
670,0.7334883407497091,0.36663720042636033,0.010025002076876639,0.037509709563307354,1800000,9000000,7246800000,402.6000000000001
671,0.7325461659482285,0.3702807179333239,0.00816249963048147,0.03738488535402309,1800000,9000000,7257600000,403.20000000000005
672,0.7297488254808244,0.36589165369110915,0.008732219194706072,0.03726047653273848,1800000,9000000,7268400000,403.80000000000007
673,0.7311902685738554,0.36485265962746705,0.007788973066944641,0.03713648171713203,1800000,9000000,7279200000,404.40000000000003
674,0.7338938968184305,0.36788926696858004,0.006887046803800176,0.03701289952948227,1800000,9000000,7290000000,405.00000000000006
675,0.7300277907827537,0.37395669263541936,0.00805234952498989,0.036889728596652516,1800000,9000000,7300800000,405.6000000000001
676,0.7323792728450346,0.36524487238165526,0.007331575103690931,0.03676696755007558,1800000,9000000,7311600000,406.20000000000005
677,0.7303033436248252,0.3737033869098039,0.00966364411059383,0.03664461502573857,1800000,9000000,7322400000,406.80000000000007
678,0.7302880296253597,0.36960898637284967,0.008574687129367355,0.03652266966416776,1800000,9000000,7333200000,407.40000000000003
679,0.7295174984461966,0.3695360829096217,0.008462964038128431,0.0364011301104134,1800000,9000000,7344000000,408.00000000000006
680,0.7331141486848449,0.3715025859558817,0.008028922949414218,0.03627999501403475,1800000,9000000,7354800000,408.6000000000001
681,0.7316700100914854,0.36887647401105433,0.0057636268385060675,0.036159263029085065,1800000,9000000,7365600000,409.20000000000005
682,0.731572414529674,0.36553993533113693,0.008464771743937208,0.036038932814096605,1800000,9000000,7376400000,409.80000000000007
683,0.7313224578543293,0.3740335127641181,0.006717661363562196,0.035919003032065744,1800000,9000000,7387200000,410.40000000000003
684,0.7339220447510109,0.3691119166935953,0.008640207198073346,0.035799472350438115,1800000,9000000,7398000000,411.00000000000006
685,0.734395208289353,0.36812272369893334,0.007965289515567632,0.03568033944109379,1800000,9000000,7408800000,411.6000000000001
686,0.7338764880584243,0.37410061173630776,0.008766490525175304,0.035561602980332556,1800000,9000000,7419600000,412.20000000000005
687,0.7317798746943809,0.3667800567963116,0.008428450321889469,0.035443261648859185,1800000,9000000,7430400000,412.80000000000007
688,0.733774408842574,0.36742392432774856,0.007482218223746982,0.03532531413176878,1800000,9000000,7441200000,413.40000000000003
689,0.7343651696078431,0.3622134906672437,0.0063975268779826525,0.035207759118532155,1800000,9000000,7452000000,414.00000000000006
690,0.7349035672551097,0.367939719758797,0.007113264172712999,0.03509059530298131,1800000,9000000,7462800000,414.6000000000001
691,0.7330089377507726,0.36981760145027115,0.0061865873068456985,0.03497382138329483,1800000,9000000,7473600000,415.20000000000005
692,0.7353759587254557,0.3599677310219682,0.008748042825072275,0.03485743606198353,1800000,9000000,7484400000,415.80000000000007
693,0.7350632557198052,0.3603294668915174,0.007234468149763571,0.034741438045875976,1800000,9000000,7495200000,416.40000000000003
694,0.7340531612305136,0.3725082758029338,0.008209112522526336,0.03462582604610413,1800000,9000000,7506000000,417.00000000000006
695,0.7332200232444887,0.3735449741666519,0.006998960090887857,0.034510598778089034,1800000,9000000,7516800000,417.6000000000001
696,0.7346862370442383,0.3639582376994016,0.007656298309212372,0.03439575496152654,1800000,9000000,7527600000,418.20000000000005
697,0.7338270539595668,0.36753760328882173,0.009303840981034475,0.034281293320373024,1800000,9000000,7538400000,418.80000000000007
698,0.7393588818751758,0.3668811989326884,0.009161937648672324,0.0341672125828313,1800000,9000000,7549200000,419.40000000000003
699,0.733400638374897,0.3667825523273608,0.008238740136958826,0.034053511481336465,1800000,9000000,7560000000,420.00000000000006
700,0.7323049822377872,0.3705359923800763,0.007256261085603471,0.03394018875254177,1800000,9000000,7570800000,420.6000000000001
701,0.7364532982025627,0.3627548446935583,0.009275673461545456,0.03382724313730462,1800000,9000000,7581600000,421.20000000000005
702,0.735742287489548,0.35957074929177907,0.00774187399536767,0.03371467338067256,1800000,9000000,7592400000,421.80000000000007
703,0.7330124015981699,0.3611645959773704,0.005949812994531813,0.03360247823186937,1800000,9000000,7603200000,422.4000000000001
704,0.7369862138155449,0.3628679852230019,0.007645748467659181,0.03349065644428111,1800000,9000000,7614000000,423.00000000000006
705,0.7350333990127108,0.36620396275025996,0.009760149149409106,0.033379206775442365,1800000,9000000,7624800000,423.6000000000001
706,0.7342988147608693,0.3680162993776016,0.00834018028227373,0.03326812798702229,1800000,9000000,7635600000,424.20000000000005
707,0.7333036172705373,0.3655833382456761,0.008309544880280725,0.033157418844811035,1800000,9000000,7646400000,424.80000000000007
708,0.7348370853526224,0.3626046759635458,0.006749656991126302,0.03304707811870582,1800000,9000000,7657200000,425.4000000000001
709,0.7380455343440795,0.35555490012059593,0.007556105909138436,0.032937104582697475,1800000,9000000,7668000000,426.00000000000006
710,0.7348303252282867,0.362294497543747,0.005911661060828698,0.03282749701485669,1800000,9000000,7678800000,426.6000000000001
711,0.7341860452296893,0.3711711665759229,0.006849859202958283,0.03271825419732046,1800000,9000000,7689600000,427.20000000000005
712,0.7344329993786011,0.36544130952758996,0.007682054960226688,0.03260937491627859,1800000,9000000,7700400000,427.80000000000007
713,0.7344612650279823,0.3653796949560882,0.007707647523870948,0.03250085796196018,1800000,9000000,7711200000,428.4000000000001
714,0.7349518729636351,0.368039204261818,0.008088975604857601,0.03239270212862015,1800000,9000000,7722000000,429.00000000000006
715,0.7335060652101759,0.36487521782605764,0.006317036683084511,0.03228490621452591,1800000,9000000,7732800000,429.6000000000001
716,0.7345467688691524,0.3695914591083587,0.008090492685351591,0.032177469021943995,1800000,9000000,7743600000,430.20000000000005
717,0.734641144856662,0.3660681035947175,0.006537338613501177,0.032070389357126694,1800000,9000000,7754400000,430.80000000000007
718,0.7362650843600476,0.363564429943338,0.007901547779365706,0.03196366603029886,1800000,9000000,7765200000,431.4000000000001
719,0.7358434000341457,0.36324081292654076,0.008328309275538135,0.031857297855644666,1800000,9000000,7776000000,432.00000000000006
720,0.7374465960639668,0.3652479818582084,0.007893340774912588,0.03175128365129438,1800000,9000000,7786800000,432.6000000000001
721,0.735077872315312,0.3612266258202103,0.004926185144642673,0.03164562223931132,1800000,9000000,7797600000,433.20000000000005
722,0.7370703276057351,0.36425595266599825,0.004207989538995556,0.03154031244567872,1800000,9000000,7808400000,433.80000000000007
723,0.7368212272781315,0.3644198677674076,0.006877240245084967,0.03143535310028667,1800000,9000000,7819200000,434.4000000000001
724,0.7350501143119912,0.36508027306845786,0.007121912040942934,0.03133074303691914,1800000,9000000,7830000000,435.00000000000006
725,0.7396674565331663,0.3616184961270751,0.007356354187629673,0.031226481093241037,1800000,9000000,7840800000,435.6000000000001
726,0.7335377493050993,0.3599952943866545,0.0053611301950080344,0.03112256611078522,1800000,9000000,7851600000,436.20000000000005
727,0.7368800150007275,0.36848624932887636,0.009123821171056973,0.03101899693493971,1800000,9000000,7862400000,436.80000000000007
728,0.7357336871650395,0.3633561077636394,0.006422134415370466,0.03091577241493482,1800000,9000000,7873200000,437.4000000000001
729,0.735646964571697,0.36345470507572325,0.005982732743292577,0.03081289140383039,1800000,9000000,7884000000,438.00000000000006
730,0.7377470063142142,0.3590505606071312,0.005432124192819273,0.030710352758503014,1800000,9000000,7894800000,438.6000000000001
731,0.7394583595374407,0.36174618782427787,0.007875952217776927,0.030608155339633344,1800000,9000000,7905600000,439.20000000000005
732,0.7387466153830037,0.3599866561220491,0.00591426952117489,0.030506298011693453,1800000,9000000,7916400000,439.80000000000007
733,0.7407499844892829,0.3568448825682506,0.005899076915510277,0.03040477964293421,1800000,9000000,7927200000,440.4000000000001
734,0.7340998090644287,0.3685019116841253,0.005892536425987876,0.030303599105372694,1800000,9000000,7938000000,441.00000000000006
735,0.7390662980547242,0.359135335179581,0.00624044562096095,0.030202755274779673,1800000,9000000,7948800000,441.6000000000001
736,0.7391359881323541,0.36191263859701206,0.004744752017648507,0.030102247030667106,1800000,9000000,7959600000,442.20000000000005
737,0.7402613665671656,0.35554216502697583,0.0060530200537410725,0.030002073256275682,1800000,9000000,7970400000,442.80000000000007
738,0.7373418875736224,0.3643405557264636,0.005932243366432427,0.02990223283856243,1800000,9000000,7981200000,443.4000000000001
739,0.7399675614395789,0.3601318154841202,0.007159472230695521,0.02980272466818835,1800000,9000000,7992000000,444.00000000000006
740,0.739882296385082,0.36508463785500744,0.006417374089100044,0.02970354763950609,1800000,9000000,8002800000,444.6000000000001
741,0.7381197615438791,0.36364316954046993,0.007029751767877197,0.02960470065054764,1800000,9000000,8013600000,445.20000000000005
742,0.7389460593990729,0.35810248126912164,0.005552208647095966,0.029506182603012115,1800000,9000000,8024400000,445.80000000000007
743,0.7392640565808573,0.3600671604400393,0.005664627798724163,0.029407992402253506,1800000,9000000,8035200000,446.4000000000001
744,0.7378315835915242,0.36084174322406265,0.00652313446767118,0.029310128957268585,1800000,9000000,8046000000,447.00000000000006
745,0.7398585696089177,0.3667250946722821,0.004050723955454685,0.02921259118068473,1800000,9000000,8056800000,447.6000000000001
746,0.7398578531987233,0.36536163911260267,0.006049639540842304,0.029115377988747873,1800000,9000000,8067600000,448.20000000000005
747,0.7392772540633389,0.36232833326138514,0.00568725846054589,0.02901848830131043,1800000,9000000,8078400000,448.80000000000007
748,0.7396622680324736,0.35658956100664313,0.0060708406871302235,0.02892192104181934,1800000,9000000,8089200000,449.4000000000001
749,0.7398282274501051,0.366159679994736,0.005371048769781372,0.028825675137304024,1800000,9000000,8100000000,450.00000000000006
750,0.7400715069928907,0.3614789368654753,0.007247172168117771,0.02872974951836458,1800000,9000000,8110800000,450.6000000000001
751,0.7379014580255822,0.3644481268861139,0.004560745003783164,0.028634143119159794,1800000,9000000,8121600000,451.20000000000005
752,0.7395693572095046,0.3599234348264651,0.0065538043929093265,0.02853885487739537,1800000,9000000,8132400000,451.80000000000007
753,0.7396480537573685,0.3608695507839351,0.006195924402050071,0.028443883734312093,1800000,9000000,8143200000,452.4000000000001
754,0.7417668194248859,0.36566919702370665,0.0060422629024280685,0.028349228634674047,1800000,9000000,8154000000,453.00000000000006
755,0.7397658746401768,0.3624617933871483,0.0041508368667093135,0.028254888526756925,1800000,9000000,8164800000,453.6000000000001
756,0.7403651682586941,0.36113567582751227,0.004609220323786921,0.02816086236233635,1800000,9000000,8175600000,454.20000000000005
757,0.7391176681067232,0.3626380143237947,0.007296804869210543,0.028067149096676187,1800000,9000000,8186400000,454.80000000000007
758,0.7399298762410108,0.36021057236191845,0.005337340686579873,0.027973747688516962,1800000,9000000,8197200000,455.4000000000001
759,0.7410429895200602,0.36103222746910585,0.006691742838133513,0.02788065710006431,1800000,9000000,8208000000,456.00000000000006
760,0.7385191142489749,0.36568078868215753,0.006322017853508099,0.027787876296977376,1800000,9000000,8218800000,456.6000000000001
761,0.7420393337325213,0.35234324885653384,0.005552584129078903,0.0276954042483574,1800000,9000000,8229600000,457.20000000000005
762,0.7403263116960763,0.36422984124307595,0.005455833063847611,0.027603239926736228,1800000,9000000,8240400000,457.80000000000007
763,0.7383173956261033,0.3587786684368095,0.005339979486790754,0.027511382308064894,1800000,9000000,8251200000,458.4000000000001
764,0.7420511140955232,0.35851741858431657,0.005189071159672079,0.02741983037170224,1800000,9000000,8262000000,459.00000000000006
765,0.7400627930956636,0.36013931616841216,0.006400019966696027,0.02732858310040361,1800000,9000000,8272800000,459.6000000000001
766,0.7406289335047258,0.3596154668145771,0.006463122890998588,0.027237639480309456,1800000,9000000,8283600000,460.20000000000005
767,0.7426126967406427,0.355383513934787,0.004473460005146957,0.0271469985009342,1800000,9000000,8294400000,460.80000000000007
768,0.74298178882752,0.35610679752934155,0.006128343688037578,0.027056659155154907,1800000,9000000,8305200000,461.4000000000001
769,0.7409086660026544,0.36435472270290975,0.005944194808799032,0.026966620439200145,1800000,9000000,8316000000,462.00000000000006
770,0.7420184249057197,0.3593586206635293,0.006593338590762062,0.02687688135263881,1800000,9000000,8326800000,462.6000000000001
771,0.7420765909990977,0.3550105420764471,0.004949598149394463,0.026787440898369028,1800000,9000000,8337600000,463.20000000000005
772,0.740245063941662,0.3584393695208223,0.005151767259694004,0.02669829808260703,1800000,9000000,8348400000,463.80000000000007
773,0.7422132444647196,0.35524488942934646,0.0037208688910453933,0.026609451914876178,1800000,9000000,8359200000,464.4000000000001
774,0.7410037324548666,0.3613638637423288,0.004393468323773032,0.026520901407995918,1800000,9000000,8370000000,465.00000000000006
775,0.7415852078944151,0.3615463278844729,0.006288871383990397,0.026432645578070815,1800000,9000000,8380800000,465.6000000000001
776,0.7432054620873905,0.35414260283697097,0.004146659467017648,0.026344683444479648,1800000,9000000,8391600000,466.20000000000005
777,0.7413822220724857,0.35974303639342275,0.005239643661383879,0.02625701402986444,1800000,9000000,8402400000,466.80000000000007
778,0.7436747940138881,0.358657892719342,0.007383594053819775,0.026169636360119694,1800000,9000000,8413200000,467.4000000000001
779,0.7394415283928666,0.35782109070033924,0.005919564320532659,0.02608254946438153,1800000,9000000,8424000000,468.00000000000006
780,0.7401984947449749,0.35959778012476995,0.006207746955123997,0.025995752375016855,1800000,9000000,8434800000,468.6000000000001
781,0.7411364606073186,0.36112975703606054,0.006000770290421765,0.025909244127612686,1800000,9000000,8445600000,469.20000000000005
782,0.739422707075875,0.35933061025538343,0.004237201139104045,0.025823023760965385,1800000,9000000,8456400000,469.80000000000007
783,0.7406458415448773,0.3617880514638128,0.0067616757397045285,0.025737090317069982,1800000,9000000,8467200000,470.4000000000001
784,0.7429542974075982,0.3541549769830028,0.006569421580328538,0.02565144284110955,1800000,9000000,8478000000,471.00000000000006
785,0.7419248853855167,0.35956443087879425,0.006598669458452893,0.025566080381444596,1800000,9000000,8488800000,471.6000000000001
786,0.7406064563546861,0.3590876857694069,0.0051339407359426254,0.025481001989602455,1800000,9000000,8499600000,472.20000000000005
787,0.7437088527598229,0.35626771948188257,0.0059019762665791725,0.025396206720266795,1800000,9000000,8510400000,472.80000000000007
788,0.7397987494709605,0.3632522903024521,0.0035670898840331226,0.02531169363126709,1800000,9000000,8521200000,473.4000000000001
789,0.7435264412151252,0.35599188860981285,0.005075154235754535,0.025227461783568134,1800000,9000000,8532000000,474.00000000000006
790,0.7427510165028658,0.35437530233812253,0.004160363932621305,0.02514351024125965,1800000,9000000,8542800000,474.6000000000001
791,0.7425371794528696,0.3559885569985499,0.004702439847816917,0.025059838071545854,1800000,9000000,8553600000,475.20000000000005
792,0.7398006007469498,0.36051530910917956,0.005156678292007213,0.024976444344735116,1800000,9000000,8564400000,475.80000000000007
793,0.7433471629312423,0.35593824444219657,0.0060970308253682146,0.024893328134229613,1800000,9000000,8575200000,476.4000000000001
794,0.7430845642618902,0.35489244585167296,0.005246100571339756,0.024810488516515048,1800000,9000000,8586000000,477.00000000000006
795,0.744507285021461,0.3493485652550599,0.002656161458316084,0.024727924571150358,1800000,9000000,8596800000,477.6000000000001
796,0.7429240748147397,0.355462842164629,0.004757405736775163,0.024645635380757525,1800000,9000000,8607600000,478.20000000000005
797,0.7464970565227685,0.3544820525812252,0.00522908756763844,0.02456362003101136,1800000,9000000,8618400000,478.80000000000007
798,0.7429844437132964,0.36115742089879893,0.0016012105020237768,0.024481877610629373,1800000,9000000,8629200000,479.4000000000001
799,0.7419346991726561,0.3614157522625906,0.004225994363693405,0.024400407211361594,1800000,9000000,8640000000,480.00000000000006
800,0.7440875721055437,0.35500434948177734,0.005904698822266135,0.02431920792798054,1800000,9000000,8650800000,480.6000000000001
801,0.7434063936313278,0.35579406921236795,0.004450069254348303,0.024238278858271095,1800000,9000000,8661600000,481.20000000000005
802,0.7440777036815576,0.35786937841599187,0.004207246806747321,0.024157619103020552,1800000,9000000,8672400000,481.80000000000007
803,0.7444365373065758,0.3558897519333847,0.004439736314704722,0.024077227766008576,1800000,9000000,8683200000,482.4000000000001
804,0.7435817063293862,0.36188481728098304,0.0025977374777307093,0.02399710395399727,1800000,9000000,8694000000,483.00000000000006
805,0.7400901465054964,0.362159275093935,0.005343878191380377,0.02391724677672123,1800000,9000000,8704800000,483.6000000000001
806,0.7434197067286575,0.3595050587625682,0.003005294661464309,0.02383765534687765,1800000,9000000,8715600000,484.20000000000005
807,0.7450476082288529,0.35752692249498114,0.006105228656472167,0.023758328780116505,1800000,9000000,8726400000,484.80000000000007
808,0.7442263364724113,0.35628805294295396,0.0045673839318614885,0.023679266195030673,1800000,9000000,8737200000,485.4000000000001
809,0.7444375907596605,0.35359079815167166,0.004020945309747918,0.023600466713146178,1800000,9000000,8748000000,486.00000000000006
810,0.74455971651252,0.3558440166263295,0.0033499956191618786,0.023521929458912412,1800000,9000000,8758800000,486.6000000000001
811,0.7416903102953276,0.3563468030718505,0.00436873272477889,0.02344365355969242,1800000,9000000,8769600000,487.20000000000005
812,0.7447423213492543,0.35071032733206436,0.005511130978601668,0.023365638145753154,1800000,9000000,8780400000,487.80000000000007
813,0.7465900416559587,0.3518601009709882,0.0051533131134354395,0.023287882350255897,1800000,9000000,8791200000,488.4000000000001
814,0.7423766227491027,0.36158446285664547,0.0020620948147135614,0.023210385309246566,1800000,9000000,8802000000,489.00000000000006
815,0.7414132272717944,0.3631959970292378,0.006421822915832107,0.02313314616164612,1800000,9000000,8812800000,489.6000000000001
816,0.7432049146974856,0.3532464324873513,0.004221356459633733,0.023056164049241032,1800000,9000000,8823600000,490.20000000000005
817,0.7433406402904227,0.3557777407692057,0.004055349156583255,0.0229794381166737,1800000,9000000,8834400000,490.80000000000007
818,0.746260057959064,0.35841114837030713,0.004421902946199249,0.022902967511432955,1800000,9000000,8845200000,491.4000000000001
819,0.7461132133344682,0.3561635365989119,0.00398497306762642,0.022826751383844632,1800000,9000000,8856000000,492.00000000000006
820,0.7473703098752328,0.35034854633511825,0.003873038428852573,0.022750788887062088,1800000,9000000,8866800000,492.6000000000001
821,0.748819929148029,0.35376892846989666,0.004189367426210033,0.02267507917705679,1800000,9000000,8877600000,493.20000000000005
822,0.7448063908239019,0.3540002177091768,0.005820715158062911,0.022599621412608965,1800000,9000000,8888400000,493.80000000000007
823,0.7446862050767752,0.3567237751980309,0.005127914063180428,0.02252441475529824,1800000,9000000,8899200000,494.4000000000001
824,0.7459469065270525,0.35122151884408687,0.004117450038284042,0.022449458369494302,1800000,9000000,8910000000,495.00000000000006
825,0.7452535400312119,0.35242455862220046,0.003885302143642736,0.022374751422347648,1800000,9000000,8920800000,495.6000000000001
826,0.7445195226209792,0.3605926964662173,0.004995680727716608,0.02230029308378033,1800000,9000000,8931600000,496.20000000000005
827,0.7454443720897042,0.35035037931817475,0.006800308534908239,0.022226082526476697,1800000,9000000,8942400000,496.80000000000007
828,0.7494561430489524,0.35414106116958316,0.00592693978981379,0.022152118925874254,1800000,9000000,8953200000,497.4000000000001
829,0.7475634910949261,0.352025872361925,0.005481199986235574,0.02207840146015444,1800000,9000000,8964000000,498.00000000000006
830,0.7461438205382872,0.3566623815341868,0.006309172690470955,0.022004929310233547,1800000,9000000,8974800000,498.6000000000001
831,0.7446568470960591,0.35204698183593747,0.003452700946567289,0.0219317016597536,1800000,9000000,8985600000,499.20000000000005
832,0.7462005750035802,0.3555256048487709,0.0029625973708605918,0.021858717695073287,1800000,9000000,8996400000,499.80000000000007
833,0.7474321822724722,0.3533615525396509,0.003977735695503842,0.021785976605258914,1800000,9000000,9007200000,500.4000000000001
834,0.7454962820261952,0.3574409299628468,0.003492828055068798,0.02171347758207541,1800000,9000000,9018000000,501.00000000000006
835,0.7481930440407456,0.3509013526607294,0.0035172204084376974,0.02164121981997731,1800000,9000000,9028800000,501.6000000000001
836,0.7456551554843089,0.34755546982499913,0.006564011084505375,0.021569202516099856,1800000,9000000,9039600000,502.2000000000001
837,0.7440774475510198,0.3542424952956417,0.0037696118778072357,0.021497424870250043,1800000,9000000,9050400000,502.80000000000007
838,0.7444302459086152,0.3580145732362414,0.0039293266485229544,0.021425886084897733,1800000,9000000,9061200000,503.4000000000001
839,0.7458573675202852,0.352381326593409,0.003529240064324992,0.021354585365166795,1800000,9000000,9072000000,504.00000000000006
840,0.7449637730061719,0.3466988356900342,0.0035194370237441952,0.02128352191882629,1800000,9000000,9082800000,504.6000000000001
841,0.7471543082738594,0.3535516015675938,0.0065051951430049465,0.021212694956281617,1800000,9000000,9093600000,505.2000000000001
842,0.7483174726034275,0.35363562416101774,0.0028108766580708325,0.02114210369056581,1800000,9000000,9104400000,505.80000000000007
843,0.7453286368724847,0.35466355411092276,0.003613499226008002,0.021071747337330738,1800000,9000000,9115200000,506.4000000000001
844,0.7442451882287894,0.35501622864811466,0.0047482318203580865,0.021001625114838426,1800000,9000000,9126000000,507.00000000000006
845,0.7434993347285893,0.3569507334326889,0.0032467051203374374,0.020931736243952347,1800000,9000000,9136800000,507.6000000000001
846,0.746148972622348,0.34867667463633667,0.0023974142270736694,0.02086207994812878,1800000,9000000,9147600000,508.2000000000001
847,0.7459701881377225,0.3530977722424843,0.003550053923941728,0.02079265545340814,1800000,9000000,9158400000,508.80000000000007
848,0.7478266043460159,0.3522504721628715,0.004885218798281915,0.02072346198840646,1800000,9000000,9169200000,509.4000000000001
849,0.7484222890784498,0.35348342855293136,0.0030535669896319573,0.020654498784306745,1800000,9000000,9180000000,510.00000000000006
850,0.7474920748031543,0.3484524614983796,0.0034346735467308286,0.020585765074850458,1800000,9000000,9190800000,510.6000000000001
851,0.7463668511040281,0.35917793027365036,0.0054954244794825,0.020517260096329024,1800000,9000000,9201600000,511.2000000000001
852,0.7497712031503372,0.3512115674185424,0.004301150123966999,0.020448983087575288,1800000,9000000,9212400000,511.80000000000007
853,0.7477535663407687,0.3420288026473191,0.00449033651563649,0.02038093328995513,1800000,9000000,9223200000,512.4000000000001
854,0.7469866896958901,0.3512415740270476,0.003177563234974704,0.020313109947358986,1800000,9000000,9234000000,513.0000000000001
855,0.7468941161363678,0.35174249219983394,0.003419522105463613,0.02024551230619346,1800000,9000000,9244800000,513.6
856,0.7467197547191851,0.3577523150877299,0.00432236639926428,0.020178139615372955,1800000,9000000,9255600000,514.2
857,0.7498059990560135,0.3500634521201121,0.00459189009774095,0.020110991126311338,1800000,9000000,9266400000,514.8000000000001
858,0.7488020726098721,0.35274339976265245,0.004368431117476616,0.020044066092913575,1800000,9000000,9277200000,515.4000000000001
859,0.7480392609341422,0.34957051227569347,0.004678283744565072,0.019977363771567502,1800000,9000000,9288000000,516.0000000000001
860,0.7467053298088641,0.3534702965116704,0.004310667545517172,0.01991088342113553,1800000,9000000,9298800000,516.6
861,0.7497423583434945,0.35074633074025985,0.004042032129334775,0.019844624302946416,1800000,9000000,9309600000,517.2
862,0.7475557089895285,0.35752998076516707,0.0038084801036142647,0.019778585680787053,1800000,9000000,9320400000,517.8000000000001
863,0.7480863990051366,0.35415130170003634,0.002761583225477836,0.019712766820894304,1800000,9000000,9331200000,518.4000000000001
864,0.748468555534889,0.3538298411634931,0.003619842905066357,0.019647166991946803,1800000,9000000,9342000000,519.0000000000001
865,0.748367828084599,0.3534209147223363,0.0031424340971705146,0.019581785465056904,1800000,9000000,9352800000,519.6
866,0.7512375690385551,0.35071924628943735,0.0024414950823763424,0.019516621513762517,1800000,9000000,9363600000,520.2
867,0.7500836345368677,0.3475976834589587,0.004685874293689262,0.019451674414019068,1800000,9000000,9374400000,520.8000000000001
868,0.7486902024398177,0.3526452460648231,0.0030104176467786836,0.019386943444191458,1800000,9000000,9385200000,521.4000000000001
869,0.7477299309172831,0.3538265673287555,0.0038181835517342617,0.01932242788504602,1800000,9000000,9396000000,522.0000000000001
870,0.7477835047507689,0.3492381141433387,0.003015935170992409,0.01925812701974253,1800000,9000000,9406800000,522.6
871,0.748076440981894,0.349505941010465,0.00345804075875525,0.01919404013382628,1800000,9000000,9417600000,523.2
872,0.7494285828047661,0.3484160361817725,0.00406553540645463,0.019130166515220096,1800000,9000000,9428400000,523.8000000000001
873,0.747657934261223,0.35118721553631904,0.004879690409100862,0.01906650545421645,1800000,9000000,9439200000,524.4000000000001
874,0.7509787277105874,0.3488555868921297,0.003173344873126721,0.01900305624346956,1800000,9000000,9450000000,525.0000000000001
875,0.7476903995845634,0.35333611650155944,0.0036287749568442254,0.018939818177987563,1800000,9000000,9460800000,525.6
876,0.7503734999366994,0.34795820542602285,0.002931963463219877,0.018876790555124607,1800000,9000000,9471600000,526.2
877,0.7494594281820135,0.3491126669181,0.003716805640424591,0.018813972674573135,1800000,9000000,9482400000,526.8000000000001
878,0.7481731470991309,0.35214027025471767,0.0043094610019491,0.01875136383835605,1800000,9000000,9493200000,527.4000000000001
879,0.7497754088618096,0.35357862218374875,0.003954000519847331,0.018688963350818977,1800000,9000000,9504000000,528.0000000000001
880,0.748147728205485,0.3521416965224612,0.006026430003924415,0.018626770518622528,1800000,9000000,9514800000,528.6
881,0.7486451528708461,0.35472470693541236,0.002575301425423218,0.018564784650734575,1800000,9000000,9525600000,529.2
882,0.7504074075221479,0.35225978553236637,0.004327508290798701,0.018503005058422627,1800000,9000000,9536400000,529.8000000000001
883,0.7488053344695238,0.3532138066356022,0.003376197100555453,0.018441431055246132,1800000,9000000,9547200000,530.4000000000001
884,0.7484757187599002,0.3515515495718109,0.0030067336126888187,0.01838006195704887,1800000,9000000,9558000000,531.0000000000001
885,0.7465613203023159,0.35147720981918784,0.0018477515065995988,0.018318897081951332,1800000,9000000,9568800000,531.6
886,0.7478347175517345,0.3558666592597148,0.004347304927718227,0.018257935750343183,1800000,9000000,9579600000,532.2
887,0.747762864469968,0.3537941472924456,0.0028339854817846823,0.018197177284875646,1800000,9000000,9590400000,532.8000000000001
888,0.7487886843592096,0.3462008344170599,0.0031566276055354247,0.01813662101045404,1800000,9000000,9601200000,533.4000000000001
889,0.7508644046591642,0.3474000095862258,0.002555308957297564,0.018076266254230255,1800000,9000000,9612000000,534.0000000000001
890,0.7515867218418905,0.3510675403661467,0.003925116268479312,0.018016112345595265,1800000,9000000,9622800000,534.6
891,0.7527614863179951,0.34261019597711456,0.0026582519119800726,0.017956158616171686,1800000,9000000,9633600000,535.2
892,0.7523464948019795,0.34777820678849286,0.003226233773079298,0.017896404399806366,1800000,9000000,9644400000,535.8000000000001
893,0.7511598569324147,0.347304546798367,0.0050186983307155255,0.01783684903256293,1800000,9000000,9655200000,536.4000000000001
894,0.7503740288671179,0.3526523285377256,0.0018693296036184702,0.017777491852714475,1800000,9000000,9666000000,537.0000000000001
895,0.7516820848959033,0.3502241797063048,0.003524910953832852,0.017718332200736167,1800000,9000000,9676800000,537.6000000000001
896,0.7486909055903136,0.3510402538654546,0.0034466371135364487,0.017659369419297934,1800000,9000000,9687600000,538.2
897,0.7480558481275417,0.34878900207809505,0.004753543234378239,0.017600602853257152,1800000,9000000,9698400000,538.8000000000001
898,0.7477479349870679,0.3525875508457205,0.003367182064855727,0.017542031849651377,1800000,9000000,9709200000,539.4000000000001
899,0.7503399192208686,0.345357134671474,0.004977105956914358,0.017483655757691067,1800000,9000000,9720000000,540.0000000000001
900,0.7511208261149018,0.3506497943039704,0.004462071541994895,0.01742547392875238,1800000,9000000,9730800000,540.6000000000001
901,0.7513212336579234,0.3497882250875495,0.00450792277909587,0.01736748571636995,1800000,9000000,9741600000,541.2
902,0.750890342006704,0.3456539026262644,0.0024350039420387337,0.01730969047622972,1800000,9000000,9752400000,541.8000000000001
903,0.751330873496787,0.3522344291479556,0.002493605817041691,0.01725208756616176,1800000,9000000,9763200000,542.4000000000001
904,0.75070858670172,0.35230371046741454,0.004479179955221191,0.017194676346133125,1800000,9000000,9774000000,543.0000000000001
905,0.7518142132375859,0.35121856672169666,0.005072812700473455,0.017137456178240796,1800000,9000000,9784800000,543.6000000000001
906,0.7533960235710648,0.3466279971480503,0.004412415358785086,0.017080426426704536,1800000,9000000,9795600000,544.2
907,0.7507386485341345,0.34791617995667307,0.002201917877152366,0.01702358645785985,1800000,9000000,9806400000,544.8000000000001
908,0.7486453428276667,0.3453360501161545,0.004287786574654883,0.01696693564015095,1800000,9000000,9817200000,545.4000000000001
909,0.7497202295868096,0.3464660946832772,0.003282731652491362,0.016910473344123725,1800000,9000000,9828000000,546.0000000000001
910,0.7484842953129426,0.3501388389226694,0.0029394041364198525,0.016854198942418738,1800000,9000000,9838800000,546.6000000000001
911,0.751366529061361,0.351471394208113,0.0022425321425109308,0.016798111809764284,1800000,9000000,9849600000,547.2
912,0.7516964688471571,0.3542282784125512,0.004408586566480221,0.01674221132296943,1800000,9000000,9860400000,547.8000000000001
913,0.7503021581095777,0.35170555681373544,0.0038017872481477667,0.01668649686091707,1800000,9000000,9871200000,548.4000000000001
914,0.7517581406343958,0.34823799373736025,0.0016664129095099746,0.016630967804557063,1800000,9000000,9882000000,549.0000000000001
915,0.7519590466727413,0.3475916010982804,0.0004920297409173476,0.016575623536899325,1800000,9000000,9892800000,549.6000000000001
916,0.7530454373556917,0.3447448760462072,0.002680214704962857,0.016520463443006964,1800000,9000000,9903600000,550.2
917,0.7483993054732028,0.3508906196365352,0.0018263984958746952,0.016465486909989488,1800000,9000000,9914400000,550.8000000000001
918,0.7503111482395474,0.35020630672650654,0.002455900072966304,0.01641069332699597,1800000,9000000,9925200000,551.4000000000001
919,0.7504820164570224,0.3510501432965086,0.002607446417869096,0.01635608208520825,1800000,9000000,9936000000,552.0000000000001
920,0.7524635689833504,0.3480021511065619,0.0023173725729170405,0.016301652577834193,1800000,9000000,9946800000,552.6000000000001
921,0.7512103328094304,0.35135286881685096,0.005212136548114008,0.016247404200100943,1800000,9000000,9957600000,553.2
922,0.753408559771301,0.3451949167376707,0.0026305251501461146,0.016193336349248175,1800000,9000000,9968400000,553.8000000000001
923,0.7539216935855476,0.34555883516894575,0.0030102150250702164,0.016139448424521443,1800000,9000000,9979200000,554.4000000000001
924,0.7518346779061442,0.3455075930081621,0.0018229949904858655,0.01608573982716547,1800000,9000000,9990000000,555.0000000000001
925,0.7504391687013166,0.3526318491111893,0.002994861941583901,0.016032209960417515,1800000,9000000,10000800000,555.6000000000001
926,0.7523079319155608,0.35014171728615157,0.002887115303877977,0.015978858229500733,1800000,9000000,10011600000,556.2
927,0.7487098363367847,0.35243934141478844,0.0033771854567382882,0.01592568404161755,1800000,9000000,10022400000,556.8000000000001
928,0.7534933532297803,0.34826544863997955,0.0034961982479168215,0.01587268680594312,1800000,9000000,10033200000,557.4000000000001
929,0.7504866763508149,0.3470855287154306,0.004071656363978134,0.01581986593361872,1800000,9000000,10044000000,558.0000000000001
930,0.7514961258615365,0.34577404436540604,0.0033006366293959473,0.01576722083774523,1800000,9000000,10054800000,558.6000000000001
931,0.7533073042957499,0.348039793170484,0.003819994835226718,0.015714750933376594,1800000,9000000,10065600000,559.2
932,0.7498473269646267,0.3522353701574461,0.0022922955555351116,0.015662455637513346,1800000,9000000,10076400000,559.8000000000001
933,0.7511534212819553,0.3495787964222245,0.0038980790036265587,0.015610334369096087,1800000,9000000,10087200000,560.4000000000001
934,0.7509295725159801,0.3459704865773295,0.0058751060526395955,0.015558386548999083,1800000,9000000,10098000000,561.0000000000001
935,0.7524816529708704,0.3427062170446392,0.0015767850704305158,0.015506611600023803,1800000,9000000,10108800000,561.6000000000001
936,0.7470214652515864,0.35527445386185624,0.0026968763987079165,0.0154550089468925,1800000,9000000,10119600000,562.2
937,0.7530969454871645,0.34900661289092944,0.0018898528365817921,0.015403578016241832,1800000,9000000,10130400000,562.8000000000001
938,0.7544153016403621,0.3441283774104459,0.0017106341976056041,0.01535231823661649,1800000,9000000,10141200000,563.4000000000001
939,0.7512776686758121,0.3519164185991821,0.0036362204404700874,0.015301229038462828,1800000,9000000,10152000000,564.0000000000001
940,0.7520149186399117,0.3491565238620725,0.0030356884941655604,0.01525030985412257,1800000,9000000,10162800000,564.6000000000001
941,0.7531333170995391,0.34480223415568834,0.0037704954726811646,0.015199560117826475,1800000,9000000,10173600000,565.2
942,0.7528909072126607,0.34832705743762077,0.0024533960405654976,0.015148979265688062,1800000,9000000,10184400000,565.8000000000001
943,0.7542445653759527,0.3477351844365512,0.004062316192896263,0.015098566735697346,1800000,9000000,10195200000,566.4000000000001
944,0.7529873119131625,0.3472958933254509,0.003276328166738956,0.015048321967714589,1800000,9000000,10206000000,567.0000000000001
945,0.7547440609719696,0.3460283666566403,0.0027681641483891994,0.014998244403464065,1800000,9000000,10216800000,567.6000000000001
946,0.7541526358341026,0.3453604615854989,0.0031793676825425375,0.014948333486527878,1800000,9000000,10227600000,568.2
947,0.7534486149569989,0.34382577426146355,0.004304735933242594,0.01489858866233978,1800000,9000000,10238400000,568.8000000000001
948,0.7536062349620413,0.34245113016359074,0.0023047454713489932,0.014849009378178984,1800000,9000000,10249200000,569.4000000000001
949,0.7523515127422403,0.34864961745662976,0.0015000133077843671,0.014799595083164046,1800000,9000000,10260000000,570.0000000000001
950,0.753255221167648,0.3445795967630046,0.003878584852873967,0.01475034522824674,1800000,9000000,10270800000,570.6000000000001
951,0.7518842933805241,0.35023429861461824,0.0038115238135808436,0.014701259266205942,1800000,9000000,10281600000,571.2
952,0.7565230945241048,0.3450756984123128,0.0025822020288371757,0.01465233665164157,1800000,9000000,10292400000,571.8000000000001
953,0.7525456752036068,0.3493233518055258,0.002115262918220006,0.014603576840968517,1800000,9000000,10303200000,572.4000000000001
954,0.7532288054452452,0.3440490486814538,0.0039507495170273965,0.014554979292410605,1800000,9000000,10314000000,573.0000000000001
955,0.7549689010352167,0.3465035077023115,0.003638730414352621,0.014506543465994582,1800000,9000000,10324800000,573.6000000000001
956,0.7519166345473036,0.35226545752446164,0.004684238672993063,0.014458268823544085,1800000,9000000,10335600000,574.2
957,0.7534349817195345,0.3437971713420663,0.0016525534097207913,0.014410154828673707,1800000,9000000,10346400000,574.8000000000001
958,0.7520377939939995,0.34034190622303706,0.0018550448480199881,0.014362200946783012,1800000,9000000,10357200000,575.4000000000001
959,0.7511222989831439,0.34857386316159955,0.003029746317724143,0.014314406645050596,1800000,9000000,10368000000,576.0000000000001
960,0.7527845479945002,0.35163017390795814,0.0026940715930577363,0.014266771392428173,1800000,9000000,10378800000,576.6000000000001
961,0.751879793085449,0.3524476394594147,0.002460594867048499,0.014219294659634668,1800000,9000000,10389600000,577.2
962,0.7553146604586236,0.34792080224197774,0.0028494885205330475,0.014171975919150332,1800000,9000000,10400400000,577.8000000000001
963,0.7544177615524686,0.3459383221674624,0.0017573613780742083,0.0141248146452109,1800000,9000000,10411200000,578.4000000000001
964,0.7525156623764145,0.3472260481140942,0.0025775884002744256,0.014077810313801734,1800000,9000000,10422000000,579.0000000000001
965,0.7531427563748412,0.3432970289047547,0.0005946649049927645,0.014030962402651998,1800000,9000000,10432800000,579.6000000000001
966,0.7521097926084856,0.3517286436039832,0.002921155009590831,0.013984270391228862,1800000,9000000,10443600000,580.2
967,0.753092448384048,0.3482148869961078,0.0022982273602601792,0.013937733760731734,1800000,9000000,10454400000,580.8000000000001
968,0.7533937378731134,0.34121943412612643,0.0023464512994147806,0.01389135199408644,1800000,9000000,10465200000,581.4000000000001
969,0.7524971419712023,0.3478855922195538,0.0004582524650382832,0.013845124575939553,1800000,9000000,10476000000,582.0000000000001
970,0.7537541300809876,0.34969220549683094,0.0035489665071589925,0.013799050992652615,1800000,9000000,10486800000,582.6000000000001
971,0.752623549439281,0.35075565914553425,0.0005240641100981891,0.013753130732296451,1800000,9000000,10497600000,583.2
972,0.7528270734924924,0.35148465211774355,0.0008846236699980939,0.013707363284645472,1800000,9000000,10508400000,583.8000000000001
973,0.7556459012589525,0.3445527494513732,0.0024681883437532963,0.013661748141172018,1800000,9000000,10519200000,584.4000000000001
974,0.7543751710053348,0.34627676885266534,0.0016969303309690253,0.013616284795040677,1800000,9000000,10530000000,585.0000000000001
975,0.7515060355518738,0.3429794065172902,0.0023406454157218165,0.013570972741102702,1800000,9000000,10540800000,585.6000000000001
976,0.7527121644093017,0.3460801265466333,0.0024956021134751897,0.013525811475890359,1800000,9000000,10551600000,586.2
977,0.7544861203266818,0.34626538898006076,0.0029883378145207622,0.013480800497611346,1800000,9000000,10562400000,586.8000000000001
978,0.7562998184610529,0.3458543262088172,0.0041149180243698225,0.013435939306143226,1800000,9000000,10573200000,587.4000000000001
979,0.7542634205644804,0.34584139371695377,0.002678757461408602,0.01339122740302784,1800000,9000000,10584000000,588.0000000000001
980,0.7554996355320217,0.34343560280546886,0.0019184180316883467,0.013346664291465818,1800000,9000000,10594800000,588.6000000000001
981,0.7553939965670683,0.3382258036369059,0.0020896012210519076,0.013302249476311008,1800000,9000000,10605600000,589.2
982,0.7575709137294949,0.3405643269887059,0.0030453258319440187,0.013257982464065015,1800000,9000000,10616400000,589.8000000000001
983,0.7519491756409304,0.34771008516024693,0.0007868649697667903,0.013213862762871688,1800000,9000000,10627200000,590.4000000000001
984,0.7549010741401422,0.3415565064936086,0.0003111466444006782,0.013169889882511677,1800000,9000000,10638000000,591.0000000000001
985,0.7551496574491656,0.3438987231346723,0.0014816170337381578,0.013126063334396957,1800000,9000000,10648800000,591.6000000000001
986,0.7572375022070963,0.3401955479834121,0.0016402668830161062,0.013082382631565439,1800000,9000000,10659600000,592.2
987,0.7538779364045202,0.3490565025593465,0.0035531153906544046,0.013038847288675532,1800000,9000000,10670400000,592.8000000000001
988,0.7568559862104209,0.3457918850136279,0.0010925943993541558,0.012995456822000755,1800000,9000000,10681200000,593.4000000000001
989,0.7570852668469704,0.34946216713476635,0.0023752985477014242,0.012952210749424363,1800000,9000000,10692000000,594.0000000000001
990,0.7534121135222561,0.34252593042553264,0.003785187103240524,0.012909108590434005,1800000,9000000,10702800000,594.6000000000001
991,0.7560476532024784,0.34656244196822955,0.0024187263509143605,0.012866149866116342,1800000,9000000,10713600000,595.2
992,0.7580327548699153,0.3430362056314919,0.00044473785919409213,0.012823334099151783,1800000,9000000,10724400000,595.8000000000001
993,0.7543146982519385,0.3441906062156168,0.003998929236742748,0.01278066081380914,1800000,9000000,10735200000,596.4000000000001
994,0.7574631923387679,0.3379374478559853,0.0006632854831000491,0.01273812953594036,1800000,9000000,10746000000,597.0000000000001
995,0.7562045877967861,0.3439326497577392,0.0005235743533336854,0.012695739792975256,1800000,9000000,10756800000,597.6000000000001
996,0.7548968471794582,0.3450320760614813,0.0031645850774367533,0.012653491113916249,1800000,9000000,10767600000,598.2
997,0.7541573122771253,0.3505825707806359,0.0010400791431803196,0.012611383029333125,1800000,9000000,10778400000,598.8000000000001
998,0.7550177684830345,0.34794080793343307,0.003616632685916019,0.012569415071357852,1800000,9000000,10789200000,599.4000000000001
999,0.7567214361188347,0.3459575261883967,0.0018349427594230353,0.012527586773679353,1800000,9000000,10800000000,600.0000000000001
