round,test_accuracy,train_objective,mfg,hfr_tau,downlink_bytes,uplink_bytes,cumulative_serialized_bytes,single_device_elapsed_seconds
0,0.5049716057114096,0.5977214207897745,0.07002219774077822,0.22,1800000,18000000,19800000,0.65
1,0.5096809866709182,0.5922964409600717,0.06910386471148008,0.2192678875319951,1800000,18000000,39600000,1.3
2,0.5149565021584709,0.5916432429823828,0.07076472212862853,0.21853821137610757,1800000,18000000,59400000,1.9500000000000002
3,0.5169812675307235,0.5791594247185181,0.06976959958408956,0.21781096342481698,1800000,18000000,79200000,2.6
4,0.523355856005485,0.5799515723200732,0.06789861867723057,0.21708613559758305,1800000,18000000,99000000,3.25
5,0.5274459044146201,0.5713114892668673,0.06950747671990444,0.21636371984075584,1800000,18000000,118800000,3.9000000000000004
6,0.5314240938157391,0.5680446085479152,0.06791107141586532,0.21564370812748615,1800000,18000000,138600000,4.55
7,0.5378080083719828,0.5615258956622737,0.06928457481863624,0.21492609245763647,1800000,18000000,158400000,5.2
8,0.5395236360986672,0.5602755316569243,0.06864882014479079,0.2142108648576919,1800000,18000000,178200000,5.8500000000000005
9,0.5431097041190039,0.5551423532294009,0.0680183597523322,0.21349801738067178,1800000,18000000,198000000,6.5
10,0.5488421556064338,0.5514591075918611,0.06794256504731047,0.2127875421060413,1800000,18000000,217800000,7.15
11,0.5509274166273431,0.5484265914495335,0.06556414017136317,0.21207943113962338,1800000,18000000,237600000,7.800000000000001
12,0.5587448339585498,0.5428757138618205,0.06731898159483736,0.2113736766135111,1800000,18000000,257400000,8.450000000000001
13,0.5604968096476883,0.5366981797858,0.0657286074197344,0.2106702706859803,1800000,18000000,277200000,9.1
14,0.5644137664670151,0.5359844485923685,0.06630758543750785,0.20996920554140228,1800000,18000000,297000000,9.75
15,0.5666228256436332,0.5304954562104084,0.06665996379219394,0.20927047339015709,1800000,18000000,316800000,10.4
16,0.5759024594755993,0.5220293019001068,0.06510372830063432,0.208574066468547,1800000,18000000,336600000,11.05
17,0.5761303575785413,0.5230477448999656,0.06521828332465389,0.2078799770387102,1800000,18000000,356400000,11.700000000000001
18,0.5802266411172685,0.5206486144539444,0.06626017146630639,0.20718819738853472,1800000,18000000,376200000,12.35
19,0.5839422667996825,0.5101163230685752,0.0651379592789044,0.2064987198315729,1800000,18000000,396000000,13.0
20,0.5867444205799479,0.5152686730741389,0.06417925595916965,0.2058115367069559,1800000,18000000,415800000,13.65
21,0.5905647410080411,0.5059810641495834,0.0634257335549586,0.2051266403793086,1800000,18000000,435600000,14.3
22,0.5938136115168583,0.50338519112668,0.06359459410686702,0.20444402323866478,1800000,18000000,455400000,14.950000000000001
23,0.5974457303503035,0.5040396983629377,0.06502983002518746,0.20376367770038248,1800000,18000000,475200000,15.600000000000001
24,0.5999337137036621,0.49767510473125165,0.06343587983524625,0.20308559620505987,1800000,18000000,495000000,16.25
25,0.6034204061279194,0.4939668420169806,0.06405044035631528,0.20240977121845113,1800000,18000000,514800000,16.900000000000002
26,0.6066743211484207,0.4975865977185538,0.06335135310299879,0.20173619523138275,1800000,18000000,534600000,17.55
27,0.610728931074639,0.481026137389434,0.06229965953923847,0.2010648607596702,1800000,18000000,554400000,18.2
28,0.6110786982974643,0.4851404817614894,0.061088116149190026,0.20039576034403467,1800000,18000000,574200000,18.85
29,0.6167749778843221,0.48365471536109816,0.0647688034555526,0.19972888655002022,1800000,18000000,594000000,19.5
30,0.619240249582401,0.48314286697927655,0.062456421589734294,0.1990642319679111,1800000,18000000,613800000,20.150000000000002
31,0.6208691125962132,0.4744363229515786,0.06271987338934089,0.19840178921264964,1800000,18000000,633600000,20.8
32,0.6243691668544699,0.4787840239346062,0.061606431075980544,0.19774155092375395,1800000,18000000,653400000,21.45
33,0.6270034141498152,0.4702897359547903,0.060125794640710536,0.1970835097652362,1800000,18000000,673200000,22.1
34,0.6308985370743146,0.4673849199103855,0.06072935619349957,0.19642765842552126,1800000,18000000,693000000,22.75
35,0.6336667816242789,0.46484770514131923,0.06014719504553147,0.19577398961736522,1800000,18000000,712800000,23.400000000000002
36,0.6367048003422004,0.46385892598762224,0.06084914672489939,0.19512249607777465,1800000,18000000,732600000,24.05
37,0.6391638895250055,0.46351809287084134,0.06087500781705674,0.1944731705679257,1800000,18000000,752400000,24.7
38,0.640203869479527,0.4644606666677333,0.06135830322246311,0.1938260058730838,1800000,18000000,772200000,25.35
39,0.6469203029735039,0.4521580710671797,0.05904099145496532,0.1931809948025235,1800000,18000000,792000000,26.0
40,0.6444217512550735,0.4517942466112245,0.05985266585069621,0.19253813018944846,1800000,18000000,811800000,26.650000000000002
41,0.6511977567201991,0.44328867802960803,0.05908699319153737,0.19189740489091192,1800000,18000000,831600000,27.3
42,0.6533985612231883,0.44840093468677,0.05944084602062047,0.1912588117877373,1800000,18000000,851400000,27.95
43,0.6558644882991164,0.4421837633840466,0.05737320127786894,0.1906223437844391,1800000,18000000,871200000,28.6
44,0.6594191123920927,0.43494041848670134,0.05875519580699165,0.1899879938091441,1800000,18000000,891000000,29.25
45,0.6602244213287204,0.44191615232054204,0.0575738577440017,0.18935575481351272,1800000,18000000,910800000,29.900000000000002
46,0.6611443299284314,0.436805691183209,0.057000598943252885,0.1887256197726607,1800000,18000000,930600000,30.55
47,0.6647428527057779,0.4292725426701644,0.05774868479951764,0.1880975816850811,1800000,18000000,950400000,31.200000000000003
48,0.6638619715383677,0.4323525900425727,0.05670947027484318,0.1874716335725665,1800000,18000000,970200000,31.85
49,0.6695584008423558,0.43087436955718883,0.05860892358372209,0.18684776848013143,1800000,18000000,990000000,32.5
50,0.6725103581976746,0.4238982741779702,0.05612993687952228,0.1862259794759351,1800000,18000000,1009800000,33.15
51,0.6738388399334158,0.42787403024223486,0.05690077231796276,0.18560625965120442,1800000,18000000,1029600000,33.800000000000004
52,0.675936723990488,0.42432829584732895,0.0575274117661855,0.18498860212015716,1800000,18000000,1049400000,34.45
53,0.6775358966687998,0.424606193577697,0.05648015632204517,0.18437300001992551,1800000,18000000,1069200000,35.1
54,0.6793907683239726,0.41969100490866434,0.05770407457626457,0.18375944651047985,1800000,18000000,1089000000,35.75
55,0.6861991609924206,0.41183891081490853,0.056374438132606446,0.1831479347745526,1800000,18000000,1108800000,36.4
56,0.685028920130376,0.4208600009217712,0.05687104150828318,0.18253845801756263,1800000,18000000,1128600000,37.050000000000004
57,0.6868045631500337,0.411666095039537,0.0562643268278368,0.1819310094675397,1800000,18000000,1148400000,37.7
58,0.6896580450297124,0.41544668382686567,0.05427168933362581,0.18132558237504928,1800000,18000000,1168200000,38.35
59,0.688895219102307,0.4138323941489351,0.056776795013083955,0.18072217001311738,1800000,18000000,1188000000,39.0
60,0.6914445722745926,0.40678596756469304,0.054641984373491166,0.18012076567715601,1800000,18000000,1207800000,39.65
61,0.6907045324776735,0.41073015263777424,0.05563943369167429,0.1795213626848886,1800000,18000000,1227600000,40.300000000000004
62,0.6954318415669918,0.40621998525493735,0.05459491888393895,0.17892395437627573,1800000,18000000,1247400000,40.95
63,0.7005249278173139,0.399065054684087,0.05441448508075933,0.17832853411344116,1800000,18000000,1267200000,41.6
64,0.7004784531332094,0.3989175378182352,0.05575506391534405,0.17773509528059805,1800000,18000000,1287000000,42.25
65,0.7001319171739367,0.4022397782128551,0.053026240591194165,0.17714363128397553,1800000,18000000,1306800000,42.9
66,0.7031623414552828,0.398369512260393,0.05404777230192423,0.17655413555174526,1800000,18000000,1326600000,43.550000000000004
67,0.7048058173411085,0.391086852285774,0.05327770503442299,0.17596660153394866,1800000,18000000,1346400000,44.2
68,0.7051321954472651,0.3919801005474755,0.052469990981266,0.1753810227024239,1800000,18000000,1366200000,44.85
69,0.7086301022374552,0.39138182943811745,0.052512094443890184,0.17479739255073348,1800000,18000000,1386000000,45.5
70,0.7078456017197368,0.39331501488679893,0.05269653943077388,0.17421570459409197,1800000,18000000,1405800000,46.15
71,0.7133260339075336,0.3886846442706446,0.05238100915463899,0.17363595236929383,1800000,18000000,1425600000,46.800000000000004
72,0.7164513391066288,0.3886735270884017,0.051787927095629654,0.17305812943464177,1800000,18000000,1445400000,47.45
73,0.7169417947564036,0.3846233824702702,0.05268315673157667,0.17248222936987492,1800000,18000000,1465200000,48.1
74,0.717906572765716,0.38591388412259897,0.05141949086627931,0.1719082457760978,1800000,18000000,1485000000,48.75
75,0.718660602791801,0.3843617970555854,0.0537960367434254,0.17133617227570908,1800000,18000000,1504800000,49.4
76,0.7218989921608157,0.3783296133420397,0.050930014315298804,0.17076600251233054,1800000,18000000,1524600000,50.050000000000004
77,0.7233158842552803,0.3690838688141357,0.05206829250062791,0.17019773015073678,1800000,18000000,1544400000,50.7
78,0.7220582994829837,0.37482442055188375,0.05203205278054663,0.16963134887678458,1800000,18000000,1564200000,51.35
79,0.7256805884257003,0.371148422241782,0.05322115509285524,0.16906685239734287,1800000,18000000,1584000000,52.0
80,0.7256792848750299,0.37635536463549946,0.05193955426062496,0.16850423444022272,1800000,18000000,1603800000,52.65
81,0.7258363396710564,0.3724118267838519,0.04904980634778384,0.1679434887541077,1800000,18000000,1623600000,53.300000000000004
82,0.729274566161637,0.37159570569721706,0.05039964509527949,0.16738460910848446,1800000,18000000,1643400000,53.95
83,0.7329839750068647,0.36386880966685037,0.051677948485371605,0.16682758929357333,1800000,18000000,1663200000,54.6
84,0.7321124051844226,0.36625991097300226,0.05028348445485875,0.1662724231202596,1800000,18000000,1683000000,55.25
85,0.7342488828463586,0.37235231080215275,0.05091595572192905,0.1657191044200245,1800000,18000000,1702800000,55.9
86,0.7326670159696117,0.364124706134098,0.050804996637656946,0.16516762704487678,1800000,18000000,1722600000,56.550000000000004
87,0.7365804362079036,0.36155293977908537,0.049319304599814255,0.16461798486728435,1800000,18000000,1742400000,57.2
88,0.7370449532598594,0.3600493434592968,0.048764089980247734,0.16407017178010627,1800000,18000000,1762200000,57.85
89,0.7370654511549308,0.3614072861584637,0.04878113330247941,0.16352418169652483,1800000,18000000,1782000000,58.5
90,0.7392520769549953,0.3616498939814754,0.048146007809268594,0.16298000854997793,1800000,18000000,1801800000,59.15
91,0.7414003672002741,0.36168836178765035,0.05065506004757327,0.16243764629409166,1800000,18000000,1821600000,59.800000000000004
92,0.7409010223089698,0.3607161377183547,0.04838246253371348,0.16189708890261317,1800000,18000000,1841400000,60.45
93,0.7416270013702579,0.36148965279790823,0.04761413043970049,0.16135833036934363,1800000,18000000,1861200000,61.1
94,0.7451266448715242,0.3577842794001221,0.04858640137074741,0.1608213647080716,1800000,18000000,1881000000,61.75
95,0.745118013239498,0.3610647488065202,0.04855034442921637,0.16028618595250646,1800000,18000000,1900800000,62.400000000000006
96,0.7474163333907143,0.35129333042093946,0.04762346264311224,0.159752788156212,1800000,18000000,1920600000,63.050000000000004
97,0.7471517831426866,0.3517611221347049,0.04865709493977552,0.15922116539254064,1800000,18000000,1940400000,63.7
98,0.7485112922209467,0.34958930053355686,0.04589539707514995,0.15869131175456724,1800000,18000000,1960200000,64.35000000000001
99,0.7498486780915724,0.34432321045485204,0.046303502762123035,0.15816322135502375,1800000,18000000,1980000000,65.0
100,0.7517593811491526,0.3492959807679066,0.04662419216282995,0.15763688832623365,1800000,18000000,1999800000,65.65
101,0.7525127600140892,0.34711676088374377,0.0457170551481354,0.1571123068200467,1800000,18000000,2019600000,66.3
102,0.7557380992333953,0.3420594199002896,0.04755396151713982,0.15658947100777412,1800000,18000000,2039400000,66.95
103,0.7548133697914536,0.344888004490605,0.04491029973671037,0.1560683750801238,1800000,18000000,2059200000,67.60000000000001
104,0.7555861313334625,0.34032468242752295,0.046214176054916276,0.1555490132471355,1800000,18000000,2079000000,68.25
105,0.7576529619100847,0.3439859793675098,0.04542220607921702,0.15503137973811695,1800000,18000000,2098800000,68.9
106,0.7574978734810228,0.3479598306381195,0.0462141524079117,0.15451546880157935,1800000,18000000,2118600000,69.55
107,0.7600524799964564,0.3411242405842116,0.04638703062249021,0.15400127470517364,1800000,18000000,2138400000,70.2
108,0.7558917797907866,0.34603824136141004,0.04519905356792024,0.15348879173562682,1800000,18000000,2158200000,70.85000000000001
109,0.7613790855086955,0.3392356168805265,0.0451342172948277,0.1529780141986784,1800000,18000000,2178000000,71.5
110,0.7613109693345693,0.34135572260615954,0.04467007362800323,0.15246893641901713,1800000,18000000,2197800000,72.15
111,0.7635202582895997,0.3375122538970908,0.04496092703495409,0.15196155274021803,1800000,18000000,2217600000,72.8
112,0.7657525250834026,0.33725305322408794,0.04539978279447831,0.1514558575246794,1800000,18000000,2237400000,73.45
113,0.7625835222277845,0.3369641710692202,0.04285798433503554,0.1509518451535604,1800000,18000000,2257200000,74.10000000000001
114,0.7631807635957865,0.33771349341799506,0.04511652080226127,0.15044951002671828,1800000,18000000,2277000000,74.75
115,0.7638833153127297,0.33584413886936393,0.04467772822209975,0.14994884656264654,1800000,18000000,2296800000,75.4
116,0.7648386054714528,0.3357080102120436,0.04556749781091855,0.14944984919841262,1800000,18000000,2316600000,76.05
117,0.7691137013201972,0.33257663563151896,0.044259427621313976,0.14895251238959623,1800000,18000000,2336400000,76.7
118,0.769516319520377,0.3321865953516358,0.04264913145913432,0.1484568306102277,1800000,18000000,2356200000,77.35000000000001
119,0.7683027435100829,0.3384707903003446,0.04242169943146143,0.14796279835272666,1800000,18000000,2376000000,78.0
120,0.7698483300882506,0.3263241655749982,0.043674132148684694,0.14747041012784065,1800000,18000000,2395800000,78.65
121,0.7736776937939549,0.3289283226265849,0.04145795299546563,0.14697966046458436,1800000,18000000,2415600000,79.3
122,0.7697985630690631,0.32928505140285297,0.04281497094422756,0.14649054391017868,1800000,18000000,2435400000,79.95
123,0.772756119747516,0.32933229485652327,0.042497362070789385,0.14600305502999028,1800000,18000000,2455200000,80.60000000000001
124,0.771730263838938,0.3244191934161501,0.042466351620617404,0.14551718840747094,1800000,18000000,2475000000,81.25
125,0.7708917003425512,0.3294521247905589,0.04262314086279679,0.14503293864409764,1800000,18000000,2494800000,81.9
126,0.7738820579141549,0.3303273046429344,0.0433512230096639,0.1445503003593125,1800000,18000000,2514600000,82.55
127,0.7740436341109594,0.3238792895832844,0.04128455466850723,0.14406926819046292,1800000,18000000,2534400000,83.2
128,0.7729858817246151,0.32665155317120503,0.04262190564647665,0.14358983679274215,1800000,18000000,2554200000,83.85000000000001
129,0.7741315809221953,0.3272844802138405,0.0431938160273921,0.14311200083912964,1800000,18000000,2574000000,84.5
130,0.7758386851816396,0.3271732043901752,0.042199121510350046,0.14263575502033213,1800000,18000000,2593800000,85.15
131,0.7781379355584855,0.3182052087239434,0.04066035208516074,0.14216109404472455,1800000,18000000,2613600000,85.8
132,0.7789900932587943,0.3200340089206008,0.04117837892714714,0.14168801263829112,1800000,18000000,2633400000,86.45
133,0.7768438466777328,0.32329699256631916,0.040170372192729384,0.14121650554456688,1800000,18000000,2653200000,87.10000000000001
134,0.7790842850780765,0.321182895456712,0.04216376291283578,0.14074656752457937,1800000,18000000,2673000000,87.75
135,0.7803258906295383,0.3235616197556991,0.04008878493354514,0.14027819335679012,1800000,18000000,2692800000,88.4
136,0.7820308014143958,0.31540064543131463,0.03891417519986185,0.13981137783703693,1800000,18000000,2712600000,89.05
137,0.7817564101630154,0.3233447489914064,0.041431209786748385,0.13934611577847586,1800000,18000000,2732400000,89.7
138,0.7820572960609631,0.32012537771114286,0.03966775063166539,0.13888240201152371,1800000,18000000,2752200000,90.35000000000001
139,0.7831822940690404,0.3101200162677231,0.038280820545874256,0.13842023138380052,1800000,18000000,2772000000,91.0
140,0.7837940313776747,0.3142524937208443,0.04080480882478273,0.13795959876007233,1800000,18000000,2791800000,91.65
141,0.7817386719367431,0.31752866372573063,0.03903256834092646,0.13750049902219416,1800000,18000000,2811600000,92.3
142,0.7820940624867028,0.3179681555989052,0.0390478914199163,0.13704292706905308,1800000,18000000,2831400000,92.95
143,0.7818197940477223,0.318012887021371,0.039667310419034804,0.13658687781651155,1800000,18000000,2851200000,93.60000000000001
144,0.7865740098057878,0.31077416314159284,0.037259583685574776,0.13613234619735098,1800000,18000000,2871000000,94.25
145,0.7873207788320687,0.3125509627137924,0.03907162490913059,0.1356793271612154,1800000,18000000,2890800000,94.9
146,0.7846423404910209,0.3111304280953301,0.03824733403482004,0.1352278156745552,1800000,18000000,2910600000,95.55
147,0.7909876449608528,0.3097376868877076,0.03883849893011132,0.13477780672057155,1800000,18000000,2930400000,96.2
148,0.7861186274833171,0.31383056188103314,0.03864566654101275,0.13432929529916027,1800000,18000000,2950200000,96.85000000000001
149,0.79037524591292,0.31161613074028294,0.0384066865703521,0.13388227642685652,1800000,18000000,2970000000,97.5
150,0.7894605579687981,0.3102289031112825,0.038549998495955924,0.13343674513677936,1800000,18000000,2989800000,98.15
151,0.7878453765911398,0.31204614455043606,0.040843592203339066,0.1329926964785765,1800000,18000000,3009600000,98.8
152,0.7886995560190366,0.31603137768159223,0.038056554642868536,0.13255012551836945,1800000,18000000,3029400000,99.45
153,0.7897672712871416,0.30778963503286744,0.03850466132263853,0.1321090273386985,1800000,18000000,3049200000,100.10000000000001
154,0.7914958580879782,0.3065137273720248,0.038205654139222375,0.13166939703846825,1800000,18000000,3069000000,100.75
155,0.7904506555958413,0.31093443619244243,0.03824640460214458,0.13123122973289303,1800000,18000000,3088800000,101.4
156,0.7910720513838265,0.30849137886434397,0.037153679633494224,0.13079452055344276,1800000,18000000,3108600000,102.05
157,0.7917595574437674,0.30663349060771455,0.037421655951950065,0.13035926464778871,1800000,18000000,3128400000,102.7
158,0.7939432217542423,0.30599656143088044,0.03573062839897822,0.12992545717974963,1800000,18000000,3148200000,103.35000000000001
159,0.7932001700208792,0.3052459293998138,0.03717381446800901,0.12949309332923814,1800000,18000000,3168000000,104.0
160,0.7916995336023569,0.30734946340682484,0.03954470557168622,0.129062168292207,1800000,18000000,3187800000,104.65
161,0.7919397129852684,0.305251157802546,0.038779108126471146,0.1286326772805958,1800000,18000000,3207600000,105.3
162,0.793268769350951,0.30622949195924903,0.034917250086679986,0.12820461552227772,1800000,18000000,3227400000,105.95
163,0.7959969927771698,0.3018487942113752,0.03751483565660445,0.12777797826100667,1800000,18000000,3247200000,106.60000000000001
164,0.7937190572199331,0.30596206074126603,0.036009798197499,0.12735276075636423,1800000,18000000,3267000000,107.25
165,0.7944510376813821,0.3086266483909137,0.03449305788224857,0.12692895828370707,1800000,18000000,3286800000,107.9
166,0.7938033505693697,0.3087797404109461,0.0356876995930227,0.12650656613411448,1800000,18000000,3306600000,108.55
167,0.795374374431802,0.2997360245494399,0.035255594507647356,0.12608557961433597,1800000,18000000,3326400000,109.2
168,0.7952797249607922,0.30207574635923573,0.03553507928780277,0.12566599404673928,1800000,18000000,3346200000,109.85000000000001
169,0.7960642990473746,0.3043140852301639,0.0349955072282254,0.12524780476925818,1800000,18000000,3366000000,110.5
170,0.7972740810130177,0.29984598595312806,0.03581622293011533,0.12483100713534084,1800000,18000000,3385800000,111.15
171,0.796130097896619,0.3050405797406287,0.03644697514305268,0.12441559651389816,1800000,18000000,3405600000,111.8
172,0.7947305154990636,0.3043406950131959,0.034582695020510146,0.12400156828925231,1800000,18000000,3425400000,112.45
173,0.7991941019364711,0.2978706207029661,0.035112522402355614,0.12358891786108542,1800000,18000000,3445200000,113.10000000000001
174,0.7976995718231066,0.30641401617282965,0.03424507870585253,0.12317764064438845,1800000,18000000,3465000000,113.75
175,0.7974570863075291,0.3022398658347979,0.03351977810547391,0.12276773206941036,1800000,18000000,3484800000,114.4
176,0.7998546963626088,0.29974455776459225,0.03311628487510283,0.1223591875816072,1800000,18000000,3504600000,115.05
177,0.803951380253891,0.2948696136940467,0.03337222373320398,0.12195200264159156,1800000,18000000,3524400000,115.7
178,0.8023247279629774,0.29694096196189573,0.034531770154067803,0.12154617272508213,1800000,18000000,3544200000,116.35000000000001
179,0.799582353493662,0.3004271590060722,0.034674517640920534,0.12114169332285347,1800000,18000000,3564000000,117.0
180,0.8012505843219564,0.2949894287355969,0.034202440336019914,0.12073855994068583,1800000,18000000,3583800000,117.65
181,0.798232606592173,0.3039443315857984,0.03403924993359195,0.12033676809931522,1800000,18000000,3603600000,118.3
182,0.8005382129607178,0.2970976731076188,0.03488327053687146,0.11993631333438377,1800000,18000000,3623400000,118.95
183,0.8027324051101827,0.2964302483218828,0.03377169116027673,0.11953719119638996,1800000,18000000,3643200000,119.60000000000001
184,0.8024973765677598,0.2966663166369945,0.03462923313020713,0.11913939725063923,1800000,18000000,3663000000,120.25
185,0.8035155333524152,0.29569617358616457,0.034267357032331594,0.11874292707719478,1800000,18000000,3682800000,120.9
186,0.8029635713344676,0.2931984216944061,0.035074077968384285,0.11834777627082839,1800000,18000000,3702600000,121.55
187,0.8016557750214226,0.30223666315571257,0.033820072946459286,0.11795394044097147,1800000,18000000,3722400000,122.2
188,0.8006397762570929,0.29839886996605713,0.03267887814026689,0.11756141521166627,1800000,18000000,3742200000,122.85000000000001
189,0.80185943343849,0.3018199721805738,0.032312491153169455,0.11717019622151738,1800000,18000000,3762000000,123.5
190,0.8027020290796103,0.2958752948606011,0.03313426070957444,0.11678027912364307,1800000,18000000,3781800000,124.15
191,0.8043545501927231,0.2949004433372317,0.032069746625736105,0.11639165958562711,1800000,18000000,3801600000,124.80000000000001
192,0.8024911523249075,0.2935559804904401,0.030446401476705704,0.11600433328947068,1800000,18000000,3821400000,125.45
193,0.8032679168335839,0.2967745274962969,0.034177982722565524,0.11561829593154425,1800000,18000000,3841200000,126.10000000000001
194,0.8076295093580088,0.2938235956550786,0.03201107494737785,0.11523354322253988,1800000,18000000,3861000000,126.75
195,0.8049538085773984,0.2965402852763222,0.030393708320533012,0.11485007088742354,1800000,18000000,3880800000,127.4
196,0.8048717635916346,0.2937021628578851,0.03122352986593644,0.11446787466538752,1800000,18000000,3900600000,128.05
197,0.8081446815426584,0.28587402404838697,0.03036327924435818,0.11408695030980319,1800000,18000000,3920400000,128.70000000000002
198,0.8069418051955788,0.29893452947719823,0.030688091443422272,0.11370729358817382,1800000,18000000,3940200000,129.35
199,0.8072173681125782,0.2953240482912758,0.03205028494559565,0.1133289002820875,1800000,18000000,3960000000,130.0
200,0.8077295075478996,0.29406542208869507,0.03016212324315854,0.11295176618717025,1800000,18000000,3979800000,130.65
201,0.8059933780289268,0.28826413527475386,0.03290252307536972,0.11257588711303934,1800000,18000000,3999600000,131.3
202,0.8091925721169988,0.28968682500210674,0.030188394186156237,0.11220125888325679,1800000,18000000,4019400000,131.95000000000002
203,0.8061440069879398,0.2937061292592679,0.0293259635442429,0.11182787733528282,1800000,18000000,4039200000,132.6
204,0.8053031163874431,0.29540596014867265,0.03046513204044731,0.1114557383204297,1800000,18000000,4059000000,133.25
205,0.8047424942505828,0.29737569979285733,0.03272651945272142,0.11108483770381573,1800000,18000000,4078800000,133.9
206,0.8092437801821774,0.2886032143869643,0.03086649539743063,0.11071517136431909,1800000,18000000,4098600000,134.55
207,0.8077296414718591,0.2933082043335286,0.030411466440244637,0.11034673519453223,1800000,18000000,4118400000,135.20000000000002
208,0.811765737279964,0.28952864060832273,0.030390759151954515,0.10997952510071608,1800000,18000000,4138200000,135.85
209,0.8089848552547141,0.29033757065854293,0.029525543130716453,0.10961353700275477,1800000,18000000,4158000000,136.5
210,0.8084244531131751,0.29131612728317113,0.0323372570044546,0.1092487668341101,1800000,18000000,4177800000,137.15
211,0.8085427166044145,0.2872646061333076,0.029899693511433203,0.10888521054177641,1800000,18000000,4197600000,137.8
212,0.8063133514222149,0.29651354558602044,0.027107289121274695,0.10852286408623565,1800000,18000000,4217400000,138.45000000000002
213,0.8091885924189637,0.28753356204416824,0.030211872281180094,0.10816172344141232,1800000,18000000,4237200000,139.1
214,0.8101842658674027,0.29063847071770366,0.029011956689765455,0.1078017845946289,1800000,18000000,4257000000,139.75
215,0.8094695999790938,0.29623997012117553,0.02844699479883274,0.10744304354656116,1800000,18000000,4276800000,140.4
216,0.8105119750794767,0.28794670785562815,0.029680770572101618,0.10708549631119377,1800000,18000000,4296600000,141.05
217,0.8065307575961663,0.29623506503840524,0.030086948756612244,0.10672913891577596,1800000,18000000,4316400000,141.70000000000002
218,0.8117717873874701,0.28909523291450934,0.02859301936753644,0.1063739674007775,1800000,18000000,4336200000,142.35
219,0.8113406042904184,0.2880803484649389,0.028785377830558772,0.10601997781984454,1800000,18000000,4356000000,143.0
220,0.8089333572731476,0.29208833744257306,0.028986600148649448,0.10566716623975587,1800000,18000000,4375800000,143.65
221,0.8088231459962113,0.2881042162656626,0.03006510126367132,0.10531552874037918,1800000,18000000,4395600000,144.3
222,0.8095784288931506,0.29455391130437897,0.02856200734531456,0.10496506141462757,1800000,18000000,4415400000,144.95000000000002
223,0.8079699360359819,0.29356670329040185,0.028075876010325712,0.10461576036841601,1800000,18000000,4435200000,145.6
224,0.8088216988633783,0.28887675303695987,0.027814790632785375,0.10426762172061814,1800000,18000000,4455000000,146.25
225,0.8119328921256082,0.29007002394583176,0.02818450016567849,0.10392064160302324,1800000,18000000,4474800000,146.9
226,0.8087079191404928,0.2929215406847802,0.02995347689358631,0.10357481616029306,1800000,18000000,4494600000,147.55
227,0.8101880950000725,0.2881766295314877,0.027141319243602493,0.10323014154991914,1800000,18000000,4514400000,148.20000000000002
228,0.8081911451051431,0.29063526915346527,0.027516561407770816,0.10288661394218003,1800000,18000000,4534200000,148.85
229,0.8081789707340865,0.2886368078535669,0.028424400196230888,0.10254422952009878,1800000,18000000,4554000000,149.5
230,0.8083110582758897,0.2974457116712243,0.028020558003758588,0.10220298447940052,1800000,18000000,4573800000,150.15
231,0.8101244224285337,0.28760693331848075,0.02821214445064339,0.10186287502847018,1800000,18000000,4593600000,150.8
232,0.8095680182007362,0.28999702147952733,0.02737932017158543,0.10152389738831034,1800000,18000000,4613400000,151.45000000000002
233,0.806167468614469,0.29328008831870156,0.025297144768583073,0.1011860477924993,1800000,18000000,4633200000,152.1
234,0.8089438063682716,0.2959075165258512,0.028217771028552618,0.10084932248714917,1800000,18000000,4653000000,152.75
235,0.8088985535061491,0.29373013477554016,0.027240149461617996,0.10051371773086425,1800000,18000000,4672800000,153.4
236,0.8104715443869982,0.2917659562357698,0.02582751611880827,0.1001792297946993,1800000,18000000,4692600000,154.05
237,0.8066084156858424,0.29416532348851643,0.026090083877016872,0.09984585496211829,1800000,18000000,4712400000,154.70000000000002
238,0.8093895954257764,0.28714140279912087,0.027054300395453354,0.09951358952895295,1800000,18000000,4732200000,155.35
239,0.8086648514297451,0.29180911536562726,0.027339874865415385,0.09918242980336175,1800000,18000000,4752000000,156.0
240,0.8085551935776145,0.2937934753299043,0.028284372499767427,0.09885237210578875,1800000,18000000,4771800000,156.65
241,0.810141532903094,0.29330391965619923,0.027143595953549923,0.09852341276892282,1800000,18000000,4791600000,157.3
242,0.808336485269401,0.2904912451722644,0.027700455132896366,0.09819554813765684,1800000,18000000,4811400000,157.95000000000002
243,0.8094610067989896,0.29235409100250626,0.027147668102652563,0.09786877456904704,1800000,18000000,4831200000,158.6
244,0.8089000433816228,0.2893493562576618,0.024863811049621234,0.09754308843227269,1800000,18000000,4851000000,159.25
245,0.810101279411162,0.2945145749806275,0.025428711138557183,0.09721848610859557,1800000,18000000,4870800000,159.9
246,0.812623536827449,0.28675681742441406,0.025310311185999742,0.09689496399131985,1800000,18000000,4890600000,160.55
247,0.8092908800058006,0.29330475785090965,0.02545152185087388,0.09657251848575199,1800000,18000000,4910400000,161.20000000000002
248,0.8081239866991363,0.2870017374657498,0.025724683588011162,0.09625114600916085,1800000,18000000,4930200000,161.85
249,0.808613473174144,0.29387464468385993,0.02541859618800624,0.09593084299073784,1800000,18000000,4950000000,162.5
250,0.8059944669162479,0.2951914604712433,0.026126338579569558,0.0956116058715572,1800000,18000000,4969800000,163.15
251,0.8092772513973902,0.2935342055811446,0.025372264484768554,0.0952934311045366,1800000,18000000,4989600000,163.8
252,0.8090377260697497,0.28974241531093764,0.025369714620928092,0.09497631515439754,1800000,18000000,5009400000,164.45000000000002
253,0.8080798899756818,0.289288719261691,0.025533178649769,0.0946602544976262,1800000,18000000,5029200000,165.1
254,0.8090950977819316,0.2905537880013336,0.025109914557147613,0.09434524562243425,1800000,18000000,5049000000,165.75
255,0.8085701483295363,0.288829088104465,0.025195492554735632,0.09403128502871988,1800000,18000000,5068800000,166.4
256,0.8128681702740733,0.28579003573800343,0.02532531474931337,0.09371836922802874,1800000,18000000,5088600000,167.05
257,0.8088747903031159,0.2917350517658273,0.02396014879215518,0.09340649474351545,1800000,18000000,5108400000,167.70000000000002
258,0.8088733125704688,0.2887160590107149,0.025561988039908137,0.09309565810990474,1800000,18000000,5128200000,168.35
259,0.8076698469081628,0.29121202348226005,0.024884999427253272,0.09278585587345302,1800000,18000000,5148000000,169.0
260,0.8102260194547104,0.2849438266670206,0.025094252026560838,0.09247708459191002,1800000,18000000,5167800000,169.65
261,0.8048181586984053,0.2935531274260357,0.02372823928187215,0.09216934083448058,1800000,18000000,5187600000,170.3
262,0.808463391414978,0.2910963708154807,0.02326668319006835,0.09186262118178642,1800000,18000000,5207400000,170.95000000000002
263,0.8114132404271405,0.29008904895155796,0.02455132852790475,0.09155692222582827,1800000,18000000,5227200000,171.6
264,0.8088502485830061,0.2860596419997103,0.023591910185367566,0.0912522405699479,1800000,18000000,5247000000,172.25
265,0.8095149514181713,0.2921763111134386,0.024483911491759786,0.09094857282879044,1800000,18000000,5266800000,172.9
266,0.8078823591423254,0.2984799012700429,0.024395163032043445,0.09064591562826678,1800000,18000000,5286600000,173.55
267,0.807741075014607,0.29333916368590607,0.023957907286718625,0.090344265605516,1800000,18000000,5306400000,174.20000000000002
268,0.8119167201055968,0.2829880740529389,0.02505763930576165,0.0900436194088681,1800000,18000000,5326200000,174.85
269,0.8086428736701023,0.288211947507164,0.023987603541126567,0.08974397369780665,1800000,18000000,5346000000,175.5
270,0.8118835698214651,0.28750200282828187,0.023164649706120113,0.08944532514293181,1800000,18000000,5365800000,176.15
271,0.8070514162968102,0.2911473915002684,0.02344695164555154,0.08914767042592323,1800000,18000000,5385600000,176.8
272,0.8092518896216502,0.2947608418691653,0.02241641742360219,0.08885100623950319,1800000,18000000,5405400000,177.45000000000002
273,0.8080865669948175,0.28686448125733993,0.02397637656868247,0.08855532928739991,1800000,18000000,5425200000,178.1
274,0.8109868313043237,0.28713236291923544,0.023661728347501028,0.08826063628431091,1800000,18000000,5445000000,178.75
275,0.8075788432152843,0.2881301582811048,0.024427056387872507,0.08796692395586642,1800000,18000000,5464800000,179.4
276,0.8104989392270463,0.28589572405394126,0.02278216971314664,0.08767418903859311,1800000,18000000,5484600000,180.05
277,0.8086914186962638,0.28836352862943715,0.0237494792126391,0.0873824282798778,1800000,18000000,5504400000,180.70000000000002
278,0.8094011709199821,0.29053763990919906,0.022161407143098687,0.08709163843793126,1800000,18000000,5524200000,181.35
279,0.8109392691934,0.2939408969710942,0.024918375961135223,0.08680181628175224,1800000,18000000,5544000000,182.0
280,0.8079178940481967,0.2967613650203578,0.022922053220274262,0.08651295859109161,1800000,18000000,5563800000,182.65
281,0.8110422371860454,0.289692844116645,0.02338721289965114,0.0862250621564165,1800000,18000000,5583600000,183.3
282,0.8090894435322394,0.2909093463630883,0.023494983265385263,0.08593812377887465,1800000,18000000,5603400000,183.95000000000002
283,0.8099529171656547,0.28634637968524984,0.022452079314721384,0.08565214027025891,1800000,18000000,5623200000,184.6
284,0.8105429670250127,0.288565688968688,0.023161780638283384,0.08536710845297184,1800000,18000000,5643000000,185.25
285,0.8077195459801245,0.2933257355109669,0.022988786239035674,0.08508302515999028,1800000,18000000,5662800000,185.9
286,0.8089736539878216,0.29413350115779086,0.023132743505844273,0.08479988723483026,1800000,18000000,5682600000,186.55
287,0.8088085108773763,0.2910981467047457,0.02333155937301246,0.08451769153151197,1800000,18000000,5702400000,187.20000000000002
288,0.8078676750483921,0.2940468825571599,0.021459014181558725,0.08423643491452465,1800000,18000000,5722200000,187.85
289,0.8086990079712262,0.28712243142119487,0.023333737182540622,0.08395611425879189,1800000,18000000,5742000000,188.5
290,0.8104239547316223,0.289116566060861,0.022415614790583245,0.08367672644963688,1800000,18000000,5761800000,189.15
291,0.8074547659812111,0.29356539192141656,0.02185968687845622,0.08339826838274775,1800000,18000000,5781600000,189.8
292,0.8083344211549538,0.2988794836969305,0.02229108670503912,0.08312073696414307,1800000,18000000,5801400000,190.45000000000002
293,0.8086853800814092,0.28962065657828784,0.02244478725356011,0.08284412911013761,1800000,18000000,5821200000,191.1
294,0.8077517621113285,0.2869409495435122,0.021329585491862296,0.0825684417473079,1800000,18000000,5841000000,191.75
295,0.8081827999781257,0.294079576411488,0.02054434754342384,0.08229367181245818,1800000,18000000,5860800000,192.4
296,0.8087056619095381,0.28664591571795256,0.02131927143470956,0.08201981625258635,1800000,18000000,5880600000,193.05
297,0.8090674076386479,0.29033433644044393,0.02349378146153695,0.08174687202485005,1800000,18000000,5900400000,193.70000000000002
298,0.8085599621040174,0.29250127274541804,0.019453872376248637,0.08147483609653282,1800000,18000000,5920200000,194.35
299,0.8074753536305777,0.29392745741417503,0.02110561603701457,0.08120370544501043,1800000,18000000,5940000000,195.0
300,0.8100089575300271,0.2863647470058984,0.020746720948669733,0.08093347705771732,1800000,18000000,5959800000,195.65
301,0.8079711563965187,0.2929659887913723,0.021098940981444363,0.08066414793211302,1800000,18000000,5979600000,196.3
302,0.8083792270485686,0.29344792341834924,0.022216577338881275,0.080395715075649,1800000,18000000,5999400000,196.95000000000002
303,0.8128501756482593,0.28446955939189117,0.020507483955890176,0.08012817550573513,1800000,18000000,6019200000,197.6
304,0.8115376691051366,0.28658643787827415,0.02268210252708761,0.0798615262497068,1800000,18000000,6039000000,198.25
305,0.8105010786162851,0.28446468173654377,0.021082309299540594,0.07959576434479178,1800000,18000000,6058800000,198.9
306,0.8080441132859886,0.2949484521527162,0.021274079968982715,0.07933088683807722,1800000,18000000,6078600000,199.55
307,0.8085315803219392,0.286020183737159,0.020847780687162924,0.07906689078647704,1800000,18000000,6098400000,200.20000000000002
308,0.8114711502461787,0.28720725451676965,0.020783838833975003,0.07880377325669904,1800000,18000000,6118200000,200.85
309,0.808519384425554,0.2939079409022045,0.0216764168490341,0.07854153132521242,1800000,18000000,6138000000,201.5
310,0.8103817705437015,0.2905018869427006,0.018594709599790656,0.07828016207821521,1800000,18000000,6157800000,202.15
311,0.8071374449195212,0.2974159376507049,0.021295195690184388,0.07801966261160202,1800000,18000000,6177600000,202.8
312,0.8097570886459999,0.2910087774863849,0.019867270341467784,0.07776003003093164,1800000,18000000,6197400000,203.45000000000002
313,0.8106385293140339,0.28528711790737915,0.01903480522162004,0.07750126145139492,1800000,18000000,6217200000,204.1
314,0.8062433800184425,0.30057898610247236,0.02142131671789845,0.07724335399778277,1800000,18000000,6237000000,204.75
315,0.8100935444558771,0.29247031764405945,0.020428685520481042,0.07698630480445418,1800000,18000000,6256800000,205.4
316,0.8091706679662694,0.2918757246857278,0.019907625030454238,0.07673011101530436,1800000,18000000,6276600000,206.05
317,0.8084759031309019,0.2954918868179011,0.0206392719276233,0.07647476978373298,1800000,18000000,6296400000,206.70000000000002
318,0.8091016145556542,0.29181299737516875,0.019197841245969193,0.07622027827261263,1800000,18000000,6316200000,207.35
319,0.8079632447997855,0.2890763674585863,0.019888829492044003,0.07596663365425728,1800000,18000000,6336000000,208.0
320,0.8070737405527001,0.2908889789336823,0.018833074910874104,0.07571383311039072,1800000,18000000,6355800000,208.65
321,0.8099633236977598,0.2870799971228255,0.01968660012601996,0.07546187383211546,1800000,18000000,6375600000,209.3
322,0.8092518270740329,0.29072987175058684,0.01937162753538365,0.07521075301988138,1800000,18000000,6395400000,209.95000000000002
323,0.8096241978266439,0.2916235069572015,0.018440385374364113,0.07496046788345459,1800000,18000000,6415200000,210.6
324,0.8107175417168951,0.28735371497439577,0.01791427351544404,0.0747110156418866,1800000,18000000,6435000000,211.25
325,0.810976053961143,0.28349123790613107,0.01856374488743363,0.07446239352348329,1800000,18000000,6454800000,211.9
326,0.8089167862177489,0.29347129457390864,0.01763504892195343,0.07421459876577408,1800000,18000000,6474600000,212.55
327,0.8104034783087987,0.2864729295414841,0.019513153347672518,0.07396762861548134,1800000,18000000,6494400000,213.20000000000002
328,0.8125272787505513,0.2918199973856355,0.018350917461059994,0.07372148032848977,1800000,18000000,6514200000,213.85
329,0.808622511161762,0.2918348464275933,0.019914208588182266,0.07347615116981583,1800000,18000000,6534000000,214.5
330,0.8102432054634222,0.28691709254306397,0.018757452397441653,0.07323163841357751,1800000,18000000,6553800000,215.15
331,0.8096901342275048,0.2893806935328759,0.017226039088658766,0.07298793934296385,1800000,18000000,6573600000,215.8
332,0.8111996626876087,0.2913627879313988,0.017624025706636643,0.0727450512502049,1800000,18000000,6593400000,216.45000000000002
333,0.8116956864838846,0.2867173941270916,0.01841360120266148,0.0725029714365416,1800000,18000000,6613200000,217.1
334,0.8114725850979705,0.2901336998072382,0.019359488677467965,0.07226169721219572,1800000,18000000,6633000000,217.75
335,0.810445898782834,0.29130415661671316,0.019613038157996626,0.07202122589634008,1800000,18000000,6652800000,218.4
336,0.8073721751239789,0.2936182773179707,0.016390449074994044,0.07178155481706869,1800000,18000000,6672600000,219.05
337,0.8093111350834258,0.2916122215759659,0.018354708273096723,0.0715426813113671,1800000,18000000,6692400000,219.70000000000002
338,0.8104016670059498,0.2913656276259906,0.017429611754592973,0.07130460272508277,1800000,18000000,6712200000,220.35
339,0.810065911820663,0.2900289387820713,0.01829542065756013,0.07106731641289565,1800000,18000000,6732000000,221.0
340,0.8102376383302745,0.29148850757798045,0.01659553996784455,0.0708308197382887,1800000,18000000,6751800000,221.65
341,0.8052801464960521,0.29372511231590787,0.01865176259526303,0.07059511007351867,1800000,18000000,6771600000,222.3
342,0.807183198800978,0.29424485260693845,0.018283627901663043,0.07036018479958688,1800000,18000000,6791400000,222.95000000000002
343,0.8087911089743807,0.2914061322299277,0.017626602377661844,0.07012604130621002,1800000,18000000,6811200000,223.6
344,0.8097841735348866,0.2883158809050072,0.016796464746199148,0.06989267699179139,1800000,18000000,6831000000,224.25
345,0.8111450761486558,0.2908874318730482,0.016712894009692277,0.06966008926339172,1800000,18000000,6850800000,224.9
346,0.8089450180132515,0.293984308034228,0.01771538443791057,0.06942827553670051,1800000,18000000,6870600000,225.55
347,0.8113695422431846,0.29457827186024604,0.019310415898444778,0.06919723323600736,1800000,18000000,6890400000,226.20000000000002
348,0.8089842472469803,0.288222129666638,0.018062472356317645,0.06896695979417317,1800000,18000000,6910200000,226.85
349,0.8094844061136807,0.2925069383234973,0.018567994147200007,0.06873745265260178,1800000,18000000,6930000000,227.5
350,0.8061416738698989,0.2993433053804355,0.019092997181689275,0.06850870926121148,1800000,18000000,6949800000,228.15
351,0.8099804327213377,0.290481673481459,0.01774296046408336,0.06828072707840671,1800000,18000000,6969600000,228.8
352,0.8100292092226477,0.28611422390544455,0.01704748226463815,0.06805350357104971,1800000,18000000,6989400000,229.45000000000002
353,0.8091197715151572,0.28782636935315103,0.016760541979071893,0.06782703621443252,1800000,18000000,7009200000,230.1
354,0.8095759892794355,0.2932085595263525,0.01672871009301184,0.06760132249224887,1800000,18000000,7029000000,230.75
355,0.8081854526390333,0.2898131551648753,0.016720745771630355,0.06737635989656618,1800000,18000000,7048800000,231.4
356,0.8104792664477054,0.28628699506964667,0.01695935570069471,0.06715214592779772,1800000,18000000,7068600000,232.05
357,0.8071715954454579,0.28909422876635804,0.017450982630850948,0.0669286780946749,1800000,18000000,7088400000,232.70000000000002
358,0.8081161799548857,0.295203252527077,0.017478512852165676,0.06670595391421945,1800000,18000000,7108200000,233.35
359,0.8090513105415611,0.2932248034123356,0.016348466580616876,0.066483970911716,1800000,18000000,7128000000,234.0
360,0.8092202639639716,0.29184206456562234,0.016720433465489636,0.06626272662068447,1800000,18000000,7147800000,234.65
361,0.8114111228368126,0.29124266371990204,0.017157140486588895,0.06604221858285264,1800000,18000000,7167600000,235.3
362,0.8079960968048118,0.29003029406494624,0.018121253935678733,0.06582244434812895,1800000,18000000,7187400000,235.95000000000002
363,0.8085469222777106,0.2891215195910767,0.015250939008341577,0.06560340147457523,1800000,18000000,7207200000,236.6
364,0.8090111525421457,0.2909406628292985,0.01846392290483174,0.06538508752837947,1800000,18000000,7227000000,237.25
365,0.8110027604415896,0.2873215864707691,0.018114523790934547,0.06516750008382895,1800000,18000000,7246800000,237.9
366,0.8100154189074106,0.29276668086912283,0.01697305452641533,0.06495063672328313,1800000,18000000,7266600000,238.55
367,0.8089528091440681,0.2907637763895114,0.017202952749507346,0.0647344950371469,1800000,18000000,7286400000,239.20000000000002
368,0.8105682714022711,0.2910218394374508,0.015751097823520518,0.06451907262384375,1800000,18000000,7306200000,239.85
369,0.8111901267470778,0.2819160457168186,0.015469794217945755,0.06430436708978908,1800000,18000000,7326000000,240.5
370,0.8112331540905089,0.2924500961264941,0.014287645503628378,0.06409037604936363,1800000,18000000,7345800000,241.15
371,0.8100489618739372,0.2851395617620862,0.01697594605983637,0.063877097124887,1800000,18000000,7365600000,241.8
372,0.8098295261286844,0.2927404905085322,0.016283991328914213,0.06366452794659114,1800000,18000000,7385400000,242.45000000000002
373,0.8092995996379714,0.28997762305261005,0.01492856395305058,0.06345266615259412,1800000,18000000,7405200000,243.1
374,0.810319399421527,0.2861607703977959,0.015546170901408026,0.06324150938887384,1800000,18000000,7425000000,243.75
375,0.8076025113564815,0.2958837277746112,0.01554211451138398,0.06303105530924182,1800000,18000000,7444800000,244.4
376,0.8101149651368865,0.29319581728020266,0.015138596661874663,0.06282130157531728,1800000,18000000,7464600000,245.05
377,0.8063802077468489,0.2959360837209434,0.014672337510272184,0.06261224585650099,1800000,18000000,7484400000,245.70000000000002
378,0.8110685395461623,0.2857734350401825,0.014379491429545517,0.06240388582994949,1800000,18000000,7504200000,246.35
379,0.8114844215799113,0.28159127221105434,0.016689422837995765,0.06219621918054922,1800000,18000000,7524000000,247.0
380,0.8084464402216245,0.29277425537179064,0.014374216129465645,0.061989243600890837,1800000,18000000,7543800000,247.65
381,0.8100445159447038,0.2882975849415786,0.0168904930555821,0.06178295679124355,1800000,18000000,7563600000,248.3
382,0.8090851075864842,0.29332483614256777,0.015154358441981595,0.06157735645952957,1800000,18000000,7583400000,248.95000000000002
383,0.8107676355674239,0.28244321492341606,0.01681001556105923,0.061372440321298655,1800000,18000000,7603200000,249.60000000000002
384,0.8099023681994717,0.2939723364446138,0.014542907111786412,0.06116820609970271,1800000,18000000,7623000000,250.25
385,0.8087682550230827,0.2966016842039848,0.016433138086448567,0.0609646515254705,1800000,18000000,7642800000,250.9
386,0.8097733837728464,0.29072157704333035,0.015711557317097415,0.060761774336882464,1800000,18000000,7662600000,251.55
387,0.8067732173695007,0.29335734898337557,0.013939763836132013,0.06055957227974552,1800000,18000000,7682400000,252.20000000000002
388,0.8107378820171373,0.2885759272089625,0.013512444625700247,0.06035804310736805,1800000,18000000,7702200000,252.85000000000002
389,0.8075656985628311,0.2957651616705107,0.014358373681671073,0.060157184580534956,1800000,18000000,7722000000,253.5
390,0.8108254656042143,0.2920914653654083,0.014542166470588484,0.05995699446748277,1800000,18000000,7741800000,254.15
391,0.8076327257705229,0.2882532401134384,0.013769040103046424,0.05975747054387485,1800000,18000000,7761600000,254.8
392,0.8081357658202922,0.29296575319849294,0.01545884346554678,0.05955861059277665,1800000,18000000,7781400000,255.45000000000002
393,0.8065096923021389,0.2963172345799219,0.01479579187035813,0.0593604124046311,1800000,18000000,7801200000,256.1
394,0.8108477614605228,0.290320214732595,0.014902109874139868,0.0591628737772341,1800000,18000000,7821000000,256.75
395,0.8089236004869292,0.2916533089568386,0.014616670361381515,0.05896599251570996,1800000,18000000,7840800000,257.40000000000003
396,0.8102609348309242,0.2892035553192722,0.013860362678424928,0.058769766432487075,1800000,18000000,7860600000,258.05
397,0.8090801489323114,0.2852511670925707,0.014343472320570498,0.05857419334727365,1800000,18000000,7880400000,258.7
398,0.807971198430212,0.29072318077130355,0.015036196787380288,0.05837927108703333,1800000,18000000,7900200000,259.35
399,0.8092863766783663,0.289455991403634,0.01420941908549317,0.05818499748596127,1800000,18000000,7920000000,260.0
400,0.8104949037463586,0.2950727518195094,0.014889804121103366,0.05799137038545989,1800000,18000000,7939800000,260.65000000000003
401,0.810619009097895,0.2891066104656102,0.01447223137287389,0.05779838763411496,1800000,18000000,7959600000,261.3
402,0.8121999532638592,0.28485370885513683,0.013303275615946126,0.05760604708767172,1800000,18000000,7979400000,261.95
403,0.8106379543314589,0.29025369883180324,0.014018932713420853,0.057414346609011,1800000,18000000,7999200000,262.6
404,0.8090342705203206,0.28977858054629907,0.014541767053314652,0.05722328406812549,1800000,18000000,8019000000,263.25
405,0.809001215219873,0.2933678906529592,0.016331176753366004,0.05703285734209613,1800000,18000000,8038800000,263.90000000000003
406,0.8066199026173186,0.29401318656768266,0.014307215708015575,0.05684306431506844,1800000,18000000,8058600000,264.55
407,0.8095672344275755,0.2931926119898421,0.0140139864607364,0.05665390287822906,1800000,18000000,8078400000,265.2
408,0.8117088144983393,0.28385493712482746,0.01252860719301957,0.056465370929782294,1800000,18000000,8098200000,265.85
409,0.8099747508280667,0.2813779838535122,0.013698253121032483,0.05627746637492678,1800000,18000000,8118000000,266.5
410,0.8087920997030681,0.29098009456406004,0.012802862303714186,0.05609018712583219,1800000,18000000,8137800000,267.15000000000003
411,0.8085115554515611,0.2886656655863454,0.014392864509282611,0.05590353110161606,1800000,18000000,8157600000,267.8
412,0.8083301078302642,0.2903152414402322,0.01342184327751227,0.05571749622832065,1800000,18000000,8177400000,268.45
413,0.8115514680962929,0.28543169697400733,0.014636175838070888,0.05553208043888989,1800000,18000000,8197200000,269.1
414,0.8087223006693397,0.2909009078473714,0.013898450599907205,0.05534728167314643,1800000,18000000,8217000000,269.75
415,0.809109984386354,0.2920385729945687,0.013450304648888913,0.05516309787776877,1800000,18000000,8236800000,270.40000000000003
416,0.808675204361227,0.2959947442253668,0.012722817441825478,0.05497952700626836,1800000,18000000,8256600000,271.05
417,0.8112092840453642,0.2923634852928042,0.012335538633956934,0.054796567018967006,1800000,18000000,8276400000,271.7
418,0.8066667676145444,0.2929419023587381,0.012605358015294945,0.05461421588297405,1800000,18000000,8296200000,272.35
419,0.8104866027351547,0.28610545338621013,0.013850168915831752,0.05443247157216389,1800000,18000000,8316000000,273.0
420,0.8113615548557932,0.2848076946769681,0.012943173990049635,0.05425133206715343,1800000,18000000,8335800000,273.65000000000003
421,0.8079439201437627,0.2969042068518861,0.011858444856853383,0.05407079535527962,1800000,18000000,8355600000,274.3
422,0.8099893614321921,0.29268530688957745,0.014451487741682477,0.05389085943057717,1800000,18000000,8375400000,274.95
423,0.8101096829783391,0.2889608195949397,0.013050911742206647,0.05371152229375616,1800000,18000000,8395200000,275.6
424,0.8084362438210629,0.29075467264961474,0.014334231415102722,0.053532781952179885,1800000,18000000,8415000000,276.25
425,0.8098147850235164,0.28799233237819066,0.014432108937716364,0.05335463641984271,1800000,18000000,8434800000,276.90000000000003
426,0.8079381682983722,0.29163907141997186,0.01388817826367322,0.05317708371734802,1800000,18000000,8454600000,277.55
427,0.807942490617345,0.28651816485025855,0.012399893734502076,0.05300012187188616,1800000,18000000,8474400000,278.2
428,0.8104984020285828,0.2878697303547486,0.012555007015445225,0.05282374891721258,1800000,18000000,8494200000,278.85
429,0.809882518916762,0.2912963236077394,0.011600003059013562,0.052647962893626,1800000,18000000,8514000000,279.5
430,0.8090341753015827,0.2915503551544551,0.013414927797568879,0.05247276184794653,1800000,18000000,8533800000,280.15000000000003
431,0.8095872967585085,0.28853162448695535,0.011571912231036246,0.05229814383349411,1800000,18000000,8553600000,280.8
432,0.8120076248980117,0.28644525985831354,0.010951445872788396,0.05212410691006679,1800000,18000000,8573400000,281.45
433,0.8099597123258775,0.2897434791995404,0.013514763846120903,0.051950649143919156,1800000,18000000,8593200000,282.1
434,0.8119215151751534,0.2832362062739132,0.012615838633339631,0.05177776860774092,1800000,18000000,8613000000,282.75
435,0.8084904788601959,0.2939217410426583,0.011631341875122266,0.051605463380635486,1800000,18000000,8632800000,283.40000000000003
436,0.8072982569050642,0.2893981584415167,0.012500240788986337,0.05143373154809852,1800000,18000000,8652600000,284.05
437,0.8088238087944847,0.2917204462061667,0.012487726309061385,0.051262571201996794,1800000,18000000,8672400000,284.7
438,0.8081861563308013,0.28699343143193895,0.011906968160232468,0.05109198044054694,1800000,18000000,8692200000,285.35
439,0.8146013634030805,0.2846749459441633,0.013214482388390483,0.05092195736829428,1800000,18000000,8712000000,286.0
440,0.8082619509501524,0.29370042411865505,0.013202537713614662,0.05075250009609183,1800000,18000000,8731800000,286.65000000000003
441,0.8088631486466836,0.29362873362594827,0.012830053819038133,0.05058360674107924,1800000,18000000,8751600000,287.3
442,0.808761528929815,0.29336085093670866,0.012249848925859595,0.05041527542666197,1800000,18000000,8771400000,287.95
443,0.8122205516283784,0.2918753055880031,0.012712973037397714,0.05024750428249035,1800000,18000000,8791200000,288.6
444,0.8074123517214226,0.2987368563118841,0.012465675738644849,0.050080291444438804,1800000,18000000,8811000000,289.25
445,0.8111097845870235,0.28638348761211985,0.0108571334584068,0.0499136350545852,1800000,18000000,8830800000,289.90000000000003
446,0.8084222813884072,0.28754652719045715,0.01070784607947972,0.04974753326119018,1800000,18000000,8850600000,290.55
447,0.8090453851495678,0.29155760553054244,0.011342919753000781,0.04958198421867652,1800000,18000000,8870400000,291.2
448,0.8089876725329347,0.28937041345984654,0.012011954369704722,0.04941698608760872,1800000,18000000,8890200000,291.85
449,0.807366124656958,0.29136868853562525,0.012689262355739483,0.04925253703467255,1800000,18000000,8910000000,292.5
450,0.8073983091092505,0.2931546976291837,0.01125550229149396,0.04908863523265456,1800000,18000000,8929800000,293.15000000000003
451,0.8102198928081787,0.28856024605581654,0.010586570492454034,0.04892527886042197,1800000,18000000,8949600000,293.8
452,0.8088481686431338,0.2916595169046218,0.011608288983434243,0.048762466102902295,1800000,18000000,8969400000,294.45
453,0.809171412843691,0.2942710148859701,0.012823000599795732,0.0486001951510632,1800000,18000000,8989200000,295.1
454,0.8093466057179924,0.29366377767555585,0.011584766339709666,0.04843846420189246,1800000,18000000,9009000000,295.75
455,0.8122040250224771,0.2903065988960229,0.009788593334394363,0.04827727145837786,1800000,18000000,9028800000,296.40000000000003
456,0.8100795470276606,0.28895840739515966,0.01014529802684058,0.04811661512948724,1800000,18000000,9048600000,297.05
457,0.8102407500198181,0.2883329739677583,0.011207893035168882,0.047956493430148656,1800000,18000000,9068400000,297.7
458,0.8052356894519977,0.2939464197919724,0.010731445772902857,0.047796904581230454,1800000,18000000,9088200000,298.35
459,0.8076331138434879,0.29095451457540095,0.010002679824879606,0.04763784680952156,1800000,18000000,9108000000,299.0
460,0.808707238257646,0.28634664980445496,0.010435264944668341,0.04747931834771174,1800000,18000000,9127800000,299.65000000000003
461,0.8103380282003069,0.29495119220184246,0.01236114318576201,0.04732131743437206,1800000,18000000,9147600000,300.3
462,0.8072102911950958,0.294232353957933,0.010065773199128101,0.047163842313935146,1800000,18000000,9167400000,300.95
463,0.809128110322162,0.2864192683113305,0.009682975935137426,0.04700689123667585,1800000,18000000,9187200000,301.6
464,0.81060590498354,0.28984500951341496,0.012450269959272939,0.04685046245869167,1800000,18000000,9207000000,302.25
465,0.8099143507557678,0.2949098828228288,0.009830938007847678,0.04669455424188347,1800000,18000000,9226800000,302.90000000000003
466,0.8093319850529251,0.2927540303489558,0.0101704277597137,0.04653916485393615,1800000,18000000,9246600000,303.55
467,0.811704122654228,0.289366596519311,0.010342625245427117,0.046384292568299325,1800000,18000000,9266400000,304.2
468,0.8105255096146505,0.29434677869269726,0.01091478891733783,0.04622993566416824,1800000,18000000,9286200000,304.85
469,0.8077718194497332,0.2923690801945548,0.009506220157139086,0.046076092426464606,1800000,18000000,9306000000,305.5
470,0.8104351732118004,0.28937408334466713,0.009227136860650707,0.04592276114581752,1800000,18000000,9325800000,306.15000000000003
471,0.8105112309998329,0.2886245351555071,0.010639169997158924,0.0457699401185445,1800000,18000000,9345600000,306.8
472,0.807642215836718,0.29196217358872617,0.010279522388229675,0.04561762764663259,1800000,18000000,9365400000,307.45
473,0.8100399548073136,0.29590977992998024,0.010881159614135535,0.045465822037719386,1800000,18000000,9385200000,308.1
474,0.8096300109557496,0.28507788397770795,0.008732306062741176,0.045314521605074355,1800000,18000000,9405000000,308.75
475,0.8096671235423418,0.2873081909065196,0.010154223960765773,0.04516372466758004,1800000,18000000,9424800000,309.40000000000003
476,0.811198649319625,0.2895730367799011,0.011279507680496462,0.04501342954971334,1800000,18000000,9444600000,310.05
477,0.8063466574266906,0.2942763039875727,0.009012494347958503,0.04486363458152695,1800000,18000000,9464400000,310.7
478,0.8084110073738631,0.2936289327986359,0.010253435946574817,0.044714338098630825,1800000,18000000,9484200000,311.35
479,0.8082983077040932,0.292900183010566,0.011915166098959705,0.04456553844217358,1800000,18000000,9504000000,312.0
480,0.808803497055144,0.29635776278939074,0.00896741636620527,0.04441723395882419,1800000,18000000,9523800000,312.65000000000003
481,0.8078111540326849,0.29557059486486825,0.01064208635286635,0.04426942300075353,1800000,18000000,9543600000,313.3
482,0.8077956467882141,0.2925369096577986,0.010290810128972313,0.04412210392561611,1800000,18000000,9563400000,313.95
483,0.8077099091804757,0.2916876292807141,0.008789837468946397,0.04397527509653179,1800000,18000000,9583200000,314.6
484,0.808977494394831,0.29145878807014963,0.009826995964502074,0.043828934882067634,1800000,18000000,9603000000,315.25
485,0.8090818907112722,0.29066245416697306,0.011354223689077245,0.043683081656219744,1800000,18000000,9622800000,315.90000000000003
486,0.8085360143652762,0.2928906790428022,0.009305122614468551,0.043537713798395224,1800000,18000000,9642600000,316.55
487,0.8090066534958276,0.295071834545283,0.009101927616545373,0.04339282969339417,1800000,18000000,9662400000,317.2
488,0.8094982298479062,0.2865992884160269,0.010556340746446033,0.04324842773139169,1800000,18000000,9682200000,317.85
489,0.8105619100332531,0.2915118843379361,0.008774455226510925,0.04310450630792006,1800000,18000000,9702000000,318.5
490,0.8088345818939469,0.2922170371557469,0.009216622665498057,0.04296106382385086,1800000,18000000,9721800000,319.15000000000003
491,0.809297903585349,0.2953534460018859,0.009563537517527407,0.042818098685377254,1800000,18000000,9741600000,319.8
492,0.8068833035987238,0.28457969427132374,0.010500605409729526,0.04267560930399622,1800000,18000000,9761400000,320.45
493,0.8114171085973965,0.2882776899376862,0.01010767155259454,0.04253359409649095,1800000,18000000,9781200000,321.1
494,0.8121796672257202,0.2919309560756728,0.009425215683339658,0.04239205148491322,1800000,18000000,9801000000,321.75
495,0.8091884905308239,0.2888437250631675,0.009671153843717082,0.04225097989656591,1800000,18000000,9820800000,322.40000000000003
496,0.8089169517300678,0.2953883683531385,0.00963524248962642,0.042110377763985456,1800000,18000000,9840600000,323.05
497,0.810182638138748,0.29030820119912853,0.010189191979498077,0.041970243524924504,1800000,18000000,9860400000,323.7
498,0.8108065999370625,0.28810890558774743,0.009690255228386365,0.04183057562233452,1800000,18000000,9880200000,324.35
499,0.8085929006422166,0.28855744637508046,0.009277735334821976,0.04169137250434846,1800000,18000000,9900000000,325.0
500,0.8093797027125103,0.2919059453535021,0.0103381181579353,0.041552632624263605,1800000,18000000,9919800000,325.65000000000003
501,0.8115532343724461,0.2941696526347534,0.010042573920078873,0.0414143544405243,1800000,18000000,9939600000,326.3
502,0.8111214469864515,0.29229903779334476,0.009418016973928967,0.04127653641670483,1800000,18000000,9959400000,326.95
503,0.8103985619794517,0.29121301758188095,0.010300756167314967,0.04113917702149243,1800000,18000000,9979200000,327.6
504,0.8080596011772685,0.29132754163104535,0.00803473640309135,0.04100227472867019,1800000,18000000,9999000000,328.25
505,0.8078397988420464,0.2896059105012277,0.008852807038344814,0.0408658280171001,1800000,18000000,10018800000,328.90000000000003
506,0.8093715556185708,0.2892681071816052,0.010358498463497916,0.04072983537070618,1800000,18000000,10038600000,329.55
507,0.810966681011081,0.2913004246854166,0.009817590119021233,0.04059429527845764,1800000,18000000,10058400000,330.2
508,0.8082871406174414,0.2951047123058834,0.010055242013938684,0.04045920623435205,1800000,18000000,10078200000,330.85
509,0.8111966574437556,0.29175643591484424,0.008592485330159667,0.040324566737398634,1800000,18000000,10098000000,331.5
510,0.8082143975398897,0.2850602464043117,0.011366323223976505,0.040190375291601625,1800000,18000000,10117800000,332.15000000000003
511,0.8108707118922199,0.28284287936532565,0.009357287070846753,0.04005663040594355,1800000,18000000,10137600000,332.8
512,0.8086295409745425,0.28549143894702944,0.008331429306477598,0.03992333059436875,1800000,18000000,10157400000,333.45
513,0.8069491602477721,0.29497371898814584,0.008367594044295788,0.03979047437576686,1800000,18000000,10177200000,334.1
514,0.811919450173655,0.29056155429741515,0.009701897472082966,0.039658060273956276,1800000,18000000,10197000000,334.75
515,0.8076071671761228,0.29214341331018107,0.011516210545716419,0.039526086817667866,1800000,18000000,10216800000,335.40000000000003
516,0.8071353424370683,0.29637034152187963,0.010739560680927636,0.03939455254052851,1800000,18000000,10236600000,336.05
517,0.810151368142666,0.292485168610896,0.008194599637922453,0.039263455981044894,1800000,18000000,10256400000,336.7
518,0.8085301868474086,0.28998005170970687,0.009936705720508976,0.039132795682587256,1800000,18000000,10276200000,337.35
519,0.8097183854092176,0.2905613594049051,0.009599840600441688,0.03900257019337312,1800000,18000000,10296000000,338.0
520,0.8089129901233699,0.2894873442502685,0.01106244713480295,0.03887277806645128,1800000,18000000,10315800000,338.65000000000003
521,0.8095851609339576,0.2900721219548942,0.007312932688774601,0.03874341785968567,1800000,18000000,10335600000,339.3
522,0.807337861645342,0.29132351735078416,0.008451075748130261,0.03861448813573931,1800000,18000000,10355400000,339.95
523,0.8066404625408395,0.29464083552319265,0.010122951897555243,0.0384859874620584,1800000,18000000,10375200000,340.6
524,0.8093660586843823,0.2910610663642608,0.008248682587532424,0.03835791441085635,1800000,18000000,10395000000,341.25
525,0.8102837442592664,0.2893593770815928,0.008637552320007395,0.03823026755909793,1800000,18000000,10414800000,341.90000000000003
526,0.8100242514283307,0.2911871388923894,0.00957151466951199,0.038103045488483485,1800000,18000000,10434600000,342.55
527,0.8113323294490359,0.28160539771248094,0.00981664366035859,0.03797624678543314,1800000,18000000,10454400000,343.2
528,0.8090927649116366,0.2972144696870869,0.008701822644253175,0.03784987004107112,1800000,18000000,10474200000,343.85
529,0.8107671053612455,0.2890714878693195,0.008109876107225519,0.03772391385121006,1800000,18000000,10494000000,344.5
530,0.8103348369839578,0.2895236037471627,0.007090991411421757,0.03759837681633546,1800000,18000000,10513800000,345.15000000000003
531,0.8075902521393934,0.29132037209543177,0.00846545464320528,0.037473257541590074,1800000,18000000,10533600000,345.8
532,0.8101025841885853,0.29047013264943666,0.007900307624346098,0.03734855463675846,1800000,18000000,10553400000,346.45
533,0.8077742506363994,0.29168715332240536,0.007630780720473013,0.037224266716251495,1800000,18000000,10573200000,347.1
534,0.8082658757930039,0.2954670904032935,0.008058376814461494,0.037100392399091006,1800000,18000000,10593000000,347.75
535,0.8107566300682786,0.284143111556355,0.009037776120290041,0.03697693030889443,1800000,18000000,10612800000,348.40000000000003
536,0.809438393012689,0.2891256843999197,0.009192245501852847,0.03685387907385949,1800000,18000000,10632600000,349.05
537,0.8092302417332592,0.2881491174554126,0.008154200358953747,0.036731237326748954,1800000,18000000,10652400000,349.7
538,0.8086080215616646,0.28912928257685316,0.009635557178239527,0.036609003704875506,1800000,18000000,10672200000,350.35
539,0.8075668227176421,0.295279165862548,0.007682085928838508,0.036487176850086525,1800000,18000000,10692000000,351.0
540,0.8071840092729577,0.29012395099661165,0.00737223252813106,0.036365755408749034,1800000,18000000,10711800000,351.65000000000003
541,0.8091337591886361,0.2872760165486258,0.007411673229549505,0.036244738031734676,1800000,18000000,10731600000,352.3
542,0.8083385077007487,0.2952984542474837,0.009498405959713243,0.03612412337440466,1800000,18000000,10751400000,352.95
543,0.8107222895438216,0.28783388660937365,0.007631554186291262,0.03600391009659489,1800000,18000000,10771200000,353.6
544,0.8078110578768714,0.29556757482001395,0.008852346245105957,0.035884096862601064,1800000,18000000,10791000000,354.25
545,0.8103666893102517,0.2843845684971413,0.008228417014076535,0.03576468234116376,1800000,18000000,10810800000,354.90000000000003
546,0.8117483162470438,0.28714118151473667,0.006835478959557021,0.035645665205453765,1800000,18000000,10830600000,355.55
547,0.8086700228182532,0.2930109421406162,0.00861264717702082,0.035527044133057226,1800000,18000000,10850400000,356.2
548,0.8099199367626203,0.29681354036614555,0.007758045499475167,0.035408817805960995,1800000,18000000,10870200000,356.85
549,0.8086404309133723,0.29650188258551596,0.00770487342731663,0.035290984910538004,1800000,18000000,10890000000,357.5
550,0.8092951844989535,0.29311990544546973,0.0060176207968770865,0.03517354413753266,1800000,18000000,10909800000,358.15000000000003
551,0.8054330231611584,0.29576952751170565,0.00515513864002831,0.03505649418204626,1800000,18000000,10929600000,358.8
552,0.8076344356871231,0.2938112638142276,0.00849105750988369,0.03493983374352255,1800000,18000000,10949400000,359.45
553,0.808026912899824,0.2923437856452791,0.00868444000460428,0.03482356152573324,1800000,18000000,10969200000,360.1
554,0.8090920625736556,0.2914064769469102,0.007636655766505132,0.03470767623676358,1800000,18000000,10989000000,360.75
555,0.8104447589513529,0.28426876707064813,0.0058957667124569435,0.034592176588998075,1800000,18000000,11008800000,361.40000000000003
556,0.807771575897119,0.2949243806952142,0.008036068103322037,0.03447706129910612,1800000,18000000,11028600000,362.05
557,0.8114835807721388,0.28948004796561483,0.007215735798929582,0.03436232908802773,1800000,18000000,11048400000,362.7
558,0.8093438016264594,0.2909762645722781,0.006366294682893327,0.034247978680959405,1800000,18000000,11068200000,363.35
559,0.8113578712917725,0.28452792177078645,0.006741211734475155,0.03413400880733988,1800000,18000000,11088000000,364.0
560,0.8099636255031228,0.28837561100359593,0.0067222879271203375,0.03402041820083606,1800000,18000000,11107800000,364.65000000000003
561,0.8107465128779181,0.28669272632465426,0.005631926807618166,0.03390720559932891,1800000,18000000,11127600000,365.3
562,0.811046402130084,0.2866260799942826,0.0071240460247426534,0.033794369744899494,1800000,18000000,11147400000,365.95
563,0.8104785628202005,0.2916964316893681,0.008066190421832868,0.033681909383814906,1800000,18000000,11167200000,366.6
564,0.8112283603277048,0.2886410583601964,0.009353724735758481,0.033569823266514455,1800000,18000000,11187000000,367.25
565,0.8070419369461943,0.29680825754332274,0.006091981212347148,0.03345811014759566,1800000,18000000,11206800000,367.90000000000003
566,0.8085566277206157,0.2873224492295148,0.008685388651928147,0.03334676878580049,1800000,18000000,11226600000,368.55
567,0.8086413707596851,0.2932215367889004,0.0071532103437972816,0.03323579794400159,1800000,18000000,11246400000,369.2
568,0.8059390307394064,0.291442669768594,0.008540046899373313,0.03312519638918843,1800000,18000000,11266200000,369.85
569,0.8110435358360447,0.29333944551627467,0.0074207122852991,0.03301496289245373,1800000,18000000,11286000000,370.5
570,0.8075492084264492,0.2924787750839283,0.006119497393888042,0.03290509622897971,1800000,18000000,11305800000,371.15000000000003
571,0.8095492617031548,0.28953588226848337,0.007620744549838416,0.03279559517802455,1800000,18000000,11325600000,371.8
572,0.8072179548970368,0.29356042885806055,0.005720324794456454,0.032686458522908766,1800000,18000000,11345400000,372.45
573,0.8120692455942627,0.2808984403018238,0.0068151015447812015,0.03257768505100174,1800000,18000000,11365200000,373.1
574,0.8057659276312643,0.28950718509912865,0.0077805928923259,0.03246927355370822,1800000,18000000,11385000000,373.75
575,0.809122194046918,0.2934513217696205,0.0069982198394001735,0.03236122282645489,1800000,18000000,11404800000,374.40000000000003
576,0.809944637155001,0.2892491901104439,0.005716041146440639,0.03225353166867703,1800000,18000000,11424600000,375.05
577,0.8117533174619769,0.29329064447816583,0.006312511200042986,0.03214619888380508,1800000,18000000,11444400000,375.7
578,0.809474969442841,0.2901551236984731,0.006600756334001214,0.032039223279251454,1800000,18000000,11464200000,376.35
579,0.808019961633906,0.2928109563536364,0.008606699554450332,0.03193260366639722,1800000,18000000,11484000000,377.0
580,0.8091417575345832,0.28797349685409895,0.007706792908406231,0.031826338860578916,1800000,18000000,11503800000,377.65000000000003
581,0.8109156476013711,0.28405020277462395,0.006762226257604396,0.03172042768107538,1800000,18000000,11523600000,378.3
582,0.8068166862828151,0.2949550851177589,0.006820368142301266,0.031614868951094645,1800000,18000000,11543400000,378.95
583,0.8073970886169363,0.28887866330587797,0.005068133016878443,0.03150966149776084,1800000,18000000,11563200000,379.6
584,0.8082418503015589,0.2905378716629183,0.00582752644523291,0.03140480415210119,1800000,18000000,11583000000,380.25
585,0.8103358940401161,0.2900828048088963,0.006802408451979063,0.03130029574903299,1800000,18000000,11602800000,380.90000000000003
586,0.8087481153247952,0.28918130671230946,0.006834069796258937,0.031196135127350685,1800000,18000000,11622600000,381.55
587,0.8102327646421639,0.2960089297202171,0.007317312977348144,0.03109232112971296,1800000,18000000,11642400000,382.2
588,0.809478949663043,0.2980449272932154,0.007481870991095898,0.0309888526026299,1800000,18000000,11662200000,382.85
589,0.8090604823014992,0.29286981424574415,0.006640872944554669,0.030885728396450124,1800000,18000000,11682000000,383.5
590,0.8098466942280411,0.2898834067241731,0.006520061436383671,0.03078294736534807,1800000,18000000,11701800000,384.15000000000003
591,0.8110876186762851,0.2882447283071979,0.006734365470885578,0.030680508367311208,1800000,18000000,11721600000,384.8
592,0.8071211877494718,0.28981048580214,0.006761163439527577,0.030578410264127404,1800000,18000000,11741400000,385.45
593,0.8113325986388041,0.2869903502155862,0.008264543123777177,0.030476651921372246,1800000,18000000,11761200000,386.1
594,0.808974563707963,0.28987825502030645,0.006149114793742044,0.03037523220839642,1800000,18000000,11781000000,386.75
595,0.8111877566901985,0.2857956017702769,0.006854792409030336,0.030274149998313186,1800000,18000000,11800800000,387.40000000000003
596,0.8074061879973564,0.2946621191119501,0.005118962285453014,0.030173404167985855,1800000,18000000,11820600000,388.05
597,0.8109066741032013,0.2888957156388948,0.008081344975596446,0.030072993598015248,1800000,18000000,11840400000,388.7
598,0.8083534867565596,0.2924892418367915,0.007975130164336095,0.029972917172727348,1800000,18000000,11860200000,389.35
599,0.8113822194826874,0.29061791328726977,0.006856218316008262,0.02987317378016085,1800000,18000000,11880000000,390.0
600,0.8097765815907487,0.2881025455631238,0.0042114303083093845,0.029773762312054794,1800000,18000000,11899800000,390.65000000000003
601,0.8089548115530765,0.2909417717889452,0.007707927925259251,0.029674681663836296,1800000,18000000,11919600000,391.3
602,0.8076641107466931,0.2894161309134966,0.006879976194930669,0.029575930734608246,1800000,18000000,11939400000,391.95
603,0.8102103751107598,0.2871575531010829,0.00760539311892269,0.029477508427137096,1800000,18000000,11959200000,392.6
604,0.8095795715292451,0.28643568844919376,0.00699426675913755,0.029379413647840618,1800000,18000000,11979000000,393.25
605,0.8073421359588939,0.29198546713487034,0.005218628613273949,0.02928164530677581,1800000,18000000,11998800000,393.90000000000003
606,0.8089681365440141,0.290026255594483,0.0043608406848746565,0.02918420231762678,1800000,18000000,12018600000,394.55
607,0.8092674017491712,0.2903033438607914,0.005665070644039816,0.029087083597692635,1800000,18000000,12038400000,395.2
608,0.8087692616448894,0.2925067232690403,0.007592969734122016,0.028990288067875493,1800000,18000000,12058200000,395.85
609,0.8095578102038197,0.28663490332608277,0.00678803652113468,0.028893814652668486,1800000,18000000,12078000000,396.5
610,0.8070637578677831,0.29137043087267894,0.005266306735051979,0.028797662280143754,1800000,18000000,12097800000,397.15000000000003
611,0.8073653782138265,0.2974834433241012,0.0065861290725489135,0.028701829881940626,1800000,18000000,12117600000,397.8
612,0.8119744437552116,0.29051176770198067,0.004383391304243987,0.0286063163932537,1800000,18000000,12137400000,398.45
613,0.8091548994059055,0.2835537244091415,0.004470401839155759,0.028511120752821004,1800000,18000000,12157200000,399.1
614,0.8109414235028527,0.29237172796306793,0.004940216641682425,0.028416241902912216,1800000,18000000,12177000000,399.75
615,0.8097184104514219,0.2923301090491658,0.005143830591809424,0.02832167878931693,1800000,18000000,12196800000,400.40000000000003
616,0.8072174184072509,0.2965653056905592,0.005241948001316333,0.028227430361332895,1800000,18000000,12216600000,401.05
617,0.8098388259397412,0.29003470881892784,0.0066778343550788115,0.028133495571754392,1800000,18000000,12236400000,401.7
618,0.8072804530146066,0.29605831997259,0.006911686943171477,0.028039873376860563,1800000,18000000,12256200000,402.35
619,0.8112082608861013,0.2884333719320558,0.008833252076796968,0.027946562736403842,1800000,18000000,12276000000,403.0
620,0.8099567497978124,0.29090673095069847,0.007619021145452326,0.027853562613598382,1800000,18000000,12295800000,403.65000000000003
621,0.8091518264138293,0.2915981664693533,0.006126773081683055,0.02776087197510853,1800000,18000000,12315600000,404.3
622,0.8076275617087794,0.28566265958536463,0.006432964929406315,0.027668489791037327,1800000,18000000,12335400000,404.95
623,0.8092046140196377,0.2900451908497489,0.007952970211362737,0.027576415034915123,1800000,18000000,12355200000,405.6
624,0.8110658444550781,0.2905161754918797,0.006280386546081386,0.027484646683688132,1800000,18000000,12375000000,406.25
625,0.8093320613511092,0.2926986828665101,0.006534588699195862,0.02739318371770705,1800000,18000000,12394800000,406.90000000000003
626,0.8104234861992592,0.2852141561862159,0.0053191458930924645,0.027302025120715785,1800000,18000000,12414600000,407.55
627,0.8086274217509737,0.2910448580416345,0.005218253856562555,0.027211169879840062,1800000,18000000,12434400000,408.2
628,0.8098849248451858,0.28521234018098446,0.00495761249230408,0.02712061698557629,1800000,18000000,12454200000,408.85
629,0.8116345767776931,0.2917316536316451,0.004934859391066717,0.027030365431780265,1800000,18000000,12474000000,409.5
630,0.8080230098559551,0.2943030787521165,0.003964378819189069,0.02694041421565602,1800000,18000000,12493800000,410.15000000000003
631,0.8111336346865414,0.2909822900555198,0.005780481591819134,0.026850762337744662,1800000,18000000,12513600000,410.8
632,0.8105492570512497,0.29312052269562233,0.0024482823416594702,0.026761408801913317,1800000,18000000,12533400000,411.45
633,0.8104369666703408,0.2887302496303727,0.005315520278282154,0.02667235261534397,1800000,18000000,12553200000,412.1
634,0.8080446773938337,0.2920216779849746,0.005767956265750868,0.02658359278852253,1800000,18000000,12573000000,412.75
635,0.8085431005280059,0.28977428741473443,0.005304573040746826,0.026495128335227797,1800000,18000000,12592800000,413.40000000000003
636,0.8102756324880633,0.2882555124321733,0.006509062575630575,0.02640695827252048,1800000,18000000,12612600000,414.05
637,0.8082664255542819,0.28617717506710344,0.004272848875011529,0.02631908162073231,1800000,18000000,12632400000,414.7
638,0.8111903123718497,0.29245964226250987,0.006453665022268531,0.026231497403455158,1800000,18000000,12652200000,415.35
639,0.8103057987862857,0.2855830669915915,0.005739281252358151,0.026144204647530124,1800000,18000000,12672000000,416.0
640,0.8087566554141445,0.2883757452556207,0.004282340541467656,0.026057202383036816,1800000,18000000,12691800000,416.65000000000003
641,0.8055723395398113,0.2949067952492788,0.005008698400420211,0.025970489643282507,1800000,18000000,12711600000,417.3
642,0.80772725841303,0.28944889581937083,0.005122292339574715,0.025884065464791422,1800000,18000000,12731400000,417.95
643,0.8079609883753369,0.2956498726804129,0.0038627686453308217,0.025797928887294017,1800000,18000000,12751200000,418.6
644,0.8099694012546278,0.2829364053771309,0.005517951427377073,0.02571207895371634,1800000,18000000,12771000000,419.25
645,0.8074603831134313,0.2963861822706389,0.00575835522985919,0.025626514710169333,1800000,18000000,12790800000,419.90000000000003
646,0.8082364420756764,0.29055340183284073,0.005068464168897042,0.025541235205938307,1800000,18000000,12810600000,420.55
647,0.8091843829498654,0.2888270551742517,0.006871141419124819,0.02545623949347234,1800000,18000000,12830400000,421.2
648,0.8089443942268364,0.2926379596946673,0.0050256035105916514,0.025371526628373754,1800000,18000000,12850200000,421.85
649,0.8096765435210993,0.28672687883605985,0.005242138444589068,0.025287095669387614,1800000,18000000,12870000000,422.5
650,0.8099457836896226,0.2911697965863751,0.007225369430295876,0.025202945678391302,1800000,18000000,12889800000,423.15000000000003
651,0.8109330228402515,0.29361106387786307,0.006192671835089701,0.02511907572038403,1800000,18000000,12909600000,423.8
652,0.8111285429151293,0.2892691163733929,0.004704258509389534,0.02503548486347652,1800000,18000000,12929400000,424.45
653,0.8090212753040491,0.2897445744717999,0.006340991747625922,0.024952172178880617,1800000,18000000,12949200000,425.1
654,0.8090223471654492,0.2941639959947473,0.004624573784242746,0.024869136740898967,1800000,18000000,12969000000,425.75
655,0.8082168440092296,0.2910735415368976,0.005050804101737631,0.024786377626914748,1800000,18000000,12988800000,426.40000000000003
656,0.807021870842194,0.29285768563557024,0.003900377031260782,0.024703893917381377,1800000,18000000,13008600000,427.05
657,0.8113161948207042,0.29166980950940125,0.004961050420131448,0.024621684695812353,1800000,18000000,13028400000,427.7
658,0.8092816794852534,0.2943473147292953,0.004947790646078223,0.02453974904877104,1800000,18000000,13048200000,428.35
659,0.8097244843806605,0.29316603677751296,0.003361040153261799,0.02445808606586051,1800000,18000000,13068000000,429.0
660,0.8101451802143823,0.29155774866211764,0.004923842212683103,0.024376694839713452,1800000,18000000,13087800000,429.65000000000003
661,0.809968959683612,0.2931394199587624,0.0057622250896822,0.024295574465982076,1800000,18000000,13107600000,430.3
662,0.8108498191571748,0.2890572260441862,0.004426831156988056,0.024214724043328046,1800000,18000000,13127400000,430.95
663,0.8098501462562507,0.28789700420842007,0.004817561587374351,0.02413414267341251,1800000,18000000,13147200000,431.6
664,0.8072270339760681,0.29248255667807727,0.003951868390346645,0.02405382946088608,1800000,18000000,13167000000,432.25
665,0.8108051274746183,0.2862083346321307,0.0037224237353663796,0.02397378351337891,1800000,18000000,13186800000,432.90000000000003
666,0.8093286825351463,0.2927787555823996,0.005175015911825962,0.02389400394149075,1800000,18000000,13206600000,433.55
667,0.8103503920873879,0.2892008986305627,0.005732621923698783,0.023814489858781113,1800000,18000000,13226400000,434.2
668,0.8090296432452657,0.29366417412155343,0.007540539914932863,0.02373524038175934,1800000,18000000,13246200000,434.85
669,0.8090185201734202,0.2931067050135409,0.006444146802652887,0.02365625462987489,1800000,18000000,13266000000,435.5
670,0.8081467534102899,0.2937534302474727,0.00429438747766721,0.023577531725507483,1800000,18000000,13285800000,436.15000000000003
671,0.8099494862381951,0.2905573618351042,0.0042104417999183925,0.023499070793957372,1800000,18000000,13305600000,436.8
672,0.8111890515142555,0.28906104253545406,0.004744377635020534,0.023420870963435616,1800000,18000000,13325400000,437.45
673,0.8097747395369816,0.29253899995326443,0.0033234244487353676,0.02334293136505442,1800000,18000000,13345200000,438.1
674,0.8091984482337847,0.29000496288170396,0.00499803198951661,0.02326525113281743,1800000,18000000,13365000000,438.75
675,0.81288086438859,0.2900151326622974,0.004705719540097024,0.023187829403610152,1800000,18000000,13384800000,439.40000000000003
676,0.8088218631006282,0.29084684128501836,0.0038507041574519724,0.023110665317190367,1800000,18000000,13404600000,440.05
677,0.8098649565524456,0.29118624257105435,0.005808742697044989,0.023033758016178532,1800000,18000000,13424400000,440.7
678,0.8103601135248961,0.29589870213048847,0.0030652756025588094,0.022957106646048307,1800000,18000000,13444200000,441.35
679,0.8087854475356795,0.29186442871588636,0.004472458977050073,0.022880710355116993,1800000,18000000,13464000000,442.0
680,0.8061732929340475,0.29347693461231233,0.003961945642222333,0.02280456829453613,1800000,18000000,13483800000,442.65000000000003
681,0.8093199667230639,0.2898139680135551,0.004744035656544506,0.022728679618282042,1800000,18000000,13503600000,443.3
682,0.8060488893046591,0.2963196598442386,0.0025612535300362296,0.02265304348314644,1800000,18000000,13523400000,443.95
683,0.8102772669154282,0.29004649182007847,0.005181504762280417,0.02257765904872704,1800000,18000000,13543200000,444.6
684,0.8090224684777674,0.2905795527374512,0.005184478885402879,0.022502525477418246,1800000,18000000,13563000000,445.25
685,0.8109730394279312,0.28309960070037204,0.004924319485363749,0.02242764193440181,1800000,18000000,13582800000,445.90000000000003
686,0.8091407119234196,0.2900451107220623,0.0038875885932301278,0.02235300758763761,1800000,18000000,13602600000,446.55
687,0.8116078319128328,0.29198743313853853,0.005761979165908248,0.02227862160785435,1800000,18000000,13622400000,447.2
688,0.8110638511818513,0.29198653168857636,0.005339653390205876,0.02220448316854038,1800000,18000000,13642200000,447.85
689,0.8076159748727959,0.2944477024504669,0.005112952853275923,0.0221305914459345,1800000,18000000,13662000000,448.5
690,0.8101458746133382,0.29360860636947395,0.005148895108486429,0.022056945619016825,1800000,18000000,13681800000,449.15000000000003
691,0.8091969786036112,0.2922704869548467,0.0034792203802743475,0.02198354486949961,1800000,18000000,13701600000,449.8
692,0.8089528469807835,0.29300285860943365,0.0037857985835924196,0.02191038838181822,1800000,18000000,13721400000,450.45
693,0.8103521347855662,0.288879770019855,0.004201751898730809,0.021837475343122043,1800000,18000000,13741200000,451.1
694,0.8085344661200441,0.2897067930078664,0.005491186390480542,0.021764804943265458,1800000,18000000,13761000000,451.75
695,0.811267628465891,0.29279766565865384,0.005327329405067868,0.021692376374798823,1800000,18000000,13780800000,452.40000000000003
696,0.8090367798268836,0.28874494384284055,0.005189410257411277,0.02162018883295954,1800000,18000000,13800600000,453.05
697,0.8113321287974651,0.28713183016523386,0.0035699640535346755,0.021548241515663043,1800000,18000000,13820400000,453.7
698,0.8061252447846364,0.2890103609772485,0.004359674190133408,0.021476533623493964,1800000,18000000,13840200000,454.35
699,0.8073186073774512,0.28938618140596273,0.0033578608933439776,0.021405064359697207,1800000,18000000,13860000000,455.0
700,0.8108697542284682,0.29346572519761793,0.00414677930250751,0.021333832930169112,1800000,18000000,13879800000,455.65000000000003
701,0.8100482430549507,0.2859691253904056,0.0025420920828602093,0.021262838543448622,1800000,18000000,13899600000,456.3
702,0.8099339816289153,0.29319670203358855,0.00415119836167673,0.02119208041070847,1800000,18000000,13919400000,456.95
703,0.8062941240026825,0.29201027444355376,0.004076862323328307,0.02112155774574646,1800000,18000000,13939200000,457.6
704,0.8093516619447833,0.29447095706271526,0.005981794808597047,0.021051269764976704,1800000,18000000,13959000000,458.25
705,0.8104177674671031,0.2946540900101122,0.004417275654643806,0.020981215687420916,1800000,18000000,13978800000,458.90000000000003
706,0.8102772405589602,0.28956117853867974,0.004032619172694909,0.02091139473469973,1800000,18000000,13998600000,459.55
707,0.8082844292786205,0.2916604837931991,0.004938271076337779,0.020841806131024078,1800000,18000000,14018400000,460.2
708,0.8059279216513578,0.29529653896756425,0.003781692767315623,0.020772449103186517,1800000,18000000,14038200000,460.85
709,0.8090046393320673,0.2916233359329922,0.002848941773032832,0.0207033228805527,1800000,18000000,14058000000,461.5
710,0.8086076017528541,0.2853788041925489,0.005544857655493056,0.020634426695052777,1800000,18000000,14077800000,462.15000000000003
711,0.8102485917176921,0.2900593278915443,0.004979413118241776,0.020565759781172862,1800000,18000000,14097600000,462.8
712,0.8115636541423812,0.2921458723251777,0.004419678947679038,0.020497321375946544,1800000,18000000,14117400000,463.45
713,0.8090968951334809,0.2944800497596328,0.0042247571892798695,0.0204291107189464,1800000,18000000,14137200000,464.1
714,0.8105356409673766,0.29152757895891745,0.004948005504011204,0.020361127052275524,1800000,18000000,14157000000,464.75
715,0.8095330499548762,0.28866592541953956,0.005039006803096272,0.020293369620559148,1800000,18000000,14176800000,465.40000000000003
716,0.8092088308259072,0.28813719891713346,0.0042806985351368735,0.020225837670936227,1800000,18000000,14196600000,466.05
717,0.80724490096988,0.2895309746166426,0.003666311032000408,0.020158530453051063,1800000,18000000,14216400000,466.7
718,0.8071017208629402,0.29646488420157685,0.0034282437014215203,0.020091447219045,1800000,18000000,14236200000,467.35
719,0.8075240287383024,0.294651691678664,0.003566911858189828,0.020024587223548076,1800000,18000000,14256000000,468.0
720,0.807845021222574,0.29316267822979536,0.002507709320181542,0.019957949723670754,1800000,18000000,14275800000,468.65000000000003
721,0.8087320233270754,0.28573241440893066,0.0031640529167631833,0.01989153397899569,1800000,18000000,14295600000,469.3
722,0.8094969805677109,0.2850058384227368,0.005630595266300229,0.01982533925156948,1800000,18000000,14315400000,469.95
723,0.8098967872513733,0.287519947644133,0.004903754002453325,0.019759364805894478,1800000,18000000,14335200000,470.6
724,0.811949696238163,0.28729546683357776,0.0030361591061058516,0.019693609908920603,1800000,18000000,14355000000,471.25
725,0.8080124048914503,0.29011615762938164,0.00441615460211863,0.019628073830037226,1800000,18000000,14374800000,471.90000000000003
726,0.8062189264973684,0.29224088932486836,0.0030843930897572844,0.019562755841064997,1800000,18000000,14394600000,472.55
727,0.811235623413378,0.29308667579668757,0.0043637434144811445,0.019497655216247817,1800000,18000000,14414400000,473.2
728,0.8112574127771086,0.28937380760990017,0.002063687641766728,0.019432771232244746,1800000,18000000,14434200000,473.85
729,0.8084077783818256,0.2877828496731562,0.0030820416795206305,0.019368103168121962,1800000,18000000,14454000000,474.5
730,0.809615959017379,0.28856025163992893,0.004579344582633437,0.019303650305344755,1800000,18000000,14473800000,475.15000000000003
731,0.8098120547294603,0.2890685908320227,0.004867944125311342,0.01923941192776953,1800000,18000000,14493600000,475.8
732,0.808866872197437,0.29490303699811043,0.002375056247609539,0.019175387321635887,1800000,18000000,14513400000,476.45
733,0.8091541654307877,0.2879417011274723,0.003096258689400057,0.019111575775558647,1800000,18000000,14533200000,477.1
734,0.8102799948461298,0.2854476437218233,0.0036992388437570595,0.01904797658051998,1800000,18000000,14553000000,477.75
735,0.8081266428159637,0.29431079662149845,0.0036948227341238675,0.01898458902986151,1800000,18000000,14572800000,478.40000000000003
736,0.808487318291687,0.29066046359896036,0.004811401329749635,0.01892141241927647,1800000,18000000,14592600000,479.05
737,0.8112155223521312,0.29303755815632887,0.004663190870434351,0.01885844604680186,1800000,18000000,14612400000,479.7
738,0.8088142505709178,0.2928537425190613,0.004727108995625352,0.018795689212810673,1800000,18000000,14632200000,480.35
739,0.8097116778172486,0.2894128751284344,0.0026475001901772187,0.018733141220004107,1800000,18000000,14652000000,481.0
740,0.8078576834517738,0.2882001430188425,0.0036725782492059217,0.01867080137340383,1800000,18000000,14671800000,481.65000000000003
741,0.8111649584005293,0.2884128247261444,0.003998545798520145,0.01860866898034423,1800000,18000000,14691600000,482.3
742,0.8108779409162534,0.2925604398802143,0.0036028055224200596,0.01854674335046476,1800000,18000000,14711400000,482.95
743,0.8096356282322754,0.287588704639364,0.001572183394740492,0.018485023795702205,1800000,18000000,14731200000,483.6
744,0.8096361435392877,0.2929779566502595,0.004057614192140844,0.01842350963028311,1800000,18000000,14751000000,484.25
745,0.8112406378208806,0.2862375733927312,0.003698498551150037,0.018362200170716117,1800000,18000000,14770800000,484.90000000000003
746,0.8112506385446258,0.2935184455183881,0.003754758350721429,0.018301094735784378,1800000,18000000,14790600000,485.55
747,0.8061071091397018,0.2967701792810155,0.0027355203302764893,0.018240192646537985,1800000,18000000,14810400000,486.2
748,0.8107908563040546,0.2903588824834718,0.003157680366149577,0.018179493226286442,1800000,18000000,14830200000,486.85
749,0.8116851016915516,0.2879000281758306,0.003795746037006944,0.018118995800591103,1800000,18000000,14850000000,487.5
750,0.8102245769354258,0.2857788180520356,0.0037689957810483014,0.018058699697257735,1800000,18000000,14869800000,488.15000000000003
751,0.81112437235948,0.2891220473515534,0.004336820606182684,0.017998604246329014,1800000,18000000,14889600000,488.8
752,0.812458962580276,0.2915596079370073,0.0032641862423306556,0.01793870878007709,1800000,18000000,14909400000,489.45
753,0.8095439764570782,0.2896864947993514,0.005497113067766416,0.017879012632996176,1800000,18000000,14929200000,490.1
754,0.8097043495989587,0.2942389082477356,0.0029937898727632334,0.017819515141795115,1800000,18000000,14949000000,490.75
755,0.8084321638579206,0.29029320791713853,0.0034052839340108364,0.017760215645390067,1800000,18000000,14968800000,491.40000000000003
756,0.8109936271222206,0.28621972524921596,0.0037162023837641065,0.017701113484897137,1800000,18000000,14988600000,492.05
757,0.8082192994159552,0.29092383761086055,0.001982297560766448,0.017642208003625034,1800000,18000000,15008400000,492.7
758,0.8088403910615078,0.29162836649640583,0.003142501422794438,0.017583498547067807,1800000,18000000,15028200000,493.35
759,0.809578639289052,0.2906178651904653,0.005113755128052248,0.017524984462897568,1800000,18000000,15048000000,494.0
760,0.8091277838730825,0.29554543576471876,0.0027394248631214344,0.01746666510095721,1800000,18000000,15067800000,494.65000000000003
761,0.8120175844031728,0.28389164562787766,0.001526491229471726,0.017408539813253226,1800000,18000000,15087600000,495.3
762,0.8121783536501644,0.28958089978265156,0.005670880162033012,0.017350607953948487,1800000,18000000,15107400000,495.95
763,0.8104042230481778,0.2899933369564362,0.0037730384849859115,0.017292868879355078,1800000,18000000,15127200000,496.6
764,0.8100778137539792,0.2908397510616947,0.003287188302805387,0.017235321947927124,1800000,18000000,15147000000,497.25
765,0.810529092222383,0.2931403282827859,0.0031562564932916836,0.017177966520253697,1800000,18000000,15166800000,497.90000000000003
766,0.8098698035273934,0.29195603382204666,0.002529638398012579,0.01712080195905166,1800000,18000000,15186600000,498.55
767,0.8100644492698705,0.28716023913620703,0.002645237254671147,0.017063827629158642,1800000,18000000,15206400000,499.20000000000005
768,0.8118183402296208,0.28759539065823125,0.0025024875501708592,0.017007042897525942,1800000,18000000,15226200000,499.85
769,0.8107793830293426,0.28824138261801807,0.0029732495709022745,0.016950447133211522,1800000,18000000,15246000000,500.5
770,0.8095777996876428,0.29393613050828155,0.0017883299650383875,0.01689403970737297,1800000,18000000,15265800000,501.15000000000003
771,0.8089391837531584,0.2934273079815038,0.0034185732610881696,0.016837819993260533,1800000,18000000,15285600000,501.8
772,0.8080609434446545,0.29237823950042197,0.004526425742005433,0.016781787366210135,1800000,18000000,15305400000,502.45000000000005
773,0.8084057457821411,0.2888052676151024,0.003116254250182672,0.016725941203636456,1800000,18000000,15325200000,503.1
774,0.8121681311817108,0.28821230673698645,0.0021474154233545074,0.016670280885026006,1800000,18000000,15345000000,503.75
775,0.8076360052562065,0.29154597393176834,0.0019202227407563136,0.01661480579193023,1800000,18000000,15364800000,504.40000000000003
776,0.8090628667851727,0.2978713935624705,0.0028677086479811124,0.016559515307958635,1800000,18000000,15384600000,505.05
777,0.8071141165500832,0.2903928860884039,0.0019165134289620394,0.016504408818771934,1800000,18000000,15404400000,505.70000000000005
778,0.809514556322533,0.2875909295069072,0.0019913944879111135,0.01644948571207524,1800000,18000000,15424200000,506.35
779,0.8109936691992128,0.295109861575628,0.004621403452242726,0.016394745377611247,1800000,18000000,15444000000,507.0
780,0.8114858238809411,0.2891249496761904,0.00371147097800786,0.016340187207153453,1800000,18000000,15463800000,507.65000000000003
781,0.8107351662583788,0.28801396758355013,0.002200238961184925,0.016285810594499402,1800000,18000000,15483600000,508.3
782,0.8083434901413158,0.2921036461347233,0.002042056488536563,0.016231614935463958,1800000,18000000,15503400000,508.95000000000005
783,0.8100107977578128,0.290723649922232,0.0039425858722711435,0.01617759962787256,1800000,18000000,15523200000,509.6
784,0.8089712041943202,0.2938263059132936,0.004512351641933984,0.016123764071554577,1800000,18000000,15543000000,510.25
785,0.8093440576021327,0.2939889726981457,0.004996859561223222,0.016070107668336605,1800000,18000000,15562800000,510.90000000000003
786,0.8093070414894271,0.2954062517523559,0.0039631041815064464,0.01601662982203583,1800000,18000000,15582600000,511.55
787,0.8087856730009265,0.2888844535095514,0.005178112282551601,0.015963329938453414,1800000,18000000,15602400000,512.2
788,0.8112048244489405,0.29163785577966006,0.003950879403346582,0.015910207425367886,1800000,18000000,15622200000,512.85
789,0.8109412242644155,0.2891816300812651,0.004661457614690008,0.015857261692528542,1800000,18000000,15642000000,513.5
790,0.8086718255186137,0.28717430126474003,0.002077786504023942,0.015804492151648922,1800000,18000000,15661800000,514.15
791,0.8076961007365364,0.28604784560375396,0.001942828576579951,0.015751898216400252,1800000,18000000,15681600000,514.8000000000001
792,0.8102033889934805,0.2909595057769115,0.0026940253362571984,0.015699479302404933,1800000,18000000,15701400000,515.45
793,0.8092091311549577,0.2867344765548004,0.003803730067037453,0.015647234827230044,1800000,18000000,15721200000,516.1
794,0.8089232599137572,0.28954599997684566,0.0029759105852656667,0.015595164210380888,1800000,18000000,15741000000,516.75
795,0.8120636633697094,0.29131203291622576,0.001959891346133332,0.015543266873294511,1800000,18000000,15760800000,517.4
796,0.8105839222696436,0.29077661705529817,0.0018873230301601853,0.015491542239333302,1800000,18000000,15780600000,518.0500000000001
797,0.8069873797394633,0.29072979671184657,0.001125233901092793,0.01543998973377857,1800000,18000000,15800400000,518.7
798,0.809596563699085,0.28916451366089907,0.0034753525410712595,0.015388608783824179,1800000,18000000,15820200000,519.35
799,0.8069284867154191,0.2954052107877745,0.0020923335173829824,0.015337398818570146,1800000,18000000,15840000000,520.0
800,0.8102361554676318,0.28540953402734015,0.001675620288768967,0.01528635926901634,1800000,18000000,15859800000,520.65
801,0.8099421622112029,0.2868709437219021,0.0026952561254023075,0.01523548956805612,1800000,18000000,15879600000,521.3000000000001
802,0.8100437111986695,0.2894251993323396,0.0012712859677696381,0.01518478915047006,1800000,18000000,15899400000,521.95
803,0.8092860172282137,0.29160618520071374,0.003301580681130871,0.015134257452919677,1800000,18000000,15919200000,522.6
804,0.8081378868705528,0.2933006942479507,0.002054782535487234,0.01508389391394114,1800000,18000000,15939000000,523.25
805,0.8063557073253756,0.285707335682791,0.004000989045096669,0.015033697973939058,1800000,18000000,15958800000,523.9
806,0.8089039798003149,0.2912977179963907,0.0024529948787320958,0.014983669075180239,1800000,18000000,15978600000,524.5500000000001
807,0.8096795006412033,0.28831846746365797,0.00280674365066342,0.014933806661787518,1800000,18000000,15998400000,525.2
808,0.8093343402708435,0.2942093176005976,0.003916570969240939,0.014884110179733566,1800000,18000000,16018200000,525.85
809,0.8106771887350104,0.29144759398265824,0.0023374253458063677,0.01483457907683474,1800000,18000000,16038000000,526.5
810,0.8096701747410257,0.29462667166521483,0.0034801797627795096,0.014785212802744946,1800000,18000000,16057800000,527.15
811,0.8103867543381299,0.2869535996899096,0.002573161090038105,0.014736010808949521,1800000,18000000,16077600000,527.8000000000001
812,0.8105898079912909,0.2863464024644943,0.002086050557359189,0.014686972548759124,1800000,18000000,16097400000,528.45
813,0.8090540378169602,0.2961603390056032,0.0017672485611502887,0.014638097477303708,1800000,18000000,16117200000,529.1
814,0.8085418628675847,0.29353682707947726,0.0038077914521834682,0.014589385051526413,1800000,18000000,16137000000,529.75
815,0.8055948950291452,0.2949232969696819,0.001994973461461783,0.014540834730177563,1800000,18000000,16156800000,530.4
816,0.8113004764323221,0.28835853882280743,0.002798980719889854,0.014492445973808648,1800000,18000000,16176600000,531.0500000000001
817,0.8094742518692286,0.28733839960832425,0.0017532288137099747,0.014444218244766325,1800000,18000000,16196400000,531.7
818,0.8108466424438922,0.2916574837716771,0.0022055845015616273,0.01439615100718643,1800000,18000000,16216200000,532.35
819,0.8110710024800872,0.28648370612618634,0.0021405920632252607,0.014348243726988055,1800000,18000000,16236000000,533.0
820,0.8081845120858929,0.28589364596924927,0.002550676705535949,0.014300495871867599,1800000,18000000,16255800000,533.65
821,0.8063475948693195,0.29106997931825557,0.002541871796913501,0.01425290691129284,1800000,18000000,16275600000,534.3000000000001
822,0.8074210464140532,0.29414118099672754,0.0020930742446181702,0.014205476316497063,1800000,18000000,16295400000,534.95
823,0.8081136930426938,0.28640089114401635,0.0011592339615260267,0.014158203560473181,1800000,18000000,16315200000,535.6
824,0.8077979510199571,0.2890448139257703,0.002102257995847362,0.014111088117967848,1800000,18000000,16335000000,536.25
825,0.8107171206237392,0.28605934571237873,0.0024441893874352387,0.014064129465475665,1800000,18000000,16354800000,536.9
826,0.808158533235424,0.2941622284439005,0.0022204903931317722,0.01401732708123335,1800000,18000000,16374600000,537.5500000000001
827,0.8100423280959328,0.2847955555045551,0.0024821153690073503,0.013970680445213924,1800000,18000000,16394400000,538.2
828,0.8098795824799279,0.29328292070971307,0.002593940270289862,0.013924189039120962,1800000,18000000,16414200000,538.85
829,0.808195334755239,0.29257951957497985,0.002023020455395126,0.01387785234638279,1800000,18000000,16434000000,539.5
830,0.8103819857692575,0.2877656035074014,0.0015409622806763252,0.013831669852146802,1800000,18000000,16453800000,540.15
831,0.8100871666959871,0.29060629272323385,0.0017908052620039762,0.013785641043273693,1800000,18000000,16473600000,540.8000000000001
832,0.8126280344155067,0.2834528868582527,0.0033775206515432956,0.01373976540833178,1800000,18000000,16493400000,541.45
833,0.8077802902964714,0.29242373755282086,0.002879182475532569,0.013694042437591319,1800000,18000000,16513200000,542.1
834,0.8076860587557568,0.2919782475363177,0.0039518444686216245,0.01364847162301883,1800000,18000000,16533000000,542.75
835,0.8100549162314882,0.29640949831640717,0.0028073918167574154,0.013603052458271453,1800000,18000000,16552800000,543.4
836,0.8098877619078124,0.28580847476396,0.0034038063813460057,0.013557784438691338,1800000,18000000,16572600000,544.0500000000001
837,0.8092577223356099,0.293273761391749,0.0019824335699092153,0.013512667061300028,1800000,18000000,16592400000,544.7
838,0.8081075655876658,0.2876754140807381,0.0019848978862404723,0.013467699824792862,1800000,18000000,16612200000,545.35
839,0.8086183006633062,0.2906991790686012,0.0033894791710928334,0.013422882229533415,1800000,18000000,16632000000,546.0
840,0.8079742873752859,0.2886036600381208,0.003819170552979513,0.013378213777547955,1800000,18000000,16651800000,546.65
841,0.8103608212232464,0.28465799502744,0.0016863271320996128,0.013333693972519876,1800000,18000000,16671600000,547.3000000000001
842,0.8093770421648246,0.29188426537924034,0.002285736441258754,0.013289322319784223,1800000,18000000,16691400000,547.95
843,0.8100487445731602,0.2873568823441015,0.0016566653618032535,0.01324509832632218,1800000,18000000,16711200000,548.6
844,0.8125679198471258,0.28790030039808223,0.0023461096351132336,0.013201021500755583,1800000,18000000,16731000000,549.25
845,0.8090074204244707,0.2916233611660319,0.0023997665868140984,0.013157091353341475,1800000,18000000,16750800000,549.9
846,0.8102411415187367,0.28848742867996907,0.0017157245704008865,0.013113307395966662,1800000,18000000,16770600000,550.5500000000001
847,0.8098716261997122,0.28869111616849635,0.0009577930065962847,0.01306966914214226,1800000,18000000,16790400000,551.2
848,0.80818086466768,0.2893666854924417,0.0025162280418224306,0.013026176106998346,1800000,18000000,16810200000,551.85
849,0.8088964047582224,0.2931604013634153,0.004195730116713776,0.012982827807278526,1800000,18000000,16830000000,552.5
850,0.8089753368286253,0.2930136897934242,0.00467342307053357,0.012939623761334574,1800000,18000000,16849800000,553.15
851,0.8141307469992376,0.2869956171139576,0.0032614746228141317,0.012896563489121101,1800000,18000000,16869600000,553.8000000000001
852,0.8096426454639862,0.29092024753521334,0.0029106759648384233,0.012853646512190182,1800000,18000000,16889400000,554.45
853,0.8128155229414449,0.2910616596704341,0.0054177861858152624,0.012810872353686081,1800000,18000000,16909200000,555.1
854,0.8092232261887372,0.29361278758033466,0.0010663265697756076,0.012768240538339934,1800000,18000000,16929000000,555.75
855,0.8109606588603523,0.28937349423315073,0.0010975865709944397,0.01272575059246446,1800000,18000000,16948800000,556.4
856,0.8107379508487826,0.2881205190932184,0.002621353199362268,0.012683402043948716,1800000,18000000,16968600000,557.0500000000001
857,0.8075502411490525,0.29172330705042193,0.0015684565425934276,0.012641194422252843,1800000,18000000,16988400000,557.7
858,0.8104747016731716,0.29310671924732984,0.0032156847075261166,0.012599127258402818,1800000,18000000,17008200000,558.35
859,0.8098552755038616,0.2960579466415213,0.0034919291284762734,0.012557200084985287,1800000,18000000,17028000000,559.0
860,0.8085043297695204,0.2960781908286986,0.0025961581794554335,0.012515412436142334,1800000,18000000,17047800000,559.65
861,0.8100068730410831,0.29107463874997647,0.0013020467012625908,0.012473763847566318,1800000,18000000,17067600000,560.3000000000001
862,0.8122021401915341,0.2843885761693632,0.0016390732629999055,0.01243225385649472,1800000,18000000,17087400000,560.95
863,0.8092426350811371,0.2874305008952699,0.003024528898575204,0.012390882001704991,1800000,18000000,17107200000,561.6
864,0.8088998792213888,0.29634405013690246,0.0015984841737413636,0.01234964782350942,1800000,18000000,17127000000,562.25
865,0.8087514301000546,0.2898694037558318,0.003005671859998584,0.012308550863750054,1800000,18000000,17146800000,562.9
866,0.8082804883504889,0.29587908980848204,0.002320291760072359,0.012267590665793582,1800000,18000000,17166600000,563.5500000000001
867,0.8092557621015027,0.2891948811337779,0.0021636163398594233,0.012226766774526273,1800000,18000000,17186400000,564.2
868,0.8092549994126571,0.2906763738630001,0.0006975486305069265,0.012186078736348917,1800000,18000000,17206200000,564.85
869,0.8077630175866813,0.29436599975607025,0.0023408440325820914,0.012145526099171784,1800000,18000000,17226000000,565.5
870,0.8098649517559574,0.2901036688104152,0.00036165697772484956,0.01210510841240959,1800000,18000000,17245800000,566.15
871,0.8095950213832314,0.29187694971771905,0.0009449860520346586,0.01206482522697652,1800000,18000000,17265600000,566.8000000000001
872,0.807739475603828,0.2985014573033152,0.0023336452200663524,0.012024676095281203,1800000,18000000,17285400000,567.45
873,0.8068900965292217,0.29444028189744414,0.0010595913951114168,0.011984660571221769,1800000,18000000,17305200000,568.1
874,0.8098337724330091,0.29024698673362376,0.0016484755266967294,0.011944778210180869,1800000,18000000,17325000000,568.75
875,0.8082701269669215,0.29498270781528674,0.0026659826192875036,0.011905028569020754,1800000,18000000,17344800000,569.4
876,0.8105265771074234,0.2831373836743215,0.0027315614130918654,0.011865411206078324,1800000,18000000,17364600000,570.0500000000001
877,0.8099964143237812,0.2939068740489641,0.00137796653442904,0.011825925681160258,1800000,18000000,17384400000,570.7
878,0.8104977774172227,0.28805777957511985,0.002489231226743211,0.01178657155553809,1800000,18000000,17404200000,571.35
879,0.8093845369755146,0.29531078183469917,0.0015462618715350225,0.01174734839194336,1800000,18000000,17424000000,572.0
880,0.8074025063567887,0.29252657525849685,0.0033343243179549667,0.011708255754562732,1800000,18000000,17443800000,572.65
881,0.8088543130528073,0.2926365586763007,0.002097029714874267,0.011669293209033163,1800000,18000000,17463600000,573.3000000000001
882,0.8115518765671882,0.29424315903241804,0.0036592800380140103,0.011630460322437081,1800000,18000000,17483400000,573.95
883,0.8111654138516282,0.2803676524895674,0.0013261115667356537,0.01159175666329757,1800000,18000000,17503200000,574.6
884,0.8080641241732998,0.28608764494592703,0.0010787563765120457,0.011553181801573576,1800000,18000000,17523000000,575.25
885,0.8097243211049361,0.2860405228915117,0.0010763185287119138,0.011514735308655124,1800000,18000000,17542800000,575.9
886,0.8113793220829412,0.2892330452759554,0.0021366551098926036,0.011476416757358571,1800000,18000000,17562600000,576.5500000000001
887,0.807540019575414,0.2913693873951496,0.0009375768622451664,0.011438225721921835,1800000,18000000,17582400000,577.2
888,0.8115915431042605,0.2852921178782485,0.002315976879939639,0.011400161777999683,1800000,18000000,17602200000,577.85
889,0.8099101379463721,0.2872501361321243,0.003496335998389265,0.01136222450265902,1800000,18000000,17622000000,578.5
890,0.8081040724663546,0.2903150186792209,0.0023223218282705425,0.011324413474374167,1800000,18000000,17641800000,579.15
891,0.8101565719207755,0.29420863073049575,0.0020417514291709224,0.011286728273022203,1800000,18000000,17661600000,579.8000000000001
892,0.8096534291460439,0.29425748337593166,0.0015860821474591757,0.011249168479878289,1800000,18000000,17681400000,580.45
893,0.8071162843065239,0.29417937795071647,0.001915378364462871,0.011211733677610984,1800000,18000000,17701200000,581.1
894,0.8071122237140417,0.293897979500244,0.0030732701714852465,0.01117442345027767,1800000,18000000,17721000000,581.75
895,0.8077802850863587,0.29395925810227214,0.00232573558778661,0.011137237383319877,1800000,18000000,17740800000,582.4
896,0.8117420383288191,0.28858189824120645,0.0034888095273468375,0.011100175063558702,1800000,18000000,17760600000,583.0500000000001
897,0.8109422429890619,0.2862714694983475,0.00032106775265924046,0.01106323607919021,1800000,18000000,17780400000,583.7
898,0.8105793311569897,0.2925164448990753,0.0007959518656830006,0.011026420019780866,1800000,18000000,17800200000,584.35
899,0.8096302866171522,0.29071649005139716,0.0022360240387061378,0.010989726476262956,1800000,18000000,17820000000,585.0
900,0.8101602750854088,0.29430365368390093,0.0002692870684785707,0.010953155040930068,1800000,18000000,17839800000,585.65
901,0.8074119810470869,0.2925905919678205,0.0013001330910863203,0.010916705307432543,1800000,18000000,17859600000,586.3000000000001
902,0.8090710689613834,0.29260230240575624,0.0,0.010880376870772968,1800000,18000000,17879400000,586.95
903,0.808483676334867,0.29142795647364383,0.00036031158286566273,0.010844169327301678,1800000,18000000,17899200000,587.6
904,0.8103611986225132,0.2852345862359569,0.0016687100414377446,0.010808082274712251,1800000,18000000,17919000000,588.25
905,0.8091484507536725,0.2945039030261809,0.001706805734038523,0.010772115312037072,1800000,18000000,17938800000,588.9
906,0.8075190119315853,0.29373131384089246,0.0014748517198956159,0.010736268039642852,1800000,18000000,17958600000,589.5500000000001
907,0.810550749541133,0.2935932784070938,0.002229675877624596,0.010700540059226191,1800000,18000000,17978400000,590.2
908,0.8090212780934308,0.2894161282537133,0.0029043252416780033,0.010664930973809168,1800000,18000000,17998200000,590.85
909,0.8109006183461508,0.28837863063949104,0.0015608107452657032,0.010629440387734914,1800000,18000000,18018000000,591.5
910,0.8112542809640552,0.28114750949915157,0.0008907028099953779,0.010594067906663207,1800000,18000000,18037800000,592.15
911,0.8102054254948612,0.28986899139168637,0.0006286160898744584,0.010558813137566122,1800000,18000000,18057600000,592.8000000000001
912,0.8079050943366874,0.29805411557087935,0.001900421438724856,0.01052367568872364,1800000,18000000,18077400000,593.45
913,0.8080597851101455,0.2911078880842704,0.002401392484110798,0.010488655169719302,1800000,18000000,18097200000,594.1
914,0.8103085114229988,0.2918759577276115,0.0025554444427594793,0.010453751191435868,1800000,18000000,18117000000,594.75
915,0.8113002654905674,0.28640032549884215,0.002435102249261853,0.010418963366051004,1800000,18000000,18136800000,595.4
916,0.8097505012593186,0.2920362565060471,0.0027245133273291955,0.01038429130703295,1800000,18000000,18156600000,596.0500000000001
917,0.8108542130942824,0.29243268650914817,0.0017671331583940812,0.010349734629136251,1800000,18000000,18176400000,596.7
918,0.8095355331757794,0.29392111549225175,0.0003483869140879338,0.010315292948397467,1800000,18000000,18196200000,597.35
919,0.8094824854371151,0.28758553956944627,0.0035216665363909834,0.0102809658821309,1800000,18000000,18216000000,598.0
920,0.8081888589742166,0.29117771500963974,0.0019418551651788902,0.010246753048924351,1800000,18000000,18235800000,598.65
921,0.8098457687296822,0.29004728849716216,0.0013301564975958622,0.010212654068634879,1800000,18000000,18255600000,599.3000000000001
922,0.8099813594796988,0.290331265646301,0.0,0.010178668562384568,1800000,18000000,18275400000,599.95
923,0.8106049465198375,0.28831852006005515,0.002078667646799903,0.010144796152556337,1800000,18000000,18295200000,600.6
924,0.8091657043864888,0.2970122372673087,0.001844631281567176,0.010111036462789725,1800000,18000000,18315000000,601.25
925,0.8086141036783795,0.2890982343411016,0.0018044118011315664,0.010077389117976725,1800000,18000000,18334800000,601.9
926,0.8101032690771502,0.2845298008813006,0.00024725366113729575,0.010043853744257604,1800000,18000000,18354600000,602.5500000000001
927,0.8079815424533084,0.29201385273463876,0.0021689100932969765,0.010010429969016745,1800000,18000000,18374400000,603.2
928,0.8111893623340242,0.2940537365805503,0.002233870321986314,0.009977117420878534,1800000,18000000,18394200000,603.85
929,0.8126989280384741,0.28484052742034416,0.0,0.009943915729703197,1800000,18000000,18414000000,604.5
930,0.8094570749207809,0.29076614773867165,0.0022367152259051585,0.009910824526582717,1800000,18000000,18433800000,605.15
931,0.8071891470699266,0.2923807910913887,0.0011340338754205399,0.009877843443836716,1800000,18000000,18453600000,605.8000000000001
932,0.8091236266939693,0.2884711071099104,0.00506193581054803,0.009844972115008389,1800000,18000000,18473400000,606.45
933,0.8101218526048247,0.28420221382787936,0.0030202556367396275,0.009812210174860397,1800000,18000000,18493200000,607.1
934,0.8103143073360053,0.28733972216045367,0.002363344296798547,0.009779557259370852,1800000,18000000,18513000000,607.75
935,0.8110562958617649,0.2945257812691826,0.0019304166977031092,0.00974701300572925,1800000,18000000,18532800000,608.4
936,0.8083585111835074,0.2957567592060585,0.0018164302813056211,0.009714577052332429,1800000,18000000,18552600000,609.0500000000001
937,0.8089451013134755,0.29379978492511916,0.001985700248182262,0.00968224903878058,1800000,18000000,18572400000,609.7
938,0.8089287695108012,0.29119478574806984,0.0026514091526517207,0.009650028605873223,1800000,18000000,18592200000,610.35
939,0.8092449643984163,0.29088726066925596,0.002851691077550595,0.009617915395605208,1800000,18000000,18612000000,611.0
940,0.8088039911627738,0.2961358629213507,0.0002292615848041989,0.009585909051162758,1800000,18000000,18631800000,611.65
941,0.8103542764383437,0.28860301311095127,0.0006956523499552177,0.009554009216919498,1800000,18000000,18651600000,612.3000000000001
942,0.807934611795538,0.2872715354512176,0.0008366476082316576,0.009522215538432497,1800000,18000000,18671400000,612.95
943,0.809721853711207,0.29117534473737106,0.0019494217011572913,0.009490527662438332,1800000,18000000,18691200000,613.6
944,0.8091350987425833,0.28942882178448104,0.002749580616209434,0.00945894523684917,1800000,18000000,18711000000,614.25
945,0.8124801816453019,0.28881845602943,0.0007565724348288615,0.009427467910748841,1800000,18000000,18730800000,614.9
946,0.8129191585031893,0.2845365225163654,0.0017034474064528747,0.009396095334388952,1800000,18000000,18750600000,615.5500000000001
947,0.8091388765508194,0.2877289303979422,0.0021201333537247246,0.009364827159185005,1800000,18000000,18770400000,616.2
948,0.8093366956556609,0.29388923924172505,0.002790020299299273,0.009333663037712504,1800000,18000000,18790200000,616.85
949,0.8097113744340845,0.2874369127553456,0.0012243653745232983,0.009302602623703115,1800000,18000000,18810000000,617.5
950,0.8084184166561407,0.28948974497915564,0.0019555665279029576,0.009271645572040809,1800000,18000000,18829800000,618.15
951,0.8100767473408881,0.2920220147246758,0.0013616675123625838,0.00924079153875802,1800000,18000000,18849600000,618.8000000000001
952,0.8101893897520724,0.2901675986047016,0.0,0.009210040181031845,1800000,18000000,18869400000,619.45
953,0.8080582093915718,0.2906649116824124,0.0027584877580390703,0.009179391157180212,1800000,18000000,18889200000,620.1
954,0.8091853133924679,0.28874297509293334,0.0010405989790326794,0.009148844126658095,1800000,18000000,18909000000,620.75
955,0.8095713601316397,0.29473776205312807,0.00013678594478477575,0.009118398750053738,1800000,18000000,18928800000,621.4
956,0.8080930684622846,0.29344374410742163,0.00018025215901211868,0.009088054689084853,1800000,18000000,18948600000,622.0500000000001
957,0.8075683339703958,0.2937098649359491,0.0007332717340422077,0.009057811606594903,1800000,18000000,18968400000,622.7
958,0.8101327436384693,0.2861185619909246,0.002660457674781977,0.009027669166549323,1800000,18000000,18988200000,623.35
959,0.8092446844876934,0.2910284598858769,0.002505389705476888,0.008997627034031805,1800000,18000000,19008000000,624.0
960,0.808403221275211,0.2927239815511943,0.0006362521995199545,0.008967684875240566,1800000,18000000,19027800000,624.65
961,0.8116027071043915,0.28465203196805994,0.0020818845962261613,0.00893784235748465,1800000,18000000,19047600000,625.3000000000001
962,0.8101037963424127,0.29268052667871824,0.0012808801257790578,0.008908099149180209,1800000,18000000,19067400000,625.95
963,0.8107544766093862,0.28979122509440614,0.0007436928231672225,0.008878454919846852,1800000,18000000,19087200000,626.6
964,0.8106570982363002,0.2911489601072709,0.0027271563183154856,0.008848909340103947,1800000,18000000,19107000000,627.25
965,0.8091907740924453,0.29274195129330965,0.0010514061470113852,0.00881946208166697,1800000,18000000,19126800000,627.9
966,0.809706125255871,0.2859298933301242,0.0015639373049751322,0.008790112817343857,1800000,18000000,19146600000,628.5500000000001
967,0.8112471928984284,0.28830445721529613,0.001771441198178585,0.008760861221031375,1800000,18000000,19166400000,629.2
968,0.8094375062503448,0.28736281819738246,0.00042899220014686935,0.008731706967711477,1800000,18000000,19186200000,629.85
969,0.8085805860420653,0.29596498508340136,0.0021450268402427044,0.008702649733447719,1800000,18000000,19206000000,630.5
970,0.8098454433746209,0.28807956775900684,0.001161690611968886,0.008673689195381645,1800000,18000000,19225800000,631.15
971,0.8087926748113844,0.29001327734000465,0.0,0.0086448250317292,1800000,18000000,19245600000,631.8000000000001
972,0.8076325095705413,0.2891126787339723,0.001128348523420317,0.008616056921777155,1800000,18000000,19265400000,632.45
973,0.8115169140941593,0.28399842950917353,0.0018963083166857965,0.008587384545879555,1800000,18000000,19285200000,633.1
974,0.8100487659248562,0.29317377766709957,0.0016388043584462816,0.00855880758545414,1800000,18000000,19305000000,633.75
975,0.8082112663809456,0.29350304912014324,0.0003917501487408564,0.008530325722978842,1800000,18000000,19324800000,634.4
976,0.8096045578737493,0.2839679422785016,0.0007184529000686066,0.008501938641988227,1800000,18000000,19344600000,635.0500000000001
977,0.8108291964751421,0.29476240917191027,0.0005952817212031072,0.00847364602706999,1800000,18000000,19364400000,635.7
978,0.8078874843659486,0.29371224717293903,0.0007788823522993712,0.008445447563861456,1800000,18000000,19384200000,636.35
979,0.8098372793577246,0.28892538847545246,0.002165184710307071,0.008417342939046071,1800000,18000000,19404000000,637.0
980,0.8057597442733566,0.29427763349087993,0.001993534959410581,0.008389331840349944,1800000,18000000,19423800000,637.65
981,0.8106195929614495,0.2932808476863853,0.0011571632982352214,0.008361413956538348,1800000,18000000,19443600000,638.3000000000001
982,0.8113528477934877,0.2865344021666314,0.002102195642988542,0.008333588977412296,1800000,18000000,19463400000,638.95
983,0.8096425713135758,0.2926915291376813,0.0,0.008305856593805061,1800000,18000000,19483200000,639.6
984,0.8062520826591367,0.2972789212148879,0.0006820399519294845,0.008278216497578768,1800000,18000000,19503000000,640.25
985,0.8091016797729849,0.2878759240076278,0.0008198860328301186,0.008250668381620944,1800000,18000000,19522800000,640.9
986,0.8088772007005344,0.2910522027947867,0.0005032919052467024,0.008223211939841133,1800000,18000000,19542600000,641.5500000000001
987,0.8108995632322595,0.2909402757155791,0.0018567147351003406,0.008195846867167478,1800000,18000000,19562400000,642.2
988,0.8103087397472439,0.28930820688904546,0.0016087763408559452,0.008168572859543331,1800000,18000000,19582200000,642.85
989,0.8083545478008395,0.28743632676785597,0.0,0.008141389613923886,1800000,18000000,19602000000,643.5
990,0.8096330364086981,0.2895649315605452,0.0,0.008114296828272803,1800000,18000000,19621800000,644.15
991,0.8098005458152834,0.29335850178796535,0.001880442102722103,0.008087294201558844,1800000,18000000,19641600000,644.8000000000001
992,0.8068493444892788,0.2914392041581119,0.001228406497904078,0.00806038143375255,1800000,18000000,19661400000,645.45
993,0.8086908296301165,0.28877783561783626,0.0014211707712535558,0.008033558225822888,1800000,18000000,19681200000,646.1
994,0.8110665111885067,0.29073319795252894,0.0014793740902188089,0.008006824279733942,1800000,18000000,19701000000,646.75
995,0.8100931611144805,0.29014399384697176,0.00018940361795438915,0.00798017929844159,1800000,18000000,19720800000,647.4
996,0.8098570093144156,0.2921074107857481,0.0027788861403716713,0.007953622985890214,1800000,18000000,19740600000,648.0500000000001
997,0.8104879412744332,0.28915744364078283,0.0011264789755740722,0.007927155047009393,1800000,18000000,19760400000,648.7
998,0.8128505372578304,0.2850064877973671,0.00011103233269308321,0.007900775187710651,1800000,18000000,19780200000,649.35
999,0.812833122121401,0.2875084502812883,0.000951995143759565,0.007874483114884165,1800000,18000000,19800000000,650.0
