round,test_accuracy,train_objective,mfg,hfr_tau,downlink_bytes,uplink_bytes,cumulative_serialized_bytes,single_device_elapsed_seconds
0,0.5060773330662177,0.5957534273425504,0.07064976876636975,0.22,1800000,9000000,10800000,0.6000000000000001
1,0.5088466694125512,0.5909770297187843,0.07055690650018925,0.2192678875319951,1800000,9000000,21600000,1.2000000000000002
2,0.5125398387861375,0.5890664939527065,0.0694944377843369,0.21853821137610757,1800000,9000000,32400000,1.8000000000000003
3,0.5158677196582245,0.59008539892747,0.06729118264961079,0.21781096342481698,1800000,9000000,43200000,2.4000000000000004
4,0.5228875508598444,0.5744963975419001,0.06854664323711841,0.21708613559758305,1800000,9000000,54000000,3.0000000000000004
5,0.5242252960606706,0.5787012114734407,0.0675113494689021,0.21636371984075584,1800000,9000000,64800000,3.6000000000000005
6,0.5301519630610354,0.5708404091950363,0.06847007327240145,0.21564370812748615,1800000,9000000,75600000,4.200000000000001
7,0.5339485647772249,0.5756188983395677,0.0671573773455872,0.21492609245763647,1800000,9000000,86400000,4.800000000000001
8,0.5357853514199018,0.5665694924626636,0.0671658218729058,0.2142108648576919,1800000,9000000,97200000,5.4
9,0.5390307582838577,0.56363933203425,0.06542289221224744,0.21349801738067178,1800000,9000000,108000000,6.000000000000001
10,0.5442380914071107,0.5556903794554164,0.0684342929312986,0.2127875421060413,1800000,9000000,118800000,6.600000000000001
11,0.545796229619391,0.5537539109350892,0.0662892930949251,0.21207943113962338,1800000,9000000,129600000,7.200000000000001
12,0.5513186734977075,0.5436176174440962,0.06759266121628242,0.2113736766135111,1800000,9000000,140400000,7.800000000000001
13,0.5541286668637512,0.5483857810240171,0.06509710219103239,0.2106702706859803,1800000,9000000,151200000,8.400000000000002
14,0.5617064191239275,0.5406954206504836,0.0679488172524547,0.20996920554140228,1800000,9000000,162000000,9.000000000000002
15,0.5601566893946386,0.5407132619171846,0.06557930752922421,0.20927047339015709,1800000,9000000,172800000,9.600000000000001
16,0.5680909145381496,0.5320852701044118,0.06633476094394022,0.208574066468547,1800000,9000000,183600000,10.200000000000001
17,0.5678170666572969,0.529627834902785,0.06508644368335145,0.2078799770387102,1800000,9000000,194400000,10.8
18,0.5735621579613989,0.5207795714960893,0.06613967131436323,0.20718819738853472,1800000,9000000,205200000,11.400000000000002
19,0.5754328598172015,0.5231181472140024,0.06449151822718781,0.2064987198315729,1800000,9000000,216000000,12.000000000000002
20,0.5775593054749317,0.5217453267302051,0.06337814224023608,0.2058115367069559,1800000,9000000,226800000,12.600000000000001
21,0.5789609773355557,0.5166369881947699,0.0645488689729279,0.2051266403793086,1800000,9000000,237600000,13.200000000000003
22,0.5822740478621252,0.5213135908518314,0.06381702433896594,0.20444402323866478,1800000,9000000,248400000,13.800000000000002
23,0.5881439085750635,0.5116131767991012,0.06416695795784011,0.20376367770038248,1800000,9000000,259200000,14.400000000000002
24,0.5919274982534403,0.5036151842921884,0.06447265917946476,0.20308559620505987,1800000,9000000,270000000,15.000000000000002
25,0.5932796756602418,0.5072963821242501,0.062352274089300476,0.20240977121845113,1800000,9000000,280800000,15.600000000000001
26,0.5981697254763703,0.49591049286639416,0.06273864452004282,0.20173619523138275,1800000,9000000,291600000,16.200000000000003
27,0.5990121398453847,0.5014577321023579,0.06390904014476066,0.2010648607596702,1800000,9000000,302400000,16.800000000000004
28,0.6007587588622014,0.5040339341308122,0.06243771815911534,0.20039576034403467,1800000,9000000,313200000,17.400000000000002
29,0.6034775148452779,0.49710128388831426,0.06327015387437454,0.19972888655002022,1800000,9000000,324000000,18.000000000000004
30,0.6093379701343226,0.4905005603758999,0.06124709535032205,0.1990642319679111,1800000,9000000,334800000,18.6
31,0.6125638637538294,0.4845311105032772,0.061674297228491146,0.19840178921264964,1800000,9000000,345600000,19.200000000000003
32,0.6115806328992545,0.488294545769644,0.06139588321053315,0.19774155092375395,1800000,9000000,356400000,19.800000000000004
33,0.6167567074379486,0.48079162318413166,0.061786867440142126,0.1970835097652362,1800000,9000000,367200000,20.400000000000002
34,0.6177888369672715,0.48228496921637454,0.06134847560806206,0.19642765842552126,1800000,9000000,378000000,21.000000000000004
35,0.6228162281188423,0.4818368772586584,0.05964721826348936,0.19577398961736522,1800000,9000000,388800000,21.6
36,0.622825507253526,0.4769724101423112,0.0613935688391039,0.19512249607777465,1800000,9000000,399600000,22.200000000000003
37,0.6237720415526771,0.4723623040673199,0.061519296268294985,0.1944731705679257,1800000,9000000,410400000,22.800000000000004
38,0.6307566660278726,0.46599548223824655,0.06079028667167339,0.1938260058730838,1800000,9000000,421200000,23.400000000000002
39,0.6338187309067213,0.4667159922973096,0.06032734489562788,0.1931809948025235,1800000,9000000,432000000,24.000000000000004
40,0.631632898413544,0.46980046534685477,0.058683232992293326,0.19253813018944846,1800000,9000000,442800000,24.600000000000005
41,0.6379498922987216,0.46382419843055844,0.056828697490922314,0.19189740489091192,1800000,9000000,453600000,25.200000000000003
42,0.6349708713914339,0.46262649789630866,0.059306729146365034,0.1912588117877373,1800000,9000000,464400000,25.800000000000004
43,0.6407777789575192,0.45960948484897207,0.057958916960742055,0.1906223437844391,1800000,9000000,475200000,26.400000000000006
44,0.640581090508067,0.46425049632330073,0.056793962577335405,0.1899879938091441,1800000,9000000,486000000,27.000000000000004
45,0.6452827804567178,0.4573873716987176,0.057674654189591994,0.18935575481351272,1800000,9000000,496800000,27.600000000000005
46,0.6478274477989749,0.4505365032342003,0.05766434741178713,0.1887256197726607,1800000,9000000,507600000,28.200000000000003
47,0.6494898065645731,0.45502554592963523,0.05952297730403989,0.1880975816850811,1800000,9000000,518400000,28.800000000000004
48,0.6520365785607801,0.45232439117820167,0.058720643879697165,0.1874716335725665,1800000,9000000,529200000,29.400000000000006
49,0.6538837582577819,0.4438628667760587,0.058967607018537725,0.18684776848013143,1800000,9000000,540000000,30.000000000000004
50,0.651958295012092,0.451547027829273,0.05538317797656626,0.1862259794759351,1800000,9000000,550800000,30.600000000000005
51,0.656906645257536,0.43845512523343744,0.05759571432694009,0.18560625965120442,1800000,9000000,561600000,31.200000000000003
52,0.6545448427056068,0.44870760954777683,0.05606196658918136,0.18498860212015716,1800000,9000000,572400000,31.800000000000004
53,0.6640188726433158,0.4456003840699964,0.05765831458617369,0.18437300001992551,1800000,9000000,583200000,32.400000000000006
54,0.6643493675478229,0.43685986654544956,0.05709934451729109,0.18375944651047985,1800000,9000000,594000000,33.00000000000001
55,0.6674637648174218,0.43531493701437746,0.05694274599049473,0.1831479347745526,1800000,9000000,604800000,33.60000000000001
56,0.6681272140930402,0.4285153494720531,0.0565439674645092,0.18253845801756263,1800000,9000000,615600000,34.2
57,0.6694601923905774,0.4295771633024336,0.05699106007367035,0.1819310094675397,1800000,9000000,626400000,34.800000000000004
58,0.6698857071309839,0.4286607919368428,0.05574563873356246,0.18132558237504928,1800000,9000000,637200000,35.400000000000006
59,0.6711900743049808,0.4310661175665083,0.055225119719843285,0.18072217001311738,1800000,9000000,648000000,36.00000000000001
60,0.6734777698544842,0.4289187287892011,0.054089134778823114,0.18012076567715601,1800000,9000000,658800000,36.60000000000001
61,0.6777880160005191,0.4202675096474686,0.053111811113483294,0.1795213626848886,1800000,9000000,669600000,37.2
62,0.6787350016651508,0.41786209619522824,0.0528703805791003,0.17892395437627573,1800000,9000000,680400000,37.800000000000004
63,0.6792271071471682,0.41588685712922147,0.05556295769390634,0.17832853411344116,1800000,9000000,691200000,38.400000000000006
64,0.6814985012110872,0.4200270589881098,0.05550816375014571,0.17773509528059805,1800000,9000000,702000000,39.00000000000001
65,0.6832227243574286,0.4172767115587508,0.05443450546789452,0.17714363128397553,1800000,9000000,712800000,39.60000000000001
66,0.6827141961868983,0.41817545010162027,0.05497662177149211,0.17655413555174526,1800000,9000000,723600000,40.2
67,0.6859875162734158,0.4105896085508239,0.05309720713225837,0.17596660153394866,1800000,9000000,734400000,40.800000000000004
68,0.6875035894990172,0.4122775849348844,0.052782803435571304,0.1753810227024239,1800000,9000000,745200000,41.400000000000006
69,0.6881872361800151,0.4099300300671423,0.053327772866911934,0.17479739255073348,1800000,9000000,756000000,42.00000000000001
70,0.6915727145444022,0.407262032124645,0.05230959635723533,0.17421570459409197,1800000,9000000,766800000,42.60000000000001
71,0.6909494026937942,0.41041287619593503,0.052595528120011295,0.17363595236929383,1800000,9000000,777600000,43.2
72,0.693254275229044,0.40401090441805004,0.05403669079624897,0.17305812943464177,1800000,9000000,788400000,43.800000000000004
73,0.6940340562412953,0.41021533377236924,0.05161177029234211,0.17248222936987492,1800000,9000000,799200000,44.400000000000006
74,0.6989207431131451,0.4002361362292903,0.05259245741193281,0.1719082457760978,1800000,9000000,810000000,45.00000000000001
75,0.6966736031287492,0.40173081296767776,0.05051947948420236,0.17133617227570908,1800000,9000000,820800000,45.60000000000001
76,0.6966625637966005,0.407817051806262,0.05167467624047242,0.17076600251233054,1800000,9000000,831600000,46.20000000000001
77,0.6994824036420441,0.393862686233775,0.05196596665540616,0.17019773015073678,1800000,9000000,842400000,46.800000000000004
78,0.7011843835464766,0.39556124967246314,0.05246175554660606,0.16963134887678458,1800000,9000000,853200000,47.400000000000006
79,0.7010761414700266,0.39636593131741843,0.051178656488479905,0.16906685239734287,1800000,9000000,864000000,48.00000000000001
80,0.7023014007445143,0.39523648723777355,0.050523441938592324,0.16850423444022272,1800000,9000000,874800000,48.60000000000001
81,0.7064591365409928,0.39449285674347906,0.04985140240693872,0.1679434887541077,1800000,9000000,885600000,49.20000000000001
82,0.7081789378543139,0.39117802677236796,0.04978067882076794,0.16738460910848446,1800000,9000000,896400000,49.800000000000004
83,0.708299768531087,0.3872441389246124,0.050636846253262514,0.16682758929357333,1800000,9000000,907200000,50.400000000000006
84,0.7100325281126848,0.3859857207924244,0.04822703405819503,0.1662724231202596,1800000,9000000,918000000,51.00000000000001
85,0.7139233713997158,0.3863273678201195,0.05204820484907574,0.1657191044200245,1800000,9000000,928800000,51.60000000000001
86,0.7116218926866459,0.3880586977083691,0.04996945629377025,0.16516762704487678,1800000,9000000,939600000,52.20000000000001
87,0.7119091337434766,0.3915383072174408,0.04822470443368201,0.16461798486728435,1800000,9000000,950400000,52.80000000000001
88,0.7127622976059592,0.38859844613678546,0.048255030907201846,0.16407017178010627,1800000,9000000,961200000,53.400000000000006
89,0.7151133824120782,0.3887904919877001,0.04751368689937417,0.16352418169652483,1800000,9000000,972000000,54.00000000000001
90,0.713804028352553,0.38889181551678775,0.04793925715040857,0.16298000854997793,1800000,9000000,982800000,54.60000000000001
91,0.7171335528932897,0.38365222102529756,0.04965803139836976,0.16243764629409166,1800000,9000000,993600000,55.20000000000001
92,0.7182924690025463,0.383216336515191,0.048625634484623155,0.16189708890261317,1800000,9000000,1004400000,55.80000000000001
93,0.7175282401829884,0.3860899551149801,0.04840922957182032,0.16135833036934363,1800000,9000000,1015200000,56.400000000000006
94,0.722686156198958,0.37982047689163706,0.047538809665254644,0.1608213647080716,1800000,9000000,1026000000,57.00000000000001
95,0.7217203252060971,0.3781571451670951,0.0487316508117278,0.16028618595250646,1800000,9000000,1036800000,57.60000000000001
96,0.7233052533257968,0.37690894522305823,0.047136772345391216,0.159752788156212,1800000,9000000,1047600000,58.20000000000001
97,0.7223509161791221,0.3800575191912255,0.04613096142919208,0.15922116539254064,1800000,9000000,1058400000,58.80000000000001
98,0.7241990969489612,0.3750645381279457,0.04456262019074049,0.15869131175456724,1800000,9000000,1069200000,59.400000000000006
99,0.7232890961491341,0.377601490745634,0.047953795681458564,0.15816322135502375,1800000,9000000,1080000000,60.00000000000001
100,0.7243902393701723,0.37685057729315774,0.04729401091248378,0.15763688832623365,1800000,9000000,1090800000,60.60000000000001
101,0.7276527215754695,0.3723490490554449,0.04633263720733661,0.1571123068200467,1800000,9000000,1101600000,61.20000000000001
102,0.7274975111623081,0.36994528491885986,0.04623671294992658,0.15658947100777412,1800000,9000000,1112400000,61.80000000000001
103,0.7319576382725577,0.36432192435046246,0.048252094737823555,0.1560683750801238,1800000,9000000,1123200000,62.400000000000006
104,0.7326904387214901,0.3671427471487768,0.045288681244229675,0.1555490132471355,1800000,9000000,1134000000,63.00000000000001
105,0.7330215477931156,0.36752279654508824,0.045242817428195775,0.15503137973811695,1800000,9000000,1144800000,63.60000000000001
106,0.7331308651386155,0.36410909441613487,0.044904202753408305,0.15451546880157935,1800000,9000000,1155600000,64.2
107,0.7331334713336253,0.3694604414892251,0.04596065502133996,0.15400127470517364,1800000,9000000,1166400000,64.80000000000001
108,0.7330057683816086,0.37296016822669864,0.04590405149523641,0.15348879173562682,1800000,9000000,1177200000,65.4
109,0.7347644392545907,0.3629681675660879,0.04374138010901323,0.1529780141986784,1800000,9000000,1188000000,66.00000000000001
110,0.7350907175304364,0.36546493620637055,0.04393412173195074,0.15246893641901713,1800000,9000000,1198800000,66.60000000000001
111,0.7373132044593863,0.36350386518751304,0.04439050243755706,0.15196155274021803,1800000,9000000,1209600000,67.20000000000002
112,0.7376445383042092,0.36460857705284366,0.04553366423026464,0.1514558575246794,1800000,9000000,1220400000,67.80000000000001
113,0.7410437940589977,0.35972727053587084,0.04505207314682784,0.1509518451535604,1800000,9000000,1231200000,68.4
114,0.7393344474432936,0.3540312822432004,0.04277637813885492,0.15044951002671828,1800000,9000000,1242000000,69.00000000000001
115,0.7385681600627132,0.3594080104761448,0.044758273396394155,0.14994884656264654,1800000,9000000,1252800000,69.60000000000001
116,0.7388440911080063,0.3609343666648494,0.04568646329430954,0.14944984919841262,1800000,9000000,1263600000,70.20000000000002
117,0.7390342631436805,0.3607112133287159,0.04417847066945599,0.14895251238959623,1800000,9000000,1274400000,70.80000000000001
118,0.7410783139157445,0.35668314370126436,0.04447519173554492,0.1484568306102277,1800000,9000000,1285200000,71.4
119,0.7418761183361383,0.36131037750438155,0.04285278697692979,0.14796279835272666,1800000,9000000,1296000000,72.00000000000001
120,0.7432696750523559,0.3588362106283553,0.042688246608248104,0.14747041012784065,1800000,9000000,1306800000,72.60000000000001
121,0.7432498671476135,0.358886657923039,0.0442864129387726,0.14697966046458436,1800000,9000000,1317600000,73.20000000000002
122,0.7426078299427221,0.35286269314159596,0.04232282465333804,0.14649054391017868,1800000,9000000,1328400000,73.80000000000001
123,0.7480711395429019,0.35278099016644504,0.04352655350332469,0.14600305502999028,1800000,9000000,1339200000,74.4
124,0.7476977662348009,0.35300594290731363,0.0441469548382103,0.14551718840747094,1800000,9000000,1350000000,75.00000000000001
125,0.7474962673217508,0.3560986029940729,0.04220621917808078,0.14503293864409764,1800000,9000000,1360800000,75.60000000000001
126,0.7488547285513203,0.3534303693981951,0.04221402007844452,0.1445503003593125,1800000,9000000,1371600000,76.20000000000002
127,0.7488927830682676,0.3555256002242664,0.041005068468612786,0.14406926819046292,1800000,9000000,1382400000,76.80000000000001
128,0.7488575233216824,0.34867711903830745,0.043243915352692695,0.14358983679274215,1800000,9000000,1393200000,77.4
129,0.7461365008213442,0.3551532249442746,0.040785006806088035,0.14311200083912964,1800000,9000000,1404000000,78.00000000000001
130,0.7510954503151999,0.3464758365514865,0.040196993284823235,0.14263575502033213,1800000,9000000,1414800000,78.60000000000001
131,0.7546741961512702,0.34824551672841936,0.03920191602315677,0.14216109404472455,1800000,9000000,1425600000,79.20000000000002
132,0.7499436811434753,0.35144627853700244,0.040582584135766576,0.14168801263829112,1800000,9000000,1436400000,79.80000000000001
133,0.7516308820107966,0.34817454731914743,0.039357420568059985,0.14121650554456688,1800000,9000000,1447200000,80.4
134,0.7531798492323635,0.34398729766535824,0.042125097098792835,0.14074656752457937,1800000,9000000,1458000000,81.00000000000001
135,0.7521755039870924,0.34655287907750826,0.040743406248040445,0.14027819335679012,1800000,9000000,1468800000,81.60000000000001
136,0.7546569333411642,0.34132688459507887,0.03962976371517582,0.13981137783703693,1800000,9000000,1479600000,82.20000000000002
137,0.7551597702104001,0.3445719326405997,0.040709912654715096,0.13934611577847586,1800000,9000000,1490400000,82.80000000000001
138,0.7566988480804216,0.3383673228554293,0.040597613220052814,0.13888240201152371,1800000,9000000,1501200000,83.4
139,0.7566488642909912,0.34459548842478666,0.0397917806569803,0.13842023138380052,1800000,9000000,1512000000,84.00000000000001
140,0.7558269222781213,0.345332983616585,0.0393826239669339,0.13795959876007233,1800000,9000000,1522800000,84.60000000000001
141,0.7538382825632132,0.34472815920682337,0.040002282047813816,0.13750049902219416,1800000,9000000,1533600000,85.20000000000002
142,0.7587766981373739,0.34238460051079356,0.039853488875957646,0.13704292706905308,1800000,9000000,1544400000,85.80000000000001
143,0.7571452938577886,0.33941399904653385,0.03997787379406026,0.13658687781651155,1800000,9000000,1555200000,86.4
144,0.7580995250757323,0.34315598710504824,0.040054272764681695,0.13613234619735098,1800000,9000000,1566000000,87.00000000000001
145,0.7613998731655783,0.3315741136104649,0.04013437342848975,0.1356793271612154,1800000,9000000,1576800000,87.60000000000001
146,0.760244641159432,0.3403436821812332,0.040134118649540695,0.1352278156745552,1800000,9000000,1587600000,88.20000000000002
147,0.7623476266187401,0.3365794854151497,0.03882033894991957,0.13477780672057155,1800000,9000000,1598400000,88.80000000000001
148,0.7592580923376523,0.340598447126149,0.03897651461280363,0.13432929529916027,1800000,9000000,1609200000,89.40000000000002
149,0.7612963508539178,0.3376898646669631,0.037897913049507743,0.13388227642685652,1800000,9000000,1620000000,90.00000000000001
150,0.759494638475337,0.3389412531105394,0.0391561987539389,0.13343674513677936,1800000,9000000,1630800000,90.60000000000001
151,0.7620973385698954,0.3436307813097695,0.03908403532982087,0.1329926964785765,1800000,9000000,1641600000,91.20000000000002
152,0.7622789320022513,0.3315170769735505,0.03729993389777273,0.13255012551836945,1800000,9000000,1652400000,91.80000000000001
153,0.7617787581877065,0.3423066429592291,0.036681526862360335,0.1321090273386985,1800000,9000000,1663200000,92.40000000000002
154,0.761349672818815,0.3326792061813836,0.03803103225285047,0.13166939703846825,1800000,9000000,1674000000,93.00000000000001
155,0.7631620712074078,0.3331441527605785,0.03845216165760052,0.13123122973289303,1800000,9000000,1684800000,93.60000000000001
156,0.7638377782650914,0.3408415651612847,0.037532140433341236,0.13079452055344276,1800000,9000000,1695600000,94.20000000000002
157,0.764695581044973,0.3407994636928946,0.036475587965951003,0.13035926464778871,1800000,9000000,1706400000,94.80000000000001
158,0.7636210127816851,0.33865321486712896,0.03655538237322917,0.12992545717974963,1800000,9000000,1717200000,95.40000000000002
159,0.7640877928033065,0.33590069212159024,0.035687252274157644,0.12949309332923814,1800000,9000000,1728000000,96.00000000000001
160,0.7646453804249114,0.3343255077317277,0.036311952818080306,0.129062168292207,1800000,9000000,1738800000,96.60000000000001
161,0.7649968245735775,0.333047742307507,0.037628657446875886,0.1286326772805958,1800000,9000000,1749600000,97.20000000000002
162,0.7701891821538395,0.32684811562305033,0.03674594658881469,0.12820461552227772,1800000,9000000,1760400000,97.80000000000001
163,0.7654940512560487,0.327377727171946,0.036616570383622885,0.12777797826100667,1800000,9000000,1771200000,98.40000000000002
164,0.7668264907123385,0.3296115127770759,0.03738218805976607,0.12735276075636423,1800000,9000000,1782000000,99.00000000000001
165,0.7680204190374796,0.3352586767121349,0.036728974310217766,0.12692895828370707,1800000,9000000,1792800000,99.60000000000001
166,0.7669966028111868,0.3235351137892376,0.03467379823423759,0.12650656613411448,1800000,9000000,1803600000,100.20000000000002
167,0.7672518297663509,0.3332373113549047,0.03594281983904017,0.12608557961433597,1800000,9000000,1814400000,100.80000000000001
168,0.7655290446627667,0.3374357556866337,0.03349000235087482,0.12566599404673928,1800000,9000000,1825200000,101.40000000000002
169,0.7686035197562491,0.33499831660390555,0.034595637897043646,0.12524780476925818,1800000,9000000,1836000000,102.00000000000001
170,0.768491966800743,0.32900157666010477,0.03538385669045313,0.12483100713534084,1800000,9000000,1846800000,102.60000000000001
171,0.7687963850806395,0.32721634338004735,0.03662856558177788,0.12441559651389816,1800000,9000000,1857600000,103.20000000000002
172,0.7674188049998211,0.3319859133894973,0.03429567863092203,0.12400156828925231,1800000,9000000,1868400000,103.80000000000001
173,0.7693396893752064,0.32964359940711824,0.03385373056012022,0.12358891786108542,1800000,9000000,1879200000,104.40000000000002
174,0.769454063432008,0.33099036677086513,0.03497132730071089,0.12317764064438845,1800000,9000000,1890000000,105.00000000000001
175,0.7674835031801941,0.3310850195004905,0.03268580541772894,0.12276773206941036,1800000,9000000,1900800000,105.60000000000002
176,0.7744258829438948,0.32563921460397366,0.03500260864603516,0.1223591875816072,1800000,9000000,1911600000,106.20000000000002
177,0.7673826048880626,0.33217065797220585,0.03575822027690538,0.12195200264159156,1800000,9000000,1922400000,106.80000000000001
178,0.773201537954907,0.32623650936402077,0.03345664146600457,0.12154617272508213,1800000,9000000,1933200000,107.40000000000002
179,0.771206214609726,0.329424167462485,0.03404402344820067,0.12114169332285347,1800000,9000000,1944000000,108.00000000000001
180,0.7731465218188989,0.32717497692325487,0.0355586956792436,0.12073855994068583,1800000,9000000,1954800000,108.60000000000002
181,0.7721300613651241,0.32571898041470504,0.034579350075016835,0.12033676809931522,1800000,9000000,1965600000,109.20000000000002
182,0.7698933507215566,0.3296204046038988,0.0332098354366939,0.11993631333438377,1800000,9000000,1976400000,109.80000000000001
183,0.7724361011885742,0.3286365996944985,0.034001722112197284,0.11953719119638996,1800000,9000000,1987200000,110.40000000000002
184,0.7743964913165462,0.3293723798577523,0.03309834889664412,0.11913939725063923,1800000,9000000,1998000000,111.00000000000001
185,0.7720757028646434,0.32770751746556953,0.03332083415023117,0.11874292707719478,1800000,9000000,2008800000,111.60000000000002
186,0.7737668449641926,0.32701593882421465,0.032724188953301106,0.11834777627082839,1800000,9000000,2019600000,112.20000000000002
187,0.7738707118149343,0.3246189605475901,0.03334028297812537,0.11795394044097147,1800000,9000000,2030400000,112.80000000000001
188,0.7747073729030662,0.3210986786391559,0.03144965679220264,0.11756141521166627,1800000,9000000,2041200000,113.40000000000002
189,0.7743228403193747,0.32520013892865285,0.03278743384235624,0.11717019622151738,1800000,9000000,2052000000,114.00000000000001
190,0.773903240915553,0.3230818064239179,0.032402699915356985,0.11678027912364307,1800000,9000000,2062800000,114.60000000000002
191,0.7743274041271033,0.32658985226908693,0.033268997573157516,0.11639165958562711,1800000,9000000,2073600000,115.20000000000002
192,0.7726903379033622,0.329548891319081,0.03147701934001905,0.11600433328947068,1800000,9000000,2084400000,115.80000000000001
193,0.7755545625847393,0.32099930316405956,0.032684909386973465,0.11561829593154425,1800000,9000000,2095200000,116.40000000000002
194,0.776488876557033,0.32582216399868985,0.03503417541266494,0.11523354322253988,1800000,9000000,2106000000,117.00000000000001
195,0.7777772339012621,0.3211575596635671,0.031217042315087946,0.11485007088742354,1800000,9000000,2116800000,117.60000000000002
196,0.7770372310238225,0.3244406767050713,0.03053671958971236,0.11446787466538752,1800000,9000000,2127600000,118.20000000000002
197,0.7779837249983645,0.3205851800774299,0.031033249598970955,0.11408695030980319,1800000,9000000,2138400000,118.80000000000001
198,0.7771446852726099,0.32124398650087427,0.0324939432897523,0.11370729358817382,1800000,9000000,2149200000,119.40000000000002
199,0.7746544190279173,0.3281628642265682,0.03184648780214641,0.1133289002820875,1800000,9000000,2160000000,120.00000000000001
200,0.7805030646724699,0.31920790585974573,0.032406708949967576,0.11295176618717025,1800000,9000000,2170800000,120.60000000000002
201,0.7762810066908288,0.32548874259268357,0.02968911828991537,0.11257588711303934,1800000,9000000,2181600000,121.20000000000002
202,0.7761349743298619,0.3254608183964096,0.030894029200586356,0.11220125888325679,1800000,9000000,2192400000,121.80000000000001
203,0.7773579897832009,0.32657167242820817,0.03216475802603892,0.11182787733528282,1800000,9000000,2203200000,122.40000000000002
204,0.7805806681947179,0.3176753682664719,0.02995160193941531,0.1114557383204297,1800000,9000000,2214000000,123.00000000000001
205,0.7767805792744368,0.3230464962719639,0.031083079905322927,0.11108483770381573,1800000,9000000,2224800000,123.60000000000002
206,0.7793728907667924,0.3182237852544263,0.03089371681333945,0.11071517136431909,1800000,9000000,2235600000,124.20000000000002
207,0.7763607093855218,0.3243260516521485,0.029263886615074893,0.11034673519453223,1800000,9000000,2246400000,124.80000000000001
208,0.7791905656609172,0.32206960347585106,0.028812423430554582,0.10997952510071608,1800000,9000000,2257200000,125.40000000000002
209,0.7772370382925118,0.32140174707522184,0.030625168482097526,0.10961353700275477,1800000,9000000,2268000000,126.00000000000001
210,0.7804637434634468,0.3220334197124194,0.030264612741950508,0.1092487668341101,1800000,9000000,2278800000,126.60000000000002
211,0.779735079244365,0.3191681153514474,0.029638509509109283,0.10888521054177641,1800000,9000000,2289600000,127.20000000000002
212,0.7794900913225261,0.3220678809710636,0.029026908330735207,0.10852286408623565,1800000,9000000,2300400000,127.80000000000003
213,0.7804663282806148,0.3212324786465859,0.03173064558647892,0.10816172344141232,1800000,9000000,2311200000,128.4
214,0.7812923715249869,0.31948866628964356,0.028432834794068957,0.1078017845946289,1800000,9000000,2322000000,129.00000000000003
215,0.7806298820529758,0.3217919743213453,0.03062006975712784,0.10744304354656116,1800000,9000000,2332800000,129.60000000000002
216,0.7800064498810526,0.32007287982956567,0.028568593849087817,0.10708549631119377,1800000,9000000,2343600000,130.20000000000002
217,0.7798013345348932,0.3187937399539617,0.029518314302537794,0.10672913891577596,1800000,9000000,2354400000,130.8
218,0.7819404178039863,0.3177163553102547,0.02946085721328239,0.1063739674007775,1800000,9000000,2365200000,131.4
219,0.7789552741708863,0.32364703725192445,0.029777566452239078,0.10601997781984454,1800000,9000000,2376000000,132.00000000000003
220,0.7810499542277385,0.3130039495638205,0.02868420823200876,0.10566716623975587,1800000,9000000,2386800000,132.60000000000002
221,0.7767500188710509,0.3203271417362717,0.027576252496253492,0.10531552874037918,1800000,9000000,2397600000,133.20000000000002
222,0.7810708015216534,0.31427625410244703,0.029619459149163835,0.10496506141462757,1800000,9000000,2408400000,133.8
223,0.7804809210294348,0.3175336369455409,0.030451926008397443,0.10461576036841601,1800000,9000000,2419200000,134.40000000000003
224,0.7820591684438193,0.31766041699021325,0.026584062919131474,0.10426762172061814,1800000,9000000,2430000000,135.00000000000003
225,0.7790786899326889,0.32178623975532294,0.029766164223809136,0.10392064160302324,1800000,9000000,2440800000,135.60000000000002
226,0.7780997395642358,0.324976772672172,0.02628932690725953,0.10357481616029306,1800000,9000000,2451600000,136.20000000000002
227,0.7809040688478915,0.3147699214760724,0.028766086392756466,0.10323014154991914,1800000,9000000,2462400000,136.8
228,0.7806618778304232,0.31921644414110123,0.02876263287975272,0.10288661394218003,1800000,9000000,2473200000,137.40000000000003
229,0.7791296351992094,0.31867180511671556,0.02807012254244763,0.10254422952009878,1800000,9000000,2484000000,138.00000000000003
230,0.7787089479722884,0.3210472970516657,0.029586197203512972,0.10220298447940052,1800000,9000000,2494800000,138.60000000000002
231,0.7764831859091672,0.31862175522667324,0.026940874493388407,0.10186287502847018,1800000,9000000,2505600000,139.20000000000002
232,0.7808387894024922,0.3200465642560949,0.028398598344322835,0.10152389738831034,1800000,9000000,2516400000,139.8
233,0.7798520654352394,0.32010143216472364,0.026442892811561803,0.1011860477924993,1800000,9000000,2527200000,140.40000000000003
234,0.7779162052118804,0.3266954384966544,0.028517350111995424,0.10084932248714917,1800000,9000000,2538000000,141.00000000000003
235,0.7807634707991681,0.31679228898712536,0.02826966979236515,0.10051371773086425,1800000,9000000,2548800000,141.60000000000002
236,0.7798233091872898,0.32051079901856583,0.02821512784582441,0.1001792297946993,1800000,9000000,2559600000,142.20000000000002
237,0.782608267193352,0.30909683757364037,0.025485110715222945,0.09984585496211829,1800000,9000000,2570400000,142.8
238,0.7822743375096769,0.31619734462565524,0.025638449366746502,0.09951358952895295,1800000,9000000,2581200000,143.40000000000003
239,0.7792137212427181,0.32189201301304615,0.027409044280089046,0.09918242980336175,1800000,9000000,2592000000,144.00000000000003
240,0.7781455473601073,0.3185214575191011,0.026224417022071317,0.09885237210578875,1800000,9000000,2602800000,144.60000000000002
241,0.7807318422578936,0.3214655274374742,0.028489637900957977,0.09852341276892282,1800000,9000000,2613600000,145.20000000000002
242,0.7781502660909512,0.31623211656796574,0.027172997692325195,0.09819554813765684,1800000,9000000,2624400000,145.8
243,0.7808919981415293,0.31596822017156134,0.02630321501167312,0.09786877456904704,1800000,9000000,2635200000,146.40000000000003
244,0.7802025021438292,0.31554210584652476,0.0259895825549508,0.09754308843227269,1800000,9000000,2646000000,147.00000000000003
245,0.7789680061303227,0.32152669232914827,0.025610304785676014,0.09721848610859557,1800000,9000000,2656800000,147.60000000000002
246,0.7793030277981978,0.32082010995752,0.02602816403635941,0.09689496399131985,1800000,9000000,2667600000,148.20000000000002
247,0.7806780195465576,0.32401942943954676,0.025120736940366453,0.09657251848575199,1800000,9000000,2678400000,148.8
248,0.7796777809840625,0.3230075457385587,0.025095825460227587,0.09625114600916085,1800000,9000000,2689200000,149.40000000000003
249,0.7816672396696092,0.32493445618995764,0.025564866878112723,0.09593084299073784,1800000,9000000,2700000000,150.00000000000003
250,0.7798706901356413,0.3166362141179798,0.02469330575111328,0.0956116058715572,1800000,9000000,2710800000,150.60000000000002
251,0.781441196336479,0.3170082878167173,0.02660036589447306,0.0952934311045366,1800000,9000000,2721600000,151.20000000000002
252,0.7763190127509965,0.32403306433446705,0.024539411605754926,0.09497631515439754,1800000,9000000,2732400000,151.8
253,0.7775077711910174,0.3213627780712155,0.02350899612452578,0.0946602544976262,1800000,9000000,2743200000,152.40000000000003
254,0.7806341884239837,0.32146743519040877,0.024491366130006006,0.09434524562243425,1800000,9000000,2754000000,153.00000000000003
255,0.7782370813012441,0.3268844674719004,0.025353844633727182,0.09403128502871988,1800000,9000000,2764800000,153.60000000000002
256,0.7802547703242602,0.31929074167962335,0.02433465906266499,0.09371836922802874,1800000,9000000,2775600000,154.20000000000002
257,0.7782100634509405,0.32114798942629835,0.024128720520399695,0.09340649474351545,1800000,9000000,2786400000,154.8
258,0.7781566150808811,0.3213271333295322,0.02360985837377244,0.09309565810990474,1800000,9000000,2797200000,155.40000000000003
259,0.7799020035818943,0.3230632466564162,0.025880109113120484,0.09278585587345302,1800000,9000000,2808000000,156.00000000000003
260,0.7784873321477259,0.3260088649041927,0.02440563186344108,0.09247708459191002,1800000,9000000,2818800000,156.60000000000002
261,0.780229163884904,0.3201851844998341,0.02507708849702443,0.09216934083448058,1800000,9000000,2829600000,157.20000000000002
262,0.7783086969426911,0.3203660219221749,0.02460272629040184,0.09186262118178642,1800000,9000000,2840400000,157.8
263,0.7816757124864715,0.3172231158523769,0.024759177475636326,0.09155692222582827,1800000,9000000,2851200000,158.40000000000003
264,0.7805331781988963,0.3158977088606238,0.025267260721712793,0.0912522405699479,1800000,9000000,2862000000,159.00000000000003
265,0.782551109467979,0.3139631212955304,0.02415996715391637,0.09094857282879044,1800000,9000000,2872800000,159.60000000000002
266,0.7787917518850545,0.32413809847675934,0.025171612592947677,0.09064591562826678,1800000,9000000,2883600000,160.20000000000002
267,0.779193122500329,0.3219333685235188,0.0243436294499955,0.090344265605516,1800000,9000000,2894400000,160.8
268,0.7787353422170284,0.3258886323999548,0.02442300892761447,0.0900436194088681,1800000,9000000,2905200000,161.40000000000003
269,0.7801068485250761,0.31272118571382973,0.024376647654478317,0.08974397369780665,1800000,9000000,2916000000,162.00000000000003
270,0.7792370752881722,0.32132472019573916,0.025106904749846313,0.08944532514293181,1800000,9000000,2926800000,162.60000000000002
271,0.7819844115890247,0.31818028440658697,0.023890189750310768,0.08914767042592323,1800000,9000000,2937600000,163.20000000000002
272,0.7826724612844149,0.314808903511037,0.025316411757937016,0.08885100623950319,1800000,9000000,2948400000,163.8
273,0.7812347857022204,0.31149359086931117,0.022620864449082116,0.08855532928739991,1800000,9000000,2959200000,164.40000000000003
274,0.7817778693484246,0.31561010095755176,0.0238849116071884,0.08826063628431091,1800000,9000000,2970000000,165.00000000000003
275,0.7785397185979546,0.322882083177401,0.022355017148219792,0.08796692395586642,1800000,9000000,2980800000,165.60000000000002
276,0.7794947015405012,0.32471673261665557,0.021864164477354283,0.08767418903859311,1800000,9000000,2991600000,166.20000000000002
277,0.7776308482279181,0.3189600755373424,0.023112371326357465,0.0873824282798778,1800000,9000000,3002400000,166.8
278,0.7794911805305865,0.3167273036329419,0.02543409742753792,0.08709163843793126,1800000,9000000,3013200000,167.40000000000003
279,0.7790005091142653,0.31783229196835555,0.022470592382941256,0.08680181628175224,1800000,9000000,3024000000,168.00000000000003
280,0.7788396571379427,0.32463234910366506,0.02234093335627189,0.08651295859109161,1800000,9000000,3034800000,168.60000000000002
281,0.7780416862281191,0.3170371466937184,0.023579213794958552,0.0862250621564165,1800000,9000000,3045600000,169.20000000000002
282,0.7812893554691187,0.3170083940320358,0.021505178025853625,0.08593812377887465,1800000,9000000,3056400000,169.8
283,0.7784842301839192,0.31994221204040824,0.023098377743699338,0.08565214027025891,1800000,9000000,3067200000,170.40000000000003
284,0.7805383909116086,0.32231295021886314,0.024666668752065943,0.08536710845297184,1800000,9000000,3078000000,171.00000000000003
285,0.781527961752592,0.31715940008239774,0.02168105400534592,0.08508302515999028,1800000,9000000,3088800000,171.60000000000002
286,0.7795017964086354,0.32585073368638,0.021022865021684184,0.08479988723483026,1800000,9000000,3099600000,172.20000000000002
287,0.7777269802070276,0.32164760194120084,0.02227706502336959,0.08451769153151197,1800000,9000000,3110400000,172.8
288,0.7807625146570618,0.31933606006677007,0.023996932056955037,0.08423643491452465,1800000,9000000,3121200000,173.40000000000003
289,0.7786859376153936,0.3237019966091772,0.021906116931382353,0.08395611425879189,1800000,9000000,3132000000,174.00000000000003
290,0.7788076877671736,0.3211312458006057,0.021343318248842304,0.08367672644963688,1800000,9000000,3142800000,174.60000000000002
291,0.7776529307669701,0.32297981960892946,0.02316384214748449,0.08339826838274775,1800000,9000000,3153600000,175.20000000000002
292,0.777060617051455,0.3195257249374684,0.020675537090922878,0.08312073696414307,1800000,9000000,3164400000,175.80000000000004
293,0.7785599844935824,0.3232133515229327,0.020994019913773653,0.08284412911013761,1800000,9000000,3175200000,176.40000000000003
294,0.7792769832169776,0.3184586823102473,0.021246311408526362,0.0825684417473079,1800000,9000000,3186000000,177.00000000000003
295,0.7783792123219774,0.320896619312287,0.022811400336792676,0.08229367181245818,1800000,9000000,3196800000,177.60000000000002
296,0.7811355987794903,0.3120492054279556,0.021790164322196534,0.08201981625258635,1800000,9000000,3207600000,178.20000000000002
297,0.780516945158149,0.3175155098560655,0.020902300856416322,0.08174687202485005,1800000,9000000,3218400000,178.80000000000004
298,0.7784065148584378,0.32566734155974725,0.023021434211740438,0.08147483609653282,1800000,9000000,3229200000,179.40000000000003
299,0.7788228839847189,0.3195225051916284,0.021249550014210774,0.08120370544501043,1800000,9000000,3240000000,180.00000000000003
300,0.7800141763220559,0.32365722270852365,0.019788397335339707,0.08093347705771732,1800000,9000000,3250800000,180.60000000000002
301,0.7812058504299948,0.3237802401866881,0.023162290852457672,0.08066414793211302,1800000,9000000,3261600000,181.20000000000002
302,0.7794467943847438,0.32162010688547854,0.020954136520341747,0.080395715075649,1800000,9000000,3272400000,181.80000000000004
303,0.7779700367893608,0.3205121355464963,0.020676409313520633,0.08012817550573513,1800000,9000000,3283200000,182.40000000000003
304,0.7813124219354013,0.3123884447208171,0.02125951454621648,0.0798615262497068,1800000,9000000,3294000000,183.00000000000003
305,0.7810006057132808,0.3191915832850682,0.018830879376561506,0.07959576434479178,1800000,9000000,3304800000,183.60000000000002
306,0.7794195496461855,0.3188553202109354,0.02025183692484492,0.07933088683807722,1800000,9000000,3315600000,184.20000000000002
307,0.779317173644365,0.32153472272094386,0.01970831618064731,0.07906689078647704,1800000,9000000,3326400000,184.80000000000004
308,0.7777882606227426,0.32275381894266414,0.020588994405407214,0.07880377325669904,1800000,9000000,3337200000,185.40000000000003
309,0.777810890357816,0.32356624186897204,0.019532382582128995,0.07854153132521242,1800000,9000000,3348000000,186.00000000000003
310,0.780453014974301,0.3225387317869707,0.019178326951228182,0.07828016207821521,1800000,9000000,3358800000,186.60000000000002
311,0.7796168069322362,0.3267595492900742,0.01935192944942794,0.07801966261160202,1800000,9000000,3369600000,187.20000000000002
312,0.7757329226824271,0.32316744798953556,0.021034390021276234,0.07776003003093164,1800000,9000000,3380400000,187.80000000000004
313,0.7802606653828278,0.31829049974853474,0.02093589675198478,0.07750126145139492,1800000,9000000,3391200000,188.40000000000003
314,0.7820813683359988,0.3141220514881475,0.01923991523771979,0.07724335399778277,1800000,9000000,3402000000,189.00000000000003
315,0.7775910360283464,0.32513957746235655,0.01933129237924707,0.07698630480445418,1800000,9000000,3412800000,189.60000000000002
316,0.7810022798963987,0.31238716163864416,0.019664914995153476,0.07673011101530436,1800000,9000000,3423600000,190.20000000000002
317,0.7800221874057739,0.3223012046459572,0.019230526997817406,0.07647476978373298,1800000,9000000,3434400000,190.80000000000004
318,0.777557221802098,0.3241978865813627,0.019538031123815837,0.07622027827261263,1800000,9000000,3445200000,191.40000000000003
319,0.778407121890752,0.32360392392923265,0.02033943515183233,0.07596663365425728,1800000,9000000,3456000000,192.00000000000003
320,0.7799746299969943,0.3196756601506785,0.01957242841449397,0.07571383311039072,1800000,9000000,3466800000,192.60000000000002
321,0.7801437834322414,0.3228957595304891,0.021610758429883074,0.07546187383211546,1800000,9000000,3477600000,193.20000000000002
322,0.7822223608894764,0.3189313840030886,0.0176342946161504,0.07521075301988138,1800000,9000000,3488400000,193.80000000000004
323,0.7797685542667641,0.3245569795800995,0.022117894455172798,0.07496046788345459,1800000,9000000,3499200000,194.40000000000003
324,0.7808515754339289,0.31740989390614066,0.019947660710165054,0.0747110156418866,1800000,9000000,3510000000,195.00000000000003
325,0.7765773007868217,0.3248686457632002,0.01896895941222513,0.07446239352348329,1800000,9000000,3520800000,195.60000000000002
326,0.7802191555290304,0.3208369956438769,0.019649674656971268,0.07421459876577408,1800000,9000000,3531600000,196.20000000000002
327,0.780443203073169,0.31846153117398923,0.019357404503824945,0.07396762861548134,1800000,9000000,3542400000,196.80000000000004
328,0.7811487136379044,0.32265311609943503,0.019024057775011045,0.07372148032848977,1800000,9000000,3553200000,197.40000000000003
329,0.7806476762232983,0.32120489659583584,0.019562249055714263,0.07347615116981583,1800000,9000000,3564000000,198.00000000000003
330,0.7791818674097772,0.3156133855760911,0.019891351578720514,0.07323163841357751,1800000,9000000,3574800000,198.60000000000002
331,0.7780005381500426,0.3200192782316149,0.019491797127210043,0.07298793934296385,1800000,9000000,3585600000,199.20000000000002
332,0.7796971189807055,0.31732279318416945,0.018339189744670078,0.0727450512502049,1800000,9000000,3596400000,199.80000000000004
333,0.7804795045560878,0.3193992695031316,0.01911179944488783,0.0725029714365416,1800000,9000000,3607200000,200.40000000000003
334,0.7811211343202079,0.32196928326054863,0.017278143716103762,0.07226169721219572,1800000,9000000,3618000000,201.00000000000003
335,0.7818581677464511,0.31837794633976957,0.01591435184652323,0.07202122589634008,1800000,9000000,3628800000,201.60000000000002
336,0.779012255935907,0.3188598625961985,0.017305950964517366,0.07178155481706869,1800000,9000000,3639600000,202.20000000000002
337,0.7780510821883477,0.3221472265155064,0.01728980138645671,0.0715426813113671,1800000,9000000,3650400000,202.80000000000004
338,0.7816689576243456,0.3163355035004522,0.018080394824607052,0.07130460272508277,1800000,9000000,3661200000,203.40000000000003
339,0.7816438614236784,0.3214576663657444,0.018113502613513216,0.07106731641289565,1800000,9000000,3672000000,204.00000000000003
340,0.7775921575938395,0.32086838581507576,0.017646184288331104,0.0708308197382887,1800000,9000000,3682800000,204.60000000000002
341,0.781746792230157,0.3166327889501773,0.017391166352746974,0.07059511007351867,1800000,9000000,3693600000,205.20000000000002
342,0.7786656112370934,0.3194691822321048,0.015118062432037272,0.07036018479958688,1800000,9000000,3704400000,205.80000000000004
343,0.7811393823700128,0.3192912142742144,0.016525002265686616,0.07012604130621002,1800000,9000000,3715200000,206.40000000000003
344,0.7794541861102572,0.3238050814592533,0.018650166252136908,0.06989267699179139,1800000,9000000,3726000000,207.00000000000003
345,0.7799844270134032,0.3239823517793525,0.017029910869779348,0.06966008926339172,1800000,9000000,3736800000,207.60000000000002
346,0.7797876554847682,0.32015699250117585,0.01667490761550877,0.06942827553670051,1800000,9000000,3747600000,208.20000000000002
347,0.7787538258326605,0.32396132734945965,0.017295022372141138,0.06919723323600736,1800000,9000000,3758400000,208.80000000000004
348,0.782661180268384,0.31635853494514077,0.015863282872338305,0.06896695979417317,1800000,9000000,3769200000,209.40000000000003
349,0.7816881750828152,0.31568918951307307,0.015516621080885463,0.06873745265260178,1800000,9000000,3780000000,210.00000000000003
350,0.7785805471298944,0.3156901628005939,0.017035705042879785,0.06850870926121148,1800000,9000000,3790800000,210.60000000000002
351,0.779693664035271,0.32059214620959503,0.016712016263528546,0.06828072707840671,1800000,9000000,3801600000,211.20000000000005
352,0.7814777022484675,0.31773334051803437,0.018721479707412284,0.06805350357104971,1800000,9000000,3812400000,211.80000000000004
353,0.7805571310319241,0.32429696340702746,0.018550862557336203,0.06782703621443252,1800000,9000000,3823200000,212.40000000000003
354,0.7800185908488914,0.32514568879440414,0.01785588431683263,0.06760132249224887,1800000,9000000,3834000000,213.00000000000003
355,0.7795617976441341,0.3185311760843795,0.017416960554165483,0.06737635989656618,1800000,9000000,3844800000,213.60000000000002
356,0.7771683885560865,0.3195523971525755,0.01620098287903595,0.06715214592779772,1800000,9000000,3855600000,214.20000000000005
357,0.7821557253830193,0.3212575970963294,0.016706888207498303,0.0669286780946749,1800000,9000000,3866400000,214.80000000000004
358,0.7770756259793528,0.31729676878551394,0.016087311319384106,0.06670595391421945,1800000,9000000,3877200000,215.40000000000003
359,0.7815316636527144,0.32123963769652564,0.016091953965740074,0.066483970911716,1800000,9000000,3888000000,216.00000000000003
360,0.7788557079491703,0.31947806096754294,0.017305679497425567,0.06626272662068447,1800000,9000000,3898800000,216.60000000000002
361,0.7789718632374891,0.32248213850349416,0.01728651433022778,0.06604221858285264,1800000,9000000,3909600000,217.20000000000005
362,0.7790693330249593,0.3243562182602835,0.016385827372089958,0.06582244434812895,1800000,9000000,3920400000,217.80000000000004
363,0.7801263738540194,0.31692882562014335,0.014747030565412633,0.06560340147457523,1800000,9000000,3931200000,218.40000000000003
364,0.7779390135496482,0.3241214899424307,0.015407138430785826,0.06538508752837947,1800000,9000000,3942000000,219.00000000000003
365,0.7792245742700997,0.31924545702400836,0.015020419277341397,0.06516750008382895,1800000,9000000,3952800000,219.60000000000002
366,0.7808843672986302,0.3212273560689729,0.016990973596466716,0.06495063672328313,1800000,9000000,3963600000,220.20000000000005
367,0.7784797267535659,0.326825157679518,0.014533997289026207,0.0647344950371469,1800000,9000000,3974400000,220.80000000000004
368,0.7788349180028384,0.3210149604756222,0.015815815485876846,0.06451907262384375,1800000,9000000,3985200000,221.40000000000003
369,0.7798141569188858,0.318389385485699,0.01624497384091403,0.06430436708978908,1800000,9000000,3996000000,222.00000000000003
370,0.7816404761934674,0.31606617156737915,0.016269013343788538,0.06409037604936363,1800000,9000000,4006800000,222.60000000000002
371,0.7801283489881334,0.31818533551793293,0.015989354358171195,0.063877097124887,1800000,9000000,4017600000,223.20000000000005
372,0.7762595492015548,0.31980639581110576,0.016364730281182415,0.06366452794659114,1800000,9000000,4028400000,223.80000000000004
373,0.7796565695386829,0.3171571457355904,0.015013158634925512,0.06345266615259412,1800000,9000000,4039200000,224.40000000000003
374,0.7818019328792877,0.31669085291135096,0.013588545365529888,0.06324150938887384,1800000,9000000,4050000000,225.00000000000003
375,0.7802444290618944,0.3212335402138318,0.015742136341739387,0.06303105530924182,1800000,9000000,4060800000,225.60000000000002
376,0.7792070537470888,0.319655112941889,0.014967537297199757,0.06282130157531728,1800000,9000000,4071600000,226.20000000000005
377,0.7792615244483081,0.3252391967988273,0.015002526979865535,0.06261224585650099,1800000,9000000,4082400000,226.80000000000004
378,0.779330186421556,0.3188199374123523,0.01685986164340648,0.06240388582994949,1800000,9000000,4093200000,227.40000000000003
379,0.7800578032324035,0.3249683349240268,0.015794279919560946,0.06219621918054922,1800000,9000000,4104000000,228.00000000000003
380,0.7811959108080693,0.32144106741400297,0.014679275360435977,0.061989243600890837,1800000,9000000,4114800000,228.60000000000002
381,0.7805671512573974,0.3111804123518253,0.014909892821837452,0.06178295679124355,1800000,9000000,4125600000,229.20000000000005
382,0.7822176833655586,0.3205719201734855,0.01504513667941615,0.06157735645952957,1800000,9000000,4136400000,229.80000000000004
383,0.7801035990719538,0.3195808943010322,0.0158822759880906,0.061372440321298655,1800000,9000000,4147200000,230.40000000000003
384,0.7800939278403989,0.31240534574759626,0.012853425033373106,0.06116820609970271,1800000,9000000,4158000000,231.00000000000003
385,0.7803358422139315,0.3212691849533886,0.016129130318404593,0.0609646515254705,1800000,9000000,4168800000,231.60000000000002
386,0.7787381538044469,0.3186733889628411,0.013845134516715428,0.060761774336882464,1800000,9000000,4179600000,232.20000000000005
387,0.777810278194397,0.3200380122172792,0.015153210109625049,0.06055957227974552,1800000,9000000,4190400000,232.80000000000004
388,0.7805678463827518,0.31983219506747274,0.013127515476459146,0.06035804310736805,1800000,9000000,4201200000,233.40000000000003
389,0.7809896138320812,0.3164391030241043,0.01569942513965952,0.060157184580534956,1800000,9000000,4212000000,234.00000000000003
390,0.7800558254181006,0.31999136459391936,0.015062850648977787,0.05995699446748277,1800000,9000000,4222800000,234.60000000000002
391,0.7817206452747378,0.3154488768963144,0.01332789211319406,0.05975747054387485,1800000,9000000,4233600000,235.20000000000005
392,0.7756308685774888,0.32577121030602396,0.012703354280978876,0.05955861059277665,1800000,9000000,4244400000,235.80000000000004
393,0.7799415402186097,0.3219056347721118,0.014409342628584369,0.0593604124046311,1800000,9000000,4255200000,236.40000000000003
394,0.7788947585387762,0.3243291661228841,0.014966227696554289,0.0591628737772341,1800000,9000000,4266000000,237.00000000000003
395,0.779626522451672,0.3235975524156909,0.013345487231325958,0.05896599251570996,1800000,9000000,4276800000,237.60000000000002
396,0.780358397291091,0.3203944509859852,0.014645072216045833,0.058769766432487075,1800000,9000000,4287600000,238.20000000000005
397,0.7802686959987255,0.3192316055322978,0.012951279488686743,0.05857419334727365,1800000,9000000,4298400000,238.80000000000004
398,0.7799612497040539,0.31836611108316437,0.014865247399052817,0.05837927108703333,1800000,9000000,4309200000,239.40000000000003
399,0.7768657658507347,0.3194568244671943,0.014370651042830774,0.05818499748596127,1800000,9000000,4320000000,240.00000000000003
400,0.7805543737007947,0.3192320961858873,0.01462487620109391,0.05799137038545989,1800000,9000000,4330800000,240.60000000000002
401,0.7806532668604856,0.3211229662711589,0.013086350732579211,0.05779838763411496,1800000,9000000,4341600000,241.20000000000005
402,0.7794060461840899,0.3204906663997231,0.013565149418041291,0.05760604708767172,1800000,9000000,4352400000,241.80000000000004
403,0.7813782399083563,0.31813534461570153,0.01501006867417918,0.057414346609011,1800000,9000000,4363200000,242.40000000000003
404,0.7823902903027534,0.3117019061228105,0.015632643029142235,0.05722328406812549,1800000,9000000,4374000000,243.00000000000003
405,0.7802107286052944,0.32092492621102736,0.016384900659936752,0.05703285734209613,1800000,9000000,4384800000,243.60000000000002
406,0.7794594137608764,0.3155849273982127,0.014025477553195081,0.05684306431506844,1800000,9000000,4395600000,244.20000000000005
407,0.7809068280240041,0.3156223061122167,0.011657097334539925,0.05665390287822906,1800000,9000000,4406400000,244.80000000000004
408,0.7805147628941543,0.3210033072306083,0.013877916648113523,0.056465370929782294,1800000,9000000,4417200000,245.40000000000003
409,0.7793705568750413,0.3212808293549163,0.013659512255977783,0.05627746637492678,1800000,9000000,4428000000,246.00000000000003
410,0.7798345379422577,0.31247934239163283,0.014226871556812353,0.05609018712583219,1800000,9000000,4438800000,246.60000000000002
411,0.7815836520983122,0.3197074019933564,0.011596279837310378,0.05590353110161606,1800000,9000000,4449600000,247.20000000000005
412,0.7793537080334219,0.3162972706014283,0.014514333597096711,0.05571749622832065,1800000,9000000,4460400000,247.80000000000004
413,0.7769300621031737,0.3203996597245655,0.012210248844161643,0.05553208043888989,1800000,9000000,4471200000,248.40000000000003
414,0.7797688071555156,0.3203603487980359,0.014072053714767932,0.05534728167314643,1800000,9000000,4482000000,249.00000000000003
415,0.7789267120892821,0.3204136392887763,0.014089789523442807,0.05516309787776877,1800000,9000000,4492800000,249.60000000000002
416,0.7793411221815111,0.3199066323513291,0.01300049296388011,0.05497952700626836,1800000,9000000,4503600000,250.20000000000005
417,0.7780563271299491,0.32183950352364316,0.014155013296658166,0.054796567018967006,1800000,9000000,4514400000,250.80000000000004
418,0.7805487644739677,0.32001155610559356,0.012628462139844096,0.05461421588297405,1800000,9000000,4525200000,251.40000000000003
419,0.7791546324332642,0.3283361177188295,0.0131176722173445,0.05443247157216389,1800000,9000000,4536000000,252.00000000000003
420,0.7788787894613678,0.31991394890526914,0.014121763375595967,0.05425133206715343,1800000,9000000,4546800000,252.60000000000005
421,0.7796895660259335,0.32012994063294875,0.012174492155355226,0.05407079535527962,1800000,9000000,4557600000,253.20000000000005
422,0.780783091448248,0.31983331499040907,0.011475188598413961,0.05389085943057717,1800000,9000000,4568400000,253.80000000000004
423,0.7798038321214313,0.3238974920918124,0.012875042858539833,0.05371152229375616,1800000,9000000,4579200000,254.40000000000003
424,0.7807600769661277,0.32086052951226146,0.012316523199504494,0.053532781952179885,1800000,9000000,4590000000,255.00000000000003
425,0.7780089048960852,0.32521110076921755,0.012500794339595616,0.05335463641984271,1800000,9000000,4600800000,255.60000000000005
426,0.7804810197880498,0.32124448199261757,0.013042299237093184,0.05317708371734802,1800000,9000000,4611600000,256.20000000000005
427,0.7799735013765687,0.3194472973386871,0.013250204983554142,0.05300012187188616,1800000,9000000,4622400000,256.8
428,0.7800102150521342,0.31785120385930876,0.01324040673640014,0.05282374891721258,1800000,9000000,4633200000,257.40000000000003
429,0.7791894305418644,0.31619184358543184,0.012094745440672119,0.052647962893626,1800000,9000000,4644000000,258.00000000000006
430,0.7787421704627647,0.31433055625469414,0.011608278401218843,0.05247276184794653,1800000,9000000,4654800000,258.6
431,0.7762734594018758,0.32723921927539684,0.01233766045136026,0.05229814383349411,1800000,9000000,4665600000,259.20000000000005
432,0.7807480216296646,0.31532793421940186,0.011803708337498933,0.05212410691006679,1800000,9000000,4676400000,259.8
433,0.7766578694114721,0.321298210517662,0.011913579567416835,0.051950649143919156,1800000,9000000,4687200000,260.40000000000003
434,0.7790774724306233,0.3216934513813682,0.012383257727303797,0.05177776860774092,1800000,9000000,4698000000,261.00000000000006
435,0.7804115881411297,0.32073843298245025,0.012936625853517692,0.051605463380635486,1800000,9000000,4708800000,261.6
436,0.7809323039368815,0.3166624324140859,0.011348170875791687,0.05143373154809852,1800000,9000000,4719600000,262.20000000000005
437,0.7805584197035311,0.3149834530754604,0.012657450185260473,0.051262571201996794,1800000,9000000,4730400000,262.8
438,0.7817690459151029,0.3188266363014756,0.01170055925130935,0.05109198044054694,1800000,9000000,4741200000,263.40000000000003
439,0.7796959619425383,0.3214245650964091,0.010966999326196816,0.05092195736829428,1800000,9000000,4752000000,264.00000000000006
440,0.781025708647443,0.32014822347004385,0.012079566586131454,0.05075250009609183,1800000,9000000,4762800000,264.6
441,0.7810707710389675,0.31791225952834673,0.010858778193918565,0.05058360674107924,1800000,9000000,4773600000,265.20000000000005
442,0.7821050611352055,0.3179922242304355,0.012008387021775582,0.05041527542666197,1800000,9000000,4784400000,265.8
443,0.7790788175487238,0.321718328788494,0.011493056637925016,0.05024750428249035,1800000,9000000,4795200000,266.40000000000003
444,0.7770526729571139,0.3321456596142966,0.011163255327123155,0.050080291444438804,1800000,9000000,4806000000,267.00000000000006
445,0.779475140194196,0.3165397213118548,0.011252177749083622,0.0499136350545852,1800000,9000000,4816800000,267.6
446,0.7806659266096837,0.32018235419245755,0.011487001021467456,0.04974753326119018,1800000,9000000,4827600000,268.20000000000005
447,0.7815898229426607,0.3168132533029139,0.009979485090872934,0.04958198421867652,1800000,9000000,4838400000,268.80000000000007
448,0.7783079633884212,0.321071605157384,0.01204093790339221,0.04941698608760872,1800000,9000000,4849200000,269.40000000000003
449,0.7812610592234447,0.3141584231567305,0.012113810889012068,0.04925253703467255,1800000,9000000,4860000000,270.00000000000006
450,0.7804928744439874,0.3205545703492644,0.011989600598076623,0.04908863523265456,1800000,9000000,4870800000,270.6
451,0.7809553044258802,0.3213121333242275,0.011947717695674475,0.04892527886042197,1800000,9000000,4881600000,271.20000000000005
452,0.7780268340774767,0.3202989279154414,0.012670977474020574,0.048762466102902295,1800000,9000000,4892400000,271.80000000000007
453,0.7794177866631369,0.32100209678498814,0.012140343896878649,0.0486001951510632,1800000,9000000,4903200000,272.40000000000003
454,0.7802344728319015,0.31112593250900455,0.013706497711136294,0.04843846420189246,1800000,9000000,4914000000,273.00000000000006
455,0.7797815337835241,0.3205168693960911,0.012074146459066782,0.04827727145837786,1800000,9000000,4924800000,273.6
456,0.778781783310075,0.3156313158687554,0.012550373454857319,0.04811661512948724,1800000,9000000,4935600000,274.20000000000005
457,0.7815375527641955,0.320169336167585,0.012375747225177437,0.047956493430148656,1800000,9000000,4946400000,274.80000000000007
458,0.7781337202490153,0.32404710859720504,0.011298216950478838,0.047796904581230454,1800000,9000000,4957200000,275.40000000000003
459,0.7786753617137594,0.3226999300159324,0.012130162858955951,0.04763784680952156,1800000,9000000,4968000000,276.00000000000006
460,0.7777853346261537,0.31567222346290025,0.011328045177801732,0.04747931834771174,1800000,9000000,4978800000,276.6
461,0.7781000878949482,0.3202431226708067,0.011395290724066583,0.04732131743437206,1800000,9000000,4989600000,277.20000000000005
462,0.7805888462417967,0.31916667882065103,0.008448740806742324,0.047163842313935146,1800000,9000000,5000400000,277.80000000000007
463,0.777740299301472,0.3244994597198464,0.012191164485777634,0.04700689123667585,1800000,9000000,5011200000,278.40000000000003
464,0.7802531316115614,0.31962093371250333,0.01242524202854458,0.04685046245869167,1800000,9000000,5022000000,279.00000000000006
465,0.7811996316755768,0.32099563946009924,0.010452471848164792,0.04669455424188347,1800000,9000000,5032800000,279.6
466,0.7807716459333371,0.32168723402372124,0.011057571445062411,0.04653916485393615,1800000,9000000,5043600000,280.20000000000005
467,0.7800624891191326,0.3253521246431051,0.010103151971212952,0.046384292568299325,1800000,9000000,5054400000,280.80000000000007
468,0.7801340549504256,0.3207417783361084,0.010376337018108585,0.04622993566416824,1800000,9000000,5065200000,281.40000000000003
469,0.7835585596054159,0.31034683743803876,0.010101430781288678,0.046076092426464606,1800000,9000000,5076000000,282.00000000000006
470,0.7795882674789718,0.315209164917126,0.010395786072280915,0.04592276114581752,1800000,9000000,5086800000,282.6
471,0.7816491249550027,0.3218493860632451,0.010304206046281943,0.0457699401185445,1800000,9000000,5097600000,283.20000000000005
472,0.7793646050371235,0.3160319419573924,0.0117063385662951,0.04561762764663259,1800000,9000000,5108400000,283.80000000000007
473,0.7800579048189001,0.31993936723533944,0.010333737546622066,0.045465822037719386,1800000,9000000,5119200000,284.40000000000003
474,0.7771853092285028,0.3257915079355555,0.008359360597509259,0.045314521605074355,1800000,9000000,5130000000,285.00000000000006
475,0.7801335050208423,0.3247803871640425,0.010759815280687911,0.04516372466758004,1800000,9000000,5140800000,285.6
476,0.7781422008995488,0.3181226493917245,0.00948328538134511,0.04501342954971334,1800000,9000000,5151600000,286.20000000000005
477,0.7821691809863904,0.31401446586651843,0.010268298637388658,0.04486363458152695,1800000,9000000,5162400000,286.80000000000007
478,0.7801285943862657,0.3184290022005253,0.01109588842443465,0.044714338098630825,1800000,9000000,5173200000,287.40000000000003
479,0.7792335816711545,0.320922529910005,0.011712928167587332,0.04456553844217358,1800000,9000000,5184000000,288.00000000000006
480,0.7804225349671342,0.31764891697353476,0.011400536588175915,0.04441723395882419,1800000,9000000,5194800000,288.6
481,0.7797069258462358,0.3214335646809157,0.011410542065656878,0.04426942300075353,1800000,9000000,5205600000,289.20000000000005
482,0.7779016100740715,0.31818283398902547,0.011375318033323293,0.04412210392561611,1800000,9000000,5216400000,289.80000000000007
483,0.7788304920669358,0.3202027646291914,0.009547609803477526,0.04397527509653179,1800000,9000000,5227200000,290.40000000000003
484,0.7789795259084121,0.3201700721830737,0.010249626901350365,0.043828934882067634,1800000,9000000,5238000000,291.00000000000006
485,0.7794086832510266,0.3210557759525678,0.01052481154331755,0.043683081656219744,1800000,9000000,5248800000,291.6
486,0.781328831497573,0.3215592272419935,0.011033648308098404,0.043537713798395224,1800000,9000000,5259600000,292.20000000000005
487,0.7790798389995562,0.3226780166924967,0.010379255178013486,0.04339282969339417,1800000,9000000,5270400000,292.80000000000007
488,0.7800086000112252,0.3193021144208433,0.009616939684371292,0.04324842773139169,1800000,9000000,5281200000,293.40000000000003
489,0.7800913753839896,0.3194113231391967,0.010669837222884334,0.04310450630792006,1800000,9000000,5292000000,294.00000000000006
490,0.781610333003773,0.3191583326193932,0.009395004407535462,0.04296106382385086,1800000,9000000,5302800000,294.6
491,0.7785919158894025,0.3239873666481076,0.009182768009248568,0.042818098685377254,1800000,9000000,5313600000,295.20000000000005
492,0.7796511416132514,0.3238193750507603,0.009343545068475935,0.04267560930399622,1800000,9000000,5324400000,295.80000000000007
493,0.7804248795792328,0.32220260194874284,0.009398584708611836,0.04253359409649095,1800000,9000000,5335200000,296.40000000000003
494,0.7795008208430294,0.3203871898943226,0.008712406478049097,0.04239205148491322,1800000,9000000,5346000000,297.00000000000006
495,0.7811170659622088,0.3226366259788065,0.008705953190247475,0.04225097989656591,1800000,9000000,5356800000,297.6
496,0.7788291847821949,0.3272486713834076,0.010828757499643859,0.042110377763985456,1800000,9000000,5367600000,298.20000000000005
497,0.7777062584645403,0.32552134261812277,0.00909102405937765,0.041970243524924504,1800000,9000000,5378400000,298.80000000000007
498,0.7807429057315942,0.31984486346073504,0.007375474780048694,0.04183057562233452,1800000,9000000,5389200000,299.40000000000003
499,0.7798561200576858,0.3219265701717589,0.009727203418366711,0.04169137250434846,1800000,9000000,5400000000,300.00000000000006
500,0.7775210499436519,0.3247785225870347,0.008545625409910667,0.041552632624263605,1800000,9000000,5410800000,300.6
501,0.7808352992860437,0.31993478761553884,0.010190283640047818,0.0414143544405243,1800000,9000000,5421600000,301.20000000000005
502,0.7777114287180662,0.3209468515530968,0.010749261251386762,0.04127653641670483,1800000,9000000,5432400000,301.80000000000007
503,0.7802570148463436,0.3288539342266516,0.010550268321454588,0.04113917702149243,1800000,9000000,5443200000,302.40000000000003
504,0.7782647507669653,0.3199555361719869,0.009283441892546472,0.04100227472867019,1800000,9000000,5454000000,303.00000000000006
505,0.7811393735388603,0.317249191957492,0.007647614897110905,0.0408658280171001,1800000,9000000,5464800000,303.6
506,0.7813346250260492,0.31524373939010336,0.010023316710631015,0.04072983537070618,1800000,9000000,5475600000,304.20000000000005
507,0.7805103035516495,0.3184158528619831,0.009566359029263104,0.04059429527845764,1800000,9000000,5486400000,304.80000000000007
508,0.7790934361001575,0.3165804018358358,0.009135871153076075,0.04045920623435205,1800000,9000000,5497200000,305.40000000000003
509,0.7784192181220718,0.317402966311232,0.009722162869555937,0.040324566737398634,1800000,9000000,5508000000,306.00000000000006
510,0.7790408346981742,0.32437437410958286,0.00969106527840437,0.040190375291601625,1800000,9000000,5518800000,306.6
511,0.7785781442799359,0.32417063477765834,0.008162155337703056,0.04005663040594355,1800000,9000000,5529600000,307.20000000000005
512,0.7800270204237786,0.31793982999182424,0.008448821506534919,0.03992333059436875,1800000,9000000,5540400000,307.80000000000007
513,0.7804604956107478,0.3146620093748602,0.009205488902914867,0.03979047437576686,1800000,9000000,5551200000,308.40000000000003
514,0.777380148455696,0.32764081714146437,0.007369595934063984,0.039658060273956276,1800000,9000000,5562000000,309.00000000000006
515,0.7770697931043365,0.3252128077287089,0.007967595849549442,0.039526086817667866,1800000,9000000,5572800000,309.6
516,0.7815715115536823,0.31903145278165174,0.00847510966156762,0.03939455254052851,1800000,9000000,5583600000,310.20000000000005
517,0.77912312665352,0.31928922358605294,0.009621059288746238,0.039263455981044894,1800000,9000000,5594400000,310.80000000000007
518,0.7771228793950534,0.3205602458223374,0.008290498028567343,0.039132795682587256,1800000,9000000,5605200000,311.40000000000003
519,0.7816282182081485,0.3109859915459463,0.008574739136052629,0.03900257019337312,1800000,9000000,5616000000,312.00000000000006
520,0.7796569155663862,0.32192149814799054,0.009955637723426046,0.03887277806645128,1800000,9000000,5626800000,312.6
521,0.7779145027102936,0.32420568976488373,0.01031631060454922,0.03874341785968567,1800000,9000000,5637600000,313.20000000000005
522,0.7788196915103162,0.3233449329280731,0.008965734447297934,0.03861448813573931,1800000,9000000,5648400000,313.80000000000007
523,0.7808436325631083,0.31991643976227996,0.009001470771397463,0.0384859874620584,1800000,9000000,5659200000,314.40000000000003
524,0.7807486158671118,0.31792752106961913,0.008380975403277285,0.03835791441085635,1800000,9000000,5670000000,315.00000000000006
525,0.780321858381986,0.32018553985300163,0.008351694832216101,0.03823026755909793,1800000,9000000,5680800000,315.6
526,0.7785215657988853,0.3236876217674747,0.007730367073157382,0.038103045488483485,1800000,9000000,5691600000,316.20000000000005
527,0.7796336502940888,0.3220859721097308,0.009489571964412752,0.03797624678543314,1800000,9000000,5702400000,316.80000000000007
528,0.7797361976566054,0.3194771708312913,0.006275211954080055,0.03784987004107112,1800000,9000000,5713200000,317.40000000000003
529,0.7789107360748271,0.31686849457949234,0.008286167694954646,0.03772391385121006,1800000,9000000,5724000000,318.00000000000006
530,0.7793032443557831,0.31928378163575327,0.0067875497814386294,0.03759837681633546,1800000,9000000,5734800000,318.6
531,0.7823591587639656,0.31651772350682417,0.008291234395873674,0.037473257541590074,1800000,9000000,5745600000,319.20000000000005
532,0.7806692798949975,0.31785548555006504,0.005922898563273948,0.03734855463675846,1800000,9000000,5756400000,319.80000000000007
533,0.7788405748919398,0.3197272995491158,0.008244795802748185,0.037224266716251495,1800000,9000000,5767200000,320.40000000000003
534,0.7785158521338668,0.32144765540697334,0.008870576030178295,0.037100392399091006,1800000,9000000,5778000000,321.00000000000006
535,0.7802413500637597,0.32281796603552,0.010396634591852135,0.03697693030889443,1800000,9000000,5788800000,321.6
536,0.7794942315060385,0.32194346729620105,0.008889905756117552,0.03685387907385949,1800000,9000000,5799600000,322.20000000000005
537,0.7791750410873088,0.3244541511248655,0.008637734273529256,0.036731237326748954,1800000,9000000,5810400000,322.80000000000007
538,0.7805949795691688,0.3148521708830724,0.01006361170807508,0.036609003704875506,1800000,9000000,5821200000,323.40000000000003
539,0.780513563444847,0.3137354378033479,0.006571703904620228,0.036487176850086525,1800000,9000000,5832000000,324.00000000000006
540,0.7797930187781678,0.3175006730718115,0.006848745598978659,0.036365755408749034,1800000,9000000,5842800000,324.6
541,0.7799564296982157,0.3264384728064994,0.007415307463672628,0.036244738031734676,1800000,9000000,5853600000,325.20000000000005
542,0.7806757796004914,0.32061797838376077,0.008850839986781305,0.03612412337440466,1800000,9000000,5864400000,325.80000000000007
543,0.7799615680452867,0.32110804708252505,0.007602928546013531,0.03600391009659489,1800000,9000000,5875200000,326.40000000000003
544,0.7801307482574195,0.3195020434293605,0.009488732089078087,0.035884096862601064,1800000,9000000,5886000000,327.00000000000006
545,0.780513651098233,0.32501364410852707,0.0076753812534574575,0.03576468234116376,1800000,9000000,5896800000,327.6
546,0.7787332258732254,0.31819637004923523,0.007355608955888319,0.035645665205453765,1800000,9000000,5907600000,328.20000000000005
547,0.7803477137404957,0.31930811574988477,0.00857609692572077,0.035527044133057226,1800000,9000000,5918400000,328.80000000000007
548,0.7807836056813136,0.3181598172957325,0.0064924664532986535,0.035408817805960995,1800000,9000000,5929200000,329.40000000000003
549,0.781348293573981,0.32177555345750863,0.009282403995075373,0.035290984910538004,1800000,9000000,5940000000,330.00000000000006
550,0.778634426673255,0.319598150300183,0.008574725949397762,0.03517354413753266,1800000,9000000,5950800000,330.6
551,0.7795591191078423,0.3198643755419649,0.008450829607883324,0.03505649418204626,1800000,9000000,5961600000,331.20000000000005
552,0.7799446869809114,0.31791709647564403,0.008000830542994579,0.03493983374352255,1800000,9000000,5972400000,331.80000000000007
553,0.777899216101964,0.32549223097863533,0.00902643506316581,0.03482356152573324,1800000,9000000,5983200000,332.40000000000003
554,0.7806053136083622,0.31479313225448574,0.0072137783808481955,0.03470767623676358,1800000,9000000,5994000000,333.00000000000006
555,0.7803486332503299,0.32204635178953517,0.006488578736472733,0.034592176588998075,1800000,9000000,6004800000,333.6
556,0.7763305428146273,0.327900693815777,0.007410105484905798,0.03447706129910612,1800000,9000000,6015600000,334.20000000000005
557,0.7799260561851075,0.3195247641875969,0.006642165396811884,0.03436232908802773,1800000,9000000,6026400000,334.80000000000007
558,0.781044481912134,0.3187089250475419,0.007022321497253731,0.034247978680959405,1800000,9000000,6037200000,335.40000000000003
559,0.7828903773747542,0.31424739838633514,0.009348194478659382,0.03413400880733988,1800000,9000000,6048000000,336.00000000000006
560,0.7799316745913704,0.3243691223223716,0.008339208381323291,0.03402041820083606,1800000,9000000,6058800000,336.6
561,0.7781348481418043,0.32252446114001015,0.009097324064356255,0.03390720559932891,1800000,9000000,6069600000,337.20000000000005
562,0.7770947072947306,0.32380973549540226,0.007480856155024021,0.033794369744899494,1800000,9000000,6080400000,337.80000000000007
563,0.7812229856733648,0.32195702088920247,0.006599064693155402,0.033681909383814906,1800000,9000000,6091200000,338.40000000000003
564,0.7816731537651489,0.319804987319807,0.005387273825761454,0.033569823266514455,1800000,9000000,6102000000,339.00000000000006
565,0.7801831997952995,0.3194615898984199,0.00803714366895698,0.03345811014759566,1800000,9000000,6112800000,339.6
566,0.7783047887168629,0.319634700283273,0.007132268061758018,0.03334676878580049,1800000,9000000,6123600000,340.20000000000005
567,0.7766163090055611,0.3191336668588521,0.006913746362215959,0.03323579794400159,1800000,9000000,6134400000,340.80000000000007
568,0.7764736595992289,0.32683969170882743,0.00549293656271703,0.03312519638918843,1800000,9000000,6145200000,341.40000000000003
569,0.7799781974773845,0.3240311794601965,0.006673156132748085,0.03301496289245373,1800000,9000000,6156000000,342.00000000000006
570,0.7803216480058087,0.32009486217656713,0.007900399244487058,0.03290509622897971,1800000,9000000,6166800000,342.6
571,0.78066656279644,0.32507587524125786,0.007447997756896452,0.03279559517802455,1800000,9000000,6177600000,343.20000000000005
572,0.7789189762470404,0.3239409469036098,0.007734444508281964,0.032686458522908766,1800000,9000000,6188400000,343.80000000000007
573,0.7790808797179538,0.32210737537012263,0.005941376602317999,0.03257768505100174,1800000,9000000,6199200000,344.40000000000003
574,0.7785501456986076,0.31948685021947615,0.0074641317395062155,0.03246927355370822,1800000,9000000,6210000000,345.00000000000006
575,0.7799782998145631,0.3234651255081194,0.00629441323487218,0.03236122282645489,1800000,9000000,6220800000,345.6
576,0.7763264340101015,0.3263231798618798,0.007457886363165807,0.03225353166867703,1800000,9000000,6231600000,346.20000000000005
577,0.7813469377177068,0.3257989007562367,0.008244346145565976,0.03214619888380508,1800000,9000000,6242400000,346.80000000000007
578,0.7790991918161452,0.31960919536787935,0.006252902416610858,0.032039223279251454,1800000,9000000,6253200000,347.40000000000003
579,0.781168607375521,0.31790583730827215,0.007750467615077718,0.03193260366639722,1800000,9000000,6264000000,348.00000000000006
580,0.7802799142756321,0.3219199102757276,0.007302897333607061,0.031826338860578916,1800000,9000000,6274800000,348.6000000000001
581,0.7788820796013172,0.3219836422580399,0.00569822626995542,0.03172042768107538,1800000,9000000,6285600000,349.20000000000005
582,0.7794039123722603,0.32124643633717637,0.006432980207404797,0.031614868951094645,1800000,9000000,6296400000,349.80000000000007
583,0.7794111573465353,0.32204279700262023,0.0075398582735103905,0.03150966149776084,1800000,9000000,6307200000,350.40000000000003
584,0.7799703324312208,0.31769881112120657,0.008330000619692636,0.03140480415210119,1800000,9000000,6318000000,351.00000000000006
585,0.7786992158679757,0.3228649323988976,0.004742998256510957,0.03130029574903299,1800000,9000000,6328800000,351.6000000000001
586,0.7776376865149026,0.31705083606178003,0.006998850345367876,0.031196135127350685,1800000,9000000,6339600000,352.20000000000005
587,0.780498897299608,0.32042587861574146,0.006975094456157891,0.03109232112971296,1800000,9000000,6350400000,352.80000000000007
588,0.7785385200099589,0.3157078543999934,0.005597794567215073,0.0309888526026299,1800000,9000000,6361200000,353.40000000000003
589,0.7796378741602025,0.3169233434593648,0.006144036568903364,0.030885728396450124,1800000,9000000,6372000000,354.00000000000006
590,0.780046558000125,0.32069577775824126,0.006445956666395581,0.03078294736534807,1800000,9000000,6382800000,354.6000000000001
591,0.7802979139617557,0.32049661301246585,0.003604007293395776,0.030680508367311208,1800000,9000000,6393600000,355.20000000000005
592,0.7795610626256021,0.3217314413260571,0.006361930884235799,0.030578410264127404,1800000,9000000,6404400000,355.80000000000007
593,0.781651061012812,0.3153199872502811,0.0066684000166904464,0.030476651921372246,1800000,9000000,6415200000,356.40000000000003
594,0.7795797701604925,0.3228253932594633,0.0059426710694515834,0.03037523220839642,1800000,9000000,6426000000,357.00000000000006
595,0.7784931207042833,0.320926219957069,0.007553895757602701,0.030274149998313186,1800000,9000000,6436800000,357.6000000000001
596,0.7818864848389002,0.31520704175383985,0.00776635260202985,0.030173404167985855,1800000,9000000,6447600000,358.20000000000005
597,0.7810339829098728,0.3167914967294178,0.005069753817868885,0.030072993598015248,1800000,9000000,6458400000,358.80000000000007
598,0.7774906929403251,0.32620095893969486,0.006288156363841077,0.029972917172727348,1800000,9000000,6469200000,359.40000000000003
599,0.7790335279049386,0.3227069954607085,0.004703580416092394,0.02987317378016085,1800000,9000000,6480000000,360.00000000000006
600,0.7793371942266508,0.3210895978633215,0.005317523783117115,0.029773762312054794,1800000,9000000,6490800000,360.6000000000001
601,0.780721953883165,0.3199083825550444,0.005064498079192458,0.029674681663836296,1800000,9000000,6501600000,361.20000000000005
602,0.7784251119184438,0.318404659920611,0.005979921526242856,0.029575930734608246,1800000,9000000,6512400000,361.80000000000007
603,0.7805510426513629,0.32227924198084673,0.004775932169984432,0.029477508427137096,1800000,9000000,6523200000,362.40000000000003
604,0.7778007282575528,0.3215093548054102,0.006901721965939764,0.029379413647840618,1800000,9000000,6534000000,363.00000000000006
605,0.78016841612721,0.3175421943483688,0.0055421175691895514,0.02928164530677581,1800000,9000000,6544800000,363.6000000000001
606,0.779233812448069,0.31945459522290104,0.008189882329163452,0.02918420231762678,1800000,9000000,6555600000,364.20000000000005
607,0.7808869922905197,0.31684459734158976,0.005485723746657776,0.029087083597692635,1800000,9000000,6566400000,364.80000000000007
608,0.7820721623498299,0.32238039485034053,0.004559597750129218,0.028990288067875493,1800000,9000000,6577200000,365.40000000000003
609,0.7789701646039818,0.32390097554572045,0.007876466052057808,0.028893814652668486,1800000,9000000,6588000000,366.00000000000006
610,0.7785834912084799,0.3254703809918273,0.006476430091708144,0.028797662280143754,1800000,9000000,6598800000,366.6000000000001
611,0.7804018493230069,0.3186256051036996,0.007328791261668139,0.028701829881940626,1800000,9000000,6609600000,367.20000000000005
612,0.780561726581266,0.3204812565752304,0.00473479131357441,0.0286063163932537,1800000,9000000,6620400000,367.80000000000007
613,0.7798423939758989,0.3214692723167828,0.0053346385690478115,0.028511120752821004,1800000,9000000,6631200000,368.40000000000003
614,0.7800416286863561,0.3168875152947865,0.007002836908471399,0.028416241902912216,1800000,9000000,6642000000,369.00000000000006
615,0.7812317880895585,0.3153291076075517,0.005863560440808011,0.02832167878931693,1800000,9000000,6652800000,369.6000000000001
616,0.7793289168613414,0.3177097001017263,0.006574132394922402,0.028227430361332895,1800000,9000000,6663600000,370.20000000000005
617,0.7773664425532899,0.32028655256466776,0.007227732676305412,0.028133495571754392,1800000,9000000,6674400000,370.80000000000007
618,0.7806695852462008,0.32166738060767464,0.006385849678524986,0.028039873376860563,1800000,9000000,6685200000,371.40000000000003
619,0.7793229804506753,0.32058937608845406,0.007355707950161109,0.027946562736403842,1800000,9000000,6696000000,372.00000000000006
620,0.7794003735705145,0.31589455627173313,0.005757899514833454,0.027853562613598382,1800000,9000000,6706800000,372.6000000000001
621,0.7808256398579498,0.3179504601874091,0.006029384648964443,0.02776087197510853,1800000,9000000,6717600000,373.20000000000005
622,0.7788622568699252,0.31847251412947997,0.0059262103467133806,0.027668489791037327,1800000,9000000,6728400000,373.80000000000007
623,0.7768833517514933,0.3200957278490277,0.007147637854877532,0.027576415034915123,1800000,9000000,6739200000,374.40000000000003
624,0.7762969224662073,0.32271388681270896,0.007920975980610513,0.027484646683688132,1800000,9000000,6750000000,375.00000000000006
625,0.780678025904207,0.31835677590767386,0.0035122236483164193,0.02739318371770705,1800000,9000000,6760800000,375.6000000000001
626,0.7796150348106552,0.3239980358063558,0.006575736444208794,0.027302025120715785,1800000,9000000,6771600000,376.20000000000005
627,0.7788711653205731,0.32668479230409964,0.0056162059539849605,0.027211169879840062,1800000,9000000,6782400000,376.80000000000007
628,0.7805521265900897,0.32524112921465154,0.006547841146307001,0.02712061698557629,1800000,9000000,6793200000,377.40000000000003
629,0.7798176741114604,0.32067639458928526,0.0039750530698033845,0.027030365431780265,1800000,9000000,6804000000,378.00000000000006
630,0.7819032555174436,0.32516710730986276,0.006577677420081102,0.02694041421565602,1800000,9000000,6814800000,378.6000000000001
631,0.7760851100061297,0.32365980343860223,0.0063277625930641965,0.026850762337744662,1800000,9000000,6825600000,379.20000000000005
632,0.7795157694998733,0.320434437067859,0.0056329235112883924,0.026761408801913317,1800000,9000000,6836400000,379.80000000000007
633,0.7824159786823905,0.3140275473408485,0.0065378370487270574,0.02667235261534397,1800000,9000000,6847200000,380.40000000000003
634,0.7807533678682965,0.322276613816687,0.005722887804993121,0.02658359278852253,1800000,9000000,6858000000,381.00000000000006
635,0.7777881869455443,0.32308871243002885,0.004418868807131852,0.026495128335227797,1800000,9000000,6868800000,381.6000000000001
636,0.7800770530525062,0.3215445468758577,0.006921012540274737,0.02640695827252048,1800000,9000000,6879600000,382.20000000000005
637,0.779098493789803,0.32072038387605484,0.004656255396206911,0.02631908162073231,1800000,9000000,6890400000,382.80000000000007
638,0.7802523172637804,0.3232267616116891,0.00538258164249468,0.026231497403455158,1800000,9000000,6901200000,383.40000000000003
639,0.7826695093122086,0.3162195308296411,0.00503972166622458,0.026144204647530124,1800000,9000000,6912000000,384.00000000000006
640,0.7801720884051264,0.32435841384470454,0.004816189577270363,0.026057202383036816,1800000,9000000,6922800000,384.6000000000001
641,0.7760717405713354,0.32422537282236,0.00621473681747031,0.025970489643282507,1800000,9000000,6933600000,385.20000000000005
642,0.7813570675166855,0.3195724757178539,0.005818741441070836,0.025884065464791422,1800000,9000000,6944400000,385.80000000000007
643,0.7815675231313771,0.3146699242799883,0.0036373316892014027,0.025797928887294017,1800000,9000000,6955200000,386.40000000000003
644,0.7805963649354888,0.3199176094902811,0.004338842483757037,0.02571207895371634,1800000,9000000,6966000000,387.00000000000006
645,0.7820793212320055,0.31665200872491567,0.0060600087000132205,0.025626514710169333,1800000,9000000,6976800000,387.6000000000001
646,0.779824711927998,0.32489680102317303,0.00521449654332104,0.025541235205938307,1800000,9000000,6987600000,388.20000000000005
647,0.7809683583489538,0.32165768297578357,0.006658090260128932,0.02545623949347234,1800000,9000000,6998400000,388.80000000000007
648,0.7802488287086208,0.31731769128100695,0.0051168583890005845,0.025371526628373754,1800000,9000000,7009200000,389.40000000000003
649,0.7797385869439749,0.32576200427424157,0.004927030534957944,0.025287095669387614,1800000,9000000,7020000000,390.00000000000006
650,0.7804590906696954,0.3160031523611633,0.004336277185302529,0.025202945678391302,1800000,9000000,7030800000,390.6000000000001
651,0.7786646858424104,0.3166780193004156,0.00695576579955403,0.02511907572038403,1800000,9000000,7041600000,391.20000000000005
652,0.7782432480058314,0.3205272469388519,0.00460326498999469,0.02503548486347652,1800000,9000000,7052400000,391.80000000000007
653,0.7800896603931409,0.316560298968383,0.004363281496213266,0.024952172178880617,1800000,9000000,7063200000,392.40000000000003
654,0.779846104072868,0.3240928294293417,0.005755406414179174,0.024869136740898967,1800000,9000000,7074000000,393.00000000000006
655,0.7815710355636162,0.31945683661502217,0.005425467260894741,0.024786377626914748,1800000,9000000,7084800000,393.6000000000001
656,0.7784899850945671,0.3150295428948524,0.003670541765659751,0.024703893917381377,1800000,9000000,7095600000,394.20000000000005
657,0.7802862721972837,0.3190591927908083,0.0038180342110812767,0.024621684695812353,1800000,9000000,7106400000,394.80000000000007
658,0.7803068450021426,0.3222295320085474,0.006752968738025329,0.02453974904877104,1800000,9000000,7117200000,395.40000000000003
659,0.7812772987104184,0.3224885186099069,0.005606623838950204,0.02445808606586051,1800000,9000000,7128000000,396.00000000000006
660,0.7787857647368311,0.3223229616381433,0.004453733012977986,0.024376694839713452,1800000,9000000,7138800000,396.6000000000001
661,0.7826358332355536,0.3186673949371137,0.005225779622645952,0.024295574465982076,1800000,9000000,7149600000,397.20000000000005
662,0.7774105167862493,0.31895627336615584,0.004802974731258926,0.024214724043328046,1800000,9000000,7160400000,397.80000000000007
663,0.7790676296814344,0.32681543712596367,0.006167354528608973,0.02413414267341251,1800000,9000000,7171200000,398.40000000000003
664,0.78046259439774,0.3154200153202852,0.004472156174935686,0.02405382946088608,1800000,9000000,7182000000,399.00000000000006
665,0.7774458608808607,0.32674782691732335,0.0061395987721020555,0.02397378351337891,1800000,9000000,7192800000,399.6000000000001
666,0.7782098213936136,0.3146334644833571,0.006413854114662354,0.02389400394149075,1800000,9000000,7203600000,400.20000000000005
667,0.7813226590250234,0.3198921877560041,0.004716902282040557,0.023814489858781113,1800000,9000000,7214400000,400.80000000000007
668,0.7785005079270585,0.3193217691658271,0.0038874626279570353,0.02373524038175934,1800000,9000000,7225200000,401.40000000000003
669,0.7814634603505544,0.3199475443890258,0.0054778512861796465,0.02365625462987489,1800000,9000000,7236000000,402.00000000000006
670,0.7816098524109496,0.3185156887651199,0.006596844369162742,0.023577531725507483,1800000,9000000,7246800000,402.6000000000001
671,0.7805563536397697,0.3222705302417827,0.004748027164867246,0.023499070793957372,1800000,9000000,7257600000,403.20000000000005
672,0.7776480125836143,0.3179924665883193,0.005331377339559228,0.023420870963435616,1800000,9000000,7268400000,403.80000000000007
673,0.7789787775294641,0.31706415067185834,0.004401707408722943,0.02334293136505442,1800000,9000000,7279200000,404.40000000000003
674,0.7815720491317797,0.3202111146552309,0.003513303146180831,0.02326525113281743,1800000,9000000,7290000000,405.00000000000006
675,0.7775959070248368,0.32638857639333624,0.004692073888002402,0.023187829403610152,1800000,9000000,7300800000,405.6000000000001
676,0.7798376726556303,0.3177864725710595,0.003984713722853425,0.023110665317190367,1800000,9000000,7311600000,406.20000000000005
677,0.7776523457152023,0.32635438481942686,0.00633014343605281,0.023033758016178532,1800000,9000000,7322400000,406.80000000000007
678,0.7775279517809738,0.32236906421723555,0.005254493825040914,0.022957106646048307,1800000,9000000,7333200000,407.40000000000003
679,0.7766486575293804,0.32240492382643793,0.00515602498085287,0.022880710355116993,1800000,9000000,7344000000,408.00000000000006
680,0.7801368606374888,0.32447987400323786,0.0047351852280940725,0.02280456829453613,1800000,9000000,7354800000,408.6000000000001
681,0.7785845899377118,0.32196189416482784,0.0024830377532675274,0.022728679618282042,1800000,9000000,7365600000,409.20000000000005
682,0.7783791763785036,0.31873317348230734,0.005197278805284926,0.02265304348314644,1800000,9000000,7376400000,409.80000000000007
683,0.7780217149023384,0.32733425571610897,0.003463212291539447,0.02257765904872704,1800000,9000000,7387200000,410.40000000000003
684,0.7805141092849828,0.32251985215962337,0.00539874992142555,0.022502525477418246,1800000,9000000,7398000000,411.00000000000006
685,0.7808803916889204,0.3216375402993659,0.004736772170909209,0.02242764193440181,1800000,9000000,7408800000,411.6000000000001
686,0.7802551007987045,0.32772199899602755,0.005550861456159867,0.02235300758763761,1800000,9000000,7419600000,412.20000000000005
687,0.7780522263486033,0.3205077051420892,0.0052256580783833105,0.02227862160785435,1800000,9000000,7430400000,412.80000000000007
688,0.7799408080847001,0.3212575250856225,0.004292211561005881,0.02220448316854038,1800000,9000000,7441200000,413.40000000000003
689,0.7804259242151786,0.3161527360599082,0.0032202547558319522,0.0221305914459345,1800000,9000000,7452000000,414.00000000000006
690,0.7808589841109091,0.3219843029029976,0.003948675754730962,0.022056945619016825,1800000,9000000,7462800000,414.6000000000001
691,0.7788593228468366,0.32396721635420717,0.003034631959550128,0.02198354486949961,1800000,9000000,7473600000,415.20000000000005
692,0.7811216171647204,0.3142220725827035,0.005608670117110371,0.02191038838181822,1800000,9000000,7484400000,415.80000000000007
693,0.7807044917189244,0.3146882308923982,0.004107627851105034,0.021837475343122043,1800000,9000000,7495200000,416.40000000000003
694,0.7795902781224331,0.32697115891101425,0.005094754603659681,0.021764804943265458,1800000,9000000,7506000000,417.00000000000006
695,0.7786533234810135,0.3281116739301271,0.0038970347220199414,0.021692376374798823,1800000,9000000,7516800000,417.6000000000001
696,0.7800160221985922,0.3186284525450477,0.00456675585947112,0.02162018883295954,1800000,9000000,7527600000,418.20000000000005
697,0.7790536247289446,0.322311032519444,0.006226632017674782,0.021548241515663043,1800000,9000000,7538400000,418.80000000000007
698,0.7844825380832877,0.3217575427245765,0.006097012936285127,0.021476533623493964,1800000,9000000,7549200000,419.40000000000003
699,0.7784216789745064,0.32176151172775136,0.005186050636683343,0.021405064359697207,1800000,9000000,7560000000,420.00000000000006
700,0.7772237053132406,0.32561726930462287,0.004215757954342573,0.021333832930169112,1800000,9000000,7570800000,420.6000000000001
701,0.7812700009723119,0.31793814192380904,0.0062473080511841785,0.021262838543448622,1800000,9000000,7581600000,421.20000000000005
702,0.7804572663086662,0.31485577047266083,0.0047255978519948425,0.02119208041070847,1800000,9000000,7592400000,421.80000000000007
703,0.7776259519608588,0.3165510456146815,0.0029455778576647942,0.02112155774574646,1800000,9000000,7603200000,422.4000000000001
704,0.781498630357636,0.31835556868091075,0.004653506269471691,0.021051269764976704,1800000,9000000,7614000000,423.00000000000006
705,0.7794449755141589,0.32179238624881185,0.006779852013962138,0.020981215687420916,1800000,9000000,7624800000,423.6000000000001
706,0.7786098441482383,0.32370526999023264,0.005371780524749538,0.02091139473469973,1800000,9000000,7635600000,424.20000000000005
707,0.7775143916194792,0.3213725638967342,0.005352995006219863,0.020841806131024078,1800000,9000000,7646400000,424.80000000000007
708,0.7789478958903496,0.31849386542581853,0.003804909695667712,0.020772449103186517,1800000,9000000,7657200000,425.4000000000001
709,0.782056671451829,0.3115437630128464,0.0046231140762625685,0.0207033228805527,1800000,9000000,7668000000,426.00000000000006
710,0.7787420784437775,0.3183827443282562,0.0029903777626036584,0.020634426695052777,1800000,9000000,7678800000,426.6000000000001
711,0.777998703249573,0.32735850855603926,0.003940237698788976,0.020565759781172862,1800000,9000000,7689600000,427.20000000000005
712,0.7781468500609046,0.3217274588452865,0.004784048696106977,0.020497321375946544,1800000,9000000,7700400000,427.80000000000007
713,0.7780765953945443,0.3217643645895261,0.004821210131638783,0.0204291107189464,1800000,9000000,7711200000,428.4000000000001
714,0.7784689692025354,0.3245221080229177,0.005214060901453128,0.020361127052275524,1800000,9000000,7722000000,429.00000000000006
715,0.7769252126781565,0.32145607035807705,0.0034535986698111427,0.020293369620559148,1800000,9000000,7732800000,429.6000000000001
716,0.7778682520940329,0.3262699758834782,0.0052384855471400305,0.020225837670936227,1800000,9000000,7743600000,430.20000000000005
717,0.7778652475397477,0.32284400091163173,0.0036967167181763704,0.020158530453051063,1800000,9000000,7754400000,430.80000000000007
718,0.7793920893785302,0.32043742492485533,0.005072265676916726,0.020091447219045,1800000,9000000,7765200000,431.4000000000001
719,0.7788735894434973,0.3202106235171892,0.0055103216973909856,0.020024587223548076,1800000,9000000,7776000000,432.00000000000006
720,0.7803802511003265,0.3223143268218487,0.005086602633205902,0.019957949723670754,1800000,9000000,7786800000,432.6000000000001
721,0.7779152733978665,0.3183892247376558,0.002130651531506306,0.01989153397899569,1800000,9000000,7797600000,433.20000000000005
722,0.7798117543390916,0.3215145259326418,0.0014236157258320599,0.01982533925156948,1800000,9000000,7808400000,433.80000000000007
723,0.779466958454684,0.32177413659085513,0.00410398168185393,0.019759364805894478,1800000,9000000,7819200000,434.4000000000001
724,0.7776004279142796,0.3225299594661694,0.004359724355448182,0.019693609908920603,1800000,9000000,7830000000,435.00000000000006
725,0.7821226297362294,0.31916332292401206,0.004605193184809312,0.019628073830037226,1800000,9000000,7840800000,435.6000000000001
726,0.7758980584788201,0.3176349852129337,0.0026209518562273276,0.019562755841064997,1800000,9000000,7851600000,436.20000000000005
727,0.779145735712172,0.32622052861743184,0.0063945816534040426,0.019497655216247817,1800000,9000000,7862400000,436.80000000000007
728,0.7779050941807895,0.32118470074788946,0.0037037900509548057,0.019432771232244746,1800000,9000000,7873200000,437.4000000000001
729,0.7777243318601743,0.3213773377872459,0.003275240038546364,0.019368103168121962,1800000,9000000,7884000000,438.00000000000006
730,0.779730607048,0.3170669598733454,0.002735439827801473,0.019303650305344755,1800000,9000000,7894800000,438.6000000000001
731,0.781348466095587,0.3198560812661316,0.005190033045480169,0.01923941192776953,1800000,9000000,7905600000,439.20000000000005
732,0.7805434993533386,0.31818977215171423,0.0032390725668351196,0.019175387321635887,1800000,9000000,7916400000,439.80000000000007
733,0.7824539166707086,0.3151409503868248,0.003234559375919151,0.019111575775558647,1800000,9000000,7927200000,440.4000000000001
734,0.775711059469214,0.32689066127934,0.0032386556688079205,0.01904797658051998,1800000,9000000,7938000000,441.00000000000006
735,0.7805851359107887,0.31761649732351654,0.0035971591840434324,0.01898458902986151,1800000,9000000,7948800000,441.6000000000001
736,0.7805626818855473,0.32048594484381887,0.0021120176083540467,0.01892141241927647,1800000,9000000,7959600000,442.20000000000005
737,0.7815961838835381,0.31420734771060327,0.0034307955482629562,0.01885844604680186,1800000,9000000,7970400000,442.80000000000007
738,0.7785850953416918,0.3230973479583942,0.003320486809122626,0.018795689212810673,1800000,9000000,7981200000,443.4000000000001
739,0.7811194257725877,0.31897995115111133,0.0045581418333934,0.018733141220004107,1800000,9000000,7992000000,444.00000000000006
740,0.7809430826232504,0.324023851616839,0.0038264282304637538,0.01867080137340383,1800000,9000000,8002800000,444.6000000000001
741,0.77908973425665,0.3226731968276991,0.004449148992717723,0.01860866898034423,1800000,9000000,8013600000,445.20000000000005
742,0.7798254823873507,0.3172230582808438,0.002981907665713853,0.01854674335046476,1800000,9000000,8024400000,445.80000000000007
743,0.7800531928792412,0.3192780241416553,0.0031045874862488778,0.018485023795702205,1800000,9000000,8035200000,446.4000000000001
744,0.7785306954705338,0.3201426313450531,0.003973313863403108,0.01842350963028311,1800000,9000000,8046000000,447.00000000000006
745,0.7804679185772122,0.3261157457039876,0.00151108226220976,0.018362200170716117,1800000,9000000,8056800000,447.6000000000001
746,0.780377700005315,0.32484179230601096,0.0035201361242992567,0.018301094735784378,1800000,9000000,8067600000,448.20000000000005
747,0.7797078586997999,0.32189772862492416,0.0031678528485960928,0.018240192646537985,1800000,9000000,8078400000,448.80000000000007
748,0.7800038897351359,0.3162479393039808,0.0035614925692301377,0.018179493226286442,1800000,9000000,8089200000,449.4000000000001
749,0.7800811247022545,0.32590678274258655,0.0028717179963075774,0.018118995800591103,1800000,9000000,8100000000,450.00000000000006
750,0.7802359375269543,0.3213145063314117,0.004757818749724575,0.018058699697257735,1800000,9000000,8110800000,450.6000000000001
751,0.7779776788253094,0.3243719060863866,0.0020813291107627642,0.017998604246329014,1800000,9000000,8121600000,451.20000000000005
752,0.7795576245121425,0.31993516752382717,0.004084286354554541,0.01793870878007709,1800000,9000000,8132400000,451.80000000000007
753,0.7795486230558296,0.32096898148547404,0.003736264706019604,0.017879012632996176,1800000,9000000,8143200000,452.4000000000001
754,0.7815799454699106,0.3258560709786819,0.0035924221941143093,0.017819515141795115,1800000,9000000,8154000000,453.00000000000006
755,0.7794918114424895,0.32273585658483567,0.0017107759486086668,0.017760215645390067,1800000,9000000,8164800000,453.6000000000001
756,0.7800041690911527,0.32149667499505374,0.002178900154872641,0.017701113484897137,1800000,9000000,8175600000,454.20000000000005
757,0.7786699855064623,0.32308569692405564,0.0048761865643080805,0.017642208003625034,1800000,9000000,8186400000,454.80000000000007
758,0.7793957620115793,0.3207446865913499,0.002926385515744712,0.017583498547067807,1800000,9000000,8197200000,455.4000000000001
759,0.7804226947335519,0.3216525222556142,0.004290412226031484,0.017524984462897568,1800000,9000000,8208000000,456.00000000000006
760,0.7778128892481535,0.3263870136829789,0.003930273378798181,0.01746666510095721,1800000,9000000,8218800000,456.6000000000001
761,0.7812474281329388,0.31313515445611634,0.003170387523798477,0.017408539813253226,1800000,9000000,8229600000,457.20000000000005
762,0.7794489743881857,0.32510717855096655,0.0030831462128001713,0.017350607953948487,1800000,9000000,8240400000,457.80000000000007
763,0.7773548747773648,0.31974118928554807,0.002976764426936068,0.017292868879355078,1800000,9000000,8251200000,458.4000000000001
764,0.7810036571525041,0.31956487552733565,0.0028352900795187716,0.017235321947927124,1800000,9000000,8262000000,459.00000000000006
765,0.778930646786133,0.32127146247794275,0.004055635205696603,0.017177966520253697,1800000,9000000,8272800000,459.6000000000001
766,0.7794123438397421,0.3208320564795608,0.004128096938946859,0.01712080195905166,1800000,9000000,8283600000,460.20000000000005
767,0.7813119090166357,0.31668430165879397,0.0021477555015778737,0.017063827629158642,1800000,9000000,8294400000,460.80000000000007
768,0.7815970476283671,0.3174915387284944,0.0038119234216294697,0.017007042897525942,1800000,9000000,8305200000,461.4000000000001
769,0.77944021520175,0.3258231735038141,0.003637021716778219,0.016950447133211522,1800000,9000000,8316000000,462.00000000000006
770,0.7804665076680392,0.3209105379012098,0.004295375758309853,0.01689403970737297,1800000,9000000,8326800000,462.6000000000001
771,0.7804414497832555,0.31664568329228937,0.0026608088090565142,0.016837819993260533,1800000,9000000,8337600000,463.20000000000005
772,0.7785269405019631,0.32015749296052115,0.0028721147907920432,0.016781787366210135,1800000,9000000,8348400000,463.80000000000007
773,0.7804123798532061,0.31704575404085994,0.0014503168190912851,0.016725941203636456,1800000,9000000,8359200000,464.4000000000001
774,0.779120367023357,0.32324722917383847,0.002131980319885187,0.016670280885026006,1800000,9000000,8370000000,465.00000000000006
775,0.7796195812965386,0.3235119544823493,0.004036411264312508,0.01661480579193023,1800000,9000000,8380800000,465.6000000000001
776,0.7811578132806155,0.3161902516437459,0.001903191192139747,0.016559515307958635,1800000,9000000,8391600000,466.20000000000005
777,0.7792527893201416,0.32187246914576684,0.0030051313357657068,0.016504408818771934,1800000,9000000,8402400000,466.80000000000007
778,0.7814638148871818,0.3208688718460484,0.005158001925216454,0.01644948571207524,1800000,9000000,8413200000,467.4000000000001
779,0.777149239772893,0.32011337932031286,0.003702856779422651,0.016394745377611247,1800000,9000000,8424000000,468.00000000000006
780,0.7778251328247217,0.3219711420450232,0.003999888534139354,0.016340187207153453,1800000,9000000,8434800000,468.6000000000001
781,0.7786822608936651,0.3235839567497141,0.003801725663780651,0.016285810594499402,1800000,9000000,8445600000,469.20000000000005
782,0.7768879043915848,0.3218654129396736,0.00204693512204552,0.016231614935463958,1800000,9000000,8456400000,469.80000000000007
783,0.7780306700305866,0.3244032229781036,0.004580153287925596,0.01617759962787256,1800000,9000000,8467200000,470.4000000000001
784,0.780258990523796,0.316850283866805,0.004396607789423428,0.016123764071554577,1800000,9000000,8478000000,471.00000000000006
785,0.7791496759145213,0.3223396403497896,0.0044345295633545995,0.016070107668336605,1800000,9000000,8488800000,471.6000000000001
786,0.777751576402615,0.321942565721478,0.0029784401103666565,0.01601662982203583,1800000,9000000,8499600000,472.20000000000005
787,0.7807745337585569,0.3192020384831486,0.0037550804224695355,0.015963329938453414,1800000,9000000,8510400000,472.80000000000007
788,0.7767852221801024,0.3262658175933102,0.0014287644710105124,0.015910207425367886,1800000,9000000,8521200000,473.4000000000001
789,0.7804339357239526,0.3190843941009855,0.0029453650405667246,0.015857261692528542,1800000,9000000,8532000000,474.00000000000006
790,0.7795797622322782,0.3175465566087101,0.0020390768785957364,0.015804492151648922,1800000,9000000,8542800000,474.6000000000001
791,0.7792874051573303,0.3192383312940892,0.0025896209943154706,0.015751898216400252,1800000,9000000,8553600000,475.20000000000005
792,0.7764725345164215,0.3238433753397078,0.0030522938338831606,0.015699479302404933,1800000,9000000,8564400000,475.80000000000007
793,0.7799410321931175,0.3193443751803213,0.004001047092425333,0.015647234827230044,1800000,9000000,8575200000,476.4000000000001
794,0.7796005957829157,0.3183764143306474,0.003158484027793602,0.015595164210380888,1800000,9000000,8586000000,477.00000000000006
795,0.7809457049096574,0.3129101453668635,0.0005768787022574265,0.015543266873294511,1800000,9000000,8596800000,477.6000000000001
796,0.7792851085213143,0.31910180845805436,0.002686423499635546,0.015491542239333302,1800000,9000000,8607600000,478.20000000000005
797,0.782780928844024,0.3181981802599698,0.003166372713657889,0.01543998973377857,1800000,9000000,8618400000,478.80000000000007
798,0.7791913787925324,0.32495048581956293,0.0,0.015388608783824179,1800000,9000000,8629200000,479.4000000000001
799,0.7780649205020669,0.3252855309331798,0.0021797153973362304,0.015337398818570146,1800000,9000000,8640000000,480.00000000000006
800,0.7801413025281091,0.3189506190592119,0.0038665886233478254,0.01528635926901634,1800000,9000000,8650800000,480.6000000000001
801,0.7793838553426992,0.31981660750099655,0.002420095213062194,0.01523548956805612,1800000,9000000,8661600000,481.20000000000005
802,0.7799791182319382,0.3219679638656112,0.0021853764434654477,0.01518478915047006,1800000,9000000,8672400000,481.80000000000007
803,0.7802621256025958,0.3200641636373647,0.0024259372794581376,0.015134257452919677,1800000,9000000,8683200000,482.4000000000001
804,0.7793316886359722,0.32613483497439705,0.0005919775496918888,0.01508389391394114,1800000,9000000,8694000000,483.00000000000006
805,0.7757647424477354,0.326484679151696,0.0033461252783476823,0.015033697973939058,1800000,9000000,8704800000,483.6000000000001
806,0.7790191352936555,0.32390563019757024,0.0010155167993485127,0.014983669075180239,1800000,9000000,8715600000,484.20000000000005
807,0.7805720877675882,0.32200244295624575,0.004123394008785027,0.014933806661787518,1800000,9000000,8726400000,484.80000000000007
808,0.7796760847015827,0.3208383047137826,0.0025934607892063627,0.014884110179733566,1800000,9000000,8737200000,485.4000000000001
809,0.7798128247635291,0.3182155641478031,0.0020549020893124133,0.01483457907683474,1800000,9000000,8748000000,486.00000000000006
810,0.7798606527447467,0.32054308039410273,0.0013918008642125259,0.014785212802744946,1800000,9000000,8758800000,486.6000000000001
811,0.7769171645808055,0.3211199487863726,0.002418355104157834,0.014736010808949521,1800000,9000000,8769600000,487.20000000000005
812,0.7798953088859341,0.31555733979538464,0.0035685392862253727,0.014686972548759124,1800000,9000000,8780400000,487.80000000000007
813,0.7816693770166704,0.31678076561027646,0.003218476267795383,0.014638097477303708,1800000,9000000,8791200000,488.4000000000001
814,0.7773825198833717,0.3265785657223764,0.00013498185837893884,0.014589385051526413,1800000,9000000,8802000000,489.00000000000006
815,0.776345899507652,0.3282633247933802,0.004502403014954503,0.014540834730177563,1800000,9000000,8812800000,489.6000000000001
816,0.7780645747432742,0.31838677244156277,0.002309598903453787,0.014492445973808648,1800000,9000000,8823600000,490.20000000000005
817,0.7781275002365956,0.3209908808230328,0.0021512233569392844,0.014444218244766325,1800000,9000000,8834400000,490.80000000000007
818,0.7809743292799812,0.32369687704938993,0.0025253784370378386,0.01439615100718643,1800000,9000000,8845200000,491.4000000000001
819,0.7807551068901852,0.3215216430431949,0.002096019504514964,0.014348243726988055,1800000,9000000,8856000000,492.00000000000006
820,0.7819400359132855,0.3157788202970655,0.001991625588493762,0.014300495871867599,1800000,9000000,8866800000,492.6000000000001
821,0.783317697305213,0.3192711603127127,0.002315465205958286,0.01425290691129284,1800000,9000000,8877600000,493.20000000000005
822,0.7792324101280462,0.31957419840503243,0.003954293575442727,0.014205476316497063,1800000,9000000,8888400000,493.80000000000007
823,0.7790406839485118,0.3223692963262943,0.003268943255406668,0.014158203560473181,1800000,9000000,8899200000,494.4000000000001
824,0.7802300527815796,0.31693837258955976,0.002265900261784124,0.014111088117967848,1800000,9000000,8910000000,495.00000000000006
825,0.7794655608800531,0.3182125377733592,0.002041143773580735,0.014064129465475665,1800000,9000000,8920800000,495.6000000000001
826,0.7786606246737368,0.3264515944134597,0.0031588842575192622,0.01401732708123335,1800000,9000000,8931600000,496.20000000000005
827,0.7795147613558078,0.31627999005207114,0.004970844575792841,0.013970680445213924,1800000,9000000,8942400000,496.80000000000007
828,0.7834560249394024,0.32014117927913316,0.004104779070317964,0.013924189039120962,1800000,9000000,8953200000,497.4000000000001
829,0.7814930704240318,0.31809629303281933,0.0036663133517489347,0.01387785234638279,1800000,9000000,8964000000,498.00000000000006
830,0.7800033015254003,0.32280290054707367,0.004501531102768634,0.013831669852146802,1800000,9000000,8974800000,498.6000000000001
831,0.778446433367302,0.3182573955646945,0.0016522754833453194,0.013785641043273693,1800000,9000000,8985600000,499.20000000000005
832,0.7799204695935692,0.32180571025878185,0.0011693592252731539,0.01373976540833178,1800000,9000000,8996400000,499.80000000000007
833,0.7810825876260358,0.31971114718608734,0.0021916561757023495,0.013694042437591319,1800000,9000000,9007200000,500.4000000000001
834,0.7790774000000871,0.32385981198895497,0.0017138785837428326,0.01364847162301883,1800000,9000000,9018000000,501.00000000000006
835,0.7817050759053532,0.3173893207961218,0.0017453725223577656,0.013603052458271453,1800000,9000000,9028800000,501.6000000000001
836,0.7790983019253566,0.3141123233839515,0.004799236434067501,0.013557784438691338,1800000,9000000,9039600000,502.2000000000001
837,0.7774519086712673,0.32086803417539417,0.0020118822265793633,0.013512667061300028,1800000,9000000,9050400000,502.80000000000007
838,0.7777362212295512,0.3247085979153054,0.0021786138727931652,0.013467699824792862,1800000,9000000,9061200000,503.4000000000001
839,0.7790950559838156,0.3191436381298786,0.0017855161526515262,0.013422882229533415,1800000,9000000,9072000000,504.00000000000006
840,0.7781333729763033,0.3135292357199028,0.0017826740765072673,0.013378213777547955,1800000,9000000,9082800000,504.6000000000001
841,0.7802560175383781,0.3204498923030751,0.00477536537196035,0.013333693972519876,1800000,9000000,9093600000,505.2000000000001
842,0.7813514883755736,0.3206016083888717,0.0010879523859053256,0.013289322319784223,1800000,9000000,9104400000,505.80000000000007
843,0.7782951557926201,0.3216970351907874,0.0018974528858964764,0.01324509832632218,1800000,9000000,9115200000,506.4000000000001
844,0.777144406366063,0.3221170105108411,0.003039035955522491,0.013201021500755583,1800000,9000000,9126000000,507.00000000000006
845,0.7763314475825959,0.32411862057868235,0.0015443323836074703,0.013157091353341475,1800000,9000000,9136800000,507.6000000000001
846,0.7789141751247824,0.31591147213390225,0.0007018373804492273,0.013113307395966662,1800000,9000000,9147600000,508.2000000000001
847,0.77866867465403,0.3203992857261768,0.0018612458381570913,0.01306966914214226,1800000,9000000,9158400000,508.80000000000007
848,0.7804585686770362,0.31961850783185114,0.0032031524523716847,0.013026176106998346,1800000,9000000,9169200000,509.4000000000001
849,0.7809879244620579,0.32091779316932323,0.0013782154704987137,0.012982827807278526,1800000,9000000,9180000000,510.00000000000006
850,0.7799915739158955,0.3159529623856384,0.0017660100487145248,0.012939623761334574,1800000,9000000,9190800000,510.6000000000001
851,0.7788004060627486,0.3267443753149299,0.0038334223039315695,0.012896563489121101,1800000,9000000,9201600000,511.2000000000001
852,0.7821390055138098,0.31884376505506984,0.0026457826788111776,0.012853646512190182,1800000,9000000,9212400000,511.80000000000007
853,0.7800558071113144,0.30972656187677344,0.0028415773149613405,0.012810872353686081,1800000,9000000,9223200000,512.4000000000001
854,0.7792235593209939,0.31900470440194384,0.0015353858985978418,0.012768240538339934,1800000,9000000,9234000000,513.0000000000001
855,0.779065804510291,0.3195708038259108,0.0017839003585126225,0.01272575059246446,1800000,9000000,9244800000,513.6
856,0.7788264511845717,0.32564561862234326,0.0026932740717563164,0.012683402043948716,1800000,9000000,9255600000,514.2
857,0.7818478924054933,0.31802155877063226,0.0029693011241640204,0.012641194422252843,1800000,9000000,9266400000,514.8000000000001
858,0.780779351087658,0.3207661212848666,0.002752319536372528,0.012599127258402818,1800000,9000000,9277200000,515.4000000000001
859,0.7799521122376232,0.3176576609722125,0.00306862369811405,0.012557200084985287,1800000,9000000,9288000000,516.0000000000001
860,0.778553941090194,0.3216216852303404,0.002707433279124134,0.012515412436142334,1800000,9000000,9298800000,516.6
861,0.7815269162111756,0.31896177287257865,0.0024451979912172555,0.012473763847566318,1800000,9000000,9309600000,517.2
862,0.779276399509991,0.3258092902447046,0.0022180205443919888,0.01243225385649472,1800000,9000000,9320400000,517.8000000000001
863,0.7797434077043127,0.32249429300086024,0.001177472797763926,0.012390882001704991,1800000,9000000,9331200000,518.4000000000001
864,0.7800620673997837,0.3222363292985984,0.0020420562630601756,0.01234964782350942,1800000,9000000,9342000000,519.0000000000001
865,0.7798980275648552,0.3218907152420801,0.0015709459962521296,0.012308550863750054,1800000,9000000,9352800000,519.6
866,0.7827046400480147,0.3192521752799778,0.0008762803787026137,0.012267590665793582,1800000,9000000,9363600000,520.2
867,0.7814877604551277,0.31619355754069867,0.00312690794379154,0.012226766774526273,1800000,9000000,9374400000,520.8000000000001
868,0.7800315661137828,0.321303882390858,0.0014576747071621127,0.012186078736348917,1800000,9000000,9385200000,521.4000000000001
869,0.7790087146627125,0.32254778358332614,0.002271639178478682,0.012145526099171784,1800000,9000000,9396000000,522.0000000000001
870,0.7789998903538192,0.31802172854028843,0.0014755646193548556,0.01210510841240959,1800000,9000000,9406800000,522.6
871,0.779230609700658,0.3183517722917009,0.0019238193827740351,0.01206482522697652,1800000,9000000,9417600000,523.2
872,0.7805207153708067,0.31732390361573193,0.0025374386585550086,0.012024676095281203,1800000,9000000,9428400000,523.8000000000001
873,0.7786882108811023,0.3201569389164397,0.003357693839702267,0.011984660571221769,1800000,9000000,9439200000,524.4000000000001
874,0.7819473280673921,0.317886986535325,0.0016574241302515743,0.011944778210180869,1800000,9000000,9450000000,525.0000000000001
875,0.7785975028394254,0.3224290132466974,0.0021189057857283005,0.011905028569020754,1800000,9000000,9460800000,525.6
876,0.781219284730312,0.3171124206324103,0.0014281217059242258,0.011865411206078324,1800000,9000000,9471600000,526.2
877,0.7802440726361428,0.3183280224639707,0.002218967235449015,0.011825925681160258,1800000,9000000,9482400000,526.8000000000001
878,0.7788968288181239,0.3214165885357246,0.0028176019838471655,0.01178657155553809,1800000,9000000,9493200000,527.4000000000001
879,0.7804383049340969,0.3229157261114614,0.002468097018842922,0.01174734839194336,1800000,9000000,9504000000,528.0000000000001
880,0.7787500152050795,0.32153940952286675,0.004546458245529815,0.011708255754562732,1800000,9000000,9514800000,528.6
881,0.7791870068588369,0.32418285294742155,0.0011012377300587209,0.011669293209033163,1800000,9000000,9525600000,529.2
882,0.780889004048191,0.32177818900632327,0.002859329073413735,0.011630460322437081,1800000,9000000,9536400000,529.8000000000001
883,0.7792268485733274,0.32279229253179864,0.0019138788702512178,0.01159175666329757,1800000,9000000,9547200000,530.4000000000001
884,0.7788373249727057,0.3211899433590053,0.0015502529723424334,0.011553181801573576,1800000,9000000,9558000000,531.0000000000001
885,0.7768631926483757,0.3211753374731281,0.00039708515248974645,0.011514735308655124,1800000,9000000,9568800000,531.6
886,0.778077029549784,0.3256243472616653,0.0029024296491522938,0.011476416757358571,1800000,9000000,9579600000,532.2
887,0.7779457891346944,0.32361122262771924,0.001394878160727388,0.011438225721921835,1800000,9000000,9590400000,532.8000000000001
888,0.778912394202716,0.3160771245735536,0.0017232652162389311,0.011400161777999683,1800000,9000000,9601200000,533.4000000000001
889,0.7809290716924295,0.3173353425529604,0.0011276685659330637,0.01136222450265902,1800000,9000000,9612000000,534.0000000000001
890,0.7815925175762254,0.32106174463181175,0.002503175032770087,0.011324413474374167,1800000,9000000,9622800000,534.6
891,0.7827085817664933,0.3126631005286164,0.001241987080836017,0.011286728273022203,1800000,9000000,9633600000,535.2
892,0.7822350604809646,0.31788964110950774,0.0018156226862328989,0.011249168479878289,1800000,9000000,9644400000,535.8000000000001
893,0.7809900628628841,0.3174743408678976,0.0036137184183593013,0.011211733677610984,1800000,9000000,9655200000,536.4000000000001
894,0.780146044576181,0.32288031282866253,0.00046995838604385045,0.01117442345027767,1800000,9000000,9666000000,537.0000000000001
895,0.7813960794182164,0.32051018518399166,0.0021311260410705017,0.011137237383319877,1800000,9000000,9676800000,537.6000000000001
896,0.7783470474695103,0.3213841119862579,0.0020584162049980294,0.011100175063558702,1800000,9000000,9687600000,538.2
897,0.7776543054176595,0.31919054478797726,0.0033708641184995985,0.01106323607919021,1800000,9000000,9698400000,538.8000000000001
898,0.7772888752539702,0.3230466105788183,0.0019900226187415148,0.011026420019780866,1800000,9000000,9709200000,539.4000000000001
899,0.7798235095436628,0.31587354434867987,0.0036054441459840566,0.010989726476262956,1800000,9000000,9720000000,540.0000000000001
900,0.7805472330873531,0.3212233873315192,0.0030958854196302668,0.010953155040930068,1800000,9000000,9730800000,540.6000000000001
901,0.780690623389865,0.3204188353556079,0.0031471904862898138,0.010916705307432543,1800000,9000000,9741600000,541.2
902,0.7802028801254427,0.3163413645075257,0.0010797037070455332,0.010880376870772968,1800000,9000000,9752400000,541.8000000000001
903,0.7805867251485047,0.3229785774962379,0.0011437159550286746,0.010844169327301678,1800000,9000000,9763200000,542.4000000000001
904,0.7799079165528718,0.32310438061626273,0.0031346788679217684,0.010808082274712251,1800000,9000000,9774000000,543.0000000000001
905,0.7809571854762931,0.32207559448298945,0.0037336788758415467,0.010772115312037072,1800000,9000000,9784800000,543.6000000000001
906,0.7824828019085046,0.31754121881061054,0.00307862737065093,0.010736268039642852,1800000,9000000,9795600000,544.2
907,0.7797693962059254,0.31888543228488214,0.0008734543848796976,0.010700540059226191,1800000,9000000,9806400000,544.8000000000001
908,0.7776202225952502,0.316361170348571,0.0029646263227994843,0.010664930973809168,1800000,9000000,9817200000,545.4000000000001
909,0.7786394037388271,0.3175469205312597,0.001964853470460978,0.010629440387734914,1800000,9000000,9828000000,546.0000000000001
910,0.7773479256666095,0.3212752085690025,0.0016267869381354548,0.010594067906663207,1800000,9000000,9838800000,546.6000000000001
911,0.7801747769638355,0.3226631463056385,0.0009351549260693443,0.010558813137566122,1800000,9000000,9849600000,547.2
912,0.780449495176906,0.32547525208280237,0.0031064284138180927,0.01052367568872364,1800000,9000000,9860400000,547.8000000000001
913,0.7790001232777377,0.3230075916455754,0.002504827324706873,0.010488655169719302,1800000,9000000,9871200000,548.4000000000001
914,0.7804012045861313,0.3195949297856248,0.0003746304639038736,0.010453751191435868,1800000,9000000,9882000000,549.0000000000001
915,0.7805473688885977,0.319003278882424,0.0,0.010418963366051004,1800000,9000000,9892800000,549.6000000000001
916,0.7815791768529452,0.3162111365489537,0.0013987252918953353,0.01038429130703295,1800000,9000000,9903600000,550.2
917,0.776878620807206,0.3224113043025319,0.0005500248021997013,0.010349734629136251,1800000,9000000,9914400000,550.8000000000001
918,0.7787361975050714,0.3217812574609825,0.0011846216766775099,0.010315292948397467,1800000,9000000,9925200000,551.4000000000001
919,0.7788529572895945,0.3226792024639365,0.0013412429784850398,0.0102809658821309,1800000,9000000,9936000000,552.0000000000001
920,0.7807805585605883,0.3196851615293241,0.00105622383115568,0.010246753048924351,1800000,9000000,9946800000,552.6000000000001
921,0.7794735278523719,0.32308967377390946,0.003956022325568571,0.010212654068634879,1800000,9000000,9957600000,553.2
922,0.781618116545731,0.3169853599632407,0.001379425348962243,0.010178668562384568,1800000,9000000,9968400000,553.8000000000001
923,0.7820777679033201,0.3174027608511733,0.0017641096276244006,0.010144796152556337,1800000,9000000,9979200000,554.4000000000001
924,0.779937425126501,0.3174048457878053,0.0005818640590651632,0.010111036462789725,1800000,9000000,9990000000,555.0000000000001
925,0.778488743732202,0.3245822740803038,0.001758685618066932,0.010077389117976725,1800000,9000000,10000800000,555.6000000000001
926,0.7803044892149329,0.32214515998677945,0.0016558738094171932,0.010043853744257604,1800000,9000000,10011600000,556.2
927,0.7766535299139221,0.324495647837651,0.002150859091443512,0.010010429969016745,1800000,9000000,10022400000,556.8000000000001
928,0.7813843366465858,0.32037446522317403,0.0022747673905400456,0.009977117420878534,1800000,9000000,10033200000,557.4000000000001
929,0.7783251027231146,0.31924710234313086,0.0028551014715995846,0.009943915729703197,1800000,9000000,10044000000,558.0000000000001
930,0.7792821478603764,0.3179880223665661,0.002088938237111392,0.009910824526582717,1800000,9000000,10054800000,558.6000000000001
931,0.7810410741486871,0.3203060233175468,0.002613133555836031,0.009877843443836716,1800000,9000000,10065600000,559.2
932,0.777528996457018,0.32455370066505485,0.0010902520792320763,0.009844972115008389,1800000,9000000,10076400000,559.8000000000001
933,0.7787831417582418,0.32194907594593797,0.002700834097689911,0.009812210174860397,1800000,9000000,10087200000,560.4000000000001
934,0.778507494880968,0.3183925642123416,0.004682640561125299,0.009779557259370852,1800000,9000000,10098000000,561.0000000000001
935,0.780007927691008,0.31517994232450164,0.0003890799138652663,0.00974701300572925,1800000,9000000,10108800000,561.6000000000001
936,0.7744962423562375,0.32779967675720517,0.0015139125737838714,0.009714577052332429,1800000,9000000,10119600000,562.2
937,0.7805203745698781,0.3215831838082159,0.0007116114158525166,0.00968224903878058,1800000,9000000,10130400000,562.8000000000001
938,0.7817875318601382,0.3167561471906698,0.0005370963291832299,0.009650028605873223,1800000,9000000,10141200000,563.4000000000001
939,0.7785988487583643,0.32459523851662997,0.0024673673477236847,0.009617915395605208,1800000,9000000,10152000000,564.0000000000001
940,0.7792851968789254,0.3218862456230588,0.0018715014754207104,0.009585909051162758,1800000,9000000,10162800000,564.6000000000001
941,0.7803528413579272,0.3175827098973003,0.0026109559009207307,0.009554009216919498,1800000,9000000,10173600000,565.2
942,0.7800598249238141,0.3211581397264674,0.001298485363131595,0.009522215538432497,1800000,9000000,10184400000,565.8000000000001
943,0.7813630235449888,0.3206167262675152,0.0029120159311934145,0.009490527662438332,1800000,9000000,10195200000,566.4000000000001
944,0.7800554571181686,0.3202277481204448,0.0021306199159384347,0.00945894523684917,1800000,9000000,10206000000,567.0000000000001
945,0.7817620393652438,0.31901038826336603,0.0016270295771345505,0.009427467910748841,1800000,9000000,10216800000,567.6000000000001
946,0.7811205931433904,0.3183925042762111,0.002042788532656277,0.009396095334388952,1800000,9000000,10227600000,568.2
947,0.7803666964867265,0.3169076927317359,0.0031726940194340765,0.009364827159185005,1800000,9000000,10238400000,568.8000000000001
948,0.7804745855945456,0.3155827795310864,0.0011772226809234473,0.009333663037712504,1800000,9000000,10249200000,569.4000000000001
949,0.7791702769389948,0.3218308532598753,0.0003769916003530927,0.009302602623703115,1800000,9000000,10260000000,570.0000000000001
950,0.780024542970485,0.3178102749601676,0.002760046260065687,0.009271645572040809,1800000,9000000,10270800000,570.6000000000001
951,0.7786043164128542,0.3235142755822881,0.0026974504387542115,0.00924079153875802,1800000,9000000,10281600000,571.2
952,0.7831939619921323,0.3184048309442853,0.001472576046794427,0.009210040181031845,1800000,9000000,10292400000,571.8000000000001
953,0.7791675298975413,0.3227014971115913,0.0010100665749217552,0.009179391157180212,1800000,9000000,10303200000,572.4000000000001
954,0.7798017897405103,0.3174760643861887,0.0028499651293085746,0.009148844126658095,1800000,9000000,10314000000,573.0000000000001
955,0.781493156893655,0.31997925184387327,0.00254234036963954,0.009118398750053738,1800000,9000000,10324800000,573.6000000000001
956,0.7783923035183775,0.32578978855338775,0.003592225429021618,0.009088054689084853,1800000,9000000,10335600000,574.2
957,0.7798622049415247,0.3173699481200761,0.0005648994942557832,0.009057811606594903,1800000,9000000,10346400000,574.8000000000001
958,0.7784167121951995,0.3139629880218371,0.0007717328585755656,0.009027669166549323,1800000,9000000,10357200000,575.4000000000001
959,0.7774530524830504,0.322243109661693,0.001950758921285364,0.008997627034031805,1800000,9000000,10368000000,576.0000000000001
960,0.7790672767050011,0.3253474451974573,0.0016193915258032401,0.008967684875240566,1800000,9000000,10378800000,576.6000000000001
961,0.7781146365120071,0.3262127960328567,0.001390204934074283,0.00893784235748465,1800000,9000000,10389600000,577.2
962,0.7815017577014574,0.321733704999144,0.0017833715955773487,0.008908099149180209,1800000,9000000,10400400000,577.8000000000001
963,0.7805572513077293,0.3197988324122017,0.0006955004032434839,0.008878454919846852,1800000,9000000,10411200000,578.4000000000001
964,0.7786076829373604,0.32113402755314835,0.0015199663857704254,0.008848909340103947,1800000,9000000,10422000000,579.0000000000001
965,0.7791874456330068,0.3172523396465891,0.0,0.00881946208166697,1800000,9000000,10432800000,579.6000000000001
966,0.77810728805485,0.3257311481576189,0.0018719602173685977,0.008790112817343857,1800000,9000000,10443600000,580.2
967,0.7790428871101972,0.3222644482699586,0.0012532209648287256,0.008760861221031375,1800000,9000000,10454400000,580.8000000000001
968,0.7792972565724013,0.31531591542683846,0.0013056165806494865,0.008731706967711477,1800000,9000000,10465200000,581.4000000000001
969,0.7783538769399075,0.32202885725084857,0.0,0.008702649733447719,1800000,9000000,10476000000,582.0000000000001
970,0.7795642172194661,0.3238821183583524,0.0025164252480733645,0.008673689195381645,1800000,9000000,10486800000,582.6000000000001
971,0.7783871242531173,0.32499208433169796,0.0,0.0086448250317292,1800000,9000000,10497600000,583.2
972,0.7785442710936453,0.32576745451659067,0.0,0.008616056921777155,1800000,9000000,10508400000,583.8000000000001
973,0.7813168563668993,0.3188817943434264,0.0014479635332879457,0.008587384545879555,1800000,9000000,10519200000,584.4000000000001
974,0.7800000179482109,0.3206519219097892,0.0006807782688185762,0.00855880758545414,1800000,9000000,10530000000,585.0000000000001
975,0.7770849082676098,0.3174005338015542,0.0013285498434315972,0.008530325722978842,1800000,9000000,10540800000,585.6000000000001
976,0.7782451964467567,0.32054709450917823,0.0014875468374944518,0.008501938641988227,1800000,9000000,10551600000,586.2
977,0.7799734448467739,0.3207780644599687,0.001984306705943585,0.00847364602706999,1800000,9000000,10562400000,586.8000000000001
978,0.7817415682378855,0.3204125764319845,0.00311489501867705,0.008445447563861456,1800000,9000000,10573200000,587.4000000000001
979,0.7796597279864667,0.3204450862949675,0.0016827265582108086,0.008417342939046071,1800000,9000000,10584000000,588.0000000000001
980,0.7808506326030044,0.3180846057344862,0.0009263632944698323,0.008389331840349944,1800000,9000000,10594800000,588.6000000000001
981,0.7806998149074367,0.31291998529653753,0.0011015067769157138,0.008361413956538348,1800000,9000000,10605600000,589.2
982,0.7828316845772995,0.3153035561409014,0.002061175871357959,0.008333588977412296,1800000,9000000,10616400000,589.8000000000001
983,0.7771650298529926,0.32249423094818475,0.0,0.008305856593805061,1800000,9000000,10627200000,590.4000000000001
984,0.7800721421931623,0.3163854384405884,0.0,0.008278216497578768,1800000,9000000,10638000000,591.0000000000001
985,0.7802760694408274,0.3187723111430105,0.0005092062964688885,0.008250668381620944,1800000,9000000,10648800000,591.6000000000001
986,0.7823193878571668,0.3151136623333416,0.0006717380197720326,0.008223211939841133,1800000,9000000,10659600000,592.2
987,0.7789154250559486,0.3240190139079181,0.0025884529049530537,0.008195846867167478,1800000,9000000,10670400000,592.8000000000001
988,0.7818492068304329,0.32079866439361593,0.00013178285657517623,0.008168572859543331,1800000,9000000,10681200000,593.4000000000001
989,0.7820343480281591,0.3245130859535777,0.001418322574839634,0.008141389613923886,1800000,9000000,10692000000,594.0000000000001
990,0.778317183483671,0.3176208604641178,0.0028320313886599424,0.008114296828272803,1800000,9000000,10702800000,594.6000000000001
991,0.7809088397907097,0.3217012553799982,0.0014693756441032197,0.008087294201558844,1800000,9000000,10713600000,595.2
992,0.7828501855601768,0.31821877494123035,0.0,0.00806038143375255,1800000,9000000,10724400000,595.8000000000001
993,0.7790885001491458,0.3194168043184096,0.003057143037212975,0.008033558225822888,1800000,9000000,10735200000,596.4000000000001
994,0.7821934921786139,0.3132071480161393,0.0,0.008006824279733942,1800000,9000000,10746000000,597.0000000000001
995,0.7808915119468139,0.31924572560771136,0.0,0.00798017929844159,1800000,9000000,10756800000,597.6000000000001
996,0.7795405216401304,0.320388401600809,0.0022340327741176428,0.007953622985890214,1800000,9000000,10767600000,598.2
997,0.7787578626828907,0.32598202037487056,0.0001132416145720324,0.007927155047009393,1800000,9000000,10778400000,598.8000000000001
998,0.7795753201033905,0.32338325631307707,0.002693495102598325,0.007900775187710651,1800000,9000000,10789200000,599.4000000000001
999,0.7812361138593881,0.3214428484478433,0.000915490351174907,0.007874483114884165,1800000,9000000,10800000000,600.0000000000001
