round,test_accuracy,train_objective,mfg,hfr_tau,downlink_bytes,uplink_bytes,cumulative_serialized_bytes,single_device_elapsed_seconds
0,0.5044684998793966,0.5935176354100015,0.04552780279076122,0.22,1800000,18000000,19800000,0.65
1,0.5104833543317228,0.594957664248536,0.0473742859298548,0.2192678875319951,1800000,18000000,39600000,1.3
2,0.5165868036077292,0.5901160287768795,0.045208353339475316,0.21853821137610757,1800000,18000000,59400000,1.9500000000000002
3,0.5217781183748289,0.5824395896181246,0.045104080973804465,0.21781096342481698,1800000,18000000,79200000,2.6
4,0.5284197166920639,0.5662986483960589,0.0449448370099573,0.21708613559758305,1800000,18000000,99000000,3.25
5,0.5313054333027271,0.5698467842654356,0.04413813563571799,0.21636371984075584,1800000,18000000,118800000,3.9000000000000004
6,0.5367625677527689,0.568934800171343,0.04474583816897613,0.21564370812748615,1800000,18000000,138600000,4.55
7,0.5414231975746442,0.5598178571019323,0.04477143992009824,0.21492609245763647,1800000,18000000,158400000,5.2
8,0.5494886691973453,0.5495216535914919,0.042557296637800286,0.2142108648576919,1800000,18000000,178200000,5.8500000000000005
9,0.5510321867666804,0.5475720573982052,0.043933140974827,0.21349801738067178,1800000,18000000,198000000,6.5
10,0.5569615142059104,0.540498480719148,0.0428992840090162,0.2127875421060413,1800000,18000000,217800000,7.15
11,0.5588433552876475,0.5433188408484668,0.04300403055778469,0.21207943113962338,1800000,18000000,237600000,7.800000000000001
12,0.5655331767386069,0.5337251856648656,0.04277493534478756,0.2113736766135111,1800000,18000000,257400000,8.450000000000001
13,0.5738646157713948,0.525350817212993,0.041445710922544905,0.2106702706859803,1800000,18000000,277200000,9.1
14,0.5747657709457513,0.52399652738729,0.04101489200003601,0.20996920554140228,1800000,18000000,297000000,9.75
15,0.5806459736664047,0.5222607966950493,0.04238493314980381,0.20927047339015709,1800000,18000000,316800000,10.4
16,0.583242873854956,0.5171527262001261,0.040076351258576406,0.208574066468547,1800000,18000000,336600000,11.05
17,0.5909066519476094,0.5104828055676236,0.04250824651932025,0.2078799770387102,1800000,18000000,356400000,11.700000000000001
18,0.5917655254865384,0.5023884263575293,0.043091705058635105,0.20718819738853472,1800000,18000000,376200000,12.35
19,0.5957899885506415,0.5011870004391562,0.043021225947272014,0.2064987198315729,1800000,18000000,396000000,13.0
20,0.5998987569760295,0.5019680206350204,0.041574983129545884,0.2058115367069559,1800000,18000000,415800000,13.65
21,0.6043745585843473,0.4960171923696202,0.04188377249324303,0.2051266403793086,1800000,18000000,435600000,14.3
22,0.6074009770094622,0.4924080602466215,0.04187308467114173,0.20444402323866478,1800000,18000000,455400000,14.950000000000001
23,0.6136632286536474,0.4888889552708151,0.04204053955075418,0.20376367770038248,1800000,18000000,475200000,15.600000000000001
24,0.6177186293487823,0.481245730248232,0.04230063353185129,0.20308559620505987,1800000,18000000,495000000,16.25
25,0.6198441619530182,0.4782947558171853,0.040137632229021274,0.20240977121845113,1800000,18000000,514800000,16.900000000000002
26,0.6252256429166648,0.47307004266653097,0.03925727108434634,0.20173619523138275,1800000,18000000,534600000,17.55
27,0.6300266506894194,0.46624343570712423,0.04089871243531793,0.2010648607596702,1800000,18000000,554400000,18.2
28,0.6300139459749111,0.4677869439172672,0.04058971189913731,0.20039576034403467,1800000,18000000,574200000,18.85
29,0.6328890463136018,0.4679243601768036,0.03938114291236868,0.19972888655002022,1800000,18000000,594000000,19.5
30,0.6390356431793798,0.46038109805775573,0.03919415352622721,0.1990642319679111,1800000,18000000,613800000,20.150000000000002
31,0.6422520143813483,0.46061169154413223,0.04086833771228669,0.19840178921264964,1800000,18000000,633600000,20.8
32,0.645269796240489,0.4528136742338066,0.03850220652489353,0.19774155092375395,1800000,18000000,653400000,21.45
33,0.6491278180778299,0.45267354601929594,0.040356344379864344,0.1970835097652362,1800000,18000000,673200000,22.1
34,0.64893582170024,0.4514196759652375,0.039082021432972305,0.19642765842552126,1800000,18000000,693000000,22.75
35,0.6531960213344485,0.4464260083030921,0.03943037731473395,0.19577398961736522,1800000,18000000,712800000,23.400000000000002
36,0.6540432609115292,0.4575659485739884,0.03912253005979486,0.19512249607777465,1800000,18000000,732600000,24.05
37,0.6583726639209898,0.44341743633111835,0.03771085061201593,0.1944731705679257,1800000,18000000,752400000,24.7
38,0.6622196910562396,0.43584763595916326,0.03757291730528352,0.1938260058730838,1800000,18000000,772200000,25.35
39,0.6680644895968214,0.43170338966280186,0.03955003380875647,0.1931809948025235,1800000,18000000,792000000,26.0
40,0.6672615078852413,0.43273509348314615,0.03839093869846519,0.19253813018944846,1800000,18000000,811800000,26.650000000000002
41,0.6710073533824324,0.43113885045898764,0.03907348440049024,0.19189740489091192,1800000,18000000,831600000,27.3
42,0.6707886998808731,0.42938439569625303,0.03894126694096421,0.1912588117877373,1800000,18000000,851400000,27.95
43,0.6763571378052641,0.4202907982044717,0.035630210039539915,0.1906223437844391,1800000,18000000,871200000,28.6
44,0.6806893277654887,0.4233820390191103,0.03653846937075603,0.1899879938091441,1800000,18000000,891000000,29.25
45,0.6823714926036973,0.41937379555052223,0.037896583541656814,0.18935575481351272,1800000,18000000,910800000,29.900000000000002
46,0.6865440475955201,0.42011338295943984,0.03640238502035037,0.1887256197726607,1800000,18000000,930600000,30.55
47,0.6892855085811305,0.40679919995927954,0.03765006838641601,0.1880975816850811,1800000,18000000,950400000,31.200000000000003
48,0.6919115628109622,0.4073082910012481,0.03571482343581416,0.1874716335725665,1800000,18000000,970200000,31.85
49,0.6917141996598448,0.41147530254542275,0.03631765993495452,0.18684776848013143,1800000,18000000,990000000,32.5
50,0.6968954146133037,0.39981299559768674,0.03720026700735074,0.1862259794759351,1800000,18000000,1009800000,33.15
51,0.6985085482225062,0.4055277483059309,0.03544777470109166,0.18560625965120442,1800000,18000000,1029600000,33.800000000000004
52,0.7006353772366243,0.3982699628140662,0.035421072325071475,0.18498860212015716,1800000,18000000,1049400000,34.45
53,0.7018349950336864,0.3998942746229081,0.03814220122999957,0.18437300001992551,1800000,18000000,1069200000,35.1
54,0.7048988800040712,0.3964499298735148,0.03608827598527479,0.18375944651047985,1800000,18000000,1089000000,35.75
55,0.7099639092974441,0.39059763159391847,0.03597485546393757,0.1831479347745526,1800000,18000000,1108800000,36.4
56,0.7076916568852988,0.38979618672918215,0.03684325508153905,0.18253845801756263,1800000,18000000,1128600000,37.050000000000004
57,0.70981842164971,0.3954112416969705,0.03603241720505572,0.1819310094675397,1800000,18000000,1148400000,37.7
58,0.7141145255814841,0.3860577055636575,0.03494168723619084,0.18132558237504928,1800000,18000000,1168200000,38.35
59,0.7170045205519896,0.3818103189862536,0.0352660470680451,0.18072217001311738,1800000,18000000,1188000000,39.0
60,0.7164096770540253,0.37862118568570824,0.03432635908501934,0.18012076567715601,1800000,18000000,1207800000,39.65
61,0.7186001066063006,0.38627205570516654,0.035228133187735364,0.1795213626848886,1800000,18000000,1227600000,40.300000000000004
62,0.7223921592873949,0.37853260819341217,0.03526630784381141,0.17892395437627573,1800000,18000000,1247400000,40.95
63,0.7230773918422001,0.3795004835879375,0.03582404104295243,0.17832853411344116,1800000,18000000,1267200000,41.6
64,0.7280071399271741,0.37160139761050054,0.03541614921162312,0.17773509528059805,1800000,18000000,1287000000,42.25
65,0.728200312959777,0.37709601255740083,0.03273609284269302,0.17714363128397553,1800000,18000000,1306800000,42.9
66,0.7317383150368373,0.3693461571403135,0.033684026844098845,0.17655413555174526,1800000,18000000,1326600000,43.550000000000004
67,0.732267706193055,0.3679982398087664,0.03443820391689144,0.17596660153394866,1800000,18000000,1346400000,44.2
68,0.7350031600173655,0.3658345015198518,0.033687583440274824,0.1753810227024239,1800000,18000000,1366200000,44.85
69,0.7379875691350815,0.35906460469399976,0.032405891885555295,0.17479739255073348,1800000,18000000,1386000000,45.5
70,0.7392917197567976,0.35917530326263464,0.03510170284533266,0.17421570459409197,1800000,18000000,1405800000,46.15
71,0.7383750303867219,0.3601704684903254,0.033757961998583386,0.17363595236929383,1800000,18000000,1425600000,46.800000000000004
72,0.7399650694947542,0.35654893353024847,0.03387901303155365,0.17305812943464177,1800000,18000000,1445400000,47.45
73,0.7424158168310679,0.3558580308734125,0.03418807704911535,0.17248222936987492,1800000,18000000,1465200000,48.1
74,0.7448724820519788,0.35065330897031727,0.03445248776392735,0.1719082457760978,1800000,18000000,1485000000,48.75
75,0.746017841123388,0.3569916871609943,0.03393813238364281,0.17133617227570908,1800000,18000000,1504800000,49.4
76,0.7469410470315487,0.3545685737844822,0.034696597462927276,0.17076600251233054,1800000,18000000,1524600000,50.050000000000004
77,0.7477476903141801,0.35415914419961725,0.032763781140241026,0.17019773015073678,1800000,18000000,1544400000,50.7
78,0.7493836159804611,0.34790864871075955,0.03339534254681468,0.16963134887678458,1800000,18000000,1564200000,51.35
79,0.7569136207054221,0.34067979061171166,0.03378584179480714,0.16906685239734287,1800000,18000000,1584000000,52.0
80,0.7536491434225229,0.3456793715679051,0.032542043357487074,0.16850423444022272,1800000,18000000,1603800000,52.65
81,0.7536316678485817,0.3453894558854147,0.0322014337397359,0.1679434887541077,1800000,18000000,1623600000,53.300000000000004
82,0.7567451411302055,0.3453922332805685,0.032322486193462015,0.16738460910848446,1800000,18000000,1643400000,53.95
83,0.757489125950986,0.34445193363392834,0.03243648908557976,0.16682758929357333,1800000,18000000,1663200000,54.6
84,0.7619856718685553,0.33530424658876024,0.03312891936923405,0.1662724231202596,1800000,18000000,1683000000,55.25
85,0.7595019073450594,0.347754556893433,0.031718407129873935,0.1657191044200245,1800000,18000000,1702800000,55.9
86,0.7617750517560117,0.3396133412506508,0.032454904335761814,0.16516762704487678,1800000,18000000,1722600000,56.550000000000004
87,0.7640168485048026,0.33430294238206076,0.03096477897972308,0.16461798486728435,1800000,18000000,1742400000,57.2
88,0.7616710385977856,0.3347167202352043,0.030124188633620593,0.16407017178010627,1800000,18000000,1762200000,57.85
89,0.7639778630245854,0.3361438712836455,0.03076881299761737,0.16352418169652483,1800000,18000000,1782000000,58.5
90,0.7667719383187374,0.3319619209627174,0.03139333435360928,0.16298000854997793,1800000,18000000,1801800000,59.15
91,0.769576564375991,0.33286204967484584,0.030080501156811032,0.16243764629409166,1800000,18000000,1821600000,59.800000000000004
92,0.768636623044281,0.3323150299212311,0.031557509132098135,0.16189708890261317,1800000,18000000,1841400000,60.45
93,0.7692458149294454,0.3340717307484301,0.03243632220487757,0.16135833036934363,1800000,18000000,1861200000,61.1
94,0.77153615154989,0.3242735542483474,0.030922838058901954,0.1608213647080716,1800000,18000000,1881000000,61.75
95,0.7728886417207474,0.3300222904568976,0.030288185094236652,0.16028618595250646,1800000,18000000,1900800000,62.400000000000006
96,0.7742029290721788,0.32376181625190914,0.029854572760023016,0.159752788156212,1800000,18000000,1920600000,63.050000000000004
97,0.774455640522359,0.32954083127523104,0.030639512523682296,0.15922116539254064,1800000,18000000,1940400000,63.7
98,0.7796284083092434,0.32298426990544765,0.029748420539935254,0.15869131175456724,1800000,18000000,1960200000,64.35000000000001
99,0.7770256034215407,0.32385550840333477,0.03089681993639578,0.15816322135502375,1800000,18000000,1980000000,65.0
100,0.7812048203545315,0.3190067728992186,0.02966772765129996,0.15763688832623365,1800000,18000000,1999800000,65.65
101,0.779868802473115,0.3243763090869661,0.028831370248212924,0.1571123068200467,1800000,18000000,2019600000,66.3
102,0.7811868624356991,0.31429879323509907,0.02967250877207827,0.15658947100777412,1800000,18000000,2039400000,66.95
103,0.7820458826949789,0.32530132619026336,0.03083721393999279,0.1560683750801238,1800000,18000000,2059200000,67.60000000000001
104,0.7839065391821723,0.3114811153956178,0.029127287067307252,0.1555490132471355,1800000,18000000,2079000000,68.25
105,0.783679778659156,0.3128144436616064,0.029777660455637688,0.15503137973811695,1800000,18000000,2098800000,68.9
106,0.7856454934292201,0.31464369973912343,0.0308907817935891,0.15451546880157935,1800000,18000000,2118600000,69.55
107,0.7900248115328289,0.30918362852474046,0.029351501943642534,0.15400127470517364,1800000,18000000,2138400000,70.2
108,0.7896607667590292,0.30858675584048395,0.02837321375183031,0.15348879173562682,1800000,18000000,2158200000,70.85000000000001
109,0.7904104107988916,0.3134870927035119,0.028924640930208176,0.1529780141986784,1800000,18000000,2178000000,71.5
110,0.7907934620365654,0.31021227914552774,0.031805807976896396,0.15246893641901713,1800000,18000000,2197800000,72.15
111,0.7916486933877032,0.30706577207219626,0.029703979368586927,0.15196155274021803,1800000,18000000,2217600000,72.8
112,0.7941804743605914,0.3006930577164333,0.02863514748238154,0.1514558575246794,1800000,18000000,2237400000,73.45
113,0.792179878022006,0.30232596066792095,0.027711585809728663,0.1509518451535604,1800000,18000000,2257200000,74.10000000000001
114,0.789851793690136,0.3080033573818402,0.026839908543805663,0.15044951002671828,1800000,18000000,2277000000,74.75
115,0.7932011984936468,0.310540161000761,0.02826812929732471,0.14994884656264654,1800000,18000000,2296800000,75.4
116,0.7912065233603909,0.31136766361960044,0.0274553209088687,0.14944984919841262,1800000,18000000,2316600000,76.05
117,0.7954159671812604,0.3069267655476696,0.028113077487943384,0.14895251238959623,1800000,18000000,2336400000,76.7
118,0.7951259347121731,0.31001271234046257,0.028201330518704548,0.1484568306102277,1800000,18000000,2356200000,77.35000000000001
119,0.7987925891887845,0.3015524794014003,0.0287463748022155,0.14796279835272666,1800000,18000000,2376000000,78.0
120,0.7981588430691738,0.3044364780610098,0.02847377561409987,0.14747041012784065,1800000,18000000,2395800000,78.65
121,0.8000742340576599,0.29960216806995943,0.027889881603200682,0.14697966046458436,1800000,18000000,2415600000,79.3
122,0.7974157457833106,0.30313784905509816,0.029058763699761788,0.14649054391017868,1800000,18000000,2435400000,79.95
123,0.8001851728292958,0.297823501380318,0.028129566437521947,0.14600305502999028,1800000,18000000,2455200000,80.60000000000001
124,0.8014480709809835,0.3003890800465264,0.025294739618859474,0.14551718840747094,1800000,18000000,2475000000,81.25
125,0.8015270107346986,0.295322592296688,0.026309235859631262,0.14503293864409764,1800000,18000000,2494800000,81.9
126,0.8020010323930873,0.29617989868092975,0.026856099890332396,0.1445503003593125,1800000,18000000,2514600000,82.55
127,0.8032516401531634,0.29671632869008735,0.027977572522630414,0.14406926819046292,1800000,18000000,2534400000,83.2
128,0.803874852281476,0.2930549661253903,0.02605207885924082,0.14358983679274215,1800000,18000000,2554200000,83.85000000000001
129,0.8031576592989624,0.2994083440079986,0.026567391172528564,0.14311200083912964,1800000,18000000,2574000000,84.5
130,0.8008498564249267,0.3012350008805716,0.02818921133478111,0.14263575502033213,1800000,18000000,2593800000,85.15
131,0.8046290192269039,0.29409877510917704,0.025619804325657664,0.14216109404472455,1800000,18000000,2613600000,85.8
132,0.8050137295128336,0.2938997692291629,0.02598155318668105,0.14168801263829112,1800000,18000000,2633400000,86.45
133,0.8060241945265058,0.29202477826028445,0.02552037786562632,0.14121650554456688,1800000,18000000,2653200000,87.10000000000001
134,0.8064128819301569,0.29864120803520205,0.024912468755934537,0.14074656752457937,1800000,18000000,2673000000,87.75
135,0.8048162899067501,0.2904220685608276,0.02576639855679138,0.14027819335679012,1800000,18000000,2692800000,88.4
136,0.8074099329621984,0.29075948129877827,0.026890442679407746,0.13981137783703693,1800000,18000000,2712600000,89.05
137,0.8066073332972628,0.29304053812904096,0.0271922989639316,0.13934611577847586,1800000,18000000,2732400000,89.7
138,0.8093018688915427,0.28843370961930337,0.026511343818132485,0.13888240201152371,1800000,18000000,2752200000,90.35000000000001
139,0.8106735016278845,0.28707723204694785,0.025280091011519217,0.13842023138380052,1800000,18000000,2772000000,91.0
140,0.8103646038949522,0.29153711678435457,0.02539335001276894,0.13795959876007233,1800000,18000000,2791800000,91.65
141,0.81162645743623,0.28208723160875887,0.02598051330595433,0.13750049902219416,1800000,18000000,2811600000,92.3
142,0.8127508447307542,0.28723586563188935,0.025719170879614586,0.13704292706905308,1800000,18000000,2831400000,92.95
143,0.8121039930866685,0.2886350939313241,0.02540024789424501,0.13658687781651155,1800000,18000000,2851200000,93.60000000000001
144,0.8147378313161545,0.28191404926956243,0.02483883638864744,0.13613234619735098,1800000,18000000,2871000000,94.25
145,0.812273827566667,0.2877023173166699,0.02461100708806649,0.1356793271612154,1800000,18000000,2890800000,94.9
146,0.8150579662335888,0.2820989905484487,0.02558216274023868,0.1352278156745552,1800000,18000000,2910600000,95.55
147,0.8138071148410134,0.2845337154717809,0.025673696568037762,0.13477780672057155,1800000,18000000,2930400000,96.2
148,0.8113853255149077,0.2941504807929691,0.024479979677480744,0.13432929529916027,1800000,18000000,2950200000,96.85000000000001
149,0.8137172998326225,0.27953486993596754,0.026970774584518305,0.13388227642685652,1800000,18000000,2970000000,97.5
150,0.8145537352324337,0.29237466546722246,0.02402084025955081,0.13343674513677936,1800000,18000000,2989800000,98.15
151,0.8164429439579863,0.2806734059875271,0.02464139245718293,0.1329926964785765,1800000,18000000,3009600000,98.8
152,0.8167846153004942,0.2885529272695593,0.0243238550182852,0.13255012551836945,1800000,18000000,3029400000,99.45
153,0.8161885001797072,0.2813125381918165,0.02368662435640114,0.1321090273386985,1800000,18000000,3049200000,100.10000000000001
154,0.8182133586363334,0.28786692400851993,0.023782812809724437,0.13166939703846825,1800000,18000000,3069000000,100.75
155,0.8166814955737642,0.28721230423226446,0.025444590195817008,0.13123122973289303,1800000,18000000,3088800000,101.4
156,0.8164757435707671,0.2859053116524228,0.02353804527821178,0.13079452055344276,1800000,18000000,3108600000,102.05
157,0.8155416865708248,0.2845881472115254,0.022856139879828756,0.13035926464778871,1800000,18000000,3128400000,102.7
158,0.8179838545227612,0.2870343572860606,0.022678446223477672,0.12992545717974963,1800000,18000000,3148200000,103.35000000000001
159,0.8187395809354321,0.28164676982739323,0.02257850408542067,0.12949309332923814,1800000,18000000,3168000000,104.0
160,0.8203964748512871,0.28341647300478845,0.022511941809338038,0.129062168292207,1800000,18000000,3187800000,104.65
161,0.8209418687907726,0.2769810676204746,0.022898291298212563,0.1286326772805958,1800000,18000000,3207600000,105.3
162,0.8214361331640356,0.27809184856486563,0.02392719815896056,0.12820461552227772,1800000,18000000,3227400000,105.95
163,0.8193800520119436,0.27658731839506173,0.02393584006508296,0.12777797826100667,1800000,18000000,3247200000,106.60000000000001
164,0.8219625737404196,0.27790466106934436,0.02441356865127785,0.12735276075636423,1800000,18000000,3267000000,107.25
165,0.8225402174781014,0.2752805964442869,0.024483724034632736,0.12692895828370707,1800000,18000000,3286800000,107.9
166,0.8226458000481747,0.28066336073681736,0.02354725417046612,0.12650656613411448,1800000,18000000,3306600000,108.55
167,0.8218077876934725,0.281853750314599,0.02278333065112158,0.12608557961433597,1800000,18000000,3326400000,109.2
168,0.8231307998608787,0.2802398081300674,0.02139284316934866,0.12566599404673928,1800000,18000000,3346200000,109.85000000000001
169,0.8230419741781608,0.2763983103431982,0.021810625964548375,0.12524780476925818,1800000,18000000,3366000000,110.5
170,0.8230922339348444,0.2828125963537232,0.022534985914269556,0.12483100713534084,1800000,18000000,3385800000,111.15
171,0.8203137635589868,0.2800188271459704,0.02348671968250507,0.12441559651389816,1800000,18000000,3405600000,111.8
172,0.8220937994623906,0.2762623834455209,0.0225011993609857,0.12400156828925231,1800000,18000000,3425400000,112.45
173,0.8247665612805501,0.2757241928543864,0.023025684053016925,0.12358891786108542,1800000,18000000,3445200000,113.10000000000001
174,0.8247080074600381,0.27667336237820617,0.023521022273880414,0.12317764064438845,1800000,18000000,3465000000,113.75
175,0.8257638303276177,0.27772816681878026,0.021943194456768376,0.12276773206941036,1800000,18000000,3484800000,114.4
176,0.8251510556735604,0.27289515486256516,0.022406080767020175,0.1223591875816072,1800000,18000000,3504600000,115.05
177,0.8231951316564369,0.28163278883086007,0.021682608243827554,0.12195200264159156,1800000,18000000,3524400000,115.7
178,0.825534682534979,0.27164467135025705,0.022590506424471947,0.12154617272508213,1800000,18000000,3544200000,116.35000000000001
179,0.825810522528431,0.27624052909694685,0.024693107612184854,0.12114169332285347,1800000,18000000,3564000000,117.0
180,0.8275197954293526,0.27413728531607345,0.0234110120730067,0.12073855994068583,1800000,18000000,3583800000,117.65
181,0.8261171524084381,0.27233026513000247,0.022504022355376914,0.12033676809931522,1800000,18000000,3603600000,118.3
182,0.8256075951047461,0.28027844854339984,0.021234915272278693,0.11993631333438377,1800000,18000000,3623400000,118.95
183,0.8273811620222139,0.27079671216616474,0.02128593240241653,0.11953719119638996,1800000,18000000,3643200000,119.60000000000001
184,0.8269655161720842,0.27047809054780625,0.021672836461427022,0.11913939725063923,1800000,18000000,3663000000,120.25
185,0.8272612123766118,0.2708770013688775,0.022510039440264272,0.11874292707719478,1800000,18000000,3682800000,120.9
186,0.8281520721345503,0.264509061929428,0.021051126772352585,0.11834777627082839,1800000,18000000,3702600000,121.55
187,0.8294616051093615,0.2731174387251096,0.020415723440134693,0.11795394044097147,1800000,18000000,3722400000,122.2
188,0.832032542919284,0.27030392865646935,0.021719327002385918,0.11756141521166627,1800000,18000000,3742200000,122.85000000000001
189,0.827024352134517,0.27144355732982606,0.022325420775525254,0.11717019622151738,1800000,18000000,3762000000,123.5
190,0.8308828555070746,0.2635489522269093,0.021438333968940366,0.11678027912364307,1800000,18000000,3781800000,124.15
191,0.8277163677193824,0.27344646331211303,0.023382443615897613,0.11639165958562711,1800000,18000000,3801600000,124.80000000000001
192,0.8276832165943127,0.2741903817404781,0.022398420337074693,0.11600433328947068,1800000,18000000,3821400000,125.45
193,0.8296402328344029,0.2673040145587044,0.02135606463293525,0.11561829593154425,1800000,18000000,3841200000,126.10000000000001
194,0.831633768598122,0.2660528191277251,0.021143692145859705,0.11523354322253988,1800000,18000000,3861000000,126.75
195,0.8269200271363052,0.2704630660603257,0.02049745178704574,0.11485007088742354,1800000,18000000,3880800000,127.4
196,0.8292567921627487,0.2692765037014176,0.021119215212031937,0.11446787466538752,1800000,18000000,3900600000,128.05
197,0.8304156944288549,0.27703270425323595,0.01973157420742285,0.11408695030980319,1800000,18000000,3920400000,128.70000000000002
198,0.8310695617085416,0.2707425279616039,0.021284185639386825,0.11370729358817382,1800000,18000000,3940200000,129.35
199,0.8280832760668411,0.27532768796342333,0.019787724972822766,0.1133289002820875,1800000,18000000,3960000000,130.0
200,0.8301102200445573,0.2740659315495728,0.020120600180909432,0.11295176618717025,1800000,18000000,3979800000,130.65
201,0.83240485650406,0.2637833776874037,0.019887167386960957,0.11257588711303934,1800000,18000000,3999600000,131.3
202,0.8283499042938723,0.2738324548413003,0.019892678900017412,0.11220125888325679,1800000,18000000,4019400000,131.95000000000002
203,0.8297121096555832,0.26618141846039656,0.02063424048658099,0.11182787733528282,1800000,18000000,4039200000,132.6
204,0.8306939184405291,0.26936962171169065,0.02050851920316945,0.1114557383204297,1800000,18000000,4059000000,133.25
205,0.8301470690943145,0.26933010095295135,0.018224932710221214,0.11108483770381573,1800000,18000000,4078800000,133.9
206,0.827363095248127,0.27401235377292604,0.018324041348558483,0.11071517136431909,1800000,18000000,4098600000,134.55
207,0.8283634215205835,0.2644692678060351,0.019738521859179806,0.11034673519453223,1800000,18000000,4118400000,135.20000000000002
208,0.8276260567690271,0.270286233975305,0.01803105660912985,0.10997952510071608,1800000,18000000,4138200000,135.85
209,0.8309528021787942,0.2667048380790972,0.020856727868916305,0.10961353700275477,1800000,18000000,4158000000,136.5
210,0.8285144672200776,0.26935880807014745,0.018443537745817976,0.1092487668341101,1800000,18000000,4177800000,137.15
211,0.8273358121392075,0.2741974851785979,0.019154248822063784,0.10888521054177641,1800000,18000000,4197600000,137.8
212,0.8304629503503653,0.2667716903275705,0.01819301222067074,0.10852286408623565,1800000,18000000,4217400000,138.45000000000002
213,0.8321351635043158,0.2668660966562428,0.017412299853962396,0.10816172344141232,1800000,18000000,4237200000,139.1
214,0.8309079104570152,0.2701758246425833,0.018255460504877374,0.1078017845946289,1800000,18000000,4257000000,139.75
215,0.8289055549664794,0.2731270348331289,0.021320533530464626,0.10744304354656116,1800000,18000000,4276800000,140.4
216,0.8297367556636651,0.2718153105841677,0.01815912166787099,0.10708549631119377,1800000,18000000,4296600000,141.05
217,0.8290854051100981,0.27422824983057603,0.019859504607365738,0.10672913891577596,1800000,18000000,4316400000,141.70000000000002
218,0.8304679962723832,0.2660820703193175,0.01934368038098196,0.1063739674007775,1800000,18000000,4336200000,142.35
219,0.8282463790535721,0.2734948806425411,0.017706251766723198,0.10601997781984454,1800000,18000000,4356000000,143.0
220,0.8318410469406247,0.26566185732588943,0.02011997261890955,0.10566716623975587,1800000,18000000,4375800000,143.65
221,0.8333654901770979,0.2735502529892887,0.01865448943158994,0.10531552874037918,1800000,18000000,4395600000,144.3
222,0.8324054113780945,0.2689295917194598,0.019318196041918406,0.10496506141462757,1800000,18000000,4415400000,144.95000000000002
223,0.8285317955481859,0.269823065197095,0.018026722613274912,0.10461576036841601,1800000,18000000,4435200000,145.6
224,0.8303370789254185,0.2664143306466267,0.01871072184947804,0.10426762172061814,1800000,18000000,4455000000,146.25
225,0.8294773050033718,0.26867527935345153,0.01852855943928679,0.10392064160302324,1800000,18000000,4474800000,146.9
226,0.8300659329497468,0.274163040930865,0.016777044106846682,0.10357481616029306,1800000,18000000,4494600000,147.55
227,0.8306155900858796,0.2684151968439721,0.0178231366424786,0.10323014154991914,1800000,18000000,4514400000,148.20000000000002
228,0.8299779875040817,0.2684605115400953,0.0187939046687329,0.10288661394218003,1800000,18000000,4534200000,148.85
229,0.8309776871691836,0.269387924036883,0.01760312031610208,0.10254422952009878,1800000,18000000,4554000000,149.5
230,0.8279049791421439,0.2657715462006685,0.017206257822223226,0.10220298447940052,1800000,18000000,4573800000,150.15
231,0.8307649092156116,0.27107905503025087,0.017064449727115495,0.10186287502847018,1800000,18000000,4593600000,150.8
232,0.8315254248658058,0.27288073213763137,0.01693640404729613,0.10152389738831034,1800000,18000000,4613400000,151.45000000000002
233,0.8301954890870763,0.27102893873770706,0.020088560671935127,0.1011860477924993,1800000,18000000,4633200000,152.1
234,0.8297711220451202,0.27032409146967307,0.01631466869295923,0.10084932248714917,1800000,18000000,4653000000,152.75
235,0.8339013112788276,0.26454574693859956,0.01867854469674923,0.10051371773086425,1800000,18000000,4672800000,153.4
236,0.8316545948663155,0.26945958246518137,0.018103430525819746,0.1001792297946993,1800000,18000000,4692600000,154.05
237,0.8325492053945748,0.2700289585274674,0.015876109011667416,0.09984585496211829,1800000,18000000,4712400000,154.70000000000002
238,0.8299242835967919,0.27049238225247524,0.020020476124503694,0.09951358952895295,1800000,18000000,4732200000,155.35
239,0.8313746093030461,0.267136575890054,0.01782565604213538,0.09918242980336175,1800000,18000000,4752000000,156.0
240,0.8316599015281876,0.26684784251126903,0.016105497901184936,0.09885237210578875,1800000,18000000,4771800000,156.65
241,0.8268563881546109,0.27513861120169597,0.01624126050100062,0.09852341276892282,1800000,18000000,4791600000,157.3
242,0.828618149498184,0.27152801527908604,0.016323864909895805,0.09819554813765684,1800000,18000000,4811400000,157.95000000000002
243,0.8290090534567929,0.27109445776386004,0.017366902706613875,0.09786877456904704,1800000,18000000,4831200000,158.6
244,0.8294587134851874,0.26339118256703925,0.01742626296827705,0.09754308843227269,1800000,18000000,4851000000,159.25
245,0.8287575795771891,0.2686718247325077,0.01689686099574562,0.09721848610859557,1800000,18000000,4870800000,159.9
246,0.8295104560734081,0.2731050377910216,0.01648553357509734,0.09689496399131985,1800000,18000000,4890600000,160.55
247,0.8279173547617762,0.267539459173175,0.01739253212083431,0.09657251848575199,1800000,18000000,4910400000,161.20000000000002
248,0.8301239354697798,0.26885531108874927,0.01722596438598884,0.09625114600916085,1800000,18000000,4930200000,161.85
249,0.8302061547172298,0.27124259439175463,0.0167836967451189,0.09593084299073784,1800000,18000000,4950000000,162.5
250,0.8279811200490987,0.26467377338832193,0.014770437005442711,0.0956116058715572,1800000,18000000,4969800000,163.15
251,0.8314569317364149,0.2693395750951768,0.018020711104446235,0.0952934311045366,1800000,18000000,4989600000,163.8
252,0.8317378302730143,0.2666001025968465,0.017650415631403807,0.09497631515439754,1800000,18000000,5009400000,164.45000000000002
253,0.8314996849029432,0.27033382599730654,0.015380916977791976,0.0946602544976262,1800000,18000000,5029200000,165.1
254,0.8301951381087443,0.267748219527322,0.015284509332205983,0.09434524562243425,1800000,18000000,5049000000,165.75
255,0.829073292403083,0.2705749837693072,0.017523459453347975,0.09403128502871988,1800000,18000000,5068800000,166.4
256,0.8275512226307999,0.27041537296735446,0.016337714448731135,0.09371836922802874,1800000,18000000,5088600000,167.05
257,0.8292125661760966,0.269805436019251,0.015797902709118662,0.09340649474351545,1800000,18000000,5108400000,167.70000000000002
258,0.8295254080729454,0.2732940552290289,0.014961627376667985,0.09309565810990474,1800000,18000000,5128200000,168.35
259,0.8324103176373493,0.26606448855694825,0.01388727607166779,0.09278585587345302,1800000,18000000,5148000000,169.0
260,0.8313179689363821,0.266926949750716,0.016340826667091378,0.09247708459191002,1800000,18000000,5167800000,169.65
261,0.8272906101585501,0.2742467637088768,0.016978841319733446,0.09216934083448058,1800000,18000000,5187600000,170.3
262,0.8301657623308446,0.27444616881799816,0.0147826284879626,0.09186262118178642,1800000,18000000,5207400000,170.95000000000002
263,0.8296662666438439,0.2658529928565846,0.01586324400865437,0.09155692222582827,1800000,18000000,5227200000,171.6
264,0.8307087456819708,0.2696784574000356,0.016513356447756953,0.0912522405699479,1800000,18000000,5247000000,172.25
265,0.8303006040172096,0.2694787619795864,0.017269552280463753,0.09094857282879044,1800000,18000000,5266800000,172.9
266,0.8302828621719365,0.26966597281130156,0.015654171533897993,0.09064591562826678,1800000,18000000,5286600000,173.55
267,0.8303269070397546,0.2715464890068345,0.014723174796856623,0.090344265605516,1800000,18000000,5306400000,174.20000000000002
268,0.8287730684000202,0.27371146277270053,0.014295560165223473,0.0900436194088681,1800000,18000000,5326200000,174.85
269,0.8271234024799488,0.2758534287030066,0.01606537391863834,0.08974397369780665,1800000,18000000,5346000000,175.5
270,0.8312473204772639,0.26700501079912853,0.01512212578978412,0.08944532514293181,1800000,18000000,5365800000,176.15
271,0.8305653751481387,0.26752413668985403,0.014268475543714198,0.08914767042592323,1800000,18000000,5385600000,176.8
272,0.829571505078443,0.27010625188201676,0.015034349741169503,0.08885100623950319,1800000,18000000,5405400000,177.45000000000002
273,0.8305932350827572,0.26871998899623867,0.014992856809565323,0.08855532928739991,1800000,18000000,5425200000,178.1
274,0.8314359959471948,0.26734505201044084,0.016028567811025938,0.08826063628431091,1800000,18000000,5445000000,178.75
275,0.8301794303345248,0.27008946768500636,0.016804190748943446,0.08796692395586642,1800000,18000000,5464800000,179.4
276,0.8296835334523726,0.2684826195090012,0.014164214348591527,0.08767418903859311,1800000,18000000,5484600000,180.05
277,0.8301734213282369,0.27227433364199677,0.01600371019279353,0.0873824282798778,1800000,18000000,5504400000,180.70000000000002
278,0.8299273923141525,0.27255036694809043,0.015342635149786022,0.08709163843793126,1800000,18000000,5524200000,181.35
279,0.830270826769296,0.27228342866845984,0.015011713647709063,0.08680181628175224,1800000,18000000,5544000000,182.0
280,0.8300652372436822,0.27395917853505736,0.01314637301380648,0.08651295859109161,1800000,18000000,5563800000,182.65
281,0.8309477225829572,0.2691755069772176,0.015164882745699331,0.0862250621564165,1800000,18000000,5583600000,183.3
282,0.8310561332856299,0.26531829676020063,0.015067416255380071,0.08593812377887465,1800000,18000000,5603400000,183.95000000000002
283,0.8306616726341738,0.2747202542967396,0.01597915471575241,0.08565214027025891,1800000,18000000,5623200000,184.6
284,0.8300779303463491,0.2676496172378404,0.01499192817781499,0.08536710845297184,1800000,18000000,5643000000,185.25
285,0.8294872176168947,0.2735596829803129,0.012928225336278933,0.08508302515999028,1800000,18000000,5662800000,185.9
286,0.8321571918551478,0.26808038431842485,0.013814329907773587,0.08479988723483026,1800000,18000000,5682600000,186.55
287,0.8291535211229909,0.27390545704867764,0.012964815986259797,0.08451769153151197,1800000,18000000,5702400000,187.20000000000002
288,0.8280430343814763,0.2678808807936899,0.014621174020107576,0.08423643491452465,1800000,18000000,5722200000,187.85
289,0.8294558150334542,0.27189880310799835,0.014283017671358613,0.08395611425879189,1800000,18000000,5742000000,188.5
290,0.8325212478973513,0.26913680661524775,0.013924609446251379,0.08367672644963688,1800000,18000000,5761800000,189.15
291,0.8260660639846411,0.2781432175128324,0.013618425628170583,0.08339826838274775,1800000,18000000,5781600000,189.8
292,0.8303707694962854,0.2612749699537965,0.013643874202553929,0.08312073696414307,1800000,18000000,5801400000,190.45000000000002
293,0.8301709242358194,0.26854498605845906,0.013973291241472383,0.08284412911013761,1800000,18000000,5821200000,191.1
294,0.8292717950699938,0.2740878220371176,0.015048020818799395,0.0825684417473079,1800000,18000000,5841000000,191.75
295,0.831300501207735,0.27087226233821154,0.014876622014366016,0.08229367181245818,1800000,18000000,5860800000,192.4
296,0.8298958652541657,0.27451743791961036,0.013255001637594228,0.08201981625258635,1800000,18000000,5880600000,193.05
297,0.8322023420426069,0.26593896940051676,0.01331708025346665,0.08174687202485005,1800000,18000000,5900400000,193.70000000000002
298,0.8297326893363651,0.2713413320974638,0.013398308053876123,0.08147483609653282,1800000,18000000,5920200000,194.35
299,0.8267692656595633,0.26901412564697064,0.01369027735728297,0.08120370544501043,1800000,18000000,5940000000,195.0
300,0.8301109879455445,0.2739265656502477,0.013650777647864208,0.08093347705771732,1800000,18000000,5959800000,195.65
301,0.8254970693547743,0.27137411563025376,0.013042815873860627,0.08066414793211302,1800000,18000000,5979600000,196.3
302,0.8303743570403083,0.26330404014093883,0.015040735736706454,0.080395715075649,1800000,18000000,5999400000,196.95000000000002
303,0.8277413110787595,0.2714346818688888,0.012541519221084457,0.08012817550573513,1800000,18000000,6019200000,197.6
304,0.8278753953943846,0.2717176130125757,0.013273754699733393,0.0798615262497068,1800000,18000000,6039000000,198.25
305,0.8294921495422968,0.27472271793728714,0.014756195151689784,0.07959576434479178,1800000,18000000,6058800000,198.9
306,0.8289108114124809,0.27219765046361816,0.013898593006905824,0.07933088683807722,1800000,18000000,6078600000,199.55
307,0.8324118189825357,0.2695152928913556,0.012832586247301544,0.07906689078647704,1800000,18000000,6098400000,200.20000000000002
308,0.8308640237173411,0.27268895780183644,0.01189171847770313,0.07880377325669904,1800000,18000000,6118200000,200.85
309,0.8318199361832177,0.2677625118314573,0.01192491217344139,0.07854153132521242,1800000,18000000,6138000000,201.5
310,0.8298707088050759,0.2707646588792867,0.013055603003418813,0.07828016207821521,1800000,18000000,6157800000,202.15
311,0.8286297376873106,0.27017076325184786,0.014770709294786407,0.07801966261160202,1800000,18000000,6177600000,202.8
312,0.8300480092779469,0.2727507108111933,0.012086170364620575,0.07776003003093164,1800000,18000000,6197400000,203.45000000000002
313,0.8298292520215406,0.26811743066262483,0.01246491805020352,0.07750126145139492,1800000,18000000,6217200000,204.1
314,0.8283287269380517,0.27425548058789695,0.012617353371844183,0.07724335399778277,1800000,18000000,6237000000,204.75
315,0.8308433667494798,0.27073732988349686,0.011308601281951615,0.07698630480445418,1800000,18000000,6256800000,205.4
316,0.8293390084392291,0.2717566832922658,0.010790278002329507,0.07673011101530436,1800000,18000000,6276600000,206.05
317,0.8280204726082042,0.2750058742517034,0.013223789179632498,0.07647476978373298,1800000,18000000,6296400000,206.70000000000002
318,0.8293728710880663,0.26963047539871215,0.014439700290703046,0.07622027827261263,1800000,18000000,6316200000,207.35
319,0.830702453225002,0.26786879027874616,0.013257030620815216,0.07596663365425728,1800000,18000000,6336000000,208.0
320,0.8309492581155743,0.26660822918227,0.013081096799413796,0.07571383311039072,1800000,18000000,6355800000,208.65
321,0.8302139699290625,0.26978542514245835,0.01324284080579386,0.07546187383211546,1800000,18000000,6375600000,209.3
322,0.8290862960835504,0.26690964159449637,0.012850131102137514,0.07521075301988138,1800000,18000000,6395400000,209.95000000000002
323,0.8289693765919465,0.2690430960770573,0.012493833485080721,0.07496046788345459,1800000,18000000,6415200000,210.6
324,0.8302407081342376,0.26484063452857753,0.012927329844337523,0.0747110156418866,1800000,18000000,6435000000,211.25
325,0.8310245842003631,0.2631486156866539,0.014091918343874367,0.07446239352348329,1800000,18000000,6454800000,211.9
326,0.8291219998261202,0.2653132544561116,0.012912761102825236,0.07421459876577408,1800000,18000000,6474600000,212.55
327,0.8289938657122329,0.273153290359778,0.01147739139665297,0.07396762861548134,1800000,18000000,6494400000,213.20000000000002
328,0.8301539953723248,0.27238589672630104,0.010989990548521792,0.07372148032848977,1800000,18000000,6514200000,213.85
329,0.8292185478318392,0.2690679848293074,0.011840364637579592,0.07347615116981583,1800000,18000000,6534000000,214.5
330,0.8300378120484201,0.2681417036989079,0.01198831075778565,0.07323163841357751,1800000,18000000,6553800000,215.15
331,0.8287596385578017,0.26665569520414384,0.01165084403637243,0.07298793934296385,1800000,18000000,6573600000,215.8
332,0.8286280766348022,0.2734449807222445,0.009986730057045354,0.0727450512502049,1800000,18000000,6593400000,216.45000000000002
333,0.8290814657248365,0.2692800232614882,0.01256682969515199,0.0725029714365416,1800000,18000000,6613200000,217.1
334,0.8280656729960155,0.27102018906815206,0.01128657295075871,0.07226169721219572,1800000,18000000,6633000000,217.75
335,0.8298669901734956,0.2662076224698547,0.010789065911868366,0.07202122589634008,1800000,18000000,6652800000,218.4
336,0.8295412046027704,0.26991596332887313,0.011251852610598133,0.07178155481706869,1800000,18000000,6672600000,219.05
337,0.8289659086304756,0.26852339326598884,0.012808334166050973,0.0715426813113671,1800000,18000000,6692400000,219.70000000000002
338,0.8312678795612215,0.26670305010300777,0.012358056780951249,0.07130460272508277,1800000,18000000,6712200000,220.35
339,0.8294499147092315,0.27557115887176464,0.010085682393219404,0.07106731641289565,1800000,18000000,6732000000,221.0
340,0.8321495430227773,0.26241917978143564,0.012100169936673115,0.0708308197382887,1800000,18000000,6751800000,221.65
341,0.8301203964332456,0.2724048710033183,0.010525622280582174,0.07059511007351867,1800000,18000000,6771600000,222.3
342,0.8316925301843285,0.26883076885494894,0.01203635936278968,0.07036018479958688,1800000,18000000,6791400000,222.95000000000002
343,0.8298045639879921,0.26752885808222643,0.011803257168391796,0.07012604130621002,1800000,18000000,6811200000,223.6
344,0.827301278173478,0.2721892899362196,0.010964423126953003,0.06989267699179139,1800000,18000000,6831000000,224.25
345,0.8285529161978381,0.2712346903019149,0.01155190036444132,0.06966008926339172,1800000,18000000,6850800000,224.9
346,0.8307794734143372,0.26624374115875055,0.010363393025096448,0.06942827553670051,1800000,18000000,6870600000,225.55
347,0.8317561229057715,0.26537934826585274,0.01118255053267064,0.06919723323600736,1800000,18000000,6890400000,226.20000000000002
348,0.8283298871094816,0.27146469058111755,0.009884650965798065,0.06896695979417317,1800000,18000000,6910200000,226.85
349,0.8294880916194558,0.26517905386673873,0.011500191797209737,0.06873745265260178,1800000,18000000,6930000000,227.5
350,0.83017721092487,0.2720038066771637,0.01030779998785452,0.06850870926121148,1800000,18000000,6949800000,228.15
351,0.8290039366711192,0.271125854848482,0.010617147897778342,0.06828072707840671,1800000,18000000,6969600000,228.8
352,0.8283073155879542,0.267686446054545,0.010902635172384831,0.06805350357104971,1800000,18000000,6989400000,229.45000000000002
353,0.8298148281573157,0.26852372086740484,0.01223897077594822,0.06782703621443252,1800000,18000000,7009200000,230.1
354,0.8298020355464687,0.2695122081691159,0.011381251221859531,0.06760132249224887,1800000,18000000,7029000000,230.75
355,0.8302575997106048,0.27045396324730925,0.012600300182894951,0.06737635989656618,1800000,18000000,7048800000,231.4
356,0.8296862067510627,0.2671258356828006,0.013162271409746473,0.06715214592779772,1800000,18000000,7068600000,232.05
357,0.8269033833903985,0.27317841001132753,0.010429545113550287,0.0669286780946749,1800000,18000000,7088400000,232.70000000000002
358,0.8309629981201079,0.26950176229624473,0.010360521742423938,0.06670595391421945,1800000,18000000,7108200000,233.35
359,0.828427406751715,0.27391554389532624,0.009508725619635982,0.066483970911716,1800000,18000000,7128000000,234.0
360,0.8302634239554177,0.27678745449098713,0.009255704927219085,0.06626272662068447,1800000,18000000,7147800000,234.65
361,0.8309950003541065,0.2632134766235649,0.011320756541198625,0.06604221858285264,1800000,18000000,7167600000,235.3
362,0.8298747124338335,0.26540230240615836,0.010189974556175867,0.06582244434812895,1800000,18000000,7187400000,235.95000000000002
363,0.8315817796517289,0.2695269333440214,0.010474095313402532,0.06560340147457523,1800000,18000000,7207200000,236.6
364,0.8307059942887761,0.26698673698780956,0.009596499253301194,0.06538508752837947,1800000,18000000,7227000000,237.25
365,0.8280614516031722,0.27409927983292764,0.009786755673492895,0.06516750008382895,1800000,18000000,7246800000,237.9
366,0.8329899484559388,0.26591617761985203,0.011038580511963597,0.06495063672328313,1800000,18000000,7266600000,238.55
367,0.8318118105277996,0.2669271835062872,0.009922511671734647,0.0647344950371469,1800000,18000000,7286400000,239.20000000000002
368,0.8311987563835481,0.2694659249979013,0.010869719482439397,0.06451907262384375,1800000,18000000,7306200000,239.85
369,0.8308709937205081,0.27099759741423296,0.009123361121854436,0.06430436708978908,1800000,18000000,7326000000,240.5
370,0.8281213346812335,0.26853357977888237,0.010795908776974622,0.06409037604936363,1800000,18000000,7345800000,241.15
371,0.8293365789299076,0.27046344530420113,0.012336353527648107,0.063877097124887,1800000,18000000,7365600000,241.8
372,0.8322928136560814,0.2709654098891446,0.010279650043556778,0.06366452794659114,1800000,18000000,7385400000,242.45000000000002
373,0.8312546876477723,0.2623440462796945,0.009804716482637294,0.06345266615259412,1800000,18000000,7405200000,243.1
374,0.8306271162641308,0.2693265092401863,0.010012458628256338,0.06324150938887384,1800000,18000000,7425000000,243.75
375,0.8283757658595492,0.27758012986038927,0.010483919569905147,0.06303105530924182,1800000,18000000,7444800000,244.4
376,0.8285472807500454,0.27125724649247285,0.010196472552724451,0.06282130157531728,1800000,18000000,7464600000,245.05
377,0.8303381867159539,0.26852564898664566,0.01034629141288905,0.06261224585650099,1800000,18000000,7484400000,245.70000000000002
378,0.8285699158567595,0.2736615798717179,0.011219485644166768,0.06240388582994949,1800000,18000000,7504200000,246.35
379,0.8300231373995234,0.2709430394874673,0.009260655638775046,0.06219621918054922,1800000,18000000,7524000000,247.0
380,0.8324618068728811,0.2687865624714305,0.010062954267816546,0.061989243600890837,1800000,18000000,7543800000,247.65
381,0.8295773164140983,0.271751265214687,0.009703925513124555,0.06178295679124355,1800000,18000000,7563600000,248.3
382,0.8315293031910539,0.26835737482789734,0.009910826682609229,0.06157735645952957,1800000,18000000,7583400000,248.95000000000002
383,0.8291163689468214,0.27150492521063563,0.010109853135304882,0.061372440321298655,1800000,18000000,7603200000,249.60000000000002
384,0.8313753258381232,0.2657376715255457,0.01084961551121109,0.06116820609970271,1800000,18000000,7623000000,250.25
385,0.8310914425867176,0.26764946871720396,0.00923069885877841,0.0609646515254705,1800000,18000000,7642800000,250.9
386,0.8303458825354904,0.26785836642367583,0.0081619112896002,0.060761774336882464,1800000,18000000,7662600000,251.55
387,0.8277200718743378,0.277462897250685,0.007793469750945388,0.06055957227974552,1800000,18000000,7682400000,252.20000000000002
388,0.8320830926424406,0.26243857622423905,0.009194569261842457,0.06035804310736805,1800000,18000000,7702200000,252.85000000000002
389,0.8291271876190376,0.2687241629860392,0.009152679180139414,0.060157184580534956,1800000,18000000,7722000000,253.5
390,0.8282896307824632,0.27598916844058047,0.009583392441906783,0.05995699446748277,1800000,18000000,7741800000,254.15
391,0.8315159989239521,0.26751941500768806,0.009527746327965176,0.05975747054387485,1800000,18000000,7761600000,254.8
392,0.8293520553161801,0.2694060449685718,0.0099133346143814,0.05955861059277665,1800000,18000000,7781400000,255.45000000000002
393,0.8309617389011879,0.2681387623802389,0.00858383137004236,0.0593604124046311,1800000,18000000,7801200000,256.1
394,0.8328282427584657,0.26576364935145447,0.00941948826564137,0.0591628737772341,1800000,18000000,7821000000,256.75
395,0.8324818309542152,0.26730204066740176,0.010106558246797556,0.05896599251570996,1800000,18000000,7840800000,257.40000000000003
396,0.8299955535654944,0.2711288755743262,0.007023132498965261,0.058769766432487075,1800000,18000000,7860600000,258.05
397,0.8301325452071548,0.2715333374696965,0.009835886928110368,0.05857419334727365,1800000,18000000,7880400000,258.7
398,0.8302199700026943,0.26824177269337457,0.008135273366101956,0.05837927108703333,1800000,18000000,7900200000,259.35
399,0.8291411281166726,0.26998866534462396,0.008433757405499029,0.05818499748596127,1800000,18000000,7920000000,260.0
400,0.8299633734137034,0.27348769501358955,0.009958478149356445,0.05799137038545989,1800000,18000000,7939800000,260.65000000000003
401,0.8284116619640903,0.2737488435926741,0.007639806047346217,0.05779838763411496,1800000,18000000,7959600000,261.3
402,0.8277816441686501,0.2772644508617994,0.009544984349363886,0.05760604708767172,1800000,18000000,7979400000,261.95
403,0.8291431629856993,0.2682742977225009,0.008182830806691745,0.057414346609011,1800000,18000000,7999200000,262.6
404,0.8319711314137216,0.2731040873636614,0.009533473230525707,0.05722328406812549,1800000,18000000,8019000000,263.25
405,0.8307093936975073,0.27257987534282135,0.007952558454104298,0.05703285734209613,1800000,18000000,8038800000,263.90000000000003
406,0.829414105702356,0.26869394504764843,0.009413665813426062,0.05684306431506844,1800000,18000000,8058600000,264.55
407,0.8288521041095647,0.2676632274408015,0.008591829876105768,0.05665390287822906,1800000,18000000,8078400000,265.2
408,0.8298053497291057,0.2697686211977228,0.008602182594208274,0.056465370929782294,1800000,18000000,8098200000,265.85
409,0.8296314395294097,0.26884030755675553,0.010132841911027486,0.05627746637492678,1800000,18000000,8118000000,266.5
410,0.8297412074412047,0.2698946057605326,0.009078026626947932,0.05609018712583219,1800000,18000000,8137800000,267.15000000000003
411,0.8294554453998786,0.2725348394519472,0.007363550990646703,0.05590353110161606,1800000,18000000,8157600000,267.8
412,0.8284377654643891,0.2697474511321073,0.00777031518106653,0.05571749622832065,1800000,18000000,8177400000,268.45
413,0.8325327381806832,0.2736988632036165,0.008351806308995595,0.05553208043888989,1800000,18000000,8197200000,269.1
414,0.8304831872923505,0.2680685754507986,0.008583938155320431,0.05534728167314643,1800000,18000000,8217000000,269.75
415,0.8291509052758643,0.26919466025668565,0.007696951387572652,0.05516309787776877,1800000,18000000,8236800000,270.40000000000003
416,0.8318104784750868,0.2703130734130844,0.009899498578330237,0.05497952700626836,1800000,18000000,8256600000,271.05
417,0.8284849801298461,0.27048183892529537,0.00922357484599692,0.054796567018967006,1800000,18000000,8276400000,271.7
418,0.8310782345812446,0.2684711822818148,0.007636510761012932,0.05461421588297405,1800000,18000000,8296200000,272.35
419,0.8295974372995822,0.26464544603361406,0.007316330354688374,0.05443247157216389,1800000,18000000,8316000000,273.0
420,0.828911148740103,0.2680377702970923,0.008395398283468214,0.05425133206715343,1800000,18000000,8335800000,273.65000000000003
421,0.8303767692608575,0.27540357967229867,0.009222262930718471,0.05407079535527962,1800000,18000000,8355600000,274.3
422,0.8316655730799315,0.2658416404940588,0.008119967776982602,0.05389085943057717,1800000,18000000,8375400000,274.95
423,0.8295884026697443,0.26903775345605196,0.009170625326918334,0.05371152229375616,1800000,18000000,8395200000,275.6
424,0.8309050704946345,0.26864206906124655,0.008555736677318045,0.053532781952179885,1800000,18000000,8415000000,276.25
425,0.8294914480976587,0.27672967782669894,0.009276339872417534,0.05335463641984271,1800000,18000000,8434800000,276.90000000000003
426,0.8288799485089932,0.27086781251335385,0.007482214605227827,0.05317708371734802,1800000,18000000,8454600000,277.55
427,0.8299227847058204,0.269546514362236,0.007702653572963271,0.05300012187188616,1800000,18000000,8474400000,278.2
428,0.8284563825961087,0.2692440608863775,0.007147642778036049,0.05282374891721258,1800000,18000000,8494200000,278.85
429,0.8300998035476753,0.2704212539225021,0.009781377505596862,0.052647962893626,1800000,18000000,8514000000,279.5
430,0.82907991765523,0.26735371512774553,0.007187477813345677,0.05247276184794653,1800000,18000000,8533800000,280.15000000000003
431,0.8281360746362422,0.26934830302772966,0.00640244490673702,0.05229814383349411,1800000,18000000,8553600000,280.8
432,0.8290127365746104,0.268187126083241,0.00808021220985777,0.05212410691006679,1800000,18000000,8573400000,281.45
433,0.8313771214210947,0.26908720221611515,0.007064484203904622,0.051950649143919156,1800000,18000000,8593200000,282.1
434,0.8302728821623606,0.26865872108126626,0.008234358218190968,0.05177776860774092,1800000,18000000,8613000000,282.75
435,0.8289922146458903,0.2764878494873005,0.00651933696508063,0.051605463380635486,1800000,18000000,8632800000,283.40000000000003
436,0.8305437143440699,0.2702240187437899,0.009013068806274472,0.05143373154809852,1800000,18000000,8652600000,284.05
437,0.8284494904983187,0.27432670665319453,0.007860918065472242,0.051262571201996794,1800000,18000000,8672400000,284.7
438,0.832064099187207,0.26462284494544225,0.00789415579353903,0.05109198044054694,1800000,18000000,8692200000,285.35
439,0.8325998719651224,0.26885209345587746,0.008371062756659185,0.05092195736829428,1800000,18000000,8712000000,286.0
440,0.8332188867967503,0.26566885669952806,0.008002883822113982,0.05075250009609183,1800000,18000000,8731800000,286.65000000000003
441,0.8295473989739848,0.2681834770189146,0.007992234043323464,0.05058360674107924,1800000,18000000,8751600000,287.3
442,0.8285299950026344,0.26689180740796126,0.007295241034912853,0.05041527542666197,1800000,18000000,8771400000,287.95
443,0.8298975331202055,0.2726333879288061,0.006458372767569991,0.05024750428249035,1800000,18000000,8791200000,288.6
444,0.8293756552425223,0.2691774548839266,0.008913146802830303,0.050080291444438804,1800000,18000000,8811000000,289.25
445,0.828480475008849,0.2760374194859935,0.007608601825095182,0.0499136350545852,1800000,18000000,8830800000,289.90000000000003
446,0.8314383670168134,0.2733067559311444,0.007043989502909385,0.04974753326119018,1800000,18000000,8850600000,290.55
447,0.8281891921775802,0.2741140893480587,0.007942131013977137,0.04958198421867652,1800000,18000000,8870400000,291.2
448,0.8321875851036539,0.27153650250670086,0.0069089329598521895,0.04941698608760872,1800000,18000000,8890200000,291.85
449,0.8287629929739627,0.2737977265723134,0.008612368087717993,0.04925253703467255,1800000,18000000,8910000000,292.5
450,0.8289497727308647,0.270313714668692,0.006980877153134427,0.04908863523265456,1800000,18000000,8929800000,293.15000000000003
451,0.8308495953807075,0.2667582341617409,0.009868027162504431,0.04892527886042197,1800000,18000000,8949600000,293.8
452,0.8327049842719901,0.2626920936198637,0.007665219952591521,0.048762466102902295,1800000,18000000,8969400000,294.45
453,0.8293328662897895,0.2759450398843076,0.009527668627543819,0.0486001951510632,1800000,18000000,8989200000,295.1
454,0.826378592818725,0.26894412485726266,0.007372713456034321,0.04843846420189246,1800000,18000000,9009000000,295.75
455,0.8332896850341084,0.26242706579396463,0.007357036560712053,0.04827727145837786,1800000,18000000,9028800000,296.40000000000003
456,0.8311512624263305,0.2785759245609262,0.00713135704287603,0.04811661512948724,1800000,18000000,9048600000,297.05
457,0.8274973504340203,0.27663789778136705,0.0064360786673483515,0.047956493430148656,1800000,18000000,9068400000,297.7
458,0.8304010551402198,0.26791087603359076,0.007711021440882686,0.047796904581230454,1800000,18000000,9088200000,298.35
459,0.8298562879881279,0.26860465671256856,0.007505982316638015,0.04763784680952156,1800000,18000000,9108000000,299.0
460,0.829520397832874,0.2692736540617671,0.007713848962693595,0.04747931834771174,1800000,18000000,9127800000,299.65000000000003
461,0.8289751734726362,0.2669145601282444,0.00825474364402155,0.04732131743437206,1800000,18000000,9147600000,300.3
462,0.830191448387703,0.27299448405778226,0.008682722652624547,0.047163842313935146,1800000,18000000,9167400000,300.95
463,0.8295226700150392,0.26745914685879146,0.005906886406498916,0.04700689123667585,1800000,18000000,9187200000,301.6
464,0.8330022746007688,0.2679198375657935,0.006690528107683278,0.04685046245869167,1800000,18000000,9207000000,302.25
465,0.8322917843081079,0.2677610856516269,0.006494105450561143,0.04669455424188347,1800000,18000000,9226800000,302.90000000000003
466,0.8295253952466201,0.26739873901063826,0.006787120623496972,0.04653916485393615,1800000,18000000,9246600000,303.55
467,0.8331277781434708,0.2673745197565313,0.0077971070008884934,0.046384292568299325,1800000,18000000,9266400000,304.2
468,0.831787017550915,0.26474287464284585,0.006413087120746437,0.04622993566416824,1800000,18000000,9286200000,304.85
469,0.8296323533542589,0.2637371863243009,0.007147843629431699,0.046076092426464606,1800000,18000000,9306000000,305.5
470,0.8282573052719717,0.26740589031995443,0.005370209965025608,0.04592276114581752,1800000,18000000,9325800000,306.15000000000003
471,0.8302308883610224,0.26727756066074293,0.007961725033844711,0.0457699401185445,1800000,18000000,9345600000,306.8
472,0.8294067921764487,0.2747166163755475,0.00580442251418879,0.04561762764663259,1800000,18000000,9365400000,307.45
473,0.8280401188065568,0.26877397575037004,0.00833509623698246,0.045465822037719386,1800000,18000000,9385200000,308.1
474,0.8284770866692311,0.27165585296210626,0.007594047866099534,0.045314521605074355,1800000,18000000,9405000000,308.75
475,0.8295300819590886,0.2757731143775513,0.006520047587846625,0.04516372466758004,1800000,18000000,9424800000,309.40000000000003
476,0.8283238842696162,0.2652301387304181,0.0059520424796080185,0.04501342954971334,1800000,18000000,9444600000,310.05
477,0.8268641863306612,0.27229106091877514,0.008108380105255135,0.04486363458152695,1800000,18000000,9464400000,310.7
478,0.8293768074862738,0.2728963012195604,0.006235958236106171,0.044714338098630825,1800000,18000000,9484200000,311.35
479,0.8294578121031362,0.2680919117578808,0.006942387800931008,0.04456553844217358,1800000,18000000,9504000000,312.0
480,0.8305102463360113,0.2699707827436538,0.007085294788129202,0.04441723395882419,1800000,18000000,9523800000,312.65000000000003
481,0.8292537250052555,0.2703950945064875,0.006607189133858778,0.04426942300075353,1800000,18000000,9543600000,313.3
482,0.8296288098274562,0.2697324549881814,0.008057642972830008,0.04412210392561611,1800000,18000000,9563400000,313.95
483,0.8314801027435641,0.26427096966864005,0.006616658383884188,0.04397527509653179,1800000,18000000,9583200000,314.6
484,0.829420730390235,0.27074760903876405,0.00690153988546798,0.043828934882067634,1800000,18000000,9603000000,315.25
485,0.8318550054985958,0.26800359674594293,0.00834031739090391,0.043683081656219744,1800000,18000000,9622800000,315.90000000000003
486,0.8291623388235371,0.2746904885862562,0.0065682732560663915,0.043537713798395224,1800000,18000000,9642600000,316.55
487,0.8290231338635913,0.27254812667437517,0.008012534426420507,0.04339282969339417,1800000,18000000,9662400000,317.2
488,0.8300784529869076,0.2695363676109599,0.006931370145948931,0.04324842773139169,1800000,18000000,9682200000,317.85
489,0.8309698167943148,0.26496116590882196,0.00576777648717668,0.04310450630792006,1800000,18000000,9702000000,318.5
490,0.8272212576264638,0.2719699149590682,0.006153827245807313,0.04296106382385086,1800000,18000000,9721800000,319.15000000000003
491,0.8288796904140597,0.2727598566209657,0.005099333559497555,0.042818098685377254,1800000,18000000,9741600000,319.8
492,0.8307045483498603,0.27194053625823966,0.005182099994899386,0.04267560930399622,1800000,18000000,9761400000,320.45
493,0.8283078016639686,0.2739110667580586,0.006343738934098954,0.04253359409649095,1800000,18000000,9781200000,321.1
494,0.8292570991217363,0.27679713864783273,0.004937589943770224,0.04239205148491322,1800000,18000000,9801000000,321.75
495,0.8289989681249003,0.26857362462279377,0.005497152968080838,0.04225097989656591,1800000,18000000,9820800000,322.40000000000003
496,0.8307914188843923,0.26665805002631104,0.007735501348997939,0.042110377763985456,1800000,18000000,9840600000,323.05
497,0.8266472239408047,0.26978565986956876,0.006370186460580705,0.041970243524924504,1800000,18000000,9860400000,323.7
498,0.8292287942824452,0.2683629783428195,0.005637292684293702,0.04183057562233452,1800000,18000000,9880200000,324.35
499,0.8283274483150376,0.2669147607242205,0.006837374156336125,0.04169137250434846,1800000,18000000,9900000000,325.0
500,0.8293069609773626,0.27116918681147456,0.006952632008164186,0.041552632624263605,1800000,18000000,9919800000,325.65000000000003
501,0.8331182964114627,0.26725362129610547,0.006139080458844929,0.0414143544405243,1800000,18000000,9939600000,326.3
502,0.8281390587337087,0.2649607177281122,0.006283488387509152,0.04127653641670483,1800000,18000000,9959400000,326.95
503,0.8297816953260345,0.2693098992074344,0.007599001845593467,0.04113917702149243,1800000,18000000,9979200000,327.6
504,0.8306011406308371,0.27258937097469466,0.005866298644549221,0.04100227472867019,1800000,18000000,9999000000,328.25
505,0.8299619856167734,0.27393618215018756,0.0067336142260900865,0.0408658280171001,1800000,18000000,10018800000,328.90000000000003
506,0.8303322627086676,0.2695823511434637,0.004918952494023063,0.04072983537070618,1800000,18000000,10038600000,329.55
507,0.8285868634807041,0.2689798955789485,0.006671271628908521,0.04059429527845764,1800000,18000000,10058400000,330.2
508,0.8293484077072237,0.26955411752860653,0.006851218285070576,0.04045920623435205,1800000,18000000,10078200000,330.85
509,0.8298399268097811,0.26560498361290935,0.005368121241843603,0.040324566737398634,1800000,18000000,10098000000,331.5
510,0.8290558169044879,0.2710996268656834,0.00666349313463881,0.040190375291601625,1800000,18000000,10117800000,332.15000000000003
511,0.8287006481178874,0.2755111769306217,0.005403893032744384,0.04005663040594355,1800000,18000000,10137600000,332.8
512,0.8285883612859964,0.2686691153418468,0.006442136774693104,0.03992333059436875,1800000,18000000,10157400000,333.45
513,0.8284957792378086,0.2694451635054259,0.006154396790550486,0.03979047437576686,1800000,18000000,10177200000,334.1
514,0.8268103650616059,0.2746187219626465,0.008092523386473094,0.039658060273956276,1800000,18000000,10197000000,334.75
515,0.8319964040153738,0.27016335913807155,0.0074808307090636844,0.039526086817667866,1800000,18000000,10216800000,335.40000000000003
516,0.8289327441401407,0.27361062294427,0.005470147953044472,0.03939455254052851,1800000,18000000,10236600000,336.05
517,0.829128228862431,0.27264326609337897,0.004891001612477431,0.039263455981044894,1800000,18000000,10256400000,336.7
518,0.8290681914015832,0.26674294924011577,0.005308601918639659,0.039132795682587256,1800000,18000000,10276200000,337.35
519,0.8306455316426542,0.27153839780848604,0.005057302383386634,0.03900257019337312,1800000,18000000,10296000000,338.0
520,0.8319724176399705,0.26729922547188556,0.004201124543039751,0.03887277806645128,1800000,18000000,10315800000,338.65000000000003
521,0.8279392781758954,0.2724479079010269,0.005452522777200387,0.03874341785968567,1800000,18000000,10335600000,339.3
522,0.8285206068863402,0.2682591412462375,0.004940702502971049,0.03861448813573931,1800000,18000000,10355400000,339.95
523,0.8300085376727998,0.27466560627223324,0.0036588674642644542,0.0384859874620584,1800000,18000000,10375200000,340.6
524,0.8282708677178174,0.2716415158075541,0.006559030272422269,0.03835791441085635,1800000,18000000,10395000000,341.25
525,0.8313429021798896,0.2740238298844765,0.005469587565519869,0.03823026755909793,1800000,18000000,10414800000,341.90000000000003
526,0.8301086110831656,0.27062092626656375,0.004732908844411646,0.038103045488483485,1800000,18000000,10434600000,342.55
527,0.827446075436633,0.2639833321721418,0.004985830570072275,0.03797624678543314,1800000,18000000,10454400000,343.2
528,0.8276514257435688,0.2745594822058132,0.005029670892466074,0.03784987004107112,1800000,18000000,10474200000,343.85
529,0.8303027215941823,0.27500575777960395,0.005955849679195415,0.03772391385121006,1800000,18000000,10494000000,344.5
530,0.8286269922518996,0.26808392464890674,0.005954362862454007,0.03759837681633546,1800000,18000000,10513800000,345.15000000000003
531,0.8294348559056806,0.26849248115640584,0.005843480067298841,0.037473257541590074,1800000,18000000,10533600000,345.8
532,0.827763848115323,0.26888224408110206,0.00483237914743391,0.03734855463675846,1800000,18000000,10553400000,346.45
533,0.826592614945534,0.2713155882374043,0.0051801602756258785,0.037224266716251495,1800000,18000000,10573200000,347.1
534,0.8290537516656521,0.27018313962414964,0.00269659837190577,0.037100392399091006,1800000,18000000,10593000000,347.75
535,0.8303068271932099,0.27212708061643676,0.00518631232188643,0.03697693030889443,1800000,18000000,10612800000,348.40000000000003
536,0.8302562244734101,0.2731847315775252,0.003848585123025927,0.03685387907385949,1800000,18000000,10632600000,349.05
537,0.8293820999246283,0.26903737856861304,0.00475343982698652,0.036731237326748954,1800000,18000000,10652400000,349.7
538,0.8297260527795589,0.26953593090797995,0.005658292923421062,0.036609003704875506,1800000,18000000,10672200000,350.35
539,0.8301317816437979,0.27175462247631266,0.00591351688639849,0.036487176850086525,1800000,18000000,10692000000,351.0
540,0.8309955564110832,0.26971610636843774,0.0038300702357111777,0.036365755408749034,1800000,18000000,10711800000,351.65000000000003
541,0.8295000228913285,0.26640904059917503,0.00482218451807842,0.036244738031734676,1800000,18000000,10731600000,352.3
542,0.8286400401345344,0.26929668490596215,0.005458403972445144,0.03612412337440466,1800000,18000000,10751400000,352.95
543,0.829311110312164,0.27292279266966246,0.004296308015551371,0.03600391009659489,1800000,18000000,10771200000,353.6
544,0.8304386130782729,0.2743034668429289,0.005660918132559039,0.035884096862601064,1800000,18000000,10791000000,354.25
545,0.8298664671054774,0.26749942069091254,0.006736430607445309,0.03576468234116376,1800000,18000000,10810800000,354.90000000000003
546,0.8328375964558711,0.2693566331083466,0.0050133721317251155,0.035645665205453765,1800000,18000000,10830600000,355.55
547,0.8310096374949738,0.27626195620227045,0.004934187477890323,0.035527044133057226,1800000,18000000,10850400000,356.2
548,0.8288031507711355,0.26990091676870415,0.005048496815029095,0.035408817805960995,1800000,18000000,10870200000,356.85
549,0.828281249552545,0.270915215366481,0.005657552542914397,0.035290984910538004,1800000,18000000,10890000000,357.5
550,0.8312377138053074,0.27269686235971086,0.004621611422786641,0.03517354413753266,1800000,18000000,10909800000,358.15000000000003
551,0.8310979565253485,0.2636853601474372,0.0045044868131602035,0.03505649418204626,1800000,18000000,10929600000,358.8
552,0.8295642299619383,0.2701793086363413,0.004164885435943863,0.03493983374352255,1800000,18000000,10949400000,359.45
553,0.8295133839825726,0.2655644566427716,0.0052303679641753096,0.03482356152573324,1800000,18000000,10969200000,360.1
554,0.8298036736455693,0.2665488109133116,0.006588575660288121,0.03470767623676358,1800000,18000000,10989000000,360.75
555,0.8287355315626278,0.272417206229184,0.004843575558186129,0.034592176588998075,1800000,18000000,11008800000,361.40000000000003
556,0.828006812753887,0.27014328286901207,0.004725504541324176,0.03447706129910612,1800000,18000000,11028600000,362.05
557,0.8311756158494147,0.2693403762060624,0.00621808489393072,0.03436232908802773,1800000,18000000,11048400000,362.7
558,0.8313569268015705,0.27077357535340696,0.005253649066696768,0.034247978680959405,1800000,18000000,11068200000,363.35
559,0.8293597999542867,0.26999803896785823,0.004813895996453518,0.03413400880733988,1800000,18000000,11088000000,364.0
560,0.82989096675495,0.2704878800364207,0.004815692583907109,0.03402041820083606,1800000,18000000,11107800000,364.65000000000003
561,0.8300179603489067,0.26370128539007165,0.007330361521646376,0.03390720559932891,1800000,18000000,11127600000,365.3
562,0.8284136934722266,0.26845664160169547,0.003982319656195069,0.033794369744899494,1800000,18000000,11147400000,365.95
563,0.8306016431919104,0.26857286593326835,0.00450965936011743,0.033681909383814906,1800000,18000000,11167200000,366.6
564,0.830383952924903,0.2623896816800959,0.004365901417520578,0.033569823266514455,1800000,18000000,11187000000,367.25
565,0.8291793605958927,0.2760109925588624,0.005578251129698486,0.03345811014759566,1800000,18000000,11206800000,367.90000000000003
566,0.8286480718976917,0.26642404633762995,0.003951804280515582,0.03334676878580049,1800000,18000000,11226600000,368.55
567,0.8288632472302105,0.26520839174035854,0.0026826940640586197,0.03323579794400159,1800000,18000000,11246400000,369.2
568,0.8326551106228008,0.2617145087419103,0.0052771357973373755,0.03312519638918843,1800000,18000000,11266200000,369.85
569,0.8293641343656337,0.2742709017638254,0.0038432820357666734,0.03301496289245373,1800000,18000000,11286000000,370.5
570,0.8272193769366676,0.27713428858373734,0.004305032143672565,0.03290509622897971,1800000,18000000,11305800000,371.15000000000003
571,0.8309253581461556,0.2732327220532162,0.006000213129710339,0.03279559517802455,1800000,18000000,11325600000,371.8
572,0.8289024593135729,0.2752119223803929,0.005449600948492687,0.032686458522908766,1800000,18000000,11345400000,372.45
573,0.8306853020253392,0.26884325390950436,0.0035458525410820693,0.03257768505100174,1800000,18000000,11365200000,373.1
574,0.8309575813408013,0.27114161747211696,0.0052470510024340685,0.03246927355370822,1800000,18000000,11385000000,373.75
575,0.831124742695202,0.26911943049021786,0.003824160878879777,0.03236122282645489,1800000,18000000,11404800000,374.40000000000003
576,0.8285305563209099,0.2700640223433944,0.0051510988482179965,0.03225353166867703,1800000,18000000,11424600000,375.05
577,0.8303048186168764,0.26724227637192854,0.0036913018017900273,0.03214619888380508,1800000,18000000,11444400000,375.7
578,0.829101953199425,0.27312150586599365,0.0045900614279067225,0.032039223279251454,1800000,18000000,11464200000,376.35
579,0.8299191780424634,0.26997108298769945,0.003596231770832784,0.03193260366639722,1800000,18000000,11484000000,377.0
580,0.8275797849463983,0.2712854517983765,0.0068412024898546675,0.031826338860578916,1800000,18000000,11503800000,377.65000000000003
581,0.8305037851157143,0.2725857932189972,0.0040415012543241514,0.03172042768107538,1800000,18000000,11523600000,378.3
582,0.8302714034580626,0.26976047798736597,0.0045428524624574005,0.031614868951094645,1800000,18000000,11543400000,378.95
583,0.830829355671557,0.27172896870095764,0.004767781879394417,0.03150966149776084,1800000,18000000,11563200000,379.6
584,0.831211860491569,0.2707415353134676,0.005415297519639674,0.03140480415210119,1800000,18000000,11583000000,380.25
585,0.8285153698614849,0.2732569474060632,0.005208874653761563,0.03130029574903299,1800000,18000000,11602800000,380.90000000000003
586,0.8288101800966505,0.26997410146093365,0.004005466315131077,0.031196135127350685,1800000,18000000,11622600000,381.55
587,0.8296548759304367,0.27513362843569084,0.004492948914749429,0.03109232112971296,1800000,18000000,11642400000,382.2
588,0.830277450871864,0.2677960266401474,0.0038588088175335643,0.0309888526026299,1800000,18000000,11662200000,382.85
589,0.8294063341180052,0.27323095794820373,0.003397984672695028,0.030885728396450124,1800000,18000000,11682000000,383.5
590,0.8317116919766608,0.26965893082893533,0.0031995935035323162,0.03078294736534807,1800000,18000000,11701800000,384.15000000000003
591,0.8295195804296875,0.2732742510248155,0.003216691064645247,0.030680508367311208,1800000,18000000,11721600000,384.8
592,0.8296477705207012,0.2726160474900441,0.0026570901408665276,0.030578410264127404,1800000,18000000,11741400000,385.45
593,0.8287172751581021,0.26688335197977026,0.004871890019339347,0.030476651921372246,1800000,18000000,11761200000,386.1
594,0.8293863570529122,0.27025825461508335,0.005626296990986927,0.03037523220839642,1800000,18000000,11781000000,386.75
595,0.8312371536696901,0.2672597746050314,0.0054321165709139314,0.030274149998313186,1800000,18000000,11800800000,387.40000000000003
596,0.8258809485292717,0.274929985410928,0.0036297695633836545,0.030173404167985855,1800000,18000000,11820600000,388.05
597,0.8293512527760256,0.27433377956894356,0.00421082983880318,0.030072993598015248,1800000,18000000,11840400000,388.7
598,0.8317766545971644,0.26688731595543475,0.004531707967193425,0.029972917172727348,1800000,18000000,11860200000,389.35
599,0.8285977587029294,0.27358287791117836,0.004630206356062234,0.02987317378016085,1800000,18000000,11880000000,390.0
600,0.828788656475275,0.2758243069273204,0.0015726117255668482,0.029773762312054794,1800000,18000000,11899800000,390.65000000000003
601,0.8311275637140015,0.2677472051154741,0.0021749123115515877,0.029674681663836296,1800000,18000000,11919600000,391.3
602,0.8315744157150758,0.27424978496724267,0.00420146977180525,0.029575930734608246,1800000,18000000,11939400000,391.95
603,0.8293551707439363,0.2705171343166229,0.0048712618505020525,0.029477508427137096,1800000,18000000,11959200000,392.6
604,0.8325043634873034,0.2643453577411452,0.005160429824966371,0.029379413647840618,1800000,18000000,11979000000,393.25
605,0.8283426795257733,0.26716007946781245,0.004742762022973386,0.02928164530677581,1800000,18000000,11998800000,393.90000000000003
606,0.8312883456059411,0.27115920912132213,0.004864745500521353,0.02918420231762678,1800000,18000000,12018600000,394.55
607,0.8298096138273817,0.2694120570943318,0.003700135710494713,0.029087083597692635,1800000,18000000,12038400000,395.2
608,0.8279903216186055,0.2711899088840358,0.0032180374223260387,0.028990288067875493,1800000,18000000,12058200000,395.85
609,0.83409692036263,0.26335381150139636,0.0023676908697494435,0.028893814652668486,1800000,18000000,12078000000,396.5
610,0.8309717623985697,0.2710815128392078,0.005584784731992534,0.028797662280143754,1800000,18000000,12097800000,397.15000000000003
611,0.8315009318843123,0.2676608764100986,0.005130550142620918,0.028701829881940626,1800000,18000000,12117600000,397.8
612,0.8275269169267216,0.27603803844064617,0.003414203257519653,0.0286063163932537,1800000,18000000,12137400000,398.45
613,0.8285289922640694,0.27039498641228515,0.003586865866219036,0.028511120752821004,1800000,18000000,12157200000,399.1
614,0.8276768448345643,0.2737427918583398,0.00433432764038943,0.028416241902912216,1800000,18000000,12177000000,399.75
615,0.8297518641417552,0.26606635242460785,0.004264632402740689,0.02832167878931693,1800000,18000000,12196800000,400.40000000000003
616,0.827137276618517,0.27005681693917744,0.005136718406882628,0.028227430361332895,1800000,18000000,12216600000,401.05
617,0.830256376119139,0.26509927528765503,0.003087338560248736,0.028133495571754392,1800000,18000000,12236400000,401.7
618,0.8291507845423666,0.2687619995327927,0.0023916655823763852,0.028039873376860563,1800000,18000000,12256200000,402.35
619,0.8310407030719598,0.26712117878917496,0.00264364576153024,0.027946562736403842,1800000,18000000,12276000000,403.0
620,0.8284785213373183,0.2743918295380268,0.004584621098660936,0.027853562613598382,1800000,18000000,12295800000,403.65000000000003
621,0.8337027424353779,0.2620975418310223,0.0035924927414339686,0.02776087197510853,1800000,18000000,12315600000,404.3
622,0.8287495724611293,0.2718412548674221,0.003815566149156545,0.027668489791037327,1800000,18000000,12335400000,404.95
623,0.8326996243318372,0.2681842598097115,0.004623870987876547,0.027576415034915123,1800000,18000000,12355200000,405.6
624,0.8335946503103377,0.266371893076027,0.004028551685870375,0.027484646683688132,1800000,18000000,12375000000,406.25
625,0.8313642938244602,0.2739309752235048,0.004356218416590303,0.02739318371770705,1800000,18000000,12394800000,406.90000000000003
626,0.8298616467385397,0.2688962586520237,0.00389619810595003,0.027302025120715785,1800000,18000000,12414600000,407.55
627,0.8352084654327937,0.26615868183372693,0.0047313766450756516,0.027211169879840062,1800000,18000000,12434400000,408.2
628,0.8277830712205687,0.27130314381412113,0.004057952683545677,0.02712061698557629,1800000,18000000,12454200000,408.85
629,0.8294272109138502,0.2740698271796025,0.005143631158400263,0.027030365431780265,1800000,18000000,12474000000,409.5
630,0.8299670895423319,0.2781489298602751,0.00460621126463666,0.02694041421565602,1800000,18000000,12493800000,410.15000000000003
631,0.8290228046506924,0.2698345477839348,0.0022307325148357058,0.026850762337744662,1800000,18000000,12513600000,410.8
632,0.8294011057635214,0.27052351643403016,0.004507711470280477,0.026761408801913317,1800000,18000000,12533400000,411.45
633,0.8300193124975711,0.27076222502248787,0.004214772970959201,0.02667235261534397,1800000,18000000,12553200000,412.1
634,0.8304655513481236,0.27613169636686363,0.004060803942772052,0.02658359278852253,1800000,18000000,12573000000,412.75
635,0.8281658324769586,0.2700389241281041,0.002395285922997765,0.026495128335227797,1800000,18000000,12592800000,413.40000000000003
636,0.8314465375553328,0.273825870399104,0.002941819358146651,0.02640695827252048,1800000,18000000,12612600000,414.05
637,0.8282835965972832,0.2721356299123161,0.003423371410514201,0.02631908162073231,1800000,18000000,12632400000,414.7
638,0.8295517837898901,0.2731764538263776,0.005168951620178076,0.026231497403455158,1800000,18000000,12652200000,415.35
639,0.8323577420724028,0.26746619817633055,0.004022307132115481,0.026144204647530124,1800000,18000000,12672000000,416.0
640,0.8289884420423909,0.27282129038998654,0.002235400265164938,0.026057202383036816,1800000,18000000,12691800000,416.65000000000003
641,0.8296892794121054,0.26892990977269515,0.00392105413187695,0.025970489643282507,1800000,18000000,12711600000,417.3
642,0.8296504640317112,0.2686732812245592,0.00416134864118771,0.025884065464791422,1800000,18000000,12731400000,417.95
643,0.8315299836822508,0.2646647968014379,0.0027128300162899115,0.025797928887294017,1800000,18000000,12751200000,418.6
644,0.8298001124493577,0.2662253827116243,0.005424082162375842,0.02571207895371634,1800000,18000000,12771000000,419.25
645,0.8331722919986673,0.2700601073667483,0.002050331287106196,0.025626514710169333,1800000,18000000,12790800000,419.90000000000003
646,0.8314647702222954,0.26961030234723227,0.0033516671235446177,0.025541235205938307,1800000,18000000,12810600000,420.55
647,0.8297052235717227,0.2731255598445727,0.003729403363162827,0.02545623949347234,1800000,18000000,12830400000,421.2
648,0.8287544895742951,0.27019249483432295,0.004518936095845863,0.025371526628373754,1800000,18000000,12850200000,421.85
649,0.830269647889371,0.26371031927696204,0.004528722080089491,0.025287095669387614,1800000,18000000,12870000000,422.5
650,0.8296084394953437,0.2682226609003655,0.0034188218237589598,0.025202945678391302,1800000,18000000,12889800000,423.15000000000003
651,0.8287196619909566,0.2738911145541245,0.0026002452343798915,0.02511907572038403,1800000,18000000,12909600000,423.8
652,0.8308288687286263,0.2736723129871492,0.0042914864620742545,0.02503548486347652,1800000,18000000,12929400000,424.45
653,0.8298098788519128,0.2691947022617971,0.0033334541358892803,0.024952172178880617,1800000,18000000,12949200000,425.1
654,0.8286847968066429,0.27522866144197017,0.00412427644348317,0.024869136740898967,1800000,18000000,12969000000,425.75
655,0.8305173025503639,0.27213551310007594,0.0025045841175692666,0.024786377626914748,1800000,18000000,12988800000,426.40000000000003
656,0.8299060587076408,0.2708220691760526,0.0034362585777026715,0.024703893917381377,1800000,18000000,13008600000,427.05
657,0.8309342291222214,0.26864506542806227,0.003257652534194508,0.024621684695812353,1800000,18000000,13028400000,427.7
658,0.8293192036239478,0.2672838633668446,0.00481698398808519,0.02453974904877104,1800000,18000000,13048200000,428.35
659,0.8296948351617472,0.2699574035989237,0.003001618373050548,0.02445808606586051,1800000,18000000,13068000000,429.0
660,0.8311337994414307,0.2702187077187831,0.005924576557865659,0.024376694839713452,1800000,18000000,13087800000,429.65000000000003
661,0.8272837250787698,0.272905613913173,0.002556157773398614,0.024295574465982076,1800000,18000000,13107600000,430.3
662,0.8301672353771571,0.2665099735500164,0.0034594148281059762,0.024214724043328046,1800000,18000000,13127400000,430.95
663,0.8291838336149481,0.26778565132925314,0.004035195822446461,0.02413414267341251,1800000,18000000,13147200000,431.6
664,0.8305003106699208,0.26720350222314265,0.004990206621026935,0.02405382946088608,1800000,18000000,13167000000,432.25
665,0.8312572128682247,0.26722736218813953,0.004632044999547828,0.02397378351337891,1800000,18000000,13186800000,432.90000000000003
666,0.8304631337150006,0.27190136077534965,0.003432618608547688,0.02389400394149075,1800000,18000000,13206600000,433.55
667,0.8297595150066424,0.2690973847162987,0.0027387848351910393,0.023814489858781113,1800000,18000000,13226400000,434.2
668,0.8280560009598527,0.2727732212924757,0.0028841004450768375,0.02373524038175934,1800000,18000000,13246200000,434.85
669,0.8300683067058182,0.27151710106127513,0.004085956911474551,0.02365625462987489,1800000,18000000,13266000000,435.5
670,0.8319561114329326,0.26232363688646854,0.003491652964074261,0.023577531725507483,1800000,18000000,13285800000,436.15000000000003
671,0.8272868137295672,0.265340561153393,0.0031410167941912756,0.023499070793957372,1800000,18000000,13305600000,436.8
672,0.8287759406156262,0.2645011700002541,0.0019029250722449418,0.023420870963435616,1800000,18000000,13325400000,437.45
673,0.8314975285375201,0.2696974717720405,0.0038678052790158944,0.02334293136505442,1800000,18000000,13345200000,438.1
674,0.8328265410607851,0.26557864633979544,0.003436023976797916,0.02326525113281743,1800000,18000000,13365000000,438.75
675,0.8302446237111051,0.2707192738529538,0.0023066284510442577,0.023187829403610152,1800000,18000000,13384800000,439.40000000000003
676,0.8294225449975148,0.2697121534055968,0.0033781034859166697,0.023110665317190367,1800000,18000000,13404600000,440.05
677,0.8314985341698593,0.2626227676338371,0.0033590033177214565,0.023033758016178532,1800000,18000000,13424400000,440.7
678,0.8303318206168641,0.269993713381839,0.002868903951045814,0.022957106646048307,1800000,18000000,13444200000,441.35
679,0.828596902762871,0.2707428053239293,0.003832869033633818,0.022880710355116993,1800000,18000000,13464000000,442.0
680,0.8292702220175697,0.26822980946137454,0.0025515710865833914,0.02280456829453613,1800000,18000000,13483800000,442.65000000000003
681,0.8298500236905766,0.2720061634172035,0.0017034379089290767,0.022728679618282042,1800000,18000000,13503600000,443.3
682,0.8294218718121467,0.26814522033777544,0.0030389120580279114,0.02265304348314644,1800000,18000000,13523400000,443.95
683,0.8332388076603967,0.26782703628825316,0.003410252525853441,0.02257765904872704,1800000,18000000,13543200000,444.6
684,0.8304539495188344,0.26547972994528063,0.002816614289127421,0.022502525477418246,1800000,18000000,13563000000,445.25
685,0.8290522283181241,0.272235059337784,0.0019297169664169518,0.02242764193440181,1800000,18000000,13582800000,445.90000000000003
686,0.8310517723350332,0.2705759707889703,0.001842198165894568,0.02235300758763761,1800000,18000000,13602600000,446.55
687,0.8304207502076538,0.2702239285239336,0.0023568452861455567,0.02227862160785435,1800000,18000000,13622400000,447.2
688,0.8270395512292674,0.271570997907357,0.003006307502087197,0.02220448316854038,1800000,18000000,13642200000,447.85
689,0.8314979037680007,0.2697166346102016,0.0032032141185685033,0.0221305914459345,1800000,18000000,13662000000,448.5
690,0.8274410920486148,0.2694506738277197,0.0028801887191869423,0.022056945619016825,1800000,18000000,13681800000,449.15000000000003
691,0.8297847571053577,0.26988418677076237,0.002702819499031376,0.02198354486949961,1800000,18000000,13701600000,449.8
692,0.8289753031685252,0.2718984611118666,0.0023202215778647174,0.02191038838181822,1800000,18000000,13721400000,450.45
693,0.8296916085362009,0.2739411999109244,0.0030388045929976293,0.021837475343122043,1800000,18000000,13741200000,451.1
694,0.8308542302508183,0.27255927869129437,0.0030361192272105398,0.021764804943265458,1800000,18000000,13761000000,451.75
695,0.8299981253385316,0.27008295957739775,0.002094855711952814,0.021692376374798823,1800000,18000000,13780800000,452.40000000000003
696,0.8306742617158476,0.26623269735526234,0.003098617694053697,0.02162018883295954,1800000,18000000,13800600000,453.05
697,0.8273352018443799,0.2713272282345207,0.0024389829071285235,0.021548241515663043,1800000,18000000,13820400000,453.7
698,0.8302664756761943,0.2703225982490003,0.0014315393794193628,0.021476533623493964,1800000,18000000,13840200000,454.35
699,0.8305393229166762,0.2724995335278786,0.003544419028769209,0.021405064359697207,1800000,18000000,13860000000,455.0
700,0.830913104172804,0.26930767777650244,0.002268649705431448,0.021333832930169112,1800000,18000000,13879800000,455.65000000000003
701,0.8316290266918924,0.2634794927988165,0.0027181477175665016,0.021262838543448622,1800000,18000000,13899600000,456.3
702,0.8327362847068139,0.2653740964378429,0.0034516848814968365,0.02119208041070847,1800000,18000000,13919400000,456.95
703,0.8320058047145001,0.26856908485715764,0.004429195416945949,0.02112155774574646,1800000,18000000,13939200000,457.6
704,0.8290035205882004,0.2726621864699634,0.0035089315179840956,0.021051269764976704,1800000,18000000,13959000000,458.25
705,0.8305820471305009,0.26713122215049834,0.0034279706726062543,0.020981215687420916,1800000,18000000,13978800000,458.90000000000003
706,0.831034202509579,0.27636323226984805,0.0025545197759065255,0.02091139473469973,1800000,18000000,13998600000,459.55
707,0.8289661197736251,0.27304253355420555,0.0020911269952033256,0.020841806131024078,1800000,18000000,14018400000,460.2
708,0.8282688115961258,0.2751052033111474,0.00251910104358958,0.020772449103186517,1800000,18000000,14038200000,460.85
709,0.8275733710165908,0.2660776167633226,0.0020184631071152375,0.0207033228805527,1800000,18000000,14058000000,461.5
710,0.8316251762020593,0.2666879853693276,0.0034586719620108767,0.020634426695052777,1800000,18000000,14077800000,462.15000000000003
711,0.8315592443223446,0.2661780526042069,0.0025739576758164384,0.020565759781172862,1800000,18000000,14097600000,462.8
712,0.8284825977899494,0.27169129281664256,0.0018682094539482536,0.020497321375946544,1800000,18000000,14117400000,463.45
713,0.8306378071146258,0.2725728799838765,0.00029892598136327733,0.0204291107189464,1800000,18000000,14137200000,464.1
714,0.8290174269306818,0.2694725918317158,0.0023119873991173674,0.020361127052275524,1800000,18000000,14157000000,464.75
715,0.8293746878320404,0.2672786819461698,0.002758628555635002,0.020293369620559148,1800000,18000000,14176800000,465.40000000000003
716,0.8275580430902602,0.26598941062061165,0.001045802801580877,0.020225837670936227,1800000,18000000,14196600000,466.05
717,0.830493842926745,0.2630197407322953,0.0017486628582725709,0.020158530453051063,1800000,18000000,14216400000,466.7
718,0.8289552007847846,0.27197326637060215,0.003212579974872763,0.020091447219045,1800000,18000000,14236200000,467.35
719,0.8293400419850235,0.27106438851109077,0.004123599907152478,0.020024587223548076,1800000,18000000,14256000000,468.0
720,0.8292836254165169,0.272912608915815,0.0034825744070457266,0.019957949723670754,1800000,18000000,14275800000,468.65000000000003
721,0.8283070389844238,0.269977544982807,0.002327751784079575,0.01989153397899569,1800000,18000000,14295600000,469.3
722,0.8302887499209529,0.2666900123703974,0.0024864559341054447,0.01982533925156948,1800000,18000000,14315400000,469.95
723,0.8305054685048151,0.2712818442427452,0.00290298481408993,0.019759364805894478,1800000,18000000,14335200000,470.6
724,0.8291967036671714,0.2676142746790381,0.0027715284472094284,0.019693609908920603,1800000,18000000,14355000000,471.25
725,0.8310452069676297,0.27151703508401465,0.0037336006622036275,0.019628073830037226,1800000,18000000,14374800000,471.90000000000003
726,0.8308241871547418,0.26913083219416634,0.0019402182287287365,0.019562755841064997,1800000,18000000,14394600000,472.55
727,0.831159517548685,0.266449422884643,0.0025089030249685292,0.019497655216247817,1800000,18000000,14414400000,473.2
728,0.8275149383439442,0.2699927422824017,0.0014574076815950436,0.019432771232244746,1800000,18000000,14434200000,473.85
729,0.8303895462259192,0.26902545233231095,0.0014756844526262643,0.019368103168121962,1800000,18000000,14454000000,474.5
730,0.8309064474559923,0.26523421230227723,0.0017331656844817498,0.019303650305344755,1800000,18000000,14473800000,475.15000000000003
731,0.8314360562294811,0.2690933385249208,0.0011025569121349335,0.01923941192776953,1800000,18000000,14493600000,475.8
732,0.8291868521579409,0.27135545644579256,0.0021776315119475973,0.019175387321635887,1800000,18000000,14513400000,476.45
733,0.8286451059071496,0.276981951018899,0.003130338988923933,0.019111575775558647,1800000,18000000,14533200000,477.1
734,0.8323901806783659,0.26590258697333263,0.003293591988416453,0.01904797658051998,1800000,18000000,14553000000,477.75
735,0.8317647815731981,0.2656383997013424,0.0030680282926025784,0.01898458902986151,1800000,18000000,14572800000,478.40000000000003
736,0.8294562807966716,0.2660212511471567,0.002065591198038157,0.01892141241927647,1800000,18000000,14592600000,479.05
737,0.8283118690505137,0.2705531550782708,0.001444314102588228,0.01885844604680186,1800000,18000000,14612400000,479.7
738,0.8318501309963988,0.2693954320688033,0.002169590588650701,0.018795689212810673,1800000,18000000,14632200000,480.35
739,0.8290320162386264,0.264588415192233,0.00202921931521109,0.018733141220004107,1800000,18000000,14652000000,481.0
740,0.8297994844385903,0.2714861913954931,0.002134574433652694,0.01867080137340383,1800000,18000000,14671800000,481.65000000000003
741,0.8303643725636657,0.2710517726763575,0.0018398644097408245,0.01860866898034423,1800000,18000000,14691600000,482.3
742,0.8315512284583803,0.2732402544214863,0.004329136773174568,0.01854674335046476,1800000,18000000,14711400000,482.95
743,0.8283439703659594,0.26781847272855314,0.002255074903354767,0.018485023795702205,1800000,18000000,14731200000,483.6
744,0.8291775406520648,0.2724936399818702,0.003271402730402095,0.01842350963028311,1800000,18000000,14751000000,484.25
745,0.8304150665017751,0.26927908898060166,0.0028449286687107314,0.018362200170716117,1800000,18000000,14770800000,484.90000000000003
746,0.8283610082016202,0.27548396159431804,0.0017026445222636127,0.018301094735784378,1800000,18000000,14790600000,485.55
747,0.8286338724733674,0.2716962505664457,0.002495435567744102,0.018240192646537985,1800000,18000000,14810400000,486.2
748,0.8291475411116151,0.2737455622987107,0.0037012809744902844,0.018179493226286442,1800000,18000000,14830200000,486.85
749,0.8285534437573883,0.26678401110879046,0.0024022367846594644,0.018118995800591103,1800000,18000000,14850000000,487.5
750,0.8317385938526614,0.26831967170141435,0.0024599809378528497,0.018058699697257735,1800000,18000000,14869800000,488.15000000000003
751,0.8276429512681787,0.2732545161230435,0.0,0.017998604246329014,1800000,18000000,14889600000,488.8
752,0.8304939093098176,0.26970702758195453,0.0026558666943089907,0.01793870878007709,1800000,18000000,14909400000,489.45
753,0.8277881044028971,0.2663570521139698,0.003042876875498913,0.017879012632996176,1800000,18000000,14929200000,490.1
754,0.8285070177797303,0.2680860688443032,0.004416763162579039,0.017819515141795115,1800000,18000000,14949000000,490.75
755,0.8302654215947528,0.26943209328737383,0.002807861480335638,0.017760215645390067,1800000,18000000,14968800000,491.40000000000003
756,0.8288076588351694,0.2721048039429155,0.0019369872626232504,0.017701113484897137,1800000,18000000,14988600000,492.05
757,0.8292555700840016,0.27205493989129137,0.003941041047285743,0.017642208003625034,1800000,18000000,15008400000,492.7
758,0.8285722386593298,0.2699586858524882,0.0019944798345439226,0.017583498547067807,1800000,18000000,15028200000,493.35
759,0.8304141619686033,0.26930695974854796,0.0015832817740113075,0.017524984462897568,1800000,18000000,15048000000,494.0
760,0.8316174503887169,0.2754259134344672,0.002398142798504946,0.01746666510095721,1800000,18000000,15067800000,494.65000000000003
761,0.8324762945320521,0.27418081247671616,0.002742410664934059,0.017408539813253226,1800000,18000000,15087600000,495.3
762,0.8310549868226461,0.26727798750025616,8.104418827143073e-05,0.017350607953948487,1800000,18000000,15107400000,495.95
763,0.8278429694680727,0.2601136645143456,0.002663673577508905,0.017292868879355078,1800000,18000000,15127200000,496.6
764,0.8288031224006771,0.27135476961549165,0.0018892183302163126,0.017235321947927124,1800000,18000000,15147000000,497.25
765,0.8306960231157553,0.26392911526032425,0.0011531058777398285,0.017177966520253697,1800000,18000000,15166800000,497.90000000000003
766,0.8279962277313764,0.27367961072610986,0.00149453646886385,0.01712080195905166,1800000,18000000,15186600000,498.55
767,0.8283226589437135,0.2780467298033308,0.0034217385386020576,0.017063827629158642,1800000,18000000,15206400000,499.20000000000005
768,0.8288973384081112,0.2640008953841929,0.0017805912479884447,0.017007042897525942,1800000,18000000,15226200000,499.85
769,0.8290891726901314,0.2748626548782353,0.0,0.016950447133211522,1800000,18000000,15246000000,500.5
770,0.829297172099669,0.2745839814689923,0.0024323308695626453,0.01689403970737297,1800000,18000000,15265800000,501.15000000000003
771,0.8290704967126263,0.2711614681421389,0.002539420857127648,0.016837819993260533,1800000,18000000,15285600000,501.8
772,0.8297380644541295,0.27005242366435245,0.0019081239997111917,0.016781787366210135,1800000,18000000,15305400000,502.45000000000005
773,0.8302930624736804,0.26712482557919437,0.001061747272401901,0.016725941203636456,1800000,18000000,15325200000,503.1
774,0.8302589567459542,0.27603858423386757,0.0017081685421603205,0.016670280885026006,1800000,18000000,15345000000,503.75
775,0.8297084096463585,0.276792718888755,0.0022824511126878825,0.01661480579193023,1800000,18000000,15364800000,504.40000000000003
776,0.826973753014013,0.2706013960766919,0.001501420088184624,0.016559515307958635,1800000,18000000,15384600000,505.05
777,0.8292936423847416,0.2663702525921739,0.0018574595687174053,0.016504408818771934,1800000,18000000,15404400000,505.70000000000005
778,0.8279746213570722,0.2754312646445052,0.0022232060392705583,0.01644948571207524,1800000,18000000,15424200000,506.35
779,0.8309855719611999,0.2667467463507712,0.0036294775320257575,0.016394745377611247,1800000,18000000,15444000000,507.0
780,0.8295737911487159,0.26609029176930743,0.0029499289825015793,0.016340187207153453,1800000,18000000,15463800000,507.65000000000003
781,0.8322721010285028,0.271886982420404,0.0010296338364552766,0.016285810594499402,1800000,18000000,15483600000,508.3
782,0.8289937943684617,0.272968676269033,0.00030156425521880924,0.016231614935463958,1800000,18000000,15503400000,508.95000000000005
783,0.8304092338018231,0.266340886992886,0.0,0.01617759962787256,1800000,18000000,15523200000,509.6
784,0.8287924242042455,0.2730901019806618,0.0021412075382700934,0.016123764071554577,1800000,18000000,15543000000,510.25
785,0.8309608365782506,0.27137640155950193,0.003298557964792348,0.016070107668336605,1800000,18000000,15562800000,510.90000000000003
786,0.8323203916033017,0.2679150214868931,0.0015714734746007228,0.01601662982203583,1800000,18000000,15582600000,511.55
787,0.827179485233122,0.26992247758326715,0.0022647736657529427,0.015963329938453414,1800000,18000000,15602400000,512.2
788,0.827268457889868,0.27189114087939237,0.003120854972273066,0.015910207425367886,1800000,18000000,15622200000,512.85
789,0.8302820435829815,0.2753879778496018,0.0,0.015857261692528542,1800000,18000000,15642000000,513.5
790,0.8284123501260087,0.2741414215066467,0.0003029867269066604,0.015804492151648922,1800000,18000000,15661800000,514.15
791,0.8306346778059486,0.2651956876644535,0.003407860983650097,0.015751898216400252,1800000,18000000,15681600000,514.8000000000001
792,0.8290361017416085,0.2707039660604664,0.0,0.015699479302404933,1800000,18000000,15701400000,515.45
793,0.8314445096735711,0.2664010821454961,0.0008444702361765563,0.015647234827230044,1800000,18000000,15721200000,516.1
794,0.8319624508328665,0.2664032605919118,0.0,0.015595164210380888,1800000,18000000,15741000000,516.75
795,0.8291796566220557,0.2712554453553789,0.0013831175323187985,0.015543266873294511,1800000,18000000,15760800000,517.4
796,0.8308854462955085,0.2668512191353548,0.0012989958414675244,0.015491542239333302,1800000,18000000,15780600000,518.0500000000001
797,0.8274747258909381,0.27271882371505873,0.0029335645707536523,0.01543998973377857,1800000,18000000,15800400000,518.7
798,0.8316452242701932,0.2669655152668295,0.0032857707682985,0.015388608783824179,1800000,18000000,15820200000,519.35
799,0.8271156058350081,0.27241198900211194,0.0012979483517522815,0.015337398818570146,1800000,18000000,15840000000,520.0
800,0.8290133809789241,0.2761228032751875,0.002481290321730233,0.01528635926901634,1800000,18000000,15859800000,520.65
801,0.8286497640899823,0.27534966773108827,0.002099172700882498,0.01523548956805612,1800000,18000000,15879600000,521.3000000000001
802,0.8295152734348711,0.2721680689458013,0.0026625928304441432,0.01518478915047006,1800000,18000000,15899400000,521.95
803,0.8305415979029681,0.2749847041560209,0.0018405434251481674,0.015134257452919677,1800000,18000000,15919200000,522.6
804,0.8285370325692781,0.27254968502555255,0.0,0.01508389391394114,1800000,18000000,15939000000,523.25
805,0.8313113533322115,0.268195255077787,0.00045236554813179596,0.015033697973939058,1800000,18000000,15958800000,523.9
806,0.831137777844288,0.26934005597449256,0.001278406842537555,0.014983669075180239,1800000,18000000,15978600000,524.5500000000001
807,0.8330030253217202,0.26529283634389456,0.0026391917510427106,0.014933806661787518,1800000,18000000,15998400000,525.2
808,0.8300591001125862,0.2739191650220611,0.0016471585268476414,0.014884110179733566,1800000,18000000,16018200000,525.85
809,0.8295247589473265,0.27138957180816675,0.0022536186675940015,0.01483457907683474,1800000,18000000,16038000000,526.5
810,0.8286892067691968,0.27027464922138833,0.00265600069582703,0.014785212802744946,1800000,18000000,16057800000,527.15
811,0.8287235921717513,0.2699632635033504,0.0024871874982606433,0.014736010808949521,1800000,18000000,16077600000,527.8000000000001
812,0.8304473230285879,0.2704847904392457,0.0014031376440335288,0.014686972548759124,1800000,18000000,16097400000,528.45
813,0.8314495746554,0.2718125781222806,0.0006734487016038552,0.014638097477303708,1800000,18000000,16117200000,529.1
814,0.8302222812964062,0.27358413403536735,0.0013159784243469,0.014589385051526413,1800000,18000000,16137000000,529.75
815,0.8291182240088535,0.266019244224769,0.0015634365992375319,0.014540834730177563,1800000,18000000,16156800000,530.4
816,0.8281612558376705,0.2676038459912136,0.0,0.014492445973808648,1800000,18000000,16176600000,531.0500000000001
817,0.829899084990807,0.2701679926467156,0.0007601337034047218,0.014444218244766325,1800000,18000000,16196400000,531.7
818,0.8320426910757331,0.27159913984782424,0.001903103713844215,0.01439615100718643,1800000,18000000,16216200000,532.35
819,0.8302132543434347,0.266308881530984,0.001922832274880231,0.014348243726988055,1800000,18000000,16236000000,533.0
820,0.8298130918706429,0.26948381062667354,0.0026530358778332594,0.014300495871867599,1800000,18000000,16255800000,533.65
821,0.82943433585593,0.2696793935999378,0.0012102854224611743,0.01425290691129284,1800000,18000000,16275600000,534.3000000000001
822,0.82943478993564,0.27525918525316867,0.000634887352999116,0.014205476316497063,1800000,18000000,16295400000,534.95
823,0.8322014363331647,0.26966385587862984,0.0005547684463501105,0.014158203560473181,1800000,18000000,16315200000,535.6
824,0.8289247301473697,0.2696945469561998,0.0009210769965495397,0.014111088117967848,1800000,18000000,16335000000,536.25
825,0.8326186870516431,0.2686112182512912,0.0013457974981036071,0.014064129465475665,1800000,18000000,16354800000,536.9
826,0.8305360609040864,0.2701040284571003,0.00222100901499955,0.01401732708123335,1800000,18000000,16374600000,537.5500000000001
827,0.8308139359278542,0.274365065460774,0.0,0.013970680445213924,1800000,18000000,16394400000,538.2
828,0.8306310340638529,0.2693097879856209,0.002420546683746109,0.013924189039120962,1800000,18000000,16414200000,538.85
829,0.8289227368113291,0.27060691127446584,0.0014066948285307147,0.01387785234638279,1800000,18000000,16434000000,539.5
830,0.8296196136787457,0.2704984461640097,0.0028229776549738815,0.013831669852146802,1800000,18000000,16453800000,540.15
831,0.8320397649286315,0.264496752361675,0.0005155659533686101,0.013785641043273693,1800000,18000000,16473600000,540.8000000000001
832,0.8314779259509101,0.27058041606625405,0.0,0.01373976540833178,1800000,18000000,16493400000,541.45
833,0.8271710045704386,0.27386418211606217,0.002177210121043189,0.013694042437591319,1800000,18000000,16513200000,542.1
834,0.8295460165571337,0.2708542253078091,0.0014988214216462784,0.01364847162301883,1800000,18000000,16533000000,542.75
835,0.8303833536800589,0.26935355950338924,0.001850846793530603,0.013603052458271453,1800000,18000000,16552800000,543.4
836,0.8288601130327315,0.2678997792497482,0.0,0.013557784438691338,1800000,18000000,16572600000,544.0500000000001
837,0.8287547205048812,0.27044849171531327,0.0019189235605773665,0.013512667061300028,1800000,18000000,16592400000,544.7
838,0.831335616736304,0.263637629652781,0.0008754008580079352,0.013467699824792862,1800000,18000000,16612200000,545.35
839,0.8279205384126366,0.26770463493846014,0.0009635823196295269,0.013422882229533415,1800000,18000000,16632000000,546.0
840,0.8287667390150258,0.2723855965784667,0.0003125524200840758,0.013378213777547955,1800000,18000000,16651800000,546.65
841,0.8285474311664119,0.27310497773212167,0.0025624131626805855,0.013333693972519876,1800000,18000000,16671600000,547.3000000000001
842,0.8296944722677756,0.2742631435682771,0.0005976137379836021,0.013289322319784223,1800000,18000000,16691400000,547.95
843,0.830320598639383,0.27649039150686205,0.0019827855192535403,0.01324509832632218,1800000,18000000,16711200000,548.6
844,0.8291774296270179,0.27229914139200684,0.0007971810971263338,0.013201021500755583,1800000,18000000,16731000000,549.25
845,0.8312837916303265,0.27382821640959526,0.0006307585176493455,0.013157091353341475,1800000,18000000,16750800000,549.9
846,0.8336511192478318,0.26729464434445427,0.0024123727790538564,0.013113307395966662,1800000,18000000,16770600000,550.5500000000001
847,0.8232494207453619,0.2739622967442828,0.0018031266373580747,0.01306966914214226,1800000,18000000,16790400000,551.2
848,0.8306812505161768,0.27182309196988097,0.0009394615401310948,0.013026176106998346,1800000,18000000,16810200000,551.85
849,0.8309583226649757,0.26975889475568676,0.0020646525388003,0.012982827807278526,1800000,18000000,16830000000,552.5
850,0.8300542668370723,0.2695845111410213,0.0015446461451123926,0.012939623761334574,1800000,18000000,16849800000,553.15
851,0.8309838154314622,0.26943881621584576,0.003906620475189855,0.012896563489121101,1800000,18000000,16869600000,553.8000000000001
852,0.8315532166034582,0.2628714594624383,0.0011563777140438994,0.012853646512190182,1800000,18000000,16889400000,554.45
853,0.8326378967801847,0.26864135223391516,0.0034409135835820562,0.012810872353686081,1800000,18000000,16909200000,555.1
854,0.830708127076584,0.2703132931289006,0.0021304703756196766,0.012768240538339934,1800000,18000000,16929000000,555.75
855,0.8292910351196693,0.27446502003676565,0.0022626476887624026,0.01272575059246446,1800000,18000000,16948800000,556.4
856,0.8299089731643082,0.27168330994874945,0.0006763744381730514,0.012683402043948716,1800000,18000000,16968600000,557.0500000000001
857,0.8302723770915301,0.2695850411608506,0.000962723954343778,0.012641194422252843,1800000,18000000,16988400000,557.7
858,0.8287274138706955,0.27246280656059285,0.000230040245309651,0.012599127258402818,1800000,18000000,17008200000,558.35
859,0.8311779407860106,0.2744305104126345,0.0002384644006338274,0.012557200084985287,1800000,18000000,17028000000,559.0
860,0.8289560795683797,0.26805774810999966,0.00173368574039278,0.012515412436142334,1800000,18000000,17047800000,559.65
861,0.82950322209601,0.2764899897801994,0.002596443517134846,0.012473763847566318,1800000,18000000,17067600000,560.3000000000001
862,0.8293407258485139,0.2675241945895516,0.0013233948831198883,0.01243225385649472,1800000,18000000,17087400000,560.95
863,0.8304799153615943,0.27038026228220796,0.001515402933028154,0.012390882001704991,1800000,18000000,17107200000,561.6
864,0.8312722431325767,0.27113370093323563,0.003084327198275708,0.01234964782350942,1800000,18000000,17127000000,562.25
865,0.8307582904948876,0.26771432950554913,0.0016352791170454637,0.012308550863750054,1800000,18000000,17146800000,562.9
866,0.830353994952483,0.2706116698393222,0.0,0.012267590665793582,1800000,18000000,17166600000,563.5500000000001
867,0.8297854625393372,0.2754167056183135,0.0020873303932568994,0.012226766774526273,1800000,18000000,17186400000,564.2
868,0.8308641019071227,0.26273982871728174,0.0013847335647818296,0.012186078736348917,1800000,18000000,17206200000,564.85
869,0.8307906135396151,0.26818518261276514,0.00048696050787618353,0.012145526099171784,1800000,18000000,17226000000,565.5
870,0.8293674501825787,0.2675614216989507,0.00020657883834535365,0.01210510841240959,1800000,18000000,17245800000,566.15
871,0.8287534557549577,0.27108591818131667,0.0021251152739556953,0.01206482522697652,1800000,18000000,17265600000,566.8000000000001
872,0.8273202024354527,0.27006209225831984,0.0016255891657718333,0.012024676095281203,1800000,18000000,17285400000,567.45
873,0.8286624539904203,0.26999714085464466,0.002037402058732308,0.011984660571221769,1800000,18000000,17305200000,568.1
874,0.8299942662088275,0.2639142744394085,0.0019513484059376777,0.011944778210180869,1800000,18000000,17325000000,568.75
875,0.8288222381310679,0.2743926326024235,0.0017397483122865206,0.011905028569020754,1800000,18000000,17344800000,569.4
876,0.8273827052594308,0.2746729035045996,0.0003939891500906418,0.011865411206078324,1800000,18000000,17364600000,570.0500000000001
877,0.8294224339829701,0.27405895945140707,0.0,0.011825925681160258,1800000,18000000,17384400000,570.7
878,0.8315631628954182,0.26897548890439615,0.0012108626216134678,0.01178657155553809,1800000,18000000,17404200000,571.35
879,0.8280104988992921,0.27319404213835435,0.000628220506420849,0.01174734839194336,1800000,18000000,17424000000,572.0
880,0.8309181872278592,0.2723588739449773,0.001977405515554132,0.011708255754562732,1800000,18000000,17443800000,572.65
881,0.8297917806023404,0.26797607132100604,0.003044497796488508,0.011669293209033163,1800000,18000000,17463600000,573.3000000000001
882,0.8292188150347223,0.2682730478367972,0.001950008145115533,0.011630460322437081,1800000,18000000,17483400000,573.95
883,0.8310159581008953,0.2622818253814897,0.0,0.01159175666329757,1800000,18000000,17503200000,574.6
884,0.8312254191772355,0.27688159898733633,0.002327923018559228,0.011553181801573576,1800000,18000000,17523000000,575.25
885,0.8278934144530298,0.2806982963876338,0.002139166409338733,0.011514735308655124,1800000,18000000,17542800000,575.9
886,0.8307023250830067,0.27322600867368607,0.0020223722784325935,0.011476416757358571,1800000,18000000,17562600000,576.5500000000001
887,0.8280485138326993,0.2706514098953782,0.0028376074661771895,0.011438225721921835,1800000,18000000,17582400000,577.2
888,0.831298725694082,0.26803239102143034,0.0,0.011400161777999683,1800000,18000000,17602200000,577.85
889,0.8290955607559044,0.26766558794192036,0.0018939385499511998,0.01136222450265902,1800000,18000000,17622000000,578.5
890,0.8294170551664397,0.27445262440857116,0.0007262800587930789,0.011324413474374167,1800000,18000000,17641800000,579.15
891,0.8310758943444334,0.27469269700575655,0.001959744091877756,0.011286728273022203,1800000,18000000,17661600000,579.8000000000001
892,0.8290049141079351,0.27010901625809225,0.0018542792729588163,0.011249168479878289,1800000,18000000,17681400000,580.45
893,0.8311158472811065,0.2733345099884107,0.0,0.011211733677610984,1800000,18000000,17701200000,581.1
894,0.8329379633559019,0.2631904574665689,0.0011392488351402287,0.01117442345027767,1800000,18000000,17721000000,581.75
895,0.831897249486098,0.2714700549223321,0.0009400693216703956,0.011137237383319877,1800000,18000000,17740800000,582.4
896,0.8284304790416577,0.2790167119360703,0.0008814340352235963,0.011100175063558702,1800000,18000000,17760600000,583.0500000000001
897,0.830754201263432,0.27063557392268,0.0025867063503597,0.01106323607919021,1800000,18000000,17780400000,583.7
898,0.8303664117009578,0.27253202612683847,0.0003829005701684304,0.011026420019780866,1800000,18000000,17800200000,584.35
899,0.8315229926023036,0.26332862245068156,0.0012800280115543915,0.010989726476262956,1800000,18000000,17820000000,585.0
900,0.8303742714512543,0.26927654809459595,0.0,0.010953155040930068,1800000,18000000,17839800000,585.65
901,0.8294755654500091,0.27377739327097284,0.0002066382273838859,0.010916705307432543,1800000,18000000,17859600000,586.3000000000001
902,0.8284642540544573,0.2732962548814065,0.0010615653584341517,0.010880376870772968,1800000,18000000,17879400000,586.95
903,0.8321978086950332,0.2639016934745636,0.0009034128938364397,0.010844169327301678,1800000,18000000,17899200000,587.6
904,0.8284509310045577,0.2690466778675555,0.0014997173963674107,0.010808082274712251,1800000,18000000,17919000000,588.25
905,0.8277891254898718,0.27144571094762854,0.0015332959798270525,0.010772115312037072,1800000,18000000,17938800000,588.9
906,0.8299218138708314,0.27338685751043573,0.0019378803348454095,0.010736268039642852,1800000,18000000,17958600000,589.5500000000001
907,0.8280092017476403,0.27308615553156323,0.0022530337547690777,0.010700540059226191,1800000,18000000,17978400000,590.2
908,0.8301341148534677,0.2713828661726858,0.0012726318030367749,0.010664930973809168,1800000,18000000,17998200000,590.85
909,0.8286650467612781,0.27404141177833247,0.0002661519869269983,0.010629440387734914,1800000,18000000,18018000000,591.5
910,0.8295462148528816,0.2689746570158984,0.0,0.010594067906663207,1800000,18000000,18037800000,592.15
911,0.8310800969891006,0.2741614530563157,0.001604850251437891,0.010558813137566122,1800000,18000000,18057600000,592.8000000000001
912,0.8306391306282491,0.27047733071022734,0.00016444575316605105,0.01052367568872364,1800000,18000000,18077400000,593.45
913,0.8291273785353945,0.2715360282280076,0.00021633784922234992,0.010488655169719302,1800000,18000000,18097200000,594.1
914,0.830067835473363,0.2706106261532006,0.0010777122272769117,0.010453751191435868,1800000,18000000,18117000000,594.75
915,0.8329348720836708,0.27027423299045666,0.0014322679549741558,0.010418963366051004,1800000,18000000,18136800000,595.4
916,0.8292193771779715,0.270591935706071,0.00080019990277775,0.01038429130703295,1800000,18000000,18156600000,596.0500000000001
917,0.8283613282847304,0.2700889861922533,0.0039198909165595874,0.010349734629136251,1800000,18000000,18176400000,596.7
918,0.8319252201900913,0.2653996482223102,0.001030597872789721,0.010315292948397467,1800000,18000000,18196200000,597.35
919,0.8335434105938387,0.25951251658606544,0.0030457948350634673,0.0102809658821309,1800000,18000000,18216000000,598.0
920,0.8276487534581392,0.27254198450518774,0.00196756487163082,0.010246753048924351,1800000,18000000,18235800000,598.65
921,0.8280028771169496,0.27827724108090673,0.000583716760097698,0.010212654068634879,1800000,18000000,18255600000,599.3000000000001
922,0.829964559738527,0.2695781966571554,0.0027584461004131217,0.010178668562384568,1800000,18000000,18275400000,599.95
923,0.8300579954786422,0.27231363974428363,0.0005517478693851601,0.010144796152556337,1800000,18000000,18295200000,600.6
924,0.8298128328864958,0.2725896695969492,0.0017535549216069605,0.010111036462789725,1800000,18000000,18315000000,601.25
925,0.8307146270794412,0.2679979301920806,0.0,0.010077389117976725,1800000,18000000,18334800000,601.9
926,0.8288717000826611,0.2786499296230076,0.0,0.010043853744257604,1800000,18000000,18354600000,602.5500000000001
927,0.831938744869582,0.2641370353673809,0.00028220446866684967,0.010010429969016745,1800000,18000000,18374400000,603.2
928,0.8275993449869877,0.27105474041729677,0.0006631900718849432,0.009977117420878534,1800000,18000000,18394200000,603.85
929,0.8298542365345493,0.27050553934863736,4.098505038387318e-05,0.009943915729703197,1800000,18000000,18414000000,604.5
930,0.8304775149378346,0.26555125686818454,0.0005492671328115178,0.009910824526582717,1800000,18000000,18433800000,605.15
931,0.8296903303771798,0.2707373773326275,0.0018462878975697213,0.009877843443836716,1800000,18000000,18453600000,605.8000000000001
932,0.8271756903185502,0.27083429197899483,0.0014636998288244814,0.009844972115008389,1800000,18000000,18473400000,606.45
933,0.8258842298478984,0.27365545380722833,0.0016024234810374537,0.009812210174860397,1800000,18000000,18493200000,607.1
934,0.8277400243214156,0.2778268746797324,0.000751542797020956,0.009779557259370852,1800000,18000000,18513000000,607.75
935,0.8305313422279477,0.26320397622106284,0.003996075594097985,0.00974701300572925,1800000,18000000,18532800000,608.4
936,0.8274658544023115,0.27588993215370605,0.0004935103624357502,0.009714577052332429,1800000,18000000,18552600000,609.0500000000001
937,0.8285450535320227,0.27111752583718096,0.001702834144796381,0.00968224903878058,1800000,18000000,18572400000,609.7
938,0.8295839824509038,0.27209130585268454,0.0,0.009650028605873223,1800000,18000000,18592200000,610.35
939,0.8286360833571821,0.27679957596764043,0.0,0.009617915395605208,1800000,18000000,18612000000,611.0
940,0.829198384189267,0.27236586069492086,0.00016703692407907212,0.009585909051162758,1800000,18000000,18631800000,611.65
941,0.8287624959721954,0.27212909562795307,0.0014094604339281616,0.009554009216919498,1800000,18000000,18651600000,612.3000000000001
942,0.8296043585941123,0.2718457374760288,0.002852485872528101,0.009522215538432497,1800000,18000000,18671400000,612.95
943,0.8276411581509515,0.2674554195142458,0.0014580631080838135,0.009490527662438332,1800000,18000000,18691200000,613.6
944,0.8316319138933956,0.2690381929166258,0.001191635127389216,0.00945894523684917,1800000,18000000,18711000000,614.25
945,0.8297236752683836,0.2718293531588063,0.0013042512020629304,0.009427467910748841,1800000,18000000,18730800000,614.9
946,0.8284313502928723,0.27232147989041466,0.0013317034948030118,0.009396095334388952,1800000,18000000,18750600000,615.5500000000001
947,0.8311511425867187,0.273251093323414,0.0003738634635245268,0.009364827159185005,1800000,18000000,18770400000,616.2
948,0.8268388985496051,0.2718440487504437,0.0019367836039073916,0.009333663037712504,1800000,18000000,18790200000,616.85
949,0.8298483195684118,0.26941675481305455,0.0,0.009302602623703115,1800000,18000000,18810000000,617.5
950,0.8307057803697978,0.2761761270721353,0.0012392984214388972,0.009271645572040809,1800000,18000000,18829800000,618.15
951,0.8306423152986626,0.27244193637104924,0.0013854490118327199,0.00924079153875802,1800000,18000000,18849600000,618.8000000000001
952,0.8325666433091888,0.27160057691779355,0.002305192339203041,0.009210040181031845,1800000,18000000,18869400000,619.45
953,0.8279783922986275,0.26821182646087205,0.0,0.009179391157180212,1800000,18000000,18889200000,620.1
954,0.8283785346121288,0.26876932304583634,0.0014400088136531976,0.009148844126658095,1800000,18000000,18909000000,620.75
955,0.8311033644449259,0.26675127412809563,0.0005036828531960049,0.009118398750053738,1800000,18000000,18928800000,621.4
956,0.8312054208323567,0.26670356463783995,0.0011997689472504406,0.009088054689084853,1800000,18000000,18948600000,622.0500000000001
957,0.8320243021890817,0.27225214675857085,0.0,0.009057811606594903,1800000,18000000,18968400000,622.7
958,0.8276087908342536,0.272504675853861,0.0005680850524927773,0.009027669166549323,1800000,18000000,18988200000,623.35
959,0.8314337997188779,0.27028068395879323,0.0012927807664785721,0.008997627034031805,1800000,18000000,19008000000,624.0
960,0.8284083193364852,0.26752777407116834,0.0015707455626728132,0.008967684875240566,1800000,18000000,19027800000,624.65
961,0.8301864277387486,0.2761428443557871,4.828218565533439e-05,0.00893784235748465,1800000,18000000,19047600000,625.3000000000001
962,0.8316059732559856,0.26885379214694455,0.0016011551283311278,0.008908099149180209,1800000,18000000,19067400000,625.95
963,0.830033316415056,0.2654865904696879,0.002231226274622508,0.008878454919846852,1800000,18000000,19087200000,626.6
964,0.8282375475852604,0.27173748640015377,0.0,0.008848909340103947,1800000,18000000,19107000000,627.25
965,0.8287936819972792,0.2745390488471502,0.00258266378020278,0.00881946208166697,1800000,18000000,19126800000,627.9
966,0.8318975421259297,0.2704105835095589,0.002029767275189307,0.008790112817343857,1800000,18000000,19146600000,628.5500000000001
967,0.8292658266242203,0.2712752115270509,0.0,0.008760861221031375,1800000,18000000,19166400000,629.2
968,0.8331539852328739,0.2639280417759738,0.0005214875679629709,0.008731706967711477,1800000,18000000,19186200000,629.85
969,0.8295726589977551,0.26817157839644384,0.0005041681390003574,0.008702649733447719,1800000,18000000,19206000000,630.5
970,0.8320131142217659,0.26870338886768896,0.0,0.008673689195381645,1800000,18000000,19225800000,631.15
971,0.8303369655947289,0.26789265127413425,0.0011103754900561144,0.0086448250317292,1800000,18000000,19245600000,631.8000000000001
972,0.8305273955687799,0.26700863591767904,0.0018566115064008945,0.008616056921777155,1800000,18000000,19265400000,632.45
973,0.828447978576326,0.2705388368143322,0.0022315119830849574,0.008587384545879555,1800000,18000000,19285200000,633.1
974,0.8296267940005106,0.27308846491613753,0.001412139233240576,0.00855880758545414,1800000,18000000,19305000000,633.75
975,0.8313358509619497,0.2673017649826107,0.0010952884121620099,0.008530325722978842,1800000,18000000,19324800000,634.4
976,0.8307692604080855,0.2666290814987968,0.0,0.008501938641988227,1800000,18000000,19344600000,635.0500000000001
977,0.8299069565068292,0.26894077830703234,0.0007842027509098988,0.00847364602706999,1800000,18000000,19364400000,635.7
978,0.8292154659277298,0.27166518158287206,0.0014898761533007382,0.008445447563861456,1800000,18000000,19384200000,636.35
979,0.8317016278541656,0.2664748786299172,0.0025268502447000378,0.008417342939046071,1800000,18000000,19404000000,637.0
980,0.8317798472100912,0.268554977990948,0.0006587481502970427,0.008389331840349944,1800000,18000000,19423800000,637.65
981,0.8320343961644362,0.2629684748431149,0.0,0.008361413956538348,1800000,18000000,19443600000,638.3000000000001
982,0.8281872746664963,0.270326097215488,0.002009876232920947,0.008333588977412296,1800000,18000000,19463400000,638.95
983,0.8286446117373786,0.2700655623165533,0.0,0.008305856593805061,1800000,18000000,19483200000,639.6
984,0.8298425003461001,0.2707336402369501,0.002022681752428799,0.008278216497578768,1800000,18000000,19503000000,640.25
985,0.8310614142227353,0.2702779228224735,0.0013423844769738288,0.008250668381620944,1800000,18000000,19522800000,640.9
986,0.8296115004427456,0.27209386104033867,0.001601281003201048,0.008223211939841133,1800000,18000000,19542600000,641.5500000000001
987,0.8300483345141509,0.27447339396668335,0.0022760586500253813,0.008195846867167478,1800000,18000000,19562400000,642.2
988,0.8286893654357874,0.2739484409342408,0.0,0.008168572859543331,1800000,18000000,19582200000,642.85
989,0.8309635855065962,0.2656216503868566,0.0007852604048495227,0.008141389613923886,1800000,18000000,19602000000,643.5
990,0.8261243636253103,0.276536879687049,0.0,0.008114296828272803,1800000,18000000,19621800000,644.15
991,0.8289817273043677,0.269039573361077,0.0,0.008087294201558844,1800000,18000000,19641600000,644.8000000000001
992,0.8299378390527751,0.2645662537795495,0.0019769732732921497,0.00806038143375255,1800000,18000000,19661400000,645.45
993,0.8290853641666641,0.27073862684238015,0.0005617721889291164,0.008033558225822888,1800000,18000000,19681200000,646.1
994,0.830997844352928,0.2663542525471513,0.000862837813531547,0.008006824279733942,1800000,18000000,19701000000,646.75
995,0.8326774224693577,0.2625049961386904,0.0004910953464789648,0.00798017929844159,1800000,18000000,19720800000,647.4
996,0.8321132179776694,0.2634855003370498,0.0,0.007953622985890214,1800000,18000000,19740600000,648.0500000000001
997,0.8271389407101469,0.2765705396984537,0.0,0.007927155047009393,1800000,18000000,19760400000,648.7
998,0.8289033801176963,0.27617829920951203,0.0,0.007900775187710651,1800000,18000000,19780200000,649.35
999,0.8288257440412036,0.267816752145903,0.0004992242074749699,0.007874483114884165,1800000,18000000,19800000000,650.0
