round,test_accuracy,train_objective,mfg,hfr_tau,downlink_bytes,uplink_bytes,cumulative_serialized_bytes,single_device_elapsed_seconds
0,0.4987089259195085,0.5958823022084778,0.11902145738205049,0.35,1800000,9000000,10800000,0.6000000000000001
1,0.5036493050089663,0.5969981601041598,0.11929757985093467,0.3488352756190831,1800000,9000000,21600000,1.2000000000000002
2,0.5038262574603584,0.5991356427705119,0.11856017977668572,0.34767442718926206,1800000,9000000,32400000,1.8000000000000003
3,0.5037396612469641,0.5982747667883941,0.11791419662138804,0.34651744181220884,1800000,9000000,43200000,2.4000000000000004
4,0.5035266268188197,0.5965466397331047,0.11758031234499419,0.3453643066325185,1800000,9000000,54000000,3.0000000000000004
5,0.505383933776301,0.5937544560578601,0.11885744530829165,0.3442150088375661,1800000,9000000,64800000,3.6000000000000005
6,0.5044899310898803,0.5921264779639578,0.11731773462664795,0.3430695356573643,1800000,9000000,75600000,4.200000000000001
7,0.5048921772660993,0.5958295490199801,0.11741375065192952,0.3419278743644216,1800000,9000000,86400000,4.800000000000001
8,0.5048631024047954,0.6017525041510713,0.11691544961185679,0.34079001227360073,1800000,9000000,97200000,5.4
9,0.5093072787307295,0.5886807866063553,0.11410285872679814,0.33965593674197786,1800000,9000000,108000000,6.000000000000001
10,0.5076185150103734,0.5929219215593176,0.11767141900252107,0.33852563516870204,1800000,9000000,118800000,6.600000000000001
11,0.5092306922379075,0.592518302904192,0.11335393283137675,0.3373990949948554,1800000,9000000,129600000,7.200000000000001
12,0.51324981347642,0.5868087770123355,0.11301091656948538,0.3362763037033131,1800000,9000000,140400000,7.800000000000001
13,0.5105595228474928,0.5865546120986732,0.11315542467601973,0.335157248818605,1800000,9000000,151200000,8.400000000000002
14,0.5109852201835131,0.5910497140035476,0.11389897735694708,0.3340419179067763,1800000,9000000,162000000,9.000000000000002
15,0.5131996059886288,0.584039970844133,0.11433490282447302,0.33293029857524986,1800000,9000000,172800000,9.600000000000001
16,0.51367179164824,0.586564900254001,0.11282562480680376,0.3318223784726884,1800000,9000000,183600000,10.200000000000001
17,0.5159687374384854,0.5879017611502463,0.11282328917124906,0.3307181452888571,1800000,9000000,194400000,10.8
18,0.5171764475431198,0.5854082332982863,0.11195926655612054,0.32961758675448705,1800000,9000000,205200000,11.400000000000002
19,0.5140465570867461,0.5822471163324833,0.11201662067141872,0.32852069064113865,1800000,9000000,216000000,12.000000000000002
20,0.5164550378765282,0.5838238213573586,0.10994325006566047,0.3274274447610662,1800000,9000000,226800000,12.600000000000001
21,0.5151769204853377,0.5840254496494501,0.11158403512431676,0.32633783696708185,1800000,9000000,237600000,13.200000000000003
22,0.5171950869955403,0.5868009608303155,0.10848477296994598,0.3252518551524212,1800000,9000000,248400000,13.800000000000002
23,0.5207554103503443,0.5763839122693681,0.10818660868107371,0.32416948725060846,1800000,9000000,259200000,14.400000000000002
24,0.5202486257485012,0.5817284600670523,0.10677556887935842,0.3230907212353225,1800000,9000000,270000000,15.000000000000002
25,0.5216310661115416,0.5770857067646091,0.10812203910394526,0.32201554512026315,1800000,9000000,280800000,15.600000000000001
26,0.5201440736280998,0.5828892127417328,0.10927792165269479,0.320943946959018,1800000,9000000,291600000,16.200000000000003
27,0.5219543721939751,0.5832128792333519,0.10804121697007328,0.31987591484492983,1800000,9000000,302400000,16.800000000000004
28,0.521851134822394,0.5821295721980894,0.10565205946606843,0.3188114369109642,1800000,9000000,313200000,17.400000000000002
29,0.5227050382996761,0.5750595472454152,0.1058935721313393,0.3177505013295776,1800000,9000000,324000000,18.000000000000004
30,0.5246259739748026,0.5767747275441876,0.10671535497569734,0.3166930963125858,1800000,9000000,334800000,18.6
31,0.5250616031586541,0.5713760005171216,0.1062231513535478,0.3156392101110335,1800000,9000000,345600000,19.200000000000003
32,0.528238524874107,0.5701592834686731,0.10642144481334462,0.3145888310150631,1800000,9000000,356400000,19.800000000000004
33,0.5282196652154323,0.5735994960715285,0.10507068652401695,0.3135419473537849,1800000,9000000,367200000,20.400000000000002
34,0.5262414658871937,0.5722153056855317,0.10523900169613902,0.31249854749514744,1800000,9000000,378000000,21.000000000000004
35,0.5247282770093645,0.5758775636135078,0.10503465261748277,0.3114586198458083,1800000,9000000,388800000,21.6
36,0.5271337500345803,0.5744740919296377,0.10504716139095681,0.3104221528510051,1800000,9000000,399600000,22.200000000000003
37,0.5292098920516427,0.5662645180034774,0.1040319776851237,0.3093891349944272,1800000,9000000,410400000,22.800000000000004
38,0.5301731785111439,0.570724429237436,0.10348928557853318,0.30835955479808785,1800000,9000000,421200000,23.400000000000002
39,0.5294166990993624,0.5736567369551031,0.10160826024732572,0.30733340082219646,1800000,9000000,432000000,24.000000000000004
40,0.5325407924144968,0.5698728096425686,0.10237730768026947,0.3063106616650316,1800000,9000000,442800000,24.600000000000005
41,0.5308836892830302,0.5707984113129686,0.10196441938037147,0.3052913259628144,1800000,9000000,453600000,25.200000000000003
42,0.5299876303712339,0.5739859233089407,0.10090495872432165,0.304275382389582,1800000,9000000,464400000,25.800000000000004
43,0.5336499303196256,0.5690161916150798,0.10237929337886013,0.3032628196570622,1800000,9000000,475200000,26.400000000000006
44,0.5315382030804443,0.5663363940259835,0.10166720244740299,0.3022536265145474,1800000,9000000,486000000,27.000000000000004
45,0.5366277423973435,0.5671224825636851,0.09992768590075245,0.3012477917487702,1800000,9000000,496800000,27.600000000000005
46,0.5352258763214178,0.5663174629550186,0.10000314932802735,0.30024530418377837,1800000,9000000,507600000,28.200000000000003
47,0.5346495395056525,0.5668937002624554,0.1002760323091007,0.2992461526808108,1800000,9000000,518400000,28.800000000000004
48,0.5349706256945866,0.5689703982083286,0.09885985347944,0.2982503261381739,1800000,9000000,529200000,29.400000000000006
49,0.5361101218418487,0.5641770143037095,0.10102234411802155,0.2972578134911182,1800000,9000000,540000000,30.000000000000004
50,0.5375695560155667,0.5605367070605697,0.0981087950530152,0.29626860371171493,1800000,9000000,550800000,30.600000000000005
51,0.5393153862276417,0.5659028393943385,0.09932146016222804,0.2952826858087343,1800000,9000000,561600000,31.200000000000003
52,0.5383882106580232,0.5603605490619096,0.09661525668154752,0.29430004882752275,1800000,9000000,572400000,31.800000000000004
53,0.5382915967675365,0.5670890362031121,0.09766432899663555,0.29332068184988147,1800000,9000000,583200000,32.400000000000006
54,0.5422482854085737,0.5566756701591226,0.09756815785075082,0.2923445739939452,1800000,9000000,594000000,33.00000000000001
55,0.5376555656486436,0.5626128885286031,0.09523952548037239,0.29137171441406096,1800000,9000000,604800000,33.60000000000001
56,0.5425513634963679,0.5621771988593108,0.09359736489191285,0.2904020923006678,1800000,9000000,615600000,34.2
57,0.5430753612484928,0.5562789767333013,0.09361494909372507,0.2894356968801768,1800000,9000000,626400000,34.800000000000004
58,0.5443171115330766,0.5573052154973159,0.0967642076498488,0.2884725174148511,1800000,9000000,637200000,35.400000000000006
59,0.5453104895172045,0.5536491281155286,0.09441490194364144,0.2875125432026867,1800000,9000000,648000000,36.00000000000001
60,0.5453910986706756,0.5537029890416266,0.09437515545670967,0.2865557635772936,1800000,9000000,658800000,36.60000000000001
61,0.5453478255584963,0.5499806804980734,0.09451486616825575,0.2856021679077773,1800000,9000000,669600000,37.2
62,0.5471162918926636,0.5469518960996319,0.09353332961017262,0.28465174559862044,1800000,9000000,680400000,37.800000000000004
63,0.5474951542172797,0.5507795550162738,0.09287241869486254,0.28370448608956544,1800000,9000000,691200000,38.400000000000006
64,0.5455298093670566,0.5545947569164875,0.09359577187051518,0.2827603788554969,1800000,9000000,702000000,39.00000000000001
65,0.5508021747422309,0.5495016317420076,0.09317554888893217,0.28181941340632466,1800000,9000000,712800000,39.60000000000001
66,0.5512245997129271,0.5456077540476104,0.09156202211850539,0.28088157928686747,1800000,9000000,723600000,40.2
67,0.5463766268979183,0.5561906943682463,0.09174471557384534,0.2799468660767365,1800000,9000000,734400000,40.800000000000004
68,0.5504751730758546,0.5514145899408084,0.09159222322690763,0.2790152633902198,1800000,9000000,745200000,41.400000000000006
69,0.5478475739078599,0.5470505979989941,0.0925310776850034,0.2780867608761669,1800000,9000000,756000000,42.00000000000001
70,0.5502461996661437,0.5476701920312028,0.08850176973203626,0.2771613482178736,1800000,9000000,766800000,42.60000000000001
71,0.553411663377657,0.5506636144776493,0.09037126146725227,0.27623901513296745,1800000,9000000,777600000,43.2
72,0.5544593750204532,0.5468326116511186,0.09032656902714659,0.2753197513732937,1800000,9000000,788400000,43.800000000000004
73,0.5545201388883536,0.5464602603506271,0.08903906764673906,0.274403546724801,1800000,9000000,799200000,44.400000000000006
74,0.5537552611554453,0.5448000685740626,0.08784489521712695,0.27349039100742834,1800000,9000000,810000000,45.00000000000001
75,0.5546657281705194,0.5421858616235129,0.08857671097780008,0.2725802740749917,1800000,9000000,820800000,45.60000000000001
76,0.5546950608752105,0.5440409180601871,0.08826568124263125,0.27167318581507127,1800000,9000000,831600000,46.20000000000001
77,0.5545951484562301,0.5436809865854069,0.08808437723650255,0.2707691161488994,1800000,9000000,842400000,46.800000000000004
78,0.5589673387613814,0.5412576384172539,0.08804789888835451,0.26986805503124817,1800000,9000000,853200000,47.400000000000006
79,0.5563459682020792,0.542821885241805,0.08728755048647294,0.26896999245031816,1800000,9000000,864000000,48.00000000000001
80,0.5558796041841155,0.5422111447687524,0.08803111991318142,0.26807491842762704,1800000,9000000,874800000,48.60000000000001
81,0.5576845106033752,0.542413871210863,0.08630722230418021,0.2671828230178986,1800000,9000000,885600000,49.20000000000001
82,0.5593165585871374,0.5439527490090131,0.08547760191257418,0.2662936963089525,1800000,9000000,896400000,49.800000000000004
83,0.5597415893181931,0.5341311274243838,0.08574202797587457,0.26540752842159393,1800000,9000000,907200000,50.400000000000006
84,0.5628579496549255,0.5380806232354163,0.08612694726478282,0.2645243095095039,1800000,9000000,918000000,51.00000000000001
85,0.5626760394315243,0.535882677870616,0.08645736547287582,0.26364402975912987,1800000,9000000,928800000,51.60000000000001
86,0.5638397119877251,0.5335188022974325,0.08691965915059442,0.26276667938957665,1800000,9000000,939600000,52.20000000000001
87,0.5618554816757837,0.5404760132254988,0.08649982599648766,0.2618922486524978,1800000,9000000,950400000,52.80000000000001
88,0.5648416596230552,0.5326166401830262,0.08367366552312298,0.26102072783198726,1800000,9000000,961200000,53.400000000000006
89,0.5627017689341267,0.5330457605098525,0.08404707133647554,0.2601521072444713,1800000,9000000,972000000,54.00000000000001
90,0.565336694233278,0.5387048576231973,0.083562137036462,0.25928637723860126,1800000,9000000,982800000,54.60000000000001
91,0.5638223974009723,0.5392359049914828,0.08318856910574307,0.2584235281951458,1800000,9000000,993600000,55.20000000000001
92,0.564781749305898,0.5383037742598508,0.08222431394634742,0.25756355052688457,1800000,9000000,1004400000,55.80000000000001
93,0.5634784637669996,0.5328948773678591,0.08363544936222472,0.25670643467850124,1800000,9000000,1015200000,56.400000000000006
94,0.5676954658001289,0.5292198708063517,0.0836901386749075,0.2558521711264775,1800000,9000000,1026000000,57.00000000000001
95,0.5666135350855409,0.5355998583660988,0.08117915055127131,0.2550007503789875,1800000,9000000,1036800000,57.60000000000001
96,0.5675003388948612,0.5338154111250392,0.08144405244505275,0.2541521629757918,1800000,9000000,1047600000,58.20000000000001
97,0.567014244633151,0.5343570154835428,0.08135883683479024,0.2533063994881328,1800000,9000000,1058400000,58.80000000000001
98,0.5694986947541947,0.5330425886818345,0.08188891482980468,0.2524634505186297,1800000,9000000,1069200000,59.400000000000006
99,0.5713103108666459,0.5276580267848139,0.08172426090335456,0.25162330670117417,1800000,9000000,1080000000,60.00000000000001
100,0.5696258399397958,0.5301245571161484,0.0811348520457078,0.2507859587008262,1800000,9000000,1090800000,60.60000000000001
101,0.5699561213283698,0.53029183965205,0.07896379356869085,0.24995139721371062,1800000,9000000,1101600000,61.20000000000001
102,0.570788196557446,0.5320348925675531,0.07946238960591799,0.24911961296691337,1800000,9000000,1112400000,61.80000000000001
103,0.5722454481972311,0.5247139790501016,0.08047580869337971,0.24829059671837875,1800000,9000000,1123200000,62.400000000000006
104,0.5760692470014203,0.5251204442355946,0.07871633530024592,0.24746433925680647,1800000,9000000,1134000000,63.00000000000001
105,0.5726789436522138,0.531953980963033,0.07869233826597141,0.2466408314015497,1800000,9000000,1144800000,63.60000000000001
106,0.5722058640619316,0.5265325005540499,0.07887439739561872,0.24582006400251258,1800000,9000000,1155600000,64.2
107,0.5729256665911285,0.5237750510562755,0.0756093964942185,0.24500202794004897,1800000,9000000,1166400000,64.80000000000001
108,0.5706074820537101,0.5263948368847363,0.0792099629201596,0.24418671412486084,1800000,9000000,1177200000,65.4
109,0.5750788411910304,0.5269811032318522,0.07926317053435195,0.24337411349789742,1800000,9000000,1188000000,66.00000000000001
110,0.574404544149429,0.5286730800872619,0.07798116146558516,0.24256421703025452,1800000,9000000,1198800000,66.60000000000001
111,0.5760442224029783,0.5279029091485733,0.0769980712374931,0.24175701572307412,1800000,9000000,1209600000,67.20000000000002
112,0.577934039409707,0.5236657113610346,0.07731294901220513,0.2409525006074445,1800000,9000000,1220400000,67.80000000000001
113,0.5781395642726379,0.5291597086384149,0.0767071077985518,0.24015066274430058,1800000,9000000,1231200000,68.4
114,0.5797718939917089,0.516040186568243,0.07571733518751698,0.23935149322432453,1800000,9000000,1242000000,69.00000000000001
115,0.5769228350930141,0.5249396273057355,0.07417617600509244,0.23855498316784673,1800000,9000000,1252800000,69.60000000000001
116,0.5828095587683425,0.5194090211304806,0.07485760767974058,0.23776112372474734,1800000,9000000,1263600000,70.20000000000002
117,0.5806891327894311,0.5187002277302886,0.07500120952851172,0.2369699060743576,1800000,9000000,1274400000,70.80000000000001
118,0.5818366622633204,0.5200592770218564,0.07387090328794259,0.23618132142536227,1800000,9000000,1285200000,71.4
119,0.582630723100672,0.514080688588273,0.07396102752775947,0.2353953610157015,1800000,9000000,1296000000,72.00000000000001
120,0.5833981022377001,0.5127874920594204,0.07295765716403368,0.23461201611247376,1800000,9000000,1306800000,72.60000000000001
121,0.581977633588655,0.5179152937069494,0.07486987368790783,0.23383127801183873,1800000,9000000,1317600000,73.20000000000002
122,0.5859230581771383,0.5225014048823825,0.07188216309225916,0.23305313803892064,1800000,9000000,1328400000,73.80000000000001
123,0.5852797930380559,0.5133823863543866,0.07293492268680754,0.23227758754771177,1800000,9000000,1339200000,74.4
124,0.5852443881743692,0.5166202605285869,0.07438179725538986,0.23150461792097646,1800000,9000000,1350000000,75.00000000000001
125,0.5850773084452627,0.5138841301931162,0.0721228528136795,0.2307342205701553,1800000,9000000,1360800000,75.60000000000001
126,0.5860042907216638,0.5120353924163816,0.07091403171907931,0.22996638693526986,1800000,9000000,1371600000,76.20000000000002
127,0.5847987561724342,0.5177693008156393,0.07276405903010204,0.22920110848482736,1800000,9000000,1382400000,76.80000000000001
128,0.5833309342277302,0.5192272463679496,0.07194617690026589,0.22843837671572612,1800000,9000000,1393200000,77.4
129,0.584288127725329,0.5108723987068184,0.06936567112066311,0.22767818315316077,1800000,9000000,1404000000,78.00000000000001
130,0.5872425248114372,0.5041965956050307,0.07230076697712302,0.2269205193505284,1800000,9000000,1414800000,78.60000000000001
131,0.590517568564348,0.5147960958115115,0.07086420081847851,0.2261653768893345,1800000,9000000,1425600000,79.20000000000002
132,0.586811409903513,0.5143890959164519,0.07096483348083052,0.22541274737909947,1800000,9000000,1436400000,79.80000000000001
133,0.5897140358142581,0.50760767311296,0.07295813784329509,0.22466262245726548,1800000,9000000,1447200000,80.4
134,0.589236649798001,0.5111956154113754,0.06897990630154524,0.22391499378910354,1800000,9000000,1458000000,81.00000000000001
135,0.5914595906946093,0.5088074447385067,0.06905326352083717,0.22316985306762066,1800000,9000000,1468800000,81.60000000000001
136,0.5886377786920572,0.5070126186486773,0.06957523414733635,0.22242719201346783,1800000,9000000,1479600000,82.20000000000002
137,0.5875533073570902,0.5171741986627885,0.06832740539602213,0.22168700237484795,1800000,9000000,1490400000,82.80000000000001
138,0.5924142803977083,0.5074783529203721,0.07111190230250052,0.22094927592742405,1800000,9000000,1501200000,83.4
139,0.5902087617686739,0.5064292922849536,0.06963855954038042,0.22021400447422812,1800000,9000000,1512000000,84.00000000000001
140,0.590431768116876,0.5132127605276476,0.06650345444672874,0.2194811798455696,1800000,9000000,1522800000,84.60000000000001
141,0.5949648806178673,0.5070926363693837,0.06677934367728783,0.21875079389894525,1800000,9000000,1533600000,85.20000000000002
142,0.5949453360292482,0.5021258553139683,0.06992175170236957,0.21802283851894808,1800000,9000000,1544400000,85.80000000000001
143,0.5931435387574806,0.5037488542618566,0.06598518253486883,0.21729730561717747,1800000,9000000,1555200000,86.4
144,0.5956502911994774,0.501470102783621,0.06895310382280789,0.2165741871321493,1800000,9000000,1566000000,87.00000000000001
145,0.593122549480895,0.501345249603995,0.06518705676519855,0.21585347502920627,1800000,9000000,1576800000,87.60000000000001
146,0.5976450518557953,0.5005497737144866,0.06551400139672545,0.2151351613004287,1800000,9000000,1587600000,88.20000000000002
147,0.5945561456838545,0.5016913838067117,0.06736980168527335,0.21441923796454562,1800000,9000000,1598400000,88.80000000000001
148,0.5988103364415218,0.4997154564416471,0.06558244811258712,0.21370569706684586,1800000,9000000,1609200000,89.40000000000002
149,0.5992934641724473,0.5043544373460793,0.06605877767181126,0.2129945306790899,1800000,9000000,1620000000,90.00000000000001
150,0.5989448305696213,0.5038767816579944,0.06513655197187898,0.21228573089942168,1800000,9000000,1630800000,90.60000000000001
151,0.5981862736985182,0.5003766363169115,0.06609946417229452,0.2115792898522808,1800000,9000000,1641600000,91.20000000000002
152,0.5988929545620315,0.5032890036835345,0.06739184015789097,0.21087519968831503,1800000,9000000,1652400000,91.80000000000001
153,0.5983955406231005,0.5027054139492014,0.06471158451411457,0.21017345258429304,1800000,9000000,1663200000,92.40000000000002
154,0.5994188533395884,0.5020832762529107,0.06592560848684861,0.20947404074301768,1800000,9000000,1674000000,93.00000000000001
155,0.601944676420436,0.4933892402096562,0.06495165023340495,0.20877695639323893,1800000,9000000,1684800000,93.60000000000001
156,0.6004898636726543,0.49999616637130545,0.06372234655782275,0.20808219178956802,1800000,9000000,1695600000,94.20000000000002
157,0.6022899977353398,0.49889848433032974,0.06363433242952243,0.2073897392123911,1800000,9000000,1706400000,94.80000000000001
158,0.6029691394847829,0.49873660732149105,0.06496125244613671,0.20669959096778348,1800000,9000000,1717200000,95.40000000000002
159,0.6008326144576536,0.5015781259540697,0.06464087357892431,0.20601173938742431,1800000,9000000,1728000000,96.00000000000001
160,0.6044434454056764,0.49846639396450804,0.06214149082438705,0.20532617682851112,1800000,9000000,1738800000,96.60000000000001
161,0.6020828847617153,0.49849359981008784,0.06258909244317205,0.2046428956736751,1800000,9000000,1749600000,97.20000000000002
162,0.6048268748528016,0.5001855411654742,0.06201930889403345,0.20396188833089637,1800000,9000000,1760400000,97.80000000000001
163,0.6032078624882077,0.49571327202306553,0.061883237146966516,0.2032831472334197,1800000,9000000,1771200000,98.40000000000002
164,0.6037611782494117,0.4922080217066403,0.06447971594835786,0.20260666483967038,1800000,9000000,1782000000,99.00000000000001
165,0.6066295168130065,0.495774545128037,0.06144503106127822,0.20193243363317032,1800000,9000000,1792800000,99.60000000000001
166,0.6053594523821849,0.4945216661724401,0.060679702635414494,0.20126044612245486,1800000,9000000,1803600000,100.20000000000002
167,0.6063396974403426,0.4987076237390298,0.06279689346660319,0.20059069484098904,1800000,9000000,1814400000,100.80000000000001
168,0.6078220528041021,0.4931404077926573,0.06132952558327138,0.1999231723470852,1800000,9000000,1825200000,101.40000000000002
169,0.6069662746123646,0.4946152647890975,0.06128204182596024,0.1992578712238198,1800000,9000000,1836000000,102.00000000000001
170,0.6067381119047187,0.4959204975482726,0.06102224489686905,0.19859478407895134,1800000,9000000,1846800000,102.60000000000001
171,0.6052187885244096,0.49636145012755245,0.061260092677442125,0.19793390354483797,1800000,9000000,1857600000,103.20000000000002
172,0.6087429595272913,0.4925283147949401,0.06087191178425482,0.19727522227835592,1800000,9000000,1868400000,103.80000000000001
173,0.607393743708654,0.4891409400972712,0.05925986266509605,0.1966187329608177,1800000,9000000,1879200000,104.40000000000002
174,0.6103660879537388,0.4898052716949131,0.06033608831010854,0.1959644282978907,1800000,9000000,1890000000,105.00000000000001
175,0.6088544885482469,0.49203377644718,0.059711040226711296,0.19531230101951647,1800000,9000000,1900800000,105.60000000000002
176,0.6097926332789523,0.4932321922598471,0.05999419727586841,0.1946623438798296,1800000,9000000,1911600000,106.20000000000002
177,0.6112684891679797,0.48916546026822644,0.057762667688921604,0.19401454965707748,1800000,9000000,1922400000,106.80000000000001
178,0.6113509878111245,0.4838382775882945,0.05815721233119444,0.19336891115353974,1800000,9000000,1933200000,107.40000000000002
179,0.6132945855073215,0.4883733564862997,0.059052320336980324,0.1927254211954487,1800000,9000000,1944000000,108.00000000000001
180,0.6139542515790931,0.48205265857930435,0.05711622472604037,0.19208407263290928,1800000,9000000,1954800000,108.60000000000002
181,0.6140633516557431,0.4858995042462466,0.05758577635330012,0.19144485833981967,1800000,9000000,1965600000,109.20000000000002
182,0.6173178782933464,0.4804169054865064,0.058829310788000445,0.19080777121379236,1800000,9000000,1976400000,109.80000000000001
183,0.6143372758526565,0.48918788197201996,0.058507324892649246,0.19017280417607493,1800000,9000000,1987200000,110.40000000000002
184,0.6139135102564766,0.4925933329967039,0.0581540463626486,0.1895399501714715,1800000,9000000,1998000000,111.00000000000001
185,0.6138342855141952,0.4847572901882643,0.05865334413301139,0.1889092021682644,1800000,9000000,2008800000,111.60000000000002
186,0.6160512532839659,0.484722541405235,0.055624459415222566,0.18828055315813605,1800000,9000000,2019600000,112.20000000000002
187,0.6172907992286536,0.4834328754633288,0.05686898754981554,0.18765399615609096,1800000,9000000,2030400000,112.80000000000001
188,0.6151913468340443,0.489658758879956,0.05610906192931036,0.18702952420037813,1800000,9000000,2041200000,113.40000000000002
189,0.6154762882568688,0.4886801270095008,0.05620702721067985,0.186407130352414,1800000,9000000,2052000000,114.00000000000001
190,0.6162682316637047,0.4862809983041429,0.0562873897434514,0.1857868076967049,1800000,9000000,2062800000,114.60000000000002
191,0.6176490529483804,0.4829128275745904,0.05497955080880052,0.1851685493407704,1800000,9000000,2073600000,115.20000000000002
192,0.6178480383623556,0.47908114369041666,0.05517289127165731,0.18455234841506699,1800000,9000000,2084400000,115.80000000000001
193,0.6198416155280702,0.48076003600544415,0.0560268949279774,0.18393819807291129,1800000,9000000,2095200000,116.40000000000002
194,0.6200540297539711,0.47838795905202314,0.05474906081837201,0.18332609149040435,1800000,9000000,2106000000,117.00000000000001
195,0.6184375794349419,0.4801172136290123,0.055651349801906926,0.1827160218663556,1800000,9000000,2116800000,117.60000000000002
196,0.6186706318294256,0.47833404486321107,0.05577296066869481,0.1821079824222074,1800000,9000000,2127600000,118.20000000000002
197,0.6212800310299074,0.4767625907020382,0.0545805704883389,0.1815019664019596,1800000,9000000,2138400000,118.80000000000001
198,0.6225082709501915,0.47592509779873987,0.05270684004057861,0.1808979670720947,1800000,9000000,2149200000,119.40000000000002
199,0.6224770182332646,0.4808655908431401,0.053956401354701596,0.18029597772150285,1800000,9000000,2160000000,120.00000000000001
200,0.6223312204183058,0.48003912123438774,0.05612277721701902,0.1796959916614072,1800000,9000000,2170800000,120.60000000000002
201,0.6228397474029368,0.4792286252391167,0.05261803797632662,0.17909800222528985,1800000,9000000,2181600000,121.20000000000002
202,0.6223809282366899,0.47587019044664725,0.05255477761664504,0.1785020027688176,1800000,9000000,2192400000,121.80000000000001
203,0.6226618449505787,0.47594852155897677,0.053104156805932654,0.1779079866697681,1800000,9000000,2203200000,122.40000000000002
204,0.6252210147218318,0.47708234101319485,0.05274547211376531,0.17731594732795633,1800000,9000000,2214000000,123.00000000000001
205,0.6238517377346415,0.46959166637348504,0.052982855146989555,0.1767258781651614,1800000,9000000,2224800000,123.60000000000002
206,0.6238128284840149,0.4756969151843336,0.053030922720002024,0.1761377726250531,1800000,9000000,2235600000,124.20000000000002
207,0.6252315901505098,0.4754557818075041,0.050793150871873,0.17555162417311942,1800000,9000000,2246400000,124.80000000000001
208,0.6251844596823095,0.47446596660152646,0.05084121466386221,0.17496742629659376,1800000,9000000,2257200000,125.40000000000002
209,0.6259432908694287,0.47637107471481654,0.051435770809433956,0.17438517250438257,1800000,9000000,2268000000,126.00000000000001
210,0.6248582121156276,0.46716861911228647,0.051177563552202675,0.17380485632699333,1800000,9000000,2278800000,126.60000000000002
211,0.6268370473906312,0.47846992156379475,0.052394204031684925,0.17322647131646246,1800000,9000000,2289600000,127.20000000000002
212,0.6260633833207342,0.4693260801783121,0.05156274966564536,0.17265001104628397,1800000,9000000,2300400000,127.80000000000003
213,0.6270371880310177,0.4726353530166398,0.050933532901682184,0.17207546911133778,1800000,9000000,2311200000,128.4
214,0.6295245033214802,0.47185164148897546,0.05268733018417065,0.1715028391278187,1800000,9000000,2322000000,129.00000000000003
215,0.6296352839241982,0.4699683325137259,0.05091414600846582,0.17093211473316547,1800000,9000000,2332800000,129.60000000000002
216,0.6284814037249857,0.4748505993026185,0.05002977138943325,0.1703632895859901,1800000,9000000,2343600000,130.20000000000002
217,0.6294452257001382,0.4671437687019628,0.049774904416121125,0.1697963573660072,1800000,9000000,2354400000,130.8
218,0.6319438521427193,0.4651220235616401,0.05166055697177653,0.1692313117739642,1800000,9000000,2365200000,131.4
219,0.6303018874430079,0.4684077234042394,0.05012641663466804,0.16866814653157083,1800000,9000000,2376000000,132.00000000000003
220,0.628810062120742,0.4733948406061379,0.04963223560696379,0.16810685538142978,1800000,9000000,2386800000,132.60000000000002
221,0.6305832493757716,0.47162235494967625,0.049446399472038334,0.16754743208696687,1800000,9000000,2397600000,133.20000000000002
222,0.6286705054139267,0.4718674639744274,0.0497208750039218,0.16698987043236202,1800000,9000000,2408400000,133.8
223,0.6323839825921365,0.4711523759772658,0.04932262319211816,0.16643416422248,1800000,9000000,2419200000,134.40000000000003
224,0.6336759947877943,0.46647671835784044,0.048335438581667785,0.1658803072828016,1800000,9000000,2430000000,135.00000000000003
225,0.6353663352667919,0.46244359713886185,0.049800023944617904,0.16532829345935512,1800000,9000000,2440800000,135.60000000000002
226,0.6339430819512712,0.46561023794648243,0.04858061801326859,0.16477811661864805,1800000,9000000,2451600000,136.20000000000002
227,0.6342750271658346,0.46921127963562553,0.04795617471054952,0.1642297706475986,1800000,9000000,2462400000,136.8
228,0.6331414260075378,0.4667674300906777,0.049414004933544364,0.1636832494534682,1800000,9000000,2473200000,137.40000000000003
229,0.6340256451123983,0.4654117273656145,0.04792988400890048,0.1631385469637935,1800000,9000000,2484000000,138.00000000000003
230,0.6333130155181984,0.4639016290150695,0.046937209522589354,0.162595657126319,1800000,9000000,2494800000,138.60000000000002
231,0.6359457723477169,0.4596295290721133,0.04819940654551138,0.16205457390892983,1800000,9000000,2505600000,139.20000000000002
232,0.6365027714058934,0.45975611864232907,0.04652578223985328,0.16151529129958464,1800000,9000000,2516400000,139.8
233,0.6366518519639093,0.4631492652794181,0.047880904830345496,0.1609778033062489,1800000,9000000,2527200000,140.40000000000003
234,0.6323225003734435,0.46766851777818214,0.047522689307061716,0.16044210395682823,1800000,9000000,2538000000,141.00000000000003
235,0.6368214750191589,0.46371776002939846,0.04782457918899853,0.1599081872991022,1800000,9000000,2548800000,141.60000000000002
236,0.6367329057340304,0.4599845768643779,0.04593861615473001,0.15937604740065797,1800000,9000000,2559600000,142.20000000000002
237,0.6395093311615359,0.4578425422247096,0.04608557936528313,0.15884567834882454,1800000,9000000,2570400000,142.8
238,0.638202306248346,0.4626483408283478,0.04705933538350481,0.15831707425060695,1800000,9000000,2581200000,143.40000000000003
239,0.6367117966798187,0.46836202875517957,0.04525050957167794,0.15779022923262095,1800000,9000000,2592000000,144.00000000000003
240,0.6397806086622218,0.4590282295939235,0.045833304961526156,0.15726513744102755,1800000,9000000,2602800000,144.60000000000002
241,0.6370690252866338,0.46407395146165475,0.04570848993869027,0.1567417930414681,1800000,9000000,2613600000,145.20000000000002
242,0.6416446732473794,0.45743444965657903,0.043681881233867,0.1562201902189995,1800000,9000000,2624400000,145.8
243,0.6354777208267385,0.46551102880200235,0.044433322398494214,0.15570032317802937,1800000,9000000,2635200000,146.40000000000003
244,0.6396017079265445,0.4661488558699646,0.043508721181211026,0.15518218614225202,1800000,9000000,2646000000,147.00000000000003
245,0.6406277908509282,0.4551261860036997,0.04452024080877002,0.15466577335458384,1800000,9000000,2656800000,147.60000000000002
246,0.6427316802038991,0.45279651808974203,0.0444304886182531,0.15415107907709974,1800000,9000000,2667600000,148.20000000000002
247,0.6411978072093377,0.46008941837701983,0.043536471339246034,0.15363809759096905,1800000,9000000,2678400000,148.8
248,0.6418117912132009,0.4624355793298116,0.04463247981781984,0.15312682319639226,1800000,9000000,2689200000,149.40000000000003
249,0.640137685074269,0.4627018607763432,0.04475406052430898,0.15261725021253744,1800000,9000000,2700000000,150.00000000000003
250,0.642700749860251,0.4581845289676265,0.045057301287796926,0.15210937297747737,1800000,9000000,2710800000,150.60000000000002
251,0.6422861357091978,0.4579433410568761,0.044345377231451565,0.1516031858481264,1800000,9000000,2721600000,151.20000000000002
252,0.6418200725195898,0.4576512798224945,0.04319775675422556,0.15109868320017789,1800000,9000000,2732400000,151.8
253,0.6416987356863315,0.4552701851538211,0.04425471682815976,0.15059585942804166,1800000,9000000,2743200000,152.40000000000003
254,0.6433051117669867,0.45726642356865754,0.045393327158010185,0.15009470894478177,1800000,9000000,2754000000,153.00000000000003
255,0.6434783666221895,0.45671839211188636,0.04324131337815985,0.14959522618205434,1800000,9000000,2764800000,153.60000000000002
256,0.6427442625088368,0.45903993611386534,0.04360628333191031,0.14909740559004572,1800000,9000000,2775600000,154.20000000000002
257,0.6458692946669374,0.45499875932429273,0.04376932072601317,0.14860124163741095,1800000,9000000,2786400000,154.8
258,0.646620966662869,0.4588188493953447,0.04242389790924033,0.1481067288112121,1800000,9000000,2797200000,155.40000000000003
259,0.6473340452545334,0.452665399011804,0.04113720140880439,0.14761386161685705,1800000,9000000,2808000000,156.00000000000003
260,0.6451094556233269,0.4550190937899692,0.04316074714829644,0.14712263457803865,1800000,9000000,2818800000,156.60000000000002
261,0.6466049789012182,0.45165810399109285,0.043388742362895374,0.14663304223667364,1800000,9000000,2829600000,157.20000000000002
262,0.646569144102813,0.45708603750385374,0.042009090478007355,0.14614507915284203,1800000,9000000,2840400000,157.8
263,0.648032588824235,0.4541780873404506,0.04368053454339157,0.14565873990472678,1800000,9000000,2851200000,158.40000000000003
264,0.6464816882594391,0.4512728361411092,0.040566999224749205,0.14517401908855349,1800000,9000000,2862000000,159.00000000000003
265,0.6480139065715873,0.4537491347923998,0.042588827352409875,0.14469091131853026,1800000,9000000,2872800000,159.60000000000002
266,0.6464027168111848,0.4564221841494097,0.04314382357471637,0.14420941122678804,1800000,9000000,2883600000,160.20000000000002
267,0.6497323337901558,0.451202567916094,0.043002021324970004,0.1437295134633209,1800000,9000000,2894400000,160.8
268,0.6507941067614479,0.4497003310617246,0.042220651057592505,0.1432512126959265,1800000,9000000,2905200000,161.40000000000003
269,0.6493856360828075,0.4494413001993051,0.04130060993084466,0.14277450361014693,1800000,9000000,2916000000,162.00000000000003
270,0.6509884852837925,0.4509328195357008,0.040360443232485554,0.14229938090920968,1800000,9000000,2926800000,162.60000000000002
271,0.6487715403154898,0.4530050261838326,0.03990268720695279,0.14182583931396875,1800000,9000000,2937600000,163.20000000000002
272,0.6514028889507351,0.44952302883442946,0.041612814806434875,0.14135387356284596,1800000,9000000,2948400000,163.8
273,0.6507069355922372,0.4435417150527704,0.03825974103134668,0.14088347841177257,1800000,9000000,2959200000,164.40000000000003
274,0.6514101052854774,0.4535339491788254,0.03869578126092948,0.14041464863413097,1800000,9000000,2970000000,165.00000000000003
275,0.6498555380397302,0.4508847819406778,0.04047203095762608,0.13994737902069657,1800000,9000000,2980800000,165.60000000000002
276,0.6537125368385382,0.4554318052271599,0.04041908677451343,0.13948166437957993,1800000,9000000,2991600000,166.20000000000002
277,0.6506470311617064,0.4519444601920892,0.04009115617547458,0.1390174995361692,1800000,9000000,3002400000,166.8
278,0.6550014714143817,0.4445961692167377,0.041487190675767095,0.13855487933307245,1800000,9000000,3013200000,167.40000000000003
279,0.6476095663396697,0.44984636637882,0.039915335758626234,0.13809379863006038,1800000,9000000,3024000000,168.00000000000003
280,0.6524036730629339,0.4452329996192214,0.03925173175127991,0.13763425230400939,1800000,9000000,3034800000,168.60000000000002
281,0.6563064339658876,0.4441301305033674,0.03788985223183804,0.1371762352488444,1800000,9000000,3045600000,169.20000000000002
282,0.6538943111592557,0.4441536708395553,0.039016819847724725,0.1367197423754824,1800000,9000000,3056400000,169.8
283,0.6514688434082674,0.4494449732322778,0.03807310119407692,0.13626476861177553,1800000,9000000,3067200000,170.40000000000003
284,0.6529969216841237,0.44664647223668114,0.03985349434163829,0.13581130890245519,1800000,9000000,3078000000,171.00000000000003
285,0.6563881075518943,0.44374670935189275,0.038862063740636145,0.1353593582090754,1800000,9000000,3088800000,171.60000000000002
286,0.6556599079488936,0.4464160274796417,0.038724415853158174,0.13490891150995724,1800000,9000000,3099600000,172.20000000000002
287,0.6546589404105909,0.4461674836207452,0.037677707177303434,0.13445996380013267,1800000,9000000,3110400000,172.8
288,0.6576469949526091,0.43889281850076456,0.03854125793638571,0.1340125100912892,1800000,9000000,3121200000,173.40000000000003
289,0.6558033197413966,0.4421054623559092,0.03747257917972192,0.13356654541171437,1800000,9000000,3132000000,174.00000000000003
290,0.6581433394901972,0.4434654824268167,0.03666670263082345,0.13312206480624048,1800000,9000000,3142800000,174.60000000000002
291,0.6569886017478896,0.4456689523905664,0.038108540141313964,0.1326790633361896,1800000,9000000,3153600000,175.20000000000002
292,0.6569126863728659,0.4412241657828187,0.03763244380781174,0.1322375360793185,1800000,9000000,3164400000,175.80000000000004
293,0.65616083121032,0.44213798710432234,0.03692395526714988,0.13179747812976436,1800000,9000000,3175200000,176.40000000000003
294,0.6586938123572273,0.4386357349884404,0.038651984891767494,0.13135888459798983,1800000,9000000,3186000000,177.00000000000003
295,0.6604254791671317,0.43606069479587606,0.038354779981434696,0.13092175061072892,1800000,9000000,3196800000,177.60000000000002
296,0.6606874498185362,0.43612429292779986,0.03742898537864791,0.13048607131093282,1800000,9000000,3207600000,178.20000000000002
297,0.6590237711423234,0.4406167941211897,0.03667878870786989,0.13005184185771598,1800000,9000000,3218400000,178.80000000000004
298,0.6607125828537219,0.43668091650578267,0.03663419623508979,0.1296190574263022,1800000,9000000,3229200000,179.40000000000003
299,0.6602681034970348,0.43684720980687264,0.03640662681190948,0.12918771320797112,1800000,9000000,3240000000,180.00000000000003
300,0.6610299165126194,0.4442630290624722,0.03488644164675075,0.1287578044100048,1800000,9000000,3250800000,180.60000000000002
301,0.6610241628530509,0.43578305704903064,0.03658831435458457,0.12832932625563434,1800000,9000000,3261600000,181.20000000000002
302,0.6622935227067078,0.43908395115109966,0.036312067513289005,0.12790227398398704,1800000,9000000,3272400000,181.80000000000004
303,0.6588822970263049,0.4420257325446219,0.03582395154362036,0.12747664285003316,1800000,9000000,3283200000,182.40000000000003
304,0.6614417638921581,0.43820167742681515,0.036250762840954784,0.12705242812453352,1800000,9000000,3294000000,183.00000000000003
305,0.6633625744009082,0.436720120596739,0.035268443627068595,0.1266296250939869,1800000,9000000,3304800000,183.60000000000002
306,0.6619924251967946,0.4342303299212765,0.03402379650817511,0.1262082290605774,1800000,9000000,3315600000,184.20000000000002
307,0.6630256239642066,0.43772077456198843,0.0327420577480271,0.12578823534212255,1800000,9000000,3326400000,184.80000000000004
308,0.6642422462540608,0.4339099013970244,0.03311904147243647,0.12536963927202122,1800000,9000000,3337200000,185.40000000000003
309,0.664119403376116,0.4383274052043599,0.03618452833558533,0.12495243619920157,1800000,9000000,3348000000,186.00000000000003
310,0.6627875201103276,0.43159060483729134,0.03441296426814582,0.12453662148806965,1800000,9000000,3358800000,186.60000000000002
311,0.6632495495633035,0.4328823179692193,0.03464024617013724,0.12412219051845777,1800000,9000000,3369600000,187.20000000000002
312,0.6645260600654675,0.4351609782315526,0.03479756766088081,0.12370913868557305,1800000,9000000,3380400000,187.80000000000004
313,0.6629904574927943,0.43740352193165066,0.03411628034211787,0.12329746139994645,1800000,9000000,3391200000,188.40000000000003
314,0.663720467766421,0.43692681324556126,0.03373207774452546,0.12288715408738168,1800000,9000000,3402000000,189.00000000000003
315,0.6667014022278506,0.4350648581339918,0.0345844985561046,0.12247821218890435,1800000,9000000,3412800000,189.60000000000002
316,0.6650855888226609,0.431523083824669,0.033328262914605084,0.12207063116071146,1800000,9000000,3423600000,190.20000000000002
317,0.6636197797337643,0.43363296907738563,0.033589566864794605,0.12166440647412063,1800000,9000000,3434400000,190.80000000000004
318,0.6653266556014507,0.4391943681554448,0.034399571076727385,0.12125953361552008,1800000,9000000,3445200000,191.40000000000003
319,0.6649731524207964,0.4347319069276246,0.033773250266402724,0.12085600808631838,1800000,9000000,3456000000,192.00000000000003
320,0.6690523113710325,0.425438225460492,0.031996134398560284,0.12045382540289432,1800000,9000000,3466800000,192.60000000000002
321,0.6662918830262282,0.43040214252170866,0.034654501621802766,0.12005298109654731,1800000,9000000,3477600000,193.20000000000002
322,0.6657809690461168,0.43029628046286256,0.034269702024961615,0.11965347071344763,1800000,9000000,3488400000,193.80000000000004
323,0.6679891798952178,0.43316624044635127,0.031757564461321816,0.11925528981458684,1800000,9000000,3499200000,194.40000000000003
324,0.6678767697121561,0.43361199797065725,0.03353616333043557,0.11885843397572868,1800000,9000000,3510000000,195.00000000000003
325,0.6702159400365673,0.4305474281777898,0.03197420719119259,0.11846289878735977,1800000,9000000,3520800000,195.60000000000002
326,0.6687593557147564,0.4335821242110097,0.032409630774201066,0.11806867985464056,1800000,9000000,3531600000,196.20000000000002
327,0.6696005750067711,0.425530872332507,0.03036000299143815,0.11767577279735666,1800000,9000000,3542400000,196.80000000000004
328,0.6679434716166815,0.43112542891846245,0.03277889000212844,0.11728417324987007,1800000,9000000,3553200000,197.40000000000003
329,0.6688151384533629,0.4352539647900085,0.03205213480766504,0.11689387686107064,1800000,9000000,3564000000,198.00000000000003
330,0.6687418985933296,0.42587905351392236,0.031122943281417608,0.11650487929432783,1800000,9000000,3574800000,198.60000000000002
331,0.669611072450259,0.430254560702544,0.03135747572208348,0.11611717622744248,1800000,9000000,3585600000,199.20000000000002
332,0.6719537937126838,0.429085462573209,0.03200841185670212,0.1157307633525987,1800000,9000000,3596400000,199.80000000000004
333,0.6711791583492507,0.4333197045431877,0.030272672060346822,0.11534563637631616,1800000,9000000,3607200000,200.40000000000003
334,0.6708002240989916,0.43010282270251976,0.03072944114529497,0.11496179101940228,1800000,9000000,3618000000,201.00000000000003
335,0.6692011432216696,0.4316609728892233,0.0325768746115952,0.11457922301690467,1800000,9000000,3628800000,201.60000000000002
336,0.6715042397499094,0.4272982725416774,0.03164587610165109,0.1141979281180638,1800000,9000000,3639600000,202.20000000000002
337,0.6731977355698388,0.42452180348565344,0.033311650543895614,0.11381790208626583,1800000,9000000,3650400000,202.80000000000004
338,0.6734931390968218,0.42553171814258234,0.029828581986871536,0.1134391406989953,1800000,9000000,3661200000,203.40000000000003
339,0.6748895183250005,0.42647468974409,0.030488230724323037,0.11306163974778852,1800000,9000000,3672000000,204.00000000000003
340,0.67259819438197,0.4220727664111194,0.031834722489986186,0.11268539503818656,1800000,9000000,3682800000,204.60000000000002
341,0.6732182841360361,0.43075452898865313,0.031298811122315966,0.11231040238968878,1800000,9000000,3693600000,205.20000000000002
342,0.6723864718411028,0.42805229442909487,0.031200253637919274,0.11193665763570637,1800000,9000000,3704400000,205.80000000000004
343,0.67337067043487,0.42251635228538426,0.03181983512018813,0.11156415662351593,1800000,9000000,3715200000,206.40000000000003
344,0.6725166527318662,0.4227441266719505,0.028529940315538998,0.11119289521421355,1800000,9000000,3726000000,207.00000000000003
345,0.6722782430079367,0.4295284866532503,0.030794694252261938,0.11082286928266864,1800000,9000000,3736800000,207.60000000000002
346,0.6727789018549237,0.4303241664103968,0.031621890626839164,0.11045407471747809,1800000,9000000,3747600000,208.20000000000002
347,0.6747372964727241,0.4277869462609867,0.030332804022719997,0.11008650742092078,1800000,9000000,3758400000,208.80000000000004
348,0.6742084691602992,0.4265780758044738,0.030603117881608674,0.10972016330891185,1800000,9000000,3769200000,209.40000000000003
349,0.6763598170639306,0.42438032395818953,0.031232746391595127,0.10935503831095737,1800000,9000000,3780000000,210.00000000000003
350,0.6745267890725974,0.42385936585624545,0.028261392588752064,0.10899112837010919,1800000,9000000,3790800000,210.60000000000002
351,0.6772131542421395,0.42340075909487696,0.02933918500082104,0.10862842944291975,1800000,9000000,3801600000,211.20000000000005
352,0.6756081586663648,0.4299197280339199,0.02962823045093375,0.10826693749939725,1800000,9000000,3812400000,211.80000000000004
353,0.6775677762888547,0.42498040302376466,0.029066089648940283,0.10790664852296081,1800000,9000000,3823200000,212.40000000000003
354,0.679107892876232,0.4212683243559587,0.02783302446259206,0.10754755851039594,1800000,9000000,3834000000,213.00000000000003
355,0.6761189585331565,0.4236815785170643,0.029639094218243373,0.10718966347180982,1800000,9000000,3844800000,213.60000000000002
356,0.6778756721606838,0.4229913355592444,0.028847338032709946,0.10683295943058728,1800000,9000000,3855600000,214.20000000000005
357,0.6804048501226159,0.41971838537811096,0.030118613748370323,0.10647744242334642,1800000,9000000,3866400000,214.80000000000004
358,0.6785246613828455,0.41933999791149945,0.028433047175718158,0.10612310849989458,1800000,9000000,3877200000,215.40000000000003
359,0.67995424313595,0.4134167965359137,0.028974378723166543,0.10576995372318454,1800000,9000000,3888000000,216.00000000000003
360,0.6794760227366077,0.4223085361992163,0.028767180219513907,0.10541797416927075,1800000,9000000,3898800000,216.60000000000002
361,0.6821671377616257,0.4232871326734561,0.030462072389108218,0.10506716592726555,1800000,9000000,3909600000,217.20000000000005
362,0.680311182358597,0.41673337576938285,0.029767295035506628,0.10471752509929605,1800000,9000000,3920400000,217.80000000000004
363,0.6802613285305847,0.42137640761299167,0.029509167522370584,0.10436904780046058,1800000,9000000,3931200000,218.40000000000003
364,0.6799091430021016,0.41683370444676,0.028393971868405553,0.1040217301587855,1800000,9000000,3942000000,219.00000000000003
365,0.6803102436037783,0.42292680774788166,0.028272796745503464,0.1036755683151824,1800000,9000000,3952800000,219.60000000000002
366,0.6813607626146037,0.4104231505053147,0.027620308762625452,0.10333055842340497,1800000,9000000,3963600000,220.20000000000005
367,0.6824016315396999,0.42003197278725346,0.026520054613952328,0.10298669665000641,1800000,9000000,3974400000,220.80000000000004
368,0.6791998360114987,0.42177208199488375,0.02628731396392452,0.10264397917429686,1800000,9000000,3985200000,221.40000000000003
369,0.6780162948106203,0.4282219263537019,0.026041205223622604,0.10230240218830079,1800000,9000000,3996000000,222.00000000000003
370,0.6814181909701815,0.4183129495090451,0.029172550554315096,0.10196196189671484,1800000,9000000,4006800000,222.60000000000002
371,0.6800253557178103,0.42423729892133416,0.028244372736836016,0.10162265451686568,1800000,9000000,4017600000,223.20000000000005
372,0.6792706024398606,0.4277785418716724,0.02839593903990006,0.10128447627866771,1800000,9000000,4028400000,223.80000000000004
373,0.6849626452321536,0.41379095999571275,0.025546431621062033,0.10094742342458156,1800000,9000000,4039200000,224.40000000000003
374,0.684794342385085,0.4154560944087074,0.025234275375736446,0.10061149220957201,1800000,9000000,4050000000,225.00000000000003
375,0.6810344596546862,0.4156975082916549,0.027689089996432756,0.10027667890106652,1800000,9000000,4060800000,225.60000000000002
376,0.6855232189246373,0.4196976214306221,0.026561136853735227,0.09994297977891384,1800000,9000000,4071600000,226.20000000000005
377,0.6842182717637927,0.4151583946892482,0.026414275442559042,0.09961039113534248,1800000,9000000,4082400000,226.80000000000004
378,0.6829198058333491,0.4197097938499759,0.02684166768043224,0.09927890927491963,1800000,9000000,4093200000,227.40000000000003
379,0.6812444206289597,0.41763997246354595,0.025469015584034225,0.09894853051451011,1800000,9000000,4104000000,228.00000000000003
380,0.6839386898676966,0.41934091418311464,0.02676002918485522,0.09861925118323542,1800000,9000000,4114800000,228.60000000000002
381,0.6836186934295777,0.4142281964800316,0.024296772300199995,0.09829106762243292,1800000,9000000,4125600000,229.20000000000005
382,0.6857780880371307,0.416725647277499,0.026632023802116843,0.09796397618561521,1800000,9000000,4136400000,229.80000000000004
383,0.6861939971914522,0.4173531957114531,0.025368977899691544,0.09763797323842967,1800000,9000000,4147200000,230.40000000000003
384,0.6861205849164075,0.4185854914007853,0.0252648458596643,0.09731305515861795,1800000,9000000,4158000000,231.00000000000003
385,0.6855094059694764,0.4171626857139964,0.0269147612581897,0.09698921833597579,1800000,9000000,4168800000,231.60000000000002
386,0.6852447045680067,0.4127858388838937,0.025323418112798254,0.09666645917231301,1800000,9000000,4179600000,232.20000000000005
387,0.6840801760721985,0.42189597246543264,0.026357585436516017,0.09634477408141331,1800000,9000000,4190400000,232.80000000000004
388,0.6878010250817923,0.4151585141460685,0.024870552530921065,0.09602415948899462,1800000,9000000,4201200000,233.40000000000003
389,0.6856284209224066,0.40970677607159917,0.026241916055192247,0.09570461183266925,1800000,9000000,4212000000,234.00000000000003
390,0.6861776943231389,0.41987906881561393,0.024510044544076234,0.0953861275619044,1800000,9000000,4222800000,234.60000000000002
391,0.6902841111736586,0.41256889674315383,0.025862704521049953,0.09506870313798271,1800000,9000000,4233600000,235.20000000000005
392,0.6887063721481864,0.41369079498886263,0.02525305683736646,0.09475233503396285,1800000,9000000,4244400000,235.80000000000004
393,0.6881516674095713,0.4137136053039611,0.0266240723666614,0.09443701973464037,1800000,9000000,4255200000,236.40000000000003
394,0.6899888180705481,0.4088031464129068,0.02321739645766408,0.0941227537365088,1800000,9000000,4266000000,237.00000000000003
395,0.6887421732173182,0.4122873249203724,0.02476951984427324,0.0938095335477204,1800000,9000000,4276800000,237.60000000000002
396,0.6908492885564498,0.40809044664819233,0.024887970864363763,0.09349735568804761,1800000,9000000,4287600000,238.20000000000005
397,0.6864762532125254,0.4139972537507047,0.02545634801741253,0.09318621668884443,1800000,9000000,4298400000,238.80000000000004
398,0.6874579277962716,0.41198611049770234,0.02523080883717017,0.09287611309300757,1800000,9000000,4309200000,239.40000000000003
399,0.6888981899659774,0.405171527990038,0.023948476421527958,0.09256704145493838,1800000,9000000,4320000000,240.00000000000003
400,0.6883847268737499,0.41775240027766036,0.026347498332636866,0.09225899834050437,1800000,9000000,4330800000,240.60000000000002
401,0.6915732094055892,0.40590029783546194,0.023723869368459834,0.09195198032700107,1800000,9000000,4341600000,241.20000000000005
402,0.6901446786070052,0.4050315418905999,0.02484417260737646,0.09164598400311409,1800000,9000000,4352400000,241.80000000000004
403,0.6884408496440448,0.41960754885743995,0.023948012595009505,0.09134100596888113,1800000,9000000,4363200000,242.40000000000003
404,0.6920023246192101,0.4084839590869867,0.023667324062904536,0.09103704283565418,1800000,9000000,4374000000,243.00000000000003
405,0.6865937780003263,0.413906454021574,0.023326905986990422,0.09073409122606202,1800000,9000000,4384800000,243.60000000000002
406,0.6909152701447521,0.4066929785361863,0.02395379799175211,0.09043214777397252,1800000,9000000,4395600000,244.20000000000005
407,0.6895042210776117,0.41435573600625136,0.024265185021917202,0.09013120912445531,1800000,9000000,4406400000,244.80000000000004
408,0.6904438468929173,0.40581263382501426,0.025744598441204546,0.08983127193374456,1800000,9000000,4417200000,245.40000000000003
409,0.6946656884471748,0.4038519172036598,0.021955333802238464,0.08953233286920169,1800000,9000000,4428000000,246.00000000000003
410,0.6899862428157455,0.4107625425140111,0.025044738831693884,0.08923438860927849,1800000,9000000,4438800000,246.60000000000002
411,0.6958145197345962,0.4015766061728849,0.023054472023374965,0.08893743584348009,1800000,9000000,4449600000,247.20000000000005
412,0.6918130016538517,0.40202367507642334,0.02326170544614698,0.0886414712723283,1800000,9000000,4460400000,247.80000000000004
413,0.6914304874120383,0.4119635218079612,0.025237515632385937,0.08834649160732481,1800000,9000000,4471200000,248.40000000000003
414,0.691393484211845,0.41396820484296093,0.02159285485478892,0.08805249357091477,1800000,9000000,4482000000,249.00000000000003
415,0.6924291886431332,0.41004019128267355,0.022293439703331787,0.08775947389645031,1800000,9000000,4492800000,249.60000000000002
416,0.6955021734920258,0.407296593546218,0.023453179965398453,0.0874674293281542,1800000,9000000,4503600000,250.20000000000005
417,0.6961468084508854,0.4002619718527829,0.022967039509366592,0.08717635662108388,1800000,9000000,4514400000,250.80000000000004
418,0.6939757135867335,0.4071297244925228,0.021441247637526632,0.08688625254109507,1800000,9000000,4525200000,251.40000000000003
419,0.6941255891006141,0.40050228725858195,0.022641926938850088,0.08659711386480617,1800000,9000000,4536000000,252.00000000000003
420,0.6940066894881683,0.4057081625822848,0.02264470450468229,0.08630893737956227,1800000,9000000,4546800000,252.60000000000005
421,0.6961783027535821,0.4072484844205916,0.0232768787517124,0.0860217198833994,1800000,9000000,4557600000,253.20000000000005
422,0.6953052936554153,0.4043255759394714,0.021186966198561988,0.08573545818500913,1800000,9000000,4568400000,253.80000000000004
423,0.6944899421922314,0.40749918555542164,0.02056496748755416,0.08545014910370298,1800000,9000000,4579200000,254.40000000000003
424,0.6965504803016908,0.40119785799793806,0.021251218559391404,0.08516578946937708,1800000,9000000,4590000000,255.00000000000003
425,0.6954868141141299,0.40775674233314596,0.02212769814305003,0.08488237612247704,1800000,9000000,4600800000,255.60000000000005
426,0.6955143546852358,0.40793802477977165,0.022035190541080937,0.08459990591396276,1800000,9000000,4611600000,256.20000000000005
427,0.6953026521585158,0.40292910796395964,0.021170148911880172,0.08431837570527342,1800000,9000000,4622400000,256.8
428,0.6942572542509161,0.40748903397694713,0.02070662677413452,0.08403778236829273,1800000,9000000,4633200000,257.40000000000003
429,0.6953984255662866,0.4050069861918237,0.021539340863475368,0.08375812278531408,1800000,9000000,4644000000,258.00000000000006
430,0.6956532077722737,0.4019863831808482,0.021865132768500273,0.08347939384900584,1800000,9000000,4654800000,258.6
431,0.6955576714455812,0.40636352141745824,0.02149618641615341,0.08320159246237699,1800000,9000000,4665600000,259.20000000000005
432,0.6960327401912751,0.4039616733145448,0.019437058510963095,0.08292471553874262,1800000,9000000,4676400000,259.8
433,0.6993402808972459,0.3982985488629924,0.021712458360342694,0.08264876000168955,1800000,9000000,4687200000,260.40000000000003
434,0.6923352013928167,0.40520141040303204,0.020801833700834837,0.08237372278504237,1800000,9000000,4698000000,261.00000000000006
435,0.6995973979400358,0.39917069096203406,0.02106798536027818,0.08209960083282918,1800000,9000000,4708800000,261.6
436,0.6977300078798637,0.40414116896079105,0.020407228146944314,0.08182639109924764,1800000,9000000,4719600000,262.20000000000005
437,0.6960457322352821,0.40122211491950543,0.02122409566051225,0.08155409054863126,1800000,9000000,4730400000,262.8
438,0.6997511061993663,0.4017876975448494,0.020303161250419713,0.08128269615541558,1800000,9000000,4741200000,263.40000000000003
439,0.6981758557710779,0.39823290482434287,0.01982928080678183,0.08101220490410453,1800000,9000000,4752000000,264.00000000000006
440,0.6970125328994695,0.4052246181046484,0.020172209646276862,0.080742613789237,1800000,9000000,4762800000,264.6
441,0.7005704596446386,0.40319662495012354,0.019393424473058283,0.08047391981535335,1800000,9000000,4773600000,265.20000000000005
442,0.7012413672514808,0.3993264413635146,0.020438867120606434,0.08020611999696223,1800000,9000000,4784400000,265.8
443,0.6990867393547405,0.40072406363268215,0.02019931162755827,0.07993921135850737,1800000,9000000,4795200000,266.40000000000003
444,0.7003706469170502,0.3993631238223728,0.019662859349662356,0.07967319093433445,1800000,9000000,4806000000,267.00000000000006
445,0.6988907813108992,0.39832756678184333,0.020278650465368322,0.07940805576865827,1800000,9000000,4816800000,267.6
446,0.6982766534254712,0.4053437823079138,0.01943843523252889,0.07914380291552983,1800000,9000000,4827600000,268.20000000000005
447,0.7008022598247393,0.40326562458052523,0.020163629184172645,0.07888042943880355,1800000,9000000,4838400000,268.80000000000007
448,0.7033189360008592,0.39252188995821347,0.018972670757304824,0.07861793241210478,1800000,9000000,4849200000,269.40000000000003
449,0.6991289591841008,0.39772994837130865,0.018030798105796,0.07835630891879723,1800000,9000000,4860000000,270.00000000000006
450,0.7044808683759475,0.3930016392670938,0.02066677631544278,0.07809555605195043,1800000,9000000,4870800000,270.6
451,0.7018466348054084,0.39990012168589434,0.019344451190580973,0.07783567091430767,1800000,9000000,4881600000,271.20000000000005
452,0.7005372898151041,0.3995759381142668,0.019838251381636925,0.07757665061825365,1800000,9000000,4892400000,271.80000000000007
453,0.7008796721521319,0.3982782141011559,0.021251661129338403,0.07731849228578236,1800000,9000000,4903200000,272.40000000000003
454,0.7036639975377532,0.3958735787493902,0.01721595225757083,0.07706119304846527,1800000,9000000,4914000000,273.00000000000006
455,0.7026377093132181,0.3974175742481985,0.018723153411461826,0.07680475004741931,1800000,9000000,4924800000,273.6
456,0.7018901745050773,0.4013575178579282,0.019868689189122078,0.07654916043327516,1800000,9000000,4935600000,274.20000000000005
457,0.7026923087685369,0.4006402704107416,0.02123589879996166,0.07629442136614559,1800000,9000000,4946400000,274.80000000000007
458,0.7019265790318926,0.3993915650741051,0.0191785194113569,0.0760405300155939,1800000,9000000,4957200000,275.40000000000003
459,0.7030192381192604,0.3948079080422971,0.01978032104690087,0.07578748356060247,1800000,9000000,4968000000,276.00000000000006
460,0.701409008426237,0.4030450071471983,0.020941407104338335,0.07553527918954141,1800000,9000000,4978800000,276.6
461,0.7023386678889686,0.3984557713824585,0.019361245980860607,0.07528391410013736,1800000,9000000,4989600000,277.20000000000005
462,0.7037267343322491,0.3970017496888834,0.018888744599961343,0.07503338549944227,1800000,9000000,5000400000,277.80000000000007
463,0.7043264712392927,0.3988547152924026,0.018478159334701396,0.07478369060380248,1800000,9000000,5011200000,278.40000000000003
464,0.7039301534311749,0.39769491592144285,0.01887578784107211,0.07453482663882764,1800000,9000000,5022000000,279.00000000000006
465,0.7036822403279155,0.39485594862015844,0.017467292728284664,0.07428679083936006,1800000,9000000,5032800000,279.6
466,0.7055724344433374,0.3977620780711409,0.016579429343855208,0.07403958044944386,1800000,9000000,5043600000,280.20000000000005
467,0.7044317774828316,0.3934417531140149,0.018056410392396856,0.07379319272229437,1800000,9000000,5054400000,280.80000000000007
468,0.7071923344242451,0.38853452696224017,0.017974852240988118,0.07354762492026765,1800000,9000000,5065200000,281.40000000000003
469,0.7055423930026756,0.3956616790687878,0.018136819962099027,0.07330287431483005,1800000,9000000,5076000000,282.00000000000006
470,0.7043752723937637,0.3934571385124797,0.019336176192481517,0.07305893818652787,1800000,9000000,5086800000,282.6
471,0.7064011483087242,0.3958052266757229,0.01801040342639322,0.07281581382495715,1800000,9000000,5097600000,283.20000000000005
472,0.7054766588525139,0.3975731951957602,0.01937362629348971,0.07257349852873365,1800000,9000000,5108400000,283.80000000000007
473,0.7055640886149752,0.39702108630334787,0.017033983184913438,0.07233198960546265,1800000,9000000,5119200000,284.40000000000003
474,0.7064688166777969,0.3981480927085345,0.017915187326754203,0.0720912843717092,1800000,9000000,5130000000,285.00000000000006
475,0.706787814895705,0.3957555438187349,0.018143074348297608,0.07185138015296824,1800000,9000000,5140800000,285.6
476,0.7057594397589834,0.3926533730774267,0.017315885588995716,0.07161227428363486,1800000,9000000,5151600000,286.20000000000005
477,0.7064182005637969,0.3922659264434104,0.018726315584929806,0.07137396410697469,1800000,9000000,5162400000,286.80000000000007
478,0.7070205000596168,0.39441819582519033,0.016890514888632028,0.07113644697509448,1800000,9000000,5173200000,287.40000000000003
479,0.7071010254027117,0.39045414805141826,0.01805131981713847,0.0708997202489125,1800000,9000000,5184000000,288.00000000000006
480,0.7067063770372799,0.39449385123420505,0.017278605036955493,0.07066378129812938,1800000,9000000,5194800000,288.6
481,0.707422052038904,0.39367842704059325,0.017008491767952806,0.0704286275011988,1800000,9000000,5205600000,289.20000000000005
482,0.7092601163853992,0.3913910554016327,0.01817316133829179,0.07019425624529835,1800000,9000000,5216400000,289.80000000000007
483,0.7105266371150947,0.38528675814508373,0.01693013613695533,0.06996066492630057,1800000,9000000,5227200000,290.40000000000003
484,0.708129070941247,0.3879297430217653,0.017379720057313447,0.06972785094874395,1800000,9000000,5238000000,291.00000000000006
485,0.7087225988844987,0.38907872391047643,0.02039065230019592,0.06949581172580413,1800000,9000000,5248800000,291.6
486,0.7048515169508642,0.3940301072418516,0.017636820710581452,0.06926454467926513,1800000,9000000,5259600000,292.20000000000005
487,0.709833934999747,0.3888887118262951,0.01733451365377445,0.06903404723949072,1800000,9000000,5270400000,292.80000000000007
488,0.70864469368899,0.3872171035244173,0.017222961467205977,0.06880431684539587,1800000,9000000,5281200000,293.40000000000003
489,0.7096568368104235,0.38558911520884176,0.016952244243325934,0.06857535094441827,1800000,9000000,5292000000,294.00000000000006
490,0.707000702074519,0.39235314027082024,0.016284325831590802,0.06834714699249,1800000,9000000,5302800000,294.6
491,0.7103696153159582,0.38939851245963375,0.016196202736982707,0.06811970245400925,1800000,9000000,5313600000,295.20000000000005
492,0.7106440301163186,0.3943221351845772,0.015490368666783,0.06789301480181216,1800000,9000000,5324400000,295.80000000000007
493,0.7097782496304027,0.39035170181355855,0.019160634786589734,0.06766708151714468,1800000,9000000,5335200000,296.40000000000003
494,0.7114673916735116,0.3886356635010124,0.017276037639519154,0.06744190008963466,1800000,9000000,5346000000,297.00000000000006
495,0.7094787711562576,0.3924770876397256,0.016502742035168872,0.06721746801726394,1800000,9000000,5356800000,297.6
496,0.7084574622654122,0.3942846841417965,0.017406233814408256,0.0669937828063405,1800000,9000000,5367600000,298.20000000000005
497,0.7114714910460446,0.3938992980819427,0.015732529110487465,0.0667708419714708,1800000,9000000,5378400000,298.80000000000007
498,0.7120327604374809,0.3891200201217588,0.016338923087456714,0.06654864303553219,1800000,9000000,5389200000,299.40000000000003
499,0.7070195290240685,0.39628650719689196,0.014969310286076839,0.06632718352964527,1800000,9000000,5400000000,300.00000000000006
500,0.7117057586971571,0.3930839469134944,0.01677055259486645,0.06610646099314664,1800000,9000000,5410800000,300.6
501,0.7104164332711554,0.3863673362282339,0.017032890881174455,0.06588647297356137,1800000,9000000,5421600000,301.20000000000005
502,0.7116467188043801,0.3909312101944899,0.01459547742020351,0.06566721702657587,1800000,9000000,5432400000,301.80000000000007
503,0.7131359995038032,0.3878181705487206,0.01663821739492259,0.06544869071601069,1800000,9000000,5443200000,302.40000000000003
504,0.7107105877167907,0.39149137866673644,0.015830015469998696,0.06523089161379349,1800000,9000000,5454000000,303.00000000000006
505,0.7120924691669435,0.3846189597182565,0.015905305128033134,0.06501381729993197,1800000,9000000,5464800000,303.6
506,0.7121595214183316,0.38828386049162245,0.015130971285375666,0.0647974653624871,1800000,9000000,5475600000,304.20000000000005
507,0.7143872596768678,0.3902742183202203,0.016086195366077617,0.06458183339754624,1800000,9000000,5486400000,304.80000000000007
508,0.7127748832516839,0.3848574013023561,0.015182757781419181,0.06436691900919644,1800000,9000000,5497200000,305.40000000000003
509,0.7143157555399443,0.3877352731187292,0.016965867867646513,0.06415271980949783,1800000,9000000,5508000000,306.00000000000006
510,0.7126870364044069,0.382962957993589,0.01663770057596604,0.06393923341845713,1800000,9000000,5518800000,306.6
511,0.7132976064314268,0.3843851245005282,0.014381356361431194,0.0637264574640011,1800000,9000000,5529600000,307.20000000000005
512,0.7128375476603263,0.3868206285033617,0.015988521604973403,0.06351438958195028,1800000,9000000,5540400000,307.80000000000007
513,0.710227231354448,0.38597244230488337,0.01596201165797312,0.06330302741599274,1800000,9000000,5551200000,308.40000000000003
514,0.7126830841223967,0.3871532629047884,0.015871946134805616,0.06309236861765771,1800000,9000000,5562000000,309.00000000000006
515,0.7145658286318506,0.3851834140758284,0.014276309070723985,0.06288241084628979,1800000,9000000,5572800000,309.6
516,0.714637698304589,0.37924027648359093,0.014599142461391587,0.06267315176902262,1800000,9000000,5583600000,310.20000000000005
517,0.7146216173779185,0.3898400462807472,0.014046378642544693,0.062464589060753244,1800000,9000000,5594400000,310.80000000000007
518,0.7171893784593475,0.3848554767026372,0.016508119903380636,0.06225672040411608,1800000,9000000,5605200000,311.40000000000003
519,0.714869986206783,0.38492043933750725,0.014497661553690094,0.06204954348945723,1800000,9000000,5616000000,312.00000000000006
520,0.7140209602842698,0.3868496921956551,0.016384331504396516,0.061843056014808856,1800000,9000000,5626800000,312.6
521,0.7159445106021732,0.38558881309733994,0.01532163735612691,0.06163725568586356,1800000,9000000,5637600000,313.20000000000005
522,0.7163242800383487,0.3854730950946437,0.013739701874091495,0.0614321402159489,1800000,9000000,5648400000,313.80000000000007
523,0.7182944156472174,0.3839360308016493,0.016704254197463384,0.061227707326001996,1800000,9000000,5659200000,314.40000000000003
524,0.7158277311037462,0.3850691500160246,0.01289630839178102,0.06102395474454419,1800000,9000000,5670000000,315.00000000000006
525,0.7176028192949565,0.38603052256966935,0.01498166505894782,0.060820880207655796,1800000,9000000,5680800000,315.6
526,0.7152450381579044,0.38589063273927976,0.014172839169109656,0.06061848145895099,1800000,9000000,5691600000,316.20000000000005
527,0.7154264005154796,0.38849664558824404,0.013309304079654808,0.06041675624955272,1800000,9000000,5702400000,316.80000000000007
528,0.7176447859789651,0.3847905981535934,0.017347255993544437,0.06021570233806768,1800000,9000000,5713200000,317.40000000000003
529,0.7157903166925553,0.3848699692106015,0.015934305659901008,0.06001531749056146,1800000,9000000,5724000000,318.00000000000006
530,0.7157726859916683,0.38293429356769776,0.012754126222102575,0.059815599480533686,1800000,9000000,5734800000,318.6
531,0.7165556662033743,0.38470426215889064,0.015353263433880573,0.059616546088893295,1800000,9000000,5745600000,319.20000000000005
532,0.7188266542550698,0.37791088818340574,0.012974847529923558,0.0594181551039339,1800000,9000000,5756400000,319.80000000000007
533,0.7145401797240489,0.3821480508799786,0.015100912769237354,0.059220424321309195,1800000,9000000,5767200000,320.40000000000003
534,0.7188778058780609,0.38502355432146573,0.015195815972970952,0.059023351544008416,1800000,9000000,5778000000,321.00000000000006
535,0.7160918613634422,0.38886967485330237,0.015734530576921837,0.05882693458233204,1800000,9000000,5788800000,321.6
536,0.7180757436985022,0.3828648575187381,0.015234477168464794,0.05863117125386736,1800000,9000000,5799600000,322.20000000000005
537,0.7165366762527254,0.3831986228192482,0.014146452388254451,0.05843605938346424,1800000,9000000,5810400000,322.80000000000007
538,0.7150946715820554,0.3831157247502704,0.01501460269264236,0.05824159680321103,1800000,9000000,5821200000,323.40000000000003
539,0.7182727380618065,0.3782109196249321,0.015049256809129883,0.05804778135241038,1800000,9000000,5832000000,324.00000000000006
540,0.7176348849830329,0.3835840828386815,0.013551237469711713,0.05785461087755528,1800000,9000000,5842800000,324.6
541,0.7173319501689239,0.38358550200616537,0.014121658220289676,0.05766208323230516,1800000,9000000,5853600000,325.20000000000005
542,0.7166649718539752,0.37964152503389864,0.013540937032498887,0.05747019627746195,1800000,9000000,5864400000,325.80000000000007
543,0.7204402934353402,0.3847310574929515,0.014302023411351573,0.05727894788094641,1800000,9000000,5875200000,326.40000000000003
544,0.7190517440311848,0.37903365576662645,0.013514140549252828,0.05708833591777441,1800000,9000000,5886000000,327.00000000000006
545,0.7178880693029024,0.38279549472940516,0.013135515975295149,0.05689835827003326,1800000,9000000,5896800000,327.6
546,0.7186925278743234,0.38439492305055895,0.013129251136114893,0.05670901282685826,1800000,9000000,5907600000,328.20000000000005
547,0.7177201641451209,0.37594895389875366,0.014247764257965466,0.05652029748440921,1800000,9000000,5918400000,328.80000000000007
548,0.7176600211834069,0.38403845816562104,0.013060988315450663,0.05633221014584703,1800000,9000000,5929200000,329.40000000000003
549,0.7204607522153258,0.3807242129113933,0.01210294756595813,0.05614474872131046,1800000,9000000,5940000000,330.00000000000006
550,0.7216610806399779,0.3814944643874784,0.014247216764386422,0.05595791112789286,1800000,9000000,5950800000,330.6
551,0.7204778028009152,0.379633013491128,0.01292589539988575,0.05577169528961905,1800000,9000000,5961600000,331.20000000000005
552,0.7192563589601956,0.3800103925937526,0.013627540112723054,0.05558609913742223,1800000,9000000,5972400000,331.80000000000007
553,0.7185441833040453,0.3811160460553155,0.012402158584880977,0.05540112060912105,1800000,9000000,5983200000,332.40000000000003
554,0.7193963725632744,0.38315999529152184,0.013790628937608152,0.0552167576493966,1800000,9000000,5994000000,333.00000000000006
555,0.719756669799432,0.38038381760449985,0.013770937235626822,0.05503300820976966,1800000,9000000,6004800000,333.6
556,0.7219467065366307,0.38075894288976214,0.013882868068398594,0.05484987024857791,1800000,9000000,6015600000,334.20000000000005
557,0.7212541043150771,0.376894624052089,0.013802406369217937,0.0546673417309532,1800000,9000000,6026400000,334.80000000000007
558,0.7212228718112689,0.3765266832995619,0.011960796254995668,0.054485420628799054,1800000,9000000,6037200000,335.40000000000003
559,0.7183760014368913,0.37960148401658533,0.012327940618124074,0.054304104920767995,1800000,9000000,6048000000,336.00000000000006
560,0.7197014916791316,0.3808619377784744,0.012490679442041632,0.05412339259223918,1800000,9000000,6058800000,336.6
561,0.7231750892969704,0.37736821812714816,0.013989139583850813,0.053943281635295985,1800000,9000000,6069600000,337.20000000000005
562,0.7231180177105248,0.3806875254000847,0.01277098858766808,0.05376377004870373,1800000,9000000,6080400000,337.80000000000007
563,0.7211392636728241,0.3796953935434862,0.013778772990164997,0.05358485583788735,1800000,9000000,6091200000,338.40000000000003
564,0.7230199566129587,0.37370798773663616,0.012117624817128832,0.05340653701490936,1800000,9000000,6102000000,339.00000000000006
565,0.7231562003500377,0.3750238516638255,0.014017777076436776,0.05322881159844763,1800000,9000000,6112800000,339.6
566,0.7248838830578569,0.3760603992512666,0.01255535656985014,0.05305167761377351,1800000,9000000,6123600000,340.20000000000005
567,0.7194409236641669,0.3825598172237139,0.012351227472151878,0.0528751330927298,1800000,9000000,6134400000,340.80000000000007
568,0.719481155980401,0.382172519188567,0.012765201631754867,0.052699176073708866,1800000,9000000,6145200000,341.40000000000003
569,0.7218591313438726,0.37660217092884135,0.011614800950233357,0.052523804601630926,1800000,9000000,6156000000,342.00000000000006
570,0.7211937187419285,0.38553769512772534,0.012343677684854025,0.05234901672792227,1800000,9000000,6166800000,342.6
571,0.7207835174399411,0.3799042146315184,0.012145142311927148,0.0521748105104936,1800000,9000000,6177600000,343.20000000000005
572,0.7207361829897717,0.3802051219355552,0.012713504405460587,0.052001184013718484,1800000,9000000,6188400000,343.80000000000007
573,0.7224884319736572,0.37953341207895863,0.012763784047589813,0.05182813530841186,1800000,9000000,6199200000,344.40000000000003
574,0.7221921480736051,0.3793102368232785,0.013202156376502659,0.05165566247180853,1800000,9000000,6210000000,345.00000000000006
575,0.7215074465097812,0.3799572310487299,0.012776395174537774,0.05148376358754188,1800000,9000000,6220800000,345.6
576,0.7223461364885522,0.3740025657384293,0.011575187053396361,0.05131243674562255,1800000,9000000,6231600000,346.20000000000005
577,0.7237683248309916,0.37705035319712155,0.013698192867684061,0.05114168004241717,1800000,9000000,6242400000,346.80000000000007
578,0.7253188103578639,0.3729428188860183,0.012590823716551507,0.05097149158062731,1800000,9000000,6253200000,347.40000000000003
579,0.7241281122281457,0.371624264601697,0.0129802638512596,0.050801869469268304,1800000,9000000,6264000000,348.00000000000006
580,0.7254508217076022,0.37212037783321283,0.012191759516568933,0.05063281182364827,1800000,9000000,6274800000,348.6000000000001
581,0.7248804751184965,0.3741694304572334,0.01077947583514202,0.050464316765347184,1800000,9000000,6285600000,349.20000000000005
582,0.7249231707352337,0.37329703530055647,0.010807683904704546,0.05029638242219602,1800000,9000000,6296400000,349.80000000000007
583,0.7237585345140636,0.3739135910263664,0.012402194514768993,0.05012900692825588,1800000,9000000,6307200000,350.40000000000003
584,0.727880194510207,0.376335970059532,0.011233352782526186,0.049962188423797335,1800000,9000000,6318000000,351.00000000000006
585,0.726734103044946,0.37783505327425954,0.008832435450189855,0.04979592505527975,1800000,9000000,6328800000,351.6000000000001
586,0.7252332879843474,0.37186681123353355,0.011919973820688816,0.04963021497533063,1800000,9000000,6339600000,352.20000000000005
587,0.7250631737015808,0.3710798988559922,0.010857294910177217,0.04946505634272516,1800000,9000000,6350400000,352.80000000000007
588,0.7262682845138841,0.3717545256658496,0.01178690833966351,0.04930044732236575,1800000,9000000,6361200000,353.40000000000003
589,0.7244813293341366,0.37992962714567813,0.012048075206608399,0.04913638608526156,1800000,9000000,6372000000,354.00000000000006
590,0.7272316140373233,0.371496438071816,0.010905918870223325,0.04897287080850829,1800000,9000000,6382800000,354.6000000000001
591,0.725054177107539,0.37145187464251495,0.012010686799391402,0.048809899675267825,1800000,9000000,6393600000,355.20000000000005
592,0.7240640018081035,0.37975738937651876,0.010530685711429205,0.04864747087474814,1800000,9000000,6404400000,355.80000000000007
593,0.7289382456272435,0.3717494208607252,0.010362080905410019,0.048485582602183115,1800000,9000000,6415200000,356.40000000000003
594,0.726517284757101,0.371764027437091,0.010643941675285061,0.048324233058812484,1800000,9000000,6426000000,357.00000000000006
595,0.7273494005941136,0.3750507011785947,0.011282264163407874,0.04816342045186189,1800000,9000000,6436800000,357.6000000000001
596,0.7287165334479376,0.3724992772752682,0.009550410928704105,0.04800314299452295,1800000,9000000,6447600000,358.20000000000005
597,0.7281472551728327,0.3706476730770724,0.012579608770043478,0.047843398905933344,1800000,9000000,6458400000,358.80000000000007
598,0.7277061979525091,0.3734671573858205,0.010715759277444947,0.04768418641115714,1800000,9000000,6469200000,359.40000000000003
599,0.7269032095830519,0.376466845882469,0.011059263498407851,0.04752550374116498,1800000,9000000,6480000000,360.00000000000006
600,0.7250971562404388,0.3814317180826363,0.011584769939304365,0.04736734913281444,1800000,9000000,6490800000,360.6000000000001
601,0.7281267427558205,0.3713039499057519,0.011702147658142457,0.047209720828830466,1800000,9000000,6501600000,361.20000000000005
602,0.7263354413298777,0.3762646142056717,0.009867879301747944,0.047052617077785845,1800000,9000000,6512400000,361.80000000000007
603,0.7272229109434831,0.37006091625409915,0.010175854809444352,0.04689603613408174,1800000,9000000,6523200000,362.40000000000003
604,0.7279235718594176,0.37053421275571613,0.009884269266923634,0.04673997625792825,1800000,9000000,6534000000,363.00000000000006
605,0.7290460738008762,0.3716981230609951,0.01136443543520337,0.046584435715325154,1800000,9000000,6544800000,363.6000000000001
606,0.7285993785751902,0.3722684653987317,0.010611705797651822,0.0464294127780426,1800000,9000000,6555600000,364.20000000000005
607,0.7271711496064611,0.36976135742270866,0.00929663502069687,0.04627490572360191,1800000,9000000,6566400000,364.80000000000007
608,0.7294514762001836,0.3696529170157921,0.009989605501637583,0.04612091283525647,1800000,9000000,6577200000,365.40000000000003
609,0.7269775735617381,0.36920643939631553,0.011821255611167234,0.04596743240197259,1800000,9000000,6588000000,366.00000000000006
610,0.7279292143217526,0.37260737344451805,0.010161707314967997,0.04581446271841051,1800000,9000000,6598800000,366.6000000000001
611,0.7292933234707024,0.3714510615763416,0.011442087900549265,0.04566200208490554,1800000,9000000,6609600000,367.20000000000005
612,0.728558152006581,0.37562164973905415,0.00887646239939833,0.04551004880744906,1800000,9000000,6620400000,367.80000000000007
613,0.7264229451687844,0.37281994641688965,0.010690958423116011,0.045358601197669775,1800000,9000000,6631200000,368.40000000000003
614,0.7306584332304338,0.3694565468576275,0.009577354520021583,0.045207657572814884,1800000,9000000,6642000000,369.00000000000006
615,0.7243738046674479,0.37845938328043877,0.011124046044850113,0.04505721625573148,1800000,9000000,6652800000,369.6000000000001
616,0.7301514537677275,0.37332548349658834,0.009737818042236963,0.044907275574847784,1800000,9000000,6663600000,370.20000000000005
617,0.7298648467738962,0.3720288776564796,0.009141494220796615,0.04475783386415471,1800000,9000000,6674400000,370.80000000000007
618,0.7299712410965522,0.37397189740809006,0.010536616239687054,0.04460888946318726,1800000,9000000,6685200000,371.40000000000003
619,0.7300078414299132,0.3716070802310476,0.00861060289946598,0.04446044071700611,1800000,9000000,6696000000,372.00000000000006
620,0.7300828091910185,0.37127384464425145,0.010966984856889675,0.04431248597617924,1800000,9000000,6706800000,372.6000000000001
621,0.7304561306733997,0.36800764063601665,0.011345233359783071,0.04416502359676357,1800000,9000000,6717600000,373.20000000000005
622,0.7297179845224856,0.3663148038552768,0.008068912165160104,0.04401805194028666,1800000,9000000,6728400000,373.80000000000007
623,0.7279314809511725,0.3760265932906695,0.009914747606202064,0.0438715693737286,1800000,9000000,6739200000,374.40000000000003
624,0.7310748183322037,0.36773823925704463,0.012165210611372478,0.04372557426950384,1800000,9000000,6750000000,375.00000000000006
625,0.7300790581682371,0.3747869938892319,0.008894278785120897,0.043580065005443036,1800000,9000000,6760800000,375.6000000000001
626,0.7311873568915722,0.3702602226916991,0.009830660717562742,0.04343503996477511,1800000,9000000,6771600000,376.20000000000005
627,0.7324795271029978,0.37097346837638817,0.009590359076772017,0.04329049753610919,1800000,9000000,6782400000,376.80000000000007
628,0.7277283169617735,0.37513275640967575,0.008666663059071805,0.04314643611341682,1800000,9000000,6793200000,377.40000000000003
629,0.7316866512887419,0.36800152664590274,0.0094674078507184,0.04300285409601406,1800000,9000000,6804000000,378.00000000000006
630,0.727917134832897,0.37900998188289314,0.009079280631303466,0.042859749888543665,1800000,9000000,6814800000,378.6000000000001
631,0.7303164419742768,0.37203036693561164,0.008289723053720726,0.04271712190095742,1800000,9000000,6825600000,379.20000000000005
632,0.7290303141652625,0.37068338807769974,0.009659000832715661,0.04257496854849846,1800000,9000000,6836400000,379.80000000000007
633,0.7318569835460277,0.3682470152345761,0.00944906263065429,0.04243328825168358,1800000,9000000,6847200000,380.40000000000003
634,0.7320677941111138,0.37108057155183,0.009298205355993294,0.042292079436285844,1800000,9000000,6858000000,381.00000000000006
635,0.7323128481362866,0.36927250226355046,0.009443942728333368,0.04215134053331695,1800000,9000000,6868800000,381.6000000000001
636,0.7328045662372067,0.3663530705449902,0.00945914006550202,0.04201106997900985,1800000,9000000,6879600000,382.20000000000005
637,0.7329139740239651,0.36369472328061453,0.008801103018290474,0.0418712662148014,1800000,9000000,6890400000,382.80000000000007
638,0.7328470923780179,0.37480813668132335,0.008625733360274834,0.04173192768731502,1800000,9000000,6901200000,383.40000000000003
639,0.7289374443092822,0.3720833645870812,0.010951274163427204,0.04159305284834337,1800000,9000000,6912000000,384.00000000000006
640,0.7344673469412782,0.3691206895232754,0.008754512368320234,0.041454640154831295,1800000,9000000,6922800000,384.6000000000001
641,0.729213911193342,0.37894915285681646,0.007790402206186772,0.041316688068858534,1800000,9000000,6933600000,385.20000000000005
642,0.7303011971517216,0.3729468217223147,0.009683273805170159,0.041179195057622714,1800000,9000000,6944400000,385.80000000000007
643,0.7316850362140653,0.36329629113054257,0.009750914870850766,0.0410421595934223,1800000,9000000,6955200000,386.40000000000003
644,0.7320383444563526,0.36953416969193636,0.008382573762920046,0.040905580153639626,1800000,9000000,6966000000,387.00000000000006
645,0.7325466212550479,0.3630240982464012,0.00947354423507899,0.040769455220723935,1800000,9000000,6976800000,387.6000000000001
646,0.7335342187394949,0.3658078071164766,0.00853805692776368,0.04063378328217458,1800000,9000000,6987600000,388.20000000000005
647,0.732467421883124,0.363838129942579,0.0074977867483418765,0.04049856283052418,1800000,9000000,6998400000,388.80000000000007
648,0.7348865037168377,0.3678263218654886,0.007960775635181402,0.040363792363321875,1800000,9000000,7009200000,389.40000000000003
649,0.7344308855886478,0.3667705268379544,0.008354269046391187,0.04022947038311665,1800000,9000000,7020000000,390.00000000000006
650,0.7326141466074831,0.36675533754601997,0.008405706001821263,0.0400955953974407,1800000,9000000,7030800000,390.6000000000001
651,0.7347830895914439,0.36616300423334497,0.008328527818319985,0.03996216591879277,1800000,9000000,7041600000,391.20000000000005
652,0.7369092342765611,0.3663023395744649,0.009800159346895704,0.03982918046462173,1800000,9000000,7052400000,391.80000000000007
653,0.7335356600953212,0.36475080609797017,0.007999133519393957,0.039696637557310066,1800000,9000000,7063200000,392.40000000000003
654,0.7346051406727359,0.3629119856868815,0.00890972349328791,0.03956453572415745,1800000,9000000,7074000000,393.00000000000006
655,0.7323567790076406,0.3692174350748271,0.008483096937351981,0.039432873497364365,1800000,9000000,7084800000,393.6000000000001
656,0.7325401744211046,0.36595421721025984,0.007713252529924053,0.03930164941401582,1800000,9000000,7095600000,394.20000000000005
657,0.7348659718230697,0.36543628600338884,0.008621140160888273,0.03917086201606511,1800000,9000000,7106400000,394.80000000000007
658,0.7316682212395613,0.3672067663007854,0.008335191713554756,0.03904050985031756,1800000,9000000,7117200000,395.40000000000003
659,0.7347104685017222,0.36442075158153764,0.0091707860415777,0.03891059146841445,1800000,9000000,7128000000,396.00000000000006
660,0.7346029185645172,0.36521233482472243,0.007034046300577069,0.03878110542681685,1800000,9000000,7138800000,396.6000000000001
661,0.7397123227474458,0.36050132630468373,0.007868451734827387,0.03865205028678966,1800000,9000000,7149600000,397.20000000000005
662,0.7354334476038606,0.36302682280568255,0.007665179384592266,0.03852342461438552,1800000,9000000,7160400000,397.80000000000007
663,0.7379250411350468,0.353811554224974,0.007411858770623794,0.03839522698042899,1800000,9000000,7171200000,398.40000000000003
664,0.735578516438912,0.3637554218384119,0.007652858448949277,0.03826745596050058,1800000,9000000,7182000000,399.00000000000006
665,0.7356224955091334,0.3674094833334359,0.007548247041597823,0.03814011013492099,1800000,9000000,7192800000,399.6000000000001
666,0.7345678455668732,0.3616501654691876,0.009279376863311822,0.038013188088735286,1800000,9000000,7203600000,400.20000000000005
667,0.7350257859319868,0.3656371714072581,0.007704364785066208,0.03788668841169722,1800000,9000000,7214400000,400.80000000000007
668,0.7353210713648951,0.3636624921032767,0.008165853300955176,0.03776060969825349,1800000,9000000,7225200000,401.40000000000003
669,0.7409208321867725,0.3601675544083795,0.008157953311311576,0.03763495054752823,1800000,9000000,7236000000,402.00000000000006
670,0.7364653360517263,0.3632447154534541,0.007124366983571357,0.037509709563307354,1800000,9000000,7246800000,402.6000000000001
671,0.7328084643291932,0.36225653046109874,0.0068007575566862944,0.03738488535402309,1800000,9000000,7257600000,403.20000000000005
672,0.7348157194860593,0.3680044098018821,0.0078329380827528,0.03726047653273848,1800000,9000000,7268400000,403.80000000000007
673,0.734106025109461,0.3668129237382846,0.007406078514341051,0.03713648171713203,1800000,9000000,7279200000,404.40000000000003
674,0.736116640814559,0.36285681699620775,0.009322001172099819,0.03701289952948227,1800000,9000000,7290000000,405.00000000000006
675,0.7367062950918252,0.36410995229607734,0.004625231012270983,0.036889728596652516,1800000,9000000,7300800000,405.6000000000001
676,0.7354423671066823,0.3676713852362781,0.008225166094562008,0.03676696755007558,1800000,9000000,7311600000,406.20000000000005
677,0.73612451845519,0.3641126259010428,0.008311583087617352,0.03664461502573857,1800000,9000000,7322400000,406.80000000000007
678,0.7352108584115603,0.36551092543934005,0.006963827137265597,0.03652266966416776,1800000,9000000,7333200000,407.40000000000003
679,0.7375545752277658,0.365849623349848,0.00794557646039401,0.0364011301104134,1800000,9000000,7344000000,408.00000000000006
680,0.7352317420846856,0.3632750306528458,0.008030551743610285,0.03627999501403475,1800000,9000000,7354800000,408.6000000000001
681,0.7342507320101943,0.363032524029483,0.007758517827296186,0.036159263029085065,1800000,9000000,7365600000,409.20000000000005
682,0.7405275552023144,0.3564002356909771,0.006920080520913487,0.036038932814096605,1800000,9000000,7376400000,409.80000000000007
683,0.7371271588308485,0.3672526651204253,0.0093850892932184,0.035919003032065744,1800000,9000000,7387200000,410.40000000000003
684,0.7356540532776926,0.3584994532229091,0.0075481332144153495,0.035799472350438115,1800000,9000000,7398000000,411.00000000000006
685,0.738227374264881,0.3598879296942353,0.006970602868162365,0.03568033944109379,1800000,9000000,7408800000,411.6000000000001
686,0.7389733593167918,0.3660279038203334,0.009786773312164439,0.035561602980332556,1800000,9000000,7419600000,412.20000000000005
687,0.7374151681426107,0.3591378878775688,0.006495042902452314,0.035443261648859185,1800000,9000000,7430400000,412.80000000000007
688,0.7408332040751439,0.3548686677688297,0.008222572265500945,0.03532531413176878,1800000,9000000,7441200000,413.40000000000003
689,0.739664479838124,0.3649648230658041,0.008102477820493621,0.035207759118532155,1800000,9000000,7452000000,414.00000000000006
690,0.7367542531711446,0.3622286157853368,0.007388199909135145,0.03509059530298131,1800000,9000000,7462800000,414.6000000000001
691,0.7396411589819114,0.3643103591722848,0.005495029336323397,0.03497382138329483,1800000,9000000,7473600000,415.20000000000005
692,0.7394908524661999,0.36405137299220236,0.007326800146006568,0.03485743606198353,1800000,9000000,7484400000,415.80000000000007
693,0.737446601363396,0.36575451213308374,0.006096462176440195,0.034741438045875976,1800000,9000000,7495200000,416.40000000000003
694,0.7372863678688232,0.3579776209170434,0.00825019626692608,0.03462582604610413,1800000,9000000,7506000000,417.00000000000006
695,0.7404705352531954,0.35957617077617543,0.008462321988860691,0.034510598778089034,1800000,9000000,7516800000,417.6000000000001
696,0.7389824065038618,0.36201907546889023,0.007039800664519118,0.03439575496152654,1800000,9000000,7527600000,418.20000000000005
697,0.7389864558948269,0.3619152396460956,0.007584086806382166,0.034281293320373024,1800000,9000000,7538400000,418.80000000000007
698,0.7406953760136529,0.36155074662396336,0.008257724704374919,0.0341672125828313,1800000,9000000,7549200000,419.40000000000003
699,0.7399570351661263,0.35955836973686056,0.005403291952778556,0.034053511481336465,1800000,9000000,7560000000,420.00000000000006
700,0.7392771500147953,0.36419674140319835,0.008301853542779533,0.03394018875254177,1800000,9000000,7570800000,420.6000000000001
701,0.7418049106275716,0.3581063558570269,0.007071332646861993,0.03382724313730462,1800000,9000000,7581600000,421.20000000000005
702,0.7389953088989994,0.3541614199980224,0.00661227165244647,0.03371467338067256,1800000,9000000,7592400000,421.80000000000007
703,0.7419223826390636,0.3594853506865169,0.007399000398880124,0.03360247823186937,1800000,9000000,7603200000,422.4000000000001
704,0.7403682165552747,0.35872976111183014,0.008790716385174712,0.03349065644428111,1800000,9000000,7614000000,423.00000000000006
705,0.7382330577419399,0.36032372078635583,0.007741038623239171,0.033379206775442365,1800000,9000000,7624800000,423.6000000000001
706,0.739524070621148,0.3601502912057088,0.008046522187601051,0.03326812798702229,1800000,9000000,7635600000,424.20000000000005
707,0.7393400601692748,0.35759929790826245,0.007096479497026783,0.033157418844811035,1800000,9000000,7646400000,424.80000000000007
708,0.7371808555635309,0.3631135040387863,0.0086033919339226,0.03304707811870582,1800000,9000000,7657200000,425.4000000000001
709,0.7378042515298414,0.3605400034617159,0.006533699042140193,0.032937104582697475,1800000,9000000,7668000000,426.00000000000006
710,0.7389921646964922,0.36057899186619197,0.0057486815670868,0.03282749701485669,1800000,9000000,7678800000,426.6000000000001
711,0.7391389793736742,0.3651096742641852,0.005714628114702723,0.03271825419732046,1800000,9000000,7689600000,427.20000000000005
712,0.7417065171716986,0.3570101008160512,0.0057346208006157535,0.03260937491627859,1800000,9000000,7700400000,427.80000000000007
713,0.7408179212644047,0.3611267202688971,0.00781556483414555,0.03250085796196018,1800000,9000000,7711200000,428.4000000000001
714,0.7402816218728492,0.3569465064014659,0.0075121935283444,0.03239270212862015,1800000,9000000,7722000000,429.00000000000006
715,0.7385170620937176,0.3690410044516577,0.0063185841165744674,0.03228490621452591,1800000,9000000,7732800000,429.6000000000001
716,0.741201842025698,0.3602082140651757,0.007007607993341728,0.032177469021943995,1800000,9000000,7743600000,430.20000000000005
717,0.7401879367919311,0.36097357183211515,0.00669078866835587,0.032070389357126694,1800000,9000000,7754400000,430.80000000000007
718,0.742216411197316,0.3573052110018298,0.00874078896211254,0.03196366603029886,1800000,9000000,7765200000,431.4000000000001
719,0.7395751926504939,0.3551191491926969,0.005722911770638945,0.031857297855644666,1800000,9000000,7776000000,432.00000000000006
720,0.7422467684439518,0.35902809385903717,0.006001413112555784,0.03175128365129438,1800000,9000000,7786800000,432.6000000000001
721,0.7387475946827488,0.36237022852034795,0.006090346022929524,0.03164562223931132,1800000,9000000,7797600000,433.20000000000005
722,0.7409903999375965,0.35825450297892825,0.004959503747609848,0.03154031244567872,1800000,9000000,7808400000,433.80000000000007
723,0.7402459460816814,0.35754127013346654,0.0068164685050578705,0.03143535310028667,1800000,9000000,7819200000,434.4000000000001
724,0.7410155412989313,0.36297220608621356,0.007370027209878067,0.03133074303691914,1800000,9000000,7830000000,435.00000000000006
725,0.7409257742078954,0.3580251451195716,0.008133019935268403,0.031226481093241037,1800000,9000000,7840800000,435.6000000000001
726,0.7410927517957046,0.36164829116052005,0.006438951255777183,0.03112256611078522,1800000,9000000,7851600000,436.20000000000005
727,0.7404463832337557,0.35712011884305356,0.007698723340953214,0.03101899693493971,1800000,9000000,7862400000,436.80000000000007
728,0.7426533829213137,0.3553946312687277,0.0066886420305216025,0.03091577241493482,1800000,9000000,7873200000,437.4000000000001
729,0.7401458706087578,0.3610116069525141,0.006326806603289929,0.03081289140383039,1800000,9000000,7884000000,438.00000000000006
730,0.7443218685648443,0.3524142725086267,0.006526840611511746,0.030710352758503014,1800000,9000000,7894800000,438.6000000000001
731,0.7419560776248841,0.35538886125242514,0.007472841298348439,0.030608155339633344,1800000,9000000,7905600000,439.20000000000005
732,0.7420297547753435,0.3566780497114602,0.007291137974275434,0.030506298011693453,1800000,9000000,7916400000,439.80000000000007
733,0.7419739446049128,0.3577164590468826,0.007868684474007579,0.03040477964293421,1800000,9000000,7927200000,440.4000000000001
734,0.7437737157302647,0.3568561414589638,0.006930676085939646,0.030303599105372694,1800000,9000000,7938000000,441.00000000000006
735,0.743618567656161,0.3588519432909365,0.0050436833328368815,0.030202755274779673,1800000,9000000,7948800000,441.6000000000001
736,0.7417791667216239,0.3588932594915244,0.005702332287999677,0.030102247030667106,1800000,9000000,7959600000,442.20000000000005
737,0.7427621152753221,0.35564840478925125,0.005714221962204441,0.030002073256275682,1800000,9000000,7970400000,442.80000000000007
738,0.7435771875358194,0.3526610664003424,0.0064106322817830234,0.02990223283856243,1800000,9000000,7981200000,443.4000000000001
739,0.7454636731550166,0.356497348838493,0.008443380990586866,0.02980272466818835,1800000,9000000,7992000000,444.00000000000006
740,0.7434861364630858,0.35725124300042954,0.0063517534988130385,0.02970354763950609,1800000,9000000,8002800000,444.6000000000001
741,0.7433926735404288,0.35658752414513506,0.005597021476536507,0.02960470065054764,1800000,9000000,8013600000,445.20000000000005
742,0.7459765046311957,0.3514016397239801,0.004605747518878016,0.029506182603012115,1800000,9000000,8024400000,445.80000000000007
743,0.741182822187809,0.3627426076755008,0.00474992330200377,0.029407992402253506,1800000,9000000,8035200000,446.4000000000001
744,0.7429291639621228,0.3625014634680166,0.007349261551222491,0.029310128957268585,1800000,9000000,8046000000,447.00000000000006
745,0.7436341536677185,0.35877789063047955,0.0067510556654208605,0.02921259118068473,1800000,9000000,8056800000,447.6000000000001
746,0.7471899147466706,0.3524817520686859,0.0069427950247040295,0.029115377988747873,1800000,9000000,8067600000,448.20000000000005
747,0.7433220986236492,0.3584910752684562,0.008335167030197408,0.02901848830131043,1800000,9000000,8078400000,448.80000000000007
748,0.7442908828812705,0.3621388759377242,0.006553808458367412,0.02892192104181934,1800000,9000000,8089200000,449.4000000000001
749,0.7421989859638135,0.3569229663732272,0.007134836906841493,0.028825675137304024,1800000,9000000,8100000000,450.00000000000006
750,0.7437215626980705,0.35468409235432213,0.004656083300703986,0.02872974951836458,1800000,9000000,8110800000,450.6000000000001
751,0.7450631269546717,0.35396049333473767,0.004963565270348987,0.028634143119159794,1800000,9000000,8121600000,451.20000000000005
752,0.7426029433891295,0.359862490969191,0.0050617673711012175,0.02853885487739537,1800000,9000000,8132400000,451.80000000000007
753,0.7470308950215407,0.3545707033291282,0.006074870130359931,0.028443883734312093,1800000,9000000,8143200000,452.4000000000001
754,0.7452542729738113,0.3563403146556506,0.007747622634251142,0.028349228634674047,1800000,9000000,8154000000,453.00000000000006
755,0.744384175800721,0.3546414253936671,0.005827775930406498,0.028254888526756925,1800000,9000000,8164800000,453.6000000000001
756,0.7434543845864722,0.35793355106072855,0.004273195517954969,0.02816086236233635,1800000,9000000,8175600000,454.20000000000005
757,0.745532983683517,0.3484837874792695,0.004491069646748867,0.028067149096676187,1800000,9000000,8186400000,454.80000000000007
758,0.7450262476566588,0.35827274781060986,0.006886296389470887,0.027973747688516962,1800000,9000000,8197200000,455.4000000000001
759,0.7443189498894214,0.35689705138580485,0.007120370443635292,0.02788065710006431,1800000,9000000,8208000000,456.00000000000006
760,0.7457001562007285,0.35504314001522647,0.005610877838940522,0.027787876296977376,1800000,9000000,8218800000,456.6000000000001
761,0.7457668081024602,0.35336896440020754,0.006483565199181104,0.0276954042483574,1800000,9000000,8229600000,457.20000000000005
762,0.7463271291188821,0.3545649277418394,0.00469826924311349,0.027603239926736228,1800000,9000000,8240400000,457.80000000000007
763,0.7459584543772326,0.34798978186189744,0.00598970922363864,0.027511382308064894,1800000,9000000,8251200000,458.4000000000001
764,0.7486475358742108,0.3496313480857438,0.007895364226936952,0.02741983037170224,1800000,9000000,8262000000,459.00000000000006
765,0.7447114895829893,0.35638461494350876,0.007144533763074359,0.02732858310040361,1800000,9000000,8272800000,459.6000000000001
766,0.7461353239273438,0.35008026680236265,0.0058241297632337765,0.027237639480309456,1800000,9000000,8283600000,460.20000000000005
767,0.7463482621247415,0.35049159061746693,0.005395812409216639,0.0271469985009342,1800000,9000000,8294400000,460.80000000000007
768,0.7440753432567162,0.3601103845501534,0.005559391588246937,0.027056659155154907,1800000,9000000,8305200000,461.4000000000001
769,0.7467371686710282,0.3520688937742783,0.0055160021420558175,0.026966620439200145,1800000,9000000,8316000000,462.00000000000006
770,0.7476248268976007,0.3554284448913009,0.0036768436641557815,0.02687688135263881,1800000,9000000,8326800000,462.6000000000001
771,0.7473883917761754,0.3486279823266353,0.005407465494711961,0.026787440898369028,1800000,9000000,8337600000,463.20000000000005
772,0.745617921629893,0.3440943217743527,0.0064349447266127,0.02669829808260703,1800000,9000000,8348400000,463.80000000000007
773,0.748233185174963,0.3521446242072354,0.00604423233575134,0.026609451914876178,1800000,9000000,8359200000,464.4000000000001
774,0.7480060238241527,0.3505434251661696,0.005140950652701929,0.026520901407995918,1800000,9000000,8370000000,465.00000000000006
775,0.7475945270148516,0.3540237302494226,0.0057230584585569785,0.026432645578070815,1800000,9000000,8380800000,465.6000000000001
776,0.7440903053738753,0.3622503950822256,0.005644500484768795,0.026344683444479648,1800000,9000000,8391600000,466.20000000000005
777,0.7468455958514906,0.35406706300555596,0.005575947482823631,0.02625701402986444,1800000,9000000,8402400000,466.80000000000007
778,0.7471633365009791,0.3583514214837326,0.004140647499872054,0.026169636360119694,1800000,9000000,8413200000,467.4000000000001
779,0.7494018414248095,0.3476861545740433,0.005475277587583341,0.02608254946438153,1800000,9000000,8424000000,468.00000000000006
780,0.746094868334873,0.35304004614870643,0.004651594277051167,0.025995752375016855,1800000,9000000,8434800000,468.6000000000001
781,0.7468996129571971,0.3494506625111467,0.0037356748183898945,0.025909244127612686,1800000,9000000,8445600000,469.20000000000005
782,0.7467997393956624,0.35322343657936633,0.005375971278856598,0.025823023760965385,1800000,9000000,8456400000,469.80000000000007
783,0.7461385925310025,0.3513701554225062,0.00452533301725308,0.025737090317069982,1800000,9000000,8467200000,470.4000000000001
784,0.7506385429544385,0.3487214280231319,0.005377728445762447,0.02565144284110955,1800000,9000000,8478000000,471.00000000000006
785,0.7460614656330846,0.3509543909486361,0.004040240352454082,0.025566080381444596,1800000,9000000,8488800000,471.6000000000001
786,0.7462631791219063,0.3586850629784542,0.004941680409892996,0.025481001989602455,1800000,9000000,8499600000,472.20000000000005
787,0.7499551329283946,0.3526624125632857,0.006563622075016018,0.025396206720266795,1800000,9000000,8510400000,472.80000000000007
788,0.747127042143812,0.3511260714585354,0.005915279856498025,0.02531169363126709,1800000,9000000,8521200000,473.4000000000001
789,0.7486483010765742,0.35380570943869105,0.0050803417834228825,0.025227461783568134,1800000,9000000,8532000000,474.00000000000006
790,0.7503063541081628,0.3472332062914521,0.004997997245550167,0.02514351024125965,1800000,9000000,8542800000,474.6000000000001
791,0.7490242688820716,0.356691961391466,0.007594918454831344,0.025059838071545854,1800000,9000000,8553600000,475.20000000000005
792,0.7481312171794025,0.34718857136477216,0.0046502198169713375,0.024976444344735116,1800000,9000000,8564400000,475.80000000000007
793,0.747653860004562,0.3505451105797991,0.0048015415142415,0.024893328134229613,1800000,9000000,8575200000,476.4000000000001
794,0.7502696440459304,0.3507281706099562,0.004589792330924321,0.024810488516515048,1800000,9000000,8586000000,477.00000000000006
795,0.7482644341877659,0.35021729871350743,0.004472100653639872,0.024727924571150358,1800000,9000000,8596800000,477.6000000000001
796,0.7488660725604651,0.3535551950855799,0.006092665853233727,0.024645635380757525,1800000,9000000,8607600000,478.20000000000005
797,0.7500847555872581,0.34785731848534795,0.006267025515742204,0.02456362003101136,1800000,9000000,8618400000,478.80000000000007
798,0.7472119696520898,0.349941589250954,0.005044131350261401,0.024481877610629373,1800000,9000000,8629200000,479.4000000000001
799,0.7482015069349248,0.3500472221527475,0.004115710939932389,0.024400407211361594,1800000,9000000,8640000000,480.00000000000006
800,0.7480880968857674,0.35048371314478893,0.007352130280923461,0.02431920792798054,1800000,9000000,8650800000,480.6000000000001
801,0.7485257725534061,0.34919198344724756,0.005749686059992572,0.024238278858271095,1800000,9000000,8661600000,481.20000000000005
802,0.7489648127115068,0.3544945889583856,0.007032202079801567,0.024157619103020552,1800000,9000000,8672400000,481.80000000000007
803,0.746640966935344,0.35448159739121565,0.0028777382301452986,0.024077227766008576,1800000,9000000,8683200000,482.4000000000001
804,0.7503490786123852,0.3474373667831228,0.004430790800158383,0.02399710395399727,1800000,9000000,8694000000,483.00000000000006
805,0.748270746905121,0.3519350666896234,0.00605117189966798,0.02391724677672123,1800000,9000000,8704800000,483.6000000000001
806,0.7501601841876654,0.3509465697609674,0.0023542826921443723,0.02383765534687765,1800000,9000000,8715600000,484.20000000000005
807,0.7508883346249924,0.3550158379027865,0.005108364229713031,0.023758328780116505,1800000,9000000,8726400000,484.80000000000007
808,0.7472525212227435,0.35118278436042843,0.004433663275518591,0.023679266195030673,1800000,9000000,8737200000,485.4000000000001
809,0.7476980959405485,0.3470597058336813,0.0050383707892199155,0.023600466713146178,1800000,9000000,8748000000,486.00000000000006
810,0.7489580829779188,0.3489267567401767,0.005600383374891613,0.023521929458912412,1800000,9000000,8758800000,486.6000000000001
811,0.7478084378131234,0.34869705649728355,0.005562218605904619,0.02344365355969242,1800000,9000000,8769600000,487.20000000000005
812,0.7495124900449677,0.344970176545918,0.005280817304810319,0.023365638145753154,1800000,9000000,8780400000,487.80000000000007
813,0.7517427557128828,0.3504990532131631,0.004422128576197623,0.023287882350255897,1800000,9000000,8791200000,488.4000000000001
814,0.7495231254043061,0.35175202882945944,0.004624994865595485,0.023210385309246566,1800000,9000000,8802000000,489.00000000000006
815,0.7523394814748302,0.34593939225180875,0.006258547657578294,0.02313314616164612,1800000,9000000,8812800000,489.6000000000001
816,0.748950648652701,0.35277075424107895,0.00498642404953562,0.023056164049241032,1800000,9000000,8823600000,490.20000000000005
817,0.7502792968089103,0.3516860377890585,0.0049530598602819,0.0229794381166737,1800000,9000000,8834400000,490.80000000000007
818,0.7504412201243292,0.35234447185374906,0.0052069138339997,0.022902967511432955,1800000,9000000,8845200000,491.4000000000001
819,0.750365690809957,0.3514163177384911,0.006272968857871552,0.022826751383844632,1800000,9000000,8856000000,492.00000000000006
820,0.7478034448960588,0.3490201425597747,0.0038629245396983244,0.022750788887062088,1800000,9000000,8866800000,492.6000000000001
821,0.7492535987355997,0.3469926772986347,0.0038777972408807933,0.02267507917705679,1800000,9000000,8877600000,493.20000000000005
822,0.7509687436282887,0.3470686582318122,0.0034100139239968807,0.022599621412608965,1800000,9000000,8888400000,493.80000000000007
823,0.7484280495745084,0.34751306394465825,0.005444675998090099,0.02252441475529824,1800000,9000000,8899200000,494.4000000000001
824,0.7510272112049713,0.34805427586715176,0.005457975943620259,0.022449458369494302,1800000,9000000,8910000000,495.00000000000006
825,0.7489273413565647,0.34944105814735876,0.004717003122840545,0.022374751422347648,1800000,9000000,8920800000,495.6000000000001
826,0.7521479287247449,0.3486004006412343,0.005973801153614926,0.02230029308378033,1800000,9000000,8931600000,496.20000000000005
827,0.7502573099835056,0.3483982871015358,0.003533526524844711,0.022226082526476697,1800000,9000000,8942400000,496.80000000000007
828,0.7539844284464065,0.3452673517364177,0.004487645748952648,0.022152118925874254,1800000,9000000,8953200000,497.4000000000001
829,0.7494658523984123,0.3497710381203338,0.002947350915682198,0.02207840146015444,1800000,9000000,8964000000,498.00000000000006
830,0.7479244604216114,0.3510765114551449,0.004756359192158832,0.022004929310233547,1800000,9000000,8974800000,498.6000000000001
831,0.750501443730949,0.3509226011414406,0.004869316105631761,0.0219317016597536,1800000,9000000,8985600000,499.20000000000005
832,0.7523416307571134,0.3460696854643615,0.0038272586752813383,0.021858717695073287,1800000,9000000,8996400000,499.80000000000007
833,0.7531685141718976,0.34813022766321305,0.002644063282659109,0.021785976605258914,1800000,9000000,9007200000,500.4000000000001
834,0.7476717695005528,0.3502295283015351,0.0019077120500204919,0.02171347758207541,1800000,9000000,9018000000,501.00000000000006
835,0.7487439931846344,0.35557888012966526,0.003933659800722701,0.02164121981997731,1800000,9000000,9028800000,501.6000000000001
836,0.7532163829326821,0.34516716923124396,0.004245609074624333,0.021569202516099856,1800000,9000000,9039600000,502.2000000000001
837,0.7504789857859022,0.3545516446167915,0.0038107599087195054,0.021497424870250043,1800000,9000000,9050400000,502.80000000000007
838,0.7548856977655447,0.3406252369273231,0.003063101941667322,0.021425886084897733,1800000,9000000,9061200000,503.4000000000001
839,0.7513495148333568,0.34557238067965806,0.0035523745514423493,0.021354585365166795,1800000,9000000,9072000000,504.00000000000006
840,0.7513773971364961,0.34680261916496763,0.004649452367058554,0.02128352191882629,1800000,9000000,9082800000,504.6000000000001
841,0.7541954980232183,0.34836030780320554,0.0033267553081502807,0.021212694956281617,1800000,9000000,9093600000,505.2000000000001
842,0.7523446308737903,0.3529043420174532,0.004046962434275959,0.02114210369056581,1800000,9000000,9104400000,505.80000000000007
843,0.7519120432882512,0.3407157915263848,0.003609518229277004,0.021071747337330738,1800000,9000000,9115200000,506.4000000000001
844,0.7493857176435728,0.34709273816446784,0.005511202477648904,0.021001625114838426,1800000,9000000,9126000000,507.00000000000006
845,0.7512002661622722,0.35192766143812776,0.0056519844506681535,0.020931736243952347,1800000,9000000,9136800000,507.6000000000001
846,0.7491531172588989,0.3530237893545297,0.004946348983972147,0.02086207994812878,1800000,9000000,9147600000,508.2000000000001
847,0.7521698984836798,0.34627107121451295,0.0034049230219097676,0.02079265545340814,1800000,9000000,9158400000,508.80000000000007
848,0.7502705620171698,0.3494137517462593,0.0036253241360025648,0.02072346198840646,1800000,9000000,9169200000,509.4000000000001
849,0.7536194335807428,0.3445302600075373,0.001776992224289768,0.020654498784306745,1800000,9000000,9180000000,510.00000000000006
850,0.7506291602573046,0.3505763895231923,0.004037540620736239,0.020585765074850458,1800000,9000000,9190800000,510.6000000000001
851,0.7519575659986819,0.35183534437670205,0.004195174822747957,0.020517260096329024,1800000,9000000,9201600000,511.2000000000001
852,0.7520905507476616,0.3493251783997772,0.004118838099354759,0.020448983087575288,1800000,9000000,9212400000,511.80000000000007
853,0.7512346392168313,0.3513060884960472,0.003072897232614378,0.02038093328995513,1800000,9000000,9223200000,512.4000000000001
854,0.7513151193525519,0.34683436120538236,0.0051435783152160635,0.020313109947358986,1800000,9000000,9234000000,513.0000000000001
855,0.7531393938317337,0.3449247806489358,0.00472542601253988,0.02024551230619346,1800000,9000000,9244800000,513.6
856,0.7518204163283452,0.3515738788007967,0.004851000821902634,0.020178139615372955,1800000,9000000,9255600000,514.2
857,0.7532462578929574,0.3459362127373234,0.0032648484184628927,0.020110991126311338,1800000,9000000,9266400000,514.8000000000001
858,0.7533290843131796,0.3414838066264547,0.0052793303472224145,0.020044066092913575,1800000,9000000,9277200000,515.4000000000001
859,0.7495809860011193,0.35473249782854666,0.004438536749895487,0.019977363771567502,1800000,9000000,9288000000,516.0000000000001
860,0.7531576489026459,0.3426059058223576,0.004623657763404962,0.01991088342113553,1800000,9000000,9298800000,516.6
861,0.7551910984103654,0.3451197838198155,0.00454710478911338,0.019844624302946416,1800000,9000000,9309600000,517.2
862,0.7520757199865071,0.3476810492233295,0.00347511817863803,0.019778585680787053,1800000,9000000,9320400000,517.8000000000001
863,0.7542596181413452,0.344905826095385,0.004048218088365532,0.019712766820894304,1800000,9000000,9331200000,518.4000000000001
864,0.7533230150892426,0.34659348157030007,0.002899999941146043,0.019647166991946803,1800000,9000000,9342000000,519.0000000000001
865,0.7536263155120168,0.34986227362544814,0.004298366590738453,0.019581785465056904,1800000,9000000,9352800000,519.6
866,0.7527813628218717,0.3545053661459477,0.00537453071690274,0.019516621513762517,1800000,9000000,9363600000,520.2
867,0.7522169196665067,0.3431122294846987,0.0038698530094554576,0.019451674414019068,1800000,9000000,9374400000,520.8000000000001
868,0.7533403588958544,0.35037204169459063,0.004355241413081511,0.019386943444191458,1800000,9000000,9385200000,521.4000000000001
869,0.7539499332821001,0.3421377093175598,0.002111084834032849,0.01932242788504602,1800000,9000000,9396000000,522.0000000000001
870,0.7557605375072468,0.34738862462345194,0.0038855791536471433,0.01925812701974253,1800000,9000000,9406800000,522.6
871,0.751993245346835,0.3434911150697679,0.004451415578317182,0.01919404013382628,1800000,9000000,9417600000,523.2
872,0.750649635253229,0.3418210791274363,0.0011876642437772282,0.019130166515220096,1800000,9000000,9428400000,523.8000000000001
873,0.755578262742006,0.342481659833029,0.0031584774982142193,0.01906650545421645,1800000,9000000,9439200000,524.4000000000001
874,0.7522055555309051,0.3435933815008603,0.0038081886647922157,0.01900305624346956,1800000,9000000,9450000000,525.0000000000001
875,0.75166925763285,0.3474411377123777,0.003513771821812233,0.018939818177987563,1800000,9000000,9460800000,525.6
876,0.7541587707224582,0.3431059335782053,0.0033814847830562025,0.018876790555124607,1800000,9000000,9471600000,526.2
877,0.7530955840214731,0.3500638625880229,0.00233659944768736,0.018813972674573135,1800000,9000000,9482400000,526.8000000000001
878,0.7545719750463614,0.34231152081256827,0.003494043536698989,0.01875136383835605,1800000,9000000,9493200000,527.4000000000001
879,0.7538375932233354,0.34807244798256565,0.0030751701590720306,0.018688963350818977,1800000,9000000,9504000000,528.0000000000001
880,0.7535007503874946,0.338073692340117,0.0018429617810918801,0.018626770518622528,1800000,9000000,9514800000,528.6
881,0.753542469112138,0.34167949967167016,0.003694771434008858,0.018564784650734575,1800000,9000000,9525600000,529.2
882,0.7545037441995704,0.34102464082698597,0.0032612768148034066,0.018503005058422627,1800000,9000000,9536400000,529.8000000000001
883,0.7558177334662297,0.34455853169157785,0.003963899472062411,0.018441431055246132,1800000,9000000,9547200000,530.4000000000001
884,0.7528902137452633,0.3490337836799165,0.004205979932540311,0.01838006195704887,1800000,9000000,9558000000,531.0000000000001
885,0.7542270758516644,0.34723366812244966,0.004329251773910155,0.018318897081951332,1800000,9000000,9568800000,531.6
886,0.753013528736855,0.34800751846494044,0.003425276787956009,0.018257935750343183,1800000,9000000,9579600000,532.2
887,0.7550133703991054,0.33782559262388556,0.004357885766894372,0.018197177284875646,1800000,9000000,9590400000,532.8000000000001
888,0.7546702550873066,0.3453184950725795,0.002314259331748598,0.01813662101045404,1800000,9000000,9601200000,533.4000000000001
889,0.7533680565086555,0.3466618510778246,0.001191362199819408,0.018076266254230255,1800000,9000000,9612000000,534.0000000000001
890,0.7545466539780521,0.3466638215254727,0.00294142323508345,0.018016112345595265,1800000,9000000,9622800000,534.6
891,0.7546773231486921,0.3411829041878952,0.004426082656228956,0.017956158616171686,1800000,9000000,9633600000,535.2
892,0.7528278394901121,0.3463075163043749,0.004180902360721732,0.017896404399806366,1800000,9000000,9644400000,535.8000000000001
893,0.7563854580541423,0.3431309307089422,0.001260503722026008,0.01783684903256293,1800000,9000000,9655200000,536.4000000000001
894,0.7552942477739956,0.3459613635265357,0.002146693338931435,0.017777491852714475,1800000,9000000,9666000000,537.0000000000001
895,0.7533906522567531,0.3498308227113001,0.0040833830386166866,0.017718332200736167,1800000,9000000,9676800000,537.6000000000001
896,0.7561755261196575,0.3435479889420425,0.002149129093921581,0.017659369419297934,1800000,9000000,9687600000,538.2
897,0.7573033263146088,0.3455059148767256,0.004049044607384944,0.017600602853257152,1800000,9000000,9698400000,538.8000000000001
898,0.7526070327052808,0.34588434125923656,0.0040052121596338384,0.017542031849651377,1800000,9000000,9709200000,539.4000000000001
899,0.7563840967028489,0.3403167743362316,0.0033776923999856026,0.017483655757691067,1800000,9000000,9720000000,540.0000000000001
900,0.7529288541697434,0.3442518089650915,0.004671228961437352,0.01742547392875238,1800000,9000000,9730800000,540.6000000000001
901,0.7529979549885804,0.34640671516082144,0.0036506714968744473,0.01736748571636995,1800000,9000000,9741600000,541.2
902,0.7567482175415877,0.33747122832846177,0.0037021888788085016,0.01730969047622972,1800000,9000000,9752400000,541.8000000000001
903,0.753885869212166,0.3418099029858269,0.0027922366391612847,0.01725208756616176,1800000,9000000,9763200000,542.4000000000001
904,0.7561625058021374,0.34898439599265624,0.0021745558864259265,0.017194676346133125,1800000,9000000,9774000000,543.0000000000001
905,0.7575608203566225,0.34299945397213993,0.0028593999925441856,0.017137456178240796,1800000,9000000,9784800000,543.6000000000001
906,0.7565155740075912,0.3403082823651903,0.003208541650910756,0.017080426426704536,1800000,9000000,9795600000,544.2
907,0.7550320977997376,0.3448915372096667,0.004969590979269604,0.01702358645785985,1800000,9000000,9806400000,544.8000000000001
908,0.7548781039170852,0.34210044136139145,0.00412056546523976,0.01696693564015095,1800000,9000000,9817200000,545.4000000000001
909,0.7553277815725459,0.3429593259197346,0.0037504811290319418,0.016910473344123725,1800000,9000000,9828000000,546.0000000000001
910,0.756940051092685,0.34610053359891696,0.004685803666537638,0.016854198942418738,1800000,9000000,9838800000,546.6000000000001
911,0.7553860111492428,0.34131834747814876,0.0022763442099421483,0.016798111809764284,1800000,9000000,9849600000,547.2
912,0.7560381000270182,0.3471118587821354,0.002664575900574108,0.01674221132296943,1800000,9000000,9860400000,547.8000000000001
913,0.7557058516235687,0.3471437039303566,0.003639523087350418,0.01668649686091707,1800000,9000000,9871200000,548.4000000000001
914,0.7564947837548633,0.33982264597853995,0.002711521844949267,0.016630967804557063,1800000,9000000,9882000000,549.0000000000001
915,0.757239371570231,0.33981158602980976,0.004504697820360819,0.016575623536899325,1800000,9000000,9892800000,549.6000000000001
916,0.7583257351830172,0.34498725644159095,0.002879116240782836,0.016520463443006964,1800000,9000000,9903600000,550.2
917,0.7543220312606758,0.34216663238956846,0.0020416566443590516,0.016465486909989488,1800000,9000000,9914400000,550.8000000000001
918,0.7545388552263945,0.34642938199665285,0.004329533629097998,0.01641069332699597,1800000,9000000,9925200000,551.4000000000001
919,0.7550462016187397,0.3444200542148171,0.0034947682409966893,0.01635608208520825,1800000,9000000,9936000000,552.0000000000001
920,0.755402713152113,0.3442374206082975,0.003088870620628592,0.016301652577834193,1800000,9000000,9946800000,552.6000000000001
921,0.756672715999198,0.34398711161105633,0.0035785053099703984,0.016247404200100943,1800000,9000000,9957600000,553.2
922,0.7566093996569597,0.3453316769081244,0.002799599473995146,0.016193336349248175,1800000,9000000,9968400000,553.8000000000001
923,0.7577338475236419,0.3418508565320183,0.002126192261558225,0.016139448424521443,1800000,9000000,9979200000,554.4000000000001
924,0.7597328940662947,0.3391963131754298,0.004219128187995624,0.01608573982716547,1800000,9000000,9990000000,555.0000000000001
925,0.7561623758063873,0.3488492386272964,0.0034506754153841787,0.016032209960417515,1800000,9000000,10000800000,555.6000000000001
926,0.7571012258710329,0.3399898481189128,0.0025543749929949986,0.015978858229500733,1800000,9000000,10011600000,556.2
927,0.7568249291602993,0.34349338357709264,0.004276916591887133,0.01592568404161755,1800000,9000000,10022400000,556.8000000000001
928,0.7557024970784475,0.3438884831799358,0.0020788751890561978,0.01587268680594312,1800000,9000000,10033200000,557.4000000000001
929,0.7561277671680273,0.3438438342605207,0.002834464868312884,0.01581986593361872,1800000,9000000,10044000000,558.0000000000001
930,0.7566494786238624,0.3441360882331623,0.0022997207025142225,0.01576722083774523,1800000,9000000,10054800000,558.6000000000001
931,0.7577553947845345,0.33914021040661496,0.002746600616396609,0.015714750933376594,1800000,9000000,10065600000,559.2
932,0.7550115077740106,0.34666924213123784,0.0030956663037705816,0.015662455637513346,1800000,9000000,10076400000,559.8000000000001
933,0.7575201466038987,0.3413929744753124,0.003169160149616151,0.015610334369096087,1800000,9000000,10087200000,560.4000000000001
934,0.7571682564002458,0.3480173279839376,0.002759956064777731,0.015558386548999083,1800000,9000000,10098000000,561.0000000000001
935,0.7552001382817753,0.34436679571715656,0.002943238228399088,0.015506611600023803,1800000,9000000,10108800000,561.6000000000001
936,0.7548894360618369,0.3438775860187961,0.0030789001957253087,0.0154550089468925,1800000,9000000,10119600000,562.2
937,0.7576408288318136,0.3428036467943683,0.004377890932425511,0.015403578016241832,1800000,9000000,10130400000,562.8000000000001
938,0.757325636596106,0.33980185545121067,0.0014149280270028264,0.01535231823661649,1800000,9000000,10141200000,563.4000000000001
939,0.7564049533966732,0.34663544996085094,0.003370173916010336,0.015301229038462828,1800000,9000000,10152000000,564.0000000000001
940,0.7581378717632158,0.33483976099414936,0.0012191735964939322,0.01525030985412257,1800000,9000000,10162800000,564.6000000000001
941,0.7590083295428233,0.34263273514478015,0.0022562694572182567,0.015199560117826475,1800000,9000000,10173600000,565.2
942,0.758154619746992,0.33840905838880064,0.0037234483379825333,0.015148979265688062,1800000,9000000,10184400000,565.8000000000001
943,0.7585773172514091,0.3409900268974944,0.00029573232546994087,0.015098566735697346,1800000,9000000,10195200000,566.4000000000001
944,0.7579348008769647,0.3378502345800966,0.003086316503179481,0.015048321967714589,1800000,9000000,10206000000,567.0000000000001
945,0.7556834523042869,0.33667626754137814,0.001827412308396271,0.014998244403464065,1800000,9000000,10216800000,567.6000000000001
946,0.7564737095740279,0.3439692363766509,0.0016112515711090509,0.014948333486527878,1800000,9000000,10227600000,568.2
947,0.7578234812005861,0.3366890464363919,0.003331448440817754,0.01489858866233978,1800000,9000000,10238400000,568.8000000000001
948,0.7562043030824407,0.3419763605266011,0.0010765681614396238,0.014849009378178984,1800000,9000000,10249200000,569.4000000000001
949,0.7550519452649617,0.3433787320531999,0.0034880297815774786,0.014799595083164046,1800000,9000000,10260000000,570.0000000000001
950,0.7583027591456808,0.34230437748304177,0.002775071494768845,0.01475034522824674,1800000,9000000,10270800000,570.6000000000001
951,0.7581865855348245,0.3426545194503817,0.001529810461095803,0.014701259266205942,1800000,9000000,10281600000,571.2
952,0.756101801022006,0.3427412611711507,0.0015151365990054278,0.01465233665164157,1800000,9000000,10292400000,571.8000000000001
953,0.7561556180528747,0.3389787935549987,0.0037323192528662054,0.014603576840968517,1800000,9000000,10303200000,572.4000000000001
954,0.7597372880106437,0.3389745922189339,0.0038661224608540264,0.014554979292410605,1800000,9000000,10314000000,573.0000000000001
955,0.7545226076868821,0.3418841299991761,0.003482562591739639,0.014506543465994582,1800000,9000000,10324800000,573.6000000000001
956,0.7590230053135331,0.3382437762198071,0.0013778660064929862,0.014458268823544085,1800000,9000000,10335600000,574.2
957,0.7572296579157876,0.3503425124198638,0.003543871415174122,0.014410154828673707,1800000,9000000,10346400000,574.8000000000001
958,0.7562650302164734,0.3413981824308869,0.003966386936630715,0.014362200946783012,1800000,9000000,10357200000,575.4000000000001
959,0.75669998515842,0.34485764589582824,0.002215644724511665,0.014314406645050596,1800000,9000000,10368000000,576.0000000000001
960,0.7584447705040583,0.34170119222785494,0.0021705332204145626,0.014266771392428173,1800000,9000000,10378800000,576.6000000000001
961,0.757150723674921,0.3377264116654316,0.0032229790486083512,0.014219294659634668,1800000,9000000,10389600000,577.2
962,0.7589630433898105,0.340366534167542,0.0030931009877721476,0.014171975919150332,1800000,9000000,10400400000,577.8000000000001
963,0.7573885328523178,0.34098305301226045,0.002444094309126713,0.0141248146452109,1800000,9000000,10411200000,578.4000000000001
964,0.7601714976222425,0.3406111739103429,0.003632200687245381,0.014077810313801734,1800000,9000000,10422000000,579.0000000000001
965,0.7595827950107609,0.3451809693898383,0.00022185842893297997,0.014030962402651998,1800000,9000000,10432800000,579.6000000000001
966,0.759203675182051,0.3370020881511545,0.002734010722551525,0.013984270391228862,1800000,9000000,10443600000,580.2
967,0.7564665540333351,0.3423013905802753,0.0008832220218951004,0.013937733760731734,1800000,9000000,10454400000,580.8000000000001
968,0.7597243889019591,0.3464783404227608,0.0027235225361727424,0.01389135199408644,1800000,9000000,10465200000,581.4000000000001
969,0.7574271920652256,0.3442755598085052,0.002263712031594405,0.013845124575939553,1800000,9000000,10476000000,582.0000000000001
970,0.7604767903308376,0.3359024016446335,0.0013934964717004742,0.013799050992652615,1800000,9000000,10486800000,582.6000000000001
971,0.7582903557764658,0.3378343778771271,0.0016197569899447286,0.013753130732296451,1800000,9000000,10497600000,583.2
972,0.7589929125475183,0.34139136198180153,0.0009946178609144382,0.013707363284645472,1800000,9000000,10508400000,583.8000000000001
973,0.7605957834630467,0.3404583491021013,0.0006691572872820288,0.013661748141172018,1800000,9000000,10519200000,584.4000000000001
974,0.7588004071279483,0.34068888532858893,0.0025848367724737088,0.013616284795040677,1800000,9000000,10530000000,585.0000000000001
975,0.7563879485740803,0.3417592293657814,0.0026825555435036896,0.013570972741102702,1800000,9000000,10540800000,585.6000000000001
976,0.7595012061162381,0.3392796027536875,0.003681855550722514,0.013525811475890359,1800000,9000000,10551600000,586.2
977,0.7585919499826843,0.34196287669471936,0.0019281088458552283,0.013480800497611346,1800000,9000000,10562400000,586.8000000000001
978,0.7591418515078905,0.3428829627755719,0.002332048604674828,0.013435939306143226,1800000,9000000,10573200000,587.4000000000001
979,0.7574910250803029,0.3459177147892792,0.002305876610245316,0.01339122740302784,1800000,9000000,10584000000,588.0000000000001
980,0.7613313652487829,0.3383294779833432,0.00278252479136665,0.013346664291465818,1800000,9000000,10594800000,588.6000000000001
981,0.7607394995236259,0.3437704438866135,0.002087280540898105,0.013302249476311008,1800000,9000000,10605600000,589.2
982,0.7572587669820806,0.34007363643944566,0.005087353263757552,0.013257982464065015,1800000,9000000,10616400000,589.8000000000001
983,0.7582745291328775,0.3409133685797072,0.0031211583080627773,0.013213862762871688,1800000,9000000,10627200000,590.4000000000001
984,0.759201820794994,0.3416261028212136,0.0022472440848235738,0.013169889882511677,1800000,9000000,10638000000,591.0000000000001
985,0.7601893341751651,0.34251533786682453,0.0,0.013126063334396957,1800000,9000000,10648800000,591.6000000000001
986,0.760082287475949,0.3431556307911713,0.002132996240357387,0.013082382631565439,1800000,9000000,10659600000,592.2
987,0.7611363872243402,0.3401296824785814,0.0014386711129670987,0.013038847288675532,1800000,9000000,10670400000,592.8000000000001
988,0.7595704559629686,0.34203786087233573,0.004157493485330154,0.012995456822000755,1800000,9000000,10681200000,593.4000000000001
989,0.7593323339741568,0.34384112872021855,0.0018066528159146108,0.012952210749424363,1800000,9000000,10692000000,594.0000000000001
990,0.7577745096867432,0.34335915483011487,0.0032633703114372096,0.012909108590434005,1800000,9000000,10702800000,594.6000000000001
991,0.7600419055686273,0.3380204215025535,0.0030063246287395508,0.012866149866116342,1800000,9000000,10713600000,595.2
992,0.7608102027523388,0.3371708392467916,0.0008915913208259515,0.012823334099151783,1800000,9000000,10724400000,595.8000000000001
993,0.7597959844101936,0.3406759424102617,0.0013976889071499919,0.01278066081380914,1800000,9000000,10735200000,596.4000000000001
994,0.7640182997999333,0.3378309105218799,0.0036418680954592155,0.01273812953594036,1800000,9000000,10746000000,597.0000000000001
995,0.7606794104771832,0.34222625713699084,0.0016247249224160738,0.012695739792975256,1800000,9000000,10756800000,597.6000000000001
996,0.7593299295339522,0.3446568134812562,0.0033989265009057,0.012653491113916249,1800000,9000000,10767600000,598.2
997,0.7602211222438119,0.33636255653810604,0.0022292319377374124,0.012611383029333125,1800000,9000000,10778400000,598.8000000000001
998,0.7585965970827128,0.3393788118042972,0.002881945686174004,0.012569415071357852,1800000,9000000,10789200000,599.4000000000001
999,0.7584013602457111,0.3389622288690511,0.002654757586001437,0.012527586773679353,1800000,9000000,10800000000,600.0000000000001
