round,test_accuracy,train_objective,mfg,hfr_tau,downlink_bytes,uplink_bytes,cumulative_serialized_bytes,single_device_elapsed_seconds
0,0.5038073889749517,0.589619787852118,0.030401050520069594,0.22,1800000,3600000,5400000,0.5700000000000001
1,0.5106595229518914,0.5918964317321479,0.02982361642148487,0.2192678875319951,1800000,3600000,10800000,1.1400000000000001
2,0.5141412798458905,0.5841602220321611,0.031692350021906485,0.21853821137610757,1800000,3600000,16200000,1.7100000000000002
3,0.5202896797231125,0.5792336227274655,0.028827563082460914,0.21781096342481698,1800000,3600000,21600000,2.2800000000000002
4,0.5254382663793915,0.5701441753057536,0.029349833991667306,0.21708613559758305,1800000,3600000,27000000,2.8500000000000005
5,0.5273485333667641,0.5670694081754473,0.030674569333894598,0.21636371984075584,1800000,3600000,32400000,3.4200000000000004
6,0.535167520029272,0.5655718426191024,0.027093553062191304,0.21564370812748615,1800000,3600000,37800000,3.99
7,0.5385029722093089,0.5556293486715245,0.030304477201417712,0.21492609245763647,1800000,3600000,43200000,4.5600000000000005
8,0.5401043001715734,0.5637702989836546,0.028986221042072113,0.2142108648576919,1800000,3600000,48600000,5.130000000000001
9,0.5460142911436584,0.5529550445883425,0.028991696561912094,0.21349801738067178,1800000,3600000,54000000,5.700000000000001
10,0.5511569294047959,0.5434724192161895,0.030594592729282534,0.2127875421060413,1800000,3600000,59400000,6.2700000000000005
11,0.5571839234325875,0.5471310341944361,0.030118882779342916,0.21207943113962338,1800000,3600000,64800000,6.840000000000001
12,0.5595757269357522,0.5374610367356029,0.026770999325393497,0.2113736766135111,1800000,3600000,70200000,7.410000000000001
13,0.5631239531749442,0.5350259443577094,0.027836507878514532,0.2106702706859803,1800000,3600000,75600000,7.98
14,0.5673343287048411,0.5298119385093387,0.027435423105416173,0.20996920554140228,1800000,3600000,81000000,8.55
15,0.5722990943894315,0.5285390860866216,0.026865409404222537,0.20927047339015709,1800000,3600000,86400000,9.120000000000001
16,0.5763174343051545,0.5238168998769839,0.02880082592239378,0.208574066468547,1800000,3600000,91800000,9.690000000000001
17,0.5784538258250698,0.5267805269527517,0.027858516317469266,0.2078799770387102,1800000,3600000,97200000,10.260000000000002
18,0.5842349456633789,0.5145181075388409,0.0279066540028697,0.20718819738853472,1800000,3600000,102600000,10.830000000000002
19,0.5865580130272551,0.51204738871458,0.026366579458685147,0.2064987198315729,1800000,3600000,108000000,11.400000000000002
20,0.5918940195216207,0.511288878210298,0.029634618011640055,0.2058115367069559,1800000,3600000,113400000,11.97
21,0.5937255577125625,0.5022685870469562,0.02707625754494668,0.2051266403793086,1800000,3600000,118800000,12.540000000000001
22,0.5958441430981105,0.4984341667551105,0.026563604418857408,0.20444402323866478,1800000,3600000,124200000,13.110000000000001
23,0.6018614313157743,0.49614448206624473,0.02787389441679429,0.20376367770038248,1800000,3600000,129600000,13.680000000000001
24,0.6028493239585409,0.49977288006574977,0.029563583980777595,0.20308559620505987,1800000,3600000,135000000,14.250000000000002
25,0.6081915305452564,0.4968147709457841,0.027296974199581676,0.20240977121845113,1800000,3600000,140400000,14.820000000000002
26,0.6125819822177028,0.4885131139035842,0.02687483917489146,0.20173619523138275,1800000,3600000,145800000,15.390000000000002
27,0.6128341978828808,0.4900277646202372,0.02900841698537874,0.2010648607596702,1800000,3600000,151200000,15.96
28,0.6167455969137966,0.4886778296835105,0.02551203793025423,0.20039576034403467,1800000,3600000,156600000,16.53
29,0.6163605173194444,0.4841370611090717,0.026759397311200063,0.19972888655002022,1800000,3600000,162000000,17.1
30,0.6244292150675816,0.47489498027847993,0.02630573933023857,0.1990642319679111,1800000,3600000,167400000,17.67
31,0.6283581656691339,0.470792637868973,0.0251830565995459,0.19840178921264964,1800000,3600000,172800000,18.240000000000002
32,0.6282002773128503,0.4678511274094554,0.026654864752677462,0.19774155092375395,1800000,3600000,178200000,18.810000000000002
33,0.6326683350603965,0.4650339874908895,0.027307379539835315,0.1970835097652362,1800000,3600000,183600000,19.380000000000003
34,0.636702133089362,0.4651012252238147,0.027522000758177845,0.19642765842552126,1800000,3600000,189000000,19.950000000000003
35,0.635416331989422,0.4657304522260269,0.026203774084567064,0.19577398961736522,1800000,3600000,194400000,20.520000000000003
36,0.639186322959741,0.4601477434338763,0.025019630161776045,0.19512249607777465,1800000,3600000,199800000,21.090000000000003
37,0.6436734173867493,0.45578919229685533,0.026493796634015573,0.1944731705679257,1800000,3600000,205200000,21.660000000000004
38,0.6435584933494405,0.4523098341353461,0.02606615152248927,0.1938260058730838,1800000,3600000,210600000,22.230000000000004
39,0.6493159033817465,0.4525654811542529,0.025326528948439207,0.1931809948025235,1800000,3600000,216000000,22.800000000000004
40,0.6502079514459682,0.44630921515219274,0.02488620862097274,0.19253813018944846,1800000,3600000,221400000,23.37
41,0.6518760724429844,0.45069608729428245,0.025051812375029847,0.19189740489091192,1800000,3600000,226800000,23.94
42,0.6540777313513891,0.45027393590710907,0.0254876409481051,0.1912588117877373,1800000,3600000,232200000,24.51
43,0.6599697156243589,0.44232088247840956,0.024338025699316274,0.1906223437844391,1800000,3600000,237600000,25.080000000000002
44,0.6634504398449853,0.4333895363477761,0.025431814265908202,0.1899879938091441,1800000,3600000,243000000,25.650000000000002
45,0.6642568697470063,0.4368980903238942,0.022860350023128993,0.18935575481351272,1800000,3600000,248400000,26.220000000000002
46,0.6618218426831254,0.43953668699246473,0.024692598359166533,0.1887256197726607,1800000,3600000,253800000,26.790000000000003
47,0.6669992706492621,0.4276636670478814,0.024115650180990385,0.1880975816850811,1800000,3600000,259200000,27.360000000000003
48,0.6691716489536824,0.43020966616184997,0.022862619808412178,0.1874716335725665,1800000,3600000,264600000,27.930000000000003
49,0.6767142958484005,0.4278996617201142,0.025433876732257926,0.18684776848013143,1800000,3600000,270000000,28.500000000000004
50,0.6696090149486364,0.43400439831123594,0.02484936617742297,0.1862259794759351,1800000,3600000,275400000,29.070000000000004
51,0.6747555759502613,0.4222967950042409,0.02296889676761141,0.18560625965120442,1800000,3600000,280800000,29.640000000000004
52,0.6812061138925728,0.41580198402444307,0.02229305343727838,0.18498860212015716,1800000,3600000,286200000,30.210000000000004
53,0.680764629668621,0.4213437755082229,0.02514695937652906,0.18437300001992551,1800000,3600000,291600000,30.780000000000005
54,0.6857197158456514,0.4098045952184768,0.022904000123308777,0.18375944651047985,1800000,3600000,297000000,31.350000000000005
55,0.6860199125054057,0.417585711529384,0.023401201883764648,0.1831479347745526,1800000,3600000,302400000,31.92
56,0.6833351841382779,0.40918174023207904,0.025502694743383333,0.18253845801756263,1800000,3600000,307800000,32.49
57,0.6889918962419548,0.416328726798388,0.02391585303144654,0.1819310094675397,1800000,3600000,313200000,33.06
58,0.6901401020418483,0.4168179553499806,0.025325919387045325,0.18132558237504928,1800000,3600000,318600000,33.63
59,0.6923211039290575,0.4134342843979095,0.024989240235037923,0.18072217001311738,1800000,3600000,324000000,34.2
60,0.6937983249942945,0.4052237157763283,0.024051961647389743,0.18012076567715601,1800000,3600000,329400000,34.77
61,0.6940387363674967,0.4069029833027342,0.02347926907269634,0.1795213626848886,1800000,3600000,334800000,35.34
62,0.7000474410251676,0.39792938990286303,0.02442733688672405,0.17892395437627573,1800000,3600000,340200000,35.910000000000004
63,0.7003336772427308,0.3980394995304019,0.024614882340522126,0.17832853411344116,1800000,3600000,345600000,36.480000000000004
64,0.701595713634191,0.3996048891321464,0.02157533098648676,0.17773509528059805,1800000,3600000,351000000,37.050000000000004
65,0.7011383757450677,0.39550302716101315,0.023718910157699186,0.17714363128397553,1800000,3600000,356400000,37.620000000000005
66,0.7008469522561508,0.39916846420912844,0.024275201563423648,0.17655413555174526,1800000,3600000,361800000,38.190000000000005
67,0.7038699889681366,0.40416935563785883,0.024936349842591632,0.17596660153394866,1800000,3600000,367200000,38.760000000000005
68,0.7095368449758477,0.39870207797655527,0.023126127744388412,0.1753810227024239,1800000,3600000,372600000,39.330000000000005
69,0.7096741546113379,0.3855422542215356,0.023736560149655715,0.17479739255073348,1800000,3600000,378000000,39.900000000000006
70,0.7109268355828013,0.38994415203104904,0.023861459941056984,0.17421570459409197,1800000,3600000,383400000,40.470000000000006
71,0.7111864189998156,0.38897962472133546,0.022006573766744163,0.17363595236929383,1800000,3600000,388800000,41.040000000000006
72,0.7156798216390338,0.38073165840246825,0.02360307055447889,0.17305812943464177,1800000,3600000,394200000,41.61000000000001
73,0.7152897786940043,0.38322477820798945,0.021778488344281807,0.17248222936987492,1800000,3600000,399600000,42.18000000000001
74,0.717403308322116,0.3868129993470371,0.023932878023144893,0.1719082457760978,1800000,3600000,405000000,42.75000000000001
75,0.7192714561922632,0.3786092490127545,0.023759533677995784,0.17133617227570908,1800000,3600000,410400000,43.32000000000001
76,0.720854993224878,0.3768227464598409,0.021338733392274156,0.17076600251233054,1800000,3600000,415800000,43.89000000000001
77,0.7218408498508494,0.3759608712861188,0.023333180710836565,0.17019773015073678,1800000,3600000,421200000,44.46000000000001
78,0.719175922324588,0.3772286711644054,0.023344691088613496,0.16963134887678458,1800000,3600000,426600000,45.03000000000001
79,0.7208820069368174,0.3787537970840903,0.02097971085435514,0.16906685239734287,1800000,3600000,432000000,45.60000000000001
80,0.7250589956432747,0.3757945313451868,0.02156362614337127,0.16850423444022272,1800000,3600000,437400000,46.17
81,0.7245690225270678,0.37413408428617356,0.020894264716724776,0.1679434887541077,1800000,3600000,442800000,46.74
82,0.7281393835858866,0.36978367983701815,0.021044290916457972,0.16738460910848446,1800000,3600000,448200000,47.31
83,0.7291237430520607,0.3632600203069874,0.02290749886472058,0.16682758929357333,1800000,3600000,453600000,47.88
84,0.7296577060471439,0.3644033494611372,0.020221515971509278,0.1662724231202596,1800000,3600000,459000000,48.45
85,0.7288800114381697,0.3759991994485197,0.021205820365421558,0.1657191044200245,1800000,3600000,464400000,49.02
86,0.7286784829765338,0.3681004096772655,0.022299062737207647,0.16516762704487678,1800000,3600000,469800000,49.59
87,0.7326831620270591,0.36397004169632147,0.02072550042444563,0.16461798486728435,1800000,3600000,475200000,50.160000000000004
88,0.7330017428933338,0.3587761013675564,0.021807788535885962,0.16407017178010627,1800000,3600000,480600000,50.730000000000004
89,0.7340031178065449,0.36196926919952865,0.019919794866444216,0.16352418169652483,1800000,3600000,486000000,51.300000000000004
90,0.7360864755580284,0.3653161176713633,0.021203719971506853,0.16298000854997793,1800000,3600000,491400000,51.870000000000005
91,0.7379102193747005,0.3615791410896543,0.019699339906776133,0.16243764629409166,1800000,3600000,496800000,52.440000000000005
92,0.7380046385555323,0.3573812724295885,0.02229015450537789,0.16189708890261317,1800000,3600000,502200000,53.010000000000005
93,0.7369728761491333,0.35797866423678526,0.01970157457944068,0.16135833036934363,1800000,3600000,507600000,53.580000000000005
94,0.7379342835110827,0.360556955068578,0.021006245151343715,0.1608213647080716,1800000,3600000,513000000,54.150000000000006
95,0.7423121683009617,0.35682486133557356,0.020634800313560804,0.16028618595250646,1800000,3600000,518400000,54.720000000000006
96,0.7447699308465954,0.3484700520544065,0.021001560354558416,0.159752788156212,1800000,3600000,523800000,55.290000000000006
97,0.7445268132349098,0.35244014170271043,0.019044851943165002,0.15922116539254064,1800000,3600000,529200000,55.86000000000001
98,0.7439043458565959,0.3562267684776328,0.020258450401563148,0.15869131175456724,1800000,3600000,534600000,56.43000000000001
99,0.7434641765929262,0.35685160353544926,0.01995555357942822,0.15816322135502375,1800000,3600000,540000000,57.00000000000001
100,0.7468851998455185,0.3531359127763249,0.018867886362887287,0.15763688832623365,1800000,3600000,545400000,57.57000000000001
101,0.7473880207820915,0.34931883027078364,0.01912581752097396,0.1571123068200467,1800000,3600000,550800000,58.14000000000001
102,0.7468766272092259,0.3507382750689205,0.019682261750500932,0.15658947100777412,1800000,3600000,556200000,58.71000000000001
103,0.7464047799753178,0.3525622230913894,0.019441438797933863,0.1560683750801238,1800000,3600000,561600000,59.28000000000001
104,0.7499821339195238,0.3495624303073211,0.01759549259528124,0.1555490132471355,1800000,3600000,567000000,59.85000000000001
105,0.7492760191629142,0.3556570773072647,0.018872134867748854,0.15503137973811695,1800000,3600000,572400000,60.42000000000001
106,0.7531189618037091,0.34247025833800654,0.020118498010397574,0.15451546880157935,1800000,3600000,577800000,60.99000000000001
107,0.7547782830661542,0.34670565046370005,0.019899926984122386,0.15400127470517364,1800000,3600000,583200000,61.56000000000001
108,0.7509786718928675,0.3489992193396164,0.01930816486416667,0.15348879173562682,1800000,3600000,588600000,62.13000000000001
109,0.75296856185912,0.350027515698606,0.018149949237898068,0.1529780141986784,1800000,3600000,594000000,62.70000000000001
110,0.7525640157445724,0.34679073849485553,0.019857490379366738,0.15246893641901713,1800000,3600000,599400000,63.27000000000001
111,0.7540813958129875,0.3478666890523104,0.018834546034638813,0.15196155274021803,1800000,3600000,604800000,63.84
112,0.7562095979208158,0.34986971727628396,0.020099359722581877,0.1514558575246794,1800000,3600000,610200000,64.41000000000001
113,0.7578316363782694,0.3405559175861264,0.019840015531741834,0.1509518451535604,1800000,3600000,615600000,64.98
114,0.7581963110792781,0.3477608608171075,0.018109809533200065,0.15044951002671828,1800000,3600000,621000000,65.55000000000001
115,0.7560775864929786,0.3463942780592891,0.01905946143004867,0.14994884656264654,1800000,3600000,626400000,66.12
116,0.7592853180484458,0.3393681501242458,0.019156243377041835,0.14944984919841262,1800000,3600000,631800000,66.69000000000001
117,0.7627469158364473,0.33968970341850435,0.01789403225555375,0.14895251238959623,1800000,3600000,637200000,67.26
118,0.7605714545646218,0.34010669716649816,0.019592750178012305,0.1484568306102277,1800000,3600000,642600000,67.83000000000001
119,0.7614143834475007,0.33851875225760114,0.018450290516262114,0.14796279835272666,1800000,3600000,648000000,68.4
120,0.7623428649748856,0.336358899163767,0.016059097219920056,0.14747041012784065,1800000,3600000,653400000,68.97000000000001
121,0.7619442235647841,0.3378104427634562,0.018237045039501035,0.14697966046458436,1800000,3600000,658800000,69.54
122,0.7620408523103849,0.3351989362204013,0.017273157748703888,0.14649054391017868,1800000,3600000,664200000,70.11000000000001
123,0.7617621555771917,0.3405194815648555,0.017730379041371803,0.14600305502999028,1800000,3600000,669600000,70.68
124,0.7650821636784579,0.3387533702533501,0.017250038022422906,0.14551718840747094,1800000,3600000,675000000,71.25000000000001
125,0.763757972718293,0.33072835950977647,0.018197405495449737,0.14503293864409764,1800000,3600000,680400000,71.82000000000001
126,0.7665052340949114,0.32785464448702634,0.01852871836970303,0.1445503003593125,1800000,3600000,685800000,72.39000000000001
127,0.7671206000723493,0.32928164918313124,0.020082513728690955,0.14406926819046292,1800000,3600000,691200000,72.96000000000001
128,0.7662198719169737,0.3349514306693857,0.017598006712833257,0.14358983679274215,1800000,3600000,696600000,73.53
129,0.7668718548985224,0.3314022333565909,0.017125925227588202,0.14311200083912964,1800000,3600000,702000000,74.10000000000001
130,0.7666887434212757,0.33187401486325757,0.01760454149973527,0.14263575502033213,1800000,3600000,707400000,74.67
131,0.7662873478080323,0.3352679397415976,0.015517730461282853,0.14216109404472455,1800000,3600000,712800000,75.24000000000001
132,0.7693335543463964,0.32872118114427223,0.01832996931282334,0.14168801263829112,1800000,3600000,718200000,75.81
133,0.7682019644402339,0.33144144378157503,0.01649224611238884,0.14121650554456688,1800000,3600000,723600000,76.38000000000001
134,0.7680992837730055,0.32800103936086283,0.016906028530965567,0.14074656752457937,1800000,3600000,729000000,76.95
135,0.7710526285153778,0.331586314920568,0.016920215512640217,0.14027819335679012,1800000,3600000,734400000,77.52000000000001
136,0.7713211820270099,0.32669013066197317,0.018469443354765306,0.13981137783703693,1800000,3600000,739800000,78.09
137,0.7714121217062849,0.33484075143829384,0.019372455623749108,0.13934611577847586,1800000,3600000,745200000,78.66000000000001
138,0.7702587923285449,0.33132057529842535,0.015603526863220998,0.13888240201152371,1800000,3600000,750600000,79.23
139,0.7710128766292557,0.33272056353591467,0.016625078253853665,0.13842023138380052,1800000,3600000,756000000,79.80000000000001
140,0.7718456666927628,0.329715999200764,0.018433699597519195,0.13795959876007233,1800000,3600000,761400000,80.37
141,0.7739980634602049,0.3252842386745542,0.01749496962806121,0.13750049902219416,1800000,3600000,766800000,80.94000000000001
142,0.7741001683050911,0.32874256789499623,0.017282852019211512,0.13704292706905308,1800000,3600000,772200000,81.51
143,0.7725821584825017,0.3274013882226367,0.015627103282585927,0.13658687781651155,1800000,3600000,777600000,82.08000000000001
144,0.7744051052692651,0.32766108406459854,0.016514001523747615,0.13613234619735098,1800000,3600000,783000000,82.65
145,0.7751150247802953,0.32564694766952607,0.017001108960336634,0.1356793271612154,1800000,3600000,788400000,83.22000000000001
146,0.7742565416848651,0.32598784427322824,0.016847922998981888,0.1352278156745552,1800000,3600000,793800000,83.79
147,0.7733422299979272,0.32306732519675346,0.016897643706940246,0.13477780672057155,1800000,3600000,799200000,84.36000000000001
148,0.7745279194781128,0.32746208695189266,0.01485459168762405,0.13432929529916027,1800000,3600000,804600000,84.93
149,0.7769865083942814,0.3211925179039653,0.017037396134623135,0.13388227642685652,1800000,3600000,810000000,85.50000000000001
150,0.7783188065945121,0.3206133825896901,0.015457123424708077,0.13343674513677936,1800000,3600000,815400000,86.07000000000001
151,0.7754731367409026,0.32603117948544763,0.016967476627875178,0.1329926964785765,1800000,3600000,820800000,86.64000000000001
152,0.7791439189897765,0.31689549426615987,0.016618361983941864,0.13255012551836945,1800000,3600000,826200000,87.21000000000001
153,0.7781674701954994,0.3242315380930806,0.0155609690184328,0.1321090273386985,1800000,3600000,831600000,87.78000000000002
154,0.7778374696239567,0.3219070303213948,0.015820464910132156,0.13166939703846825,1800000,3600000,837000000,88.35000000000001
155,0.77803544028911,0.32104162080480886,0.017821461716932583,0.13123122973289303,1800000,3600000,842400000,88.92000000000002
156,0.7763330372676237,0.3258154605099524,0.015435402527387974,0.13079452055344276,1800000,3600000,847800000,89.49000000000001
157,0.7813789397202879,0.31649519890609884,0.017189449604331608,0.13035926464778871,1800000,3600000,853200000,90.06000000000002
158,0.7788517126506148,0.31605563747573634,0.015462729180827662,0.12992545717974963,1800000,3600000,858600000,90.63000000000001
159,0.781087120550875,0.318209208270355,0.015386341520216713,0.12949309332923814,1800000,3600000,864000000,91.20000000000002
160,0.7797170434071694,0.31962935561589373,0.016483561005542494,0.129062168292207,1800000,3600000,869400000,91.77000000000001
161,0.7797385651386161,0.31808636849732796,0.01626567016643494,0.1286326772805958,1800000,3600000,874800000,92.34
162,0.7804669518101428,0.31943007542383545,0.015605032604733771,0.12820461552227772,1800000,3600000,880200000,92.91000000000001
163,0.7807963772172211,0.31315754668206786,0.01556445535561545,0.12777797826100667,1800000,3600000,885600000,93.48
164,0.7794846433138347,0.3217080028906588,0.016461652420553294,0.12735276075636423,1800000,3600000,891000000,94.05000000000001
165,0.7825021388640173,0.32141174263461514,0.01638838810937107,0.12692895828370707,1800000,3600000,896400000,94.62
166,0.78268635545074,0.3180440611496206,0.015799288413522045,0.12650656613411448,1800000,3600000,901800000,95.19000000000001
167,0.7831560691343269,0.31491170659193624,0.014953262888578516,0.12608557961433597,1800000,3600000,907200000,95.76
168,0.7834622620695861,0.31324019817061405,0.017109110772609473,0.12566599404673928,1800000,3600000,912600000,96.33000000000001
169,0.7784943722724955,0.3241274701728385,0.015031242937398546,0.12524780476925818,1800000,3600000,918000000,96.9
170,0.7813466218575871,0.3174089095505415,0.014190154161800632,0.12483100713534084,1800000,3600000,923400000,97.47000000000001
171,0.7848397329097393,0.32044873422017867,0.013737203189934091,0.12441559651389816,1800000,3600000,928800000,98.04
172,0.7817055761792475,0.319816086225966,0.015426507889235363,0.12400156828925231,1800000,3600000,934200000,98.61000000000001
173,0.7834458532082913,0.3149831618628884,0.014965333490451928,0.12358891786108542,1800000,3600000,939600000,99.18
174,0.7852248761316174,0.31602531339596546,0.014868569212561838,0.12317764064438845,1800000,3600000,945000000,99.75000000000001
175,0.785740550660067,0.31106135524293954,0.015866001313691955,0.12276773206941036,1800000,3600000,950400000,100.32000000000001
176,0.7843146475206637,0.32030469837303116,0.015145269105084342,0.1223591875816072,1800000,3600000,955800000,100.89000000000001
177,0.7854019075715643,0.31312372572430364,0.01579826503074991,0.12195200264159156,1800000,3600000,961200000,101.46000000000001
178,0.7868594383910311,0.3123800894064926,0.013207309946405616,0.12154617272508213,1800000,3600000,966600000,102.03000000000002
179,0.7829309009648829,0.3196808122615,0.017854344527843097,0.12114169332285347,1800000,3600000,972000000,102.60000000000001
180,0.7841017492377989,0.3107489929552,0.015813302310538565,0.12073855994068583,1800000,3600000,977400000,103.17000000000002
181,0.7848213207160963,0.31679323550407135,0.015503217157070596,0.12033676809931522,1800000,3600000,982800000,103.74000000000001
182,0.7847194993214499,0.3172477237686804,0.014718273634233517,0.11993631333438377,1800000,3600000,988200000,104.31000000000002
183,0.7845022918139016,0.3174516872063224,0.014011015382872508,0.11953719119638996,1800000,3600000,993600000,104.88000000000001
184,0.7865213408580185,0.3155149042949806,0.014782530074839286,0.11913939725063923,1800000,3600000,999000000,105.45000000000002
185,0.7875122523733475,0.3098674995502425,0.013375899021862418,0.11874292707719478,1800000,3600000,1004400000,106.02000000000001
186,0.7865999842773437,0.3091273346014143,0.013854325685875008,0.11834777627082839,1800000,3600000,1009800000,106.59000000000002
187,0.7888987904522875,0.3113876302863572,0.015407440460297453,0.11795394044097147,1800000,3600000,1015200000,107.16000000000001
188,0.7879934057730615,0.31149612141918137,0.01527459641821396,0.11756141521166627,1800000,3600000,1020600000,107.73000000000002
189,0.7859848236147319,0.30849211894354905,0.01403235911521779,0.11717019622151738,1800000,3600000,1026000000,108.30000000000001
190,0.786482988490046,0.30906071970223065,0.01250971238356822,0.11678027912364307,1800000,3600000,1031400000,108.87000000000002
191,0.7887744772187943,0.3102941384344648,0.014376428146340138,0.11639165958562711,1800000,3600000,1036800000,109.44000000000001
192,0.7869349384556334,0.3196142024612671,0.014867842486652563,0.11600433328947068,1800000,3600000,1042200000,110.01
193,0.7871525355560898,0.31963825050246514,0.013630498432712577,0.11561829593154425,1800000,3600000,1047600000,110.58000000000001
194,0.7887729203469593,0.31135027110518404,0.013816601387883947,0.11523354322253988,1800000,3600000,1053000000,111.15
195,0.7865258047316718,0.31673733054309916,0.014317035503963934,0.11485007088742354,1800000,3600000,1058400000,111.72000000000001
196,0.7874051799897189,0.3087972531998549,0.014604779594038421,0.11446787466538752,1800000,3600000,1063800000,112.29
197,0.7849968533898317,0.31230451726726977,0.01361584960159888,0.11408695030980319,1800000,3600000,1069200000,112.86000000000001
198,0.7870580658396004,0.309385707078898,0.014703084760978495,0.11370729358817382,1800000,3600000,1074600000,113.43
199,0.7889454546412633,0.31412146622974707,0.013139925917030516,0.1133289002820875,1800000,3600000,1080000000,114.00000000000001
200,0.7863463681085571,0.3140222949757205,0.012571013398931661,0.11295176618717025,1800000,3600000,1085400000,114.57000000000001
201,0.7883064135139485,0.3080119110417323,0.013835796348348082,0.11257588711303934,1800000,3600000,1090800000,115.14000000000001
202,0.7866698843308391,0.31404904621221186,0.014492212830466391,0.11220125888325679,1800000,3600000,1096200000,115.71000000000001
203,0.7888342964158136,0.3094583935598338,0.012976177330939047,0.11182787733528282,1800000,3600000,1101600000,116.28000000000002
204,0.785930123319059,0.3130516262814996,0.011720933252110514,0.1114557383204297,1800000,3600000,1107000000,116.85000000000001
205,0.788307926894542,0.31366273672855044,0.012066778244423261,0.11108483770381573,1800000,3600000,1112400000,117.42000000000002
206,0.788995306027766,0.3047636282563304,0.013596020499099987,0.11071517136431909,1800000,3600000,1117800000,117.99000000000001
207,0.7868746663836539,0.31254165948982826,0.014256664883408788,0.11034673519453223,1800000,3600000,1123200000,118.56000000000002
208,0.7876001862489954,0.3119384836129393,0.013787898137407708,0.10997952510071608,1800000,3600000,1128600000,119.13000000000001
209,0.7886805009592591,0.3090160235656234,0.013482542581997416,0.10961353700275477,1800000,3600000,1134000000,119.70000000000002
210,0.7864023785733466,0.3119993826766124,0.014256969248521299,0.1092487668341101,1800000,3600000,1139400000,120.27000000000001
211,0.7871693110965768,0.3128255808955028,0.012443314644917184,0.10888521054177641,1800000,3600000,1144800000,120.84000000000002
212,0.7879765021208616,0.3146054711110952,0.013026110362108588,0.10852286408623565,1800000,3600000,1150200000,121.41000000000001
213,0.78958907967965,0.3138452671594035,0.013214645391160476,0.10816172344141232,1800000,3600000,1155600000,121.98000000000002
214,0.7852954923664043,0.3137772120391517,0.012047482435286923,0.1078017845946289,1800000,3600000,1161000000,122.55000000000001
215,0.7880919075282629,0.3129725028836152,0.011361584422998922,0.10744304354656116,1800000,3600000,1166400000,123.12000000000002
216,0.7868456256441337,0.31525288147941627,0.011107709882080222,0.10708549631119377,1800000,3600000,1171800000,123.69000000000001
217,0.7904340081529349,0.3112337580104865,0.010811062232376047,0.10672913891577596,1800000,3600000,1177200000,124.26000000000002
218,0.7857546573968475,0.3096999393142739,0.01252737814104301,0.1063739674007775,1800000,3600000,1182600000,124.83000000000001
219,0.785281087926332,0.30990691931060926,0.012657608751497707,0.10601997781984454,1800000,3600000,1188000000,125.40000000000002
220,0.7888126046219045,0.30712837793028813,0.011548450722940903,0.10566716623975587,1800000,3600000,1193400000,125.97000000000001
221,0.7869307366589252,0.31214538477400433,0.012582641284186126,0.10531552874037918,1800000,3600000,1198800000,126.54000000000002
222,0.7875689829622199,0.316465627992116,0.010921334525495105,0.10496506141462757,1800000,3600000,1204200000,127.11000000000001
223,0.7877309856212616,0.313779542410478,0.012804496949355896,0.10461576036841601,1800000,3600000,1209600000,127.68
224,0.787087733825575,0.3165934744540833,0.012195428203287203,0.10426762172061814,1800000,3600000,1215000000,128.25
225,0.7860951215879699,0.3139482928319345,0.012219683676846895,0.10392064160302324,1800000,3600000,1220400000,128.82000000000002
226,0.7846013805720046,0.3105848940419198,0.011234703187394918,0.10357481616029306,1800000,3600000,1225800000,129.39000000000001
227,0.7847277817114094,0.31422804216034383,0.011714515217089846,0.10323014154991914,1800000,3600000,1231200000,129.96
228,0.7829823549811374,0.31809702691168273,0.009931462351362573,0.10288661394218003,1800000,3600000,1236600000,130.53
229,0.7879527212695344,0.31096469321613096,0.010539234339372799,0.10254422952009878,1800000,3600000,1242000000,131.10000000000002
230,0.7865486700666797,0.31187571853094714,0.012596448787201852,0.10220298447940052,1800000,3600000,1247400000,131.67000000000002
231,0.7841631828385826,0.31616392083090944,0.012016353007588961,0.10186287502847018,1800000,3600000,1252800000,132.24
232,0.7853247635226007,0.31487581985502217,0.011629839966922996,0.10152389738831034,1800000,3600000,1258200000,132.81
233,0.7885323694286898,0.3112130391256085,0.011981606952398801,0.1011860477924993,1800000,3600000,1263600000,133.38000000000002
234,0.7844312799228973,0.3114952455493865,0.01282053899492138,0.10084932248714917,1800000,3600000,1269000000,133.95000000000002
235,0.7893961779617258,0.3096782934170143,0.011492318873917143,0.10051371773086425,1800000,3600000,1274400000,134.52
236,0.785918985634417,0.317262313026347,0.012724415552992871,0.1001792297946993,1800000,3600000,1279800000,135.09
237,0.7853568936871385,0.312997840648808,0.011047540765702149,0.09984585496211829,1800000,3600000,1285200000,135.66000000000003
238,0.7901027783039011,0.3116899555276035,0.013275101715374119,0.09951358952895295,1800000,3600000,1290600000,136.23000000000002
239,0.7879769038783214,0.3134760644563025,0.010882364425943505,0.09918242980336175,1800000,3600000,1296000000,136.8
240,0.7850717390278713,0.3141428674067243,0.011096558771510326,0.09885237210578875,1800000,3600000,1301400000,137.37
241,0.7890374089056237,0.3084234457612832,0.010790779150379178,0.09852341276892282,1800000,3600000,1306800000,137.94000000000003
242,0.784844390879997,0.3160821207793645,0.010325830518311976,0.09819554813765684,1800000,3600000,1312200000,138.51000000000002
243,0.7845479739658565,0.31503413224995835,0.012242532971466954,0.09786877456904704,1800000,3600000,1317600000,139.08
244,0.7858578063241395,0.3169420801911588,0.01142492380592553,0.09754308843227269,1800000,3600000,1323000000,139.65
245,0.7881543237401202,0.3146138884426363,0.011802000885333418,0.09721848610859557,1800000,3600000,1328400000,140.22000000000003
246,0.7855143795623624,0.3107721956738329,0.010676015955155469,0.09689496399131985,1800000,3600000,1333800000,140.79000000000002
247,0.787571414792474,0.31137661113934584,0.012046407781955997,0.09657251848575199,1800000,3600000,1339200000,141.36
248,0.7869230844095751,0.30822185403244023,0.012405792120578338,0.09625114600916085,1800000,3600000,1344600000,141.93
249,0.7864457546775523,0.31987468484496484,0.013435748838761596,0.09593084299073784,1800000,3600000,1350000000,142.50000000000003
250,0.7887266130459671,0.30896429169218775,0.011143538488709593,0.0956116058715572,1800000,3600000,1355400000,143.07000000000002
251,0.7863514370185665,0.3100078843178136,0.012361332132809768,0.0952934311045366,1800000,3600000,1360800000,143.64000000000001
252,0.7871733017849145,0.3124704552362612,0.011282661485913566,0.09497631515439754,1800000,3600000,1366200000,144.21
253,0.7861545338506822,0.3138881327971265,0.011510661489664866,0.0946602544976262,1800000,3600000,1371600000,144.78000000000003
254,0.7875448079279054,0.3109678474900826,0.008517959507898165,0.09434524562243425,1800000,3600000,1377000000,145.35000000000002
255,0.786630199939902,0.3156533148454822,0.011073493466094363,0.09403128502871988,1800000,3600000,1382400000,145.92000000000002
256,0.7882666731667187,0.3137519126881971,0.012632318052410408,0.09371836922802874,1800000,3600000,1387800000,146.49
257,0.784652519874066,0.3148502955914407,0.01185889979021066,0.09340649474351545,1800000,3600000,1393200000,147.06
258,0.7866442453954042,0.30972613304809826,0.010038642615394703,0.09309565810990474,1800000,3600000,1398600000,147.63000000000002
259,0.7878907452582712,0.3107842782093194,0.0114126613943745,0.09278585587345302,1800000,3600000,1404000000,148.20000000000002
260,0.7900510021895423,0.3150794633807989,0.009958915590650938,0.09247708459191002,1800000,3600000,1409400000,148.77
261,0.7916710085319806,0.3055235216452115,0.011151029886140721,0.09216934083448058,1800000,3600000,1414800000,149.34
262,0.7861684611730112,0.31253565192629085,0.010609776919478488,0.09186262118178642,1800000,3600000,1420200000,149.91000000000003
263,0.7834887975480687,0.3175427498979385,0.010653990427724252,0.09155692222582827,1800000,3600000,1425600000,150.48000000000002
264,0.787037445517842,0.3141808417860509,0.012958964241568503,0.0912522405699479,1800000,3600000,1431000000,151.05
265,0.7867809523654611,0.31963790221434824,0.010424525582479499,0.09094857282879044,1800000,3600000,1436400000,151.62
266,0.7847373809305781,0.31307136291460397,0.010363156086676711,0.09064591562826678,1800000,3600000,1441800000,152.19000000000003
267,0.7872624172370907,0.31060767340417483,0.01062105611732031,0.090344265605516,1800000,3600000,1447200000,152.76000000000002
268,0.7844898327693006,0.3180497725972497,0.010734259079630036,0.0900436194088681,1800000,3600000,1452600000,153.33
269,0.7864149257214459,0.3126556216142247,0.010218698136668296,0.08974397369780665,1800000,3600000,1458000000,153.9
270,0.7870909119072139,0.3120682733806162,0.012435153633738831,0.08944532514293181,1800000,3600000,1463400000,154.47000000000003
271,0.7882080397400194,0.31277029343311313,0.010561286959229525,0.08914767042592323,1800000,3600000,1468800000,155.04000000000002
272,0.7860466102503405,0.305332488497763,0.010817448255646506,0.08885100623950319,1800000,3600000,1474200000,155.61
273,0.7888067861886454,0.31396538323767115,0.008561630286580826,0.08855532928739991,1800000,3600000,1479600000,156.18
274,0.7866194802698054,0.3130778217193242,0.009781177706478662,0.08826063628431091,1800000,3600000,1485000000,156.75000000000003
275,0.7863058021070766,0.3138986603802164,0.008930673119934136,0.08796692395586642,1800000,3600000,1490400000,157.32000000000002
276,0.7861103407785679,0.32012108889116586,0.009496031369952695,0.08767418903859311,1800000,3600000,1495800000,157.89000000000001
277,0.7883602790190346,0.3126653398292647,0.01047634537024685,0.0873824282798778,1800000,3600000,1501200000,158.46
278,0.7859674353013725,0.31750633582535653,0.010680218876975827,0.08709163843793126,1800000,3600000,1506600000,159.03000000000003
279,0.786923850693135,0.31560613030221485,0.009308815509909979,0.08680181628175224,1800000,3600000,1512000000,159.60000000000002
280,0.7880509884385104,0.3097122925057747,0.00953066483529841,0.08651295859109161,1800000,3600000,1517400000,160.17000000000002
281,0.7860195406767633,0.3142003222306016,0.010963005498919808,0.0862250621564165,1800000,3600000,1522800000,160.74
282,0.7883524964401617,0.31112938449720334,0.011293288903434388,0.08593812377887465,1800000,3600000,1528200000,161.31000000000003
283,0.7840927891308689,0.31425858376179305,0.008917430411753373,0.08565214027025891,1800000,3600000,1533600000,161.88000000000002
284,0.7883625296030895,0.31276271519307375,0.010801948068414778,0.08536710845297184,1800000,3600000,1539000000,162.45000000000002
285,0.7867791752798565,0.3093707127052773,0.010816778943388481,0.08508302515999028,1800000,3600000,1544400000,163.02
286,0.7871305874767287,0.3124387415368221,0.00924416258884215,0.08479988723483026,1800000,3600000,1549800000,163.59000000000003
287,0.786324806083216,0.31657486362906856,0.01118610881742173,0.08451769153151197,1800000,3600000,1555200000,164.16000000000003
288,0.7897621390918851,0.31034962837754854,0.010167481529675119,0.08423643491452465,1800000,3600000,1560600000,164.73000000000002
289,0.7873930507098076,0.31704472804070577,0.009311533343821125,0.08395611425879189,1800000,3600000,1566000000,165.3
290,0.7876591697319696,0.30539490946537146,0.009457638201746473,0.08367672644963688,1800000,3600000,1571400000,165.87
291,0.7875845994381019,0.3127840217341728,0.010673024241336572,0.08339826838274775,1800000,3600000,1576800000,166.44000000000003
292,0.7885563896485261,0.31283048083003,0.011163101454541887,0.08312073696414307,1800000,3600000,1582200000,167.01000000000002
293,0.7873649728735986,0.3090558743315724,0.008962508361232342,0.08284412911013761,1800000,3600000,1587600000,167.58
294,0.7862071808318909,0.3119486705701852,0.008767544162940837,0.0825684417473079,1800000,3600000,1593000000,168.15
295,0.786456637532793,0.311693248849486,0.008348589639143644,0.08229367181245818,1800000,3600000,1598400000,168.72000000000003
296,0.787606681865672,0.3090420546801048,0.00853656252401158,0.08201981625258635,1800000,3600000,1603800000,169.29000000000002
297,0.7855889452616605,0.3156092920571311,0.008961714945739292,0.08174687202485005,1800000,3600000,1609200000,169.86
298,0.7884578883869384,0.3166852163690716,0.009832894827809174,0.08147483609653282,1800000,3600000,1614600000,170.43
299,0.7851902550498749,0.3170467680423615,0.007834763962780114,0.08120370544501043,1800000,3600000,1620000000,171.00000000000003
300,0.7870768686450869,0.31718141346794904,0.009589558486380507,0.08093347705771732,1800000,3600000,1625400000,171.57000000000002
301,0.7851966233012821,0.31759230547457806,0.010102180977945668,0.08066414793211302,1800000,3600000,1630800000,172.14000000000001
302,0.7876926613013084,0.31547334333887084,0.009110476731432593,0.080395715075649,1800000,3600000,1636200000,172.71
303,0.787974853004226,0.30926761619256243,0.007189838068623399,0.08012817550573513,1800000,3600000,1641600000,173.28000000000003
304,0.7893235804567914,0.3128080670655201,0.008379697848797841,0.0798615262497068,1800000,3600000,1647000000,173.85000000000002
305,0.7882537550480779,0.3055153084322862,0.007436920801656452,0.07959576434479178,1800000,3600000,1652400000,174.42000000000002
306,0.7880760887828395,0.31395308685266643,0.006500317863147094,0.07933088683807722,1800000,3600000,1657800000,174.99
307,0.7880716504602543,0.3121454657290445,0.007766653449164924,0.07906689078647704,1800000,3600000,1663200000,175.56000000000003
308,0.7870855696236223,0.3085055149275582,0.009430624898737376,0.07880377325669904,1800000,3600000,1668600000,176.13000000000002
309,0.7859992131853808,0.3132683171464944,0.007820749782123278,0.07854153132521242,1800000,3600000,1674000000,176.70000000000002
310,0.7887917233699523,0.31622978290058856,0.008835763844747086,0.07828016207821521,1800000,3600000,1679400000,177.27
311,0.7873417860650761,0.31425271587843256,0.008907673441931996,0.07801966261160202,1800000,3600000,1684800000,177.84000000000003
312,0.7868031168451656,0.3149863433664707,0.01012739451894596,0.07776003003093164,1800000,3600000,1690200000,178.41000000000003
313,0.7883940414771116,0.31478977029970157,0.00968932114469162,0.07750126145139492,1800000,3600000,1695600000,178.98000000000002
314,0.7853598584176582,0.3114649905513195,0.008743395201407758,0.07724335399778277,1800000,3600000,1701000000,179.55
315,0.7850529923876128,0.31007808176876644,0.0069177973076256696,0.07698630480445418,1800000,3600000,1706400000,180.12000000000003
316,0.7858466206523947,0.31400195988293605,0.009334788451873965,0.07673011101530436,1800000,3600000,1711800000,180.69000000000003
317,0.7856818952770521,0.32041008223508227,0.010550215433980742,0.07647476978373298,1800000,3600000,1717200000,181.26000000000002
318,0.7841756653154369,0.31838333216993414,0.008415703472988992,0.07622027827261263,1800000,3600000,1722600000,181.83
319,0.7887221550940454,0.3108335313202874,0.007674561138725679,0.07596663365425728,1800000,3600000,1728000000,182.40000000000003
320,0.7882333563950259,0.3127078947721695,0.010415344095982002,0.07571383311039072,1800000,3600000,1733400000,182.97000000000003
321,0.7876090083652041,0.3078880738112891,0.009152932284614383,0.07546187383211546,1800000,3600000,1738800000,183.54000000000002
322,0.7888214648456858,0.31151178500126997,0.008392240331751807,0.07521075301988138,1800000,3600000,1744200000,184.11
323,0.7864459165766686,0.31175666388383555,0.007306755142682247,0.07496046788345459,1800000,3600000,1749600000,184.68
324,0.7851969468858279,0.315144657983907,0.007668323968179678,0.0747110156418866,1800000,3600000,1755000000,185.25000000000003
325,0.7875465561405159,0.31511322328531477,0.008274013471781083,0.07446239352348329,1800000,3600000,1760400000,185.82000000000002
326,0.7850814809793354,0.31532990241048936,0.008045184064096949,0.07421459876577408,1800000,3600000,1765800000,186.39000000000001
327,0.7900397711112681,0.30903212622703685,0.009406202169237312,0.07396762861548134,1800000,3600000,1771200000,186.96
328,0.7864705699513728,0.31046071362632877,0.007507104854780592,0.07372148032848977,1800000,3600000,1776600000,187.53000000000003
329,0.7836967463704811,0.31510751895353867,0.00818090675477446,0.07347615116981583,1800000,3600000,1782000000,188.10000000000002
330,0.7890043108137261,0.31073192620209517,0.0071031489347299845,0.07323163841357751,1800000,3600000,1787400000,188.67000000000002
331,0.7850753386451356,0.31282823082018046,0.005893581938257253,0.07298793934296385,1800000,3600000,1792800000,189.24
332,0.7875900073240816,0.31155951290229267,0.0072529347658695726,0.0727450512502049,1800000,3600000,1798200000,189.81000000000003
333,0.7870970097970883,0.31464582232814353,0.00929406658822,0.0725029714365416,1800000,3600000,1803600000,190.38000000000002
334,0.7863639100276738,0.3129173682382915,0.006372955151521255,0.07226169721219572,1800000,3600000,1809000000,190.95000000000002
335,0.7869529894424893,0.30512584532301784,0.008171495583970099,0.07202122589634008,1800000,3600000,1814400000,191.52
336,0.7884746598856524,0.3116607541727737,0.00786412147148172,0.07178155481706869,1800000,3600000,1819800000,192.09000000000003
337,0.7860869872108374,0.3119788117824866,0.008497116912743012,0.0715426813113671,1800000,3600000,1825200000,192.66000000000003
338,0.7873466628248629,0.3146247311641754,0.007994970814504983,0.07130460272508277,1800000,3600000,1830600000,193.23000000000002
339,0.7900551101500402,0.3104081781855004,0.008359622392358693,0.07106731641289565,1800000,3600000,1836000000,193.8
340,0.7888738246678212,0.3113787466346508,0.007625110962242873,0.0708308197382887,1800000,3600000,1841400000,194.37000000000003
341,0.7868658907589654,0.3095630951142434,0.00829072950524817,0.07059511007351867,1800000,3600000,1846800000,194.94000000000003
342,0.7875297022184354,0.3167164630923737,0.008067026164818934,0.07036018479958688,1800000,3600000,1852200000,195.51000000000002
343,0.7847369492379092,0.31421524090975655,0.006294920082098927,0.07012604130621002,1800000,3600000,1857600000,196.08
344,0.7871334282601516,0.31199677480821275,0.007848743493678721,0.06989267699179139,1800000,3600000,1863000000,196.65000000000003
345,0.7879414697530667,0.3060194021456768,0.0069560981745587615,0.06966008926339172,1800000,3600000,1868400000,197.22000000000003
346,0.7861344143411501,0.31082636646944595,0.006932059548367571,0.06942827553670051,1800000,3600000,1873800000,197.79000000000002
347,0.7865561333154979,0.3177267861741993,0.00727085967538317,0.06919723323600736,1800000,3600000,1879200000,198.36
348,0.7873478361552804,0.3143192167698099,0.006642254700382686,0.06896695979417317,1800000,3600000,1884600000,198.93000000000004
349,0.7861295860602074,0.313566122097422,0.008728141370709595,0.06873745265260178,1800000,3600000,1890000000,199.50000000000003
350,0.7870596687740343,0.31346451135791753,0.007509639903758098,0.06850870926121148,1800000,3600000,1895400000,200.07000000000002
351,0.7878333747282028,0.3148560020479239,0.006044189376475177,0.06828072707840671,1800000,3600000,1900800000,200.64000000000001
352,0.7872141252280921,0.31504420057519955,0.009026346101056728,0.06805350357104971,1800000,3600000,1906200000,201.21
353,0.7867923415031396,0.31564449100022873,0.005852836105499165,0.06782703621443252,1800000,3600000,1911600000,201.78000000000003
354,0.7843427987702738,0.31615925355495533,0.005955545300930501,0.06760132249224887,1800000,3600000,1917000000,202.35000000000002
355,0.7880618298449352,0.3172584032700539,0.008447821957864272,0.06737635989656618,1800000,3600000,1922400000,202.92000000000002
356,0.7893404912350951,0.3106376517628989,0.008143893897708603,0.06715214592779772,1800000,3600000,1927800000,203.49
357,0.7861173478726687,0.3121586381455123,0.007787151924624706,0.0669286780946749,1800000,3600000,1933200000,204.06000000000003
358,0.7844828718360465,0.3187095671593225,0.007728041632785363,0.06670595391421945,1800000,3600000,1938600000,204.63000000000002
359,0.786885424676481,0.31143130085268056,0.007864787358092762,0.066483970911716,1800000,3600000,1944000000,205.20000000000002
360,0.7861162201049501,0.314012486627091,0.007890198139562555,0.06626272662068447,1800000,3600000,1949400000,205.77
361,0.7877772715942286,0.30657163554100336,0.007917356972379025,0.06604221858285264,1800000,3600000,1954800000,206.34000000000003
362,0.7878173136045715,0.30900072623689656,0.006750050698601745,0.06582244434812895,1800000,3600000,1960200000,206.91000000000003
363,0.7878996905379144,0.31684524058965724,0.006987055115312979,0.06560340147457523,1800000,3600000,1965600000,207.48000000000002
364,0.7860538953488658,0.315820157268792,0.007247350980764141,0.06538508752837947,1800000,3600000,1971000000,208.05
365,0.7880855272200709,0.31131259578345816,0.006994359132004065,0.06516750008382895,1800000,3600000,1976400000,208.62000000000003
366,0.7864635605640573,0.31187170309459095,0.007150055020666043,0.06495063672328313,1800000,3600000,1981800000,209.19000000000003
367,0.7891021510318711,0.31128862849123534,0.006287810460771152,0.0647344950371469,1800000,3600000,1987200000,209.76000000000002
368,0.7854256728510914,0.319001098355257,0.008136581846212012,0.06451907262384375,1800000,3600000,1992600000,210.33
369,0.7821461982532538,0.31624006310639485,0.007601837886489541,0.06430436708978908,1800000,3600000,1998000000,210.90000000000003
370,0.7844189543666054,0.3086934029401659,0.005948055400807563,0.06409037604936363,1800000,3600000,2003400000,211.47000000000003
371,0.7873581586304348,0.31456881166322187,0.006251871193134485,0.063877097124887,1800000,3600000,2008800000,212.04000000000002
372,0.7838650741736818,0.31936809808979855,0.006925733634135594,0.06366452794659114,1800000,3600000,2014200000,212.61
373,0.7871805779185699,0.3138278123515524,0.007949772197847017,0.06345266615259412,1800000,3600000,2019600000,213.18000000000004
374,0.7862305313322111,0.31116656548100846,0.005213875699271602,0.06324150938887384,1800000,3600000,2025000000,213.75000000000003
375,0.7888533288556532,0.3013248578061138,0.007033157044672463,0.06303105530924182,1800000,3600000,2030400000,214.32000000000002
376,0.7854209047287908,0.3180041279163829,0.005868990310801624,0.06282130157531728,1800000,3600000,2035800000,214.89000000000001
377,0.7854227809315283,0.31614487783576384,0.005900123813575261,0.06261224585650099,1800000,3600000,2041200000,215.46000000000004
378,0.7870046890357397,0.31388088599461206,0.007341230601139531,0.06240388582994949,1800000,3600000,2046600000,216.03000000000003
379,0.7855468775100873,0.31409426794956946,0.006946743697110433,0.06219621918054922,1800000,3600000,2052000000,216.60000000000002
380,0.7859415098480003,0.3147448039750544,0.006857297006492392,0.061989243600890837,1800000,3600000,2057400000,217.17000000000002
381,0.7901008811421713,0.3106464514426207,0.006021354685983739,0.06178295679124355,1800000,3600000,2062800000,217.74000000000004
382,0.7861561536571257,0.31010434960673056,0.006852659766828881,0.06157735645952957,1800000,3600000,2068200000,218.31000000000003
383,0.7868468824917451,0.3152349907066335,0.006758025347664981,0.061372440321298655,1800000,3600000,2073600000,218.88000000000002
384,0.7870728484502321,0.3157276900342524,0.008630967941817686,0.06116820609970271,1800000,3600000,2079000000,219.45000000000002
385,0.7884066554545288,0.30981748403851034,0.005158332378601563,0.0609646515254705,1800000,3600000,2084400000,220.02
386,0.7840030839957822,0.31805967398477447,0.005641639773708294,0.060761774336882464,1800000,3600000,2089800000,220.59000000000003
387,0.7869316241833204,0.3091245973872798,0.009420678236409795,0.06055957227974552,1800000,3600000,2095200000,221.16000000000003
388,0.7871913857059691,0.3117340608215432,0.008193017831295122,0.06035804310736805,1800000,3600000,2100600000,221.73000000000002
389,0.7840690529703924,0.31809322490867026,0.006641101558421406,0.060157184580534956,1800000,3600000,2106000000,222.3
390,0.7867965496709455,0.31138012401141524,0.005574496205607129,0.05995699446748277,1800000,3600000,2111400000,222.87000000000003
391,0.7864373507881157,0.3128258772667125,0.005362618405627956,0.05975747054387485,1800000,3600000,2116800000,223.44000000000003
392,0.7889820399083411,0.31177815487653865,0.007740099008956402,0.05955861059277665,1800000,3600000,2122200000,224.01000000000002
393,0.7871089101002864,0.30658900570802977,0.008034286590806197,0.0593604124046311,1800000,3600000,2127600000,224.58
394,0.7891603592318729,0.3139260273052387,0.004360710892174252,0.0591628737772341,1800000,3600000,2133000000,225.15000000000003
395,0.7876834453404815,0.30997850405184935,0.005092546546707697,0.05896599251570996,1800000,3600000,2138400000,225.72000000000003
396,0.7862760541943047,0.315378644502788,0.006263117819695449,0.058769766432487075,1800000,3600000,2143800000,226.29000000000002
397,0.7892238704457235,0.31110603726129765,0.007812621926855164,0.05857419334727365,1800000,3600000,2149200000,226.86
398,0.7842626397892806,0.31413447239383974,0.003972443633107394,0.05837927108703333,1800000,3600000,2154600000,227.43000000000004
399,0.7858810581889432,0.3084131628842711,0.006165419611324726,0.05818499748596127,1800000,3600000,2160000000,228.00000000000003
400,0.7872848341342312,0.3117642391330682,0.0051080455171190016,0.05799137038545989,1800000,3600000,2165400000,228.57000000000002
401,0.7883918430032245,0.31486157197078873,0.004962851727971595,0.05779838763411496,1800000,3600000,2170800000,229.14000000000001
402,0.7855507923571222,0.31815574742185737,0.005567490195783836,0.05760604708767172,1800000,3600000,2176200000,229.71000000000004
403,0.7874156095762139,0.3109840051363794,0.00535406915878183,0.057414346609011,1800000,3600000,2181600000,230.28000000000003
404,0.7828484031470923,0.31348776967279357,0.006452758534522541,0.05722328406812549,1800000,3600000,2187000000,230.85000000000002
405,0.7842565871907983,0.31326714942060335,0.0054957917621259855,0.05703285734209613,1800000,3600000,2192400000,231.42000000000002
406,0.7877886484415016,0.30628676811533245,0.0063972840700406465,0.05684306431506844,1800000,3600000,2197800000,231.99000000000004
407,0.786458088918896,0.31459549835295164,0.004913247828751129,0.05665390287822906,1800000,3600000,2203200000,232.56000000000003
408,0.7838184612413557,0.3158703587807596,0.006707843223223336,0.056465370929782294,1800000,3600000,2208600000,233.13000000000002
409,0.7870248558478734,0.31368226608473915,0.006607049875220012,0.05627746637492678,1800000,3600000,2214000000,233.70000000000002
410,0.7899553437221357,0.30586344720867864,0.0048112929955163655,0.05609018712583219,1800000,3600000,2219400000,234.27000000000004
411,0.7869108478363734,0.31018373033596247,0.004637838687443382,0.05590353110161606,1800000,3600000,2224800000,234.84000000000003
412,0.7871125996837441,0.3125325081292968,0.006291163710435374,0.05571749622832065,1800000,3600000,2230200000,235.41000000000003
413,0.7880994538979965,0.3149601680670064,0.005673821994212295,0.05553208043888989,1800000,3600000,2235600000,235.98000000000002
414,0.7848778838456003,0.31802994338434765,0.005179790068693795,0.05534728167314643,1800000,3600000,2241000000,236.55000000000004
415,0.7864955394856561,0.3144956486274224,0.005943677923975186,0.05516309787776877,1800000,3600000,2246400000,237.12000000000003
416,0.7884215209941521,0.30622904280269503,0.006214512648175442,0.05497952700626836,1800000,3600000,2251800000,237.69000000000003
417,0.789329110931646,0.31823171587539084,0.005325445278368128,0.054796567018967006,1800000,3600000,2257200000,238.26000000000002
418,0.7878835280685826,0.31152038105695584,0.0052608037677833,0.05461421588297405,1800000,3600000,2262600000,238.83
419,0.7889153321135186,0.3159876732608832,0.0056980371715062315,0.05443247157216389,1800000,3600000,2268000000,239.40000000000003
420,0.788138333002238,0.3091644153236567,0.005657007388911632,0.05425133206715343,1800000,3600000,2273400000,239.97000000000003
421,0.787404612752199,0.31046788108892953,0.007014949137335361,0.05407079535527962,1800000,3600000,2278800000,240.54000000000002
422,0.7879001784991633,0.3160676526644391,0.005842012486684355,0.05389085943057717,1800000,3600000,2284200000,241.11
423,0.7849436537619147,0.31701441956329096,0.005809122648982841,0.05371152229375616,1800000,3600000,2289600000,241.68000000000004
424,0.7877907811005039,0.3125024926836181,0.0067907481894032415,0.053532781952179885,1800000,3600000,2295000000,242.25000000000003
425,0.7889960639667929,0.31152194745125306,0.005505261408215677,0.05335463641984271,1800000,3600000,2300400000,242.82000000000002
426,0.786407731257671,0.3121138741577906,0.003056256299928859,0.05317708371734802,1800000,3600000,2305800000,243.39000000000001
427,0.7872487707261837,0.31469342207554696,0.006333442918632378,0.05300012187188616,1800000,3600000,2311200000,243.96000000000004
428,0.7886613345813863,0.3089254236884977,0.0046977105121159424,0.05282374891721258,1800000,3600000,2316600000,244.53000000000003
429,0.7860377084995914,0.3111984030908113,0.005676422822588092,0.052647962893626,1800000,3600000,2322000000,245.10000000000002
430,0.7871266850535641,0.3128648774245511,0.004761404393148225,0.05247276184794653,1800000,3600000,2327400000,245.67000000000002
431,0.7872711065837286,0.30870099194385026,0.00593181802011211,0.05229814383349411,1800000,3600000,2332800000,246.24000000000004
432,0.7870743559377624,0.31060969730869525,0.005117353392231968,0.05212410691006679,1800000,3600000,2338200000,246.81000000000003
433,0.7876651298393442,0.30808002923239286,0.004410654275021195,0.051950649143919156,1800000,3600000,2343600000,247.38000000000002
434,0.7870071932020197,0.30864323975065333,0.005650043566574212,0.05177776860774092,1800000,3600000,2349000000,247.95000000000002
435,0.7859012847698598,0.3121103733195298,0.004846151208157909,0.051605463380635486,1800000,3600000,2354400000,248.52000000000004
436,0.7886461319701907,0.3126372246794619,0.005223151751917352,0.05143373154809852,1800000,3600000,2359800000,249.09000000000003
437,0.7871772608178917,0.3138202528176964,0.004224450668867918,0.051262571201996794,1800000,3600000,2365200000,249.66000000000003
438,0.7882752807741066,0.3078205181864763,0.006756629519070658,0.05109198044054694,1800000,3600000,2370600000,250.23000000000002
439,0.7899825788990567,0.31387748852920105,0.004742055286776781,0.05092195736829428,1800000,3600000,2376000000,250.80000000000004
440,0.7881597746995038,0.3121778517635331,0.005320658446569424,0.05075250009609183,1800000,3600000,2381400000,251.37000000000003
441,0.7867470528189625,0.30889166076726127,0.00564919518624629,0.05058360674107924,1800000,3600000,2386800000,251.94000000000003
442,0.7844090675196917,0.316984974475423,0.006311963976084303,0.05041527542666197,1800000,3600000,2392200000,252.51000000000002
443,0.7871499195667027,0.31130027823226464,0.005989531642377625,0.05024750428249035,1800000,3600000,2397600000,253.08000000000004
444,0.7875534574588196,0.3169237240840625,0.004167193841376204,0.050080291444438804,1800000,3600000,2403000000,253.65000000000003
445,0.7862937778424844,0.30993226004954566,0.0039742941757155755,0.0499136350545852,1800000,3600000,2408400000,254.22000000000003
446,0.785525046501065,0.3112462722109571,0.0038531249128172596,0.04974753326119018,1800000,3600000,2413800000,254.79000000000002
447,0.7850858829928367,0.310940185477468,0.005397852394292262,0.04958198421867652,1800000,3600000,2419200000,255.36
448,0.7860396020170978,0.3186604807904046,0.005836969126247586,0.04941698608760872,1800000,3600000,2424600000,255.93000000000004
449,0.7887569397069542,0.30873041428682774,0.005694538050135283,0.04925253703467255,1800000,3600000,2430000000,256.5
450,0.7881594018996929,0.30697043672687163,0.004857782102474122,0.04908863523265456,1800000,3600000,2435400000,257.07000000000005
451,0.7873387140407219,0.3172747902630308,0.003794918889574626,0.04892527886042197,1800000,3600000,2440800000,257.64000000000004
452,0.7865492362095223,0.3172202173461459,0.0039022902264212378,0.048762466102902295,1800000,3600000,2446200000,258.21000000000004
453,0.7881233730976338,0.31316235363325595,0.004100935165446915,0.0486001951510632,1800000,3600000,2451600000,258.78000000000003
454,0.7849358790469949,0.31013366667879055,0.0034211205987445268,0.04843846420189246,1800000,3600000,2457000000,259.35
455,0.7891113156310098,0.3140889876122986,0.004376150152597722,0.04827727145837786,1800000,3600000,2462400000,259.92
456,0.7870706293457013,0.313737382106781,0.003750802056222133,0.04811661512948724,1800000,3600000,2467800000,260.49
457,0.7856048450772811,0.31151164710691553,0.006700719481994402,0.047956493430148656,1800000,3600000,2473200000,261.06
458,0.7880326377993259,0.3073193674016898,0.005477965177613595,0.047796904581230454,1800000,3600000,2478600000,261.63000000000005
459,0.7872058008235227,0.31532941479910387,0.0051608292893572695,0.04763784680952156,1800000,3600000,2484000000,262.20000000000005
460,0.7886616484113533,0.31562070418036287,0.004778072812204647,0.04747931834771174,1800000,3600000,2489400000,262.77000000000004
461,0.7842730256431315,0.315924971823352,0.0034020090894477896,0.04732131743437206,1800000,3600000,2494800000,263.34000000000003
462,0.7863449693565548,0.3179908839678852,0.004359362420113922,0.047163842313935146,1800000,3600000,2500200000,263.91
463,0.7877034284604885,0.31007316019102854,0.0031449985964351937,0.04700689123667585,1800000,3600000,2505600000,264.48
464,0.785990722469054,0.3126366400586933,0.005416233775466873,0.04685046245869167,1800000,3600000,2511000000,265.05
465,0.7871372494781893,0.309177169870591,0.0056586426180826235,0.04669455424188347,1800000,3600000,2516400000,265.62
466,0.7867201517779008,0.3137783322259269,0.006768879799149521,0.04653916485393615,1800000,3600000,2521800000,266.19000000000005
467,0.7858442441614631,0.30866891342700103,0.0034102916612559053,0.046384292568299325,1800000,3600000,2527200000,266.76000000000005
468,0.7864194668799526,0.31473663438275973,0.004128198508083967,0.04622993566416824,1800000,3600000,2532600000,267.33000000000004
469,0.7871327157859963,0.31421198348914187,0.0021610119471545063,0.046076092426464606,1800000,3600000,2538000000,267.90000000000003
470,0.7846868515893796,0.3131517206846022,0.00357557718951911,0.04592276114581752,1800000,3600000,2543400000,268.47
471,0.7872235498737205,0.3084833081789737,0.006727772635037362,0.0457699401185445,1800000,3600000,2548800000,269.04
472,0.7847375335005222,0.313546372154899,0.005383390011422238,0.04561762764663259,1800000,3600000,2554200000,269.61
473,0.7860610109932312,0.31501051846174644,0.005109101631612496,0.045465822037719386,1800000,3600000,2559600000,270.18
474,0.7879258485955803,0.3182085436627399,0.004336402041337047,0.045314521605074355,1800000,3600000,2565000000,270.75000000000006
475,0.7875568242876863,0.31437849082432245,0.005052082481443426,0.04516372466758004,1800000,3600000,2570400000,271.32000000000005
476,0.7864932427577868,0.30956387472074925,0.004150690184504803,0.04501342954971334,1800000,3600000,2575800000,271.89000000000004
477,0.7858855194438736,0.316255955531865,0.0039853465774341516,0.04486363458152695,1800000,3600000,2581200000,272.46000000000004
478,0.7897795735162216,0.3123294440013122,0.005768365565345621,0.044714338098630825,1800000,3600000,2586600000,273.03000000000003
479,0.7875668780268822,0.31461168037582526,0.005007731085032701,0.04456553844217358,1800000,3600000,2592000000,273.6
480,0.7873781022718268,0.31386243951930143,0.005100893536793941,0.04441723395882419,1800000,3600000,2597400000,274.17
481,0.7871234719137247,0.3173179342295912,0.004994995969020508,0.04426942300075353,1800000,3600000,2602800000,274.74
482,0.7884059387653212,0.31170039673736916,0.004942926922425014,0.04412210392561611,1800000,3600000,2608200000,275.31
483,0.7874800425977695,0.31174297164165493,0.003726219290359621,0.04397527509653179,1800000,3600000,2613600000,275.88000000000005
484,0.7850323617208635,0.32147985669015144,0.005202521089015546,0.043828934882067634,1800000,3600000,2619000000,276.45000000000005
485,0.7843719553119617,0.3171618309310699,0.004318116811575749,0.043683081656219744,1800000,3600000,2624400000,277.02000000000004
486,0.7853222292654578,0.31723594238555286,0.003719526256390612,0.043537713798395224,1800000,3600000,2629800000,277.59000000000003
487,0.7852518714991199,0.3129996466766957,0.005919150317804786,0.04339282969339417,1800000,3600000,2635200000,278.16
488,0.7850118522284343,0.3189488283916998,0.0045161878185905144,0.04324842773139169,1800000,3600000,2640600000,278.73
489,0.7873355272271252,0.31721606758798365,0.004977103156866045,0.04310450630792006,1800000,3600000,2646000000,279.3
490,0.7866580205643791,0.31758365060358995,0.0033198106827324768,0.04296106382385086,1800000,3600000,2651400000,279.87
491,0.7880799548250977,0.3134832134668425,0.004423367529373822,0.042818098685377254,1800000,3600000,2656800000,280.44000000000005
492,0.7862162830801255,0.30947060515483704,0.004659001159005702,0.04267560930399622,1800000,3600000,2662200000,281.01000000000005
493,0.784571007730046,0.3178753133670663,0.005528480688087715,0.04253359409649095,1800000,3600000,2667600000,281.58000000000004
494,0.7844718124128763,0.31493092699438285,0.003965241188438615,0.04239205148491322,1800000,3600000,2673000000,282.15000000000003
495,0.7881485844222813,0.3102100832219749,0.0035435199938157746,0.04225097989656591,1800000,3600000,2678400000,282.72
496,0.787511372578558,0.3065179654570001,0.004820421507025736,0.042110377763985456,1800000,3600000,2683800000,283.29
497,0.7856451913385686,0.3163855637838621,0.004415510384990651,0.041970243524924504,1800000,3600000,2689200000,283.86
498,0.7866623666064904,0.30951973051895487,0.005146971798000381,0.04183057562233452,1800000,3600000,2694600000,284.43
499,0.7846449536818599,0.31533822714550547,0.004395358199385692,0.04169137250434846,1800000,3600000,2700000000,285.00000000000006
500,0.788438820778971,0.3100080364861399,0.004915124815132666,0.041552632624263605,1800000,3600000,2705400000,285.57000000000005
501,0.7842983757882475,0.31917207004114184,0.0026898978740877316,0.0414143544405243,1800000,3600000,2710800000,286.14000000000004
502,0.7891339724160341,0.3111986668508357,0.0042931218714609065,0.04127653641670483,1800000,3600000,2716200000,286.71000000000004
503,0.7894443883694251,0.3117236852240743,0.0047254026839098845,0.04113917702149243,1800000,3600000,2721600000,287.28000000000003
504,0.7867742509448411,0.3119394505894454,0.0050198277304773576,0.04100227472867019,1800000,3600000,2727000000,287.85
505,0.7871560286027529,0.3078597235813112,0.004698127232031127,0.0408658280171001,1800000,3600000,2732400000,288.42
506,0.7865388848955339,0.31364028680368894,0.0037443151223792775,0.04072983537070618,1800000,3600000,2737800000,288.99
507,0.783238897373107,0.3184280139521237,0.004069438710134381,0.04059429527845764,1800000,3600000,2743200000,289.56000000000006
508,0.7863227498566053,0.31239623694391566,0.003087836202619665,0.04045920623435205,1800000,3600000,2748600000,290.13000000000005
509,0.7882205330084028,0.31410798279546487,0.004915131397646885,0.040324566737398634,1800000,3600000,2754000000,290.70000000000005
510,0.7895392632489606,0.3093078778805348,0.0046763112773532895,0.040190375291601625,1800000,3600000,2759400000,291.27000000000004
511,0.7880689211059204,0.3107373189263663,0.005484906667485924,0.04005663040594355,1800000,3600000,2764800000,291.84000000000003
512,0.7868102540858037,0.31068203267000505,0.003898734744473532,0.03992333059436875,1800000,3600000,2770200000,292.41
513,0.7864363460904334,0.3160751013666488,0.005423031621476174,0.03979047437576686,1800000,3600000,2775600000,292.98
514,0.7885779002811364,0.3114398321507328,0.004869832563630236,0.039658060273956276,1800000,3600000,2781000000,293.55
515,0.788501718299403,0.31262355140593834,0.0044762756713141345,0.039526086817667866,1800000,3600000,2786400000,294.12
516,0.7863893855037776,0.3102853451272542,0.003731352078310028,0.03939455254052851,1800000,3600000,2791800000,294.69000000000005
517,0.7872338129839369,0.31159214740880936,0.003578449135154098,0.039263455981044894,1800000,3600000,2797200000,295.26000000000005
518,0.7899207974164265,0.30803344796374216,0.004167247297108118,0.039132795682587256,1800000,3600000,2802600000,295.83000000000004
519,0.7848611722118591,0.31386583761313225,0.0036868108844834518,0.03900257019337312,1800000,3600000,2808000000,296.40000000000003
520,0.7873015853760801,0.3091081432998401,0.0028028423072725484,0.03887277806645128,1800000,3600000,2813400000,296.97
521,0.7852616177362954,0.3115366511204299,0.0038577670407394077,0.03874341785968567,1800000,3600000,2818800000,297.54
522,0.7862659142389502,0.31324389753281673,0.0030568077537329956,0.03861448813573931,1800000,3600000,2824200000,298.11
523,0.7864869422007763,0.31605097892156164,0.0032794696604237675,0.0384859874620584,1800000,3600000,2829600000,298.68
524,0.7875187349632129,0.3090558404438526,0.004291429514570313,0.03835791441085635,1800000,3600000,2835000000,299.25000000000006
525,0.788984077132941,0.3056475017947345,0.004759858036344426,0.03823026755909793,1800000,3600000,2840400000,299.82000000000005
526,0.78792281534424,0.31053543859507854,0.004447954409045507,0.038103045488483485,1800000,3600000,2845800000,300.39000000000004
527,0.7852619180778152,0.3080352098154703,0.0035389667215812866,0.03797624678543314,1800000,3600000,2851200000,300.96000000000004
528,0.7886540897499503,0.30997932718025917,0.002862508284676921,0.03784987004107112,1800000,3600000,2856600000,301.53000000000003
529,0.7891259222894776,0.30718269056184866,0.004153593132719845,0.03772391385121006,1800000,3600000,2862000000,302.1
530,0.7856589839113894,0.3098971224458692,0.0034182092021196897,0.03759837681633546,1800000,3600000,2867400000,302.67
531,0.7864869995661855,0.3079888310227756,0.005242744250767303,0.037473257541590074,1800000,3600000,2872800000,303.24
532,0.7851286806153279,0.311980541256009,0.00534650112943099,0.03734855463675846,1800000,3600000,2878200000,303.81000000000006
533,0.7864129697669161,0.31291756592977105,0.0020593032251771484,0.037224266716251495,1800000,3600000,2883600000,304.38000000000005
534,0.789584650029285,0.31375099283082536,0.004187955480978576,0.037100392399091006,1800000,3600000,2889000000,304.95000000000005
535,0.7898087011557574,0.30690700135517657,0.0034600661055182755,0.03697693030889443,1800000,3600000,2894400000,305.52000000000004
536,0.7864355676437377,0.3171724635087889,0.004577168016208884,0.03685387907385949,1800000,3600000,2899800000,306.09000000000003
537,0.7850450410857865,0.3115571157385189,0.005027599934080895,0.036731237326748954,1800000,3600000,2905200000,306.66
538,0.787127082022474,0.31676282304817416,0.003601870447328979,0.036609003704875506,1800000,3600000,2910600000,307.23
539,0.7843500137531676,0.31678581184085614,0.003655286088748453,0.036487176850086525,1800000,3600000,2916000000,307.8
540,0.7888548797274634,0.31331947141662747,0.0036280003602109884,0.036365755408749034,1800000,3600000,2921400000,308.37000000000006
541,0.7860071506412727,0.31382139376058327,0.0033573124449978384,0.036244738031734676,1800000,3600000,2926800000,308.94000000000005
542,0.7887558464067429,0.30770050540856897,0.003910876445173021,0.03612412337440466,1800000,3600000,2932200000,309.51000000000005
543,0.7852057077759709,0.3127207254615665,0.0026726039101066072,0.03600391009659489,1800000,3600000,2937600000,310.08000000000004
544,0.786074959986181,0.31712294272098956,0.002731283680335767,0.035884096862601064,1800000,3600000,2943000000,310.65000000000003
545,0.7842466975249189,0.31785000035057853,0.0029156897116273048,0.03576468234116376,1800000,3600000,2948400000,311.22
546,0.7860777079152731,0.31298396360066044,0.004101546459899297,0.035645665205453765,1800000,3600000,2953800000,311.79
547,0.7870217952615698,0.3091926529092079,0.0029345020527094855,0.035527044133057226,1800000,3600000,2959200000,312.36
548,0.7871304217582047,0.3089395537924193,0.004598793063994714,0.035408817805960995,1800000,3600000,2964600000,312.93
549,0.789025018154599,0.30984482831744525,0.004184622561766106,0.035290984910538004,1800000,3600000,2970000000,313.50000000000006
550,0.7862710448069915,0.31752227120407517,0.0032300499682601774,0.03517354413753266,1800000,3600000,2975400000,314.07000000000005
551,0.7857135108092315,0.31548345772970043,0.0035247110626018944,0.03505649418204626,1800000,3600000,2980800000,314.64000000000004
552,0.7876091996711234,0.31396982762893366,0.003218370524373553,0.03493983374352255,1800000,3600000,2986200000,315.21000000000004
553,0.7858823686019932,0.31379588081891074,0.0027245677197462416,0.03482356152573324,1800000,3600000,2991600000,315.78000000000003
554,0.78748778323912,0.31000280992582496,0.0017591847058727624,0.03470767623676358,1800000,3600000,2997000000,316.35
555,0.786446776458492,0.3158812525754567,0.003818709845895161,0.034592176588998075,1800000,3600000,3002400000,316.92
556,0.7877429859188378,0.3088316396619318,0.00012016507931237458,0.03447706129910612,1800000,3600000,3007800000,317.49
557,0.7857006696420483,0.3115533866765335,0.004122158817448742,0.03436232908802773,1800000,3600000,3013200000,318.06000000000006
558,0.7847075757265429,0.3126861551229006,0.003858962349566299,0.034247978680959405,1800000,3600000,3018600000,318.63000000000005
559,0.7865957955982403,0.31142087494272164,0.0020636999001798573,0.03413400880733988,1800000,3600000,3024000000,319.20000000000005
560,0.7837913656330673,0.31730841601529,0.002884559695007487,0.03402041820083606,1800000,3600000,3029400000,319.77000000000004
561,0.7881195384782305,0.31393436930591967,0.0030248601832286435,0.03390720559932891,1800000,3600000,3034800000,320.34000000000003
562,0.7870247220196948,0.30924998585166935,0.002530988771465316,0.033794369744899494,1800000,3600000,3040200000,320.91
563,0.785846253373306,0.31750765673000814,0.0028690580660939158,0.033681909383814906,1800000,3600000,3045600000,321.48
564,0.787534435380136,0.30983821403433726,0.0028959381353957153,0.033569823266514455,1800000,3600000,3051000000,322.05
565,0.7861422730327869,0.31778531680786165,0.0041459315667253995,0.03345811014759566,1800000,3600000,3056400000,322.62000000000006
566,0.7850169154599246,0.31042605767032594,0.0033083700940514573,0.03334676878580049,1800000,3600000,3061800000,323.19000000000005
567,0.7869934728132435,0.3123300659898092,0.00366179597364372,0.03323579794400159,1800000,3600000,3067200000,323.76000000000005
568,0.7871961713852206,0.31260643791900505,0.005061968634693452,0.03312519638918843,1800000,3600000,3072600000,324.33000000000004
569,0.7846005191364803,0.3125939857993307,0.0037446992571194427,0.03301496289245373,1800000,3600000,3078000000,324.90000000000003
570,0.7895091429627258,0.31079497179962384,0.002099677592644301,0.03290509622897971,1800000,3600000,3083400000,325.47
571,0.7897008868718984,0.3155909485645461,0.003459621391312343,0.03279559517802455,1800000,3600000,3088800000,326.04
572,0.7859449269357629,0.31217892210123815,0.003569827476035156,0.032686458522908766,1800000,3600000,3094200000,326.61
573,0.7851814952247513,0.31817215608901644,0.0014116314099089063,0.03257768505100174,1800000,3600000,3099600000,327.18000000000006
574,0.7871037061703573,0.3073327080621015,0.0016204147605638158,0.03246927355370822,1800000,3600000,3105000000,327.75000000000006
575,0.7872441333715285,0.3124839517183548,0.0021882760849612354,0.03236122282645489,1800000,3600000,3110400000,328.32000000000005
576,0.7874364215339563,0.30941401986557654,0.0028204818642467784,0.03225353166867703,1800000,3600000,3115800000,328.89000000000004
577,0.7870332889309408,0.31591117067474606,0.0020824505092650785,0.03214619888380508,1800000,3600000,3121200000,329.46000000000004
578,0.7858562941070819,0.31539689947770383,0.002041157724057263,0.032039223279251454,1800000,3600000,3126600000,330.03000000000003
579,0.7877803435167747,0.3176650585237491,0.0033032773697293906,0.03193260366639722,1800000,3600000,3132000000,330.6
580,0.785796101855185,0.3182590223552796,0.00363017635976068,0.031826338860578916,1800000,3600000,3137400000,331.17
581,0.7866129352451376,0.31685754496018687,0.004142369718947282,0.03172042768107538,1800000,3600000,3142800000,331.74
582,0.7850671893619727,0.3137819348415205,0.004262241640030119,0.031614868951094645,1800000,3600000,3148200000,332.31000000000006
583,0.7879575847644978,0.31507892874758664,0.0019724153674906143,0.03150966149776084,1800000,3600000,3153600000,332.88000000000005
584,0.7860064082674636,0.31586424541694896,0.003199279138677703,0.03140480415210119,1800000,3600000,3159000000,333.45000000000005
585,0.7859295299898971,0.3129818311639193,0.002016758543881788,0.03130029574903299,1800000,3600000,3164400000,334.02000000000004
586,0.7859608861195837,0.31446641998669167,0.001052106431960194,0.031196135127350685,1800000,3600000,3169800000,334.59000000000003
587,0.785243265129835,0.31443794513706497,0.004473720456488236,0.03109232112971296,1800000,3600000,3175200000,335.16
588,0.7872301388117682,0.31128738452104926,0.003612066904643201,0.0309888526026299,1800000,3600000,3180600000,335.73
589,0.7867302505853321,0.319048800331372,0.0009795608261145962,0.030885728396450124,1800000,3600000,3186000000,336.3
590,0.7877113917992686,0.3154141860021916,0.0013926916369178524,0.03078294736534807,1800000,3600000,3191400000,336.87000000000006
591,0.7859903070997482,0.3160541635099383,0.0048996663748647066,0.030680508367311208,1800000,3600000,3196800000,337.44000000000005
592,0.7833626911471843,0.30665967524982235,0.0024944065306792833,0.030578410264127404,1800000,3600000,3202200000,338.01000000000005
593,0.7875800937482845,0.311427490030533,0.004124334759690793,0.030476651921372246,1800000,3600000,3207600000,338.58000000000004
594,0.7861443735416414,0.3182021858385268,0.002211146995110293,0.03037523220839642,1800000,3600000,3213000000,339.15000000000003
595,0.7863643291903636,0.31215705302747965,0.00166466949150528,0.030274149998313186,1800000,3600000,3218400000,339.72
596,0.7899363729051985,0.30625877874335566,0.002764756305739765,0.030173404167985855,1800000,3600000,3223800000,340.29
597,0.7852735406367847,0.3144678519693064,0.00043354593093261097,0.030072993598015248,1800000,3600000,3229200000,340.86
598,0.784773516146173,0.3137860255869233,0.002617945318879597,0.029972917172727348,1800000,3600000,3234600000,341.43000000000006
599,0.7885628486896276,0.3104849467132784,0.003297293646774952,0.02987317378016085,1800000,3600000,3240000000,342.00000000000006
600,0.7884371042687289,0.3124415094182024,0.0018764246607306252,0.029773762312054794,1800000,3600000,3245400000,342.57000000000005
601,0.7874873071686712,0.3104143355072982,0.0037931233093827814,0.029674681663836296,1800000,3600000,3250800000,343.14000000000004
602,0.789381019743449,0.31711874829042236,0.0030987043302614127,0.029575930734608246,1800000,3600000,3256200000,343.71000000000004
603,0.788832170195558,0.31179550791075905,0.0021279339231127653,0.029477508427137096,1800000,3600000,3261600000,344.28000000000003
604,0.7870862838076239,0.31355728463011473,0.003514067868634387,0.029379413647840618,1800000,3600000,3267000000,344.85
605,0.7867289565060924,0.31459512513560695,0.0016493797470206722,0.02928164530677581,1800000,3600000,3272400000,345.42
606,0.7861415618052043,0.313816205874199,0.0035466741446499844,0.02918420231762678,1800000,3600000,3277800000,345.99000000000007
607,0.7889905402169777,0.3108210532086067,0.00444409396650143,0.029087083597692635,1800000,3600000,3283200000,346.56000000000006
608,0.7885706445246911,0.308015653170616,0.002193079577669868,0.028990288067875493,1800000,3600000,3288600000,347.13000000000005
609,0.7870385130077523,0.3130137928289709,0.002256171230422353,0.028893814652668486,1800000,3600000,3294000000,347.70000000000005
610,0.787418891719431,0.319240500814962,0.0033263229875076616,0.028797662280143754,1800000,3600000,3299400000,348.27000000000004
611,0.786838614855602,0.3123826994129977,0.0028515233823565643,0.028701829881940626,1800000,3600000,3304800000,348.84000000000003
612,0.7878273474784236,0.31012659833135087,0.0019206813181794897,0.0286063163932537,1800000,3600000,3310200000,349.41
613,0.784546367425228,0.3189618802087133,0.003617072294781874,0.028511120752821004,1800000,3600000,3315600000,349.98
614,0.7862249769760574,0.31761505767405085,0.004164408321830876,0.028416241902912216,1800000,3600000,3321000000,350.55
615,0.7872967524535034,0.31194311353154563,0.003015731732383296,0.02832167878931693,1800000,3600000,3326400000,351.12000000000006
616,0.7887736427373211,0.3086946505206198,0.003253936596800346,0.028227430361332895,1800000,3600000,3331800000,351.69000000000005
617,0.7858236115091888,0.3156375288478039,0.003175658251884765,0.028133495571754392,1800000,3600000,3337200000,352.26000000000005
618,0.7884643177823583,0.3107573717016416,0.003140121514948267,0.028039873376860563,1800000,3600000,3342600000,352.83000000000004
619,0.7892576361326967,0.3066887234201445,0.002390639637582124,0.027946562736403842,1800000,3600000,3348000000,353.40000000000003
620,0.7869377552993607,0.3109909584662624,0.002642140195871286,0.027853562613598382,1800000,3600000,3353400000,353.97
621,0.7855615291799553,0.3161190072618275,0.0034553809404013636,0.02776087197510853,1800000,3600000,3358800000,354.54
622,0.786629959209938,0.316365057870023,0.0030880364072575725,0.027668489791037327,1800000,3600000,3364200000,355.11
623,0.7880474841391086,0.3068940271516886,0.0009438537653732935,0.027576415034915123,1800000,3600000,3369600000,355.68000000000006
624,0.7884845254343108,0.3146414098626405,0.0026993076366889283,0.027484646683688132,1800000,3600000,3375000000,356.25000000000006
625,0.7862346894006532,0.30802178206111663,0.001950738851201147,0.02739318371770705,1800000,3600000,3380400000,356.82000000000005
626,0.7873946386953485,0.3084055851836486,0.0021743584602678533,0.027302025120715785,1800000,3600000,3385800000,357.39000000000004
627,0.7888478515583551,0.31189797212486303,0.0019260280312702275,0.027211169879840062,1800000,3600000,3391200000,357.96000000000004
628,0.7855342961315468,0.3170589258070905,0.0010509333736612187,0.02712061698557629,1800000,3600000,3396600000,358.53000000000003
629,0.7893455961293243,0.30916995352278775,0.0023889507173392326,0.027030365431780265,1800000,3600000,3402000000,359.1
630,0.788385453056159,0.31164424789603484,0.002275361839521974,0.02694041421565602,1800000,3600000,3407400000,359.67
631,0.7866366529089074,0.31606073263373025,0.001718010077522133,0.026850762337744662,1800000,3600000,3412800000,360.24000000000007
632,0.7863942446798978,0.31667933842657336,0.0027264816928482104,0.026761408801913317,1800000,3600000,3418200000,360.81000000000006
633,0.7865550906713675,0.310923461904344,0.0008185452400458035,0.02667235261534397,1800000,3600000,3423600000,361.38000000000005
634,0.7859486819630325,0.31940835722949407,0.00332092602586101,0.02658359278852253,1800000,3600000,3429000000,361.95000000000005
635,0.7846243377206461,0.3162081344522732,0.0019422933951030049,0.026495128335227797,1800000,3600000,3434400000,362.52000000000004
636,0.7891938297876472,0.3104371338985735,0.0020775316541981714,0.02640695827252048,1800000,3600000,3439800000,363.09000000000003
637,0.7885370702967136,0.3079831316699889,0.0002924285564878939,0.02631908162073231,1800000,3600000,3445200000,363.66
638,0.7847777863686722,0.3169773789977836,0.003933946667490331,0.026231497403455158,1800000,3600000,3450600000,364.23
639,0.7883134689110131,0.31537652077092265,0.0027580302019130976,0.026144204647530124,1800000,3600000,3456000000,364.80000000000007
640,0.7859703625940343,0.3154513373840222,0.0034490518980640947,0.026057202383036816,1800000,3600000,3461400000,365.37000000000006
641,0.7865390349792295,0.3121816188125048,0.0032151914254404017,0.025970489643282507,1800000,3600000,3466800000,365.94000000000005
642,0.7866287293306142,0.3090685867017161,0.0031196951277502293,0.025884065464791422,1800000,3600000,3472200000,366.51000000000005
643,0.7869654097029626,0.316479352460666,0.002095402404641158,0.025797928887294017,1800000,3600000,3477600000,367.08000000000004
644,0.7860467456140463,0.31282282915463705,0.0036821557108036047,0.02571207895371634,1800000,3600000,3483000000,367.65000000000003
645,0.7884948042952283,0.3073399110183568,0.004513491395027786,0.025626514710169333,1800000,3600000,3488400000,368.22
646,0.7897703649212816,0.3099178695855558,0.002698087743905431,0.025541235205938307,1800000,3600000,3493800000,368.79
647,0.7870908327379676,0.31168902179686675,0.0024494093986334475,0.02545623949347234,1800000,3600000,3499200000,369.36
648,0.7855462363291131,0.3160112649027731,0.0017732536456188338,0.025371526628373754,1800000,3600000,3504600000,369.93000000000006
649,0.7870652138003396,0.31065230273028904,0.0003627089671685961,0.025287095669387614,1800000,3600000,3510000000,370.50000000000006
650,0.7850288718170857,0.3142199250180781,0.0011686378926882579,0.025202945678391302,1800000,3600000,3515400000,371.07000000000005
651,0.7860661203917879,0.312031855477756,0.002389461536975509,0.02511907572038403,1800000,3600000,3520800000,371.64000000000004
652,0.7865900299165677,0.31269207168482466,0.0022921446495015843,0.02503548486347652,1800000,3600000,3526200000,372.21000000000004
653,0.7884280031477972,0.31043328380604623,0.0012924047633704188,0.024952172178880617,1800000,3600000,3531600000,372.78000000000003
654,0.7870233663415415,0.3130814891531584,0.0027258561990307264,0.024869136740898967,1800000,3600000,3537000000,373.35
655,0.7885361022974607,0.3131844378615206,0.003081050064714377,0.024786377626914748,1800000,3600000,3542400000,373.92
656,0.786488790474031,0.31118986060849746,0.0016053344306023692,0.024703893917381377,1800000,3600000,3547800000,374.49000000000007
657,0.7882862248979827,0.31132090194758866,0.004158047138894247,0.024621684695812353,1800000,3600000,3553200000,375.06000000000006
658,0.7866738798062376,0.3159027973562642,0.0023311171016385784,0.02453974904877104,1800000,3600000,3558600000,375.63000000000005
659,0.7858489359607523,0.3160501133509015,0.00168523466607781,0.02445808606586051,1800000,3600000,3564000000,376.20000000000005
660,0.7871102064531937,0.3116666207991868,0.0038863146759283065,0.024376694839713452,1800000,3600000,3569400000,376.77000000000004
661,0.7878820287547715,0.3109599182478523,0.0025082621126706773,0.024295574465982076,1800000,3600000,3574800000,377.34000000000003
662,0.7858672137369459,0.3223992215051138,0.0029076880118140986,0.024214724043328046,1800000,3600000,3580200000,377.91
663,0.7881769000418816,0.31393086286563127,0.001955274546203628,0.02413414267341251,1800000,3600000,3585600000,378.48
664,0.7878171307845174,0.30867946930166024,0.004010806823024864,0.02405382946088608,1800000,3600000,3591000000,379.05000000000007
665,0.7886854120863783,0.3115791058170161,0.004359117556335994,0.02397378351337891,1800000,3600000,3596400000,379.62000000000006
666,0.7858848628295441,0.31836278063672996,0.0010552534932005682,0.02389400394149075,1800000,3600000,3601800000,380.19000000000005
667,0.7879466980656664,0.31163439334991433,0.002117722158138589,0.023814489858781113,1800000,3600000,3607200000,380.76000000000005
668,0.7898432690389902,0.31357652745385295,0.0038118567361089635,0.02373524038175934,1800000,3600000,3612600000,381.33000000000004
669,0.7871887109633755,0.31433419709145854,0.0020669972836951005,0.02365625462987489,1800000,3600000,3618000000,381.90000000000003
670,0.7852686534308045,0.3111541055056187,0.0013074389964997657,0.023577531725507483,1800000,3600000,3623400000,382.47
671,0.7918317048944586,0.3095860984247703,0.0006374664718789985,0.023499070793957372,1800000,3600000,3628800000,383.04
672,0.78723757044717,0.3104705277763159,0.00046652853016557953,0.023420870963435616,1800000,3600000,3634200000,383.61
673,0.7873979453103673,0.31246031647843314,0.002315721048548023,0.02334293136505442,1800000,3600000,3639600000,384.18000000000006
674,0.7858590881758035,0.31850217213032006,0.001581536493043298,0.02326525113281743,1800000,3600000,3645000000,384.75000000000006
675,0.7879796434611686,0.3101083793567155,0.002755037091775252,0.023187829403610152,1800000,3600000,3650400000,385.32000000000005
676,0.7877905446305726,0.31179175647868107,0.0025852805241952537,0.023110665317190367,1800000,3600000,3655800000,385.89000000000004
677,0.7865364756433246,0.31359511071450874,0.0028352714947945394,0.023033758016178532,1800000,3600000,3661200000,386.46000000000004
678,0.7862110042884473,0.31244526115819626,0.002109095511030032,0.022957106646048307,1800000,3600000,3666600000,387.03000000000003
679,0.7877272971536554,0.31464603566186505,0.0035025108587036684,0.022880710355116993,1800000,3600000,3672000000,387.6
680,0.7862031861313923,0.31409227902639253,0.0027552208324109957,0.02280456829453613,1800000,3600000,3677400000,388.17
681,0.7871764138080789,0.31813761557779907,0.0017363903085565546,0.022728679618282042,1800000,3600000,3682800000,388.74000000000007
682,0.7859914991837675,0.31862943663642035,0.0010729981149194918,0.02265304348314644,1800000,3600000,3688200000,389.31000000000006
683,0.7841471959698161,0.3093512050642024,0.0005984331858856051,0.02257765904872704,1800000,3600000,3693600000,389.88000000000005
684,0.787060979935781,0.31582202039933,0.002171307415434865,0.022502525477418246,1800000,3600000,3699000000,390.45000000000005
685,0.7891338621903619,0.313726036071634,0.0018926519345394018,0.02242764193440181,1800000,3600000,3704400000,391.02000000000004
686,0.7879782707635112,0.31026233234921713,0.001942377354027624,0.02235300758763761,1800000,3600000,3709800000,391.59000000000003
687,0.7858736119583237,0.31218515840923594,0.001646312833469581,0.02227862160785435,1800000,3600000,3715200000,392.16
688,0.7894617755869716,0.3129687545258449,0.0003132712328763245,0.02220448316854038,1800000,3600000,3720600000,392.73
689,0.7859540468875479,0.3145748604735755,0.0034661486618928444,0.0221305914459345,1800000,3600000,3726000000,393.30000000000007
690,0.7873303077189319,0.3140119995094767,0.0030136717412635747,0.022056945619016825,1800000,3600000,3731400000,393.87000000000006
691,0.7885919890687274,0.30900719376186564,0.001415154211134746,0.02198354486949961,1800000,3600000,3736800000,394.44000000000005
692,0.7871124205280375,0.30934196300489153,0.002117951197453422,0.02191038838181822,1800000,3600000,3742200000,395.01000000000005
693,0.787282768623004,0.3159285964634434,0.0013234031614183235,0.021837475343122043,1800000,3600000,3747600000,395.58000000000004
694,0.7877568152201634,0.31113529472722806,0.001675074033601179,0.021764804943265458,1800000,3600000,3753000000,396.15000000000003
695,0.788119519438442,0.30995519786377285,0.0018380198606244445,0.021692376374798823,1800000,3600000,3758400000,396.72
696,0.7869923207775585,0.31279068564720114,0.002722427155076879,0.02162018883295954,1800000,3600000,3763800000,397.29
697,0.7878947710748014,0.3188160008631533,0.0015774878533925834,0.021548241515663043,1800000,3600000,3769200000,397.86000000000007
698,0.7875088492393072,0.31352550236654764,0.003425957786003947,0.021476533623493964,1800000,3600000,3774600000,398.43000000000006
699,0.7860140100001759,0.3131347069272618,0.003150335162080979,0.021405064359697207,1800000,3600000,3780000000,399.00000000000006
700,0.7868213097044807,0.31342235116863165,0.0038408852187615016,0.021333832930169112,1800000,3600000,3785400000,399.57000000000005
701,0.7898172922466757,0.3080123736057392,0.0012371040507320606,0.021262838543448622,1800000,3600000,3790800000,400.14000000000004
702,0.7856644126854172,0.3185083371910954,0.002179499208372544,0.02119208041070847,1800000,3600000,3796200000,400.71000000000004
703,0.7880149379987749,0.31149978889747376,0.0017017715352301373,0.02112155774574646,1800000,3600000,3801600000,401.28000000000003
704,0.7852313090617656,0.316329105272293,0.002603298275419943,0.021051269764976704,1800000,3600000,3807000000,401.85
705,0.7874571214215759,0.3169939578683046,0.0028555358502926073,0.020981215687420916,1800000,3600000,3812400000,402.42
706,0.7881435592102056,0.3126517426408493,0.0009196363539253096,0.02091139473469973,1800000,3600000,3817800000,402.99000000000007
707,0.7866125058111577,0.3194455644688724,0.004282478655982698,0.020841806131024078,1800000,3600000,3823200000,403.56000000000006
708,0.7867343553241516,0.3168579816339178,0.00323858040457114,0.020772449103186517,1800000,3600000,3828600000,404.13000000000005
709,0.7850215173284215,0.31159239499338537,0.0017230966100602574,0.0207033228805527,1800000,3600000,3834000000,404.70000000000005
710,0.786120852546832,0.31502880526559196,0.0019133498641240036,0.020634426695052777,1800000,3600000,3839400000,405.27000000000004
711,0.7876847505789747,0.3120079759271469,0.001518451382032065,0.020565759781172862,1800000,3600000,3844800000,405.84000000000003
712,0.7877193478189978,0.31094388533130385,0.000445577978532361,0.020497321375946544,1800000,3600000,3850200000,406.41
713,0.7857966328480586,0.3178592825100866,0.0014438997484768267,0.0204291107189464,1800000,3600000,3855600000,406.98
714,0.7864456378479528,0.3081764612643267,0.0010663630720363657,0.020361127052275524,1800000,3600000,3861000000,407.55000000000007
715,0.7858877700979361,0.31481657644946187,0.000547043528106979,0.020293369620559148,1800000,3600000,3866400000,408.12000000000006
716,0.7863458612209961,0.3066857782732113,0.002291669399364216,0.020225837670936227,1800000,3600000,3871800000,408.69000000000005
717,0.7870332960456399,0.3158429290068088,0.00030478181950933676,0.020158530453051063,1800000,3600000,3877200000,409.26000000000005
718,0.7876516327025809,0.3081348875762631,0.002791240815673151,0.020091447219045,1800000,3600000,3882600000,409.83000000000004
719,0.7847677394001157,0.31162341654774434,0.00028227637052439625,0.020024587223548076,1800000,3600000,3888000000,410.40000000000003
720,0.7860737231593209,0.31079468849259423,0.0019828167140022454,0.019957949723670754,1800000,3600000,3893400000,410.97
721,0.7880737756502116,0.30439877099144413,0.0043068541398887505,0.01989153397899569,1800000,3600000,3898800000,411.54
722,0.7867611529741726,0.3131052879936897,0.002665299841787796,0.01982533925156948,1800000,3600000,3904200000,412.11000000000007
723,0.785264060751145,0.31283011718842,0.0021693525377241892,0.019759364805894478,1800000,3600000,3909600000,412.68000000000006
724,0.7848936989278117,0.31266274669189087,0.0031787757105761908,0.019693609908920603,1800000,3600000,3915000000,413.25000000000006
725,0.7860538820693989,0.3107483453863473,0.002703988991458189,0.019628073830037226,1800000,3600000,3920400000,413.82000000000005
726,0.7861981020005598,0.31796656339459894,0.0029987878603615573,0.019562755841064997,1800000,3600000,3925800000,414.39000000000004
727,0.7871841007195811,0.31266272555167124,0.00023852050168021678,0.019497655216247817,1800000,3600000,3931200000,414.96000000000004
728,0.7866294588130344,0.31584648524399034,0.0022525236086602092,0.019432771232244746,1800000,3600000,3936600000,415.53000000000003
729,0.7861089296472574,0.3140303127591539,0.00017527307983241877,0.019368103168121962,1800000,3600000,3942000000,416.1
730,0.7867990629243328,0.31529714059184155,0.0,0.019303650305344755,1800000,3600000,3947400000,416.6700000000001
731,0.7889879334129004,0.31691920147050806,0.0013722175076941125,0.01923941192776953,1800000,3600000,3952800000,417.24000000000007
732,0.7859331789858113,0.3182482809886162,0.0006197117428252011,0.019175387321635887,1800000,3600000,3958200000,417.81000000000006
733,0.786001922578379,0.3130778754864939,0.0008851169720014543,0.019111575775558647,1800000,3600000,3963600000,418.38000000000005
734,0.7889314135534262,0.3128671109523456,0.00275636019407399,0.01904797658051998,1800000,3600000,3969000000,418.95000000000005
735,0.7865547063863545,0.3098728666118323,0.0009686771080570307,0.01898458902986151,1800000,3600000,3974400000,419.52000000000004
736,0.7834268943665915,0.3128254590617526,0.002227238058117304,0.01892141241927647,1800000,3600000,3979800000,420.09000000000003
737,0.7865025489206403,0.31910326335310074,0.0012108822523937224,0.01885844604680186,1800000,3600000,3985200000,420.66
738,0.7899271536319005,0.3104686226392614,0.0026408809627947033,0.018795689212810673,1800000,3600000,3990600000,421.23
739,0.7881254246652766,0.3034670457093422,0.0,0.018733141220004107,1800000,3600000,3996000000,421.80000000000007
740,0.7876772999501999,0.311781370299391,0.0019656187900778626,0.01867080137340383,1800000,3600000,4001400000,422.37000000000006
741,0.7870638002968516,0.31390490261710974,0.0006513671453402863,0.01860866898034423,1800000,3600000,4006800000,422.94000000000005
742,0.7878118487800766,0.3094611105932695,0.0006336210558860857,0.01854674335046476,1800000,3600000,4012200000,423.51000000000005
743,0.7822547559118992,0.3177720668006639,0.0019773517243085645,0.018485023795702205,1800000,3600000,4017600000,424.08000000000004
744,0.7853902124217841,0.3127140232877134,0.001826279735975577,0.01842350963028311,1800000,3600000,4023000000,424.65000000000003
745,0.7851077803787463,0.31223981380605814,0.0035475380119692193,0.018362200170716117,1800000,3600000,4028400000,425.22
746,0.7876112899797872,0.3123150788644591,0.0009330178147613055,0.018301094735784378,1800000,3600000,4033800000,425.79
747,0.7865452680989016,0.31288240020144503,0.0019534338610116345,0.018240192646537985,1800000,3600000,4039200000,426.36000000000007
748,0.7852214372204254,0.316342192841648,0.0004003627987973599,0.018179493226286442,1800000,3600000,4044600000,426.93000000000006
749,0.7869598704379539,0.3139334725171773,0.0012153339001680992,0.018118995800591103,1800000,3600000,4050000000,427.50000000000006
750,0.7867016417720862,0.3158491125262009,0.0021152152497842195,0.018058699697257735,1800000,3600000,4055400000,428.07000000000005
751,0.7857114194025479,0.3146740814651798,0.0010935639616403412,0.017998604246329014,1800000,3600000,4060800000,428.64000000000004
752,0.7870105332206568,0.31191998781178354,0.0022259209314013915,0.01793870878007709,1800000,3600000,4066200000,429.21000000000004
753,0.7870601621027213,0.3157399367877091,0.0015773515261474275,0.017879012632996176,1800000,3600000,4071600000,429.78000000000003
754,0.7867241639009972,0.30963216457113457,0.0017322687899880966,0.017819515141795115,1800000,3600000,4077000000,430.35
755,0.788352009523607,0.3165622524206653,0.0012112984465256758,0.017760215645390067,1800000,3600000,4082400000,430.9200000000001
756,0.7897634271580993,0.31165131937569557,0.0010025610039694024,0.017701113484897137,1800000,3600000,4087800000,431.49000000000007
757,0.7863366211649581,0.30920204077661995,0.0014343123745584785,0.017642208003625034,1800000,3600000,4093200000,432.06000000000006
758,0.7892548746404829,0.31448680602700657,0.002866720308194978,0.017583498547067807,1800000,3600000,4098600000,432.63000000000005
759,0.7869023470486886,0.3131372872219129,0.00034096413678232356,0.017524984462897568,1800000,3600000,4104000000,433.20000000000005
760,0.7859884423147427,0.31476647382376627,0.0016111759630085417,0.01746666510095721,1800000,3600000,4109400000,433.77000000000004
761,0.7860318350905755,0.31616470017467047,0.0,0.017408539813253226,1800000,3600000,4114800000,434.34000000000003
762,0.7882773801666402,0.30458334178819924,0.0024717505196578445,0.017350607953948487,1800000,3600000,4120200000,434.91
763,0.7866339840040588,0.3131241182544891,0.0,0.017292868879355078,1800000,3600000,4125600000,435.4800000000001
764,0.7862027774319018,0.31399166378133975,0.0017401146882852418,0.017235321947927124,1800000,3600000,4131000000,436.05000000000007
765,0.7864921951633778,0.31882041547991663,0.0010765512776292822,0.017177966520253697,1800000,3600000,4136400000,436.62000000000006
766,0.7864765390380127,0.3122652488148817,1.6277337586539757e-05,0.01712080195905166,1800000,3600000,4141800000,437.19000000000005
767,0.7865276636819271,0.31254333798185163,0.0014298227258693922,0.017063827629158642,1800000,3600000,4147200000,437.76000000000005
768,0.7842794921870967,0.3142825750109047,0.0028437963861747324,0.017007042897525942,1800000,3600000,4152600000,438.33000000000004
769,0.7868368362867362,0.310109811990219,0.0011790797111787485,0.016950447133211522,1800000,3600000,4158000000,438.90000000000003
770,0.787376506461304,0.3197062792655772,0.0007802535961976549,0.01689403970737297,1800000,3600000,4163400000,439.47
771,0.7896001466007737,0.3106591436570519,0.0,0.016837819993260533,1800000,3600000,4168800000,440.04
772,0.7854128288938448,0.317275844762428,0.0024835331973369545,0.016781787366210135,1800000,3600000,4174200000,440.61000000000007
773,0.7865618576293751,0.3209351127377319,0.003493236383442691,0.016725941203636456,1800000,3600000,4179600000,441.18000000000006
774,0.7885395299724312,0.3113860092363134,0.0025490531096920696,0.016670280885026006,1800000,3600000,4185000000,441.75000000000006
775,0.7866640147415004,0.3197759618051222,0.00035227720900666984,0.01661480579193023,1800000,3600000,4190400000,442.32000000000005
776,0.7870078902480548,0.3150254053467319,0.002006033606351949,0.016559515307958635,1800000,3600000,4195800000,442.89000000000004
777,0.7873808176767126,0.31214140219805053,0.0017486896979212675,0.016504408818771934,1800000,3600000,4201200000,443.46000000000004
778,0.7880219774576213,0.3144392559919987,0.0016616378754286355,0.01644948571207524,1800000,3600000,4206600000,444.03000000000003
779,0.7870024486283542,0.31278927510388305,0.0015146720164361846,0.016394745377611247,1800000,3600000,4212000000,444.6
780,0.7858857780083197,0.3134781101681034,0.001709750055279922,0.016340187207153453,1800000,3600000,4217400000,445.1700000000001
781,0.7883769311479928,0.3063978224070096,0.0008757779453984155,0.016285810594499402,1800000,3600000,4222800000,445.74000000000007
782,0.7850594251872666,0.310019573956066,0.0012377900360393222,0.016231614935463958,1800000,3600000,4228200000,446.31000000000006
783,0.7860246172959617,0.3152775879156303,0.003348708067111116,0.01617759962787256,1800000,3600000,4233600000,446.88000000000005
784,0.7846865074098694,0.3169586103580225,0.0020856275527509167,0.016123764071554577,1800000,3600000,4239000000,447.45000000000005
785,0.7891496265985597,0.31419151796955375,0.001055377876129779,0.016070107668336605,1800000,3600000,4244400000,448.02000000000004
786,0.7877121957555503,0.31795300278020006,0.002347503153982484,0.01601662982203583,1800000,3600000,4249800000,448.59000000000003
787,0.7882256678028354,0.31305107800323806,0.0028348428827704632,0.015963329938453414,1800000,3600000,4255200000,449.16
788,0.7866018095103587,0.31312403846254916,0.000876008689829185,0.015910207425367886,1800000,3600000,4260600000,449.7300000000001
789,0.7865825490556739,0.3143290745382374,0.0013832171651005816,0.015857261692528542,1800000,3600000,4266000000,450.30000000000007
790,0.7869941753942026,0.3124881420877828,0.0009885800123213548,0.015804492151648922,1800000,3600000,4271400000,450.87000000000006
791,0.7863369447020394,0.3156189173066972,0.0024837500122286667,0.015751898216400252,1800000,3600000,4276800000,451.44000000000005
792,0.7850815911896153,0.31412948744657093,0.0013518029224990477,0.015699479302404933,1800000,3600000,4282200000,452.01000000000005
793,0.7856131460084077,0.31871671491543024,0.002591764211248421,0.015647234827230044,1800000,3600000,4287600000,452.58000000000004
794,0.7880201646361095,0.3123985243233593,0.00031249993078447103,0.015595164210380888,1800000,3600000,4293000000,453.15000000000003
795,0.7869501104068294,0.31246765317432856,0.0027023067647550278,0.015543266873294511,1800000,3600000,4298400000,453.72
796,0.7849819164159891,0.31736466175866135,0.0007728956226160925,0.015491542239333302,1800000,3600000,4303800000,454.2900000000001
797,0.7865913307805898,0.3129922987514989,0.000549259126756411,0.01543998973377857,1800000,3600000,4309200000,454.86000000000007
798,0.7854220956448253,0.3103773123824815,0.002026146179243925,0.015388608783824179,1800000,3600000,4314600000,455.43000000000006
799,0.7897034855486229,0.3110557957494485,0.0005279143375346307,0.015337398818570146,1800000,3600000,4320000000,456.00000000000006
800,0.7878061245231477,0.31157058754252687,0.001227024930148344,0.01528635926901634,1800000,3600000,4325400000,456.57000000000005
801,0.7866552093319524,0.31424308241010984,0.0,0.01523548956805612,1800000,3600000,4330800000,457.14000000000004
802,0.7869020147068277,0.31360102771979226,0.000847512604049742,0.01518478915047006,1800000,3600000,4336200000,457.71000000000004
803,0.786090271898673,0.31422073052642924,0.0001517894361569034,0.015134257452919677,1800000,3600000,4341600000,458.28000000000003
804,0.7876759880424504,0.3161363019677007,0.002539905425566509,0.01508389391394114,1800000,3600000,4347000000,458.85
805,0.7848914400841064,0.3124996721378097,0.0035498193439951723,0.015033697973939058,1800000,3600000,4352400000,459.4200000000001
806,0.7885727941956628,0.30881070858667276,0.0,0.014983669075180239,1800000,3600000,4357800000,459.99000000000007
807,0.7863392463416543,0.31382642250550213,0.0012623757931757428,0.014933806661787518,1800000,3600000,4363200000,460.56000000000006
808,0.787457076469765,0.31965191329764253,0.000745791659815557,0.014884110179733566,1800000,3600000,4368600000,461.13000000000005
809,0.7871681736630579,0.3156070594517676,0.0008386063267153978,0.01483457907683474,1800000,3600000,4374000000,461.70000000000005
810,0.7892525300684111,0.31239441219696573,0.0,0.014785212802744946,1800000,3600000,4379400000,462.27000000000004
811,0.7840229371546517,0.3139637301975552,0.0008997588148024001,0.014736010808949521,1800000,3600000,4384800000,462.84000000000003
812,0.7858782022763812,0.3132570787484798,0.000511430083280277,0.014686972548759124,1800000,3600000,4390200000,463.41
813,0.7864802049026735,0.3092945540019537,0.0007506823831449542,0.014638097477303708,1800000,3600000,4395600000,463.9800000000001
814,0.7853558794578606,0.3154432044292644,0.0018799730769697722,0.014589385051526413,1800000,3600000,4401000000,464.55000000000007
815,0.7871609052369356,0.3102218582080181,0.0019416118715994326,0.014540834730177563,1800000,3600000,4406400000,465.12000000000006
816,0.7856358824661586,0.31455552475111315,0.0018424264145296219,0.014492445973808648,1800000,3600000,4411800000,465.69000000000005
817,0.7857092096667841,0.3161056241251649,0.0015160621846357376,0.014444218244766325,1800000,3600000,4417200000,466.26000000000005
818,0.7863375062556807,0.3164525688116369,0.0,0.01439615100718643,1800000,3600000,4422600000,466.83000000000004
819,0.7865680869251102,0.31729228545159865,0.0014657967835361,0.014348243726988055,1800000,3600000,4428000000,467.40000000000003
820,0.7863363231304911,0.311409939739266,0.0017399877230197072,0.014300495871867599,1800000,3600000,4433400000,467.97
821,0.7872327604186328,0.31304517963774553,0.0017872273284699524,0.01425290691129284,1800000,3600000,4438800000,468.5400000000001
822,0.786292257012532,0.31664952295281257,0.0030336321693118598,0.014205476316497063,1800000,3600000,4444200000,469.11000000000007
823,0.786430434724066,0.312877616778061,0.0011252984768453077,0.014158203560473181,1800000,3600000,4449600000,469.68000000000006
824,0.7855278512570582,0.3082952086841217,0.00019321961764297388,0.014111088117967848,1800000,3600000,4455000000,470.25000000000006
825,0.7881869754512993,0.3158099072641911,0.00023422306721137957,0.014064129465475665,1800000,3600000,4460400000,470.82000000000005
826,0.7892378253364943,0.3086685313605058,0.0,0.01401732708123335,1800000,3600000,4465800000,471.39000000000004
827,0.787402563678622,0.30944254267411386,2.5721621991136798e-05,0.013970680445213924,1800000,3600000,4471200000,471.96000000000004
828,0.7868831456437767,0.3094628864095567,0.0027577588745587955,0.013924189039120962,1800000,3600000,4476600000,472.53000000000003
829,0.7881582681398024,0.3109908011601463,0.0,0.01387785234638279,1800000,3600000,4482000000,473.1000000000001
830,0.7888729750732482,0.3079580828555453,0.0005850066372021874,0.013831669852146802,1800000,3600000,4487400000,473.6700000000001
831,0.7858791452171349,0.31892249009723184,0.0031092056212321155,0.013785641043273693,1800000,3600000,4492800000,474.24000000000007
832,0.7863519492280284,0.310121549466741,0.0020636597618877684,0.01373976540833178,1800000,3600000,4498200000,474.81000000000006
833,0.7848444502100479,0.320634663816731,0.0025189087538511176,0.013694042437591319,1800000,3600000,4503600000,475.38000000000005
834,0.7864757135696673,0.31709539732358344,0.000704395072053553,0.01364847162301883,1800000,3600000,4509000000,475.95000000000005
835,0.78516050528107,0.31015102455179605,0.0006822039003727882,0.013603052458271453,1800000,3600000,4514400000,476.52000000000004
836,0.7868661185748799,0.3117030037804187,0.0005994999170742354,0.013557784438691338,1800000,3600000,4519800000,477.09000000000003
837,0.7858243005408337,0.30741346220631527,0.0021850595353133952,0.013512667061300028,1800000,3600000,4525200000,477.66
838,0.7855137152730887,0.31481818536361283,0.0007591845841324624,0.013467699824792862,1800000,3600000,4530600000,478.2300000000001
839,0.7887503830981485,0.31248319466737234,0.0011597522185684088,0.013422882229533415,1800000,3600000,4536000000,478.80000000000007
840,0.7851509705070154,0.3149397181415504,0.0014709334908306407,0.013378213777547955,1800000,3600000,4541400000,479.37000000000006
841,0.7843957648689482,0.3185272215384207,0.0012298044340677894,0.013333693972519876,1800000,3600000,4546800000,479.94000000000005
842,0.7860360993737157,0.31360396291405895,0.002112232328744864,0.013289322319784223,1800000,3600000,4552200000,480.51000000000005
843,0.7877739314887858,0.31554654299953505,0.001629765823075739,0.01324509832632218,1800000,3600000,4557600000,481.08000000000004
844,0.7863066933249816,0.3139389181543308,0.0009072786746109384,0.013201021500755583,1800000,3600000,4563000000,481.65000000000003
845,0.786889232829134,0.3143737668882829,0.00015278511186325229,0.013157091353341475,1800000,3600000,4568400000,482.22
846,0.7886251891873728,0.30994549872510135,0.000960358595097092,0.013113307395966662,1800000,3600000,4573800000,482.7900000000001
847,0.7890472179603506,0.3117735521318836,0.0005043923936473079,0.01306966914214226,1800000,3600000,4579200000,483.36000000000007
848,0.7864091017769945,0.319157459133574,0.0022729917832010043,0.013026176106998346,1800000,3600000,4584600000,483.93000000000006
849,0.7848681538737817,0.3099464025470593,0.0010553368192203517,0.012982827807278526,1800000,3600000,4590000000,484.50000000000006
850,0.7883336366257262,0.3108589175899035,0.0020226057470569474,0.012939623761334574,1800000,3600000,4595400000,485.07000000000005
851,0.7867011768144095,0.31256951176708825,0.0010121100570690562,0.012896563489121101,1800000,3600000,4600800000,485.64000000000004
852,0.7843476220003794,0.31490469464805454,0.001959032432896442,0.012853646512190182,1800000,3600000,4606200000,486.21000000000004
853,0.7856113219615372,0.3173644745909911,0.000674392432843036,0.012810872353686081,1800000,3600000,4611600000,486.78000000000003
854,0.7880653829359069,0.3125439474715899,0.0,0.012768240538339934,1800000,3600000,4617000000,487.3500000000001
855,0.7850749531647673,0.3159339077429437,0.0012302428992525451,0.01272575059246446,1800000,3600000,4622400000,487.9200000000001
856,0.7836763914960764,0.31644097153270123,0.0016390149005973739,0.012683402043948716,1800000,3600000,4627800000,488.49000000000007
857,0.7879535030219389,0.309332461151881,0.0028469574319922543,0.012641194422252843,1800000,3600000,4633200000,489.06000000000006
858,0.7874962698459409,0.31235716291497456,0.001585743659741531,0.012599127258402818,1800000,3600000,4638600000,489.63000000000005
859,0.78953845787788,0.307612091780949,0.0015438174765949287,0.012557200084985287,1800000,3600000,4644000000,490.20000000000005
860,0.7831071742456164,0.31935718023440884,5.511836359478389e-05,0.012515412436142334,1800000,3600000,4649400000,490.77000000000004
861,0.787430926835033,0.3225735170815104,0.002355137836920085,0.012473763847566318,1800000,3600000,4654800000,491.34000000000003
862,0.786364876963378,0.3103098701209122,0.0018809242345818231,0.01243225385649472,1800000,3600000,4660200000,491.9100000000001
863,0.7868691927514302,0.3140499772229522,0.0,0.012390882001704991,1800000,3600000,4665600000,492.4800000000001
864,0.7868795968279377,0.3124511631578704,0.0016891224804114608,0.01234964782350942,1800000,3600000,4671000000,493.05000000000007
865,0.7888651180869674,0.3167248234573259,0.0014499000273669096,0.012308550863750054,1800000,3600000,4676400000,493.62000000000006
866,0.7866487132671138,0.3069888625165017,0.0,0.012267590665793582,1800000,3600000,4681800000,494.19000000000005
867,0.7868938695844656,0.3104364401591084,0.000770615324637815,0.012226766774526273,1800000,3600000,4687200000,494.76000000000005
868,0.7867271098052611,0.3162622079563984,0.0014093843515813262,0.012186078736348917,1800000,3600000,4692600000,495.33000000000004
869,0.7854726166374154,0.31780424310378336,0.002229395199017857,0.012145526099171784,1800000,3600000,4698000000,495.90000000000003
870,0.7867837046131425,0.3160700285103295,0.0,0.01210510841240959,1800000,3600000,4703400000,496.47
871,0.7856668567632594,0.3193260602082307,0.0012732897737944178,0.01206482522697652,1800000,3600000,4708800000,497.0400000000001
872,0.7886235377880827,0.31302903882825456,0.0011410486664667572,0.012024676095281203,1800000,3600000,4714200000,497.61000000000007
873,0.7860889726494769,0.3199985164916213,0.0,0.011984660571221769,1800000,3600000,4719600000,498.18000000000006
874,0.7878373237388941,0.3133101397339537,0.00358813438319093,0.011944778210180869,1800000,3600000,4725000000,498.75000000000006
875,0.7872347893690362,0.31111801483256757,0.0,0.011905028569020754,1800000,3600000,4730400000,499.32000000000005
876,0.7882232003497979,0.31067584262687575,0.0,0.011865411206078324,1800000,3600000,4735800000,499.89000000000004
877,0.7873995434244636,0.30792949610319015,0.0012686790714640363,0.011825925681160258,1800000,3600000,4741200000,500.46000000000004
878,0.7882941659592418,0.3079890548249333,0.0013684109198479053,0.01178657155553809,1800000,3600000,4746600000,501.03000000000003
879,0.7875859846413623,0.3143563803970568,0.0,0.01174734839194336,1800000,3600000,4752000000,501.6000000000001
880,0.786295976684764,0.31726396377564525,0.0018298032286337197,0.011708255754562732,1800000,3600000,4757400000,502.1700000000001
881,0.7835590163027074,0.3124686817834037,0.0019645744879348208,0.011669293209033163,1800000,3600000,4762800000,502.74000000000007
882,0.7876281791583447,0.3106169306225269,0.0020093456144537405,0.011630460322437081,1800000,3600000,4768200000,503.31000000000006
883,0.7881162774483792,0.31403111893851215,0.0012223561612301089,0.01159175666329757,1800000,3600000,4773600000,503.88000000000005
884,0.7872739702796693,0.31434661623906623,0.003823076322871948,0.011553181801573576,1800000,3600000,4779000000,504.45000000000005
885,0.7866078080916229,0.31301079184729935,0.0008761744130397616,0.011514735308655124,1800000,3600000,4784400000,505.02000000000004
886,0.7859106641876601,0.3121174717397642,0.000693008316240231,0.011476416757358571,1800000,3600000,4789800000,505.59000000000003
887,0.7862030918114551,0.3153873619700084,0.002333676854075883,0.011438225721921835,1800000,3600000,4795200000,506.1600000000001
888,0.7857832394318796,0.3179860367079065,0.0,0.011400161777999683,1800000,3600000,4800600000,506.7300000000001
889,0.7899328933198378,0.3045235082040398,0.001370051130770557,0.01136222450265902,1800000,3600000,4806000000,507.30000000000007
890,0.7876580182721842,0.3130609311682147,0.0033712819821791317,0.011324413474374167,1800000,3600000,4811400000,507.87000000000006
891,0.78742879033033,0.307882335773006,0.0015918154833787228,0.011286728273022203,1800000,3600000,4816800000,508.44000000000005
892,0.7866695810234606,0.31057686134346035,0.0008540624813069848,0.011249168479878289,1800000,3600000,4822200000,509.01000000000005
893,0.7860879833834445,0.3144726055165594,0.0,0.011211733677610984,1800000,3600000,4827600000,509.58000000000004
894,0.7867379441431614,0.31264912052460386,0.0014022090731630038,0.01117442345027767,1800000,3600000,4833000000,510.15000000000003
895,0.7875959751846893,0.31107417380636054,0.0011622885303809254,0.011137237383319877,1800000,3600000,4838400000,510.72
896,0.7841630674943227,0.31489294751669183,0.0008019000775259898,0.011100175063558702,1800000,3600000,4843800000,511.2900000000001
897,0.7846708021454057,0.3180259697332121,0.000558689840990527,0.01106323607919021,1800000,3600000,4849200000,511.86000000000007
898,0.7885215255419745,0.3122082364676224,0.00017057696751887467,0.011026420019780866,1800000,3600000,4854600000,512.4300000000001
899,0.7864536835577696,0.3135812753155813,0.0,0.010989726476262956,1800000,3600000,4860000000,513.0
900,0.7839218723340957,0.31880748671145953,0.0016786099156724495,0.010953155040930068,1800000,3600000,4865400000,513.57
901,0.7878273580905616,0.3179532196479117,0.0012708961541781647,0.010916705307432543,1800000,3600000,4870800000,514.1400000000001
902,0.7885620945271687,0.3128457119356727,0.002027539890229667,0.010880376870772968,1800000,3600000,4876200000,514.71
903,0.7860733929792015,0.31452105726266044,0.00020942181935238715,0.010844169327301678,1800000,3600000,4881600000,515.2800000000001
904,0.7868094483252704,0.3119217874204732,0.0,0.010808082274712251,1800000,3600000,4887000000,515.85
905,0.7874361062130683,0.30720101480989415,0.0010813924517072558,0.010772115312037072,1800000,3600000,4892400000,516.4200000000001
906,0.7886841104965825,0.3143940856994859,0.0006744288914606729,0.010736268039642852,1800000,3600000,4897800000,516.99
907,0.7894198975747506,0.3159489625470165,0.0005621097648308447,0.010700540059226191,1800000,3600000,4903200000,517.5600000000001
908,0.7879090099238467,0.3119896684528256,0.0007984651559983459,0.010664930973809168,1800000,3600000,4908600000,518.1300000000001
909,0.7856782406490885,0.3168321855542967,0.0011779735870327942,0.010629440387734914,1800000,3600000,4914000000,518.7
910,0.7878025843029267,0.3046793681211179,0.0016263627545165277,0.010594067906663207,1800000,3600000,4919400000,519.2700000000001
911,0.7870768785954116,0.31100058742575615,0.0002739621177094238,0.010558813137566122,1800000,3600000,4924800000,519.84
912,0.7878365362013193,0.3164464489956981,0.000716425570667627,0.01052367568872364,1800000,3600000,4930200000,520.4100000000001
913,0.7893867873260462,0.3147819201073895,0.0005465603712453032,0.010488655169719302,1800000,3600000,4935600000,520.98
914,0.7874863000085297,0.31280622919488604,0.001733008583292467,0.010453751191435868,1800000,3600000,4941000000,521.5500000000001
915,0.7836281526970147,0.31648966131305406,0.0019214635705470887,0.010418963366051004,1800000,3600000,4946400000,522.12
916,0.7861244452100186,0.31462114391800616,0.0009810926119609435,0.01038429130703295,1800000,3600000,4951800000,522.69
917,0.7858963596194625,0.3155007953942722,0.0,0.010349734629136251,1800000,3600000,4957200000,523.2600000000001
918,0.7870200478921473,0.3102343709707089,0.0006282450680737111,0.010315292948397467,1800000,3600000,4962600000,523.83
919,0.7855548023900399,0.31079774601090265,0.0007574526258686609,0.0102809658821309,1800000,3600000,4968000000,524.4000000000001
920,0.7883412425552403,0.3142024030971897,0.0,0.010246753048924351,1800000,3600000,4973400000,524.97
921,0.7894309923347308,0.31403163031594417,0.0012637562318958012,0.010212654068634879,1800000,3600000,4978800000,525.5400000000001
922,0.7858627797922052,0.31761279038932955,0.0025514549284389237,0.010178668562384568,1800000,3600000,4984200000,526.11
923,0.785553573617337,0.31359976002835593,0.0006813686762854869,0.010144796152556337,1800000,3600000,4989600000,526.6800000000001
924,0.7855119317190244,0.3173449243006265,0.0012053355371319041,0.010111036462789725,1800000,3600000,4995000000,527.2500000000001
925,0.7881782168819967,0.31127968295686476,0.0008450105790854015,0.010077389117976725,1800000,3600000,5000400000,527.82
926,0.7888331039008325,0.3165011881294815,0.0003338258661583857,0.010043853744257604,1800000,3600000,5005800000,528.3900000000001
927,0.7862450042989598,0.3166788749313229,0.0,0.010010429969016745,1800000,3600000,5011200000,528.96
928,0.7885934311308637,0.3123709143879409,0.001984735229313751,0.009977117420878534,1800000,3600000,5016600000,529.5300000000001
929,0.7861202529177997,0.31320673251509723,0.0012087766812857205,0.009943915729703197,1800000,3600000,5022000000,530.1
930,0.786529106506386,0.3149141196281054,0.00034236836390333207,0.009910824526582717,1800000,3600000,5027400000,530.6700000000001
931,0.7837005914583698,0.320059481296006,0.0004144107056924751,0.009877843443836716,1800000,3600000,5032800000,531.24
932,0.7902472110269011,0.30934098895449547,0.002615578194391035,0.009844972115008389,1800000,3600000,5038200000,531.8100000000001
933,0.7884817139230913,0.31413403238370036,0.0,0.009812210174860397,1800000,3600000,5043600000,532.3800000000001
934,0.7863187802832109,0.31477397038368277,0.0016137955125470399,0.009779557259370852,1800000,3600000,5049000000,532.95
935,0.7870543590955432,0.30776419766847485,0.0,0.00974701300572925,1800000,3600000,5054400000,533.5200000000001
936,0.7855257547684554,0.3174496090419503,8.91529432597933e-05,0.009714577052332429,1800000,3600000,5059800000,534.09
937,0.787848329298833,0.31282592586801705,0.0025291325532730974,0.00968224903878058,1800000,3600000,5065200000,534.6600000000001
938,0.7890423094521463,0.31524075396422613,0.0007868937733339326,0.009650028605873223,1800000,3600000,5070600000,535.23
939,0.7863196715092794,0.3080866103630362,0.0010923335062636192,0.009617915395605208,1800000,3600000,5076000000,535.8000000000001
940,0.788181031738778,0.31895389280936726,0.0011304067555341323,0.009585909051162758,1800000,3600000,5081400000,536.37
941,0.7848878111549912,0.313614000813684,0.0,0.009554009216919498,1800000,3600000,5086800000,536.94
942,0.7873367682698165,0.3103816252516521,0.001219171172160424,0.009522215538432497,1800000,3600000,5092200000,537.5100000000001
943,0.7876761795884065,0.3064716432658345,0.0005403984366665339,0.009490527662438332,1800000,3600000,5097600000,538.08
944,0.7881750067915531,0.3124387670096951,0.00018212826089230747,0.00945894523684917,1800000,3600000,5103000000,538.6500000000001
945,0.7863774527215935,0.3111402057302308,0.0007220778523980217,0.009427467910748841,1800000,3600000,5108400000,539.22
946,0.788835119764292,0.31405076577612395,0.002409145609002009,0.009396095334388952,1800000,3600000,5113800000,539.7900000000001
947,0.7860923058317133,0.3126186866591544,0.0,0.009364827159185005,1800000,3600000,5119200000,540.36
948,0.7867781553598586,0.30935123148924404,0.0007315810091790759,0.009333663037712504,1800000,3600000,5124600000,540.9300000000001
949,0.7890766860474757,0.3143541451903726,6.392507968022492e-06,0.009302602623703115,1800000,3600000,5130000000,541.5000000000001
950,0.7865214480318419,0.3114560950517538,0.0005735577873371685,0.009271645572040809,1800000,3600000,5135400000,542.07
951,0.7890336027034276,0.3087742278832784,0.0,0.00924079153875802,1800000,3600000,5140800000,542.6400000000001
952,0.7877059722002874,0.312427029944996,0.0,0.009210040181031845,1800000,3600000,5146200000,543.21
953,0.7867140772061072,0.31035990069656033,0.0010850976369402303,0.009179391157180212,1800000,3600000,5151600000,543.7800000000001
954,0.7865659538678668,0.3135036777408206,0.0016742489275536928,0.009148844126658095,1800000,3600000,5157000000,544.35
955,0.7886222516448004,0.3135587203968164,0.000551422440878287,0.009118398750053738,1800000,3600000,5162400000,544.9200000000001
956,0.7865796123380809,0.31016539257235637,0.00021204118778691595,0.009088054689084853,1800000,3600000,5167800000,545.49
957,0.789272289792216,0.31343546671462086,0.001412925493757218,0.009057811606594903,1800000,3600000,5173200000,546.0600000000001
958,0.787513672409661,0.3167264631623769,0.0011069802733273547,0.009027669166549323,1800000,3600000,5178600000,546.6300000000001
959,0.7870870706007701,0.31436910422569697,0.0015156524029620424,0.008997627034031805,1800000,3600000,5184000000,547.2
960,0.7881724144524718,0.3135572108711656,0.0007679849262885469,0.008967684875240566,1800000,3600000,5189400000,547.7700000000001
961,0.790293645233081,0.3090001125890923,0.001921255917201905,0.00893784235748465,1800000,3600000,5194800000,548.34
962,0.7876951812470362,0.3142275004647539,0.001564346241917483,0.008908099149180209,1800000,3600000,5200200000,548.9100000000001
963,0.7885766387178453,0.30778388820239083,0.0029473969610346253,0.008878454919846852,1800000,3600000,5205600000,549.48
964,0.7874278506450982,0.3117696274582827,0.00016030147322092226,0.008848909340103947,1800000,3600000,5211000000,550.0500000000001
965,0.7893880724542317,0.3124380226275239,0.0009168433002067712,0.00881946208166697,1800000,3600000,5216400000,550.62
966,0.789048662494923,0.31078837046269225,0.00016435245952384849,0.008790112817343857,1800000,3600000,5221800000,551.19
967,0.788612440011936,0.31100820801362894,0.00047715484423669057,0.008760861221031375,1800000,3600000,5227200000,551.7600000000001
968,0.7886013541318116,0.3140178064034763,0.0,0.008731706967711477,1800000,3600000,5232600000,552.33
969,0.784812692669578,0.3145956327631147,0.0006548781001387035,0.008702649733447719,1800000,3600000,5238000000,552.9000000000001
970,0.787960784650946,0.3144684045021789,0.001655498280273878,0.008673689195381645,1800000,3600000,5243400000,553.47
971,0.7887438583776804,0.3172363851586797,0.001535106119051816,0.0086448250317292,1800000,3600000,5248800000,554.0400000000001
972,0.7875653493315382,0.3085286862333035,0.000519165848473289,0.008616056921777155,1800000,3600000,5254200000,554.61
973,0.7840663900682993,0.32042011456576497,0.0001638912577582756,0.008587384545879555,1800000,3600000,5259600000,555.1800000000001
974,0.7869097055400762,0.3103089150329832,0.0,0.00855880758545414,1800000,3600000,5265000000,555.7500000000001
975,0.7835536531303141,0.31543352965161864,0.001120657983483413,0.008530325722978842,1800000,3600000,5270400000,556.32
976,0.7875128657045062,0.3115068631932144,0.0016681588075293605,0.008501938641988227,1800000,3600000,5275800000,556.8900000000001
977,0.7884211772990839,0.31389300466321407,0.0,0.00847364602706999,1800000,3600000,5281200000,557.46
978,0.7891202357571896,0.3038433644043451,0.0007421219546997022,0.008445447563861456,1800000,3600000,5286600000,558.0300000000001
979,0.7873231300550861,0.3161999007682981,0.0,0.008417342939046071,1800000,3600000,5292000000,558.6
980,0.7871515289179052,0.3078653769501341,1.588090899669846e-05,0.008389331840349944,1800000,3600000,5297400000,559.1700000000001
981,0.7868851372801621,0.3102276213490941,0.0013564721743914375,0.008361413956538348,1800000,3600000,5302800000,559.74
982,0.7892967447675339,0.30961833337521466,0.0018900445898147621,0.008333588977412296,1800000,3600000,5308200000,560.3100000000001
983,0.7847533495036023,0.31446856708935056,0.0007268733202742328,0.008305856593805061,1800000,3600000,5313600000,560.8800000000001
984,0.7855048503452434,0.31798003471855196,0.0,0.008278216497578768,1800000,3600000,5319000000,561.45
985,0.7869987212522932,0.3132341144137439,0.0,0.008250668381620944,1800000,3600000,5324400000,562.0200000000001
986,0.7874517637258271,0.3159517392709135,0.0011974211840953034,0.008223211939841133,1800000,3600000,5329800000,562.59
987,0.7871076545202536,0.3125863582685266,0.0023608640750519875,0.008195846867167478,1800000,3600000,5335200000,563.1600000000001
988,0.7879636038630149,0.3067590471448599,0.0,0.008168572859543331,1800000,3600000,5340600000,563.73
989,0.7877925688141043,0.3103663052910916,0.0013278982712060512,0.008141389613923886,1800000,3600000,5346000000,564.3000000000001
990,0.7867805373886043,0.3144798082307107,0.0009404123081443126,0.008114296828272803,1800000,3600000,5351400000,564.8700000000001
991,0.7898192498373753,0.3078440766231494,0.0,0.008087294201558844,1800000,3600000,5356800000,565.44
992,0.786102296018358,0.31002624767691744,0.0006647530059773586,0.00806038143375255,1800000,3600000,5362200000,566.0100000000001
993,0.7897080634361351,0.3062958805541889,0.0005770788564182079,0.008033558225822888,1800000,3600000,5367600000,566.58
994,0.7872472999825991,0.3152870388395579,0.00043507898453574653,0.008006824279733942,1800000,3600000,5373000000,567.1500000000001
995,0.7890051262738846,0.3142593471862604,0.0,0.00798017929844159,1800000,3600000,5378400000,567.72
996,0.7865175106359914,0.31132542301207444,0.0018590140756854058,0.007953622985890214,1800000,3600000,5383800000,568.2900000000001
997,0.78427599228236,0.3140305590717843,0.0023431667004959016,0.007927155047009393,1800000,3600000,5389200000,568.86
998,0.7849990705492109,0.3135381960074866,0.0011303978889138611,0.007900775187710651,1800000,3600000,5394600000,569.4300000000001
999,0.7863257196049444,0.3085734119263276,0.00042476556126754233,0.007874483114884165,1800000,3600000,5400000000,570.0000000000001
