round,test_accuracy,train_objective,mfg,hfr_tau,downlink_bytes,uplink_bytes,cumulative_serialized_bytes,single_device_elapsed_seconds
0,0.5035302961571356,0.5944558391322624,0.07052780279076122,0.22,1800000,18000000,19800000,0.65
1,0.5086297311000431,0.5968112874802157,0.0722744856634546,0.2192678875319951,1800000,18000000,39600000,1.3
2,0.513840062489794,0.5928627698948148,0.07000915121040185,0.21853821137610757,1800000,18000000,59400000,1.9500000000000002
3,0.5181600879219448,0.5860576200710087,0.06980587379535273,0.21781096342481698,1800000,18000000,79200000,2.6
4,0.5239517617218215,0.5707666033663014,0.06954802001133943,0.21708613559758305,1800000,18000000,99000000,3.25
5,0.5260084640607513,0.5751437535074113,0.06864310246838688,0.21636371984075584,1800000,18000000,118800000,3.9000000000000004
6,0.5306570489013157,0.5750403190227962,0.06915298091292386,0.21564370812748615,1800000,18000000,138600000,4.55
7,0.5345291570112185,0.566711897665358,0.06908114909012943,0.21492609245763647,1800000,18000000,158400000,5.2
8,0.5418257067064618,0.5571846160823754,0.06676996118978024,0.2142108648576919,1800000,18000000,178200000,5.8500000000000005
9,0.5426194825078278,0.5559847616570579,0.06804914831190509,0.21349801738067178,1800000,18000000,198000000,6.5
10,0.5478178370407304,0.549642157884328,0.06691901998782428,0.2127875421060413,1800000,18000000,217800000,7.15
11,0.5489870709492809,0.5531751251868334,0.06692787949461088,0.21207943113962338,1800000,18000000,237600000,7.800000000000001
12,0.5549822558461088,0.5442761065573637,0.06660328002172519,0.2113736766135111,1800000,18000000,257400000,8.450000000000001
13,0.5626366416920682,0.5365787912923197,0.06517893259361715,0.2106702706859803,1800000,18000000,277200000,9.1
14,0.562877947508196,0.5358843508248453,0.06465337039729593,0.20996920554140228,1800000,18000000,297000000,9.75
15,0.5681151327270296,0.5347916376344244,0.06592904648941003,0.20927047339015709,1800000,18000000,316800000,10.4
16,0.5700854827206533,0.5303101173344288,0.06352647624684465,0.208574066468547,1800000,18000000,336600000,11.05
17,0.5771388206572384,0.5242506368579946,0.06586475835875061,0.2078799770387102,1800000,18000000,356400000,11.700000000000001
18,0.5774030139538225,0.5167509378902452,0.06635497745391526,0.20718819738853472,1800000,18000000,376200000,12.35
19,0.580848213571032,0.5161287754187657,0.06619163111125657,0.2064987198315729,1800000,18000000,396000000,13.0
20,0.5843927991000454,0.5174739785110045,0.06465289178921178,0.2058115367069559,1800000,18000000,415800000,13.65
21,0.5883191688598545,0.512072582094113,0.06486955389562116,0.2051266403793086,1800000,18000000,435600000,14.3
22,0.5908105835953112,0.5089984536607723,0.06476710658922488,0.20444402323866478,1800000,18000000,455400000,14.950000000000001
23,0.5965519433070458,0.5060002406174168,0.06484316828938144,0.20376367770038248,1800000,18000000,475200000,15.600000000000001
24,0.6001002537887324,0.49886410580828183,0.06501223393356895,0.20308559620505987,1800000,18000000,495000000,16.25
25,0.6017321941021134,0.49640672366809,0.06275856767992027,0.20240977121845113,1800000,18000000,514800000,16.900000000000002
26,0.6066332830234915,0.4916624025597043,0.061787903519876466,0.20173619523138275,1800000,18000000,534600000,17.55
27,0.6109668073337736,0.48530327906277004,0.06333940234607881,0.2010648607596702,1800000,18000000,554400000,18.2
28,0.610499241957999,0.48730164793417935,0.06294081833664625,0.20039576034403467,1800000,18000000,574200000,18.85
29,0.6129318244353525,0.48788158205505283,0.06164302349480551,0.19972888655002022,1800000,18000000,594000000,19.5
30,0.6186479719049632,0.4807687693321723,0.06136716444415615,0.1990642319679111,1800000,18000000,613800000,20.150000000000002
31,0.6214456933989482,0.4814180125265323,0.06295283373435548,0.19840178921264964,1800000,18000000,633600000,20.8
32,0.6240563619123503,0.4740271085619453,0.060498541003509626,0.19774155092375395,1800000,18000000,653400000,21.45
33,0.6275185487865578,0.4742828153105681,0.06226486925684868,0.1970835097652362,1800000,18000000,673200000,22.1
34,0.6269417430922949,0.47341375457318263,0.06090308724519029,0.19642765842552126,1800000,18000000,693000000,22.75
35,0.6308279114627466,0.468794118174794,0.0611643331997041,0.19577398961736522,1800000,18000000,712800000,23.400000000000002
36,0.6313116552790203,0.4802975542064973,0.06076972376127499,0.19512249607777465,1800000,18000000,732600000,24.05
37,0.6352878604270541,0.46650223982505407,0.05927162848556707,0.1944731705679257,1800000,18000000,752400000,24.7
38,0.638791754847709,0.4592755721676938,0.05904762432381161,0.1938260058730838,1800000,18000000,772200000,25.35
39,0.6443032578254,0.4554646214342233,0.06093901356803194,0.1931809948025235,1800000,18000000,792000000,26.0
40,0.6431765943730662,0.45682000699532127,0.05969453342262048,0.19253813018944846,1800000,18000000,811800000,26.650000000000002
41,0.646608153197485,0.4555380506439351,0.06029203494749541,0.19189740489091192,1800000,18000000,831600000,27.3
42,0.6460843938239199,0.4540887017532062,0.06007511280808069,0.1912588117877373,1800000,18000000,851400000,27.95
43,0.6513566968099753,0.44529123919976044,0.05667968936875242,0.1906223437844391,1800000,18000000,871200000,28.6
44,0.6554015172133546,0.44866984957124445,0.05750391895418289,0.1899879938091441,1800000,18000000,891000000,29.25
45,0.6568048765553287,0.44494041159889086,0.05877833882693862,0.18935575481351272,1800000,18000000,910800000,29.900000000000002
46,0.6607069929398959,0.4459504376150641,0.05720078011601717,0.1887256197726607,1800000,18000000,930600000,30.55
47,0.6631861891043236,0.4328985194360864,0.05836543606723303,0.1880975816850811,1800000,18000000,950400000,31.200000000000003
48,0.6655579631858475,0.43366189062636284,0.056347495148106226,0.1874716335725665,1800000,18000000,970200000,31.85
49,0.6651141193582646,0.438075382847003,0.056867965801909184,0.18684776848013143,1800000,18000000,990000000,32.5
50,0.6700564717421442,0.42665193846884625,0.05766853583430029,0.1862259794759351,1800000,18000000,1009800000,33.15
51,0.6714381832851039,0.43259811324333325,0.05583433398077398,0.18560625965120442,1800000,18000000,1029600000,33.800000000000004
52,0.6733408568209032,0.4255644832297873,0.05572624824286996,0.18498860212015716,1800000,18000000,1049400000,34.45
53,0.6743234154283969,0.4274058542281976,0.05836631866916207,0.18437300001992551,1800000,18000000,1069200000,35.1
54,0.6771771707444769,0.42417163913310907,0.05623165853211178,0.18375944651047985,1800000,18000000,1089000000,35.75
55,0.6820388366417806,0.41852270424958204,0.056037825412999544,0.1831479347745526,1800000,18000000,1108800000,36.4
56,0.6795698272233016,0.4179180163911793,0.05682613344077319,0.18253845801756263,1800000,18000000,1128600000,37.050000000000004
57,0.6815062848444864,0.4237233785021941,0.055935523700942076,0.1819310094675397,1800000,18000000,1148400000,37.7
58,0.6856183782459813,0.41455385289916036,0.054765340318857936,0.18132558237504928,1800000,18000000,1168200000,38.35
59,0.6883305092612862,0.41048433027695697,0.05501056391636517,0.18072217001311738,1800000,18000000,1188000000,39.0
60,0.6875638014946541,0.40746706124507936,0.05399205561168318,0.18012076567715601,1800000,18000000,1207800000,39.65
61,0.6895882226637846,0.4152839396476825,0.05481532404430693,0.1795213626848886,1800000,18000000,1227600000,40.300000000000004
62,0.6932199820731604,0.40770478540764665,0.054775306425762275,0.17892395437627573,1800000,18000000,1247400000,40.95
63,0.6937504986610081,0.40882737676912945,0.05525515949467609,0.17832853411344116,1800000,18000000,1267200000,41.6
64,0.6985309731861893,0.4010775643514854,0.054769698431429335,0.17773509528059805,1800000,18000000,1287000000,42.25
65,0.6985801830203755,0.4067161424968024,0.052012382487782186,0.17714363128397553,1800000,18000000,1306800000,42.9
66,0.7019794030102309,0.3991050691669199,0.052883365335516505,0.17655413555174526,1800000,18000000,1326600000,43.550000000000004
67,0.7023750666807946,0.3978908793210268,0.053560898444463045,0.17596660153394866,1800000,18000000,1346400000,44.2
68,0.7049817237977606,0.39585593773945676,0.05273393996752077,0.1753810227024239,1800000,18000000,1366200000,44.85
69,0.7078421457965605,0.38921002803252075,0.05137621515458633,0.17479739255073348,1800000,18000000,1386000000,45.5
70,0.7090270002792098,0.38944002274022244,0.0539962963817258,0.17421570459409197,1800000,18000000,1405800000,46.15
71,0.7079955896715653,0.39054990920548205,0.0525771281162383,0.17363595236929383,1800000,18000000,1425600000,46.800000000000004
72,0.7094753688452962,0.38703863417970646,0.05262305283752969,0.17305812943464177,1800000,18000000,1445400000,47.45
73,0.7118202063833075,0.386453641321173,0.05285729044844928,0.17248222936987492,1800000,18000000,1465200000,48.1
74,0.7141752031573794,0.38135058786491666,0.05304717346443184,0.1719082457760978,1800000,18000000,1485000000,48.75
75,0.7152230286842985,0.3877864996000837,0.05245858790068576,0.17133617227570908,1800000,18000000,1504800000,49.4
76,0.7160527317902051,0.3854568890258258,0.05314311912419206,0.17076600251233054,1800000,18000000,1524600000,50.050000000000004
77,0.716769801096173,0.3851370334176243,0.05113666409046775,0.17019773015073678,1800000,18000000,1544400000,50.7
78,0.7183199818935305,0.37897228279769013,0.0516948807525225,0.16963134887678458,1800000,18000000,1564200000,51.35
79,0.7257679732944289,0.3718254380227049,0.05201232804899774,0.16906685239734287,1800000,18000000,1584000000,52.0
80,0.7224251187814308,0.3769033962089972,0.05069576928432935,0.16850423444022272,1800000,18000000,1603800000,52.65
81,0.7223328086902658,0.37668831504373057,0.050282689799231964,0.1679434887541077,1800000,18000000,1623600000,53.300000000000004
82,0.7253748988148914,0.37676247559588266,0.05033156168609455,0.16738460910848446,1800000,18000000,1643400000,53.95
83,0.7260508624741057,0.37589019711080873,0.050373672156940844,0.16682758929357333,1800000,18000000,1663200000,54.6
84,0.7304826618087942,0.3668072566485213,0.050994497014635494,0.1662724231202596,1800000,18000000,1683000000,55.25
85,0.7279373397733535,0.3793191244651389,0.04951266519893918,0.1657191044200245,1800000,18000000,1702800000,55.9
86,0.730152032106239,0.37123636090042345,0.050178127536999594,0.16516762704487678,1800000,18000000,1722600000,56.550000000000004
87,0.7323384004069003,0.365981390479963,0.048617250885082695,0.16461798486728435,1800000,18000000,1742400000,57.2
88,0.729940105674011,0.3664476531589789,0.04770619168302912,0.16407017178010627,1800000,18000000,1762200000,57.85
89,0.7321973106496246,0.3679244236586063,0.048280628503498686,0.16352418169652483,1800000,18000000,1782000000,58.5
90,0.7349445553443535,0.36378930393710124,0.04883524250538507,0.16298000854997793,1800000,18000000,1801800000,59.15
91,0.7377050648208902,0.36473354922994666,0.0474527810253838,0.16243764629409166,1800000,18000000,1821600000,59.800000000000004
92,0.7367236477498625,0.3642280052156496,0.0488604386743164,0.16189708890261317,1800000,18000000,1841400000,60.45
93,0.737293933182089,0.3660236124957865,0.04967017826798314,0.16135833036934363,1800000,18000000,1861200000,61.1
94,0.7395478626704234,0.356261843127814,0.04808789638495948,0.1608213647080716,1800000,18000000,1881000000,61.75
95,0.740866376621722,0.36204455555592313,0.04738472032454555,0.16028618595250646,1800000,18000000,1900800000,62.400000000000006
96,0.7421490517835726,0.35581569354051534,0.046882858439511704,0.159752788156212,1800000,18000000,1920600000,63.050000000000004
97,0.7423724496863137,0.3616240221112764,0.047599821105284906,0.15922116539254064,1800000,18000000,1940400000,63.7
98,0.7475181386444298,0.3550945395702612,0.04664102338895091,0.15869131175456724,1800000,18000000,1960200000,64.35000000000001
99,0.7448904271577381,0.35599068466713735,0.04772198733483045,0.15816322135502375,1800000,18000000,1980000000,65.0
100,0.7490468486379926,0.3511647446157575,0.04642572880219095,0.15763688832623365,1800000,18000000,1999800000,65.65
101,0.7476900867432821,0.35655502481679896,0.04552247327993615,0.1571123068200467,1800000,18000000,2019600000,66.3
102,0.7489893957738204,0.3464962598969778,0.04629698074263832,0.15658947100777412,1800000,18000000,2039400000,66.95
103,0.7498316011451691,0.3575156077400731,0.04739532084129585,0.1560683750801238,1800000,18000000,2059200000,67.60000000000001
104,0.75167732304545,0.34371033153234015,0.045619293829416985,0.1555490132471355,1800000,18000000,2079000000,68.25
105,0.7514374537609776,0.34505676855978473,0.04620383095101411,0.15503137973811695,1800000,18000000,2098800000,68.9
106,0.7533918323610247,0.3468973608073188,0.047251378841310566,0.15451546880157935,1800000,18000000,2118600000,69.55
107,0.757761534868096,0.3414469051894733,0.04564678731361084,0.15400127470517364,1800000,18000000,2138400000,70.2
108,0.7573895442443428,0.34085797835517034,0.044603448168959,0.15348879173562682,1800000,18000000,2158200000,70.85000000000001
109,0.758132862520495,0.34576464098190846,0.04509008407859417,0.1529780141986784,1800000,18000000,2178000000,71.5
110,0.7585111595628818,0.3424945816192113,0.04790671850397494,0.15246893641901713,1800000,18000000,2197800000,72.15
111,0.7593631608882884,0.33935130457161106,0.04574061488926993,0.15196155274021803,1800000,18000000,2217600000,72.8
112,0.7618931897019765,0.33298034237504814,0.04460776458317945,0.1514558575246794,1800000,18000000,2237400000,73.45
113,0.7598922738408785,0.33461356484904836,0.04362044005285584,0.1509518451535604,1800000,18000000,2257200000,74.10000000000001
114,0.757565258444301,0.34028989262767523,0.04268525447126939,0.15044951002671828,1800000,18000000,2277000000,74.75
115,0.7609170774911986,0.34282428200320914,0.044050220434997865,0.14994884656264654,1800000,18000000,2296800000,75.4
116,0.7589261197675233,0.343648067212468,0.043174409770546165,0.14944984919841262,1800000,18000000,2316600000,76.05
117,0.763140543009127,0.339202189719803,0.04376941557938229,0.14895251238959623,1800000,18000000,2336400000,76.7
118,0.7628567117832109,0.34228193526942474,0.04379516834164836,0.1484568306102277,1800000,18000000,2356200000,77.35000000000001
119,0.7665307500828977,0.33381431850728704,0.04427796185840205,0.14796279835272666,1800000,18000000,2376000000,78.0
120,0.765905532050175,0.3366897890800087,0.0439433604092534,0.14747041012784065,1800000,18000000,2395800000,78.65
121,0.7678305579803509,0.33184584414726837,0.04329771165100793,0.14697966046458436,1800000,18000000,2415600000,79.3
122,0.7651827749815854,0.33537081985682343,0.04440508552583222,0.14649054391017868,1800000,18000000,2435400000,79.95
123,0.767963941985634,0.3300447322239798,0.04341462558333217,0.14600305502999028,1800000,18000000,2455200000,80.60000000000001
124,0.7692395799777013,0.3325975710498086,0.0405187806456819,0.14551718840747094,1800000,18000000,2475000000,81.25
125,0.7693322254873141,0.3275173775440725,0.0414725023524471,0.14503293864409764,1800000,18000000,2494800000,81.9
126,0.769820885666151,0.328360045407866,0.041958834461729023,0.1445503003593125,1800000,18000000,2514600000,82.55
127,0.7710870323588992,0.32888093648435157,0.04302001681668315,0.14406926819046292,1800000,18000000,2534400000,83.2
128,0.7717266522615698,0.32520316614529654,0.04103447355537928,0.14358983679274215,1800000,18000000,2554200000,83.85000000000001
129,0.7710267050898316,0.3315392982171294,0.041489975989387515,0.14311200083912964,1800000,18000000,2574000000,84.5
130,0.7687369560067921,0.3333479012987061,0.04305222503403597,0.14263575502033213,1800000,18000000,2593800000,85.15
131,0.7725349512569895,0.32619284307909147,0.040423484715844706,0.14216109404472455,1800000,18000000,2613600000,85.8
132,0.7729392440430012,0.32597425469899527,0.040726137127002314,0.14168801263829112,1800000,18000000,2633400000,86.45
133,0.7739700137056351,0.3240789590811551,0.04020610126973941,0.14121650554456688,1800000,18000000,2653200000,87.10000000000001
134,0.7743797006915727,0.3306743892737863,0.03953956659572721,0.14074656752457937,1800000,18000000,2673000000,87.75
135,0.7728047766409907,0.32243358182658705,0.04033510486614113,0.14027819335679012,1800000,18000000,2692800000,88.4
136,0.7754207301754164,0.32274868408556034,0.04140099055792631,0.13981137783703693,1800000,18000000,2712600000,89.05
137,0.7746410582555439,0.32500681317075986,0.04164492058069459,0.13934611577847586,1800000,18000000,2732400000,89.7
138,0.7773591142514198,0.32037646425942623,0.0409062704153941,0.13888240201152371,1800000,18000000,2752200000,90.35000000000001
139,0.7787548360533227,0.31899589762150965,0.03961755290841211,0.13842023138380052,1800000,18000000,2772000000,91.0
140,0.7784705726610724,0.32343114801823436,0.03967357660898931,0.13795959876007233,1800000,18000000,2791800000,91.65
141,0.7797575830200364,0.31395610602495244,0.04020373308543238,0.13750049902219416,1800000,18000000,2811600000,92.3
142,0.7809076273891224,0.3190790829735211,0.039885611414170206,0.13704292706905308,1800000,18000000,2831400000,92.95
143,0.7802869114218502,0.3204521755961423,0.03951013584722897,0.13658687781651155,1800000,18000000,2851200000,93.60000000000001
144,0.7829473428290462,0.31370453775667073,0.038892397518568,0.13613234619735098,1800000,18000000,2871000000,94.25
145,0.7805103691980863,0.31946577568525064,0.038608466252201545,0.1356793271612154,1800000,18000000,2890800000,94.9
146,0.7833219548938011,0.3138350018882365,0.03952374389823346,0.1352278156745552,1800000,18000000,2910600000,95.55
147,0.7820989479277404,0.31624188238505396,0.039559622785488226,0.13477780672057155,1800000,18000000,2930400000,96.2
148,0.7797053814200503,0.32583042488782654,0.0383104731295026,0.13432929529916027,1800000,18000000,2950200000,96.85000000000001
149,0.7820659384379242,0.3111862313306659,0.04074605655930183,0.13388227642685652,1800000,18000000,2970000000,97.5
150,0.7829312983943051,0.32399710230535106,0.03774113116190148,0.13343674513677936,1800000,18000000,2989800000,98.15
151,0.7848497559817106,0.31226659396380285,0.03830691181204787,0.1329926964785765,1800000,18000000,3009600000,98.8
152,0.7852209834040238,0.32011655916602966,0.037934821474265634,0.13255012551836945,1800000,18000000,3029400000,99.45
153,0.7846547149472648,0.31284632342425894,0.03724325568925073,0.1321090273386985,1800000,18000000,3049200000,100.10000000000001
154,0.7867096944620191,0.3193705881828342,0.03728532592583371,0.13166939703846825,1800000,18000000,3069000000,100.75
155,0.7852082110953738,0.31868558871065494,0.038893201135683876,0.13123122973289303,1800000,18000000,3088800000,101.4
156,0.7850330820940152,0.3173479731291747,0.036932969219898186,0.13079452055344276,1800000,18000000,3108600000,102.05
157,0.7841298764841707,0.3159999572981796,0.03619759114240353,0.13035926464778871,1800000,18000000,3128400000,102.7
158,0.7866031097030238,0.318415102105798,0.03596663827044562,0.12992545717974963,1800000,18000000,3148200000,103.35000000000001
159,0.7873901011443836,0.31299624961844175,0.035813649528138036,0.12949309332923814,1800000,18000000,3168000000,104.0
160,0.7890784461234053,0.31473450173267026,0.035694252410414254,0.129062168292207,1800000,18000000,3187800000,104.65
161,0.7896554638123343,0.30826747259891285,0.03602797797489847,0.1286326772805958,1800000,18000000,3207600000,105.3
162,0.7901815116437242,0.30934647008517707,0.03700447098652308,0.12820461552227772,1800000,18000000,3227400000,105.95
163,0.788157361043145,0.3078100093638603,0.03696090828016633,0.12777797826100667,1800000,18000000,3247200000,106.60000000000001
164,0.7907719481553755,0.3090952866543884,0.037386640655251366,0.12735276075636423,1800000,18000000,3267000000,107.25
165,0.7913817801940853,0.3064390337283029,0.03740500739692522,0.12692895828370707,1800000,18000000,3286800000,107.9
166,0.7915196624058544,0.31178949837913766,0.03641695563188703,0.12650656613411448,1800000,18000000,3306600000,108.55
167,0.790714049787617,0.3129474882204546,0.03560165612716885,0.12608557961433597,1800000,18000000,3326400000,109.2
168,0.7920695508635679,0.31130105712737816,0.034159997753503354,0.12566599404673928,1800000,18000000,3346200000,109.85000000000001
169,0.7920132926546508,0.3074269918667082,0.034526813931556224,0.12524780476925818,1800000,18000000,3366000000,110.5
170,0.7920961881522383,0.31380864213632936,0.0352004107234093,0.12483100713534084,1800000,18000000,3385800000,111.15
171,0.7893504117878591,0.310982178917098,0.03610158398084385,0.12441559651389816,1800000,18000000,3405600000,111.8
172,0.7911631902715112,0.3071929926364003,0.03506570498662141,0.12400156828925231,1800000,18000000,3425400000,112.45
173,0.7938687338248467,0.30662202031008984,0.03554003203830762,0.12358891786108542,1800000,18000000,3445200000,113.10000000000001
174,0.7938429917619403,0.307538378076304,0.03598541284866083,0.12317764064438845,1800000,18000000,3465000000,113.75
175,0.794931647551916,0.3085603495944819,0.034357827051553616,0.12276773206941036,1800000,18000000,3484800000,114.4
176,0.7943517183959155,0.3036944921402101,0.034771154016196605,0.1223591875816072,1800000,18000000,3504600000,115.05
177,0.7924286441256699,0.312399276361627,0.03399831998883095,0.12195200264159156,1800000,18000000,3524400000,115.7
178,0.794801040929273,0.30237831295596307,0.03485705371695296,0.12154617272508213,1800000,18000000,3544200000,116.35000000000001
179,0.7951097152055668,0.30694133641981103,0.03691068671716185,0.12114169332285347,1800000,18000000,3564000000,117.0
180,0.7968518031711059,0.30480527757432013,0.03557981847200599,0.12073855994068583,1800000,18000000,3583800000,117.65
181,0.7954819486592575,0.3029654688791831,0.034624250749560506,0.12033676809931522,1800000,18000000,3603600000,118.3
182,0.7950051462048311,0.3108808974433149,0.03330675958555944,0.11993631333438377,1800000,18000000,3623400000,118.95
183,0.7968114274351102,0.3013664467532684,0.03330958578456098,0.11953719119638996,1800000,18000000,3643200000,119.60000000000001
184,0.7964284487069101,0.3010151580129804,0.033648491291145805,0.11913939725063923,1800000,18000000,3663000000,120.25
185,0.796756758405028,0.30138145534046124,0.03443788732829013,0.11874292707719478,1800000,18000000,3682800000,120.9
186,0.7976801718025832,0.29498096226139514,0.0329313585645062,0.11834777627082839,1800000,18000000,3702600000,121.55
187,0.799022192544187,0.30355685129028404,0.032248529220378186,0.11795394044097147,1800000,18000000,3722400000,122.2
188,0.8016255464310799,0.30071092514467346,0.0335048960958642,0.11756141521166627,1800000,18000000,3742200000,122.85000000000001
189,0.7966496944134833,0.3018182150508597,0.03406394175159524,0.11717019622151738,1800000,18000000,3762000000,123.5
190,0.8005404538157279,0.29389135391825605,0.0331299946441881,0.11678027912364307,1800000,18000000,3781800000,124.15
191,0.7974061340802207,0.3037566969512748,0.03502743105714332,0.11639165958562711,1800000,18000000,3801600000,124.80000000000001
192,0.7974050579729501,0.3044685403618406,0.03399692086436587,0.11600433328947068,1800000,18000000,3821400000,125.45
193,0.7993940513182692,0.29755019607483807,0.032908263822527754,0.11561829593154425,1800000,18000000,3841200000,126.10000000000001
194,0.8016488043402684,0.2960377833855787,0.03264977483318702,0.11523354322253988,1800000,18000000,3861000000,126.75
195,0.7971924210420419,0.300190672154589,0.03195760206967633,0.11485007088742354,1800000,18000000,3880800000,127.4
196,0.7997827421497439,0.29875055371442244,0.032533616452614815,0.11446787466538752,1800000,18000000,3900600000,128.05
197,0.8011914545848619,0.306256944097229,0.031100409036621358,0.11408695030980319,1800000,18000000,3920400000,128.70000000000002
198,0.8020914414615704,0.29972064820857514,0.03260763595880077,0.11370729358817382,1800000,18000000,3940200000,129.35
199,0.7993476393675885,0.30406332466267594,0.031065971957898827,0.1133289002820875,1800000,18000000,3960000000,130.0
200,0.8016134845609156,0.30256266703321444,0.031353824283839975,0.11295176618717025,1800000,18000000,3979800000,130.65
201,0.8041434928275262,0.29204474136393754,0.03107554833957127,0.11257588711303934,1800000,18000000,3999600000,131.3
202,0.8003204351576799,0.30186192397749273,0.03103639571664142,0.11220125888325679,1800000,18000000,4019400000,131.95000000000002
203,0.801911109164387,0.2939824189515927,0.0317334714669255,0.11182787733528282,1800000,18000000,4039200000,132.6
204,0.8031180113114689,0.29694552884075087,0.031563441935166914,0.1114557383204297,1800000,18000000,4059000000,133.25
205,0.8027929299092906,0.2966842401379752,0.0292357240728712,0.11108483770381573,1800000,18000000,4078800000,133.9
206,0.8002274477171241,0.301148001303929,0.029290877514757684,0.11071517136431909,1800000,18000000,4098600000,134.55
207,0.8014430377558754,0.29138965157074315,0.03066157829854084,0.11034673519453223,1800000,18000000,4118400000,135.20000000000002
208,0.8009177565701059,0.2969945341742262,0.028910508090788774,0.10997952510071608,1800000,18000000,4138200000,135.85
209,0.8044534523278628,0.29320418793002856,0.031692748464328915,0.10961353700275477,1800000,18000000,4158000000,136.5
210,0.8022209807879505,0.2956522945022746,0.02923630083154497,0.1092487668341101,1800000,18000000,4177800000,137.15
211,0.8012451478014653,0.3002881495163401,0.029903927082544784,0.10888521054177641,1800000,18000000,4197600000,137.8
212,0.8045721117136126,0.29266252896432315,0.028899777650987238,0.10852286408623565,1800000,18000000,4217400000,138.45000000000002
213,0.8064411984423929,0.2925600617181657,0.028076323762589686,0.10816172344141232,1800000,18000000,4237200000,139.1
214,0.8054079104570151,0.29567582464258335,0.02887691351642549,0.1078017845946289,1800000,18000000,4257000000,139.75
215,0.8034055549664794,0.29862703483312897,0.031899585588408344,0.10744304354656116,1800000,18000000,4276800000,140.4
216,0.804236755663665,0.29731531058416777,0.028695942037268937,0.10708549631119377,1800000,18000000,4296600000,141.05
217,0.803585405110098,0.2997282498305761,0.030354261877568598,0.10672913891577596,1800000,18000000,4316400000,141.70000000000002
218,0.8049679962723831,0.2915820703193176,0.029796542468329947,0.1063739674007775,1800000,18000000,4336200000,142.35
219,0.802746379053572,0.2989948806425412,0.0281173859172327,0.10601997781984454,1800000,18000000,4356000000,143.0
220,0.8063410469406246,0.2911618573258895,0.030489545410949087,0.10566716623975587,1800000,18000000,4375800000,143.65
221,0.8078654901770979,0.2990502529892888,0.028982666778545402,0.10531552874037918,1800000,18000000,4395600000,144.3
222,0.8069054113780945,0.29442959171945987,0.029605143194847673,0.10496506141462757,1800000,18000000,4415400000,144.95000000000002
223,0.8030317955481858,0.29532306519709506,0.028272604163551887,0.10461576036841601,1800000,18000000,4435200000,145.6
224,0.8048370789254184,0.29191433064662675,0.028915701731426113,0.10426762172061814,1800000,18000000,4455000000,146.25
225,0.8039773050033717,0.2941752793534516,0.02869280093280177,0.10392064160302324,1800000,18000000,4474800000,146.9
226,0.8045659329497468,0.2996630409308651,0.026900709840009307,0.10357481616029306,1800000,18000000,4494600000,147.55
227,0.8051155900858795,0.29391519684397216,0.027906388594156572,0.10323014154991914,1800000,18000000,4514400000,148.20000000000002
228,0.8044779875040816,0.2939605115400954,0.028836904171172552,0.10288661394218003,1800000,18000000,4534200000,148.85
229,0.8054776871691836,0.2948879240368831,0.027606028057509703,0.10254422952009878,1800000,18000000,4554000000,149.5
230,0.8024049791421438,0.2912715462006686,0.02716923384933608,0.10220298447940052,1800000,18000000,4573800000,150.15
231,0.8052649092156116,0.29657905503025095,0.02698765344776256,0.10186287502847018,1800000,18000000,4593600000,150.8
232,0.8060254248658058,0.29838073213763144,0.02681999423294863,0.10152389738831034,1800000,18000000,4613400000,151.45000000000002
233,0.8046954890870762,0.29652893873770714,0.02993269546024688,0.1011860477924993,1800000,18000000,4633200000,152.1
234,0.8042711220451201,0.29582409146967314,0.026119505590296854,0.10084932248714917,1800000,18000000,4653000000,152.75
235,0.8084013112788275,0.29004574693859964,0.028444240580712262,0.10051371773086425,1800000,18000000,4672800000,153.4
236,0.8061545948663155,0.29495958246518145,0.027830141647750658,0.1001792297946993,1800000,18000000,4692600000,154.05
237,0.8070492053945747,0.29552895852746747,0.025563990999151666,0.09984585496211829,1800000,18000000,4712400000,154.70000000000002
238,0.8044242835967919,0.2959923822524753,0.02966968398385975,0.09951358952895295,1800000,18000000,4732200000,155.35
239,0.805874609303046,0.2926365758900541,0.027436344160894847,0.09918242980336175,1800000,18000000,4752000000,156.0
240,0.8061599015281875,0.2923478425112691,0.02567782005056274,0.09885237210578875,1800000,18000000,4771800000,156.65
241,0.8013563881546109,0.30063861120169605,0.025775369838355364,0.09852341276892282,1800000,18000000,4791600000,157.3
242,0.8031181494981839,0.2970280152790861,0.025819913981180276,0.09819554813765684,1800000,18000000,4811400000,157.95000000000002
243,0.8035090534567928,0.2965944577638601,0.0268250434488158,0.09786877456904704,1800000,18000000,4831200000,158.6
244,0.8039587134851873,0.28889118256703933,0.026846646711850074,0.09754308843227269,1800000,18000000,4851000000,159.25
245,0.803257579577189,0.2941718247325078,0.026279638467030613,0.09721848610859557,1800000,18000000,4870800000,159.9
246,0.804010456073408,0.29860503779102165,0.025830854898734008,0.09689496399131985,1800000,18000000,4890600000,160.55
247,0.8024173547617761,0.2930394591731751,0.026700546822163194,0.09657251848575199,1800000,18000000,4910400000,161.20000000000002
248,0.8046239354697797,0.29435531108874935,0.026496821393443736,0.09625114600916085,1800000,18000000,4930200000,161.85
249,0.8047061547172297,0.2967425943917547,0.026017544392609705,0.09593084299073784,1800000,18000000,4950000000,162.5
250,0.8024811200490987,0.290173773388322,0.023967423034728774,0.0956116058715572,1800000,18000000,4969800000,163.15
251,0.8059569317364148,0.2948395750951769,0.027180982667500225,0.0952934311045366,1800000,18000000,4989600000,163.8
252,0.8062378302730142,0.2921001025968466,0.026774119292766154,0.09497631515439754,1800000,18000000,5009400000,164.45000000000002
253,0.8059996849029432,0.2958338259973066,0.024468198716915898,0.0946602544976262,1800000,18000000,5029200000,165.1
254,0.8046951381087443,0.29324821952732205,0.02433551454579317,0.09434524562243425,1800000,18000000,5049000000,165.75
255,0.803573292403083,0.2960749837693073,0.026538332957674934,0.09403128502871988,1800000,18000000,5068800000,166.4
256,0.8020512226307999,0.29591537296735454,0.025316600481966253,0.09371836922802874,1800000,18000000,5088600000,167.05
257,0.8037125661760965,0.2953054360192511,0.024740944933630018,0.09340649474351545,1800000,18000000,5108400000,167.70000000000002
258,0.8040254080729453,0.29879405522902897,0.023868968881321957,0.09309565810990474,1800000,18000000,5128200000,168.35
259,0.8069103176373492,0.29156448855694833,0.02275905937411848,0.09278585587345302,1800000,18000000,5148000000,169.0
260,0.805817968936382,0.2924269497507161,0.025177193716060885,0.09247708459191002,1800000,18000000,5167800000,169.65
261,0.80179061015855,0.2997467637088769,0.025779933497283063,0.09216934083448058,1800000,18000000,5187600000,170.3
262,0.8046657623308445,0.29994616881799824,0.023548586611754928,0.09186262118178642,1800000,18000000,5207400000,170.95000000000002
263,0.8041662666438438,0.29135299285658467,0.024594208334206395,0.09155692222582827,1800000,18000000,5227200000,171.6
264,0.8052087456819708,0.2951784574000357,0.02520946667068414,0.0912522405699479,1800000,18000000,5247000000,172.25
265,0.8048006040172095,0.2949787619795865,0.025930947538715193,0.09094857282879044,1800000,18000000,5266800000,172.9
266,0.8047828621719364,0.29516597281130164,0.024280990409982592,0.09064591562826678,1800000,18000000,5286600000,173.55
267,0.8048269070397546,0.29704648900683456,0.02331555532006043,0.090344265605516,1800000,18000000,5306400000,174.20000000000002
268,0.8032730684000201,0.2992114627727006,0.022853639813818175,0.0900436194088681,1800000,18000000,5326200000,174.85
269,0.8016234024799487,0.3013534287030067,0.02458928962208088,0.08974397369780665,1800000,18000000,5346000000,175.5
270,0.8057473204772638,0.2925050107991286,0.023612013930907602,0.08944532514293181,1800000,18000000,5365800000,176.15
271,0.8050653751481386,0.2930241366898541,0.022724471960909993,0.08914767042592323,1800000,18000000,5385600000,176.8
272,0.8040715050784429,0.29560625188201683,0.02345658973056068,0.08885100623950319,1800000,18000000,5405400000,177.45000000000002
273,0.8050932350827571,0.29421998899623875,0.023381475127171394,0.08855532928739991,1800000,18000000,5425200000,178.1
274,0.8059359959471947,0.2928450520104409,0.024383698674918936,0.08826063628431091,1800000,18000000,5445000000,178.75
275,0.8046794303345247,0.29558946768500644,0.025125967841395435,0.08796692395586642,1800000,18000000,5464800000,179.4
276,0.8041835334523725,0.2939826195090013,0.02245277081821352,0.08767418903859311,1800000,18000000,5484600000,180.05
277,0.8046734213282368,0.29777433364199685,0.024259178656665867,0.0873824282798778,1800000,18000000,5504400000,180.70000000000002
278,0.8044273923141524,0.2980503669480905,0.023565147695580237,0.08709163843793126,1800000,18000000,5524200000,181.35
279,0.8047708267692959,0.2977834286684599,0.023201401835801307,0.08680181628175224,1800000,18000000,5544000000,182.0
280,0.8045652372436821,0.29945917853505744,0.02130336787938247,0.08651295859109161,1800000,18000000,5563800000,182.65
281,0.8054477225829572,0.29467550697721767,0.023289314800850936,0.0862250621564165,1800000,18000000,5583600000,183.3
282,0.8055561332856298,0.2908182967602007,0.02315941549119349,0.08593812377887465,1800000,18000000,5603400000,183.95000000000002
283,0.8051616726341737,0.30022025429673965,0.02403885060438805,0.08565214027025891,1800000,18000000,5623200000,184.6
284,0.8045779303463491,0.2931496172378405,0.023019449674579008,0.08536710845297184,1800000,18000000,5643000000,185.25
285,0.8039872176168946,0.299059682980313,0.020923700881686536,0.08508302515999028,1800000,18000000,5662800000,185.9
286,0.8066571918551477,0.2935803843184249,0.021777887429604063,0.08479988723483026,1800000,18000000,5682600000,186.55
287,0.8036535211229908,0.2994054570486777,0.02089658290160339,0.08451769153151197,1800000,18000000,5702400000,187.20000000000002
288,0.8025430343814762,0.29338088079368996,0.022521277237404144,0.08423643491452465,1800000,18000000,5722200000,187.85
289,0.8039558150334541,0.29739880310799843,0.022151583592428165,0.08395611425879189,1800000,18000000,5742000000,188.5
290,0.8070212478973512,0.2946368066152478,0.021761763968316514,0.08367672644963688,1800000,18000000,5761800000,189.15
291,0.800566063984641,0.30364321751283246,0.02142429414587085,0.08339826838274775,1800000,18000000,5781600000,189.8
292,0.8048707694962853,0.2867749699537966,0.021418581609952136,0.08312073696414307,1800000,18000000,5801400000,190.45000000000002
293,0.8046709242358193,0.29404498605845913,0.021716961934052904,0.08284412911013761,1800000,18000000,5821200000,191.1
294,0.8037717950699937,0.2995878220371177,0.022760778695458516,0.0825684417473079,1800000,18000000,5841000000,191.75
295,0.8058005012077349,0.2963722623382116,0.0225585904793943,0.08229367181245818,1800000,18000000,5860800000,192.4
296,0.8043958652541656,0.30001743791961044,0.020906303602651,0.08201981625258635,1800000,18000000,5880600000,193.05
297,0.8067023420426068,0.29143896940051683,0.020937838139546572,0.08174687202485005,1800000,18000000,5900400000,193.70000000000002
298,0.804232689336365,0.2968413320974639,0.020988643793267956,0.08147483609653282,1800000,18000000,5920200000,194.35
299,0.8012692656595632,0.2945141256469707,0.021250312395520467,0.08120370544501043,1800000,18000000,5940000000,195.0
300,0.8046109879455444,0.2994265656502478,0.021180632945669263,0.08093347705771732,1800000,18000000,5959800000,195.65
301,0.7999970693547742,0.29687411563025384,0.020542611909078645,0.08066414793211302,1800000,18000000,5979600000,196.3
302,0.8048743570403082,0.2888040401409389,0.022510592506233988,0.080395715075649,1800000,18000000,5999400000,196.95000000000002
303,0.8022413110787594,0.2969346818688889,0.01998155624278918,0.08012817550573513,1800000,18000000,6019200000,197.6
304,0.8023753953943845,0.29721761301257577,0.02068409101436637,0.0798615262497068,1800000,18000000,6039000000,198.25
305,0.8039921495422967,0.3002227179372872,0.022136949324790142,0.07959576434479178,1800000,18000000,6058800000,198.9
306,0.8034108114124808,0.29769765046361824,0.021249883130697787,0.07933088683807722,1800000,18000000,6078600000,199.55
307,0.8069118189825356,0.2950152928913557,0.020154529942583918,0.07906689078647704,1800000,18000000,6098400000,200.20000000000002
308,0.8053640237173411,0.2981889578018365,0.019184432895731244,0.07880377325669904,1800000,18000000,6118200000,200.85
309,0.8063199361832176,0.29326251183145735,0.01918851399780151,0.07854153132521242,1800000,18000000,6138000000,201.5
310,0.8043707088050758,0.29626465887928677,0.02029020845189508,0.07828016207821521,1800000,18000000,6157800000,202.15
311,0.8031297376873106,0.29567076325184793,0.021976434121220342,0.07801966261160202,1800000,18000000,6177600000,202.8
312,0.8045480092779468,0.29825071081119336,0.01926312986076312,0.07776003003093164,1800000,18000000,6197400000,203.45000000000002
313,0.8043292520215405,0.2936174306626249,0.01961322704755972,0.07750126145139492,1800000,18000000,6217200000,204.1
314,0.8028287269380516,0.299755480587897,0.0197371262435105,0.07724335399778277,1800000,18000000,6237000000,204.75
315,0.8053433667494797,0.29623732988349694,0.018399951944445877,0.07698630480445418,1800000,18000000,6256800000,205.4
316,0.8038390084392291,0.2972566832922659,0.0178533199174136,0.07673011101530436,1800000,18000000,6276600000,206.05
317,0.8025204726082041,0.3005058742517035,0.02025863535612774,0.07647476978373298,1800000,18000000,6296400000,206.70000000000002
318,0.8038728710880663,0.29513047539871223,0.021446463286298338,0.07622027827261263,1800000,18000000,6316200000,207.35
319,0.805202453225002,0.29336879027874624,0.020235822543867965,0.07596663365425728,1800000,18000000,6336000000,208.0
320,0.8054492581155742,0.2921082291822701,0.020032029310743653,0.07571383311039072,1800000,18000000,6355800000,208.65
321,0.8047139699290624,0.2952854251424584,0.020166025120469288,0.07546187383211546,1800000,18000000,6375600000,209.3
322,0.8035862960835504,0.29240964159449645,0.01974567799125525,0.07521075301988138,1800000,18000000,6395400000,209.95000000000002
323,0.8034693765919464,0.29454309607705736,0.01936185327753809,0.07496046788345459,1800000,18000000,6415200000,210.6
324,0.8047407081342375,0.2903406345285776,0.019767932428597725,0.0747110156418866,1800000,18000000,6435000000,211.25
325,0.805524584200363,0.28864861568665395,0.020905213169724685,0.07446239352348329,1800000,18000000,6454800000,211.9
326,0.8036219998261201,0.29081325445611167,0.01969885718312823,0.07421459876577408,1800000,18000000,6474600000,212.55
327,0.8034938657122328,0.29865329035977806,0.018236397309090695,0.07396762861548134,1800000,18000000,6494400000,213.20000000000002
328,0.8046539953723247,0.2978858967263011,0.017722014437333043,0.07372148032848977,1800000,18000000,6514200000,213.85
329,0.8037185478318392,0.29456798482930746,0.018545514215290205,0.07347615116981583,1800000,18000000,6534000000,214.5
330,0.80453781204842,0.29364170369890796,0.018666693306931912,0.07323163841357751,1800000,18000000,6553800000,215.15
331,0.8032596385578016,0.2921556952041439,0.018302566411217597,0.07298793934296385,1800000,18000000,6573600000,215.8
332,0.8031280766348021,0.29894498072224457,0.016611898685289332,0.0727450512502049,1800000,18000000,6593400000,216.45000000000002
333,0.8035814657248365,0.2947800232614883,0.019165550579634164,0.0725029714365416,1800000,18000000,6613200000,217.1
334,0.8025656729960154,0.29652018906815214,0.017858951671154002,0.07226169721219572,1800000,18000000,6633000000,217.75
335,0.8043669901734956,0.29170762246985477,0.01733520762637652,0.07202122589634008,1800000,18000000,6652800000,218.4
336,0.8040412046027703,0.2954159633288732,0.017771862057626226,0.07178155481706869,1800000,18000000,6672600000,219.05
337,0.8034659086304755,0.2940233932659889,0.019302315665889254,0.0715426813113671,1800000,18000000,6692400000,219.70000000000002
338,0.8057678795612214,0.29220305010300784,0.018826114237442255,0.07130460272508277,1800000,18000000,6712200000,220.35
339,0.8039499147092314,0.3010711588717647,0.016527919295420416,0.07106731641289565,1800000,18000000,6732000000,221.0
340,0.8066495430227772,0.2879191797814357,0.018516689360512012,0.0708308197382887,1800000,18000000,6751800000,221.65
341,0.8046203964332456,0.29790487100331836,0.01691652689050662,0.07059511007351867,1800000,18000000,6771600000,222.3
342,0.8061925301843285,0.294330768854949,0.018401751413409776,0.07036018479958688,1800000,18000000,6791400000,222.95000000000002
343,0.804304563987992,0.2930288580822265,0.018143238506116145,0.07012604130621002,1800000,18000000,6811200000,223.6
344,0.8018012781734779,0.2976892899362197,0.01727909519161826,0.06989267699179139,1800000,18000000,6831000000,224.25
345,0.803052916197838,0.29673469030191496,0.017841364190935235,0.06966008926339172,1800000,18000000,6850800000,224.9
346,0.8052794734143371,0.2917437411587506,0.01662774924497442,0.06942827553670051,1800000,18000000,6870600000,225.55
347,0.8062561229057714,0.2908793482658528,0.017421899375765826,0.06919723323600736,1800000,18000000,6890400000,226.20000000000002
348,0.8028298871094816,0.29696469058111763,0.01609909226182506,0.06896695979417317,1800000,18000000,6910200000,226.85
349,0.8039880916194557,0.2906790538667388,0.01768982497736185,0.06873745265260178,1800000,18000000,6930000000,227.5
350,0.8046772109248699,0.29750380667716375,0.016472724086394684,0.06850870926121148,1800000,18000000,6949800000,228.15
351,0.8035039366711191,0.2966258548484821,0.016757461553623648,0.06828072707840671,1800000,18000000,6969600000,228.8
352,0.8028073155879542,0.2931864460545451,0.01701843663068477,0.06805350357104971,1800000,18000000,6989400000,229.45000000000002
353,0.8043148281573156,0.2940237208674049,0.018330357889656593,0.06782703621443252,1800000,18000000,7009200000,230.1
354,0.8043020355464686,0.295012208169116,0.017448321453300105,0.06760132249224887,1800000,18000000,7029000000,230.75
355,0.8047575997106047,0.2959539632473093,0.018643150605320864,0.06737635989656618,1800000,18000000,7048800000,231.4
356,0.8041862067510627,0.2926258356828007,0.019180998708893397,0.06715214592779772,1800000,18000000,7068600000,232.05
357,0.8014033833903984,0.2986784100113276,0.016424245589183407,0.0669286780946749,1800000,18000000,7088400000,232.70000000000002
358,0.8054629981201078,0.2950017622962448,0.016331291309878752,0.06670595391421945,1800000,18000000,7108200000,233.35
359,0.8029274067517149,0.2994155438953263,0.015455659811352945,0.066483970911716,1800000,18000000,7128000000,234.0
360,0.8047634239554177,0.3022874544909872,0.015178898894272132,0.06626272662068447,1800000,18000000,7147800000,234.65
361,0.8054950003541064,0.288713476623565,0.01722030505481759,0.06604221858285264,1800000,18000000,7167600000,235.3
362,0.8043747124338334,0.29090230240615844,0.016065972009262828,0.06582244434812895,1800000,18000000,7187400000,235.95000000000002
363,0.8060817796517288,0.29502693334402147,0.01632663572204209,0.06560340147457523,1800000,18000000,7207200000,236.6
364,0.805205994288776,0.29248673698780964,0.01542567625826474,0.06538508752837947,1800000,18000000,7227000000,237.25
365,0.8025614516031722,0.2995992798329277,0.015592662541736866,0.06516750008382895,1800000,18000000,7246800000,237.9
366,0.8074899484559387,0.2914161776198521,0.01682131013812175,0.06495063672328313,1800000,18000000,7266600000,238.55
367,0.8063118105277995,0.29242718350628727,0.01568215657960436,0.0647344950371469,1800000,18000000,7286400000,239.20000000000002
368,0.805698756383548,0.29496592499790136,0.016606371826462067,0.06451907262384375,1800000,18000000,7306200000,239.85
369,0.805370993720508,0.29649759741423304,0.014837112688589952,0.06430436708978908,1800000,18000000,7326000000,240.5
370,0.8026213346812334,0.29403357977888245,0.016486850986569945,0.06409037604936363,1800000,18000000,7345800000,241.15
371,0.8038365789299076,0.2959634453042012,0.018004577435299995,0.063877097124887,1800000,18000000,7365600000,241.8
372,0.8067928136560814,0.29646540988914466,0.015925246340968677,0.06366452794659114,1800000,18000000,7385400000,242.45000000000002
373,0.8057546876477722,0.28784404627969457,0.015427775499470402,0.06345266615259412,1800000,18000000,7405200000,243.1
374,0.8051271162641307,0.2948265092401864,0.015613070333574884,0.06324150938887384,1800000,18000000,7425000000,243.75
375,0.8028757658595491,0.30308012986038935,0.016062173573615893,0.06303105530924182,1800000,18000000,7444800000,244.4
376,0.8030472807500453,0.2967572464924729,0.015752458107010463,0.06282130157531728,1800000,18000000,7464600000,245.05
377,0.8048381867159539,0.29402564898664574,0.01588009741363772,0.06261224585650099,1800000,18000000,7484400000,245.70000000000002
378,0.8030699158567595,0.299161579871718,0.016731200632392168,0.06240388582994949,1800000,18000000,7504200000,246.35
379,0.8045231373995233,0.29644303948746736,0.01475036780203457,0.06219621918054922,1800000,18000000,7524000000,247.0
380,0.806961806872881,0.2942865624714306,0.015530751441621917,0.061989243600890837,1800000,18000000,7543800000,247.65
381,0.8040773164140982,0.2972512652146871,0.015149895182347202,0.06178295679124355,1800000,18000000,7563600000,248.3
382,0.8060293031910538,0.2938573748278974,0.01533505598288004,0.06157735645952957,1800000,18000000,7583400000,248.95000000000002
383,0.8036163689468213,0.2970049252106357,0.015512428854408379,0.061372440321298655,1800000,18000000,7603200000,249.60000000000002
384,0.8058753258381232,0.2912376715255458,0.016230624090474034,0.06116820609970271,1800000,18000000,7623000000,250.25
385,0.8055914425867176,0.29314946871720404,0.01459022639445286,0.0609646515254705,1800000,18000000,7642800000,250.9
386,0.8048458825354903,0.2933583664236759,0.013500043534241066,0.060761774336882464,1800000,18000000,7662600000,251.55
387,0.8022200718743377,0.3029628972506851,0.013110292114782466,0.06055957227974552,1800000,18000000,7682400000,252.20000000000002
388,0.8065830926424405,0.28793857622423913,0.014490166814146993,0.06035804310736805,1800000,18000000,7702200000,252.85000000000002
389,0.8036271876190375,0.29422416298603926,0.014427136650585216,0.060157184580534956,1800000,18000000,7722000000,253.5
390,0.8027896307824631,0.30148916844058055,0.014836794221925903,0.05995699446748277,1800000,18000000,7741800000,254.15
391,0.806015998923952,0.29301941500768813,0.014760176472098166,0.05975747054387485,1800000,18000000,7761600000,254.8
392,0.80385205531618,0.29490604496857187,0.01512487684162219,0.05955861059277665,1800000,18000000,7781400000,255.45000000000002
393,0.8054617389011878,0.293638762380239,0.013774569065177766,0.0593604124046311,1800000,18000000,7801200000,256.1
394,0.8073282427584656,0.29126364935145455,0.014589504480585252,0.0591628737772341,1800000,18000000,7821000000,256.75
395,0.8069818309542152,0.29280204066740184,0.015255935701919644,0.05896599251570996,1800000,18000000,7840800000,257.40000000000003
396,0.8044955535654943,0.29662887557432627,0.01215195358441469,0.058769766432487075,1800000,18000000,7860600000,258.05
397,0.8046325452071548,0.29703333746969657,0.014944233705133925,0.05857419334727365,1800000,18000000,7880400000,258.7
398,0.8047199700026942,0.29374177269337465,0.013223227568357046,0.05837927108703333,1800000,18000000,7900200000,259.35
399,0.8036411281166725,0.29548866534462404,0.013501400440361433,0.05818499748596127,1800000,18000000,7920000000,260.0
400,0.8044633734137033,0.2989876950135896,0.015005891099222832,0.05799137038545989,1800000,18000000,7939800000,260.65000000000003
401,0.8029116619640903,0.2992488435926742,0.012667069670931463,0.05779838763411496,1800000,18000000,7959600000,261.3
402,0.80228164416865,0.3027644508617995,0.014552179082993213,0.05760604708767172,1800000,18000000,7979400000,261.95
403,0.8036431629856993,0.29377429772250097,0.013170036765587716,0.057414346609011,1800000,18000000,7999200000,262.6
404,0.8064711314137215,0.29860408736366145,0.014500770210090056,0.05722328406812549,1800000,18000000,8019000000,263.25
405,0.8052093936975072,0.29807987534282143,0.012900025931194666,0.05703285734209613,1800000,18000000,8038800000,263.90000000000003
406,0.8039141057023559,0.2941939450476485,0.01434138294762763,0.05684306431506844,1800000,18000000,8058600000,264.55
407,0.8033521041095646,0.2931632274408016,0.013499875510997808,0.05665390287822906,1800000,18000000,8078400000,265.2
408,0.8043053497291056,0.2952686211977229,0.01349063525862565,0.056465370929782294,1800000,18000000,8098200000,265.85
409,0.8041314395294096,0.2943403075567556,0.015001779820317113,0.05627746637492678,1800000,18000000,8118000000,266.5
410,0.8042412074412046,0.29539460576053267,0.013927527684220233,0.05609018712583219,1800000,18000000,8137800000,267.15000000000003
411,0.8039554453998785,0.29803483945194725,0.012193692788022046,0.05590353110161606,1800000,18000000,8157600000,267.8
412,0.802937765464389,0.2952474511321074,0.012581175000916718,0.05571749622832065,1800000,18000000,8177400000,268.45
413,0.8070327381806831,0.2991988632036166,0.013143461125180379,0.05553208043888989,1800000,18000000,8197200000,269.1
414,0.8049831872923504,0.2935685754507987,0.01335646463441909,0.05534728167314643,1800000,18000000,8217000000,269.75
415,0.8036509052758642,0.2946946602566857,0.012450425890110667,0.05516309787776877,1800000,18000000,8236800000,270.40000000000003
416,0.8063104784750867,0.2958130734130845,0.014633997160001057,0.05497952700626836,1800000,18000000,8256600000,271.05
417,0.802984980129846,0.29598183892529545,0.013939173258878852,0.054796567018967006,1800000,18000000,8276400000,271.7
418,0.8055782345812446,0.2939711822818149,0.012333284454781183,0.05461421588297405,1800000,18000000,8296200000,272.35
419,0.8040974372995822,0.29014544603361414,0.011994354477822242,0.05443247157216389,1800000,18000000,8316000000,273.0
420,0.8034111487401029,0.2935377702970924,0.013054747684453465,0.05425133206715343,1800000,18000000,8335800000,273.65000000000003
421,0.8048767692608574,0.30090357967229875,0.013863012159244922,0.05407079535527962,1800000,18000000,8355600000,274.3
422,0.8061655730799314,0.29134164049405886,0.012742191085136911,0.05389085943057717,1800000,18000000,8375400000,274.95
423,0.8040884026697442,0.29453775345605204,0.01377439667037204,0.05371152229375616,1800000,18000000,8395200000,275.6
424,0.8054050704946344,0.2941420690612466,0.013141129716510859,0.053532781952179885,1800000,18000000,8415000000,276.25
425,0.8039914480976587,0.302229677826699,0.013843427973735903,0.05335463641984271,1800000,18000000,8434800000,276.90000000000003
426,0.8033799485089931,0.2963678125133539,0.012031070842178802,0.05317708371734802,1800000,18000000,8454600000,277.55
427,0.8044227847058203,0.29504651436223606,0.012233350727343687,0.05300012187188616,1800000,18000000,8474400000,278.2
428,0.8029563825961086,0.29474406088637756,0.01166025334109703,0.05282374891721258,1800000,18000000,8494200000,278.85
429,0.8045998035476752,0.2959212539225022,0.014275973679203687,0.052647962893626,1800000,18000000,8514000000,279.5
430,0.80357991765523,0.2928537151277456,0.011664131511133009,0.05247276184794653,1800000,18000000,8533800000,280.15000000000003
431,0.8026360746362421,0.29484830302772974,0.010861227755259524,0.05229814383349411,1800000,18000000,8553600000,280.8
432,0.8035127365746103,0.2936871260832411,0.012521195549736144,0.05212410691006679,1800000,18000000,8573400000,281.45
433,0.8058771214210946,0.29458720221611523,0.011487739090967045,0.051950649143919156,1800000,18000000,8593200000,282.1
434,0.8047728821623605,0.29415872108126634,0.012639955424609998,0.05177776860774092,1800000,18000000,8613000000,282.75
435,0.8034922146458903,0.30198784948730056,0.010907346980505554,0.051605463380635486,1800000,18000000,8632800000,283.40000000000003
436,0.8050437143440698,0.29572401874378995,0.013383561838959146,0.05143373154809852,1800000,18000000,8652600000,284.05
437,0.8029494904983187,0.2998267066531946,0.012213964043398428,0.051262571201996794,1800000,18000000,8672400000,284.7
438,0.806564099187207,0.2901228449454423,0.01222982436553524,0.05109198044054694,1800000,18000000,8692200000,285.35
439,0.8070998719651223,0.29435209345587754,0.012689423293515065,0.05092195736829428,1800000,18000000,8712000000,286.0
440,0.8077188867967502,0.29116885669952813,0.012304005417690247,0.05075250009609183,1800000,18000000,8731800000,286.65000000000003
441,0.8040473989739847,0.2936834770189147,0.012276185515657399,0.05058360674107924,1800000,18000000,8751600000,287.3
442,0.8030299950026343,0.29239180740796133,0.011562090927319408,0.05041527542666197,1800000,18000000,8771400000,287.95
443,0.8043975331202055,0.29813338792880617,0.01070818934973847,0.05024750428249035,1800000,18000000,8791200000,288.6
444,0.8038756552425222,0.29467745488392666,0.013145998071916683,0.050080291444438804,1800000,18000000,8811000000,289.25
445,0.802980475008849,0.30153741948599355,0.01182455550681007,0.0499136350545852,1800000,18000000,8830800000,289.90000000000003
446,0.8059383670168133,0.2988067559311445,0.011243113052601629,0.04974753326119018,1800000,18000000,8850600000,290.55
447,0.8026891921775802,0.2996140893480588,0.012124491617713114,0.04958198421867652,1800000,18000000,8870400000,291.2
448,0.8066875851036538,0.29703650250670094,0.011074597535490782,0.04941698608760872,1800000,18000000,8890200000,291.85
449,0.8032629929739626,0.29929772657231346,0.01276140328598128,0.04925253703467255,1800000,18000000,8910000000,292.5
450,0.8034497727308646,0.29581371466869205,0.011113349358674092,0.04908863523265456,1800000,18000000,8929800000,293.15000000000003
451,0.8053495953807074,0.29225823416174096,0.013984002494963923,0.04892527886042197,1800000,18000000,8949600000,293.8
452,0.8072049842719901,0.28819209361986375,0.011764764267663966,0.048762466102902295,1800000,18000000,8969400000,294.45
453,0.8038328662897894,0.30144503988430765,0.013610847518025715,0.0486001951510632,1800000,18000000,8989200000,295.1
454,0.800878592818725,0.29444412485726273,0.011439592252875023,0.04843846420189246,1800000,18000000,9009000000,295.75
455,0.8077896850341083,0.2879270657939647,0.011407680334059074,0.04827727145837786,1800000,18000000,9028800000,296.40000000000003
456,0.8056512624263305,0.3040759245609263,0.011165830603116154,0.04811661512948724,1800000,18000000,9048600000,297.05
457,0.8019973504340202,0.3021378977813671,0.010454446566144613,0.047956493430148656,1800000,18000000,9068400000,297.7
458,0.8049010551402197,0.29341087603359084,0.01171334797220719,0.047796904581230454,1800000,18000000,9088200000,298.35
459,0.8043562879881279,0.29410465671256864,0.011492331517800646,0.04763784680952156,1800000,18000000,9108000000,299.0
460,0.8040203978328739,0.2947736540617672,0.011684284615366613,0.04747931834771174,1800000,18000000,9127800000,299.65000000000003
461,0.8034751734726361,0.29241456012824446,0.012209329275260103,0.04732131743437206,1800000,18000000,9147600000,300.3
462,0.8046914483877029,0.29849448405778234,0.012621521535883097,0.047163842313935146,1800000,18000000,9167400000,300.95
463,0.8040226700150391,0.29295914685879154,0.009829961562643623,0.04700689123667585,1800000,18000000,9187200000,301.6
464,0.8075022746007687,0.2934198375657936,0.010597942306000334,0.04685046245869167,1800000,18000000,9207000000,302.25
465,0.8067917843081078,0.29326108565162695,0.010385921209761076,0.04669455424188347,1800000,18000000,9226800000,302.90000000000003
466,0.80402539524662,0.29289873901063834,0.010663400212714957,0.04653916485393615,1800000,18000000,9246600000,303.55
467,0.8076277781434708,0.2928745197565314,0.011657912440680653,0.046384292568299325,1800000,18000000,9266400000,304.2
468,0.8062870175509149,0.2902428746428459,0.01025848018408217,0.04622993566416824,1800000,18000000,9286200000,304.85
469,0.8041323533542588,0.28923718632430095,0.010977885842682054,0.046076092426464606,1800000,18000000,9306000000,305.5
470,0.8027573052719716,0.2929058903199545,0.009184962608947706,0.04592276114581752,1800000,18000000,9325800000,306.15000000000003
471,0.8047308883610224,0.292777560660743,0.011761249144562235,0.0457699401185445,1800000,18000000,9345600000,306.8
472,0.8039067921764487,0.3002166163755476,0.009588778884168567,0.04561762764663259,1800000,18000000,9365400000,307.45
473,0.8025401188065567,0.2942739757503701,0.012104345416007146,0.045465822037719386,1800000,18000000,9385200000,308.1
474,0.8029770866692311,0.29715585296210634,0.0113482501622364,0.045314521605074355,1800000,18000000,9405000000,308.75
475,0.8040300819590885,0.3012731143775514,0.010259263068412502,0.04516372466758004,1800000,18000000,9424800000,309.40000000000003
476,0.8028238842696162,0.2907301387304182,0.009676330972130366,0.04501342954971334,1800000,18000000,9444600000,310.05
477,0.8013641863306611,0.2977910609187752,0.011817801198429281,0.04486363458152695,1800000,18000000,9464400000,310.7
478,0.8038768074862738,0.29839630121956046,0.009930571280748743,0.044714338098630825,1800000,18000000,9484200000,311.35
479,0.8039578121031361,0.29359191175788085,0.01062225191092954,0.04456553844217358,1800000,18000000,9504000000,312.0
480,0.8050102463360113,0.2954707827436539,0.010750468841387957,0.04441723395882419,1800000,18000000,9523800000,312.65000000000003
481,0.8037537250052554,0.2958950945064876,0.010257731773240797,0.04426942300075353,1800000,18000000,9543600000,313.3
482,0.8041288098274562,0.29523245498818146,0.0116936126070954,0.04412210392561611,1800000,18000000,9563400000,313.95
483,0.805980102743564,0.28977096966864013,0.010238113188624672,0.04397527509653179,1800000,18000000,9583200000,314.6
484,0.8039207303902349,0.2962476090387641,0.010508537804037685,0.043828934882067634,1800000,18000000,9603000000,315.25
485,0.8063550054985957,0.293503596745943,0.011932916135346484,0.043683081656219744,1800000,18000000,9622800000,315.90000000000003
486,0.803662338823537,0.3001904885862563,0.010146530308038389,0.043537713798395224,1800000,18000000,9642600000,316.55
487,0.8035231338635912,0.29804812667437525,0.011576507038111092,0.04339282969339417,1800000,18000000,9662400000,317.2
488,0.8045784529869076,0.29503636761095997,0.010481115340995927,0.04324842773139169,1800000,18000000,9682200000,317.85
489,0.8054698167943147,0.29046116590882204,0.009303351061578933,0.04310450630792006,1800000,18000000,9702000000,318.5
490,0.8017212576264637,0.29746991495906827,0.009675287768833439,0.04296106382385086,1800000,18000000,9721800000,319.15000000000003
491,0.8033796904140597,0.29825985662096577,0.008606736374591046,0.042818098685377254,1800000,18000000,9741600000,319.8
492,0.8052045483498602,0.29744053625823974,0.00867550122058011,0.04267560930399622,1800000,18000000,9761400000,320.45
493,0.8028078016639685,0.2994110667580587,0.00982319446486105,0.04253359409649095,1800000,18000000,9781200000,321.1
494,0.8037570991217362,0.3022971386478328,0.00840315545097641,0.04239205148491322,1800000,18000000,9801000000,321.75
495,0.8034989681249002,0.29407362462279385,0.008948883900853159,0.04225097989656591,1800000,18000000,9820800000,322.40000000000003
496,0.8052914188843923,0.2921580500263111,0.011173452935104959,0.042110377763985456,1800000,18000000,9840600000,323.05
497,0.8011472239408046,0.29528565986956884,0.009794413707321144,0.041970243524924504,1800000,18000000,9860400000,323.7
498,0.8037287942824451,0.2938629783428196,0.00904785037937656,0.04183057562233452,1800000,18000000,9880200000,324.35
499,0.8028274483150375,0.29241476072422057,0.01023431686875728,0.04169137250434846,1800000,18000000,9900000000,325.0
500,0.8038069609773625,0.29666918681147464,0.010336014089079503,0.041552632624263605,1800000,18000000,9919800000,325.65000000000003
501,0.8076182964114627,0.29275362129610555,0.009508956042439884,0.0414143544405243,1800000,18000000,9939600000,326.3
502,0.8026390587337087,0.29046071772811227,0.009639911391864974,0.04127653641670483,1800000,18000000,9959400000,326.95
503,0.8042816953260344,0.2948098992074345,0.010942025973549829,0.04113917702149243,1800000,18000000,9979200000,327.6
504,0.805101140630837,0.29808937097469473,0.009195977384563486,0.04100227472867019,1800000,18000000,9999000000,328.25
505,0.8044619856167733,0.29943618215018764,0.01005000085309313,0.0408658280171001,1800000,18000000,10018800000,328.90000000000003
506,0.8048322627086675,0.29508235114346376,0.008222100070271667,0.04072983537070618,1800000,18000000,10038600000,329.55
507,0.803086863480704,0.2944798955789486,0.00996123300483437,0.04059429527845764,1800000,18000000,10058400000,330.2
508,0.8038484077072237,0.2950541175286066,0.010128046100125875,0.04045920623435205,1800000,18000000,10078200000,330.85
509,0.8043399268097811,0.29110498361290943,0.008631867925343295,0.040324566737398634,1800000,18000000,10098000000,331.5
510,0.8035558169044879,0.2965996268656835,0.00991421090659946,0.040190375291601625,1800000,18000000,10117800000,332.15000000000003
511,0.8032006481178873,0.3010111769306218,0.008641633904719689,0.04005663040594355,1800000,18000000,10137600000,332.8
512,0.8030883612859964,0.29416911534184687,0.009666952550606091,0.03992333059436875,1800000,18000000,10157400000,333.45
513,0.8029957792378085,0.294945163505426,0.009366339067522362,0.03979047437576686,1800000,18000000,10177200000,334.1
514,0.8013103650616058,0.30011872196264655,0.011291643555648816,0.039658060273956276,1800000,18000000,10197000000,334.75
515,0.8064964040153737,0.2956633591380716,0.010667179956434203,0.039526086817667866,1800000,18000000,10216800000,335.40000000000003
516,0.8034327441401407,0.2991106229442701,0.008643777260265724,0.03939455254052851,1800000,18000000,10236600000,336.05
517,0.8036282288624309,0.29814326609337904,0.008051961757686034,0.039263455981044894,1800000,18000000,10256400000,336.7
518,0.8035681914015831,0.29224294924011585,0.008456943477265373,0.039132795682587256,1800000,18000000,10276200000,337.35
519,0.8051455316426541,0.2970383978084861,0.008193075728961557,0.03900257019337312,1800000,18000000,10296000000,338.0
520,0.8064724176399705,0.29279922547188564,0.0073243798480043115,0.03887277806645128,1800000,18000000,10315800000,338.65000000000003
521,0.8024392781758953,0.297947907901027,0.008563310013706095,0.03874341785968567,1800000,18000000,10335600000,339.3
522,0.8030206068863401,0.2937591412462376,0.008039071443680051,0.03861448813573931,1800000,18000000,10355400000,339.95
523,0.8045085376727997,0.3001656062722333,0.006744867683145899,0.0384859874620584,1800000,18000000,10375200000,340.6
524,0.8027708677178174,0.29714151580755416,0.009632711145545494,0.03835791441085635,1800000,18000000,10395000000,341.25
525,0.8058429021798895,0.29952382988447657,0.008530998271844418,0.03823026755909793,1800000,18000000,10414800000,341.90000000000003
526,0.8046086110831655,0.29612092626656383,0.00778209836657413,0.038103045488483485,1800000,18000000,10434600000,342.55
527,0.8019460754366329,0.2894833321721419,0.008022847695170095,0.03797624678543314,1800000,18000000,10454400000,343.2
528,0.8021514257435687,0.3000594822058133,0.008054564212838023,0.03784987004107112,1800000,18000000,10474200000,343.85
529,0.8048027215941822,0.30050575777960403,0.008968667593199151,0.03772391385121006,1800000,18000000,10494000000,344.5
530,0.8031269922518995,0.2935839246489068,0.008955153575240425,0.03759837681633546,1800000,18000000,10513800000,345.15000000000003
531,0.8039348559056805,0.2939924811564059,0.008832291591583365,0.037473257541590074,1800000,18000000,10533600000,345.8
532,0.8022638481153229,0.29438224408110214,0.00780925930426469,0.03734855463675846,1800000,18000000,10553400000,346.45
533,0.801092614945534,0.2968155882374044,0.008145156695148929,0.037224266716251495,1800000,18000000,10573200000,347.1
534,0.803553751665652,0.2956831396241497,0.0056497584941270565,0.037100392399091006,1800000,18000000,10593000000,347.75
535,0.8048068271932098,0.29762708061643683,0.008127683397430911,0.03697693030889443,1800000,18000000,10612800000,348.40000000000003
536,0.80475622447341,0.2986847315775253,0.006778214213893559,0.03685387907385949,1800000,18000000,10632600000,349.05
537,0.8038820999246282,0.2945373785686131,0.007671373807305255,0.036731237326748954,1800000,18000000,10652400000,349.7
538,0.8042260527795588,0.29503593090798,0.008564578480196837,0.036609003704875506,1800000,18000000,10672200000,350.35
539,0.8046317816437978,0.29725462247631274,0.00880820052026221,0.036487176850086525,1800000,18000000,10692000000,351.0
540,0.8054955564110832,0.2952161063684378,0.006713198261662742,0.036365755408749034,1800000,18000000,10711800000,351.65000000000003
541,0.8040000228913284,0.2919090405991751,0.007693803066227748,0.036244738031734676,1800000,18000000,10731600000,352.3
542,0.8031400401345343,0.2947966849059622,0.008318558988750268,0.03612412337440466,1800000,18000000,10751400000,352.95
543,0.8038111103121639,0.29842279266966254,0.007145045262553568,0.03600391009659489,1800000,18000000,10771200000,353.6
544,0.8049386130782729,0.29980346684292897,0.008498283190115035,0.035884096862601064,1800000,18000000,10791000000,354.25
545,0.8043664671054773,0.2929994206909126,0.009562468873456556,0.03576468234116376,1800000,18000000,10810800000,354.90000000000003
546,0.807337596455871,0.2948566331083467,0.007828128822864157,0.035645665205453765,1800000,18000000,10830600000,355.55
547,0.8055096374949737,0.30176195620227053,0.007737707630324267,0.035527044133057226,1800000,18000000,10850400000,356.2
548,0.8033031507711355,0.2954009167687042,0.007840825285140188,0.035408817805960995,1800000,18000000,10870200000,356.85
549,0.8027812495525449,0.2964152153664811,0.008438734008017732,0.035290984910538004,1800000,18000000,10890000000,357.5
550,0.8057377138053073,0.29819686235971093,0.007391690381844989,0.03517354413753266,1800000,18000000,10909800000,358.15000000000003
551,0.8055979565253484,0.2891853601474373,0.007263507587496006,0.03505649418204626,1800000,18000000,10929600000,358.8
552,0.8040642299619383,0.2956793086363414,0.0069128921699483665,0.03493983374352255,1800000,18000000,10949400000,359.45
553,0.8040133839825725,0.2910644566427717,0.007967404626014885,0.03482356152573324,1800000,18000000,10969200000,360.1
554,0.8043036736455692,0.2920488109133117,0.009314686042607746,0.03470767623676358,1800000,18000000,10989000000,360.75
555,0.8032355315626277,0.29791720622918405,0.007558803278810079,0.034592176588998075,1800000,18000000,11008800000,361.40000000000003
556,0.8025068127538869,0.29564328286901215,0.007429893043953905,0.03447706129910612,1800000,18000000,11028600000,362.05
557,0.8056756158494146,0.29484037620606246,0.008911677448839965,0.03436232908802773,1800000,18000000,11048400000,362.7
558,0.8058569268015704,0.29627357535340704,0.00793648877142387,0.034247978680959405,1800000,18000000,11068200000,363.35
559,0.8038597999542866,0.2954980389678583,0.007486025776490986,0.03413400880733988,1800000,18000000,11088000000,364.0
560,0.8043909667549499,0.2959878800364208,0.0074771551933884295,0.03402041820083606,1800000,18000000,11107800000,364.65000000000003
561,0.8045179603489067,0.2892012853900717,0.00998119954403008,0.03390720559932891,1800000,18000000,11127600000,365.3
562,0.8029136934722265,0.29395664160169555,0.0066225755049460645,0.033794369744899494,1800000,18000000,11147400000,365.95
563,0.8051016431919104,0.2940728659332684,0.007139375279385623,0.033681909383814906,1800000,18000000,11167200000,366.6
564,0.8048839529249029,0.287889681680096,0.006985119482816778,0.033569823266514455,1800000,18000000,11187000000,367.25
565,0.8036793605958926,0.3015109925588625,0.008187013248567613,0.03345811014759566,1800000,18000000,11206800000,367.90000000000003
566,0.8031480718976917,0.29192404633763,0.006550152193207192,0.03334676878580049,1800000,18000000,11226600000,368.55
567,0.8033632472302105,0.2907083917403586,0.005270669344194748,0.03323579794400159,1800000,18000000,11246400000,369.2
568,0.8071551106228008,0.2872145087419104,0.007854779852577713,0.03312519638918843,1800000,18000000,11266200000,369.85
569,0.8038641343656336,0.2997709017638255,0.006410636108471095,0.03301496289245373,1800000,18000000,11286000000,370.5
570,0.8017193769366675,0.3026342885837374,0.006862137311561003,0.03290509622897971,1800000,18000000,11305800000,371.15000000000003
571,0.8054253581461556,0.29873272205321627,0.008547110306520032,0.03279559517802455,1800000,18000000,11325600000,371.8
572,0.8034024593135728,0.30071192238039296,0.007986330884632797,0.032686458522908766,1800000,18000000,11345400000,372.45
573,0.8051853020253391,0.29434325390950444,0.006072455824285693,0.03257768505100174,1800000,18000000,11365200000,373.1
574,0.8054575813408013,0.29664161747211704,0.007763568058407637,0.03246927355370822,1800000,18000000,11385000000,373.75
575,0.8056247426952019,0.29461943049021794,0.006330631971949872,0.03236122282645489,1800000,18000000,11404800000,374.40000000000003
576,0.8030305563209098,0.29556402234339446,0.007647564081975578,0.03225353166867703,1800000,18000000,11424600000,375.05
577,0.8048048186168764,0.2927422763719286,0.006177801119732093,0.03214619888380508,1800000,18000000,11444400000,375.7
578,0.803601953199425,0.29862150586599373,0.007066634614075406,0.032039223279251454,1800000,18000000,11464200000,376.35
579,0.8044191780424633,0.29547108298769953,0.006062918450451898,0.03193260366639722,1800000,18000000,11484000000,377.0
580,0.8020797849463982,0.29678545179837656,0.009298042129963706,0.031826338860578916,1800000,18000000,11503800000,377.65000000000003
581,0.8050037851157142,0.29808579321899725,0.006488533164409771,0.03172042768107538,1800000,18000000,11523600000,378.3
582,0.8047714034580625,0.29526047798736604,0.006980115795082366,0.031614868951094645,1800000,18000000,11543400000,378.95
583,0.805329355671557,0.2972289687009577,0.007195315630824046,0.03150966149776084,1800000,18000000,11563200000,379.6
584,0.805711860491569,0.2962415353134677,0.007833140530465774,0.03140480415210119,1800000,18000000,11583000000,380.25
585,0.8030153698614848,0.2987569474060633,0.007617065609523889,0.03130029574903299,1800000,18000000,11602800000,380.90000000000003
586,0.8033101800966505,0.2954741014609337,0.006404043746936297,0.031196135127350685,1800000,18000000,11622600000,381.55
587,0.8041548759304367,0.3006336284356909,0.006881951199887621,0.03109232112971296,1800000,18000000,11642400000,382.2
588,0.8047774508718639,0.2932960266401475,0.006238274180092256,0.0309888526026299,1800000,18000000,11662200000,382.85
589,0.8039063341180052,0.2987309579482038,0.005767951184170782,0.030885728396450124,1800000,18000000,11682000000,383.5
590,0.8062116919766608,0.2951589308289354,0.0055600990834398754,0.03078294736534807,1800000,18000000,11701800000,384.15000000000003
591,0.8040195804296875,0.2987742510248156,0.005567773481124248,0.030680508367311208,1800000,18000000,11721600000,384.8
592,0.8041477705207011,0.29811604749004417,0.00499878701128579,0.030578410264127404,1800000,18000000,11741400000,385.45
593,0.803217275158102,0.29238335197977033,0.007204238810898754,0.030476651921372246,1800000,18000000,11761200000,386.1
594,0.8038863570529121,0.2957582546150834,0.007949335021316901,0.03037523220839642,1800000,18000000,11781000000,386.75
595,0.80573715366969,0.2927597746050315,0.007745881008672514,0.030274149998313186,1800000,18000000,11800800000,387.40000000000003
596,0.8003809485292717,0.3004299854109281,0.005934297428851211,0.030173404167985855,1800000,18000000,11820600000,388.05
597,0.8038512527760255,0.29983377956894364,0.0065061580044747215,0.030072993598015248,1800000,18000000,11840400000,388.7
598,0.8062766545971644,0.2923873159554348,0.0068178731583685695,0.029972917172727348,1800000,18000000,11860200000,389.35
599,0.8030977587029293,0.29908287791117844,0.006907245151432812,0.02987317378016085,1800000,18000000,11880000000,390.0
600,0.8032886564752749,0.3013243069273205,0.0038405605578021615,0.029773762312054794,1800000,18000000,11899800000,390.65000000000003
601,0.8056275637140015,0.2932472051154742,0.004433807467881336,0.029674681663836296,1800000,18000000,11919600000,391.3
602,0.8060744157150758,0.29974978496724275,0.006451347394600124,0.029575930734608246,1800000,18000000,11939400000,391.95
603,0.8038551707439362,0.29601713431662297,0.007112157937852014,0.029477508427137096,1800000,18000000,11959200000,392.6
604,0.8070043634873033,0.2898453577411453,0.007392380231256623,0.029379413647840618,1800000,18000000,11979000000,393.25
605,0.8028426795257733,0.29266007946781253,0.0069658024594580455,0.02928164530677581,1800000,18000000,11998800000,393.90000000000003
606,0.805788345605941,0.2966592091213222,0.007078911535894828,0.02918420231762678,1800000,18000000,12018600000,394.55
607,0.8043096138273816,0.2949120570943319,0.005905462771460805,0.029087083597692635,1800000,18000000,12038400000,395.2
608,0.8024903216186055,0.2966899088840359,0.00541456079416477,0.028990288067875493,1800000,18000000,12058200000,395.85
609,0.8085969203626299,0.28885381150139644,0.004555445696881622,0.028893814652668486,1800000,18000000,12078000000,396.5
610,0.8054717623985697,0.29658151283920786,0.007763806018542067,0.028797662280143754,1800000,18000000,12097800000,397.15000000000003
611,0.8060009318843122,0.2931608764100987,0.007300872752974876,0.028701829881940626,1800000,18000000,12117600000,397.8
612,0.8020269169267216,0.30153803844064625,0.005575861916886101,0.0286063163932537,1800000,18000000,12137400000,398.45
613,0.8030289922640693,0.29589498641228523,0.005739895161182641,0.028511120752821004,1800000,18000000,12157200000,399.1
614,0.8021768448345642,0.29924279185833985,0.006478762019464842,0.028416241902912216,1800000,18000000,12177000000,399.75
615,0.8042518641417551,0.29156635242460793,0.00640050617692372,0.02832167878931693,1800000,18000000,12196800000,400.40000000000003
616,0.8016372766185169,0.2955568169391775,0.007264065750199231,0.028227430361332895,1800000,18000000,12216600000,401.05
617,0.804756376119139,0.2905992752876551,0.005206193510301788,0.028133495571754392,1800000,18000000,12236400000,401.7
618,0.8036507845423665,0.29426199953279275,0.004502062040890289,0.028039873376860563,1800000,18000000,12256200000,402.35
619,0.8055407030719597,0.29262117878917504,0.0047456174948933534,0.027946562736403842,1800000,18000000,12276000000,403.0
620,0.8029785213373182,0.2998918295380269,0.006678201738465836,0.027853562613598382,1800000,18000000,12295800000,403.65000000000003
621,0.8082027424353778,0.2875975418310224,0.005677715785015555,0.02776087197510853,1800000,18000000,12315600000,404.3
622,0.8032495724611293,0.2973412548674222,0.005892464960127998,0.027668489791037327,1800000,18000000,12335400000,404.95
623,0.8071996243318371,0.2936842598097116,0.006692478796663151,0.027576415034915123,1800000,18000000,12355200000,405.6
624,0.8080946503103377,0.29187189307602707,0.0060889015902412,0.027484646683688132,1800000,18000000,12375000000,406.25
625,0.8058642938244601,0.29943097522350487,0.006408343382187773,0.02739318371770705,1800000,18000000,12394800000,406.90000000000003
626,0.8043616467385396,0.2943962586520238,0.0059401309668173745,0.027302025120715785,1800000,18000000,12414600000,407.55
627,0.8097084654327936,0.291658681833727,0.0067671501041822475,0.027211169879840062,1800000,18000000,12434400000,408.2
628,0.8022830712205686,0.2968031438141212,0.0060855993133103,0.02712061698557629,1800000,18000000,12454200000,408.85
629,0.8039272109138501,0.29956982717960257,0.007163183401212244,0.027030365431780265,1800000,18000000,12474000000,409.5
630,0.8044670895423318,0.3036489298602752,0.0066177014333749715,0.02694041421565602,1800000,18000000,12493800000,410.15000000000003
631,0.8035228046506924,0.29533454778393486,0.004234192793385957,0.026850762337744662,1800000,18000000,12513600000,410.8
632,0.8039011057635214,0.29602351643403024,0.006503173914049866,0.026761408801913317,1800000,18000000,12533400000,411.45
633,0.804519312497571,0.29626222502248795,0.006202269507389398,0.02667235261534397,1800000,18000000,12553200000,412.1
634,0.8049655513481235,0.3016316963668637,0.0060403663718500405,0.02658359278852253,1800000,18000000,12573000000,412.75
635,0.8026658324769586,0.2955389241281042,0.004366945917764639,0.026495128335227797,1800000,18000000,12592800000,413.40000000000003
636,0.8059465375553327,0.2993258703991041,0.0049056084652043894,0.02640695827252048,1800000,18000000,12612600000,414.05
637,0.8027835965972832,0.2976356299123162,0.005379321050530412,0.02631908162073231,1800000,18000000,12632400000,414.7
638,0.8040517837898901,0.2986764538263777,0.007117093088388727,0.026231497403455158,1800000,18000000,12652200000,415.35
639,0.8068577420724027,0.29296619817633063,0.005962671598825622,0.026144204647530124,1800000,18000000,12672000000,416.0
640,0.8034884420423908,0.2983212903899866,0.004168018776247432,0.026057202383036816,1800000,18000000,12691800000,416.65000000000003
641,0.8041892794121053,0.29442990977269523,0.0058459576092692025,0.025970489643282507,1800000,18000000,12711600000,417.3
642,0.8041504640317111,0.29417328122455927,0.006078567883386426,0.025884065464791422,1800000,18000000,12731400000,417.95
643,0.8060299836822508,0.290164796801438,0.004622395698843865,0.025797928887294017,1800000,18000000,12751200000,418.6
644,0.8043001124493576,0.2917253827116244,0.007326024838376693,0.02571207895371634,1800000,18000000,12771000000,419.25
645,0.8076722919986672,0.29556010736674837,0.003944681387677333,0.025626514710169333,1800000,18000000,12790800000,419.90000000000003
646,0.8059647702222953,0.29511030234723234,0.005238454958328064,0.025541235205938307,1800000,18000000,12810600000,420.55
647,0.8042052235717226,0.2986255598445728,0.005608659120804191,0.02545623949347234,1800000,18000000,12830400000,421.2
648,0.803254489574295,0.295692494834323,0.006390689844477357,0.025371526628373754,1800000,18000000,12850200000,421.85
649,0.8047696478893709,0.2892103192769621,0.006393003767811024,0.025287095669387614,1800000,18000000,12870000000,422.5
650,0.8041084394953436,0.2937226609003656,0.0052756612791173075,0.025202945678391302,1800000,18000000,12889800000,423.15000000000003
651,0.8032196619909565,0.2993911145541246,0.004449672166845951,0.02511907572038403,1800000,18000000,12909600000,423.8
652,0.8053288687286262,0.2991723129871493,0.006133530462518401,0.02503548486347652,1800000,18000000,12929400000,424.45
653,0.8043098788519127,0.29469470226179717,0.005168144677054817,0.024952172178880617,1800000,18000000,12949200000,425.1
654,0.8031847968066428,0.30072866144197025,0.005951642880457896,0.024869136740898967,1800000,18000000,12969000000,425.75
655,0.8050173025503639,0.297635513100076,0.004324655688255157,0.024786377626914748,1800000,18000000,12988800000,426.40000000000003
656,0.8044060587076407,0.2963220691760527,0.005249064403283685,0.024703893917381377,1800000,18000000,13008600000,427.05
657,0.8054342291222213,0.29414506542806235,0.005063221619602528,0.024621684695812353,1800000,18000000,13028400000,427.7
658,0.8038192036239478,0.2927838633668447,0.006615345222464103,0.02453974904877104,1800000,18000000,13048200000,428.35
659,0.8041948351617472,0.29545740359892375,0.004792800530218467,0.02445808606586051,1800000,18000000,13068000000,429.0
660,0.8056337994414307,0.29571870771878317,0.0077086082967753105,0.024376694839713452,1800000,18000000,13087800000,429.65000000000003
661,0.8017837250787697,0.29840561391317305,0.004333067638595881,0.024295574465982076,1800000,18000000,13107600000,430.3
662,0.804667235377157,0.29200997355001646,0.005229231250186609,0.024214724043328046,1800000,18000000,13127400000,430.95
663,0.803683833614948,0.2932856513292532,0.00579794711851097,0.02413414267341251,1800000,18000000,13147200000,431.6
664,0.8050003106699207,0.29270350222314273,0.006745920995133662,0.02405382946088608,1800000,18000000,13167000000,432.25
665,0.8057572128682247,0.2927273621881396,0.0063807505431642125,0.02397378351337891,1800000,18000000,13186800000,432.90000000000003
666,0.8049631337150005,0.29740136077534973,0.005174343300999735,0.02389400394149075,1800000,18000000,13206600000,433.55
667,0.8042595150066423,0.29459738471629876,0.004473556544110984,0.023814489858781113,1800000,18000000,13226400000,434.2
668,0.8025560009598526,0.2982732212924758,0.004611946926849032,0.02373524038175934,1800000,18000000,13246200000,434.85
669,0.8045683067058181,0.2970171010612752,0.005806905811679564,0.02365625462987489,1800000,18000000,13266000000,435.5
670,0.8064561114329325,0.2878236368864686,0.00520573181793121,0.023577531725507483,1800000,18000000,13285800000,436.15000000000003
671,0.8017868137295672,0.2908405611533931,0.004848253026998388,0.023499070793957372,1800000,18000000,13305600000,436.8
672,0.8032759406156261,0.29000117000025416,0.0036033459998183644,0.023420870963435616,1800000,18000000,13325400000,437.45
673,0.80599752853752,0.2951974717720406,0.005561438108126745,0.02334293136505442,1800000,18000000,13345200000,438.1
674,0.807326541060785,0.2910786463397955,0.005122895805607589,0.02326525113281743,1800000,18000000,13365000000,438.75
675,0.804744623711105,0.2962192738529539,0.003986766269538002,0.023187829403610152,1800000,18000000,13384800000,439.40000000000003
676,0.8039225449975147,0.29521215340559687,0.0050515341763354244,0.023110665317190367,1800000,18000000,13404600000,440.05
677,0.8059985341698592,0.28812276763383715,0.005025753654991968,0.023033758016178532,1800000,18000000,13424400000,440.7
678,0.804831820616864,0.29549371338183905,0.004529000603209036,0.022957106646048307,1800000,18000000,13444200000,441.35
679,0.8030969027628709,0.2962428053239294,0.0054863385622716,0.022880710355116993,1800000,18000000,13464000000,442.0
680,0.8037702220175696,0.2937298094613746,0.004198439947243466,0.02280456829453613,1800000,18000000,13483800000,442.65000000000003
681,0.8043500236905765,0.2975061634172036,0.0033437324515483476,0.022728679618282042,1800000,18000000,13503600000,443.3
682,0.8039218718121466,0.2936452203377755,0.004672658527354053,0.02265304348314644,1800000,18000000,13523400000,443.95
683,0.8077388076603966,0.29332703628825324,0.0050374770618648165,0.02257765904872704,1800000,18000000,13543200000,444.6
684,0.8049539495188344,0.2909797299452807,0.004437342927451321,0.022502525477418246,1800000,18000000,13563000000,445.25
685,0.803552228318124,0.2977350593377841,0.003543975638746164,0.02242764193440181,1800000,18000000,13582800000,445.90000000000003
686,0.8055517723350332,0.29607597078897036,0.003450012700402288,0.02235300758763761,1800000,18000000,13602600000,446.55
687,0.8049207502076537,0.2957239285239337,0.003958241407898636,0.02227862160785435,1800000,18000000,13622400000,447.2
688,0.8015395512292673,0.2970709979073571,0.004601310833457748,0.02220448316854038,1800000,18000000,13642200000,447.85
689,0.8059979037680006,0.2952166346102017,0.004791850179643854,0.0221305914459345,1800000,18000000,13662000000,448.5
690,0.8019410920486147,0.2949506738277198,0.004462482928177961,0.022056945619016825,1800000,18000000,13681800000,449.15000000000003
691,0.8042847571053576,0.29538418677076245,0.004278797172679163,0.02198354486949961,1800000,18000000,13701600000,449.8
692,0.8034753031685251,0.2973984611118667,0.0038899079318456702,0.02191038838181822,1800000,18000000,13721400000,450.45
693,0.8041916085362009,0.2994411999109245,0.004602224742326899,0.021837475343122043,1800000,18000000,13741200000,451.1
694,0.8053542302508182,0.29805927869129445,0.004593298186643868,0.021764804943265458,1800000,18000000,13761000000,451.75
695,0.8044981253385315,0.29558295957739783,0.0036458183963867723,0.021692376374798823,1800000,18000000,13780800000,452.40000000000003
696,0.8051742617158475,0.2917326973552624,0.004643388918924324,0.02162018883295954,1800000,18000000,13800600000,453.05
697,0.8018352018443798,0.2968272282345208,0.003977587388808371,0.021548241515663043,1800000,18000000,13820400000,453.7
698,0.8047664756761942,0.29582259824900037,0.002964001735612962,0.021476533623493964,1800000,18000000,13840200000,454.35
699,0.8050393229166761,0.29799953352787867,0.005070763778906951,0.021405064359697207,1800000,18000000,13860000000,455.0
700,0.8054131041728039,0.2948076777765025,0.0037889012710618977,0.021333832930169112,1800000,18000000,13879800000,455.65000000000003
701,0.8061290266918923,0.2889794927988166,0.004232330422747141,0.021262838543448622,1800000,18000000,13899600000,456.3
702,0.8072362847068139,0.29087409643784295,0.004959822953183251,0.02119208041070847,1800000,18000000,13919400000,456.95
703,0.8065058047145001,0.2940690848571577,0.005931312985379459,0.02112155774574646,1800000,18000000,13939200000,457.6
704,0.8035035205882003,0.29816218646996345,0.005005052617077841,0.021051269764976704,1800000,18000000,13959000000,458.25
705,0.8050820471305008,0.2926312221504984,0.004918119240329739,0.020981215687420916,1800000,18000000,13978800000,458.90000000000003
706,0.805534202509579,0.3018632322698481,0.004038719654668622,0.02091139473469973,1800000,18000000,13998600000,459.55
707,0.803466119773625,0.2985425335542056,0.003569401932233757,0.020841806131024078,1800000,18000000,14018400000,460.2
708,0.8027688115961257,0.3006052033111475,0.0039914746913188755,0.020772449103186517,1800000,18000000,14038200000,460.85
709,0.8020733710165907,0.29157761676332267,0.0034849590235531717,0.0207033228805527,1800000,18000000,14058000000,461.5
710,0.8061251762020593,0.29218798536932766,0.004919313611123398,0.020634426695052777,1800000,18000000,14077800000,462.15000000000003
711,0.8060592443223445,0.291678052604207,0.004028768427901093,0.020565759781172862,1800000,18000000,14097600000,462.8
712,0.8029825977899493,0.29719129281664264,0.0033172125860081096,0.020497321375946544,1800000,18000000,14117400000,463.45
713,0.8051378071146257,0.2980728799838766,0.001742144677479361,0.0204291107189464,1800000,18000000,14137200000,464.1
714,0.8035174269306817,0.29497259183171587,0.0037494447508196046,0.020361127052275524,1800000,18000000,14157000000,464.75
715,0.8038746878320403,0.2927786819461699,0.004190347562271686,0.020293369620559148,1800000,18000000,14176800000,465.40000000000003
716,0.8020580430902601,0.29148941062061173,0.0024718063706866576,0.020225837670936227,1800000,18000000,14196600000,466.05
717,0.8049938429267449,0.28851974073229536,0.0031689738059349757,0.020158530453051063,1800000,18000000,14216400000,466.7
718,0.8034552007847845,0.29747326637060223,0.004627221026097254,0.020091447219045,1800000,18000000,14236200000,467.35
719,0.8038400419850235,0.29656438851109085,0.005532593696226053,0.020024587223548076,1800000,18000000,14256000000,468.0
720,0.8037836254165168,0.29841260891581506,0.0048859434778990695,0.019957949723670754,1800000,18000000,14275800000,468.65000000000003
721,0.8028070389844237,0.2954775449828071,0.003725518590647759,0.01989153397899569,1800000,18000000,14295600000,469.3
722,0.8047887499209528,0.2921900123703975,0.0038786428406871938,0.01982533925156948,1800000,18000000,14315400000,469.95
723,0.805005468504815,0.2967818442427453,0.004289614095705449,0.019759364805894478,1800000,18000000,14335200000,470.6
724,0.8036967036671713,0.29311427467903817,0.004152622289956805,0.019693609908920603,1800000,18000000,14355000000,471.25
725,0.8055452069676297,0.2970170350840147,0.005109181163613809,0.019628073830037226,1800000,18000000,14374800000,471.90000000000003
726,0.8053241871547417,0.2946308321941664,0.003310307398119091,0.019562755841064997,1800000,18000000,14394600000,472.55
727,0.8056595175486849,0.2919494228846431,0.0038735227837949954,0.019497655216247817,1800000,18000000,14414400000,473.2
728,0.8020149383439441,0.2954927422824018,0.0028165798638028743,0.019432771232244746,1800000,18000000,14434200000,473.85
729,0.8048895462259191,0.29452545233231103,0.0028294308049993714,0.019368103168121962,1800000,18000000,14454000000,474.5
730,0.8054064474559922,0.2907342123022773,0.003081507866990651,0.019303650305344755,1800000,18000000,14473800000,475.15000000000003
731,0.8059360562294811,0.29459333852492087,0.002445516498283313,0.01923941192776953,1800000,18000000,14493600000,475.8
732,0.8036868521579408,0.29685545644579264,0.0035152299891174836,0.019175387321635887,1800000,18000000,14513400000,476.45
733,0.8031451059071495,0.3024819510188991,0.0044625977587194965,0.019111575775558647,1800000,18000000,14533200000,477.1
734,0.8068901806783658,0.2914025869733327,0.004620532367006432,0.01904797658051998,1800000,18000000,14553000000,477.75
735,0.806264781573198,0.2911383997013425,0.004389671511061339,0.01898458902986151,1800000,18000000,14572800000,478.40000000000003
736,0.8039562807966715,0.29152125114715677,0.0033819584026853877,0.01892141241927647,1800000,18000000,14592600000,479.05
737,0.8028118690505136,0.2960531550782709,0.0027554263553272867,0.01885844604680186,1800000,18000000,14612400000,479.7
738,0.8063501309963987,0.29489543206880336,0.003475468867305602,0.018795689212810673,1800000,18000000,14632200000,480.35
739,0.8035320162386264,0.29008841519223305,0.0033298845138621507,0.018733141220004107,1800000,18000000,14652000000,481.0
740,0.8042994844385902,0.2969861913954932,0.0034300473629708403,0.01867080137340383,1800000,18000000,14671800000,481.65000000000003
741,0.8048643725636656,0.2965517726763576,0.0031301657973205623,0.01860866898034423,1800000,18000000,14691600000,482.3
742,0.8060512284583802,0.2987402544214864,0.005614287263865625,0.01854674335046476,1800000,18000000,14711400000,482.95
743,0.8028439703659593,0.2933184727285532,0.0035350950595924107,0.018485023795702205,1800000,18000000,14731200000,483.6
744,0.8036775406520648,0.2979936399818703,0.0045463130325361315,0.01842350963028311,1800000,18000000,14751000000,484.25
745,0.804915066501775,0.29477908898060173,0.0041147495153331945,0.018362200170716117,1800000,18000000,14770800000,484.90000000000003
746,0.8028610082016201,0.3009839615943181,0.002967396230535137,0.018301094735784378,1800000,18000000,14790600000,485.55
747,0.8031338724733673,0.2971962505664458,0.0037551383737190014,0.018240192646537985,1800000,18000000,14810400000,486.2
748,0.8036475411116151,0.2992455622987108,0.004955955033440328,0.018179493226286442,1800000,18000000,14830200000,486.85
749,0.8030534437573882,0.29228401110879054,0.0036519021713963622,0.018118995800591103,1800000,18000000,14850000000,487.5
750,0.8062385938526613,0.29381967170141443,0.003704657647049449,0.018058699697257735,1800000,18000000,14869800000,488.15000000000003
751,0.8021429512681786,0.2987545161230436,0.0008729059822877574,0.017998604246329014,1800000,18000000,14889600000,488.8
752,0.8049939093098175,0.2952070275819546,0.0038906257134863837,0.01793870878007709,1800000,18000000,14909400000,489.45
753,0.802288104402897,0.2918570521139699,0.004272706723514147,0.017879012632996176,1800000,18000000,14929200000,490.1
754,0.8030070177797303,0.29358606884430327,0.0056416835167359194,0.017819515141795115,1800000,18000000,14949000000,490.75
755,0.8047654215947527,0.2949320932873739,0.004027891939385963,0.017760215645390067,1800000,18000000,14968800000,491.40000000000003
756,0.8033076588351693,0.29760480394291555,0.0031521473470803906,0.017701113484897137,1800000,18000000,14988600000,492.05
757,0.8037555700840016,0.29755493989129145,0.005151350199736974,0.017642208003625034,1800000,18000000,15008400000,492.7
758,0.8030722386593298,0.2954586858524883,0.003199957419961504,0.017583498547067807,1800000,18000000,15028200000,493.35
759,0.8049141619686032,0.29480695974854804,0.0027839470800623224,0.017524984462897568,1800000,18000000,15048000000,494.0
760,0.8061174503887168,0.3009259134344673,0.0035940150358599056,0.01746666510095721,1800000,18000000,15067800000,494.65000000000003
761,0.806976294532052,0.29968081247671624,0.003933508967574273,0.017408539813253226,1800000,18000000,15087600000,495.3
762,0.805554986822646,0.29277798750025624,0.0012673876137951515,0.017350607953948487,1800000,18000000,15107400000,495.95
763,0.8023429694680726,0.28561366451434567,0.003845281107436249,0.017292868879355078,1800000,18000000,15127200000,496.6
764,0.803303122400677,0.29685476961549173,0.003066108870292967,0.017235321947927124,1800000,18000000,15147000000,497.25
765,0.8051960231157552,0.28942911526032433,0.0023252982582395412,0.017177966520253697,1800000,18000000,15166800000,497.90000000000003
766,0.8024962277313763,0.29917961072610993,0.002662049444889716,0.01712080195905166,1800000,18000000,15186600000,498.55
767,0.8028226589437134,0.30354672980333086,0.0045845907903866,0.017063827629158642,1800000,18000000,15206400000,499.20000000000005
768,0.8033973384081111,0.289500895384193,0.0029388013811924994,0.017007042897525942,1800000,18000000,15226200000,499.85
769,0.8035891726901313,0.3003626548782354,0.0009904516819990573,0.016950447133211522,1800000,18000000,15246000000,500.5
770,0.8037971720996689,0.3000839814689924,0.003581312285788751,0.01689403970737297,1800000,18000000,15265800000,501.15000000000003
771,0.8035704967126263,0.29666146814213895,0.003683815527296623,0.016837819993260533,1800000,18000000,15285600000,501.8
772,0.8042380644541294,0.2955524236643525,0.003047950234162173,0.016781787366210135,1800000,18000000,15305400000,502.45000000000005
773,0.8047930624736803,0.29262482557919445,0.002197023308378956,0.016725941203636456,1800000,18000000,15325200000,503.1
774,0.8047589567459541,0.30153858423386765,0.0028389125441042437,0.016670280885026006,1800000,18000000,15345000000,503.75
775,0.8042084096463584,0.3022927188887551,0.0034086811725268277,0.01661480579193023,1800000,18000000,15364800000,504.40000000000003
776,0.8014737530140129,0.296101396076692,0.002623154225623575,0.016559515307958635,1800000,18000000,15384600000,505.05
777,0.8037936423847415,0.291870252592174,0.0029747157315264915,0.016504408818771934,1800000,18000000,15404400000,505.70000000000005
778,0.8024746213570721,0.30093126464450526,0.0033360021035722196,0.01644948571207524,1800000,18000000,15424200000,506.35
779,0.8054855719611999,0.2922467463507713,0.004737831302580762,0.016394745377611247,1800000,18000000,15444000000,507.0
780,0.8040737911487158,0.2915902917693075,0.004053858192993901,0.016340187207153453,1800000,18000000,15463800000,507.65000000000003
781,0.8067721010285027,0.29738698242040407,0.002129156149775834,0.016285810594499402,1800000,18000000,15483600000,508.3
782,0.8034937943684616,0.29846867626903306,0.001396697263748072,0.016231614935463958,1800000,18000000,15503400000,508.95000000000005
783,0.804909233801823,0.2918408869928861,0.0009868295390961443,0.01617759962787256,1800000,18000000,15523200000,509.6
784,0.8032924242042454,0.2985901019806619,0.003227614433722649,0.016123764071554577,1800000,18000000,15543000000,510.25
785,0.8054608365782505,0.296876401559502,0.0043806279123414955,0.016070107668336605,1800000,18000000,15562800000,510.90000000000003
786,0.8068203916033017,0.2934150214868932,0.002649223787388708,0.01601662982203583,1800000,18000000,15582600000,511.55
787,0.8016794852331219,0.29542247758326723,0.0033382215878077614,0.015963329938453414,1800000,18000000,15602400000,512.2
788,0.801768457889868,0.29739114087939245,0.0041900176787843715,0.015910207425367886,1800000,18000000,15622200000,512.85
789,0.8047820435829814,0.30088797784960186,0.0008472948543974432,0.015857261692528542,1800000,18000000,15642000000,513.5
790,0.8029123501260086,0.2996414215066468,0.0013636302539194454,0.015804492151648922,1800000,18000000,15661800000,514.15
791,0.8051346778059485,0.2906956876644536,0.00446427041040082,0.015751898216400252,1800000,18000000,15681600000,514.8000000000001
792,0.8035361017416084,0.2962039660604665,0.000794294838720077,0.015699479302404933,1800000,18000000,15701400000,515.45
793,0.805944509673571,0.2919010821454962,0.001892462102647998,0.015647234827230044,1800000,18000000,15721200000,516.1
794,0.8064624508328664,0.29190326059191185,0.0009667936639061606,0.015595164210380888,1800000,18000000,15741000000,516.75
795,0.8036796566220556,0.29675544535537896,0.002422758910348128,0.015543266873294511,1800000,18000000,15760800000,517.4
796,0.8053854462955085,0.2923512191353549,0.0023344869600373337,0.015491542239333302,1800000,18000000,15780600000,518.0500000000001
797,0.801974725890938,0.2982188237150588,0.003964921997743929,0.01543998973377857,1800000,18000000,15800400000,518.7
798,0.8061452242701931,0.29246551526682957,0.004313011005450077,0.015388608783824179,1800000,18000000,15820200000,519.35
799,0.801615605835008,0.297911989002112,0.002321087834930869,0.015337398818570146,1800000,18000000,15840000000,520.0
800,0.803513380978924,0.3016228032751876,0.0035003454211893882,0.01528635926901634,1800000,18000000,15859800000,520.65
801,0.8031497640899822,0.30084966773108834,0.003114159721525553,0.01523548956805612,1800000,18000000,15879600000,521.3000000000001
802,0.804015273434871,0.2976680689458014,0.003673528012085081,0.01518478915047006,1800000,18000000,15899400000,521.95
803,0.805041597902968,0.30048470415602097,0.00284744294277146,0.015134257452919677,1800000,18000000,15919200000,522.6
804,0.803037032569278,0.2980496850255526,0.0009279472292155,0.01508389391394114,1800000,18000000,15939000000,523.25
805,0.8058113533322114,0.2936952550777871,0.0014512420046481436,0.015033697973939058,1800000,18000000,15958800000,523.9
806,0.8056377778442879,0.29484005597449264,0.002273295773595453,0.014983669075180239,1800000,18000000,15978600000,524.5500000000001
807,0.8075030253217201,0.29079283634389463,0.0036301090748862806,0.014933806661787518,1800000,18000000,15998400000,525.2
808,0.8045591001125861,0.2994191650220612,0.002634120098175205,0.014884110179733566,1800000,18000000,16018200000,525.85
809,0.8040247589473264,0.29688957180816683,0.0032366402778117548,0.01483457907683474,1800000,18000000,16038000000,526.5
810,0.8031892067691967,0.2957746492213884,0.003635098073301707,0.014785212802744946,1800000,18000000,16057800000,527.15
811,0.8032235921717512,0.2954632635033505,0.0034623763085711713,0.014736010808949521,1800000,18000000,16077600000,527.8000000000001
812,0.8049473230285878,0.2959847904392458,0.002374433490221677,0.014686972548759124,1800000,18000000,16097400000,528.45
813,0.8059495746554,0.2973125781222807,0.001640867124423884,0.014638097477303708,1800000,18000000,16117200000,529.1
814,0.8047222812964061,0.29908413403536743,0.0022795349025142124,0.014589385051526413,1800000,18000000,16137000000,529.75
815,0.8036182240088534,0.2915192442247691,0.002523146549676334,0.014540834730177563,1800000,18000000,16156800000,530.4
816,0.8026612558376705,0.2931038459912137,0.00045318988008539616,0.014492445973808648,1800000,18000000,16176600000,531.0500000000001
817,0.8043990849908069,0.29566799264671567,0.0017121966032267073,0.014444218244766325,1800000,18000000,16196400000,531.7
818,0.8065426910757331,0.2970991398478243,0.002851365968424921,0.01439615100718643,1800000,18000000,16216200000,532.35
819,0.8047132543434347,0.29180888153098405,0.0028673090564359594,0.014348243726988055,1800000,18000000,16236000000,533.0
820,0.8043130918706428,0.2949838106266736,0.0035937422980126654,0.014300495871867599,1800000,18000000,16255800000,533.65
821,0.8039343358559299,0.2951793935999379,0.002147236532587048,0.01425290691129284,1800000,18000000,16275600000,534.3000000000001
822,0.8039347899356399,0.30075918525316875,0.0015680981443092084,0.014205476316497063,1800000,18000000,16295400000,534.95
823,0.8067014363331646,0.2951638558786299,0.0014842538502369907,0.014158203560473181,1800000,18000000,16315200000,535.6
824,0.8034247301473696,0.2951945469561999,0.0018468518847994993,0.014111088117967848,1800000,18000000,16335000000,536.25
825,0.807118687051643,0.2941112182512913,0.0022678766831346077,0.014064129465475665,1800000,18000000,16354800000,536.9
826,0.8050360609040863,0.2956040284571004,0.0031394072500982233,0.01401732708123335,1800000,18000000,16374600000,537.5500000000001
827,0.8053139359278542,0.29986506546077407,0.0004015581557359122,0.013970680445213924,1800000,18000000,16394400000,538.2
828,0.8051310340638528,0.29480978798562096,0.0033316270434940233,0.013924189039120962,1800000,18000000,16414200000,538.85
829,0.803422736811329,0.2961069112744659,0.0023141381457740346,0.01387785234638279,1800000,18000000,16434000000,539.5
830,0.8041196136787456,0.2959984461640098,0.003726798448825043,0.013831669852146802,1800000,18000000,16453800000,540.15
831,0.8065397649286314,0.2899967523616751,0.001415778684979595,0.013785641043273693,1800000,18000000,16473600000,540.8000000000001
832,0.80597792595091,0.2960804160662541,0.0008684629991263534,0.01373976540833178,1800000,18000000,16493400000,541.45
833,0.8016710045704385,0.29936418211606225,0.0030702498809439356,0.013694042437591319,1800000,18000000,16513200000,542.1
834,0.8040460165571336,0.2963542253078092,0.002388296157309262,0.01364847162301883,1800000,18000000,16533000000,542.75
835,0.8048833536800588,0.2948535595033893,0.0027367707365705688,0.013603052458271453,1800000,18000000,16552800000,543.4
836,0.8033601130327315,0.2933997792497483,0.000853512564288288,0.013557784438691338,1800000,18000000,16572600000,544.0500000000001
837,0.8032547205048811,0.29594849171531334,0.0027977883861913036,0.013512667061300028,1800000,18000000,16592400000,544.7
838,0.8058356167363039,0.28913762965278106,0.00175075724587283,0.013467699824792862,1800000,18000000,16612200000,545.35
839,0.8024205384126365,0.2932046349384602,0.00183544427546626,0.013422882229533415,1800000,18000000,16632000000,546.0
840,0.8032667390150258,0.2978855965784668,0.0011809338937025403,0.013378213777547955,1800000,18000000,16651800000,546.65
841,0.8030474311664119,0.29860497773212175,0.0034273280482028847,0.013333693972519876,1800000,18000000,16671600000,547.3000000000001
842,0.8041944722677755,0.29976314356827716,0.0014590758740663555,0.013289322319784223,1800000,18000000,16691400000,547.95
843,0.8048205986393829,0.30199039150686213,0.002840808689309304,0.01324509832632218,1800000,18000000,16711200000,548.6
844,0.8036774296270178,0.2977991413920069,0.0016517790295441325,0.013201021500755583,1800000,18000000,16731000000,549.25
845,0.8057837916303264,0.29932821640959534,0.0014819448860143294,0.013157091353341475,1800000,18000000,16750800000,549.9
846,0.8081511192478317,0.29279464434445435,0.003260161202366078,0.013113307395966662,1800000,18000000,16770600000,550.5500000000001
847,0.7977494207453618,0.2994622967442829,0.0026475306802503933,0.01306966914214226,1800000,18000000,16790400000,551.2
848,0.8051812505161767,0.29732309196988105,0.0017804947130862108,0.013026176106998346,1800000,18000000,16810200000,551.85
849,0.8054583226649756,0.29525889475568684,0.0029023282983669223,0.012982827807278526,1800000,18000000,16830000000,552.5
850,0.8045542668370722,0.29508451114102136,0.0023789778941205445,0.012939623761334574,1800000,18000000,16849800000,553.15
851,0.8054838154314621,0.29493881621584583,0.004737621562965321,0.012896563489121101,1800000,18000000,16869600000,553.8000000000001
852,0.8060532166034581,0.28837145946243836,0.0019840614366218104,0.012853646512190182,1800000,18000000,16889400000,554.45
853,0.8071378967801847,0.29414135223391524,0.004265293183919631,0.012810872353686081,1800000,18000000,16909200000,555.1
854,0.805208127076584,0.2958132931289007,0.0029515590438081085,0.012768240538339934,1800000,18000000,16929000000,555.75
855,0.8037910351196692,0.29996502003676573,0.0030804585622378985,0.01272575059246446,1800000,18000000,16948800000,556.4
856,0.8044089731643081,0.29718330994874953,0.0014909206019270334,0.012683402043948716,1800000,18000000,16968600000,557.0500000000001
857,0.80477237709153,0.29508504116085066,0.001774018441132243,0.012641194422252843,1800000,18000000,16988400000,557.7
858,0.8032274138706954,0.29796280656059293,0.0010380960358616954,0.012599127258402818,1800000,18000000,17008200000,558.35
859,0.8056779407860105,0.2999305104126346,0.0010432944238593386,0.012557200084985287,1800000,18000000,17028000000,559.0
860,0.8034560795683796,0.29355774810999974,0.0025353028735892996,0.012515412436142334,1800000,18000000,17047800000,559.65
861,0.8040032220960099,0.3019899897801995,0.0033948605861936062,0.012473763847566318,1800000,18000000,17067600000,560.3000000000001
862,0.8038407258485138,0.2930241945895517,0.0021186246627310267,0.01243225385649472,1800000,18000000,17087400000,560.95
863,0.8049799153615942,0.29588026228220804,0.0023074581468851096,0.012390882001704991,1800000,18000000,17107200000,561.6
864,0.8057722431325767,0.2966337009332357,0.0038732205192787993,0.01234964782350942,1800000,18000000,17127000000,562.25
865,0.8052582904948875,0.2932143295055492,0.0024210231675046564,0.012308550863750054,1800000,18000000,17146800000,562.9
866,0.8048539949524829,0.2961116698393223,0.0006142213586399358,0.012267590665793582,1800000,18000000,17166600000,563.5500000000001
867,0.8042854625393371,0.3009167056183136,0.0028668135682057604,0.012226766774526273,1800000,18000000,17186400000,564.2
868,0.8053641019071226,0.2882398287172818,0.002161105034590116,0.012186078736348917,1800000,18000000,17206200000,564.85
869,0.8052906135396151,0.2936851826127652,0.0012602326945039739,0.012145526099171784,1800000,18000000,17226000000,565.5
870,0.8038674501825787,0.2930614216989508,0.0009767641141641308,0.01210510841240959,1800000,18000000,17245800000,566.15
871,0.8032534557549577,0.29658591818131674,0.002892225961946303,0.01206482522697652,1800000,18000000,17265600000,566.8000000000001
872,0.8018202024354526,0.2955620922583199,0.0023896375397216446,0.012024676095281203,1800000,18000000,17285400000,567.45
873,0.8031624539904202,0.29549714085464474,0.002798400343431605,0.011984660571221769,1800000,18000000,17305200000,568.1
874,0.8044942662088275,0.2894142744394086,0.0027093087773752515,0.011944778210180869,1800000,18000000,17325000000,568.75
875,0.8033222381310678,0.2998926326024236,0.0024946828978444835,0.011905028569020754,1800000,18000000,17344800000,569.4
876,0.8018827052594307,0.3001729035045997,0.0011459100287384678,0.011865411206078324,1800000,18000000,17364600000,570.0500000000001
877,0.80392243398297,0.29955895945140715,0.00030647421925553034,0.011825925681160258,1800000,18000000,17384400000,570.7
878,0.8060631628954181,0.29447548890439623,0.0019567921306644356,0.01178657155553809,1800000,18000000,17404200000,571.35
879,0.802510498899292,0.29869404213835443,0.0013711722569230544,0.01174734839194336,1800000,18000000,17424000000,572.0
880,0.8054181872278591,0.2978588739449774,0.0027173913947514325,0.011708255754562732,1800000,18000000,17443800000,572.65
881,0.8042917806023403,0.2934760713210061,0.003781529644170757,0.011669293209033163,1800000,18000000,17463600000,573.3000000000001
882,0.8037188150347222,0.29377304783679725,0.0026840977538080167,0.011630460322437081,1800000,18000000,17483400000,573.95
883,0.8055159581008953,0.2877818253814898,0.0007014403699823063,0.01159175666329757,1800000,18000000,17503200000,574.6
884,0.8057254191772354,0.3023815989873364,0.0030561633387324208,0.011553181801573576,1800000,18000000,17523000000,575.25
885,0.8023934144530297,0.3061982963876339,0.00286449958639366,0.011514735308655124,1800000,18000000,17542800000,575.9
886,0.8052023250830066,0.29872600867368615,0.00274480991771556,0.011476416757358571,1800000,18000000,17562600000,576.5500000000001
887,0.8025485138326992,0.2961514098953783,0.0035571611267058373,0.011438225721921835,1800000,18000000,17582400000,577.2
888,0.805798725694082,0.2935323910214304,0.0005652472083143229,0.011400161777999683,1800000,18000000,17602200000,577.85
889,0.8035955607559043,0.29316558794192044,0.00260775874563345,0.01136222450265902,1800000,18000000,17622000000,578.5
890,0.8039170551664396,0.29995262440857123,0.0014372506766476916,0.011324413474374167,1800000,18000000,17641800000,579.15
891,0.8055758943444333,0.3001926970057566,0.0026678765074497845,0.011286728273022203,1800000,18000000,17661600000,579.8000000000001
892,0.803504914107935,0.2956090162580923,0.002559584816382016,0.011249168479878289,1800000,18000000,17681400000,580.45
893,0.8056158472811065,0.29883450998841077,0.0003430567707071127,0.011211733677610984,1800000,18000000,17701200000,581.1
894,0.8074379633559018,0.28869045746656896,0.001838934443927539,0.01117442345027767,1800000,18000000,17721000000,581.75
895,0.8063972494860979,0.2969700549223322,0.0016369617780515712,0.011137237383319877,1800000,18000000,17740800000,582.4
896,0.8029304790416576,0.3045167119360704,0.0015755444894928064,0.011100175063558702,1800000,18000000,17760600000,583.0500000000001
897,0.805254201263432,0.2961355739226801,0.0032780459082990205,0.01106323607919021,1800000,18000000,17780400000,583.7
898,0.8048664117009577,0.29803202612683855,0.0010714802932255368,0.011026420019780866,1800000,18000000,17800200000,584.35
899,0.8060229926023035,0.28882862245068164,0.0019658589170195423,0.010989726476262956,1800000,18000000,17820000000,585.0
900,0.8048742714512542,0.294776548094596,0.00040762606232408287,0.010953155040930068,1800000,18000000,17839800000,585.65
901,0.803975565450009,0.2992773932709729,0.0008870043737869147,0.010916705307432543,1800000,18000000,17859600000,586.3000000000001
902,0.8029642540544573,0.2987962548814066,0.0017392154759307522,0.010880376870772968,1800000,18000000,17879400000,586.95
903,0.8066978086950332,0.2894016934745637,0.0015783578248429484,0.010844169327301678,1800000,18000000,17899200000,587.6
904,0.8029509310045576,0.29454667786755556,0.0021719679400171226,0.010808082274712251,1800000,18000000,17919000000,588.25
905,0.8022891254898717,0.2969457109476286,0.0022028628921430073,0.010772115312037072,1800000,18000000,17938800000,588.9
906,0.8044218138708313,0.2988868575104358,0.002604774328912488,0.010736268039642852,1800000,18000000,17958600000,589.5500000000001
907,0.8025092017476402,0.2985861555315633,0.0029172655009054127,0.010700540059226191,1800000,18000000,17978400000,590.2
908,0.8046341148534676,0.2968828661726859,0.001934211928964474,0.010664930973809168,1800000,18000000,17998200000,590.85
909,0.803165046761278,0.29954141177833254,0.0009250910779421907,0.010629440387734914,1800000,18000000,18018000000,591.5
910,0.8040462148528815,0.2944746570158985,0.0006242635053220231,0.010594067906663207,1800000,18000000,18037800000,592.15
911,0.8055800969891005,0.29966145305631575,0.0022585388596586846,0.010558813137566122,1800000,18000000,18057600000,592.8000000000001
912,0.805139130628249,0.2959773307102274,0.0008155248294971157,0.01052367568872364,1800000,18000000,18077400000,593.45
913,0.8036273785353945,0.2970360282280077,0.0008648178109427969,0.010488655169719302,1800000,18000000,18097200000,594.1
914,0.804567835473363,0.29611062615320066,0.0017236034500799626,0.010453751191435868,1800000,18000000,18117000000,594.75
915,0.8074348720836707,0.29577423299045674,0.0020755807731331548,0.010418963366051004,1800000,18000000,18136800000,595.4
916,0.8037193771779714,0.29609193570607106,0.0014409446093115112,0.01038429130703295,1800000,18000000,18156600000,596.0500000000001
917,0.8028613282847303,0.2955889861922534,0.004558077763397085,0.010349734629136251,1800000,18000000,18176400000,596.7
918,0.8064252201900912,0.2908996482223103,0.0016662370709341185,0.010315292948397467,1800000,18000000,18196200000,597.35
919,0.8080434105938387,0.2850125165860655,0.0036788965547554955,0.0102809658821309,1800000,18000000,18216000000,598.0
920,0.8021487534581391,0.2980419845051878,0.0025981392425115006,0.010246753048924351,1800000,18000000,18235800000,598.65
921,0.8025028771169496,0.3037772410809068,0.001211773871370417,0.010212654068634879,1800000,18000000,18255600000,599.3000000000001
922,0.8044645597385269,0.29507819665715546,0.003383996001005058,0.010178668562384568,1800000,18000000,18275400000,599.95
923,0.8045579954786422,0.2978136397442837,0.0011748005681080686,0.010144796152556337,1800000,18000000,18295200000,600.6
924,0.8043128328864957,0.29808966959694927,0.0023741203873173123,0.010111036462789725,1800000,18000000,18315000000,601.25
925,0.8052146270794411,0.2934979301920807,0.0002728274006093482,0.010077389117976725,1800000,18000000,18334800000,601.9
926,0.803371700082661,0.3041499296230077,0.00013092278933901505,0.010043853744257604,1800000,18000000,18354600000,602.5500000000001
927,0.8064387448695819,0.289637035367381,0.0008953676513142383,0.010010429969016745,1800000,18000000,18374400000,603.2
928,0.8020993449869877,0.29655474041729685,0.0012739055005733314,0.009977117420878534,1800000,18000000,18394200000,603.85
929,0.8043542365345492,0.29600553934863744,0.0006492624965731485,0.009943915729703197,1800000,18000000,18414000000,604.5
930,0.8049775149378345,0.2910512568681846,0.001155116328953796,0.009910824526582717,1800000,18000000,18433800000,605.15
931,0.8041903303771797,0.29623737733262756,0.002449718537265065,0.009877843443836716,1800000,18000000,18453600000,605.8000000000001
932,0.8016756903185501,0.2963342919789949,0.0020647215669759994,0.009844972115008389,1800000,18000000,18473400000,606.45
933,0.8003842298478984,0.2991554538072284,0.002201045934005778,0.009812210174860397,1800000,18000000,18493200000,607.1
934,0.8022400243214155,0.30332687467973246,0.0013477755427781049,0.009779557259370852,1800000,18000000,18513000000,607.75
935,0.8050313422279476,0.2887039762210629,0.00458992817238061,0.00974701300572925,1800000,18000000,18532800000,608.4
936,0.8019658544023114,0.30138993215370613,0.0010849922748977728,0.009714577052332429,1800000,18000000,18552600000,609.0500000000001
937,0.8030450535320226,0.29661752583718104,0.002291954855161019,0.00968224903878058,1800000,18000000,18572400000,609.7
938,0.8040839824509037,0.2975913058526846,0.0003682831245422648,0.009650028605873223,1800000,18000000,18592200000,610.35
939,0.803136083357182,0.3022995759676405,0.0005487492280562263,0.009617915395605208,1800000,18000000,18612000000,611.0
940,0.8036983841892669,0.29786586069492094,0.0007491304334514975,0.009585909051162758,1800000,18000000,18631800000,611.65
941,0.8032624959721953,0.29762909562795314,0.0019892302198083788,0.009554009216919498,1800000,18000000,18651600000,612.3000000000001
942,0.8041043585941122,0.2973457374760289,0.0034299412112450533,0.009522215538432497,1800000,18000000,18671400000,612.95
943,0.8021411581509514,0.29295541951424586,0.002033213238935238,0.009490527662438332,1800000,18000000,18691200000,613.6
944,0.8061319138933956,0.29453819291662586,0.001764489252789477,0.00945894523684917,1800000,18000000,18711000000,614.25
945,0.8042236752683836,0.2973293531588064,0.0018748184876902553,0.009427467910748841,1800000,18000000,18730800000,614.9
946,0.8029313502928722,0.29782147989041474,0.0018999930697461422,0.009396095334388952,1800000,18000000,18750600000,615.5500000000001
947,0.8056511425867187,0.2987510933234141,0.0009398844204287857,0.009364827159185005,1800000,18000000,18770400000,616.2
948,0.801338898549605,0.2973440487504438,0.0025005449991201646,0.009333663037712504,1800000,18000000,18790200000,616.85
949,0.8043483195684117,0.2949167548130546,0.0005309738458838381,0.009302602623703115,1800000,18000000,18810000000,617.5
950,0.8052057803697977,0.30167612707213537,0.0017985677178430374,0.009271645572040809,1800000,18000000,18829800000,618.15
951,0.8051423152986625,0.2979419363710493,0.0019424856992460364,0.00924079153875802,1800000,18000000,18849600000,618.8000000000001
952,0.8070666433091888,0.2971005769177936,0.002860005330224415,0.009210040181031845,1800000,18000000,18869400000,619.45
953,0.8024783922986274,0.2937118264608721,0.0,0.009179391157180212,1800000,18000000,18889200000,620.1
954,0.8028785346121288,0.2942693230458364,0.0019904010075126087,0.009148844126658095,1800000,18000000,18909000000,620.75
955,0.8056033644449259,0.2922512741280957,0.0010518778755525455,0.009118398750053738,1800000,18000000,18928800000,621.4
956,0.8057054208323566,0.29220356463784003,0.0017457755692361632,0.009088054689084853,1800000,18000000,18948600000,622.0500000000001
957,0.8065243021890817,0.2977521467585709,0.0001292057503148791,0.009057811606594903,1800000,18000000,18968400000,622.7
958,0.8021087908342536,0.2980046758538611,0.0011097410472149887,0.009027669166549323,1800000,18000000,18988200000,623.35
959,0.8059337997188778,0.2957806839587933,0.0018322744646979616,0.008997627034031805,1800000,18000000,19008000000,624.0
960,0.8029083193364851,0.2930277740711684,0.0021080855963000614,0.008967684875240566,1800000,18000000,19027800000,624.65
961,0.8046864277387485,0.3016428443557872,0.0005834771521424426,0.00893784235748465,1800000,18000000,19047600000,625.3000000000001
962,0.8061059732559855,0.2943537921469446,0.0021342135908089775,0.008908099149180209,1800000,18000000,19067400000,625.95
963,0.8045333164150559,0.290986590469688,0.0027621567620378703,0.008878454919846852,1800000,18000000,19087200000,626.6
964,0.8027375475852603,0.29723748640015385,0.0,0.008848909340103947,1800000,18000000,19107000000,627.25
965,0.8032936819972791,0.30003904884715027,0.003109363768278816,0.00881946208166697,1800000,18000000,19126800000,627.9
966,0.8063975421259296,0.29591058350955896,0.002554364671300424,0.008790112817343857,1800000,18000000,19146600000,628.5500000000001
967,0.8037658266242202,0.296775211527051,0.0003534429189867398,0.008760861221031375,1800000,18000000,19166400000,629.2
968,0.8076539852328738,0.28942804177597387,0.001041904927345618,0.008731706967711477,1800000,18000000,19186200000,629.85
969,0.804072658997755,0.2936715783964439,0.0010225079867387772,0.008702649733447719,1800000,18000000,19206000000,630.5
970,0.8065131142217659,0.29420338886768904,0.0,0.008673689195381645,1800000,18000000,19225800000,631.15
971,0.8048369655947288,0.29339265127413433,0.0016245851617444098,0.0086448250317292,1800000,18000000,19245600000,631.8000000000001
972,0.8050273955687798,0.2925086359176791,0.002368768447600387,0.008616056921777155,1800000,18000000,19265400000,632.45
973,0.8029479785763259,0.2960388368143323,0.002741624388317633,0.008587384545879555,1800000,18000000,19285200000,633.1
974,0.8041267940005106,0.2985884649161376,0.0019202152643158007,0.00855880758545414,1800000,18000000,19305000000,633.75
975,0.8058358509619497,0.2928017649826108,0.0016013361983071197,0.008530325722978842,1800000,18000000,19324800000,634.4
976,0.8052692604080854,0.2921290814987969,0.00021051675290043167,0.008501938641988227,1800000,18000000,19344600000,635.0500000000001
977,0.8044069565068291,0.2944407783070324,0.0012862183051984876,0.00847364602706999,1800000,18000000,19364400000,635.7
978,0.8037154659277297,0.29716518158287214,0.001989887656147125,0.008445447563861456,1800000,18000000,19384200000,636.35
979,0.8062016278541655,0.2919748786299173,0.003024865696298935,0.008417342939046071,1800000,18000000,19404000000,637.0
980,0.8062798472100912,0.2940549779909481,0.0011547755189063001,0.008389331840349944,1800000,18000000,19423800000,637.65
981,0.8065343961644361,0.288468474843115,0.0002121991031961755,0.008361413956538348,1800000,18000000,19443600000,638.3000000000001
982,0.8026872746664963,0.2958260972154881,0.0025019512132139774,0.008333588977412296,1800000,18000000,19463400000,638.95
983,0.8031446117373785,0.2955655623165534,6.605584363698186e-05,0.008305856593805061,1800000,18000000,19483200000,639.6
984,0.8043425003461,0.2962336402369502,0.0025108358373723025,0.008278216497578768,1800000,18000000,19503000000,640.25
985,0.8055614142227352,0.29577792282247356,0.0018285898456084635,0.008250668381620944,1800000,18000000,19522800000,640.9
986,0.8041115004427455,0.29759386104033875,0.002085545434823085,0.008223211939841133,1800000,18000000,19542600000,641.5500000000001
987,0.8045483345141509,0.29997339396668343,0.002758389892876057,0.008195846867167478,1800000,18000000,19562400000,642.2
988,0.8031893654357873,0.2994484409342409,0.0002618522601717558,0.008168572859543331,1800000,18000000,19582200000,642.85
989,0.8054635855065961,0.29112165038685667,0.0012637483912804179,0.008141389613923886,1800000,18000000,19602000000,643.5
990,0.8006243636253102,0.30203687968704906,0.0003892087900729046,0.008114296828272803,1800000,18000000,19621800000,644.15
991,0.8034817273043676,0.29453957336107706,0.0,0.008087294201558844,1800000,18000000,19641600000,644.8000000000001
992,0.804437839052775,0.2900662537795496,0.0024497537176287804,0.00806038143375255,1800000,18000000,19661400000,645.45
993,0.803585364166664,0.2962386268423802,0.0010326652886940028,0.008033558225822888,1800000,18000000,19681200000,646.1
994,0.8054978443529279,0.29185425254715136,0.0013318511030243313,0.008006824279733942,1800000,18000000,19701000000,646.75
995,0.8071774224693576,0.28800499613869046,0.0009582363299222842,0.00798017929844159,1800000,18000000,19720800000,647.4
996,0.8066132179776693,0.2889855003370499,0.0,0.007953622985890214,1800000,18000000,19740600000,648.0500000000001
997,0.8016389407101469,0.30207053969845377,0.0,0.007927155047009393,1800000,18000000,19760400000,648.7
998,0.8034033801176962,0.3016782992095121,0.0,0.007900775187710651,1800000,18000000,19780200000,649.35
999,0.8033257440412035,0.2933167521459031,0.0009589504115990341,0.007874483114884165,1800000,18000000,19800000000,650.0
